phase,phase_iteration,global_iteration,algorithm,root,nproc,message_size_bytes,time_sum_sec,avg_latency_sec,min_time_sec,max_time_sec,correct
warmup,0,0,nb,0,256,2,0.430258693,0.001680698,0.000568218,0.002810164,1
warmup,1,1,nb,0,256,2,0.025001272,0.000097661,0.000006663,0.000147486,1
warmup,2,2,nb,0,256,2,0.027181031,0.000106176,0.000012053,0.000161043,1
warmup,3,3,nb,0,256,2,0.030214155,0.000118024,0.000011952,0.000211916,1
warmup,4,4,nb,0,256,2,0.029058261,0.000113509,0.000007364,0.000185509,1
warmup,5,5,nb,0,256,2,0.026351454,0.000102935,0.000005921,0.000190035,1
warmup,6,6,nb,0,256,2,0.022459784,0.000087734,0.000007354,0.000146445,1
warmup,7,7,nb,0,256,2,0.027704765,0.000108222,0.000007675,0.000184815,1
warmup,8,8,nb,0,256,2,0.024636319,0.000096236,0.000007393,0.000145343,1
warmup,9,9,nb,0,256,2,0.021926614,0.000085651,0.000004328,0.000160290,1
warmup,10,10,nb,0,256,2,0.026706313,0.000104322,0.000007484,0.000238656,1
warmup,11,11,nb,0,256,2,0.019218001,0.000075070,0.000006873,0.000124053,1
warmup,12,12,nb,0,256,2,0.027860717,0.000108831,0.000011962,0.000192990,1
warmup,13,13,nb,0,256,2,0.019637586,0.000076709,0.000003025,0.000154799,1
warmup,14,14,nb,0,256,2,0.022922207,0.000089540,0.000005691,0.000172833,1
warmup,15,15,nb,0,256,2,0.022984626,0.000089784,0.000005801,0.000149890,1
warmup,16,16,nb,0,256,2,0.025729347,0.000100505,0.000008676,0.000156814,1
warmup,17,17,nb,0,256,2,0.025565502,0.000099865,0.000005460,0.000179125,1
warmup,18,18,nb,0,256,2,0.023246952,0.000090808,0.000003616,0.000173735,1
warmup,19,19,nb,0,256,2,0.021787229,0.000085106,0.000005310,0.000151393,1
warmup,20,20,nb,0,256,2,0.024089078,0.000094098,0.000007193,0.000150792,1
warmup,21,21,nb,0,256,2,0.024009160,0.000093786,0.000007424,0.000162214,1
warmup,22,22,nb,0,256,2,0.025854596,0.000100995,0.000006953,0.000158446,1
warmup,23,23,nb,0,256,2,0.023317474,0.000091084,0.000005451,0.000158957,1
warmup,24,24,nb,0,256,2,0.024585046,0.000096035,0.000005530,0.000166982,1
warmup,25,25,nb,0,256,2,0.025457366,0.000099443,0.000003606,0.000178393,1
warmup,26,26,nb,0,256,2,0.025560459,0.000099846,0.000005350,0.000181520,1
warmup,27,27,nb,0,256,2,0.020184399,0.000078845,0.000002775,0.000144941,1
warmup,28,28,nb,0,256,2,0.022450736,0.000087698,0.000005591,0.000129432,1
warmup,29,29,nb,0,256,2,0.022463974,0.000087750,0.000005610,0.000142457,1
warmup,30,30,nb,0,256,2,0.025342926,0.000098996,0.000005370,0.000158439,1
warmup,31,31,nb,0,256,2,0.025301674,0.000098835,0.000007454,0.000184295,1
warmup,32,32,nb,0,256,2,0.021111128,0.000082465,0.000007054,0.000142837,1
warmup,33,33,nb,0,256,2,0.023361770,0.000091257,0.000006833,0.000146555,1
warmup,34,34,nb,0,256,2,0.027811505,0.000108639,0.000005039,0.000180868,1
warmup,35,35,nb,0,256,2,0.023281300,0.000090943,0.000003677,0.000153788,1
warmup,36,36,nb,0,256,2,0.025422630,0.000099307,0.000005420,0.000160482,1
warmup,37,37,nb,0,256,2,0.021930212,0.000085665,0.000005440,0.000165098,1
warmup,38,38,nb,0,256,2,0.024399438,0.000095310,0.000005119,0.000172352,1
warmup,39,39,nb,0,256,2,0.025122817,0.000098136,0.000003506,0.000184374,1
warmup,40,40,nb,0,256,2,0.024311727,0.000094968,0.000009548,0.000154782,1
warmup,41,41,nb,0,256,2,0.021850362,0.000085353,0.000003567,0.000152254,1
warmup,42,42,nb,0,256,2,0.023008828,0.000089878,0.000005640,0.000148377,1
warmup,43,43,nb,0,256,2,0.023356150,0.000091235,0.000005420,0.000172512,1
warmup,44,44,nb,0,256,2,0.025857726,0.000101007,0.000004899,0.000174987,1
warmup,45,45,nb,0,256,2,0.021353722,0.000083413,0.000003556,0.000163476,1
warmup,46,46,nb,0,256,2,0.025624444,0.000100095,0.000005290,0.000158739,1
warmup,47,47,nb,0,256,2,0.022873612,0.000089350,0.000005130,0.000147037,1
warmup,48,48,nb,0,256,2,0.025335717,0.000098968,0.000007213,0.000157727,1
warmup,49,49,nb,0,256,2,0.023443854,0.000091578,0.000004378,0.000181169,1
warmup,50,50,nb,0,256,2,0.026309481,0.000102771,0.000007083,0.000165080,1
warmup,51,51,nb,0,256,2,0.024769328,0.000096755,0.000005040,0.000176781,1
warmup,52,52,nb,0,256,2,0.021621866,0.000084460,0.000006913,0.000148628,1
warmup,53,53,nb,0,256,2,0.021463637,0.000083842,0.000004459,0.000158617,1
warmup,54,54,nb,0,256,2,0.023607959,0.000092219,0.000007404,0.000153186,1
warmup,55,55,nb,0,256,2,0.022358662,0.000087339,0.000003727,0.000150773,1
warmup,56,56,nb,0,256,2,0.025367705,0.000099093,0.000005490,0.000153408,1
warmup,57,57,nb,0,256,2,0.024663456,0.000096342,0.000005060,0.000153729,1
warmup,58,58,nb,0,256,2,0.025616070,0.000100063,0.000005430,0.000173986,1
warmup,59,59,nb,0,256,2,0.023181752,0.000090554,0.000003867,0.000158617,1
warmup,60,60,nb,0,256,2,0.025618537,0.000100072,0.000005189,0.000177622,1
warmup,61,61,nb,0,256,2,0.019909077,0.000077770,0.000003597,0.000150692,1
warmup,62,62,nb,0,256,2,0.025003546,0.000097670,0.000005250,0.000182140,1
warmup,63,63,nb,0,256,2,0.021561365,0.000084224,0.000004989,0.000142657,1
warmup,64,64,nb,0,256,2,0.024448805,0.000095503,0.000007013,0.000165930,1
warmup,65,65,nb,0,256,2,0.023216506,0.000090689,0.000004979,0.000173204,1
warmup,66,66,nb,0,256,2,0.025116493,0.000098111,0.000005380,0.000151894,1
warmup,67,67,nb,0,256,2,0.022713527,0.000088725,0.000003928,0.000161863,1
warmup,68,68,nb,0,256,2,0.028056234,0.000109595,0.000010469,0.000181840,1
warmup,69,69,nb,0,256,2,0.023888422,0.000093314,0.000003737,0.000155931,1
warmup,70,70,nb,0,256,2,0.026055026,0.000101777,0.000005360,0.000171731,1
warmup,71,71,nb,0,256,2,0.023429477,0.000091521,0.000004138,0.000211796,1
warmup,72,72,nb,0,256,2,0.025814689,0.000100839,0.000005420,0.000180217,1
warmup,73,73,nb,0,256,2,0.023205876,0.000090648,0.000005310,0.000158176,1
warmup,74,74,nb,0,256,2,0.023079184,0.000090153,0.000003958,0.000152024,1
warmup,75,75,nb,0,256,2,0.021463815,0.000083843,0.000005230,0.000144711,1
warmup,76,76,nb,0,256,2,0.023764570,0.000092830,0.000007434,0.000165670,1
warmup,77,77,nb,0,256,2,0.019138154,0.000074758,0.000003537,0.000129713,1
warmup,78,78,nb,0,256,2,0.026316518,0.000102799,0.000005190,0.000179506,1
warmup,79,79,nb,0,256,2,0.025153303,0.000098255,0.000003977,0.000179476,1
warmup,80,80,nb,0,256,2,0.025764553,0.000100643,0.000005480,0.000198571,1
warmup,81,81,nb,0,256,2,0.022928124,0.000089563,0.000003767,0.000172212,1
warmup,82,82,nb,0,256,2,0.022999577,0.000089842,0.000006903,0.000150150,1
warmup,83,83,nb,0,256,2,0.024312438,0.000094970,0.000007143,0.000174616,1
warmup,84,84,nb,0,256,2,0.023822609,0.000093057,0.000005039,0.000172452,1
warmup,85,85,nb,0,256,2,0.022472118,0.000087782,0.000007534,0.000153908,1
warmup,86,86,nb,0,256,2,0.025668801,0.000100269,0.000006913,0.000180107,1
warmup,87,87,nb,0,256,2,0.021795192,0.000085137,0.000007594,0.000155281,1
warmup,88,88,nb,0,256,2,0.024730406,0.000096603,0.000008676,0.000179406,1
warmup,89,89,nb,0,256,2,0.022677047,0.000088582,0.000005079,0.000175879,1
warmup,90,90,nb,0,256,2,0.024802990,0.000096887,0.000011381,0.000175398,1
warmup,91,91,nb,0,256,2,0.020154542,0.000078729,0.000005100,0.000148157,1
warmup,92,92,nb,0,256,2,0.023393073,0.000091379,0.000007013,0.000146584,1
warmup,93,93,nb,0,256,2,0.022578898,0.000088199,0.000005129,0.000142549,1
warmup,94,94,nb,0,256,2,0.026080986,0.000101879,0.000005450,0.000160161,1
warmup,95,95,nb,0,256,2,0.024188095,0.000094485,0.000005230,0.000173294,1
warmup,96,96,nb,0,256,2,0.023583565,0.000092123,0.000005931,0.000155651,1
warmup,97,97,nb,0,256,2,0.022415808,0.000087562,0.000003828,0.000145311,1
warmup,98,98,nb,0,256,2,0.027608084,0.000107844,0.000005530,0.000200876,1
warmup,99,99,nb,0,256,2,0.024389139,0.000095270,0.000003456,0.000160540,1
actual,0,100,nb,0,256,2,0.023955025,0.000093574,0.000006903,0.000171040,1
actual,1,101,nb,0,256,2,0.020619376,0.000080544,0.000003447,0.000136415,1
actual,2,102,nb,0,256,2,0.024633384,0.000096224,0.000006873,0.000156984,1
actual,3,103,nb,0,256,2,0.023335728,0.000091155,0.000003887,0.000152475,1
actual,4,104,nb,0,256,2,0.022474369,0.000087791,0.000005190,0.000161142,1
actual,5,105,nb,0,256,2,0.021047108,0.000082215,0.000003657,0.000149149,1
actual,6,106,nb,0,256,2,0.027727855,0.000108312,0.000005270,0.000184054,1
actual,7,107,nb,0,256,2,0.022311117,0.000087153,0.000004168,0.000162463,1
actual,8,108,nb,0,256,2,0.023582225,0.000092118,0.000005109,0.000158436,1
actual,9,109,nb,0,256,2,0.022090201,0.000086290,0.000003607,0.000149128,1
actual,10,110,nb,0,256,2,0.023709791,0.000092616,0.000008937,0.000156894,1
actual,11,111,nb,0,256,2,0.021152070,0.000082625,0.000003386,0.000138449,1
actual,12,112,nb,0,256,2,0.026227929,0.000102453,0.000005320,0.000178523,1
actual,13,113,nb,0,256,2,0.023352309,0.000091220,0.000004017,0.000169507,1
actual,14,114,nb,0,256,2,0.026380522,0.000103049,0.000006862,0.000182462,1
actual,15,115,nb,0,256,2,0.023183803,0.000090562,0.000007805,0.000157725,1
actual,16,116,nb,0,256,2,0.025938540,0.000101322,0.000006933,0.000178374,1
actual,17,117,nb,0,256,2,0.023685477,0.000092521,0.000005510,0.000166903,1
actual,18,118,nb,0,256,2,0.025699494,0.000100389,0.000004037,0.000166924,1
actual,19,119,nb,0,256,2,0.019890977,0.000077699,0.000003557,0.000127539,1
actual,20,120,nb,0,256,2,0.024832603,0.000097002,0.000004057,0.000151193,1
actual,21,121,nb,0,256,2,0.023559202,0.000092028,0.000005491,0.000166582,1
actual,22,122,nb,0,256,2,0.025701794,0.000100398,0.000006973,0.000180067,1
actual,23,123,nb,0,256,2,0.022589023,0.000088238,0.000003997,0.000146235,1
actual,24,124,nb,0,256,2,0.025901936,0.000101179,0.000004268,0.000180478,1
actual,25,125,nb,0,256,2,0.023540308,0.000091954,0.000005200,0.000182963,1
actual,26,126,nb,0,256,2,0.025942896,0.000101339,0.000004869,0.000182992,1
actual,27,127,nb,0,256,2,0.022574869,0.000088183,0.000005190,0.000158226,1
actual,28,128,nb,0,256,2,0.025957225,0.000101395,0.000006973,0.000171440,1
actual,29,129,nb,0,256,2,0.022213165,0.000086770,0.000005179,0.000148678,1
actual,30,130,nb,0,256,2,0.025287189,0.000098778,0.000007274,0.000179686,1
actual,31,131,nb,0,256,2,0.024069734,0.000094022,0.000007183,0.000154549,1
actual,32,132,nb,0,256,2,0.026048133,0.000101751,0.000005430,0.000163155,1
actual,33,133,nb,0,256,2,0.023487741,0.000091749,0.000005220,0.000171250,1
actual,34,134,nb,0,256,2,0.023992619,0.000093721,0.000007003,0.000171030,1
actual,35,135,nb,0,256,2,0.024943366,0.000097435,0.000005140,0.000175809,1
actual,36,136,nb,0,256,2,0.025628431,0.000100111,0.000005260,0.000177392,1
actual,37,137,nb,0,256,2,0.025284039,0.000098766,0.000005190,0.000157395,1
actual,38,138,nb,0,256,2,0.024243181,0.000094700,0.000010109,0.000168124,1
actual,39,139,nb,0,256,2,0.020824570,0.000081346,0.000005460,0.000147656,1
actual,40,140,nb,0,256,2,0.021447114,0.000083778,0.000008797,0.000157915,1
actual,41,141,nb,0,256,2,0.022489942,0.000087851,0.000010590,0.000148459,1
actual,42,142,nb,0,256,2,0.023761794,0.000092820,0.000006843,0.000158296,1
actual,43,143,nb,0,256,2,0.023936153,0.000093501,0.000005050,0.000172562,1
actual,44,144,nb,0,256,2,0.022699752,0.000088671,0.000006792,0.000156353,1
actual,45,145,nb,0,256,2,0.022035131,0.000086075,0.000007444,0.000152215,1
actual,46,146,nb,0,256,2,0.025109301,0.000098083,0.000005500,0.000167904,1
actual,47,147,nb,0,256,2,0.024481012,0.000095629,0.000004077,0.000174937,1
actual,48,148,nb,0,256,2,0.022868136,0.000089329,0.000007143,0.000157324,1
actual,49,149,nb,0,256,2,0.024004744,0.000093769,0.000005170,0.000161392,1
actual,50,150,nb,0,256,2,0.025623683,0.000100093,0.000005080,0.000173795,1
actual,51,151,nb,0,256,2,0.025866636,0.000101042,0.000003977,0.000178493,1
actual,52,152,nb,0,256,2,0.023757855,0.000092804,0.000005240,0.000173064,1
actual,53,153,nb,0,256,2,0.025053141,0.000097864,0.000006983,0.000168435,1
actual,54,154,nb,0,256,2,0.022476886,0.000087800,0.000011472,0.000159438,1
actual,55,155,nb,0,256,2,0.024459921,0.000095547,0.000005400,0.000157524,1
actual,56,156,nb,0,256,2,0.025406252,0.000099243,0.000005019,0.000173154,1
actual,57,157,nb,0,256,2,0.023358189,0.000091243,0.000005150,0.000164658,1
actual,58,158,nb,0,256,2,0.025565696,0.000099866,0.000004057,0.000183343,1
actual,59,159,nb,0,256,2,0.021975152,0.000085840,0.000002815,0.000162394,1
actual,60,160,nb,0,256,2,0.023471457,0.000091685,0.000006903,0.000163315,1
actual,61,161,nb,0,256,2,0.026396398,0.000103111,0.000003968,0.000187200,1
actual,62,162,nb,0,256,2,0.026890359,0.000105040,0.000006943,0.000178704,1
actual,63,163,nb,0,256,2,0.024550138,0.000095899,0.000004028,0.000175649,1
actual,64,164,nb,0,256,2,0.022846613,0.000089245,0.000006652,0.000143891,1
actual,65,165,nb,0,256,2,0.022757435,0.000088896,0.000005210,0.000155000,1
actual,66,166,nb,0,256,2,0.025964055,0.000101422,0.000005451,0.000184725,1
actual,67,167,nb,0,256,2,0.021467988,0.000083859,0.000004338,0.000160019,1
actual,68,168,nb,0,256,2,0.024720311,0.000096564,0.000006783,0.000155250,1
actual,69,169,nb,0,256,2,0.023596263,0.000092173,0.000006693,0.000172433,1
actual,70,170,nb,0,256,2,0.023547089,0.000091981,0.000006723,0.000169987,1
actual,71,171,nb,0,256,2,0.022533946,0.000088023,0.000005069,0.000154859,1
actual,72,172,nb,0,256,2,0.024528551,0.000095815,0.000006913,0.000159889,1
actual,73,173,nb,0,256,2,0.023438962,0.000091558,0.000004539,0.000165599,1
actual,74,174,nb,0,256,2,0.024792230,0.000096845,0.000005230,0.000177112,1
actual,75,175,nb,0,256,2,0.026255827,0.000102562,0.000004899,0.000188753,1
actual,76,176,nb,0,256,2,0.024881605,0.000097194,0.000006723,0.000156483,1
actual,77,177,nb,0,256,2,0.022391193,0.000087466,0.000005089,0.000159418,1
actual,78,178,nb,0,256,2,0.026260439,0.000102580,0.000005230,0.000174546,1
actual,79,179,nb,0,256,2,0.020893923,0.000081617,0.000003547,0.000140963,1
actual,80,180,nb,0,256,2,0.023918037,0.000093430,0.000006792,0.000177532,1
actual,81,181,nb,0,256,2,0.023193334,0.000090599,0.000005881,0.000149359,1
actual,82,182,nb,0,256,2,0.026577416,0.000103818,0.000004218,0.000176620,1
actual,83,183,nb,0,256,2,0.020215747,0.000078968,0.000005250,0.000142817,1
actual,84,184,nb,0,256,2,0.026346624,0.000102916,0.000007534,0.000172354,1
actual,85,185,nb,0,256,2,0.023422502,0.000091494,0.000005130,0.000161953,1
actual,86,186,nb,0,256,2,0.025809985,0.000100820,0.000004929,0.000173324,1
actual,87,187,nb,0,256,2,0.019319774,0.000075468,0.000005701,0.000132317,1
actual,88,188,nb,0,256,2,0.024573825,0.000095992,0.000006843,0.000155062,1
actual,89,189,nb,0,256,2,0.024379754,0.000095233,0.000005219,0.000173785,1
actual,90,190,nb,0,256,2,0.026373264,0.000103021,0.000006823,0.000178153,1
actual,91,191,nb,0,256,2,0.020895309,0.000081622,0.000003687,0.000142126,1
actual,92,192,nb,0,256,2,0.023525420,0.000091896,0.000006973,0.000170018,1
actual,93,193,nb,0,256,2,0.024950923,0.000097465,0.000006252,0.000169697,1
actual,94,194,nb,0,256,2,0.024571702,0.000095983,0.000006983,0.000177602,1
actual,95,195,nb,0,256,2,0.024146539,0.000094322,0.000005410,0.000162474,1
actual,96,196,nb,0,256,2,0.024683174,0.000096419,0.000004238,0.000176009,1
actual,97,197,nb,0,256,2,0.022705323,0.000088693,0.000005059,0.000168545,1
actual,98,198,nb,0,256,2,0.025719746,0.000100468,0.000005320,0.000182711,1
actual,99,199,nb,0,256,2,0.021219578,0.000082889,0.000003857,0.000154478,1
warmup,0,0,nb,0,256,3,0.023987015,0.000093699,0.000006973,0.000172823,1
warmup,1,1,nb,0,256,3,0.068527839,0.000267687,0.000006803,0.000343232,1
warmup,2,2,nb,0,256,3,0.026168767,0.000102222,0.000004318,0.000175618,1
warmup,3,3,nb,0,256,3,0.025930771,0.000101292,0.000003527,0.000184485,1
warmup,4,4,nb,0,256,3,0.022838795,0.000089214,0.000007284,0.000154569,1
warmup,5,5,nb,0,256,3,0.024023540,0.000093842,0.000005170,0.000163846,1
warmup,6,6,nb,0,256,3,0.025849664,0.000100975,0.000005200,0.000164858,1
warmup,7,7,nb,0,256,3,0.022425295,0.000087599,0.000005239,0.000164197,1
warmup,8,8,nb,0,256,3,0.024564933,0.000095957,0.000005330,0.000179996,1
warmup,9,9,nb,0,256,3,0.020172661,0.000078799,0.000003707,0.000136476,1
warmup,10,10,nb,0,256,3,0.024586000,0.000096039,0.000005521,0.000155080,1
warmup,11,11,nb,0,256,3,0.024475114,0.000095606,0.000005260,0.000180137,1
warmup,12,12,nb,0,256,3,0.026013703,0.000101616,0.000005500,0.000184625,1
warmup,13,13,nb,0,256,3,0.021683758,0.000084702,0.000004929,0.000147977,1
warmup,14,14,nb,0,256,3,0.025770848,0.000100667,0.000005250,0.000182401,1
warmup,15,15,nb,0,256,3,0.023165174,0.000090489,0.000005209,0.000187110,1
warmup,16,16,nb,0,256,3,0.025793277,0.000100755,0.000004188,0.000176340,1
warmup,17,17,nb,0,256,3,0.023755976,0.000092797,0.000002635,0.000175668,1
warmup,18,18,nb,0,256,3,0.024151446,0.000094342,0.000005220,0.000160480,1
warmup,19,19,nb,0,256,3,0.023606825,0.000092214,0.000004940,0.000165149,1
warmup,20,20,nb,0,256,3,0.026150544,0.000102151,0.000005660,0.000175919,1
warmup,21,21,nb,0,256,3,0.019730850,0.000077074,0.000003927,0.000137798,1
warmup,22,22,nb,0,256,3,0.023968576,0.000093627,0.000006913,0.000172392,1
warmup,23,23,nb,0,256,3,0.022273692,0.000087007,0.000004097,0.000163045,1
warmup,24,24,nb,0,256,3,0.023117814,0.000090304,0.000007114,0.000155431,1
warmup,25,25,nb,0,256,3,0.022242480,0.000086885,0.000003607,0.000160491,1
warmup,26,26,nb,0,256,3,0.024123965,0.000094234,0.000004188,0.000153998,1
warmup,27,27,nb,0,256,3,0.023283117,0.000090950,0.000003557,0.000160289,1
warmup,28,28,nb,0,256,3,0.024026415,0.000093853,0.000004148,0.000152125,1
warmup,29,29,nb,0,256,3,0.023021399,0.000089927,0.000004298,0.000159538,1
warmup,30,30,nb,0,256,3,0.025934598,0.000101307,0.000005701,0.000178003,1
warmup,31,31,nb,0,256,3,0.024836489,0.000097018,0.000003557,0.000180538,1
warmup,32,32,nb,0,256,3,0.022551837,0.000088093,0.000008937,0.000161111,1
warmup,33,33,nb,0,256,3,0.024931680,0.000097389,0.000003947,0.000170088,1
warmup,34,34,nb,0,256,3,0.024973259,0.000097552,0.000005500,0.000170699,1
warmup,35,35,nb,0,256,3,0.020105628,0.000078538,0.000003437,0.000137306,1
warmup,36,36,nb,0,256,3,0.023417767,0.000091476,0.000010540,0.000140544,1
warmup,37,37,nb,0,256,3,0.024323318,0.000095013,0.000004198,0.000181309,1
warmup,38,38,nb,0,256,3,0.024712181,0.000096532,0.000007224,0.000172272,1
warmup,39,39,nb,0,256,3,0.023616905,0.000092254,0.000005270,0.000153768,1
warmup,40,40,nb,0,256,3,0.025169465,0.000098318,0.000009267,0.000176500,1
warmup,41,41,nb,0,256,3,0.020993777,0.000082007,0.000002995,0.000149780,1
warmup,42,42,nb,0,256,3,0.024391729,0.000095280,0.000006883,0.000154110,1
warmup,43,43,nb,0,256,3,0.022053722,0.000086147,0.000003557,0.000144350,1
warmup,44,44,nb,0,256,3,0.024650005,0.000096289,0.000005390,0.000172623,1
warmup,45,45,nb,0,256,3,0.021869395,0.000085427,0.000005360,0.000154870,1
warmup,46,46,nb,0,256,3,0.027315122,0.000106700,0.000006823,0.000185808,1
warmup,47,47,nb,0,256,3,0.023973411,0.000093646,0.000005440,0.000151454,1
warmup,48,48,nb,0,256,3,0.025403624,0.000099233,0.000007414,0.000166020,1
warmup,49,49,nb,0,256,3,0.024275308,0.000094825,0.000003737,0.000179586,1
warmup,50,50,nb,0,256,3,0.026640493,0.000104064,0.000004178,0.000182922,1
warmup,51,51,nb,0,256,3,0.025895527,0.000101154,0.000007464,0.000184304,1
warmup,52,52,nb,0,256,3,0.024130623,0.000094260,0.000004368,0.000155832,1
warmup,53,53,nb,0,256,3,0.022186551,0.000086666,0.000004168,0.000166371,1
warmup,54,54,nb,0,256,3,0.021323728,0.000083296,0.000005420,0.000156753,1
warmup,55,55,nb,0,256,3,0.022861354,0.000089302,0.000005360,0.000158657,1
warmup,56,56,nb,0,256,3,0.023185118,0.000090567,0.000005710,0.000167143,1
warmup,57,57,nb,0,256,3,0.024979989,0.000097578,0.000005430,0.000179085,1
warmup,58,58,nb,0,256,3,0.025267339,0.000098701,0.000006873,0.000171821,1
warmup,59,59,nb,0,256,3,0.024063810,0.000093999,0.000004980,0.000159438,1
warmup,60,60,nb,0,256,3,0.024513929,0.000095758,0.000009869,0.000170519,1
warmup,61,61,nb,0,256,3,0.022654001,0.000088492,0.000003446,0.000159619,1
warmup,62,62,nb,0,256,3,0.022325379,0.000087209,0.000006903,0.000150081,1
warmup,63,63,nb,0,256,3,0.024597775,0.000096085,0.000008536,0.000166191,1
warmup,64,64,nb,0,256,3,0.026378920,0.000103043,0.000005129,0.000175158,1
warmup,65,65,nb,0,256,3,0.021003027,0.000082043,0.000005680,0.000160320,1
warmup,66,66,nb,0,256,3,0.022793968,0.000089039,0.000004598,0.000159458,1
warmup,67,67,nb,0,256,3,0.021707601,0.000084795,0.000003818,0.000167584,1
warmup,68,68,nb,0,256,3,0.025231206,0.000098559,0.000007163,0.000174736,1
warmup,69,69,nb,0,256,3,0.024418290,0.000095384,0.000003657,0.000178093,1
warmup,70,70,nb,0,256,3,0.025675269,0.000100294,0.000005530,0.000177572,1
warmup,71,71,nb,0,256,3,0.021707397,0.000084795,0.000004979,0.000161542,1
warmup,72,72,nb,0,256,3,0.021531646,0.000084108,0.000005029,0.000142126,1
warmup,73,73,nb,0,256,3,0.025187200,0.000098388,0.000003617,0.000172953,1
warmup,74,74,nb,0,256,3,0.024692066,0.000096453,0.000007354,0.000169287,1
warmup,75,75,nb,0,256,3,0.024429721,0.000095429,0.000005150,0.000175538,1
warmup,76,76,nb,0,256,3,0.026071065,0.000101840,0.000006913,0.000175578,1
warmup,77,77,nb,0,256,3,0.022373817,0.000087398,0.000004839,0.000173735,1
warmup,78,78,nb,0,256,3,0.025591350,0.000099966,0.000006823,0.000158859,1
warmup,79,79,nb,0,256,3,0.022696329,0.000088658,0.000003517,0.000158978,1
warmup,80,80,nb,0,256,3,0.025575652,0.000099905,0.000005180,0.000175338,1
warmup,81,81,nb,0,256,3,0.022739528,0.000088826,0.000007564,0.000152196,1
warmup,82,82,nb,0,256,3,0.024433942,0.000095445,0.000005250,0.000172412,1
warmup,83,83,nb,0,256,3,0.025950259,0.000101368,0.000007474,0.000177462,1
warmup,84,84,nb,0,256,3,0.025179809,0.000098359,0.000005159,0.000163585,1
warmup,85,85,nb,0,256,3,0.023988600,0.000093705,0.000005209,0.000178725,1
warmup,86,86,nb,0,256,3,0.024596713,0.000096081,0.000005180,0.000170068,1
warmup,87,87,nb,0,256,3,0.024295602,0.000094905,0.000005090,0.000180187,1
warmup,88,88,nb,0,256,3,0.024018202,0.000093821,0.000005229,0.000151654,1
warmup,89,89,nb,0,256,3,0.023097095,0.000090223,0.000004959,0.000172142,1
warmup,90,90,nb,0,256,3,0.026462947,0.000103371,0.000005561,0.000186118,1
warmup,91,91,nb,0,256,3,0.024930631,0.000097385,0.000003536,0.000183203,1
warmup,92,92,nb,0,256,3,0.023232009,0.000090750,0.000005580,0.000162995,1
warmup,93,93,nb,0,256,3,0.024268171,0.000094798,0.000005440,0.000158198,1
warmup,94,94,nb,0,256,3,0.026055064,0.000101778,0.000004088,0.000179886,1
warmup,95,95,nb,0,256,3,0.023707699,0.000092608,0.000006282,0.000171350,1
warmup,96,96,nb,0,256,3,0.020517834,0.000080148,0.000005741,0.000143558,1
warmup,97,97,nb,0,256,3,0.021542577,0.000084151,0.000004057,0.000159889,1
warmup,98,98,nb,0,256,3,0.023227480,0.000090732,0.000006823,0.000170529,1
warmup,99,99,nb,0,256,3,0.022372486,0.000087393,0.000003466,0.000175348,1
actual,0,100,nb,0,256,3,0.021927746,0.000085655,0.000005240,0.000155260,1
actual,1,101,nb,0,256,3,0.021030378,0.000082150,0.000003938,0.000134954,1
actual,2,102,nb,0,256,3,0.024787351,0.000096826,0.000004208,0.000180707,1
actual,3,103,nb,0,256,3,0.022095377,0.000086310,0.000003537,0.000146515,1
actual,4,104,nb,0,256,3,0.026468644,0.000103393,0.000004178,0.000180488,1
actual,5,105,nb,0,256,3,0.022752976,0.000088879,0.000003497,0.000163586,1
actual,6,106,nb,0,256,3,0.023941403,0.000093521,0.000006983,0.000165569,1
actual,7,107,nb,0,256,3,0.020020726,0.000078206,0.000003557,0.000150853,1
actual,8,108,nb,0,256,3,0.022676771,0.000088581,0.000007013,0.000155240,1
actual,9,109,nb,0,256,3,0.022876819,0.000089363,0.000003927,0.000156102,1
actual,10,110,nb,0,256,3,0.022475069,0.000087793,0.000007093,0.000146143,1
actual,11,111,nb,0,256,3,0.023254230,0.000090837,0.000006973,0.000167103,1
actual,12,112,nb,0,256,3,0.023759617,0.000092811,0.000006893,0.000180337,1
actual,13,113,nb,0,256,3,0.022737315,0.000088818,0.000008897,0.000159879,1
actual,14,114,nb,0,256,3,0.026503748,0.000103530,0.000005280,0.000173687,1
actual,15,115,nb,0,256,3,0.022203010,0.000086731,0.000002735,0.000159639,1
actual,16,116,nb,0,256,3,0.025382655,0.000099151,0.000006763,0.000166842,1
actual,17,117,nb,0,256,3,0.020099918,0.000078515,0.000003627,0.000135053,1
actual,18,118,nb,0,256,3,0.023264516,0.000090877,0.000009498,0.000157504,1
actual,19,119,nb,0,256,3,0.022951293,0.000089653,0.000003737,0.000149139,1
actual,20,120,nb,0,256,3,0.026249388,0.000102537,0.000007114,0.000177131,1
actual,21,121,nb,0,256,3,0.024093635,0.000094116,0.000003517,0.000173945,1
actual,22,122,nb,0,256,3,0.025004576,0.000097674,0.000006773,0.000172322,1
actual,23,123,nb,0,256,3,0.022208328,0.000086751,0.000003957,0.000167363,1
actual,24,124,nb,0,256,3,0.023131003,0.000090355,0.000005200,0.000153016,1
actual,25,125,nb,0,256,3,0.024668907,0.000096363,0.000003697,0.000168766,1
actual,26,126,nb,0,256,3,0.025061324,0.000097896,0.000005230,0.000159981,1
actual,27,127,nb,0,256,3,0.023963216,0.000093606,0.000004068,0.000179817,1
actual,28,128,nb,0,256,3,0.022420753,0.000087581,0.000007284,0.000154039,1
actual,29,129,nb,0,256,3,0.025793673,0.000100757,0.000007163,0.000181840,1
actual,30,130,nb,0,256,3,0.024848153,0.000097063,0.000004268,0.000178314,1
actual,31,131,nb,0,256,3,0.025592488,0.000099971,0.000005360,0.000175238,1
actual,32,132,nb,0,256,3,0.025805169,0.000100801,0.000006923,0.000177111,1
actual,33,133,nb,0,256,3,0.021892489,0.000085518,0.000005340,0.000149419,1
actual,34,134,nb,0,256,3,0.023545474,0.000091975,0.000007103,0.000159108,1
actual,35,135,nb,0,256,3,0.021539276,0.000084138,0.000005199,0.000155681,1
actual,36,136,nb,0,256,3,0.024849106,0.000097067,0.000004058,0.000171009,1
actual,37,137,nb,0,256,3,0.024923007,0.000097355,0.000005931,0.000180518,1
actual,38,138,nb,0,256,3,0.024350998,0.000095121,0.000004438,0.000172512,1
actual,39,139,nb,0,256,3,0.025082698,0.000097979,0.000005821,0.000170609,1
actual,40,140,nb,0,256,3,0.024589892,0.000096054,0.000005150,0.000169357,1
actual,41,141,nb,0,256,3,0.022581727,0.000088210,0.000005169,0.000168024,1
actual,42,142,nb,0,256,3,0.023967902,0.000093625,0.000006953,0.000151724,1
actual,43,143,nb,0,256,3,0.022610693,0.000088323,0.000003958,0.000167984,1
actual,44,144,nb,0,256,3,0.023748339,0.000092767,0.000005491,0.000169658,1
actual,45,145,nb,0,256,3,0.024202304,0.000094540,0.000005861,0.000173595,1
actual,46,146,nb,0,256,3,0.024955114,0.000097481,0.000005290,0.000174206,1
actual,47,147,nb,0,256,3,0.024611717,0.000096140,0.000005330,0.000174016,1
actual,48,148,nb,0,256,3,0.026998738,0.000105464,0.000007043,0.000181950,1
actual,49,149,nb,0,256,3,0.022679542,0.000088592,0.000004930,0.000147576,1
actual,50,150,nb,0,256,3,0.025771601,0.000100670,0.000006853,0.000172172,1
actual,51,151,nb,0,256,3,0.023205236,0.000090645,0.000004959,0.000158877,1
actual,52,152,nb,0,256,3,0.024172570,0.000094424,0.000007013,0.000170930,1
actual,53,153,nb,0,256,3,0.021378485,0.000083510,0.000003717,0.000150531,1
actual,54,154,nb,0,256,3,0.023095029,0.000090215,0.000006793,0.000157474,1
actual,55,155,nb,0,256,3,0.022235422,0.000086857,0.000005571,0.000165831,1
actual,56,156,nb,0,256,3,0.024725318,0.000096583,0.000004238,0.000173985,1
actual,57,157,nb,0,256,3,0.024426821,0.000095417,0.000005109,0.000173194,1
actual,58,158,nb,0,256,3,0.022570615,0.000088166,0.000006893,0.000156543,1
actual,59,159,nb,0,256,3,0.021951591,0.000085748,0.000003847,0.000150393,1
actual,60,160,nb,0,256,3,0.025437380,0.000099365,0.000005460,0.000177512,1
actual,61,161,nb,0,256,3,0.025226704,0.000098542,0.000004178,0.000178384,1
actual,62,162,nb,0,256,3,0.023055157,0.000090059,0.000003597,0.000166240,1
actual,63,163,nb,0,256,3,0.022048386,0.000086127,0.000003737,0.000164107,1
actual,64,164,nb,0,256,3,0.023630850,0.000092308,0.000007194,0.000163606,1
actual,65,165,nb,0,256,3,0.023244516,0.000090799,0.000003667,0.000159348,1
actual,66,166,nb,0,256,3,0.024754878,0.000096699,0.000004288,0.000169367,1
actual,67,167,nb,0,256,3,0.026695231,0.000104278,0.000003467,0.000184335,1
actual,68,168,nb,0,256,3,0.023901327,0.000093365,0.000006863,0.000172292,1
actual,69,169,nb,0,256,3,0.022792555,0.000089033,0.000003937,0.000166622,1
actual,70,170,nb,0,256,3,0.023108179,0.000090266,0.000005590,0.000143819,1
actual,71,171,nb,0,256,3,0.021444760,0.000083769,0.000005069,0.000159638,1
actual,72,172,nb,0,256,3,0.021896489,0.000085533,0.000006833,0.000151203,1
actual,73,173,nb,0,256,3,0.021575607,0.000084280,0.000003737,0.000149730,1
actual,74,174,nb,0,256,3,0.025370364,0.000099103,0.000005481,0.000179085,1
actual,75,175,nb,0,256,3,0.023865412,0.000093224,0.000007294,0.000169998,1
actual,76,176,nb,0,256,3,0.025257539,0.000098662,0.000005260,0.000179205,1
actual,77,177,nb,0,256,3,0.021936510,0.000085689,0.000003587,0.000154050,1
actual,78,178,nb,0,256,3,0.024943566,0.000097436,0.000006743,0.000169567,1
actual,79,179,nb,0,256,3,0.026394519,0.000103104,0.000003827,0.000179105,1
actual,80,180,nb,0,256,3,0.024447381,0.000095498,0.000008557,0.000172623,1
actual,81,181,nb,0,256,3,0.024967308,0.000097529,0.000003506,0.000174977,1
actual,82,182,nb,0,256,3,0.023092066,0.000090203,0.000007394,0.000153076,1
actual,83,183,nb,0,256,3,0.023348293,0.000091204,0.000004319,0.000169136,1
actual,84,184,nb,0,256,3,0.022611370,0.000088326,0.000006943,0.000143429,1
actual,85,185,nb,0,256,3,0.024809768,0.000096913,0.000010189,0.000175889,1
actual,86,186,nb,0,256,3,0.025380235,0.000099142,0.000005601,0.000173654,1
actual,87,187,nb,0,256,3,0.022150464,0.000086525,0.000003527,0.000148898,1
actual,88,188,nb,0,256,3,0.022116432,0.000086392,0.000005089,0.000156613,1
actual,89,189,nb,0,256,3,0.020699036,0.000080856,0.000003546,0.000149350,1
actual,90,190,nb,0,256,3,0.025251018,0.000098637,0.000005010,0.000155491,1
actual,91,191,nb,0,256,3,0.024454664,0.000095526,0.000005971,0.000165529,1
actual,92,192,nb,0,256,3,0.025755113,0.000100606,0.000005090,0.000184004,1
actual,93,193,nb,0,256,3,0.021866324,0.000085415,0.000005240,0.000162063,1
actual,94,194,nb,0,256,3,0.026408418,0.000103158,0.000005841,0.000182341,1
actual,95,195,nb,0,256,3,0.024860860,0.000097113,0.000003737,0.000155912,1
actual,96,196,nb,0,256,3,0.024780222,0.000096798,0.000005320,0.000159059,1
actual,97,197,nb,0,256,3,0.024983099,0.000097590,0.000005200,0.000175698,1
actual,98,198,nb,0,256,3,0.023536804,0.000091941,0.000006743,0.000167323,1
actual,99,199,nb,0,256,3,0.024715376,0.000096544,0.000005270,0.000170599,1
warmup,0,0,nb,0,256,4,0.025711482,0.000100435,0.000005801,0.000184205,1
warmup,1,1,nb,0,256,4,0.019805039,0.000077363,0.000003566,0.000142447,1
warmup,2,2,nb,0,256,4,0.026343298,0.000102904,0.000005120,0.000177632,1
warmup,3,3,nb,0,256,4,0.024491576,0.000095670,0.000005230,0.000162784,1
warmup,4,4,nb,0,256,4,0.025730444,0.000100510,0.000005310,0.000183493,1
warmup,5,5,nb,0,256,4,0.023035047,0.000089981,0.000005531,0.000167623,1
warmup,6,6,nb,0,256,4,0.023969236,0.000093630,0.000005300,0.000165950,1
warmup,7,7,nb,0,256,4,0.019344302,0.000075564,0.000003597,0.000141465,1
warmup,8,8,nb,0,256,4,0.023190501,0.000090588,0.000005701,0.000166712,1
warmup,9,9,nb,0,256,4,0.021125704,0.000082522,0.000005480,0.000141766,1
warmup,10,10,nb,0,256,4,0.026766798,0.000104558,0.000006282,0.000163706,1
warmup,11,11,nb,0,256,4,0.023805461,0.000092990,0.000006883,0.000148668,1
warmup,12,12,nb,0,256,4,0.026158822,0.000102183,0.000005420,0.000175418,1
warmup,13,13,nb,0,256,4,0.024975729,0.000097561,0.000009077,0.000168175,1
warmup,14,14,nb,0,256,4,0.023832978,0.000093098,0.000004899,0.000168455,1
warmup,15,15,nb,0,256,4,0.021585890,0.000084320,0.000005180,0.000144512,1
warmup,16,16,nb,0,256,4,0.023137049,0.000090379,0.000006933,0.000157405,1
warmup,17,17,nb,0,256,4,0.021865128,0.000085411,0.000005260,0.000158466,1
warmup,18,18,nb,0,256,4,0.025914696,0.000101229,0.000007234,0.000182632,1
warmup,19,19,nb,0,256,4,0.024866079,0.000097133,0.000003606,0.000178404,1
warmup,20,20,nb,0,256,4,0.021873997,0.000085445,0.000006823,0.000140092,1
warmup,21,21,nb,0,256,4,0.023043176,0.000090012,0.000005220,0.000174246,1
warmup,22,22,nb,0,256,4,0.022905872,0.000089476,0.000010389,0.000156763,1
warmup,23,23,nb,0,256,4,0.023772640,0.000092862,0.000005711,0.000160229,1
warmup,24,24,nb,0,256,4,0.026176787,0.000102253,0.000005330,0.000178123,1
warmup,25,25,nb,0,256,4,0.021820076,0.000085235,0.000003657,0.000146925,1
warmup,26,26,nb,0,256,4,0.025186422,0.000098384,0.000005139,0.000160611,1
warmup,27,27,nb,0,256,4,0.024671637,0.000096374,0.000004058,0.000172643,1
warmup,28,28,nb,0,256,4,0.025500144,0.000099610,0.000005340,0.000164157,1
warmup,29,29,nb,0,256,4,0.023431775,0.000091530,0.000003827,0.000169798,1
warmup,30,30,nb,0,256,4,0.024208276,0.000094564,0.000003747,0.000169928,1
warmup,31,31,nb,0,256,4,0.023825929,0.000093070,0.000003667,0.000170258,1
warmup,32,32,nb,0,256,4,0.025283454,0.000098763,0.000005069,0.000176501,1
warmup,33,33,nb,0,256,4,0.024054765,0.000093964,0.000005150,0.000173184,1
warmup,34,34,nb,0,256,4,0.025792122,0.000100750,0.000012704,0.000180378,1
warmup,35,35,nb,0,256,4,0.021476813,0.000083894,0.000005190,0.000154218,1
warmup,36,36,nb,0,256,4,0.024917375,0.000097333,0.000005220,0.000183323,1
warmup,37,37,nb,0,256,4,0.024409883,0.000095351,0.000003998,0.000167273,1
warmup,38,38,nb,0,256,4,0.025370001,0.000099102,0.000006903,0.000162787,1
warmup,39,39,nb,0,256,4,0.022935047,0.000089590,0.000004909,0.000172933,1
warmup,40,40,nb,0,256,4,0.025221990,0.000098523,0.000005350,0.000176700,1
warmup,41,41,nb,0,256,4,0.024532480,0.000095830,0.000009057,0.000170699,1
warmup,42,42,nb,0,256,4,0.025211131,0.000098481,0.000006802,0.000179606,1
warmup,43,43,nb,0,256,4,0.020626753,0.000080573,0.000003937,0.000151905,1
warmup,44,44,nb,0,256,4,0.022319033,0.000087184,0.000005351,0.000155681,1
warmup,45,45,nb,0,256,4,0.023079657,0.000090155,0.000005741,0.000164658,1
warmup,46,46,nb,0,256,4,0.025431890,0.000099343,0.000005380,0.000171010,1
warmup,47,47,nb,0,256,4,0.025031239,0.000097778,0.000005230,0.000170900,1
warmup,48,48,nb,0,256,4,0.023996819,0.000093738,0.000007093,0.000157354,1
warmup,49,49,nb,0,256,4,0.023351202,0.000091216,0.000004078,0.000174116,1
warmup,50,50,nb,0,256,4,0.025027712,0.000097765,0.000011241,0.000168235,1
warmup,51,51,nb,0,256,4,0.022449355,0.000087693,0.000004609,0.000161142,1
warmup,52,52,nb,0,256,4,0.023095167,0.000090215,0.000006853,0.000156553,1
warmup,53,53,nb,0,256,4,0.020165506,0.000078772,0.000005360,0.000143177,1
warmup,54,54,nb,0,256,4,0.026220219,0.000102423,0.000007253,0.000181619,1
warmup,55,55,nb,0,256,4,0.023322122,0.000091102,0.000003687,0.000169967,1
warmup,56,56,nb,0,256,4,0.024769061,0.000096754,0.000006843,0.000171100,1
warmup,57,57,nb,0,256,4,0.024110233,0.000094181,0.000007424,0.000152435,1
warmup,58,58,nb,0,256,4,0.026879652,0.000104999,0.000005550,0.000180116,1
warmup,59,59,nb,0,256,4,0.023975152,0.000093653,0.000006933,0.000172372,1
warmup,60,60,nb,0,256,4,0.025501661,0.000099616,0.000005250,0.000154932,1
warmup,61,61,nb,0,256,4,0.023574440,0.000092088,0.000004980,0.000164237,1
warmup,62,62,nb,0,256,4,0.026402428,0.000103134,0.000006773,0.000180727,1
warmup,63,63,nb,0,256,4,0.023001365,0.000089849,0.000004959,0.000179165,1
warmup,64,64,nb,0,256,4,0.024299323,0.000094919,0.000006883,0.000171311,1
warmup,65,65,nb,0,256,4,0.023852461,0.000093174,0.000005090,0.000170259,1
warmup,66,66,nb,0,256,4,0.022443014,0.000087668,0.000006793,0.000154298,1
warmup,67,67,nb,0,256,4,0.020264185,0.000079157,0.000003487,0.000157254,1
warmup,68,68,nb,0,256,4,0.026258661,0.000102573,0.000005210,0.000178483,1
warmup,69,69,nb,0,256,4,0.022916052,0.000089516,0.000003487,0.000146524,1
warmup,70,70,nb,0,256,4,0.024873299,0.000097161,0.000006793,0.000178414,1
warmup,71,71,nb,0,256,4,0.024061829,0.000093992,0.000007324,0.000165780,1
warmup,72,72,nb,0,256,4,0.023267019,0.000090887,0.000012754,0.000155861,1
warmup,73,73,nb,0,256,4,0.024767788,0.000096749,0.000007704,0.000171200,1
warmup,74,74,nb,0,256,4,0.026005760,0.000101585,0.000005119,0.000179776,1
warmup,75,75,nb,0,256,4,0.020918591,0.000081713,0.000004107,0.000148418,1
warmup,76,76,nb,0,256,4,0.024902112,0.000097274,0.000007014,0.000178083,1
warmup,77,77,nb,0,256,4,0.024922534,0.000097354,0.000004899,0.000165930,1
warmup,78,78,nb,0,256,4,0.024971635,0.000097545,0.000007024,0.000161613,1
warmup,79,79,nb,0,256,4,0.020866478,0.000081510,0.000003467,0.000160070,1
warmup,80,80,nb,0,256,4,0.025877395,0.000101084,0.000006802,0.000174126,1
warmup,81,81,nb,0,256,4,0.023666774,0.000092448,0.000003727,0.000155180,1
warmup,82,82,nb,0,256,4,0.021546952,0.000084168,0.000006943,0.000152716,1
warmup,83,83,nb,0,256,4,0.025256017,0.000098656,0.000003767,0.000173134,1
warmup,84,84,nb,0,256,4,0.023729019,0.000092691,0.000005120,0.000175989,1
warmup,85,85,nb,0,256,4,0.024234040,0.000094664,0.000005200,0.000170900,1
warmup,86,86,nb,0,256,4,0.024012942,0.000093801,0.000006964,0.000177482,1
warmup,87,87,nb,0,256,4,0.025015864,0.000097718,0.000009699,0.000180538,1
warmup,88,88,nb,0,256,4,0.021856771,0.000085378,0.000006974,0.000144601,1
warmup,89,89,nb,0,256,4,0.020655765,0.000080687,0.000003496,0.000150231,1
warmup,90,90,nb,0,256,4,0.022217198,0.000086786,0.000005771,0.000160851,1
warmup,91,91,nb,0,256,4,0.022327195,0.000087216,0.000004078,0.000157194,1
warmup,92,92,nb,0,256,4,0.024025900,0.000093851,0.000007083,0.000155913,1
warmup,93,93,nb,0,256,4,0.025041718,0.000097819,0.000004258,0.000177071,1
warmup,94,94,nb,0,256,4,0.025365722,0.000099085,0.000007815,0.000166963,1
warmup,95,95,nb,0,256,4,0.023325455,0.000091115,0.000003817,0.000176781,1
warmup,96,96,nb,0,256,4,0.023234134,0.000090758,0.000006843,0.000142297,1
warmup,97,97,nb,0,256,4,0.022933862,0.000089585,0.000005510,0.000149850,1
warmup,98,98,nb,0,256,4,0.023577834,0.000092101,0.000010700,0.000172593,1
warmup,99,99,nb,0,256,4,0.019707848,0.000076984,0.000005681,0.000132578,1
actual,0,100,nb,0,256,4,0.024708861,0.000096519,0.000004168,0.000176009,1
actual,1,101,nb,0,256,4,0.022647484,0.000088467,0.000003978,0.000164919,1
actual,2,102,nb,0,256,4,0.025553401,0.000099818,0.000005320,0.000176730,1
actual,3,103,nb,0,256,4,0.020539278,0.000080232,0.000003647,0.000157074,1
actual,4,104,nb,0,256,4,0.022553537,0.000088100,0.000006813,0.000155992,1
actual,5,105,nb,0,256,4,0.021415965,0.000083656,0.000009448,0.000156352,1
actual,6,106,nb,0,256,4,0.022629642,0.000088397,0.000006933,0.000160540,1
actual,7,107,nb,0,256,4,0.021505246,0.000084005,0.000005099,0.000160069,1
actual,8,108,nb,0,256,4,0.023862181,0.000093212,0.000006091,0.000170368,1
actual,9,109,nb,0,256,4,0.023564111,0.000092047,0.000004358,0.000171080,1
actual,10,110,nb,0,256,4,0.023997335,0.000093740,0.000007003,0.000171471,1
actual,11,111,nb,0,256,4,0.023764703,0.000092831,0.000004157,0.000155450,1
actual,12,112,nb,0,256,4,0.022553423,0.000088099,0.000007614,0.000154589,1
actual,13,113,nb,0,256,4,0.022199448,0.000086717,0.000005371,0.000150732,1
actual,14,114,nb,0,256,4,0.025231455,0.000098560,0.000005019,0.000152266,1
actual,15,115,nb,0,256,4,0.020864977,0.000081504,0.000003596,0.000141396,1
actual,16,116,nb,0,256,4,0.025883842,0.000101109,0.000005040,0.000179055,1
actual,17,117,nb,0,256,4,0.022276204,0.000087016,0.000005691,0.000156853,1
actual,18,118,nb,0,256,4,0.024101886,0.000094148,0.000008907,0.000163245,1
actual,19,119,nb,0,256,4,0.024002502,0.000093760,0.000005200,0.000168705,1
actual,20,120,nb,0,256,4,0.026023402,0.000101654,0.000006742,0.000159489,1
actual,21,121,nb,0,256,4,0.020650124,0.000080665,0.000003526,0.000147736,1
actual,22,122,nb,0,256,4,0.025503809,0.000099624,0.000004579,0.000190056,1
actual,23,123,nb,0,256,4,0.020873950,0.000081539,0.000003577,0.000157194,1
actual,24,124,nb,0,256,4,0.023584354,0.000092126,0.000007043,0.000164208,1
actual,25,125,nb,0,256,4,0.024919141,0.000097340,0.000005050,0.000180838,1
actual,26,126,nb,0,256,4,0.025531930,0.000099734,0.000005330,0.000160272,1
actual,27,127,nb,0,256,4,0.023716902,0.000092644,0.000005030,0.000169307,1
actual,28,128,nb,0,256,4,0.024624438,0.000096189,0.000006984,0.000175367,1
actual,29,129,nb,0,256,4,0.025949135,0.000101364,0.000004779,0.000178313,1
actual,30,130,nb,0,256,4,0.023869825,0.000093242,0.000005010,0.000162674,1
actual,31,131,nb,0,256,4,0.023538075,0.000091946,0.000003567,0.000156513,1
actual,32,132,nb,0,256,4,0.024391887,0.000095281,0.000010169,0.000177041,1
actual,33,133,nb,0,256,4,0.021901558,0.000085553,0.000007053,0.000139350,1
actual,34,134,nb,0,256,4,0.026212787,0.000102394,0.000003947,0.000172673,1
actual,35,135,nb,0,256,4,0.023820136,0.000093047,0.000005380,0.000166281,1
actual,36,136,nb,0,256,4,0.025997423,0.000101552,0.000005631,0.000160052,1
actual,37,137,nb,0,256,4,0.019326771,0.000075495,0.000003567,0.000123631,1
actual,38,138,nb,0,256,4,0.024623498,0.000096186,0.000006833,0.000166722,1
actual,39,139,nb,0,256,4,0.024149127,0.000094333,0.000005360,0.000194554,1
actual,40,140,nb,0,256,4,0.023918004,0.000093430,0.000004949,0.000154439,1
actual,41,141,nb,0,256,4,0.022244020,0.000086891,0.000003687,0.000165770,1
actual,42,142,nb,0,256,4,0.025108493,0.000098080,0.000010530,0.000177221,1
actual,43,143,nb,0,256,4,0.022126873,0.000086433,0.000005431,0.000153918,1
actual,44,144,nb,0,256,4,0.023632538,0.000092315,0.000005280,0.000165590,1
actual,45,145,nb,0,256,4,0.022202138,0.000086727,0.000005450,0.000154139,1
actual,46,146,nb,0,256,4,0.023706026,0.000092602,0.000006772,0.000166521,1
actual,47,147,nb,0,256,4,0.023765495,0.000092834,0.000005370,0.000174125,1
actual,48,148,nb,0,256,4,0.024802308,0.000096884,0.000006732,0.000176650,1
actual,49,149,nb,0,256,4,0.027612592,0.000107862,0.000006793,0.000182972,1
actual,50,150,nb,0,256,4,0.024709001,0.000096520,0.000011061,0.000176199,1
actual,51,151,nb,0,256,4,0.021842441,0.000085322,0.000004037,0.000140173,1
actual,52,152,nb,0,256,4,0.026293902,0.000102711,0.000005300,0.000179766,1
actual,53,153,nb,0,256,4,0.021749606,0.000084959,0.000007695,0.000154359,1
actual,54,154,nb,0,256,4,0.024791244,0.000096841,0.000006883,0.000159819,1
actual,55,155,nb,0,256,4,0.024292823,0.000094894,0.000005620,0.000162785,1
actual,56,156,nb,0,256,4,0.026319236,0.000102810,0.000005150,0.000178013,1
actual,57,157,nb,0,256,4,0.021912137,0.000085594,0.000003998,0.000166111,1
actual,58,158,nb,0,256,4,0.027350203,0.000106837,0.000005570,0.000187190,1
actual,59,159,nb,0,256,4,0.023494882,0.000091777,0.000003987,0.000152205,1
actual,60,160,nb,0,256,4,0.024157836,0.000094367,0.000009728,0.000164427,1
actual,61,161,nb,0,256,4,0.020200298,0.000078907,0.000005250,0.000147746,1
actual,62,162,nb,0,256,4,0.022445514,0.000087678,0.000009377,0.000159909,1
actual,63,163,nb,0,256,4,0.022991651,0.000089811,0.000005260,0.000171671,1
actual,64,164,nb,0,256,4,0.021871061,0.000085434,0.000007575,0.000158496,1
actual,65,165,nb,0,256,4,0.021786039,0.000085102,0.000004077,0.000155811,1
actual,66,166,nb,0,256,4,0.022008566,0.000085971,0.000005230,0.000158025,1
actual,67,167,nb,0,256,4,0.023477041,0.000091707,0.000004990,0.000165289,1
actual,68,168,nb,0,256,4,0.025716098,0.000100454,0.000005350,0.000160350,1
actual,69,169,nb,0,256,4,0.018116474,0.000070767,0.000003497,0.000130324,1
actual,70,170,nb,0,256,4,0.025805758,0.000100804,0.000005330,0.000162905,1
actual,71,171,nb,0,256,4,0.021685684,0.000084710,0.000005310,0.000145832,1
actual,72,172,nb,0,256,4,0.025819081,0.000100856,0.000006913,0.000183933,1
actual,73,173,nb,0,256,4,0.022102164,0.000086337,0.000006733,0.000163506,1
actual,74,174,nb,0,256,4,0.026268964,0.000102613,0.000004970,0.000184254,1
actual,75,175,nb,0,256,4,0.022423201,0.000087591,0.000003587,0.000183884,1
actual,76,176,nb,0,256,4,0.021155313,0.000082638,0.000007003,0.000149289,1
actual,77,177,nb,0,256,4,0.022266836,0.000086980,0.000003997,0.000163836,1
actual,78,178,nb,0,256,4,0.024045698,0.000093929,0.000006693,0.000161753,1
actual,79,179,nb,0,256,4,0.025094959,0.000098027,0.000006211,0.000171591,1
actual,80,180,nb,0,256,4,0.025400717,0.000099222,0.000005450,0.000168255,1
actual,81,181,nb,0,256,4,0.025658505,0.000100229,0.000003837,0.000181970,1
actual,82,182,nb,0,256,4,0.021520753,0.000084065,0.000007344,0.000137427,1
actual,83,183,nb,0,256,4,0.023265569,0.000090881,0.000005060,0.000155351,1
actual,84,184,nb,0,256,4,0.025414667,0.000099276,0.000005310,0.000183744,1
actual,85,185,nb,0,256,4,0.022185533,0.000086662,0.000005070,0.000163867,1
actual,86,186,nb,0,256,4,0.022098510,0.000086322,0.000008666,0.000162113,1
actual,87,187,nb,0,256,4,0.020307934,0.000079328,0.000005620,0.000134943,1
actual,88,188,nb,0,256,4,0.027073032,0.000105754,0.000010510,0.000179476,1
actual,89,189,nb,0,256,4,0.021537760,0.000084132,0.000004278,0.000143811,1
actual,90,190,nb,0,256,4,0.026292184,0.000102704,0.000004980,0.000172152,1
actual,91,191,nb,0,256,4,0.022725938,0.000088773,0.000003998,0.000158376,1
actual,92,192,nb,0,256,4,0.022811329,0.000089107,0.000005320,0.000154289,1
actual,93,193,nb,0,256,4,0.020052911,0.000078332,0.000007945,0.000150541,1
actual,94,194,nb,0,256,4,0.024892780,0.000097237,0.000006913,0.000171712,1
actual,95,195,nb,0,256,4,0.020698252,0.000080853,0.000003587,0.000152264,1
actual,96,196,nb,0,256,4,0.024265848,0.000094788,0.000006773,0.000151926,1
actual,97,197,nb,0,256,4,0.025096323,0.000098033,0.000005981,0.000183133,1
actual,98,198,nb,0,256,4,0.024363544,0.000095170,0.000007133,0.000166381,1
actual,99,199,nb,0,256,4,0.023643363,0.000092357,0.000007063,0.000171741,1
warmup,0,0,nb,0,256,6,0.024114812,0.000094198,0.000011061,0.000160252,1
warmup,1,1,nb,0,256,6,0.025945816,0.000101351,0.000003977,0.000185727,1
warmup,2,2,nb,0,256,6,0.022196118,0.000086704,0.000006763,0.000162384,1
warmup,3,3,nb,0,256,6,0.022586245,0.000088228,0.000005100,0.000162664,1
warmup,4,4,nb,0,256,6,0.024850645,0.000097073,0.000007013,0.000174506,1
warmup,5,5,nb,0,256,6,0.021939253,0.000085700,0.000003707,0.000154929,1
warmup,6,6,nb,0,256,6,0.023459356,0.000091638,0.000006833,0.000167203,1
warmup,7,7,nb,0,256,6,0.021120675,0.000082503,0.000007715,0.000139381,1
warmup,8,8,nb,0,256,6,0.025075812,0.000097952,0.000006793,0.000168785,1
warmup,9,9,nb,0,256,6,0.024830502,0.000096994,0.000004969,0.000181209,1
warmup,10,10,nb,0,256,6,0.025406140,0.000099243,0.000010851,0.000182541,1
warmup,11,11,nb,0,256,6,0.020474448,0.000079978,0.000005350,0.000165239,1
warmup,12,12,nb,0,256,6,0.024554708,0.000095917,0.000006763,0.000159919,1
warmup,13,13,nb,0,256,6,0.024022259,0.000093837,0.000006953,0.000175217,1
warmup,14,14,nb,0,256,6,0.024079414,0.000094060,0.000011231,0.000169598,1
warmup,15,15,nb,0,256,6,0.021370558,0.000083479,0.000006853,0.000152265,1
warmup,16,16,nb,0,256,6,0.022863776,0.000089312,0.000007174,0.000161663,1
warmup,17,17,nb,0,256,6,0.019008499,0.000074252,0.000002755,0.000135984,1
warmup,18,18,nb,0,256,6,0.024431183,0.000095434,0.000005901,0.000177422,1
warmup,19,19,nb,0,256,6,0.021023788,0.000082124,0.000005219,0.000156813,1
warmup,20,20,nb,0,256,6,0.024012486,0.000093799,0.000005259,0.000162424,1
warmup,21,21,nb,0,256,6,0.023804024,0.000092984,0.000003767,0.000169247,1
warmup,22,22,nb,0,256,6,0.025667056,0.000100262,0.000004589,0.000182110,1
warmup,23,23,nb,0,256,6,0.024570371,0.000095978,0.000003556,0.000177251,1
warmup,24,24,nb,0,256,6,0.025603644,0.000100014,0.000004068,0.000174026,1
warmup,25,25,nb,0,256,6,0.022865712,0.000089319,0.000005140,0.000169006,1
warmup,26,26,nb,0,256,6,0.024768988,0.000096754,0.000006853,0.000163516,1
warmup,27,27,nb,0,256,6,0.019357190,0.000075614,0.000003456,0.000122921,1
warmup,28,28,nb,0,256,6,0.023752980,0.000092785,0.000006802,0.000156623,1
warmup,29,29,nb,0,256,6,0.022271755,0.000086999,0.000005431,0.000164557,1
warmup,30,30,nb,0,256,6,0.025397168,0.000099208,0.000006893,0.000172873,1
warmup,31,31,nb,0,256,6,0.023501569,0.000091803,0.000005069,0.000161552,1
warmup,32,32,nb,0,256,6,0.025504755,0.000099628,0.000005310,0.000174807,1
warmup,33,33,nb,0,256,6,0.025285182,0.000098770,0.000004879,0.000173715,1
warmup,34,34,nb,0,256,6,0.026393856,0.000103101,0.000006121,0.000180768,1
warmup,35,35,nb,0,256,6,0.025237859,0.000098585,0.000005290,0.000161492,1
warmup,36,36,nb,0,256,6,0.024754750,0.000096698,0.000004599,0.000179255,1
warmup,37,37,nb,0,256,6,0.020159760,0.000078749,0.000003426,0.000141294,1
warmup,38,38,nb,0,256,6,0.025549918,0.000099804,0.000006933,0.000168437,1
warmup,39,39,nb,0,256,6,0.022807566,0.000089092,0.000003436,0.000163095,1
warmup,40,40,nb,0,256,6,0.024649812,0.000096288,0.000005170,0.000162904,1
warmup,41,41,nb,0,256,6,0.022954168,0.000089665,0.000005110,0.000177172,1
warmup,42,42,nb,0,256,6,0.024872681,0.000097159,0.000006993,0.000167414,1
warmup,43,43,nb,0,256,6,0.021158006,0.000082648,0.000005791,0.000154859,1
warmup,44,44,nb,0,256,6,0.025910891,0.000101214,0.000004058,0.000174206,1
warmup,45,45,nb,0,256,6,0.024626298,0.000096196,0.000004909,0.000175819,1
warmup,46,46,nb,0,256,6,0.024963503,0.000097514,0.000005300,0.000156443,1
warmup,47,47,nb,0,256,6,0.022394855,0.000087480,0.000003397,0.000167273,1
warmup,48,48,nb,0,256,6,0.025111220,0.000098091,0.000005330,0.000177292,1
warmup,49,49,nb,0,256,6,0.023994335,0.000093728,0.000005019,0.000159889,1
warmup,50,50,nb,0,256,6,0.025005256,0.000097677,0.000004207,0.000169236,1
warmup,51,51,nb,0,256,6,0.024566036,0.000095961,0.000007173,0.000168335,1
warmup,52,52,nb,0,256,6,0.023578825,0.000092105,0.000007083,0.000154939,1
warmup,53,53,nb,0,256,6,0.024098396,0.000094134,0.000003717,0.000175067,1
warmup,54,54,nb,0,256,6,0.025105092,0.000098067,0.000006882,0.000156344,1
warmup,55,55,nb,0,256,6,0.025289382,0.000098787,0.000003577,0.000183213,1
warmup,56,56,nb,0,256,6,0.026856226,0.000104907,0.000005209,0.000183504,1
warmup,57,57,nb,0,256,6,0.021440014,0.000083750,0.000008616,0.000165500,1
warmup,58,58,nb,0,256,6,0.022468981,0.000087769,0.000008757,0.000154709,1
warmup,59,59,nb,0,256,6,0.025612509,0.000100049,0.000005110,0.000189514,1
warmup,60,60,nb,0,256,6,0.025163498,0.000098295,0.000005230,0.000160339,1
warmup,61,61,nb,0,256,6,0.020490924,0.000080043,0.000003727,0.000158506,1
warmup,62,62,nb,0,256,6,0.026711636,0.000104342,0.000006732,0.000180718,1
warmup,63,63,nb,0,256,6,0.024939234,0.000097419,0.000005290,0.000172773,1
warmup,64,64,nb,0,256,6,0.024733997,0.000096617,0.000011371,0.000166502,1
warmup,65,65,nb,0,256,6,0.025404921,0.000099238,0.000004648,0.000194884,1
warmup,66,66,nb,0,256,6,0.024538135,0.000095852,0.000005159,0.000155763,1
warmup,67,67,nb,0,256,6,0.023827729,0.000093077,0.000004638,0.000155302,1
warmup,68,68,nb,0,256,6,0.024935454,0.000097404,0.000004940,0.000174707,1
warmup,69,69,nb,0,256,6,0.020702111,0.000080868,0.000003787,0.000152025,1
warmup,70,70,nb,0,256,6,0.022538104,0.000088039,0.000007424,0.000158947,1
warmup,71,71,nb,0,256,6,0.020520017,0.000080156,0.000003697,0.000146954,1
warmup,72,72,nb,0,256,6,0.022103369,0.000086341,0.000006923,0.000158466,1
warmup,73,73,nb,0,256,6,0.019975610,0.000078030,0.000005199,0.000146784,1
warmup,74,74,nb,0,256,6,0.024613593,0.000096147,0.000003687,0.000176239,1
warmup,75,75,nb,0,256,6,0.021552959,0.000084191,0.000003486,0.000168184,1
warmup,76,76,nb,0,256,6,0.024146174,0.000094321,0.000009168,0.000174246,1
warmup,77,77,nb,0,256,6,0.020276512,0.000079205,0.000005400,0.000146654,1
warmup,78,78,nb,0,256,6,0.025672316,0.000100282,0.000004999,0.000175838,1
warmup,79,79,nb,0,256,6,0.023491311,0.000091763,0.000005841,0.000175318,1
warmup,80,80,nb,0,256,6,0.021610325,0.000084415,0.000005080,0.000142756,1
warmup,81,81,nb,0,256,6,0.024573956,0.000095992,0.000005280,0.000166381,1
warmup,82,82,nb,0,256,6,0.022239584,0.000086873,0.000008476,0.000155571,1
warmup,83,83,nb,0,256,6,0.021429653,0.000083710,0.000005220,0.000159168,1
warmup,84,84,nb,0,256,6,0.023302445,0.000091025,0.000009739,0.000150361,1
warmup,85,85,nb,0,256,6,0.024995713,0.000097640,0.000005070,0.000168435,1
warmup,86,86,nb,0,256,6,0.023455703,0.000091624,0.000006973,0.000164387,1
warmup,87,87,nb,0,256,6,0.024321000,0.000095004,0.000005371,0.000168144,1
warmup,88,88,nb,0,256,6,0.025233961,0.000098570,0.000004328,0.000177382,1
warmup,89,89,nb,0,256,6,0.022583829,0.000088218,0.000007544,0.000163856,1
warmup,90,90,nb,0,256,6,0.022462626,0.000087745,0.000008796,0.000160870,1
warmup,91,91,nb,0,256,6,0.025258857,0.000098667,0.000004498,0.000171351,1
warmup,92,92,nb,0,256,6,0.025840718,0.000100940,0.000006823,0.000178995,1
warmup,93,93,nb,0,256,6,0.022442088,0.000087664,0.000004468,0.000148708,1
warmup,94,94,nb,0,256,6,0.026206941,0.000102371,0.000005139,0.000181840,1
warmup,95,95,nb,0,256,6,0.020131078,0.000078637,0.000003917,0.000152956,1
warmup,96,96,nb,0,256,6,0.024653231,0.000096302,0.000009628,0.000181730,1
warmup,97,97,nb,0,256,6,0.021553886,0.000084195,0.000009108,0.000156794,1
warmup,98,98,nb,0,256,6,0.024269874,0.000094804,0.000006863,0.000174516,1
warmup,99,99,nb,0,256,6,0.023037493,0.000089990,0.000005370,0.000161642,1
actual,0,100,nb,0,256,6,0.025893714,0.000101147,0.000005290,0.000181339,1
actual,1,101,nb,0,256,6,0.022991725,0.000089811,0.000003587,0.000168144,1
actual,2,102,nb,0,256,6,0.024479320,0.000095622,0.000010169,0.000174596,1
actual,3,103,nb,0,256,6,0.022245884,0.000086898,0.000004839,0.000153727,1
actual,4,104,nb,0,256,6,0.021120556,0.000082502,0.000004909,0.000153978,1
actual,5,105,nb,0,256,6,0.021871945,0.000085437,0.000008476,0.000168395,1
actual,6,106,nb,0,256,6,0.022415058,0.000087559,0.000005561,0.000161502,1
actual,7,107,nb,0,256,6,0.022537615,0.000088038,0.000003977,0.000144120,1
actual,8,108,nb,0,256,6,0.025777331,0.000100693,0.000004108,0.000174086,1
actual,9,109,nb,0,256,6,0.020123894,0.000078609,0.000002766,0.000153848,1
actual,10,110,nb,0,256,6,0.021376163,0.000083501,0.000008607,0.000147145,1
actual,11,111,nb,0,256,6,0.022686155,0.000088618,0.000005109,0.000160069,1
actual,12,112,nb,0,256,6,0.025115489,0.000098107,0.000004899,0.000170309,1
actual,13,113,nb,0,256,6,0.023171739,0.000090515,0.000003707,0.000167182,1
actual,14,114,nb,0,256,6,0.021979242,0.000085856,0.000006853,0.000155681,1
actual,15,115,nb,0,256,6,0.021833369,0.000085287,0.000007634,0.000153377,1
actual,16,116,nb,0,256,6,0.024374982,0.000095215,0.000007204,0.000170929,1
actual,17,117,nb,0,256,6,0.021982454,0.000085869,0.000003967,0.000159969,1
actual,18,118,nb,0,256,6,0.021476133,0.000083891,0.000003486,0.000150292,1
actual,19,119,nb,0,256,6,0.020360868,0.000079535,0.000005350,0.000153687,1
actual,20,120,nb,0,256,6,0.024216991,0.000094598,0.000006803,0.000165990,1
actual,21,121,nb,0,256,6,0.024395382,0.000095294,0.000004758,0.000173284,1
actual,22,122,nb,0,256,6,0.024838296,0.000097025,0.000005560,0.000161322,1
actual,23,123,nb,0,256,6,0.022858777,0.000089292,0.000004087,0.000163065,1
actual,24,124,nb,0,256,6,0.025977203,0.000101473,0.000005761,0.000180046,1
actual,25,125,nb,0,256,6,0.025042360,0.000097822,0.000004047,0.000175288,1
actual,26,126,nb,0,256,6,0.024369122,0.000095192,0.000011371,0.000169747,1
actual,27,127,nb,0,256,6,0.020825018,0.000081348,0.000003497,0.000151614,1
actual,28,128,nb,0,256,6,0.023717118,0.000092645,0.000006893,0.000163796,1
actual,29,129,nb,0,256,6,0.024899856,0.000097265,0.000004608,0.000172052,1
actual,30,130,nb,0,256,6,0.025501359,0.000099615,0.000005400,0.000160389,1
actual,31,131,nb,0,256,6,0.023245506,0.000090803,0.000003646,0.000167083,1
actual,32,132,nb,0,256,6,0.024731328,0.000096607,0.000005020,0.000172733,1
actual,33,133,nb,0,256,6,0.020772257,0.000081142,0.000003837,0.000149049,1
actual,34,134,nb,0,256,6,0.025092654,0.000098018,0.000004148,0.000169838,1
actual,35,135,nb,0,256,6,0.023731895,0.000092703,0.000005490,0.000148938,1
actual,36,136,nb,0,256,6,0.023776976,0.000092879,0.000010650,0.000170529,1
actual,37,137,nb,0,256,6,0.022443914,0.000087672,0.000003737,0.000166443,1
actual,38,138,nb,0,256,6,0.026055502,0.000101779,0.000007193,0.000180988,1
actual,39,139,nb,0,256,6,0.021064247,0.000082282,0.000003466,0.000160320,1
actual,40,140,nb,0,256,6,0.022692361,0.000088642,0.000006763,0.000152436,1
actual,41,141,nb,0,256,6,0.020843044,0.000081418,0.000003888,0.000145454,1
actual,42,142,nb,0,256,6,0.025249114,0.000098629,0.000005841,0.000154138,1
actual,43,143,nb,0,256,6,0.025902132,0.000101180,0.000004068,0.000179967,1
actual,44,144,nb,0,256,6,0.025610616,0.000100041,0.000005220,0.000167483,1
actual,45,145,nb,0,256,6,0.023183561,0.000090561,0.000005039,0.000148698,1
actual,46,146,nb,0,256,6,0.026763715,0.000104546,0.000005230,0.000188843,1
actual,47,147,nb,0,256,6,0.022597152,0.000088270,0.000004989,0.000153589,1
actual,48,148,nb,0,256,6,0.026623812,0.000103999,0.000005360,0.000178203,1
actual,49,149,nb,0,256,6,0.020888730,0.000081597,0.000003898,0.000150542,1
actual,50,150,nb,0,256,6,0.022854819,0.000089277,0.000006792,0.000165399,1
actual,51,151,nb,0,256,6,0.022986392,0.000089791,0.000005440,0.000147488,1
actual,52,152,nb,0,256,6,0.025398586,0.000099213,0.000005440,0.000175499,1
actual,53,153,nb,0,256,6,0.022462472,0.000087744,0.000004117,0.000157647,1
actual,54,154,nb,0,256,6,0.025140283,0.000098204,0.000005259,0.000174587,1
actual,55,155,nb,0,256,6,0.026834941,0.000104824,0.000006813,0.000189264,1
actual,56,156,nb,0,256,6,0.024713875,0.000096539,0.000005300,0.000178384,1
actual,57,157,nb,0,256,6,0.024063372,0.000093998,0.000004940,0.000172343,1
actual,58,158,nb,0,256,6,0.025294091,0.000098805,0.000005290,0.000156653,1
actual,59,159,nb,0,256,6,0.024111856,0.000094187,0.000003577,0.000165058,1
actual,60,160,nb,0,256,6,0.024769462,0.000096756,0.000004458,0.000169707,1
actual,61,161,nb,0,256,6,0.025191398,0.000098404,0.000003577,0.000185127,1
actual,62,162,nb,0,256,6,0.024241931,0.000094695,0.000007053,0.000175038,1
actual,63,163,nb,0,256,6,0.024842822,0.000097042,0.000003507,0.000180588,1
actual,64,164,nb,0,256,6,0.024909224,0.000097302,0.000005731,0.000179886,1
actual,65,165,nb,0,256,6,0.023851274,0.000093169,0.000004529,0.000168485,1
actual,66,166,nb,0,256,6,0.023636336,0.000092329,0.000006853,0.000169487,1
actual,67,167,nb,0,256,6,0.024468347,0.000095579,0.000007164,0.000166672,1
actual,68,168,nb,0,256,6,0.023462680,0.000091651,0.000005380,0.000158807,1
actual,69,169,nb,0,256,6,0.023809275,0.000093005,0.000003927,0.000158716,1
actual,70,170,nb,0,256,6,0.026755057,0.000104512,0.000007074,0.000179836,1
actual,71,171,nb,0,256,6,0.023572893,0.000092082,0.000005089,0.000168064,1
actual,72,172,nb,0,256,6,0.027648045,0.000108000,0.000006873,0.000184545,1
actual,73,173,nb,0,256,6,0.024151146,0.000094340,0.000004999,0.000181530,1
actual,74,174,nb,0,256,6,0.024096186,0.000094126,0.000011351,0.000158596,1
actual,75,175,nb,0,256,6,0.024777981,0.000096789,0.000005000,0.000167994,1
actual,76,176,nb,0,256,6,0.023039977,0.000090000,0.000006772,0.000156203,1
actual,77,177,nb,0,256,6,0.019527729,0.000076280,0.000003587,0.000144890,1
actual,78,178,nb,0,256,6,0.023407884,0.000091437,0.000005981,0.000151094,1
actual,79,179,nb,0,256,6,0.023894766,0.000093339,0.000003957,0.000168034,1
actual,80,180,nb,0,256,6,0.024704046,0.000096500,0.000005330,0.000176170,1
actual,81,181,nb,0,256,6,0.019513445,0.000076224,0.000005300,0.000146634,1
actual,82,182,nb,0,256,6,0.023294838,0.000090995,0.000006943,0.000164378,1
actual,83,183,nb,0,256,6,0.023180832,0.000090550,0.000005421,0.000164637,1
actual,84,184,nb,0,256,6,0.024349297,0.000095114,0.000006933,0.000168115,1
actual,85,185,nb,0,256,6,0.024233960,0.000094664,0.000005430,0.000154450,1
actual,86,186,nb,0,256,6,0.026138167,0.000102102,0.000005140,0.000174877,1
actual,87,187,nb,0,256,6,0.021379961,0.000083515,0.000003937,0.000142938,1
actual,88,188,nb,0,256,6,0.025603432,0.000100013,0.000006863,0.000171871,1
actual,89,189,nb,0,256,6,0.021903219,0.000085559,0.000002715,0.000155090,1
actual,90,190,nb,0,256,6,0.026513639,0.000103569,0.000005009,0.000180217,1
actual,91,191,nb,0,256,6,0.020665978,0.000080726,0.000003477,0.000151102,1
actual,92,192,nb,0,256,6,0.026020360,0.000101642,0.000005099,0.000180468,1
actual,93,193,nb,0,256,6,0.020543236,0.000080247,0.000003476,0.000136275,1
actual,94,194,nb,0,256,6,0.025395379,0.000099201,0.000005290,0.000176270,1
actual,95,195,nb,0,256,6,0.023614402,0.000092244,0.000003466,0.000177672,1
actual,96,196,nb,0,256,6,0.022267985,0.000086984,0.000007273,0.000157514,1
actual,97,197,nb,0,256,6,0.024487112,0.000095653,0.000003727,0.000165759,1
actual,98,198,nb,0,256,6,0.025260446,0.000098674,0.000007103,0.000155160,1
actual,99,199,nb,0,256,6,0.024122895,0.000094230,0.000003908,0.000163746,1
warmup,0,0,nb,0,256,8,0.025757541,0.000100615,0.000005350,0.000185397,1
warmup,1,1,nb,0,256,8,0.025332937,0.000098957,0.000005120,0.000175759,1
warmup,2,2,nb,0,256,8,0.022465890,0.000087757,0.000004960,0.000155961,1
warmup,3,3,nb,0,256,8,0.024090268,0.000094103,0.000004719,0.000163406,1
warmup,4,4,nb,0,256,8,0.024226353,0.000094634,0.000005090,0.000166521,1
warmup,5,5,nb,0,256,8,0.025610721,0.000100042,0.000005360,0.000189294,1
warmup,6,6,nb,0,256,8,0.025105013,0.000098066,0.000006873,0.000163767,1
warmup,7,7,nb,0,256,8,0.022531278,0.000088013,0.000004469,0.000171049,1
warmup,8,8,nb,0,256,8,0.022492927,0.000087863,0.000006973,0.000162794,1
warmup,9,9,nb,0,256,8,0.024837949,0.000097023,0.000003587,0.000176851,1
warmup,10,10,nb,0,256,8,0.025356873,0.000099050,0.000004379,0.000179055,1
warmup,11,11,nb,0,256,8,0.022340166,0.000087266,0.000003507,0.000159308,1
warmup,12,12,nb,0,256,8,0.023326727,0.000091120,0.000007104,0.000166381,1
warmup,13,13,nb,0,256,8,0.024919376,0.000097341,0.000007474,0.000171311,1
warmup,14,14,nb,0,256,8,0.028008511,0.000109408,0.000005370,0.000185677,1
warmup,15,15,nb,0,256,8,0.020148505,0.000078705,0.000003607,0.000136116,1
warmup,16,16,nb,0,256,8,0.025446798,0.000099402,0.000005170,0.000154880,1
warmup,17,17,nb,0,256,8,0.023861464,0.000093209,0.000005340,0.000173895,1
warmup,18,18,nb,0,256,8,0.025171942,0.000098328,0.000005340,0.000169116,1
warmup,19,19,nb,0,256,8,0.020651327,0.000080669,0.000005510,0.000139461,1
warmup,20,20,nb,0,256,8,0.023601527,0.000092193,0.000011342,0.000153207,1
warmup,21,21,nb,0,256,8,0.023668334,0.000092454,0.000005731,0.000162874,1
warmup,22,22,nb,0,256,8,0.021419069,0.000083668,0.000006673,0.000154559,1
warmup,23,23,nb,0,256,8,0.028716996,0.000112176,0.000007444,0.000183533,1
warmup,24,24,nb,0,256,8,0.026047785,0.000101749,0.000006823,0.000177592,1
warmup,25,25,nb,0,256,8,0.022236966,0.000086863,0.000003607,0.000164407,1
warmup,26,26,nb,0,256,8,0.025803615,0.000100795,0.000005480,0.000176462,1
warmup,27,27,nb,0,256,8,0.021163680,0.000082671,0.000005159,0.000149931,1
warmup,28,28,nb,0,256,8,0.027528546,0.000107533,0.000005270,0.000183002,1
warmup,29,29,nb,0,256,8,0.022736961,0.000088816,0.000005481,0.000164237,1
warmup,30,30,nb,0,256,8,0.024903803,0.000097280,0.000005180,0.000177372,1
warmup,31,31,nb,0,256,8,0.021892477,0.000085517,0.000005330,0.000148890,1
warmup,32,32,nb,0,256,8,0.029175870,0.000113968,0.000007575,0.000183794,1
warmup,33,33,nb,0,256,8,0.022479755,0.000087812,0.000005461,0.000163325,1
warmup,34,34,nb,0,256,8,0.024311504,0.000094967,0.000006793,0.000168956,1
warmup,35,35,nb,0,256,8,0.024076062,0.000094047,0.000005150,0.000177001,1
warmup,36,36,nb,0,256,8,0.022550979,0.000088090,0.000006803,0.000151534,1
warmup,37,37,nb,0,256,8,0.021248088,0.000083000,0.000003617,0.000155741,1
warmup,38,38,nb,0,256,8,0.025328267,0.000098939,0.000006713,0.000173614,1
warmup,39,39,nb,0,256,8,0.023897319,0.000093349,0.000003697,0.000153869,1
warmup,40,40,nb,0,256,8,0.025152186,0.000098251,0.000007444,0.000179886,1
warmup,41,41,nb,0,256,8,0.029227496,0.000114170,0.000007524,0.000185056,1
warmup,42,42,nb,0,256,8,0.023002891,0.000089855,0.000004248,0.000173314,1
warmup,43,43,nb,0,256,8,0.021800619,0.000085159,0.000007504,0.000153116,1
warmup,44,44,nb,0,256,8,0.026227319,0.000102450,0.000005150,0.000181319,1
warmup,45,45,nb,0,256,8,0.025834672,0.000100917,0.000008836,0.000173414,1
warmup,46,46,nb,0,256,8,0.027172719,0.000106143,0.000005380,0.000192990,1
warmup,47,47,nb,0,256,8,0.018566482,0.000072525,0.000003597,0.000147055,1
warmup,48,48,nb,0,256,8,0.021939886,0.000085703,0.000006853,0.000142506,1
warmup,49,49,nb,0,256,8,0.022992015,0.000089813,0.000003837,0.000170750,1
warmup,50,50,nb,0,256,8,0.029765262,0.000116271,0.000007294,0.000197890,1
warmup,51,51,nb,0,256,8,0.023971459,0.000093639,0.000004980,0.000187210,1
warmup,52,52,nb,0,256,8,0.025216124,0.000098500,0.000006833,0.000177572,1
warmup,53,53,nb,0,256,8,0.024618722,0.000096167,0.000006783,0.000171120,1
warmup,54,54,nb,0,256,8,0.025561800,0.000099851,0.000006763,0.000182882,1
warmup,55,55,nb,0,256,8,0.025426608,0.000099323,0.000003907,0.000181860,1
warmup,56,56,nb,0,256,8,0.024196958,0.000094519,0.000006893,0.000164818,1
warmup,57,57,nb,0,256,8,0.024287109,0.000094872,0.000003377,0.000164688,1
warmup,58,58,nb,0,256,8,0.024273835,0.000094820,0.000008996,0.000176690,1
warmup,59,59,nb,0,256,8,0.021247703,0.000082999,0.000005761,0.000138571,1
warmup,60,60,nb,0,256,8,0.027488497,0.000107377,0.000004138,0.000189213,1
warmup,61,61,nb,0,256,8,0.022575154,0.000088184,0.000004909,0.000159939,1
warmup,62,62,nb,0,256,8,0.025140706,0.000098206,0.000005010,0.000169868,1
warmup,63,63,nb,0,256,8,0.023564306,0.000092048,0.000005270,0.000164658,1
warmup,64,64,nb,0,256,8,0.027161780,0.000106101,0.000006963,0.000189434,1
warmup,65,65,nb,0,256,8,0.022978888,0.000089761,0.000005199,0.000148357,1
warmup,66,66,nb,0,256,8,0.026396732,0.000103112,0.000004959,0.000175258,1
warmup,67,67,nb,0,256,8,0.023386190,0.000091352,0.000005209,0.000170459,1
warmup,68,68,nb,0,256,8,0.023677521,0.000092490,0.000007174,0.000155932,1
warmup,69,69,nb,0,256,8,0.022851810,0.000089265,0.000003847,0.000155902,1
warmup,70,70,nb,0,256,8,0.026162201,0.000102196,0.000004860,0.000178504,1
warmup,71,71,nb,0,256,8,0.024788556,0.000096830,0.000004569,0.000176169,1
warmup,72,72,nb,0,256,8,0.023354065,0.000091227,0.000005139,0.000151854,1
warmup,73,73,nb,0,256,8,0.019703723,0.000076968,0.000005200,0.000149700,1
warmup,74,74,nb,0,256,8,0.023321676,0.000091100,0.000006823,0.000148708,1
warmup,75,75,nb,0,256,8,0.025772643,0.000100674,0.000006712,0.000169466,1
warmup,76,76,nb,0,256,8,0.024072158,0.000094032,0.000006772,0.000163175,1
warmup,77,77,nb,0,256,8,0.020794034,0.000081227,0.000005080,0.000148958,1
warmup,78,78,nb,0,256,8,0.025551127,0.000099809,0.000005611,0.000182091,1
warmup,79,79,nb,0,256,8,0.024028507,0.000093861,0.000011081,0.000172392,1
warmup,80,80,nb,0,256,8,0.025902774,0.000101183,0.000006702,0.000169757,1
warmup,81,81,nb,0,256,8,0.020586759,0.000080417,0.000003717,0.000127899,1
warmup,82,82,nb,0,256,8,0.026721600,0.000104381,0.000005009,0.000183664,1
warmup,83,83,nb,0,256,8,0.021151106,0.000082622,0.000003657,0.000156683,1
warmup,84,84,nb,0,256,8,0.025426556,0.000099322,0.000005220,0.000178904,1
warmup,85,85,nb,0,256,8,0.019685742,0.000076897,0.000003507,0.000148337,1
warmup,86,86,nb,0,256,8,0.023610649,0.000092229,0.000007294,0.000159648,1
warmup,87,87,nb,0,256,8,0.023671552,0.000092467,0.000005189,0.000154981,1
warmup,88,88,nb,0,256,8,0.027630613,0.000107932,0.000006873,0.000181239,1
warmup,89,89,nb,0,256,8,0.023896087,0.000093344,0.000004869,0.000168255,1
warmup,90,90,nb,0,256,8,0.023127780,0.000090343,0.000005110,0.000152775,1
warmup,91,91,nb,0,256,8,0.023940078,0.000093516,0.000003777,0.000171350,1
warmup,92,92,nb,0,256,8,0.025414631,0.000099276,0.000006983,0.000169797,1
warmup,93,93,nb,0,256,8,0.024336838,0.000095066,0.000004739,0.000171510,1
warmup,94,94,nb,0,256,8,0.027020553,0.000105549,0.000005791,0.000176600,1
warmup,95,95,nb,0,256,8,0.020448603,0.000079877,0.000003908,0.000147836,1
warmup,96,96,nb,0,256,8,0.023788019,0.000092922,0.000007093,0.000163506,1
warmup,97,97,nb,0,256,8,0.021758896,0.000084996,0.000003516,0.000159848,1
warmup,98,98,nb,0,256,8,0.024878010,0.000097180,0.000004979,0.000179135,1
warmup,99,99,nb,0,256,8,0.025760104,0.000100625,0.000003536,0.000169578,1
actual,0,100,nb,0,256,8,0.028668536,0.000111986,0.000006592,0.000190617,1
actual,1,101,nb,0,256,8,0.024000208,0.000093751,0.000005080,0.000160269,1
actual,2,102,nb,0,256,8,0.025546881,0.000099793,0.000006832,0.000156113,1
actual,3,103,nb,0,256,8,0.023424532,0.000091502,0.000005010,0.000169807,1
actual,4,104,nb,0,256,8,0.022050268,0.000086134,0.000007545,0.000138970,1
actual,5,105,nb,0,256,8,0.023894280,0.000093337,0.000004900,0.000177412,1
actual,6,106,nb,0,256,8,0.026494630,0.000103495,0.000005750,0.000168335,1
actual,7,107,nb,0,256,8,0.024735399,0.000096623,0.000005260,0.000165630,1
actual,8,108,nb,0,256,8,0.025780179,0.000100704,0.000005120,0.000173595,1
actual,9,109,nb,0,256,8,0.025277419,0.000098740,0.000005320,0.000176039,1
actual,10,110,nb,0,256,8,0.024849661,0.000097069,0.000004078,0.000172642,1
actual,11,111,nb,0,256,8,0.024233582,0.000094662,0.000005260,0.000164177,1
actual,12,112,nb,0,256,8,0.022160367,0.000086564,0.000004959,0.000146975,1
actual,13,113,nb,0,256,8,0.023019428,0.000089920,0.000005199,0.000166942,1
actual,14,114,nb,0,256,8,0.024939729,0.000097421,0.000006953,0.000172051,1
actual,15,115,nb,0,256,8,0.022718664,0.000088745,0.000006843,0.000161222,1
actual,16,116,nb,0,256,8,0.024529462,0.000095818,0.000006943,0.000163956,1
actual,17,117,nb,0,256,8,0.022789898,0.000089023,0.000004939,0.000162705,1
actual,18,118,nb,0,256,8,0.025442440,0.000099385,0.000004108,0.000187160,1
actual,19,119,nb,0,256,8,0.019823009,0.000077434,0.000003466,0.000139671,1
actual,20,120,nb,0,256,8,0.024711426,0.000096529,0.000005350,0.000175448,1
actual,21,121,nb,0,256,8,0.020681399,0.000080787,0.000004979,0.000159368,1
actual,22,122,nb,0,256,8,0.027409826,0.000107070,0.000005851,0.000191478,1
actual,23,123,nb,0,256,8,0.019770432,0.000077228,0.000003647,0.000148809,1
actual,24,124,nb,0,256,8,0.024179942,0.000094453,0.000006823,0.000171290,1
actual,25,125,nb,0,256,8,0.024442537,0.000095479,0.000005230,0.000164207,1
actual,26,126,nb,0,256,8,0.024948133,0.000097454,0.000005200,0.000169056,1
actual,27,127,nb,0,256,8,0.025969906,0.000101445,0.000007224,0.000184234,1
actual,28,128,nb,0,256,8,0.026177073,0.000102254,0.000006993,0.000163546,1
actual,29,129,nb,0,256,8,0.023063950,0.000090094,0.000004940,0.000164618,1
actual,30,130,nb,0,256,8,0.025365240,0.000099083,0.000006803,0.000180227,1
actual,31,131,nb,0,256,8,0.027203982,0.000106266,0.000006603,0.000188423,1
actual,32,132,nb,0,256,8,0.024495136,0.000095684,0.000005079,0.000154670,1
actual,33,133,nb,0,256,8,0.023424532,0.000091502,0.000007184,0.000174196,1
actual,34,134,nb,0,256,8,0.020958372,0.000081869,0.000003426,0.000148819,1
actual,35,135,nb,0,256,8,0.021179847,0.000082734,0.000005250,0.000160510,1
actual,36,136,nb,0,256,8,0.027093910,0.000105836,0.000011641,0.000192670,1
actual,37,137,nb,0,256,8,0.020691435,0.000080826,0.000004128,0.000161422,1
actual,38,138,nb,0,256,8,0.022925050,0.000089551,0.000006853,0.000164687,1
actual,39,139,nb,0,256,8,0.020040942,0.000078285,0.000003517,0.000145922,1
actual,40,140,nb,0,256,8,0.025780998,0.000100707,0.000013506,0.000184886,1
actual,41,141,nb,0,256,8,0.023718161,0.000092649,0.000004017,0.000166301,1
actual,42,142,nb,0,256,8,0.025606304,0.000100025,0.000005330,0.000179656,1
actual,43,143,nb,0,256,8,0.023183049,0.000090559,0.000006963,0.000164678,1
actual,44,144,nb,0,256,8,0.025828784,0.000100894,0.000004829,0.000180718,1
actual,45,145,nb,0,256,8,0.025491215,0.000099575,0.000007123,0.000172563,1
actual,46,146,nb,0,256,8,0.021831366,0.000085279,0.000003857,0.000135173,1
actual,47,147,nb,0,256,8,0.022788674,0.000089018,0.000008826,0.000162674,1
actual,48,148,nb,0,256,8,0.022381336,0.000087427,0.000006763,0.000166932,1
actual,49,149,nb,0,256,8,0.023440862,0.000091566,0.000005350,0.000182151,1
actual,50,150,nb,0,256,8,0.025414990,0.000099277,0.000005039,0.000178955,1
actual,51,151,nb,0,256,8,0.024281382,0.000094849,0.000006793,0.000157575,1
actual,52,152,nb,0,256,8,0.025704482,0.000100408,0.000005230,0.000177462,1
actual,53,153,nb,0,256,8,0.022156183,0.000086548,0.000004959,0.000161432,1
actual,54,154,nb,0,256,8,0.027070292,0.000105743,0.000004919,0.000183884,1
actual,55,155,nb,0,256,8,0.024429846,0.000095429,0.000003496,0.000180468,1
actual,56,156,nb,0,256,8,0.025911660,0.000101217,0.000005270,0.000174006,1
actual,57,157,nb,0,256,8,0.022215173,0.000086778,0.000004569,0.000148968,1
actual,58,158,nb,0,256,8,0.027691288,0.000108169,0.000005280,0.000202198,1
actual,59,159,nb,0,256,8,0.024089020,0.000094098,0.000004839,0.000172783,1
actual,60,160,nb,0,256,8,0.022081657,0.000086256,0.000006913,0.000154258,1
actual,61,161,nb,0,256,8,0.020336438,0.000079439,0.000007544,0.000150812,1
actual,62,162,nb,0,256,8,0.023378909,0.000091324,0.000006732,0.000162614,1
actual,63,163,nb,0,256,8,0.023860264,0.000093204,0.000005219,0.000179325,1
actual,64,164,nb,0,256,8,0.024954874,0.000097480,0.000005310,0.000161001,1
actual,65,165,nb,0,256,8,0.023809949,0.000093008,0.000009087,0.000166311,1
actual,66,166,nb,0,256,8,0.024454557,0.000095526,0.000006832,0.000172011,1
actual,67,167,nb,0,256,8,0.022295810,0.000087093,0.000003857,0.000159739,1
actual,68,168,nb,0,256,8,0.022409801,0.000087538,0.000005230,0.000164778,1
actual,69,169,nb,0,256,8,0.023581183,0.000092114,0.000003797,0.000154941,1
actual,70,170,nb,0,256,8,0.025502269,0.000099618,0.000007023,0.000177542,1
actual,71,171,nb,0,256,8,0.019825325,0.000077443,0.000002856,0.000134602,1
actual,72,172,nb,0,256,8,0.026050439,0.000101760,0.000005190,0.000175488,1
actual,73,173,nb,0,256,8,0.024355073,0.000095137,0.000005460,0.000164638,1
actual,74,174,nb,0,256,8,0.022752834,0.000088878,0.000005601,0.000156903,1
actual,75,175,nb,0,256,8,0.024891570,0.000097233,0.000010079,0.000172552,1
actual,76,176,nb,0,256,8,0.022383090,0.000087434,0.000007133,0.000140873,1
actual,77,177,nb,0,256,8,0.025024433,0.000097752,0.000005330,0.000179616,1
actual,78,178,nb,0,256,8,0.025871606,0.000101061,0.000006762,0.000179335,1
actual,79,179,nb,0,256,8,0.022778803,0.000088980,0.000007184,0.000158046,1
actual,80,180,nb,0,256,8,0.024130735,0.000094261,0.000005190,0.000157324,1
actual,81,181,nb,0,256,8,0.024436112,0.000095454,0.000004959,0.000183904,1
actual,82,182,nb,0,256,8,0.026003311,0.000101575,0.000003908,0.000180948,1
actual,83,183,nb,0,256,8,0.020071566,0.000078405,0.000003517,0.000149059,1
actual,84,184,nb,0,256,8,0.022498161,0.000087883,0.000006713,0.000141545,1
actual,85,185,nb,0,256,8,0.024788959,0.000096832,0.000004168,0.000172011,1
actual,86,186,nb,0,256,8,0.024714360,0.000096540,0.000011101,0.000165369,1
actual,87,187,nb,0,256,8,0.020872785,0.000081534,0.000004749,0.000152435,1
actual,88,188,nb,0,256,8,0.025069413,0.000097927,0.000005090,0.000166231,1
actual,89,189,nb,0,256,8,0.025244757,0.000098612,0.000009538,0.000169737,1
actual,90,190,nb,0,256,8,0.026252278,0.000102548,0.000006753,0.000182982,1
actual,91,191,nb,0,256,8,0.022235826,0.000086859,0.000004037,0.000162714,1
actual,92,192,nb,0,256,8,0.022814595,0.000089120,0.000005230,0.000165449,1
actual,93,193,nb,0,256,8,0.020071494,0.000078404,0.000003496,0.000133401,1
actual,94,194,nb,0,256,8,0.024009268,0.000093786,0.000007454,0.000166762,1
actual,95,195,nb,0,256,8,0.023413807,0.000091460,0.000007083,0.000174977,1
actual,96,196,nb,0,256,8,0.024270417,0.000094806,0.000005070,0.000176269,1
actual,97,197,nb,0,256,8,0.022000930,0.000085941,0.000003947,0.000163596,1
actual,98,198,nb,0,256,8,0.025420259,0.000099298,0.000005390,0.000161152,1
actual,99,199,nb,0,256,8,0.026123077,0.000102043,0.000004739,0.000192209,1
warmup,0,0,nb,0,256,12,0.025208497,0.000098471,0.000006782,0.000175578,1
warmup,1,1,nb,0,256,12,0.024915686,0.000097327,0.000003557,0.000162143,1
warmup,2,2,nb,0,256,12,0.025783056,0.000100715,0.000005431,0.000170379,1
warmup,3,3,nb,0,256,12,0.021861264,0.000085396,0.000008285,0.000153998,1
warmup,4,4,nb,0,256,12,0.026563568,0.000103764,0.000004117,0.000188533,1
warmup,5,5,nb,0,256,12,0.021473646,0.000083881,0.000005219,0.000156082,1
warmup,6,6,nb,0,256,12,0.024687110,0.000096434,0.000006873,0.000174587,1
warmup,7,7,nb,0,256,12,0.019993885,0.000078101,0.000003426,0.000144430,1
warmup,8,8,nb,0,256,12,0.026550891,0.000103714,0.000006842,0.000186339,1
warmup,9,9,nb,0,256,12,0.023704904,0.000092597,0.000005240,0.000177412,1
warmup,10,10,nb,0,256,12,0.022672047,0.000088563,0.000005100,0.000164959,1
warmup,11,11,nb,0,256,12,0.023321324,0.000091099,0.000004960,0.000173795,1
warmup,12,12,nb,0,256,12,0.024608302,0.000096126,0.000005721,0.000172502,1
warmup,13,13,nb,0,256,12,0.021602554,0.000084385,0.000004107,0.000163496,1
warmup,14,14,nb,0,256,12,0.024203398,0.000094545,0.000006883,0.000170830,1
warmup,15,15,nb,0,256,12,0.023501588,0.000091803,0.000005310,0.000165119,1
warmup,16,16,nb,0,256,12,0.025443428,0.000099388,0.000004058,0.000182061,1
warmup,17,17,nb,0,256,12,0.021401430,0.000083599,0.000003687,0.000146704,1
warmup,18,18,nb,0,256,12,0.025799387,0.000100779,0.000005250,0.000172693,1
warmup,19,19,nb,0,256,12,0.019893565,0.000077709,0.000003757,0.000150240,1
warmup,20,20,nb,0,256,12,0.022987456,0.000089795,0.000004839,0.000170709,1
warmup,21,21,nb,0,256,12,0.020649575,0.000080662,0.000005781,0.000147015,1
warmup,22,22,nb,0,256,12,0.022460751,0.000087737,0.000006852,0.000152636,1
warmup,23,23,nb,0,256,12,0.020940124,0.000081797,0.000005791,0.000149029,1
warmup,24,24,nb,0,256,12,0.024574444,0.000095994,0.000005100,0.000165602,1
warmup,25,25,nb,0,256,12,0.024389448,0.000095271,0.000007083,0.000158066,1
warmup,26,26,nb,0,256,12,0.027675332,0.000108107,0.000006933,0.000184525,1
warmup,27,27,nb,0,256,12,0.021828663,0.000085268,0.000005982,0.000153557,1
warmup,28,28,nb,0,256,12,0.025508418,0.000099642,0.000005210,0.000181960,1
warmup,29,29,nb,0,256,12,0.023871581,0.000093248,0.000005010,0.000169817,1
warmup,30,30,nb,0,256,12,0.024734021,0.000096617,0.000007194,0.000171000,1
warmup,31,31,nb,0,256,12,0.020229210,0.000079020,0.000003436,0.000151864,1
warmup,32,32,nb,0,256,12,0.025556858,0.000099831,0.000004128,0.000180417,1
warmup,33,33,nb,0,256,12,0.020384477,0.000079627,0.000003477,0.000151243,1
warmup,34,34,nb,0,256,12,0.023944686,0.000093534,0.000006863,0.000174266,1
warmup,35,35,nb,0,256,12,0.024236506,0.000094674,0.000005250,0.000174315,1
warmup,36,36,nb,0,256,12,0.025261914,0.000098679,0.000005210,0.000171852,1
warmup,37,37,nb,0,256,12,0.025487938,0.000099562,0.000006853,0.000172703,1
warmup,38,38,nb,0,256,12,0.024754144,0.000096696,0.000003928,0.000156265,1
warmup,39,39,nb,0,256,12,0.023210046,0.000090664,0.000005561,0.000153790,1
warmup,40,40,nb,0,256,12,0.025248797,0.000098628,0.000005290,0.000169407,1
warmup,41,41,nb,0,256,12,0.022782013,0.000088992,0.000004218,0.000159468,1
warmup,42,42,nb,0,256,12,0.023605991,0.000092211,0.000006873,0.000174816,1
warmup,43,43,nb,0,256,12,0.021612215,0.000084423,0.000003446,0.000139861,1
warmup,44,44,nb,0,256,12,0.026452751,0.000103331,0.000005140,0.000181720,1
warmup,45,45,nb,0,256,12,0.023768084,0.000092844,0.000005179,0.000173395,1
warmup,46,46,nb,0,256,12,0.026253635,0.000102553,0.000006863,0.000179496,1
warmup,47,47,nb,0,256,12,0.021570537,0.000084260,0.000004869,0.000156362,1
warmup,48,48,nb,0,256,12,0.026060791,0.000101800,0.000005610,0.000174106,1
warmup,49,49,nb,0,256,12,0.026648775,0.000104097,0.000002705,0.000189925,1
warmup,50,50,nb,0,256,12,0.025173722,0.000098335,0.000005279,0.000176930,1
warmup,51,51,nb,0,256,12,0.022999999,0.000089844,0.000004158,0.000146424,1
warmup,52,52,nb,0,256,12,0.025527621,0.000099717,0.000006963,0.000177852,1
warmup,53,53,nb,0,256,12,0.020527543,0.000080186,0.000003637,0.000143268,1
warmup,54,54,nb,0,256,12,0.026422724,0.000103214,0.000004989,0.000173224,1
warmup,55,55,nb,0,256,12,0.025220813,0.000098519,0.000005780,0.000169858,1
warmup,56,56,nb,0,256,12,0.022145326,0.000086505,0.000004979,0.000143019,1
warmup,57,57,nb,0,256,12,0.023625710,0.000092288,0.000007615,0.000163806,1
warmup,58,58,nb,0,256,12,0.026703021,0.000104309,0.000005450,0.000175068,1
warmup,59,59,nb,0,256,12,0.020648498,0.000080658,0.000003527,0.000155070,1
warmup,60,60,nb,0,256,12,0.023896030,0.000093344,0.000005169,0.000165259,1
warmup,61,61,nb,0,256,12,0.023735228,0.000092716,0.000005400,0.000174636,1
warmup,62,62,nb,0,256,12,0.026810083,0.000104727,0.000006812,0.000190656,1
warmup,63,63,nb,0,256,12,0.025231911,0.000098562,0.000003857,0.000162875,1
warmup,64,64,nb,0,256,12,0.025379734,0.000099140,0.000005029,0.000175999,1
warmup,65,65,nb,0,256,12,0.021852702,0.000085362,0.000003496,0.000143940,1
warmup,66,66,nb,0,256,12,0.023853493,0.000093178,0.000006011,0.000175639,1
warmup,67,67,nb,0,256,12,0.021670598,0.000084651,0.000003666,0.000153417,1
warmup,68,68,nb,0,256,12,0.025596036,0.000099985,0.000005431,0.000175629,1
warmup,69,69,nb,0,256,12,0.021138191,0.000082571,0.000005450,0.000147766,1
warmup,70,70,nb,0,256,12,0.025266494,0.000098697,0.000004990,0.000177843,1
warmup,71,71,nb,0,256,12,0.022916170,0.000089516,0.000003587,0.000160641,1
warmup,72,72,nb,0,256,12,0.024164466,0.000094392,0.000005260,0.000160710,1
warmup,73,73,nb,0,256,12,0.025043657,0.000097827,0.000003757,0.000167262,1
warmup,74,74,nb,0,256,12,0.024863951,0.000097125,0.000005160,0.000164818,1
warmup,75,75,nb,0,256,12,0.021131140,0.000082544,0.000005660,0.000145934,1
warmup,76,76,nb,0,256,12,0.024525837,0.000095804,0.000005220,0.000174026,1
warmup,77,77,nb,0,256,12,0.022600200,0.000088282,0.000005079,0.000166070,1
warmup,78,78,nb,0,256,12,0.025294441,0.000098806,0.000005140,0.000174266,1
warmup,79,79,nb,0,256,12,0.023801132,0.000092973,0.000003516,0.000179476,1
warmup,80,80,nb,0,256,12,0.026997989,0.000105461,0.000006873,0.000191849,1
warmup,81,81,nb,0,256,12,0.021334709,0.000083339,0.000003497,0.000140072,1
warmup,82,82,nb,0,256,12,0.026028749,0.000101675,0.000004980,0.000160921,1
warmup,83,83,nb,0,256,12,0.022957116,0.000089676,0.000003867,0.000168535,1
warmup,84,84,nb,0,256,12,0.024067414,0.000094013,0.000007153,0.000173084,1
warmup,85,85,nb,0,256,12,0.020534540,0.000080213,0.000003576,0.000146714,1
warmup,86,86,nb,0,256,12,0.025297348,0.000098818,0.000005310,0.000172843,1
warmup,87,87,nb,0,256,12,0.021757460,0.000084990,0.000003898,0.000142126,1
warmup,88,88,nb,0,256,12,0.022559464,0.000088123,0.000006933,0.000140504,1
warmup,89,89,nb,0,256,12,0.026345979,0.000102914,0.000004078,0.000183624,1
warmup,90,90,nb,0,256,12,0.023355410,0.000091232,0.000006793,0.000166802,1
warmup,91,91,nb,0,256,12,0.024126417,0.000094244,0.000003647,0.000177402,1
warmup,92,92,nb,0,256,12,0.025429618,0.000099334,0.000008616,0.000181249,1
warmup,93,93,nb,0,256,12,0.022456806,0.000087722,0.000005491,0.000156944,1
warmup,94,94,nb,0,256,12,0.026263691,0.000102593,0.000004178,0.000173184,1
warmup,95,95,nb,0,256,12,0.024726193,0.000096587,0.000003597,0.000165570,1
warmup,96,96,nb,0,256,12,0.023042854,0.000090011,0.000006853,0.000169126,1
warmup,97,97,nb,0,256,12,0.019905522,0.000077756,0.000002665,0.000151884,1
warmup,98,98,nb,0,256,12,0.026243626,0.000102514,0.000004999,0.000183453,1
warmup,99,99,nb,0,256,12,0.022862446,0.000089306,0.000003897,0.000160290,1
actual,0,100,nb,0,256,12,0.025129528,0.000098162,0.000005069,0.000174777,1
actual,1,101,nb,0,256,12,0.021457824,0.000083820,0.000003546,0.000148417,1
actual,2,102,nb,0,256,12,0.021634658,0.000084510,0.000007204,0.000137457,1
actual,3,103,nb,0,256,12,0.023677186,0.000092489,0.000005370,0.000151766,1
actual,4,104,nb,0,256,12,0.025550082,0.000099805,0.000005300,0.000171651,1
actual,5,105,nb,0,256,12,0.025346329,0.000099009,0.000005030,0.000185257,1
actual,6,106,nb,0,256,12,0.024847990,0.000097062,0.000005390,0.000158807,1
actual,7,107,nb,0,256,12,0.025587015,0.000099949,0.000005040,0.000184746,1
actual,8,108,nb,0,256,12,0.024364843,0.000095175,0.000005069,0.000168986,1
actual,9,109,nb,0,256,12,0.021707836,0.000084796,0.000004068,0.000155521,1
actual,10,110,nb,0,256,12,0.025894674,0.000101151,0.000006933,0.000179396,1
actual,11,111,nb,0,256,12,0.024220781,0.000094612,0.000004599,0.000161482,1
actual,12,112,nb,0,256,12,0.025302980,0.000098840,0.000005170,0.000176189,1
actual,13,113,nb,0,256,12,0.023579105,0.000092106,0.000005290,0.000158937,1
actual,14,114,nb,0,256,12,0.025737124,0.000100536,0.000005290,0.000179255,1
actual,15,115,nb,0,256,12,0.021045331,0.000082208,0.000003567,0.000151493,1
actual,16,116,nb,0,256,12,0.024657637,0.000096319,0.000004348,0.000188612,1
actual,17,117,nb,0,256,12,0.023275217,0.000090919,0.000005320,0.000169116,1
actual,18,118,nb,0,256,12,0.024227399,0.000094638,0.000005119,0.000157394,1
actual,19,119,nb,0,256,12,0.023740188,0.000092735,0.000006843,0.000167363,1
actual,20,120,nb,0,256,12,0.024589994,0.000096055,0.000007414,0.000161371,1
actual,21,121,nb,0,256,12,0.022884882,0.000089394,0.000005460,0.000160270,1
actual,22,122,nb,0,256,12,0.025441006,0.000099379,0.000003987,0.000173384,1
actual,23,123,nb,0,256,12,0.023106510,0.000090260,0.000005019,0.000160179,1
actual,24,124,nb,0,256,12,0.024004046,0.000093766,0.000006873,0.000165269,1
actual,25,125,nb,0,256,12,0.022703375,0.000088685,0.000005360,0.000166291,1
actual,26,126,nb,0,256,12,0.023028763,0.000089956,0.000003437,0.000166100,1
actual,27,127,nb,0,256,12,0.025321056,0.000098910,0.000003717,0.000169036,1
actual,28,128,nb,0,256,12,0.024997646,0.000097647,0.000005110,0.000172753,1
actual,29,129,nb,0,256,12,0.028211606,0.000110202,0.000007544,0.000179506,1
actual,30,130,nb,0,256,12,0.024063291,0.000093997,0.000006853,0.000168595,1
actual,31,131,nb,0,256,12,0.024752618,0.000096690,0.000003677,0.000176790,1
actual,32,132,nb,0,256,12,0.025059174,0.000097887,0.000004959,0.000174336,1
actual,33,133,nb,0,256,12,0.023121364,0.000090318,0.000004018,0.000171110,1
actual,34,134,nb,0,256,12,0.025759371,0.000100623,0.000005090,0.000177181,1
actual,35,135,nb,0,256,12,0.024400230,0.000095313,0.000003597,0.000177542,1
actual,36,136,nb,0,256,12,0.025072195,0.000097938,0.000006653,0.000177933,1
actual,37,137,nb,0,256,12,0.022175212,0.000086622,0.000003978,0.000151125,1
actual,38,138,nb,0,256,12,0.029003990,0.000113297,0.000007394,0.000188372,1
actual,39,139,nb,0,256,12,0.020377359,0.000079599,0.000003527,0.000154699,1
actual,40,140,nb,0,256,12,0.024376989,0.000095223,0.000009477,0.000152166,1
actual,41,141,nb,0,256,12,0.023654559,0.000092401,0.000007625,0.000163235,1
actual,42,142,nb,0,256,12,0.024525146,0.000095801,0.000004949,0.000161401,1
actual,43,143,nb,0,256,12,0.026559101,0.000103746,0.000005250,0.000198341,1
actual,44,144,nb,0,256,12,0.024811305,0.000096919,0.000011211,0.000170629,1
actual,45,145,nb,0,256,12,0.022399405,0.000087498,0.000003437,0.000160030,1
actual,46,146,nb,0,256,12,0.024782023,0.000096805,0.000006873,0.000157525,1
actual,47,147,nb,0,256,12,0.022004989,0.000085957,0.000003878,0.000157144,1
actual,48,148,nb,0,256,12,0.024111981,0.000094187,0.000003867,0.000155701,1
actual,49,149,nb,0,256,12,0.024493762,0.000095679,0.000003917,0.000181289,1
actual,50,150,nb,0,256,12,0.024734170,0.000096618,0.000005009,0.000175117,1
actual,51,151,nb,0,256,12,0.023339648,0.000091170,0.000006863,0.000172172,1
actual,52,152,nb,0,256,12,0.025747255,0.000100575,0.000008727,0.000187711,1
actual,53,153,nb,0,256,12,0.024280962,0.000094848,0.000005290,0.000178554,1
actual,54,154,nb,0,256,12,0.025728017,0.000100500,0.000004047,0.000178544,1
actual,55,155,nb,0,256,12,0.023686632,0.000092526,0.000003447,0.000169397,1
actual,56,156,nb,0,256,12,0.026261047,0.000102582,0.000007353,0.000166080,1
actual,57,157,nb,0,256,12,0.024030671,0.000093870,0.000005160,0.000175418,1
actual,58,158,nb,0,256,12,0.024703556,0.000096498,0.000005180,0.000176961,1
actual,59,159,nb,0,256,12,0.022887937,0.000089406,0.000003537,0.000163535,1
actual,60,160,nb,0,256,12,0.025159054,0.000098278,0.000005230,0.000180187,1
actual,61,161,nb,0,256,12,0.024868847,0.000097144,0.000005049,0.000161843,1
actual,62,162,nb,0,256,12,0.026559756,0.000103749,0.000005340,0.000175017,1
actual,63,163,nb,0,256,12,0.025477773,0.000099523,0.000003748,0.000180137,1
actual,64,164,nb,0,256,12,0.022936516,0.000089596,0.000005280,0.000158337,1
actual,65,165,nb,0,256,12,0.027033617,0.000105600,0.000007344,0.000180298,1
actual,66,166,nb,0,256,12,0.021383442,0.000083529,0.000005500,0.000149590,1
actual,67,167,nb,0,256,12,0.023629193,0.000092302,0.000005079,0.000168084,1
actual,68,168,nb,0,256,12,0.024408009,0.000095344,0.000006823,0.000175438,1
actual,69,169,nb,0,256,12,0.020491905,0.000080047,0.000005199,0.000154018,1
actual,70,170,nb,0,256,12,0.026077755,0.000101866,0.000005120,0.000189064,1
actual,71,171,nb,0,256,12,0.019675714,0.000076858,0.000003496,0.000148658,1
actual,72,172,nb,0,256,12,0.024801262,0.000096880,0.000006773,0.000171992,1
actual,73,173,nb,0,256,12,0.020534219,0.000080212,0.000003577,0.000146734,1
actual,74,174,nb,0,256,12,0.025729627,0.000100506,0.000005461,0.000164940,1
actual,75,175,nb,0,256,12,0.025533044,0.000099738,0.000006943,0.000171441,1
actual,76,176,nb,0,256,12,0.024802766,0.000096886,0.000006873,0.000171811,1
actual,77,177,nb,0,256,12,0.020158630,0.000078745,0.000003657,0.000137397,1
actual,78,178,nb,0,256,12,0.024430599,0.000095432,0.000006843,0.000156012,1
actual,79,179,nb,0,256,12,0.023992273,0.000093720,0.000005079,0.000178013,1
actual,80,180,nb,0,256,12,0.025994144,0.000101540,0.000004799,0.000177892,1
actual,81,181,nb,0,256,12,0.023455831,0.000091624,0.000003887,0.000167072,1
actual,82,182,nb,0,256,12,0.024779311,0.000096794,0.000006712,0.000173544,1
actual,83,183,nb,0,256,12,0.023503851,0.000091812,0.000005440,0.000173785,1
actual,84,184,nb,0,256,12,0.022900115,0.000089454,0.000007053,0.000154409,1
actual,85,185,nb,0,256,12,0.024390743,0.000095276,0.000006773,0.000156592,1
actual,86,186,nb,0,256,12,0.024431778,0.000095437,0.000006813,0.000167734,1
actual,87,187,nb,0,256,12,0.024146959,0.000094324,0.000004178,0.000172753,1
actual,88,188,nb,0,256,12,0.023136797,0.000090378,0.000005510,0.000160730,1
actual,89,189,nb,0,256,12,0.024027620,0.000093858,0.000007544,0.000171391,1
actual,90,190,nb,0,256,12,0.025010690,0.000097698,0.000006762,0.000172893,1
actual,91,191,nb,0,256,12,0.022543113,0.000088059,0.000003547,0.000160830,1
actual,92,192,nb,0,256,12,0.023501743,0.000091804,0.000005710,0.000157424,1
actual,93,193,nb,0,256,12,0.022736108,0.000088813,0.000004107,0.000169718,1
actual,94,194,nb,0,256,12,0.024743595,0.000096655,0.000006793,0.000176129,1
actual,95,195,nb,0,256,12,0.023856645,0.000093190,0.000004990,0.000174707,1
actual,96,196,nb,0,256,12,0.024682263,0.000096415,0.000005210,0.000172272,1
actual,97,197,nb,0,256,12,0.024308957,0.000094957,0.000005170,0.000164748,1
actual,98,198,nb,0,256,12,0.024317898,0.000094992,0.000006833,0.000175538,1
actual,99,199,nb,0,256,12,0.023558770,0.000092026,0.000003807,0.000165820,1
warmup,0,0,nb,0,256,16,0.024909714,0.000097304,0.000005230,0.000159438,1
warmup,1,1,nb,0,256,16,0.023912744,0.000093409,0.000003697,0.000164157,1
warmup,2,2,nb,0,256,16,0.026177546,0.000102256,0.000006923,0.000172633,1
warmup,3,3,nb,0,256,16,0.022450866,0.000087699,0.000005139,0.000165299,1
warmup,4,4,nb,0,256,16,0.024824513,0.000096971,0.000005460,0.000154038,1
warmup,5,5,nb,0,256,16,0.023309738,0.000091054,0.000005210,0.000167714,1
warmup,6,6,nb,0,256,16,0.026289242,0.000102692,0.000006873,0.000185066,1
warmup,7,7,nb,0,256,16,0.023303808,0.000091030,0.000007544,0.000165480,1
warmup,8,8,nb,0,256,16,0.026207797,0.000102374,0.000005059,0.000178123,1
warmup,9,9,nb,0,256,16,0.023786636,0.000092917,0.000005219,0.000166882,1
warmup,10,10,nb,0,256,16,0.022216207,0.000086782,0.000007073,0.000146334,1
warmup,11,11,nb,0,256,16,0.023016656,0.000089909,0.000003887,0.000157426,1
warmup,12,12,nb,0,256,16,0.025452647,0.000099424,0.000004779,0.000170890,1
warmup,13,13,nb,0,256,16,0.021781935,0.000085086,0.000003646,0.000147055,1
warmup,14,14,nb,0,256,16,0.024231068,0.000094653,0.000005571,0.000167093,1
warmup,15,15,nb,0,256,16,0.024163890,0.000094390,0.000004218,0.000165619,1
warmup,16,16,nb,0,256,16,0.023678771,0.000092495,0.000012774,0.000161832,1
warmup,17,17,nb,0,256,16,0.023972336,0.000093642,0.000004087,0.000174757,1
warmup,18,18,nb,0,256,16,0.024603405,0.000096107,0.000005080,0.000173464,1
warmup,19,19,nb,0,256,16,0.022602614,0.000088291,0.000003707,0.000166641,1
warmup,20,20,nb,0,256,16,0.025288481,0.000098783,0.000006793,0.000180498,1
warmup,21,21,nb,0,256,16,0.022067789,0.000086202,0.000005130,0.000157444,1
warmup,22,22,nb,0,256,16,0.025200594,0.000098440,0.000006743,0.000172853,1
warmup,23,23,nb,0,256,16,0.024171197,0.000094419,0.000004869,0.000165179,1
warmup,24,24,nb,0,256,16,0.026593448,0.000103881,0.000005070,0.000182882,1
warmup,25,25,nb,0,256,16,0.025260515,0.000098674,0.000005250,0.000171972,1
warmup,26,26,nb,0,256,16,0.024876186,0.000097173,0.000006742,0.000177071,1
warmup,27,27,nb,0,256,16,0.020529503,0.000080193,0.000003627,0.000138752,1
warmup,28,28,nb,0,256,16,0.027350144,0.000106836,0.000007374,0.000195265,1
warmup,29,29,nb,0,256,16,0.022358253,0.000087337,0.000005350,0.000149722,1
warmup,30,30,nb,0,256,16,0.028100878,0.000109769,0.000005169,0.000184105,1
warmup,31,31,nb,0,256,16,0.020040313,0.000078282,0.000005460,0.000150231,1
warmup,32,32,nb,0,256,16,0.023316501,0.000091080,0.000006803,0.000154008,1
warmup,33,33,nb,0,256,16,0.022796849,0.000089050,0.000003526,0.000167754,1
warmup,34,34,nb,0,256,16,0.023762143,0.000092821,0.000009398,0.000170409,1
warmup,35,35,nb,0,256,16,0.022107858,0.000086359,0.000005249,0.000167453,1
warmup,36,36,nb,0,256,16,0.023983652,0.000093686,0.000005220,0.000175438,1
warmup,37,37,nb,0,256,16,0.020239543,0.000079061,0.000003867,0.000150702,1
warmup,38,38,nb,0,256,16,0.022153224,0.000086536,0.000006853,0.000158687,1
warmup,39,39,nb,0,256,16,0.020505711,0.000080100,0.000004970,0.000131065,1
warmup,40,40,nb,0,256,16,0.026586199,0.000103852,0.000004178,0.000195516,1
warmup,41,41,nb,0,256,16,0.022700721,0.000088675,0.000003727,0.000150864,1
warmup,42,42,nb,0,256,16,0.026893398,0.000105052,0.000005110,0.000172403,1
warmup,43,43,nb,0,256,16,0.021619985,0.000084453,0.000003526,0.000151834,1
warmup,44,44,nb,0,256,16,0.025213849,0.000098492,0.000007123,0.000166391,1
warmup,45,45,nb,0,256,16,0.021048362,0.000082220,0.000005270,0.000141224,1
warmup,46,46,nb,0,256,16,0.027237833,0.000106398,0.000005380,0.000189615,1
warmup,47,47,nb,0,256,16,0.027038926,0.000105621,0.000003627,0.000183644,1
warmup,48,48,nb,0,256,16,0.022105626,0.000086350,0.000007093,0.000153166,1
warmup,49,49,nb,0,256,16,0.023830699,0.000093089,0.000007414,0.000166652,1
warmup,50,50,nb,0,256,16,0.025532022,0.000099734,0.000005150,0.000172673,1
warmup,51,51,nb,0,256,16,0.023536399,0.000091939,0.000005330,0.000166432,1
warmup,52,52,nb,0,256,16,0.024813861,0.000096929,0.000004939,0.000168244,1
warmup,53,53,nb,0,256,16,0.024982773,0.000097589,0.000005080,0.000173916,1
warmup,54,54,nb,0,256,16,0.023301322,0.000091021,0.000008786,0.000159368,1
warmup,55,55,nb,0,256,16,0.021681577,0.000084694,0.000005651,0.000152395,1
warmup,56,56,nb,0,256,16,0.024207786,0.000094562,0.000007484,0.000173364,1
warmup,57,57,nb,0,256,16,0.019325141,0.000075489,0.000002555,0.000146654,1
warmup,58,58,nb,0,256,16,0.022419264,0.000087575,0.000006713,0.000135864,1
warmup,59,59,nb,0,256,16,0.019629898,0.000076679,0.000003526,0.000125857,1
warmup,60,60,nb,0,256,16,0.023026468,0.000089947,0.000006903,0.000161913,1
warmup,61,61,nb,0,256,16,0.022678401,0.000088588,0.000004919,0.000149049,1
warmup,62,62,nb,0,256,16,0.025816247,0.000100845,0.000006732,0.000175488,1
warmup,63,63,nb,0,256,16,0.020601327,0.000080474,0.000004127,0.000154649,1
warmup,64,64,nb,0,256,16,0.023946938,0.000093543,0.000005460,0.000166070,1
warmup,65,65,nb,0,256,16,0.025649444,0.000100193,0.000005390,0.000188592,1
warmup,66,66,nb,0,256,16,0.022711795,0.000088718,0.000006903,0.000161111,1
warmup,67,67,nb,0,256,16,0.021236238,0.000082954,0.000005590,0.000155141,1
warmup,68,68,nb,0,256,16,0.024648972,0.000096285,0.000005480,0.000156542,1
warmup,69,69,nb,0,256,16,0.026241277,0.000102505,0.000005310,0.000183002,1
warmup,70,70,nb,0,256,16,0.023910464,0.000093400,0.000005361,0.000169377,1
warmup,71,71,nb,0,256,16,0.023882658,0.000093292,0.000005049,0.000152906,1
warmup,72,72,nb,0,256,16,0.021603838,0.000084390,0.000006803,0.000141485,1
warmup,73,73,nb,0,256,16,0.021328109,0.000083313,0.000009798,0.000136786,1
warmup,74,74,nb,0,256,16,0.022501743,0.000087897,0.000006873,0.000143969,1
warmup,75,75,nb,0,256,16,0.025437327,0.000099365,0.000004038,0.000168615,1
warmup,76,76,nb,0,256,16,0.024245340,0.000094708,0.000006924,0.000169577,1
warmup,77,77,nb,0,256,16,0.026227636,0.000102452,0.000005240,0.000185597,1
warmup,78,78,nb,0,256,16,0.025998753,0.000101558,0.000005300,0.000157514,1
warmup,79,79,nb,0,256,16,0.023836592,0.000093112,0.000003687,0.000170449,1
warmup,80,80,nb,0,256,16,0.022274575,0.000087010,0.000006963,0.000156913,1
warmup,81,81,nb,0,256,16,0.020165376,0.000078771,0.000005390,0.000155471,1
warmup,82,82,nb,0,256,16,0.023129974,0.000090351,0.000007374,0.000155190,1
warmup,83,83,nb,0,256,16,0.024871510,0.000097154,0.000004027,0.000175328,1
warmup,84,84,nb,0,256,16,0.022953945,0.000089664,0.000004819,0.000154361,1
warmup,85,85,nb,0,256,16,0.024250405,0.000094728,0.000007073,0.000169847,1
warmup,86,86,nb,0,256,16,0.024252085,0.000094735,0.000005530,0.000165980,1
warmup,87,87,nb,0,256,16,0.020573347,0.000080365,0.000006722,0.000139520,1
warmup,88,88,nb,0,256,16,0.024289789,0.000094882,0.000006903,0.000159619,1
warmup,89,89,nb,0,256,16,0.025318221,0.000098899,0.000006812,0.000158566,1
warmup,90,90,nb,0,256,16,0.022684832,0.000088613,0.000005149,0.000159929,1
warmup,91,91,nb,0,256,16,0.020694308,0.000080837,0.000003717,0.000148248,1
warmup,92,92,nb,0,256,16,0.024296352,0.000094908,0.000006944,0.000148938,1
warmup,93,93,nb,0,256,16,0.019002905,0.000074230,0.000003737,0.000127900,1
warmup,94,94,nb,0,256,16,0.024791425,0.000096842,0.000009739,0.000177632,1
warmup,95,95,nb,0,256,16,0.020290753,0.000079261,0.000005540,0.000133520,1
warmup,96,96,nb,0,256,16,0.028538799,0.000111480,0.000006793,0.000191919,1
warmup,97,97,nb,0,256,16,0.023991983,0.000093719,0.000004879,0.000172613,1
warmup,98,98,nb,0,256,16,0.024597217,0.000096083,0.000004007,0.000161862,1
warmup,99,99,nb,0,256,16,0.022932291,0.000089579,0.000003686,0.000165249,1
actual,0,100,nb,0,256,16,0.025213621,0.000098491,0.000005140,0.000185928,1
actual,1,101,nb,0,256,16,0.022443691,0.000087671,0.000003808,0.000154559,1
actual,2,102,nb,0,256,16,0.023299550,0.000091014,0.000005410,0.000159288,1
actual,3,103,nb,0,256,16,0.021992832,0.000085910,0.000005120,0.000146033,1
actual,4,104,nb,0,256,16,0.022742239,0.000088837,0.000006913,0.000160871,1
actual,5,105,nb,0,256,16,0.024759458,0.000096717,0.000005229,0.000172953,1
actual,6,106,nb,0,256,16,0.024849588,0.000097069,0.000006823,0.000164558,1
actual,7,107,nb,0,256,16,0.024939860,0.000097421,0.000006853,0.000174958,1
actual,8,108,nb,0,256,16,0.023836237,0.000093110,0.000005159,0.000168065,1
actual,9,109,nb,0,256,16,0.023831616,0.000093092,0.000005149,0.000151644,1
actual,10,110,nb,0,256,16,0.025391836,0.000099187,0.000004078,0.000173304,1
actual,11,111,nb,0,256,16,0.023150342,0.000090431,0.000003557,0.000170379,1
actual,12,112,nb,0,256,16,0.025395314,0.000099200,0.000007394,0.000170649,1
actual,13,113,nb,0,256,16,0.025487659,0.000099561,0.000004017,0.000179746,1
actual,14,114,nb,0,256,16,0.028851549,0.000112701,0.000005561,0.000191858,1
actual,15,115,nb,0,256,16,0.022659246,0.000088513,0.000003456,0.000160240,1
actual,16,116,nb,0,256,16,0.024547670,0.000095889,0.000005210,0.000176841,1
actual,17,117,nb,0,256,16,0.019088805,0.000074566,0.000003466,0.000123211,1
actual,18,118,nb,0,256,16,0.021996905,0.000085925,0.000005711,0.000155311,1
actual,19,119,nb,0,256,16,0.022292785,0.000087081,0.000003577,0.000156042,1
actual,20,120,nb,0,256,16,0.024093582,0.000094116,0.000005069,0.000170378,1
actual,21,121,nb,0,256,16,0.025586828,0.000099949,0.000004979,0.000182662,1
actual,22,122,nb,0,256,16,0.024246308,0.000094712,0.000006963,0.000153507,1
actual,23,123,nb,0,256,16,0.021328020,0.000083313,0.000004057,0.000160831,1
actual,24,124,nb,0,256,16,0.023226001,0.000090727,0.000005220,0.000172793,1
actual,25,125,nb,0,256,16,0.024226037,0.000094633,0.000008626,0.000162433,1
actual,26,126,nb,0,256,16,0.022807277,0.000089091,0.000005010,0.000164367,1
actual,27,127,nb,0,256,16,0.019226535,0.000075104,0.000005129,0.000125966,1
actual,28,128,nb,0,256,16,0.024570797,0.000095980,0.000006993,0.000172462,1
actual,29,129,nb,0,256,16,0.024907072,0.000097293,0.000006953,0.000171931,1
actual,30,130,nb,0,256,16,0.025293083,0.000098801,0.000009999,0.000177251,1
actual,31,131,nb,0,256,16,0.023872728,0.000093253,0.000006913,0.000158206,1
actual,32,132,nb,0,256,16,0.025889129,0.000101129,0.000004178,0.000177843,1
actual,33,133,nb,0,256,16,0.024173897,0.000094429,0.000003466,0.000170790,1
actual,34,134,nb,0,256,16,0.024815370,0.000096935,0.000011191,0.000183383,1
actual,35,135,nb,0,256,16,0.022687990,0.000088625,0.000005470,0.000148959,1
actual,36,136,nb,0,256,16,0.024307607,0.000094952,0.000007264,0.000166962,1
actual,37,137,nb,0,256,16,0.020185082,0.000078848,0.000003507,0.000150251,1
actual,38,138,nb,0,256,16,0.024490311,0.000095665,0.000005160,0.000173083,1
actual,39,139,nb,0,256,16,0.023070097,0.000090118,0.000005561,0.000167624,1
actual,40,140,nb,0,256,16,0.024726263,0.000096587,0.000006923,0.000180677,1
actual,41,141,nb,0,256,16,0.020802662,0.000081260,0.000005200,0.000149890,1
actual,42,142,nb,0,256,16,0.022454393,0.000087712,0.000009578,0.000166711,1
actual,43,143,nb,0,256,16,0.023719261,0.000092653,0.000008946,0.000170389,1
actual,44,144,nb,0,256,16,0.022012107,0.000085985,0.000007324,0.000152515,1
actual,45,145,nb,0,256,16,0.021852178,0.000085360,0.000005200,0.000159529,1
actual,46,146,nb,0,256,16,0.025086535,0.000097994,0.000007013,0.000168415,1
actual,47,147,nb,0,256,16,0.023667666,0.000092452,0.000005120,0.000178234,1
actual,48,148,nb,0,256,16,0.025534652,0.000099745,0.000003987,0.000161302,1
actual,49,149,nb,0,256,16,0.022480283,0.000087814,0.000004057,0.000163227,1
actual,50,150,nb,0,256,16,0.027045144,0.000105645,0.000006883,0.000177912,1
actual,51,151,nb,0,256,16,0.022326779,0.000087214,0.000003937,0.000163947,1
actual,52,152,nb,0,256,16,0.024952756,0.000097472,0.000005641,0.000175137,1
actual,53,153,nb,0,256,16,0.022509530,0.000087928,0.000004929,0.000164487,1
actual,54,154,nb,0,256,16,0.025847739,0.000100968,0.000005450,0.000161844,1
actual,55,155,nb,0,256,16,0.024371340,0.000095201,0.000003747,0.000174185,1
actual,56,156,nb,0,256,16,0.023472959,0.000091691,0.000005160,0.000157014,1
actual,57,157,nb,0,256,16,0.023840925,0.000093129,0.000004899,0.000165119,1
actual,58,158,nb,0,256,16,0.023945906,0.000093539,0.000005089,0.000169447,1
actual,59,159,nb,0,256,16,0.024354346,0.000095134,0.000006753,0.000170869,1
actual,60,160,nb,0,256,16,0.026211541,0.000102389,0.000004889,0.000184055,1
actual,61,161,nb,0,256,16,0.023063735,0.000090093,0.000005210,0.000163245,1
actual,62,162,nb,0,256,16,0.021279048,0.000083121,0.000006833,0.000135253,1
actual,63,163,nb,0,256,16,0.021843158,0.000085325,0.000005180,0.000165500,1
actual,64,164,nb,0,256,16,0.023905684,0.000093382,0.000006873,0.000150963,1
actual,65,165,nb,0,256,16,0.021267147,0.000083075,0.000005180,0.000154940,1
actual,66,166,nb,0,256,16,0.022646134,0.000088461,0.000005571,0.000156453,1
actual,67,167,nb,0,256,16,0.022444282,0.000087673,0.000003667,0.000165770,1
actual,68,168,nb,0,256,16,0.026393228,0.000103099,0.000005270,0.000184905,1
actual,69,169,nb,0,256,16,0.023251480,0.000090826,0.000005240,0.000169066,1
actual,70,170,nb,0,256,16,0.021366606,0.000083463,0.000006792,0.000153888,1
actual,71,171,nb,0,256,16,0.023462787,0.000091652,0.000005230,0.000161332,1
actual,72,172,nb,0,256,16,0.021762262,0.000085009,0.000007294,0.000151573,1
actual,73,173,nb,0,256,16,0.023787274,0.000092919,0.000005300,0.000168825,1
actual,74,174,nb,0,256,16,0.026016174,0.000101626,0.000009097,0.000185878,1
actual,75,175,nb,0,256,16,0.018709178,0.000073083,0.000003527,0.000124653,1
actual,76,176,nb,0,256,16,0.025919992,0.000101250,0.000004969,0.000185547,1
actual,77,177,nb,0,256,16,0.021287976,0.000083156,0.000003777,0.000138280,1
actual,78,178,nb,0,256,16,0.025494474,0.000099588,0.000006743,0.000172343,1
actual,79,179,nb,0,256,16,0.022980891,0.000089769,0.000003727,0.000168936,1
actual,80,180,nb,0,256,16,0.024757395,0.000096709,0.000004629,0.000175377,1
actual,81,181,nb,0,256,16,0.022622045,0.000088367,0.000005621,0.000157785,1
actual,82,182,nb,0,256,16,0.025578279,0.000099915,0.000006753,0.000179255,1
actual,83,183,nb,0,256,16,0.025230720,0.000098557,0.000005259,0.000174597,1
actual,84,184,nb,0,256,16,0.024045320,0.000093927,0.000005300,0.000171471,1
actual,85,185,nb,0,256,16,0.023044300,0.000090017,0.000007284,0.000158045,1
actual,86,186,nb,0,256,16,0.025958963,0.000101402,0.000005300,0.000166973,1
actual,87,187,nb,0,256,16,0.024138353,0.000094290,0.000005160,0.000175769,1
actual,88,188,nb,0,256,16,0.021678044,0.000084680,0.000006823,0.000151804,1
actual,89,189,nb,0,256,16,0.024907260,0.000097294,0.000006792,0.000176320,1
actual,90,190,nb,0,256,16,0.022820904,0.000089144,0.000007233,0.000158777,1
actual,91,191,nb,0,256,16,0.020595364,0.000080451,0.000003487,0.000154769,1
actual,92,192,nb,0,256,16,0.024096362,0.000094126,0.000007514,0.000168876,1
actual,93,193,nb,0,256,16,0.021472181,0.000083876,0.000003878,0.000147365,1
actual,94,194,nb,0,256,16,0.025763419,0.000100638,0.000006843,0.000176360,1
actual,95,195,nb,0,256,16,0.025429251,0.000099333,0.000007384,0.000179456,1
actual,96,196,nb,0,256,16,0.024616061,0.000096156,0.000005250,0.000172523,1
actual,97,197,nb,0,256,16,0.023505106,0.000091817,0.000009017,0.000168926,1
actual,98,198,nb,0,256,16,0.022277091,0.000087020,0.000008696,0.000156783,1
actual,99,199,nb,0,256,16,0.022135144,0.000086465,0.000007023,0.000157634,1
warmup,0,0,nb,0,256,24,0.026733378,0.000104427,0.000005530,0.000191558,1
warmup,1,1,nb,0,256,24,0.024062299,0.000093993,0.000005019,0.000168244,1
warmup,2,2,nb,0,256,24,0.022506379,0.000087916,0.000009819,0.000141204,1
warmup,3,3,nb,0,256,24,0.022695480,0.000088654,0.000003437,0.000144921,1
warmup,4,4,nb,0,256,24,0.026569684,0.000103788,0.000006843,0.000175327,1
warmup,5,5,nb,0,256,24,0.023322229,0.000091102,0.000003677,0.000166792,1
warmup,6,6,nb,0,256,24,0.026240517,0.000102502,0.000006763,0.000180207,1
warmup,7,7,nb,0,256,24,0.023520240,0.000091876,0.000005250,0.000153257,1
warmup,8,8,nb,0,256,24,0.023709582,0.000092616,0.000005159,0.000162053,1
warmup,9,9,nb,0,256,24,0.024696276,0.000096470,0.000005030,0.000171410,1
warmup,10,10,nb,0,256,24,0.025318232,0.000098899,0.000005049,0.000174246,1
warmup,11,11,nb,0,256,24,0.021579467,0.000084295,0.000004990,0.000142186,1
warmup,12,12,nb,0,256,24,0.025639369,0.000100154,0.000006713,0.000176169,1
warmup,13,13,nb,0,256,24,0.021234998,0.000082949,0.000004358,0.000151874,1
warmup,14,14,nb,0,256,24,0.024640573,0.000096252,0.000005480,0.000168154,1
warmup,15,15,nb,0,256,24,0.024334415,0.000095056,0.000003647,0.000171110,1
warmup,16,16,nb,0,256,24,0.024023535,0.000093842,0.000004128,0.000174156,1
warmup,17,17,nb,0,256,24,0.021032482,0.000082158,0.000005330,0.000150291,1
warmup,18,18,nb,0,256,24,0.025553172,0.000099817,0.000006954,0.000165019,1
warmup,19,19,nb,0,256,24,0.027831923,0.000108718,0.000003476,0.000195045,1
warmup,20,20,nb,0,256,24,0.023451928,0.000091609,0.000007193,0.000167182,1
warmup,21,21,nb,0,256,24,0.022163923,0.000086578,0.000003637,0.000163927,1
warmup,22,22,nb,0,256,24,0.024793752,0.000096851,0.000005040,0.000182031,1
warmup,23,23,nb,0,256,24,0.022664610,0.000088534,0.000005069,0.000152636,1
warmup,24,24,nb,0,256,24,0.026805196,0.000104708,0.000003727,0.000181880,1
warmup,25,25,nb,0,256,24,0.023600181,0.000092188,0.000005140,0.000157815,1
warmup,26,26,nb,0,256,24,0.022171703,0.000086608,0.000005730,0.000146514,1
warmup,27,27,nb,0,256,24,0.019081174,0.000074536,0.000003497,0.000129903,1
warmup,28,28,nb,0,256,24,0.021717893,0.000084836,0.000005450,0.000149470,1
warmup,29,29,nb,0,256,24,0.026327530,0.000102842,0.000003797,0.000188683,1
warmup,30,30,nb,0,256,24,0.024873106,0.000097161,0.000005010,0.000162295,1
warmup,31,31,nb,0,256,24,0.024059673,0.000093983,0.000003977,0.000168064,1
warmup,32,32,nb,0,256,24,0.025462377,0.000099462,0.000005170,0.000176731,1
warmup,33,33,nb,0,256,24,0.024696634,0.000096471,0.000005100,0.000172162,1
warmup,34,34,nb,0,256,24,0.023301920,0.000091023,0.000006793,0.000160841,1
warmup,35,35,nb,0,256,24,0.022726780,0.000088776,0.000005300,0.000159689,1
warmup,36,36,nb,0,256,24,0.025086296,0.000097993,0.000004148,0.000168705,1
warmup,37,37,nb,0,256,24,0.022814426,0.000089119,0.000005190,0.000167954,1
warmup,38,38,nb,0,256,24,0.025654954,0.000100215,0.000005049,0.000171871,1
warmup,39,39,nb,0,256,24,0.021236554,0.000082955,0.000003457,0.000160771,1
warmup,40,40,nb,0,256,24,0.025472706,0.000099503,0.000007083,0.000189184,1
warmup,41,41,nb,0,256,24,0.022562758,0.000088136,0.000003657,0.000163957,1
warmup,42,42,nb,0,256,24,0.022633336,0.000088411,0.000005140,0.000151584,1
warmup,43,43,nb,0,256,24,0.020451080,0.000079887,0.000003497,0.000162934,1
warmup,44,44,nb,0,256,24,0.025663673,0.000100249,0.000005460,0.000162816,1
warmup,45,45,nb,0,256,24,0.020693874,0.000080835,0.000007594,0.000149629,1
warmup,46,46,nb,0,256,24,0.021576909,0.000084285,0.000008757,0.000155661,1
warmup,47,47,nb,0,256,24,0.024889811,0.000097226,0.000010149,0.000181309,1
warmup,48,48,nb,0,256,24,0.026299003,0.000102730,0.000005120,0.000186158,1
warmup,49,49,nb,0,256,24,0.022697417,0.000088662,0.000007434,0.000160089,1
warmup,50,50,nb,0,256,24,0.025607837,0.000100031,0.000006843,0.000179546,1
warmup,51,51,nb,0,256,24,0.020904159,0.000081657,0.000005120,0.000146835,1
warmup,52,52,nb,0,256,24,0.024079290,0.000094060,0.000005110,0.000168716,1
warmup,53,53,nb,0,256,24,0.023148530,0.000090424,0.000009287,0.000156032,1
warmup,54,54,nb,0,256,24,0.023523012,0.000091887,0.000012865,0.000156142,1
warmup,55,55,nb,0,256,24,0.019363873,0.000075640,0.000003446,0.000149309,1
warmup,56,56,nb,0,256,24,0.025213481,0.000098490,0.000012754,0.000176200,1
warmup,57,57,nb,0,256,24,0.022403601,0.000087514,0.000003457,0.000166413,1
warmup,58,58,nb,0,256,24,0.025134852,0.000098183,0.000005050,0.000180808,1
warmup,59,59,nb,0,256,24,0.022983994,0.000089781,0.000004668,0.000164257,1
warmup,60,60,nb,0,256,24,0.025828101,0.000100891,0.000004969,0.000165350,1
warmup,61,61,nb,0,256,24,0.025088094,0.000098000,0.000003516,0.000173484,1
warmup,62,62,nb,0,256,24,0.027267739,0.000106515,0.000005630,0.000184485,1
warmup,63,63,nb,0,256,24,0.024582062,0.000096024,0.000006882,0.000171731,1
warmup,64,64,nb,0,256,24,0.024907448,0.000097295,0.000004117,0.000178294,1
warmup,65,65,nb,0,256,24,0.024357719,0.000095147,0.000003427,0.000163235,1
warmup,66,66,nb,0,256,24,0.023286731,0.000090964,0.000006893,0.000161121,1
warmup,67,67,nb,0,256,24,0.024096500,0.000094127,0.000004999,0.000162173,1
warmup,68,68,nb,0,256,24,0.025525869,0.000099710,0.000006943,0.000167493,1
warmup,69,69,nb,0,256,24,0.020175477,0.000078810,0.000003557,0.000146544,1
warmup,70,70,nb,0,256,24,0.025859761,0.000101015,0.000004739,0.000173375,1
warmup,71,71,nb,0,256,24,0.022997027,0.000089832,0.000005420,0.000160600,1
warmup,72,72,nb,0,256,24,0.024668188,0.000096360,0.000011402,0.000176841,1
warmup,73,73,nb,0,256,24,0.023982555,0.000093682,0.000007043,0.000174937,1
warmup,74,74,nb,0,256,24,0.022980639,0.000089768,0.000005230,0.000161281,1
warmup,75,75,nb,0,256,24,0.025264547,0.000098690,0.000005200,0.000185627,1
warmup,76,76,nb,0,256,24,0.024352065,0.000095125,0.000003737,0.000162764,1
warmup,77,77,nb,0,256,24,0.023326528,0.000091119,0.000005140,0.000165229,1
warmup,78,78,nb,0,256,24,0.023029936,0.000089961,0.000006903,0.000165569,1
warmup,79,79,nb,0,256,24,0.019504518,0.000076190,0.000004950,0.000145623,1
warmup,80,80,nb,0,256,24,0.023077795,0.000090148,0.000005501,0.000140673,1
warmup,81,81,nb,0,256,24,0.023548051,0.000091985,0.000005139,0.000165509,1
warmup,82,82,nb,0,256,24,0.026392822,0.000103097,0.000005370,0.000168555,1
warmup,83,83,nb,0,256,24,0.024909628,0.000097303,0.000006953,0.000168485,1
warmup,84,84,nb,0,256,24,0.025274328,0.000098728,0.000005130,0.000173946,1
warmup,85,85,nb,0,256,24,0.020570064,0.000080352,0.000003556,0.000132768,1
warmup,86,86,nb,0,256,24,0.025656159,0.000100219,0.000005350,0.000171801,1
warmup,87,87,nb,0,256,24,0.023139686,0.000090389,0.000003787,0.000152727,1
warmup,88,88,nb,0,256,24,0.025430778,0.000099339,0.000006863,0.000175488,1
warmup,89,89,nb,0,256,24,0.020316174,0.000079360,0.000003607,0.000147956,1
warmup,90,90,nb,0,256,24,0.026075948,0.000101859,0.000004298,0.000164017,1
warmup,91,91,nb,0,256,24,0.022126042,0.000086430,0.000003457,0.000170098,1
warmup,92,92,nb,0,256,24,0.024497212,0.000095692,0.000006893,0.000173744,1
warmup,93,93,nb,0,256,24,0.024583104,0.000096028,0.000003646,0.000176870,1
warmup,94,94,nb,0,256,24,0.024254461,0.000094744,0.000006913,0.000169106,1
warmup,95,95,nb,0,256,24,0.024224987,0.000094629,0.000003677,0.000167183,1
warmup,96,96,nb,0,256,24,0.024208712,0.000094565,0.000006812,0.000177813,1
warmup,97,97,nb,0,256,24,0.020775690,0.000081155,0.000003467,0.000141304,1
warmup,98,98,nb,0,256,24,0.025600200,0.000100001,0.000005551,0.000157454,1
warmup,99,99,nb,0,256,24,0.022911141,0.000089497,0.000005070,0.000169757,1
actual,0,100,nb,0,256,24,0.024178865,0.000094449,0.000005050,0.000160310,1
actual,1,101,nb,0,256,24,0.022754790,0.000088886,0.000004187,0.000169758,1
actual,2,102,nb,0,256,24,0.024784612,0.000096815,0.000006953,0.000177953,1
actual,3,103,nb,0,256,24,0.024980418,0.000097580,0.000003417,0.000179846,1
actual,4,104,nb,0,256,24,0.022299350,0.000087107,0.000006943,0.000155671,1
actual,5,105,nb,0,256,24,0.021215677,0.000082874,0.000006663,0.000141304,1
actual,6,106,nb,0,256,24,0.024692523,0.000096455,0.000005240,0.000172553,1
actual,7,107,nb,0,256,24,0.024613886,0.000096148,0.000007214,0.000172372,1
actual,8,108,nb,0,256,24,0.025351939,0.000099031,0.000004018,0.000173354,1
actual,9,109,nb,0,256,24,0.020430146,0.000079805,0.000003647,0.000139692,1
actual,10,110,nb,0,256,24,0.023742085,0.000092743,0.000006683,0.000165309,1
actual,11,111,nb,0,256,24,0.021874217,0.000085446,0.000004990,0.000149600,1
actual,12,112,nb,0,256,24,0.025656030,0.000100219,0.000006783,0.000175959,1
actual,13,113,nb,0,256,24,0.023246223,0.000090806,0.000003346,0.000165860,1
actual,14,114,nb,0,256,24,0.022846528,0.000089244,0.000006783,0.000146975,1
actual,15,115,nb,0,256,24,0.025111752,0.000098093,0.000003947,0.000180788,1
actual,16,116,nb,0,256,24,0.022585801,0.000088226,0.000007374,0.000158136,1
actual,17,117,nb,0,256,24,0.023172132,0.000090516,0.000004098,0.000163576,1
actual,18,118,nb,0,256,24,0.025712772,0.000100441,0.000006943,0.000179756,1
actual,19,119,nb,0,256,24,0.022847037,0.000089246,0.000006763,0.000165880,1
actual,20,120,nb,0,256,24,0.024119105,0.000094215,0.000006762,0.000177923,1
actual,21,121,nb,0,256,24,0.022152612,0.000086534,0.000005039,0.000157555,1
actual,22,122,nb,0,256,24,0.024946851,0.000097449,0.000005300,0.000173805,1
actual,23,123,nb,0,256,24,0.020663445,0.000080717,0.000005170,0.000150761,1
actual,24,124,nb,0,256,24,0.023093661,0.000090210,0.000005300,0.000159158,1
actual,25,125,nb,0,256,24,0.019659030,0.000076793,0.000003546,0.000137377,1
actual,26,126,nb,0,256,24,0.026780627,0.000104612,0.000005130,0.000173514,1
actual,27,127,nb,0,256,24,0.023843771,0.000093140,0.000005069,0.000153788,1
actual,28,128,nb,0,256,24,0.024304326,0.000094939,0.000004829,0.000167834,1
actual,29,129,nb,0,256,24,0.023237623,0.000090772,0.000004990,0.000176930,1
actual,30,130,nb,0,256,24,0.023246204,0.000090805,0.000006963,0.000156883,1
actual,31,131,nb,0,256,24,0.021686284,0.000084712,0.000004999,0.000151172,1
actual,32,132,nb,0,256,24,0.026093550,0.000101928,0.000006903,0.000181299,1
actual,33,133,nb,0,256,24,0.024831078,0.000096996,0.000005179,0.000159608,1
actual,34,134,nb,0,256,24,0.023101697,0.000090241,0.000007293,0.000159929,1
actual,35,135,nb,0,256,24,0.024308266,0.000094954,0.000005330,0.000173685,1
actual,36,136,nb,0,256,24,0.026093996,0.000101930,0.000004809,0.000182181,1
actual,37,137,nb,0,256,24,0.020212706,0.000078956,0.000006903,0.000150772,1
actual,38,138,nb,0,256,24,0.024159034,0.000094371,0.000006843,0.000174326,1
actual,39,139,nb,0,256,24,0.024578388,0.000096009,0.000003767,0.000176089,1
actual,40,140,nb,0,256,24,0.024509930,0.000095742,0.000009327,0.000148768,1
actual,41,141,nb,0,256,24,0.020357534,0.000079522,0.000003476,0.000151773,1
actual,42,142,nb,0,256,24,0.023329318,0.000091130,0.000004168,0.000170479,1
actual,43,143,nb,0,256,24,0.020342867,0.000079464,0.000003877,0.000150933,1
actual,44,144,nb,0,256,24,0.025424119,0.000099313,0.000004889,0.000178895,1
actual,45,145,nb,0,256,24,0.022956029,0.000089672,0.000004008,0.000172743,1
actual,46,146,nb,0,256,24,0.023822559,0.000093057,0.000006833,0.000155441,1
actual,47,147,nb,0,256,24,0.019777826,0.000077257,0.000003747,0.000140914,1
actual,48,148,nb,0,256,24,0.025020482,0.000097736,0.000005050,0.000175098,1
actual,49,149,nb,0,256,24,0.020357542,0.000079522,0.000003526,0.000149630,1
actual,50,150,nb,0,256,24,0.023998368,0.000093744,0.000005119,0.000165960,1
actual,51,151,nb,0,256,24,0.020200615,0.000078909,0.000003536,0.000149129,1
actual,52,152,nb,0,256,24,0.024545364,0.000095880,0.000007264,0.000168105,1
actual,53,153,nb,0,256,24,0.023408529,0.000091440,0.000005150,0.000171040,1
actual,54,154,nb,0,256,24,0.025032187,0.000097782,0.000006862,0.000177532,1
actual,55,155,nb,0,256,24,0.021088650,0.000082378,0.000008246,0.000149018,1
actual,56,156,nb,0,256,24,0.025116269,0.000098110,0.000006792,0.000173785,1
actual,57,157,nb,0,256,24,0.024822976,0.000096965,0.000003577,0.000172533,1
actual,58,158,nb,0,256,24,0.021748174,0.000084954,0.000005290,0.000156623,1
actual,59,159,nb,0,256,24,0.020462913,0.000079933,0.000003587,0.000135585,1
actual,60,160,nb,0,256,24,0.025743915,0.000100562,0.000005189,0.000177542,1
actual,61,161,nb,0,256,24,0.022611476,0.000088326,0.000009077,0.000164548,1
actual,62,162,nb,0,256,24,0.025324955,0.000098926,0.000006953,0.000174436,1
actual,63,163,nb,0,256,24,0.021509067,0.000084020,0.000005170,0.000143190,1
actual,64,164,nb,0,256,24,0.025507242,0.000099638,0.000005260,0.000171030,1
actual,65,165,nb,0,256,24,0.025051900,0.000097859,0.000003707,0.000159568,1
actual,66,166,nb,0,256,24,0.024054920,0.000093965,0.000005390,0.000169638,1
actual,67,167,nb,0,256,24,0.020755685,0.000081077,0.000003477,0.000133550,1
actual,68,168,nb,0,256,24,0.021624390,0.000084470,0.000006983,0.000135133,1
actual,69,169,nb,0,256,24,0.023285971,0.000090961,0.000005049,0.000156432,1
actual,70,170,nb,0,256,24,0.026071137,0.000101840,0.000005200,0.000172622,1
actual,71,171,nb,0,256,24,0.023400625,0.000091409,0.000005150,0.000172553,1
actual,72,172,nb,0,256,24,0.024180553,0.000094455,0.000005611,0.000153878,1
actual,73,173,nb,0,256,24,0.023121549,0.000090319,0.000007194,0.000164918,1
actual,74,174,nb,0,256,24,0.023752861,0.000092785,0.000003567,0.000155783,1
actual,75,175,nb,0,256,24,0.022217030,0.000086785,0.000003817,0.000159689,1
actual,76,176,nb,0,256,24,0.025142025,0.000098211,0.000005300,0.000160159,1
actual,77,177,nb,0,256,24,0.021800999,0.000085160,0.000005210,0.000147747,1
actual,78,178,nb,0,256,24,0.024448396,0.000095502,0.000009438,0.000171260,1
actual,79,179,nb,0,256,24,0.023991611,0.000093717,0.000005390,0.000165460,1
actual,80,180,nb,0,256,24,0.024363893,0.000095171,0.000003948,0.000158366,1
actual,81,181,nb,0,256,24,0.023794988,0.000092949,0.000006953,0.000164958,1
actual,82,182,nb,0,256,24,0.026310288,0.000102775,0.000004890,0.000177952,1
actual,83,183,nb,0,256,24,0.021348653,0.000083393,0.000003597,0.000169698,1
actual,84,184,nb,0,256,24,0.023814727,0.000093026,0.000009938,0.000157425,1
actual,85,185,nb,0,256,24,0.025322532,0.000098916,0.000003978,0.000175668,1
actual,86,186,nb,0,256,24,0.021552849,0.000084191,0.000005350,0.000141074,1
actual,87,187,nb,0,256,24,0.020819233,0.000081325,0.000003978,0.000158306,1
actual,88,188,nb,0,256,24,0.024870449,0.000097150,0.000005279,0.000162093,1
actual,89,189,nb,0,256,24,0.025151993,0.000098250,0.000003877,0.000156011,1
actual,90,190,nb,0,256,24,0.024870429,0.000097150,0.000011382,0.000170629,1
actual,91,191,nb,0,256,24,0.023985104,0.000093692,0.000003677,0.000165359,1
actual,92,192,nb,0,256,24,0.025601975,0.000100008,0.000004809,0.000176531,1
actual,93,193,nb,0,256,24,0.021177070,0.000082723,0.000003557,0.000155671,1
actual,94,194,nb,0,256,24,0.024936090,0.000097407,0.000004999,0.000173925,1
actual,95,195,nb,0,256,24,0.020124197,0.000078610,0.000003547,0.000150221,1
actual,96,196,nb,0,256,24,0.025870991,0.000101059,0.000004829,0.000174857,1
actual,97,197,nb,0,256,24,0.023033635,0.000089975,0.000005130,0.000174326,1
actual,98,198,nb,0,256,24,0.025528933,0.000099722,0.000004047,0.000186349,1
actual,99,199,nb,0,256,24,0.022699541,0.000088670,0.000003928,0.000167423,1
warmup,0,0,nb,0,256,32,0.021267238,0.000083075,0.000007314,0.000131748,1
warmup,1,1,nb,0,256,32,0.026028267,0.000101673,0.000004117,0.000178063,1
warmup,2,2,nb,0,256,32,0.023466132,0.000091665,0.000006803,0.000169226,1
warmup,3,3,nb,0,256,32,0.021503736,0.000083999,0.000008827,0.000148417,1
warmup,4,4,nb,0,256,32,0.022922070,0.000089539,0.000006873,0.000157905,1
warmup,5,5,nb,0,256,32,0.020980402,0.000081955,0.000004959,0.000154679,1
warmup,6,6,nb,0,256,32,0.027399611,0.000107030,0.000003968,0.000187260,1
warmup,7,7,nb,0,256,32,0.023621654,0.000092272,0.000005170,0.000173194,1
warmup,8,8,nb,0,256,32,0.025732026,0.000100516,0.000004959,0.000181269,1
warmup,9,9,nb,0,256,32,0.023386326,0.000091353,0.000005029,0.000170198,1
warmup,10,10,nb,0,256,32,0.023191733,0.000090593,0.000006823,0.000170689,1
warmup,11,11,nb,0,256,32,0.021863557,0.000085405,0.000003416,0.000164518,1
warmup,12,12,nb,0,256,32,0.024363559,0.000095170,0.000005170,0.000164367,1
warmup,13,13,nb,0,256,32,0.021048442,0.000082220,0.000006632,0.000156422,1
warmup,14,14,nb,0,256,32,0.026148862,0.000102144,0.000005140,0.000161584,1
warmup,15,15,nb,0,256,32,0.022971250,0.000089731,0.000005520,0.000158977,1
warmup,16,16,nb,0,256,32,0.025786162,0.000100727,0.000005350,0.000176991,1
warmup,17,17,nb,0,256,32,0.024081846,0.000094070,0.000005120,0.000171681,1
warmup,18,18,nb,0,256,32,0.024953002,0.000097473,0.000004047,0.000176199,1
warmup,19,19,nb,0,256,32,0.021850140,0.000085352,0.000003567,0.000174035,1
warmup,20,20,nb,0,256,32,0.023777498,0.000092881,0.000005170,0.000153908,1
warmup,21,21,nb,0,256,32,0.022997521,0.000089834,0.000007454,0.000166611,1
warmup,22,22,nb,0,256,32,0.022863693,0.000089311,0.000006783,0.000157886,1
warmup,23,23,nb,0,256,32,0.024637973,0.000096242,0.000005079,0.000178333,1
warmup,24,24,nb,0,256,32,0.026413289,0.000103177,0.000005310,0.000187461,1
warmup,25,25,nb,0,256,32,0.022843849,0.000089234,0.000003437,0.000168886,1
warmup,26,26,nb,0,256,32,0.024249083,0.000094723,0.000004819,0.000168626,1
warmup,27,27,nb,0,256,32,0.020555806,0.000080296,0.000003497,0.000143108,1
warmup,28,28,nb,0,256,32,0.023021605,0.000089928,0.000009969,0.000156783,1
warmup,29,29,nb,0,256,32,0.023240941,0.000090785,0.000003506,0.000154469,1
warmup,30,30,nb,0,256,32,0.023269536,0.000090897,0.000010790,0.000176901,1
warmup,31,31,nb,0,256,32,0.021242667,0.000082979,0.000005210,0.000162815,1
warmup,32,32,nb,0,256,32,0.023588181,0.000092141,0.000006852,0.000162414,1
warmup,33,33,nb,0,256,32,0.020113937,0.000078570,0.000003707,0.000152355,1
warmup,34,34,nb,0,256,32,0.026763649,0.000104546,0.000005861,0.000179846,1
warmup,35,35,nb,0,256,32,0.018274686,0.000071385,0.000005160,0.000152936,1
warmup,36,36,nb,0,256,32,0.022056745,0.000086159,0.000007675,0.000158346,1
warmup,37,37,nb,0,256,32,0.020006620,0.000078151,0.000003526,0.000147276,1
warmup,38,38,nb,0,256,32,0.023158697,0.000090464,0.000009397,0.000158286,1
warmup,39,39,nb,0,256,32,0.023140011,0.000090391,0.000005300,0.000166952,1
warmup,40,40,nb,0,256,32,0.026312980,0.000102785,0.000006742,0.000171901,1
warmup,41,41,nb,0,256,32,0.022760262,0.000088907,0.000005210,0.000153307,1
warmup,42,42,nb,0,256,32,0.024572433,0.000095986,0.000005030,0.000169657,1
warmup,43,43,nb,0,256,32,0.023992427,0.000093720,0.000005511,0.000170479,1
warmup,44,44,nb,0,256,32,0.025645400,0.000100177,0.000005310,0.000176150,1
warmup,45,45,nb,0,256,32,0.022526148,0.000087993,0.000006863,0.000152124,1
warmup,46,46,nb,0,256,32,0.025977956,0.000101476,0.000006762,0.000176409,1
warmup,47,47,nb,0,256,32,0.021659288,0.000084607,0.000003537,0.000156432,1
warmup,48,48,nb,0,256,32,0.025797343,0.000100771,0.000006823,0.000177061,1
warmup,49,49,nb,0,256,32,0.024207617,0.000094561,0.000004830,0.000160931,1
warmup,50,50,nb,0,256,32,0.025418353,0.000099290,0.000006923,0.000175969,1
warmup,51,51,nb,0,256,32,0.019183595,0.000074936,0.000005029,0.000150241,1
warmup,52,52,nb,0,256,32,0.024416943,0.000095379,0.000005340,0.000161683,1
warmup,53,53,nb,0,256,32,0.022689393,0.000088630,0.000005039,0.000169287,1
warmup,54,54,nb,0,256,32,0.024112650,0.000094190,0.000005249,0.000164338,1
warmup,55,55,nb,0,256,32,0.020660037,0.000080703,0.000003937,0.000161382,1
warmup,56,56,nb,0,256,32,0.024491350,0.000095669,0.000006823,0.000172433,1
warmup,57,57,nb,0,256,32,0.020644560,0.000080643,0.000005600,0.000149239,1
warmup,58,58,nb,0,256,32,0.023433650,0.000091538,0.000006823,0.000164227,1
warmup,59,59,nb,0,256,32,0.023476540,0.000091705,0.000005440,0.000151754,1
warmup,60,60,nb,0,256,32,0.023106163,0.000090258,0.000007184,0.000156303,1
warmup,61,61,nb,0,256,32,0.021795788,0.000085140,0.000003948,0.000150602,1
warmup,62,62,nb,0,256,32,0.024835706,0.000097014,0.000006752,0.000168685,1
warmup,63,63,nb,0,256,32,0.019251493,0.000075201,0.000003617,0.000132978,1
warmup,64,64,nb,0,256,32,0.025404156,0.000099235,0.000005220,0.000179896,1
warmup,65,65,nb,0,256,32,0.024115932,0.000094203,0.000005209,0.000168104,1
warmup,66,66,nb,0,256,32,0.024709966,0.000096523,0.000004919,0.000154450,1
warmup,67,67,nb,0,256,32,0.022836377,0.000089205,0.000004890,0.000161752,1
warmup,68,68,nb,0,256,32,0.026271273,0.000102622,0.000005039,0.000182270,1
warmup,69,69,nb,0,256,32,0.020657434,0.000080693,0.000003937,0.000150401,1
warmup,70,70,nb,0,256,32,0.024741119,0.000096645,0.000006242,0.000160562,1
warmup,71,71,nb,0,256,32,0.023494687,0.000091776,0.000005080,0.000155721,1
warmup,72,72,nb,0,256,32,0.023831686,0.000093093,0.000009458,0.000148820,1
warmup,73,73,nb,0,256,32,0.023355401,0.000091232,0.000007494,0.000155190,1
warmup,74,74,nb,0,256,32,0.025690398,0.000100353,0.000005200,0.000175288,1
warmup,75,75,nb,0,256,32,0.024002979,0.000093762,0.000003427,0.000156253,1
warmup,76,76,nb,0,256,32,0.022522169,0.000087977,0.000008796,0.000152586,1
warmup,77,77,nb,0,256,32,0.022563321,0.000088138,0.000005220,0.000158717,1
warmup,78,78,nb,0,256,32,0.024310723,0.000094964,0.000007324,0.000157246,1
warmup,79,79,nb,0,256,32,0.020102204,0.000078524,0.000003527,0.000150080,1
warmup,80,80,nb,0,256,32,0.025535077,0.000099746,0.000005049,0.000179426,1
warmup,81,81,nb,0,256,32,0.022764077,0.000088922,0.000002875,0.000166271,1
warmup,82,82,nb,0,256,32,0.025161362,0.000098287,0.000004919,0.000169988,1
warmup,83,83,nb,0,256,32,0.024073170,0.000094036,0.000003427,0.000164327,1
warmup,84,84,nb,0,256,32,0.024306058,0.000094946,0.000006943,0.000170849,1
warmup,85,85,nb,0,256,32,0.020526983,0.000080184,0.000003657,0.000150832,1
warmup,86,86,nb,0,256,32,0.024193689,0.000094507,0.000006733,0.000157455,1
warmup,87,87,nb,0,256,32,0.021018959,0.000082105,0.000003717,0.000153016,1
warmup,88,88,nb,0,256,32,0.026050160,0.000101758,0.000005240,0.000166511,1
warmup,89,89,nb,0,256,32,0.022582503,0.000088213,0.000005139,0.000154238,1
warmup,90,90,nb,0,256,32,0.024886370,0.000097212,0.000006924,0.000175668,1
warmup,91,91,nb,0,256,32,0.024705190,0.000096505,0.000006832,0.000176110,1
warmup,92,92,nb,0,256,32,0.024418422,0.000095384,0.000004939,0.000179656,1
warmup,93,93,nb,0,256,32,0.020279706,0.000079218,0.000003717,0.000147867,1
warmup,94,94,nb,0,256,32,0.021712941,0.000084816,0.000006763,0.000148107,1
warmup,95,95,nb,0,256,32,0.021053896,0.000082242,0.000003427,0.000152164,1
warmup,96,96,nb,0,256,32,0.023327285,0.000091122,0.000007223,0.000163215,1
warmup,97,97,nb,0,256,32,0.024676318,0.000096392,0.000004098,0.000178804,1
warmup,98,98,nb,0,256,32,0.025301016,0.000098832,0.000005260,0.000174066,1
warmup,99,99,nb,0,256,32,0.022849345,0.000089255,0.000004068,0.000161221,1
actual,0,100,nb,0,256,32,0.025101681,0.000098053,0.000006723,0.000156122,1
actual,1,101,nb,0,256,32,0.023598562,0.000092182,0.000005240,0.000174316,1
actual,2,102,nb,0,256,32,0.024081713,0.000094069,0.000006933,0.000175739,1
actual,3,103,nb,0,256,32,0.022917064,0.000089520,0.000003486,0.000158877,1
actual,4,104,nb,0,256,32,0.023413752,0.000091460,0.000003887,0.000166060,1
actual,5,105,nb,0,256,32,0.024035936,0.000093890,0.000004268,0.000170999,1
actual,6,106,nb,0,256,32,0.023633061,0.000092317,0.000008696,0.000151776,1
actual,7,107,nb,0,256,32,0.018422617,0.000071963,0.000003567,0.000132768,1
actual,8,108,nb,0,256,32,0.022911304,0.000089497,0.000005270,0.000155080,1
actual,9,109,nb,0,256,32,0.022883673,0.000089389,0.000003687,0.000179747,1
actual,10,110,nb,0,256,32,0.025367992,0.000099094,0.000005370,0.000175528,1
actual,11,111,nb,0,256,32,0.022871203,0.000089341,0.000005170,0.000169177,1
actual,12,112,nb,0,256,32,0.025771278,0.000100669,0.000005180,0.000181229,1
actual,13,113,nb,0,256,32,0.021501467,0.000083990,0.000003777,0.000151424,1
actual,14,114,nb,0,256,32,0.025481683,0.000099538,0.000005290,0.000155571,1
actual,15,115,nb,0,256,32,0.023949373,0.000093552,0.000005059,0.000169056,1
actual,16,116,nb,0,256,32,0.025496782,0.000099597,0.000005310,0.000174957,1
actual,17,117,nb,0,256,32,0.019188909,0.000074957,0.000003697,0.000132267,1
actual,18,118,nb,0,256,32,0.025741031,0.000100551,0.000005200,0.000174707,1
actual,19,119,nb,0,256,32,0.022944133,0.000089626,0.000005370,0.000165549,1
actual,20,120,nb,0,256,32,0.021881344,0.000085474,0.000005290,0.000161272,1
actual,21,121,nb,0,256,32,0.021748438,0.000084955,0.000007935,0.000159018,1
actual,22,122,nb,0,256,32,0.025449732,0.000099413,0.000004799,0.000182421,1
actual,23,123,nb,0,256,32,0.020993509,0.000082006,0.000010249,0.000140764,1
actual,24,124,nb,0,256,32,0.026106231,0.000101977,0.000006853,0.000177211,1
actual,25,125,nb,0,256,32,0.021128261,0.000082532,0.000005410,0.000147185,1
actual,26,126,nb,0,256,32,0.025104824,0.000098066,0.000004920,0.000173364,1
actual,27,127,nb,0,256,32,0.024432968,0.000095441,0.000003537,0.000176680,1
actual,28,128,nb,0,256,32,0.024273135,0.000094817,0.000007033,0.000175118,1
actual,29,129,nb,0,256,32,0.020968817,0.000081909,0.000003737,0.000159338,1
actual,30,130,nb,0,256,32,0.025695575,0.000100373,0.000004228,0.000176229,1
actual,31,131,nb,0,256,32,0.020120880,0.000078597,0.000003436,0.000153607,1
actual,32,132,nb,0,256,32,0.026838408,0.000104838,0.000005189,0.000180568,1
actual,33,133,nb,0,256,32,0.023749457,0.000092771,0.000005190,0.000157725,1
actual,34,134,nb,0,256,32,0.025351303,0.000099029,0.000005249,0.000164177,1
actual,35,135,nb,0,256,32,0.025358095,0.000099055,0.000006833,0.000175057,1
actual,36,136,nb,0,256,32,0.022292094,0.000087078,0.000008917,0.000147958,1
actual,37,137,nb,0,256,32,0.020394626,0.000079667,0.000003627,0.000158426,1
actual,38,138,nb,0,256,32,0.023386448,0.000091353,0.000005279,0.000165710,1
actual,39,139,nb,0,256,32,0.020212145,0.000078954,0.000003516,0.000137968,1
actual,40,140,nb,0,256,32,0.025135325,0.000098185,0.000007495,0.000172072,1
actual,41,141,nb,0,256,32,0.024496958,0.000095691,0.000005079,0.000179606,1
actual,42,142,nb,0,256,32,0.026120871,0.000102035,0.000005179,0.000182371,1
actual,43,143,nb,0,256,32,0.021611323,0.000084419,0.000004990,0.000150001,1
actual,44,144,nb,0,256,32,0.025780692,0.000100706,0.000004068,0.000175818,1
actual,45,145,nb,0,256,32,0.023359506,0.000091248,0.000005220,0.000161413,1
actual,46,146,nb,0,256,32,0.024024865,0.000093847,0.000010099,0.000152306,1
actual,47,147,nb,0,256,32,0.022608342,0.000088314,0.000003356,0.000167473,1
actual,48,148,nb,0,256,32,0.023376093,0.000091313,0.000006923,0.000163956,1
actual,49,149,nb,0,256,32,0.024160533,0.000094377,0.000005050,0.000168034,1
actual,50,150,nb,0,256,32,0.023396114,0.000091391,0.000005440,0.000172583,1
actual,51,151,nb,0,256,32,0.024491097,0.000095668,0.000005210,0.000168325,1
actual,52,152,nb,0,256,32,0.024298860,0.000094917,0.000005220,0.000169808,1
actual,53,153,nb,0,256,32,0.024715650,0.000096546,0.000005951,0.000168705,1
actual,54,154,nb,0,256,32,0.025422567,0.000099307,0.000005069,0.000178313,1
actual,55,155,nb,0,256,32,0.021061103,0.000082270,0.000004047,0.000154559,1
actual,56,156,nb,0,256,32,0.026567352,0.000103779,0.000003928,0.000175709,1
actual,57,157,nb,0,256,32,0.019874803,0.000077636,0.000003667,0.000148588,1
actual,58,158,nb,0,256,32,0.022188581,0.000086674,0.000006853,0.000142366,1
actual,59,159,nb,0,256,32,0.023816567,0.000093033,0.000005861,0.000169207,1
actual,60,160,nb,0,256,32,0.022186816,0.000086667,0.000005470,0.000154859,1
actual,61,161,nb,0,256,32,0.021740923,0.000084925,0.000004118,0.000149119,1
actual,62,162,nb,0,256,32,0.023429442,0.000091521,0.000004959,0.000159147,1
actual,63,163,nb,0,256,32,0.022787702,0.000089014,0.000005019,0.000168756,1
actual,64,164,nb,0,256,32,0.023895706,0.000093343,0.000005320,0.000148507,1
actual,65,165,nb,0,256,32,0.024030917,0.000093871,0.000005160,0.000171981,1
actual,66,166,nb,0,256,32,0.022102946,0.000086340,0.000005550,0.000154379,1
actual,67,167,nb,0,256,32,0.021388883,0.000083550,0.000003426,0.000159469,1
actual,68,168,nb,0,256,32,0.026231360,0.000102466,0.000004378,0.000180457,1
actual,69,169,nb,0,256,32,0.022275015,0.000087012,0.000005410,0.000161392,1
actual,70,170,nb,0,256,32,0.025112171,0.000098094,0.000005190,0.000151754,1
actual,71,171,nb,0,256,32,0.022255408,0.000086935,0.000004007,0.000154609,1
actual,72,172,nb,0,256,32,0.026106649,0.000101979,0.000004909,0.000177472,1
actual,73,173,nb,0,256,32,0.022597397,0.000088271,0.000003536,0.000155801,1
actual,74,174,nb,0,256,32,0.025549885,0.000099804,0.000006843,0.000161832,1
actual,75,175,nb,0,256,32,0.024802469,0.000096885,0.000003487,0.000173674,1
actual,76,176,nb,0,256,32,0.024360370,0.000095158,0.000006733,0.000179686,1
actual,77,177,nb,0,256,32,0.025556478,0.000099830,0.000005420,0.000180197,1
actual,78,178,nb,0,256,32,0.025636473,0.000100142,0.000005160,0.000178544,1
actual,79,179,nb,0,256,32,0.023233264,0.000090755,0.000005050,0.000169176,1
actual,80,180,nb,0,256,32,0.023727965,0.000092687,0.000011462,0.000166200,1
actual,81,181,nb,0,256,32,0.023695958,0.000092562,0.000011421,0.000170130,1
actual,82,182,nb,0,256,32,0.026238997,0.000102496,0.000005170,0.000178905,1
actual,83,183,nb,0,256,32,0.024845998,0.000097055,0.000003777,0.000170208,1
actual,84,184,nb,0,256,32,0.021631126,0.000084497,0.000008817,0.000150922,1
actual,85,185,nb,0,256,32,0.023350868,0.000091214,0.000004960,0.000146755,1
actual,86,186,nb,0,256,32,0.022920536,0.000089533,0.000007274,0.000157985,1
actual,87,187,nb,0,256,32,0.024162663,0.000094385,0.000005100,0.000173525,1
actual,88,188,nb,0,256,32,0.025605532,0.000100022,0.000004869,0.000175327,1
actual,89,189,nb,0,256,32,0.022159535,0.000086561,0.000003777,0.000145782,1
actual,90,190,nb,0,256,32,0.024477480,0.000095615,0.000005060,0.000178905,1
actual,91,191,nb,0,256,32,0.020178220,0.000078821,0.000004017,0.000137578,1
actual,92,192,nb,0,256,32,0.023214439,0.000090681,0.000006943,0.000159368,1
actual,93,193,nb,0,256,32,0.021006522,0.000082057,0.000003566,0.000144140,1
actual,94,194,nb,0,256,32,0.022671221,0.000088559,0.000006873,0.000165810,1
actual,95,195,nb,0,256,32,0.024369223,0.000095192,0.000005391,0.000169727,1
actual,96,196,nb,0,256,32,0.025013606,0.000097709,0.000004118,0.000163246,1
actual,97,197,nb,0,256,32,0.022778332,0.000088978,0.000005200,0.000149110,1
actual,98,198,nb,0,256,32,0.024272007,0.000094813,0.000005591,0.000162244,1
actual,99,199,nb,0,256,32,0.023436158,0.000091547,0.000008867,0.000178734,1
warmup,0,0,nb,0,256,48,0.023774589,0.000092869,0.000005300,0.000156793,1
warmup,1,1,nb,0,256,48,0.023264622,0.000090877,0.000004158,0.000158979,1
warmup,2,2,nb,0,256,48,0.024860017,0.000097109,0.000005611,0.000169647,1
warmup,3,3,nb,0,256,48,0.024246029,0.000094711,0.000005560,0.000149880,1
warmup,4,4,nb,0,256,48,0.025966493,0.000101432,0.000007293,0.000178234,1
warmup,5,5,nb,0,256,48,0.024950227,0.000097462,0.000005590,0.000172814,1
warmup,6,6,nb,0,256,48,0.024794137,0.000096852,0.000005250,0.000153747,1
warmup,7,7,nb,0,256,48,0.021048705,0.000082222,0.000003456,0.000143117,1
warmup,8,8,nb,0,256,48,0.026600504,0.000103908,0.000005510,0.000191298,1
warmup,9,9,nb,0,256,48,0.024868551,0.000097143,0.000004018,0.000179897,1
warmup,10,10,nb,0,256,48,0.023202546,0.000090635,0.000006823,0.000165931,1
warmup,11,11,nb,0,256,48,0.021456508,0.000083814,0.000007464,0.000154829,1
warmup,12,12,nb,0,256,48,0.026235324,0.000102482,0.000004378,0.000179816,1
warmup,13,13,nb,0,256,48,0.020957100,0.000081864,0.000005591,0.000157725,1
warmup,14,14,nb,0,256,48,0.024939681,0.000097421,0.000011652,0.000184896,1
warmup,15,15,nb,0,256,48,0.021642701,0.000084542,0.000005570,0.000149079,1
warmup,16,16,nb,0,256,48,0.022839181,0.000089216,0.000004088,0.000149770,1
warmup,17,17,nb,0,256,48,0.023547893,0.000091984,0.000003787,0.000161692,1
warmup,18,18,nb,0,256,48,0.024489193,0.000095661,0.000006963,0.000169307,1
warmup,19,19,nb,0,256,48,0.019825141,0.000077442,0.000003517,0.000148327,1
warmup,20,20,nb,0,256,48,0.023086017,0.000090180,0.000007083,0.000160189,1
warmup,21,21,nb,0,256,48,0.020289350,0.000079255,0.000003466,0.000144871,1
warmup,22,22,nb,0,256,48,0.025538291,0.000099759,0.000006051,0.000164397,1
warmup,23,23,nb,0,256,48,0.023744348,0.000092751,0.000005300,0.000176490,1
warmup,24,24,nb,0,256,48,0.027791446,0.000108560,0.000005310,0.000194233,1
warmup,25,25,nb,0,256,48,0.020838394,0.000081400,0.000005340,0.000154389,1
warmup,26,26,nb,0,256,48,0.021605441,0.000084396,0.000006723,0.000161943,1
warmup,27,27,nb,0,256,48,0.024009754,0.000093788,0.000003918,0.000175197,1
warmup,28,28,nb,0,256,48,0.023131265,0.000090357,0.000005791,0.000150221,1
warmup,29,29,nb,0,256,48,0.021468197,0.000083860,0.000004258,0.000163977,1
warmup,30,30,nb,0,256,48,0.026296692,0.000102721,0.000005491,0.000164568,1
warmup,31,31,nb,0,256,48,0.024008934,0.000093785,0.000007314,0.000175338,1
warmup,32,32,nb,0,256,48,0.024506552,0.000095729,0.000006953,0.000169086,1
warmup,33,33,nb,0,256,48,0.021925258,0.000085646,0.000005269,0.000157515,1
warmup,34,34,nb,0,256,48,0.025126672,0.000098151,0.000007024,0.000174687,1
warmup,35,35,nb,0,256,48,0.023572228,0.000092079,0.000003657,0.000167844,1
warmup,36,36,nb,0,256,48,0.024109255,0.000094177,0.000005089,0.000161562,1
warmup,37,37,nb,0,256,48,0.021142453,0.000082588,0.000005641,0.000162043,1
warmup,38,38,nb,0,256,48,0.024514363,0.000095759,0.000006783,0.000159298,1
warmup,39,39,nb,0,256,48,0.022095849,0.000086312,0.000004168,0.000156913,1
warmup,40,40,nb,0,256,48,0.025058294,0.000097884,0.000005861,0.000174216,1
warmup,41,41,nb,0,256,48,0.021201776,0.000082819,0.000003456,0.000143829,1
warmup,42,42,nb,0,256,48,0.025126681,0.000098151,0.000005360,0.000172682,1
warmup,43,43,nb,0,256,48,0.022017785,0.000086007,0.000005300,0.000156843,1
warmup,44,44,nb,0,256,48,0.022189124,0.000086676,0.000006702,0.000151013,1
warmup,45,45,nb,0,256,48,0.021432214,0.000083720,0.000003677,0.000142577,1
warmup,46,46,nb,0,256,48,0.025705456,0.000100412,0.000005220,0.000168746,1
warmup,47,47,nb,0,256,48,0.021967576,0.000085811,0.000003937,0.000150932,1
warmup,48,48,nb,0,256,48,0.023616334,0.000092251,0.000006682,0.000164949,1
warmup,49,49,nb,0,256,48,0.021843756,0.000085327,0.000005340,0.000137989,1
warmup,50,50,nb,0,256,48,0.025159457,0.000098279,0.000005460,0.000174196,1
warmup,51,51,nb,0,256,48,0.021258469,0.000083041,0.000004298,0.000162865,1
warmup,52,52,nb,0,256,48,0.024319422,0.000094998,0.000005250,0.000165720,1
warmup,53,53,nb,0,256,48,0.021886425,0.000085494,0.000004799,0.000142246,1
warmup,54,54,nb,0,256,48,0.023807206,0.000092997,0.000006692,0.000172382,1
warmup,55,55,nb,0,256,48,0.023046212,0.000090024,0.000005280,0.000151625,1
warmup,56,56,nb,0,256,48,0.021323375,0.000083294,0.000006983,0.000136776,1
warmup,57,57,nb,0,256,48,0.022941755,0.000089616,0.000004128,0.000161983,1
warmup,58,58,nb,0,256,48,0.025823019,0.000100871,0.000007324,0.000171540,1
warmup,59,59,nb,0,256,48,0.023818598,0.000093041,0.000005230,0.000162113,1
warmup,60,60,nb,0,256,48,0.022784111,0.000089000,0.000004278,0.000147155,1
warmup,61,61,nb,0,256,48,0.022182349,0.000086650,0.000004298,0.000161021,1
warmup,62,62,nb,0,256,48,0.026391333,0.000103091,0.000006832,0.000175588,1
warmup,63,63,nb,0,256,48,0.022356532,0.000087330,0.000005219,0.000163085,1
warmup,64,64,nb,0,256,48,0.022539730,0.000088046,0.000006883,0.000159017,1
warmup,65,65,nb,0,256,48,0.020506077,0.000080102,0.000003456,0.000136946,1
warmup,66,66,nb,0,256,48,0.025689514,0.000100350,0.000006763,0.000158968,1
warmup,67,67,nb,0,256,48,0.023763289,0.000092825,0.000003687,0.000166912,1
warmup,68,68,nb,0,256,48,0.025658799,0.000100230,0.000006893,0.000172252,1
warmup,69,69,nb,0,256,48,0.024685982,0.000096430,0.000007324,0.000174957,1
warmup,70,70,nb,0,256,48,0.025165757,0.000098304,0.000004037,0.000170619,1
warmup,71,71,nb,0,256,48,0.020940476,0.000081799,0.000005099,0.000134191,1
warmup,72,72,nb,0,256,48,0.024985571,0.000097600,0.000008837,0.000173635,1
warmup,73,73,nb,0,256,48,0.022131316,0.000086450,0.000003907,0.000161662,1
warmup,74,74,nb,0,256,48,0.024212914,0.000094582,0.000006773,0.000165910,1
warmup,75,75,nb,0,256,48,0.023124564,0.000090330,0.000005110,0.000148929,1
warmup,76,76,nb,0,256,48,0.022901936,0.000089461,0.000007394,0.000165069,1
warmup,77,77,nb,0,256,48,0.025113212,0.000098098,0.000003928,0.000181860,1
warmup,78,78,nb,0,256,48,0.025027909,0.000097765,0.000005049,0.000171781,1
warmup,79,79,nb,0,256,48,0.024216387,0.000094595,0.000004989,0.000161572,1
warmup,80,80,nb,0,256,48,0.026528017,0.000103625,0.000005200,0.000185256,1
warmup,81,81,nb,0,256,48,0.022650578,0.000088479,0.000003566,0.000171050,1
warmup,82,82,nb,0,256,48,0.024365550,0.000095178,0.000005129,0.000170148,1
warmup,83,83,nb,0,256,48,0.022323388,0.000087201,0.000003988,0.000163736,1
warmup,84,84,nb,0,256,48,0.023828510,0.000093080,0.000005090,0.000165319,1
warmup,85,85,nb,0,256,48,0.022565070,0.000088145,0.000003557,0.000165329,1
warmup,86,86,nb,0,256,48,0.026864067,0.000104938,0.000005160,0.000177702,1
warmup,87,87,nb,0,256,48,0.023572134,0.000092079,0.000005150,0.000163395,1
warmup,88,88,nb,0,256,48,0.022696121,0.000088657,0.000006933,0.000152135,1
warmup,89,89,nb,0,256,48,0.023832046,0.000093094,0.000005310,0.000180046,1
warmup,90,90,nb,0,256,48,0.023882430,0.000093291,0.000004358,0.000155401,1
warmup,91,91,nb,0,256,48,0.020476086,0.000079985,0.000005129,0.000142046,1
warmup,92,92,nb,0,256,48,0.023026698,0.000089948,0.000005470,0.000142296,1
warmup,93,93,nb,0,256,48,0.023684157,0.000092516,0.000003807,0.000156303,1
warmup,94,94,nb,0,256,48,0.025933194,0.000101302,0.000011452,0.000182111,1
warmup,95,95,nb,0,256,48,0.021198800,0.000082808,0.000005270,0.000153447,1
warmup,96,96,nb,0,256,48,0.023929918,0.000093476,0.000005290,0.000170900,1
warmup,97,97,nb,0,256,48,0.020701909,0.000080867,0.000006732,0.000151844,1
warmup,98,98,nb,0,256,48,0.026626324,0.000104009,0.000006793,0.000173064,1
warmup,99,99,nb,0,256,48,0.024674455,0.000096385,0.000004027,0.000183864,1
actual,0,100,nb,0,256,48,0.025525764,0.000099710,0.000004067,0.000177121,1
actual,1,101,nb,0,256,48,0.023812627,0.000093018,0.000003637,0.000163987,1
actual,2,102,nb,0,256,48,0.022827119,0.000089168,0.000007634,0.000162013,1
actual,3,103,nb,0,256,48,0.019541335,0.000076333,0.000005551,0.000132488,1
actual,4,104,nb,0,256,48,0.024833276,0.000097005,0.000005270,0.000159608,1
actual,5,105,nb,0,256,48,0.023674924,0.000092480,0.000004789,0.000152124,1
actual,6,106,nb,0,256,48,0.025039626,0.000097811,0.000005210,0.000172683,1
actual,7,107,nb,0,256,48,0.025270919,0.000098715,0.000003587,0.000167183,1
actual,8,108,nb,0,256,48,0.027031932,0.000105593,0.000005210,0.000180627,1
actual,9,109,nb,0,256,48,0.024464643,0.000095565,0.000003597,0.000173234,1
actual,10,110,nb,0,256,48,0.025234200,0.000098571,0.000005160,0.000176671,1
actual,11,111,nb,0,256,48,0.022526407,0.000087994,0.000005380,0.000161883,1
actual,12,112,nb,0,256,48,0.022440472,0.000087658,0.000007224,0.000155090,1
actual,13,113,nb,0,256,48,0.025009864,0.000097695,0.000006923,0.000173153,1
actual,14,114,nb,0,256,48,0.024404168,0.000095329,0.000006792,0.000171391,1
actual,15,115,nb,0,256,48,0.024316905,0.000094988,0.000003617,0.000174216,1
actual,16,116,nb,0,256,48,0.024633783,0.000096226,0.000011241,0.000169527,1
actual,17,117,nb,0,256,48,0.024746059,0.000096664,0.000005140,0.000181739,1
actual,18,118,nb,0,256,48,0.025625560,0.000100100,0.000005441,0.000169777,1
actual,19,119,nb,0,256,48,0.024992983,0.000097629,0.000003777,0.000167202,1
actual,20,120,nb,0,256,48,0.022469647,0.000087772,0.000005511,0.000140863,1
actual,21,121,nb,0,256,48,0.024951922,0.000097468,0.000005521,0.000174957,1
actual,22,122,nb,0,256,48,0.025427270,0.000099325,0.000005300,0.000180357,1
actual,23,123,nb,0,256,48,0.023116721,0.000090300,0.000005490,0.000167072,1
actual,24,124,nb,0,256,48,0.024508566,0.000095737,0.000005540,0.000151874,1
actual,25,125,nb,0,256,48,0.023602256,0.000092196,0.000003798,0.000178944,1
actual,26,126,nb,0,256,48,0.025348140,0.000099016,0.000006783,0.000172362,1
actual,27,127,nb,0,256,48,0.024151214,0.000094341,0.000003758,0.000179767,1
actual,28,128,nb,0,256,48,0.022405037,0.000087520,0.000003546,0.000169036,1
actual,29,129,nb,0,256,48,0.024750173,0.000096680,0.000005300,0.000175839,1
actual,30,130,nb,0,256,48,0.022218249,0.000086790,0.000007364,0.000156482,1
actual,31,131,nb,0,256,48,0.023464206,0.000091657,0.000003686,0.000169117,1
actual,32,132,nb,0,256,48,0.025511449,0.000099654,0.000007283,0.000161191,1
actual,33,133,nb,0,256,48,0.024765633,0.000096741,0.000004188,0.000180217,1
actual,34,134,nb,0,256,48,0.026844349,0.000104861,0.000005581,0.000193151,1
actual,35,135,nb,0,256,48,0.017028675,0.000066518,0.000002775,0.000127017,1
actual,36,136,nb,0,256,48,0.025982174,0.000101493,0.000004207,0.000185888,1
actual,37,137,nb,0,256,48,0.025105917,0.000098070,0.000005300,0.000162003,1
actual,38,138,nb,0,256,48,0.023167304,0.000090497,0.000006953,0.000158176,1
actual,39,139,nb,0,256,48,0.021790867,0.000085121,0.000005470,0.000155320,1
actual,40,140,nb,0,256,48,0.025555443,0.000099826,0.000005330,0.000174967,1
actual,41,141,nb,0,256,48,0.022662773,0.000088526,0.000003547,0.000148708,1
actual,42,142,nb,0,256,48,0.023833636,0.000093100,0.000011211,0.000161131,1
actual,43,143,nb,0,256,48,0.024797786,0.000096866,0.000003667,0.000174557,1
actual,44,144,nb,0,256,48,0.026243920,0.000102515,0.000005290,0.000178594,1
actual,45,145,nb,0,256,48,0.024942638,0.000097432,0.000006943,0.000163626,1
actual,46,146,nb,0,256,48,0.026617873,0.000103976,0.000006813,0.000180998,1
actual,47,147,nb,0,256,48,0.023435699,0.000091546,0.000003587,0.000170008,1
actual,48,148,nb,0,256,48,0.024040454,0.000093908,0.000005380,0.000162173,1
actual,49,149,nb,0,256,48,0.022452197,0.000087704,0.000003917,0.000166982,1
actual,50,150,nb,0,256,48,0.024201654,0.000094538,0.000007003,0.000174697,1
actual,51,151,nb,0,256,48,0.023756625,0.000092799,0.000005280,0.000167003,1
actual,52,152,nb,0,256,48,0.025890606,0.000101135,0.000006993,0.000173534,1
actual,53,153,nb,0,256,48,0.023529234,0.000091911,0.000005330,0.000147727,1
actual,54,154,nb,0,256,48,0.026591332,0.000103872,0.000005240,0.000183914,1
actual,55,155,nb,0,256,48,0.025897559,0.000101162,0.000005651,0.000177091,1
actual,56,156,nb,0,256,48,0.024659133,0.000096325,0.000006903,0.000174306,1
actual,57,157,nb,0,256,48,0.021463306,0.000083841,0.000003076,0.000156653,1
actual,58,158,nb,0,256,48,0.024181144,0.000094458,0.000005460,0.000178103,1
actual,59,159,nb,0,256,48,0.023463102,0.000091653,0.000005080,0.000152475,1
actual,60,160,nb,0,256,48,0.025735837,0.000100531,0.000005280,0.000176550,1
actual,61,161,nb,0,256,48,0.019792855,0.000077316,0.000003707,0.000145983,1
actual,62,162,nb,0,256,48,0.022956873,0.000089675,0.000007464,0.000160821,1
actual,63,163,nb,0,256,48,0.023119488,0.000090311,0.000005220,0.000165850,1
actual,64,164,nb,0,256,48,0.023271338,0.000090904,0.000011401,0.000157093,1
actual,65,165,nb,0,256,48,0.021278778,0.000083120,0.000003467,0.000142848,1
actual,66,166,nb,0,256,48,0.021622594,0.000084463,0.000007264,0.000150992,1
actual,67,167,nb,0,256,48,0.023098051,0.000090227,0.000004308,0.000169667,1
actual,68,168,nb,0,256,48,0.024216948,0.000094597,0.000006803,0.000151856,1
actual,69,169,nb,0,256,48,0.022675491,0.000088576,0.000005009,0.000166742,1
actual,70,170,nb,0,256,48,0.022492095,0.000087860,0.000006903,0.000155731,1
actual,71,171,nb,0,256,48,0.024788401,0.000096830,0.000004178,0.000171120,1
actual,72,172,nb,0,256,48,0.026046871,0.000101746,0.000005430,0.000159949,1
actual,73,173,nb,0,256,48,0.025097310,0.000098036,0.000003647,0.000176109,1
actual,74,174,nb,0,256,48,0.023735525,0.000092717,0.000007393,0.000172683,1
actual,75,175,nb,0,256,48,0.021061715,0.000082272,0.000007164,0.000147085,1
actual,76,176,nb,0,256,48,0.026354695,0.000102948,0.000006933,0.000181259,1
actual,77,177,nb,0,256,48,0.024067330,0.000094013,0.000005661,0.000162493,1
actual,78,178,nb,0,256,48,0.025526066,0.000099711,0.000003827,0.000169707,1
actual,79,179,nb,0,256,48,0.022873251,0.000089349,0.000003967,0.000162584,1
actual,80,180,nb,0,256,48,0.028617664,0.000111788,0.000006893,0.000185938,1
actual,81,181,nb,0,256,48,0.021904894,0.000085566,0.000005189,0.000141224,1
actual,82,182,nb,0,256,48,0.026656448,0.000104127,0.000006833,0.000165900,1
actual,83,183,nb,0,256,48,0.022862024,0.000089305,0.000004429,0.000164637,1
actual,84,184,nb,0,256,48,0.025596171,0.000099985,0.000005190,0.000177685,1
actual,85,185,nb,0,256,48,0.022848057,0.000089250,0.000003596,0.000151493,1
actual,86,186,nb,0,256,48,0.027256930,0.000106472,0.000005360,0.000182110,1
actual,87,187,nb,0,256,48,0.022586736,0.000088229,0.000005250,0.000151884,1
actual,88,188,nb,0,256,48,0.024836683,0.000097018,0.000005360,0.000162484,1
actual,89,189,nb,0,256,48,0.025864511,0.000101033,0.000005490,0.000175007,1
actual,90,190,nb,0,256,48,0.024027692,0.000093858,0.000005350,0.000166391,1
actual,91,191,nb,0,256,48,0.021440712,0.000083753,0.000005140,0.000157585,1
actual,92,192,nb,0,256,48,0.024085777,0.000094085,0.000004990,0.000155943,1
actual,93,193,nb,0,256,48,0.027214155,0.000106305,0.000007384,0.000170058,1
actual,94,194,nb,0,256,48,0.025361783,0.000099069,0.000006813,0.000176250,1
actual,95,195,nb,0,256,48,0.022936943,0.000089597,0.000005300,0.000146544,1
actual,96,196,nb,0,256,48,0.024735089,0.000096621,0.000004107,0.000176219,1
actual,97,197,nb,0,256,48,0.023638122,0.000092336,0.000007043,0.000148878,1
actual,98,198,nb,0,256,48,0.026042782,0.000101730,0.000005450,0.000176190,1
actual,99,199,nb,0,256,48,0.023763981,0.000092828,0.000005370,0.000166682,1
warmup,0,0,nb,0,256,64,0.024671218,0.000096372,0.000006702,0.000170980,1
warmup,1,1,nb,0,256,64,0.022031285,0.000086060,0.000005280,0.000167142,1
warmup,2,2,nb,0,256,64,0.029366624,0.000114713,0.000022122,0.000190326,1
warmup,3,3,nb,0,256,64,0.021110696,0.000082464,0.000005501,0.000153277,1
warmup,4,4,nb,0,256,64,0.026598786,0.000103902,0.000005100,0.000181399,1
warmup,5,5,nb,0,256,64,0.019642851,0.000076730,0.000002675,0.000143929,1
warmup,6,6,nb,0,256,64,0.022247602,0.000086905,0.000006933,0.000153667,1
warmup,7,7,nb,0,256,64,0.022908763,0.000089487,0.000006993,0.000176340,1
warmup,8,8,nb,0,256,64,0.024611534,0.000096139,0.000006913,0.000171972,1
warmup,9,9,nb,0,256,64,0.023049236,0.000090036,0.000003707,0.000168084,1
warmup,10,10,nb,0,256,64,0.022051525,0.000086139,0.000006903,0.000151713,1
warmup,11,11,nb,0,256,64,0.023647369,0.000092373,0.000005470,0.000180278,1
warmup,12,12,nb,0,256,64,0.022949590,0.000089647,0.000007314,0.000161572,1
warmup,13,13,nb,0,256,64,0.020794292,0.000081228,0.000005611,0.000160199,1
warmup,14,14,nb,0,256,64,0.025058385,0.000097884,0.000005380,0.000177321,1
warmup,15,15,nb,0,256,64,0.021998596,0.000085932,0.000005169,0.000161532,1
warmup,16,16,nb,0,256,64,0.022643259,0.000088450,0.000007003,0.000149579,1
warmup,17,17,nb,0,256,64,0.020808814,0.000081284,0.000004248,0.000159207,1
warmup,18,18,nb,0,256,64,0.024274403,0.000094822,0.000005250,0.000157134,1
warmup,19,19,nb,0,256,64,0.021980167,0.000085860,0.000003496,0.000143420,1
warmup,20,20,nb,0,256,64,0.025238828,0.000098589,0.000004168,0.000159741,1
warmup,21,21,nb,0,256,64,0.023335574,0.000091155,0.000005239,0.000147468,1
warmup,22,22,nb,0,256,64,0.025346400,0.000099009,0.000007534,0.000175167,1
warmup,23,23,nb,0,256,64,0.023732779,0.000092706,0.000004248,0.000163616,1
warmup,24,24,nb,0,256,64,0.024516456,0.000095767,0.000005280,0.000153838,1
warmup,25,25,nb,0,256,64,0.021330917,0.000083324,0.000005210,0.000140983,1
warmup,26,26,nb,0,256,64,0.024399044,0.000095309,0.000006743,0.000174677,1
warmup,27,27,nb,0,256,64,0.025165542,0.000098303,0.000005139,0.000162884,1
warmup,28,28,nb,0,256,64,0.025365654,0.000099085,0.000004058,0.000177522,1
warmup,29,29,nb,0,256,64,0.021330223,0.000083321,0.000003487,0.000157976,1
warmup,30,30,nb,0,256,64,0.025334655,0.000098963,0.000007293,0.000155443,1
warmup,31,31,nb,0,256,64,0.022445512,0.000087678,0.000005270,0.000161593,1
warmup,32,32,nb,0,256,64,0.024242452,0.000094697,0.000006883,0.000162884,1
warmup,33,33,nb,0,256,64,0.022885887,0.000089398,0.000005210,0.000175248,1
warmup,34,34,nb,0,256,64,0.021489368,0.000083943,0.000005140,0.000149760,1
warmup,35,35,nb,0,256,64,0.020625187,0.000080567,0.000005260,0.000155380,1
warmup,36,36,nb,0,256,64,0.023736822,0.000092722,0.000006682,0.000158857,1
warmup,37,37,nb,0,256,64,0.022554030,0.000088102,0.000003486,0.000165750,1
warmup,38,38,nb,0,256,64,0.027018781,0.000105542,0.000005140,0.000191569,1
warmup,39,39,nb,0,256,64,0.022435222,0.000087638,0.000005691,0.000163175,1
warmup,40,40,nb,0,256,64,0.023954898,0.000093574,0.000005250,0.000174016,1
warmup,41,41,nb,0,256,64,0.022123365,0.000086419,0.000004108,0.000156254,1
warmup,42,42,nb,0,256,64,0.024349448,0.000095115,0.000006843,0.000169687,1
warmup,43,43,nb,0,256,64,0.019610082,0.000076602,0.000003507,0.000138739,1
warmup,44,44,nb,0,256,64,0.025357195,0.000099052,0.000005209,0.000162214,1
warmup,45,45,nb,0,256,64,0.024008998,0.000093785,0.000005350,0.000145081,1
warmup,46,46,nb,0,256,64,0.023906945,0.000093387,0.000005090,0.000173374,1
warmup,47,47,nb,0,256,64,0.019931534,0.000077858,0.000003607,0.000146003,1
warmup,48,48,nb,0,256,64,0.023185720,0.000090569,0.000007354,0.000171130,1
warmup,49,49,nb,0,256,64,0.021529949,0.000084101,0.000004068,0.000151583,1
warmup,50,50,nb,0,256,64,0.026062636,0.000101807,0.000007254,0.000168124,1
warmup,51,51,nb,0,256,64,0.021740596,0.000084924,0.000008867,0.000159288,1
warmup,52,52,nb,0,256,64,0.021380362,0.000083517,0.000005410,0.000139161,1
warmup,53,53,nb,0,256,64,0.019999910,0.000078125,0.000003437,0.000147757,1
warmup,54,54,nb,0,256,64,0.024483019,0.000095637,0.000008977,0.000158857,1
warmup,55,55,nb,0,256,64,0.024111155,0.000094184,0.000004108,0.000173454,1
warmup,56,56,nb,0,256,64,0.025364097,0.000099079,0.000005210,0.000166854,1
warmup,57,57,nb,0,256,64,0.022446993,0.000087684,0.000004308,0.000149690,1
warmup,58,58,nb,0,256,64,0.025726423,0.000100494,0.000006893,0.000181199,1
warmup,59,59,nb,0,256,64,0.019524879,0.000076269,0.000003406,0.000151763,1
warmup,60,60,nb,0,256,64,0.024082509,0.000094072,0.000006893,0.000149581,1
warmup,61,61,nb,0,256,64,0.023273355,0.000090912,0.000005360,0.000165730,1
warmup,62,62,nb,0,256,64,0.024762877,0.000096730,0.000007003,0.000173745,1
warmup,63,63,nb,0,256,64,0.019619833,0.000076640,0.000003436,0.000124874,1
warmup,64,64,nb,0,256,64,0.025138638,0.000098198,0.000006853,0.000175949,1
warmup,65,65,nb,0,256,64,0.017924481,0.000070018,0.000005240,0.000147666,1
warmup,66,66,nb,0,256,64,0.024953722,0.000097475,0.000007163,0.000178454,1
warmup,67,67,nb,0,256,64,0.019446622,0.000075963,0.000003537,0.000134050,1
warmup,68,68,nb,0,256,64,0.026126883,0.000102058,0.000003957,0.000176109,1
warmup,69,69,nb,0,256,64,0.020755028,0.000081074,0.000003486,0.000148829,1
warmup,70,70,nb,0,256,64,0.025529900,0.000099726,0.000005310,0.000180818,1
warmup,71,71,nb,0,256,64,0.023303115,0.000091028,0.000004128,0.000153858,1
warmup,72,72,nb,0,256,64,0.024918399,0.000097337,0.000005280,0.000154248,1
warmup,73,73,nb,0,256,64,0.023017778,0.000089913,0.000005340,0.000159398,1
warmup,74,74,nb,0,256,64,0.025883122,0.000101106,0.000006832,0.000169426,1
warmup,75,75,nb,0,256,64,0.020366972,0.000079558,0.000003757,0.000149339,1
warmup,76,76,nb,0,256,64,0.025110891,0.000098089,0.000006963,0.000163255,1
warmup,77,77,nb,0,256,64,0.021216366,0.000082876,0.000005110,0.000157174,1
warmup,78,78,nb,0,256,64,0.025693803,0.000100366,0.000005100,0.000170328,1
warmup,79,79,nb,0,256,64,0.025081006,0.000097973,0.000005280,0.000180427,1
warmup,80,80,nb,0,256,64,0.023781852,0.000092898,0.000007054,0.000151904,1
warmup,81,81,nb,0,256,64,0.024745336,0.000096661,0.000005320,0.000173986,1
warmup,82,82,nb,0,256,64,0.023874596,0.000093260,0.000005190,0.000149730,1
warmup,83,83,nb,0,256,64,0.024394306,0.000095290,0.000005099,0.000178323,1
warmup,84,84,nb,0,256,64,0.025259217,0.000098669,0.000007464,0.000175749,1
warmup,85,85,nb,0,256,64,0.022081218,0.000086255,0.000005490,0.000164769,1
warmup,86,86,nb,0,256,64,0.022307685,0.000087139,0.000005630,0.000168305,1
warmup,87,87,nb,0,256,64,0.025110717,0.000098089,0.000005320,0.000184455,1
warmup,88,88,nb,0,256,64,0.025636085,0.000100141,0.000004369,0.000174516,1
warmup,89,89,nb,0,256,64,0.020118789,0.000078589,0.000003496,0.000139921,1
warmup,90,90,nb,0,256,64,0.024447467,0.000095498,0.000004148,0.000174827,1
warmup,91,91,nb,0,256,64,0.024895962,0.000097250,0.000004318,0.000168556,1
warmup,92,92,nb,0,256,64,0.024047775,0.000093937,0.000007584,0.000173685,1
warmup,93,93,nb,0,256,64,0.020402508,0.000079697,0.000003737,0.000146835,1
warmup,94,94,nb,0,256,64,0.026030730,0.000101683,0.000004117,0.000176851,1
warmup,95,95,nb,0,256,64,0.020255491,0.000079123,0.000003677,0.000150702,1
warmup,96,96,nb,0,256,64,0.025212542,0.000098486,0.000009447,0.000169367,1
warmup,97,97,nb,0,256,64,0.023296769,0.000091003,0.000006903,0.000160681,1
warmup,98,98,nb,0,256,64,0.024545442,0.000095881,0.000006783,0.000154169,1
warmup,99,99,nb,0,256,64,0.024488798,0.000095659,0.000004729,0.000178093,1
actual,0,100,nb,0,256,64,0.022876207,0.000089360,0.000006803,0.000159769,1
actual,1,101,nb,0,256,64,0.022654537,0.000088494,0.000003857,0.000144853,1
actual,2,102,nb,0,256,64,0.026177590,0.000102256,0.000005411,0.000182441,1
actual,3,103,nb,0,256,64,0.023832804,0.000093097,0.000005310,0.000156512,1
actual,4,104,nb,0,256,64,0.024809081,0.000096910,0.000006803,0.000156733,1
actual,5,105,nb,0,256,64,0.023101849,0.000090242,0.000003968,0.000163666,1
actual,6,106,nb,0,256,64,0.026500417,0.000103517,0.000005210,0.000168096,1
actual,7,107,nb,0,256,64,0.022350710,0.000087307,0.000004188,0.000162644,1
actual,8,108,nb,0,256,64,0.026155146,0.000102169,0.000007003,0.000182361,1
actual,9,109,nb,0,256,64,0.024420783,0.000095394,0.000005360,0.000175738,1
actual,10,110,nb,0,256,64,0.022558518,0.000088119,0.000005350,0.000150842,1
actual,11,111,nb,0,256,64,0.019983699,0.000078061,0.000003556,0.000147767,1
actual,12,112,nb,0,256,64,0.022742217,0.000088837,0.000007153,0.000162093,1
actual,13,113,nb,0,256,64,0.019756524,0.000077174,0.000003467,0.000146153,1
actual,14,114,nb,0,256,64,0.025461059,0.000099457,0.000004378,0.000181149,1
actual,15,115,nb,0,256,64,0.024355115,0.000095137,0.000003717,0.000174437,1
actual,16,116,nb,0,256,64,0.025478922,0.000099527,0.000005370,0.000173845,1
actual,17,117,nb,0,256,64,0.022673066,0.000088567,0.000005701,0.000166321,1
actual,18,118,nb,0,256,64,0.024038324,0.000093900,0.000005390,0.000169657,1
actual,19,119,nb,0,256,64,0.021243564,0.000082983,0.000003837,0.000164116,1
actual,20,120,nb,0,256,64,0.022282272,0.000087040,0.000005871,0.000149599,1
actual,21,121,nb,0,256,64,0.023743480,0.000092748,0.000004879,0.000172543,1
actual,22,122,nb,0,256,64,0.026326410,0.000102838,0.000005390,0.000183623,1
actual,23,123,nb,0,256,64,0.021341186,0.000083364,0.000003717,0.000154639,1
actual,24,124,nb,0,256,64,0.023945586,0.000093537,0.000006893,0.000157194,1
actual,25,125,nb,0,256,64,0.022260620,0.000086956,0.000005350,0.000162483,1
actual,26,126,nb,0,256,64,0.024198970,0.000094527,0.000005560,0.000156993,1
actual,27,127,nb,0,256,64,0.023677938,0.000092492,0.000008947,0.000160000,1
actual,28,128,nb,0,256,64,0.024583948,0.000096031,0.000006863,0.000175048,1
actual,29,129,nb,0,256,64,0.020564639,0.000080331,0.000003657,0.000163115,1
actual,30,130,nb,0,256,64,0.024678150,0.000096399,0.000004088,0.000153778,1
actual,31,131,nb,0,256,64,0.023099329,0.000090232,0.000004218,0.000152896,1
actual,32,132,nb,0,256,64,0.025366881,0.000099089,0.000005370,0.000174527,1
actual,33,133,nb,0,256,64,0.023261725,0.000090866,0.000009598,0.000171170,1
actual,34,134,nb,0,256,64,0.023654647,0.000092401,0.000005550,0.000174075,1
actual,35,135,nb,0,256,64,0.025234676,0.000098573,0.000003527,0.000176590,1
actual,36,136,nb,0,256,64,0.024893370,0.000097240,0.000006883,0.000175268,1
actual,37,137,nb,0,256,64,0.023179311,0.000090544,0.000004248,0.000173304,1
actual,38,138,nb,0,256,64,0.026406355,0.000103150,0.000005671,0.000182511,1
actual,39,139,nb,0,256,64,0.023874030,0.000093258,0.000005450,0.000174627,1
actual,40,140,nb,0,256,64,0.024083246,0.000094075,0.000008446,0.000157083,1
actual,41,141,nb,0,256,64,0.024490705,0.000095667,0.000004138,0.000165850,1
actual,42,142,nb,0,256,64,0.025363778,0.000099077,0.000007003,0.000177622,1
actual,43,143,nb,0,256,64,0.023625446,0.000092287,0.000005229,0.000156212,1
actual,44,144,nb,0,256,64,0.022217034,0.000086785,0.000007103,0.000143589,1
actual,45,145,nb,0,256,64,0.023707229,0.000092606,0.000003477,0.000157595,1
actual,46,146,nb,0,256,64,0.025496906,0.000099597,0.000006943,0.000175468,1
actual,47,147,nb,0,256,64,0.025691689,0.000100358,0.000004268,0.000186318,1
actual,48,148,nb,0,256,64,0.026305883,0.000102757,0.000005119,0.000168758,1
actual,49,149,nb,0,256,64,0.023167173,0.000090497,0.000004028,0.000169116,1
actual,50,150,nb,0,256,64,0.022727889,0.000088781,0.000009177,0.000158416,1
actual,51,151,nb,0,256,64,0.024179795,0.000094452,0.000005099,0.000173044,1
actual,52,152,nb,0,256,64,0.024675091,0.000096387,0.000005340,0.000159318,1
actual,53,153,nb,0,256,64,0.020935725,0.000081780,0.000003767,0.000155962,1
actual,54,154,nb,0,256,64,0.022674004,0.000088570,0.000006903,0.000146245,1
actual,55,155,nb,0,256,64,0.022174680,0.000086620,0.000003537,0.000161192,1
actual,56,156,nb,0,256,64,0.025334191,0.000098962,0.000007164,0.000173605,1
actual,57,157,nb,0,256,64,0.024129143,0.000094254,0.000003747,0.000158787,1
actual,58,158,nb,0,256,64,0.022755301,0.000088888,0.000004118,0.000150742,1
actual,59,159,nb,0,256,64,0.025304321,0.000098845,0.000003507,0.000164037,1
actual,60,160,nb,0,256,64,0.025092729,0.000098018,0.000005240,0.000179255,1
actual,61,161,nb,0,256,64,0.021015771,0.000082093,0.000003627,0.000145943,1
actual,62,162,nb,0,256,64,0.025640376,0.000100158,0.000005089,0.000182712,1
actual,63,163,nb,0,256,64,0.024919271,0.000097341,0.000003436,0.000177502,1
actual,64,164,nb,0,256,64,0.022513566,0.000087944,0.000006833,0.000153086,1
actual,65,165,nb,0,256,64,0.020742905,0.000081027,0.000003767,0.000157354,1
actual,66,166,nb,0,256,64,0.024126046,0.000094242,0.000006983,0.000157013,1
actual,67,167,nb,0,256,64,0.022737650,0.000088819,0.000004980,0.000175278,1
actual,68,168,nb,0,256,64,0.025353008,0.000099035,0.000005451,0.000169176,1
actual,69,169,nb,0,256,64,0.024302416,0.000094931,0.000005000,0.000172532,1
actual,70,170,nb,0,256,64,0.023445870,0.000091585,0.000005230,0.000167833,1
actual,71,171,nb,0,256,64,0.023033161,0.000089973,0.000004809,0.000182711,1
actual,72,172,nb,0,256,64,0.024928233,0.000097376,0.000004127,0.000177973,1
actual,73,173,nb,0,256,64,0.020081344,0.000078443,0.000003417,0.000136787,1
actual,74,174,nb,0,256,64,0.025782524,0.000100713,0.000005761,0.000164267,1
actual,75,175,nb,0,256,64,0.024180583,0.000094455,0.000004037,0.000178303,1
actual,76,176,nb,0,256,64,0.023312799,0.000091066,0.000004939,0.000150531,1
actual,77,177,nb,0,256,64,0.024513593,0.000095756,0.000005209,0.000159601,1
actual,78,178,nb,0,256,64,0.023786013,0.000092914,0.000004929,0.000166552,1
actual,79,179,nb,0,256,64,0.022794058,0.000089039,0.000003506,0.000158767,1
actual,80,180,nb,0,256,64,0.024180115,0.000094454,0.000005511,0.000172042,1
actual,81,181,nb,0,256,64,0.022800056,0.000089063,0.000005229,0.000161372,1
actual,82,182,nb,0,256,64,0.026634650,0.000104042,0.000005150,0.000182281,1
actual,83,183,nb,0,256,64,0.020774812,0.000081152,0.000003777,0.000146985,1
actual,84,184,nb,0,256,64,0.023462769,0.000091651,0.000005390,0.000151353,1
actual,85,185,nb,0,256,64,0.023303847,0.000091031,0.000004348,0.000162303,1
actual,86,186,nb,0,256,64,0.025910082,0.000101211,0.000005019,0.000191157,1
actual,87,187,nb,0,256,64,0.026616699,0.000103971,0.000003497,0.000181148,1
actual,88,188,nb,0,256,64,0.024178965,0.000094449,0.000011281,0.000159368,1
actual,89,189,nb,0,256,64,0.023476841,0.000091706,0.000003877,0.000156082,1
actual,90,190,nb,0,256,64,0.025010247,0.000097696,0.000005520,0.000169938,1
actual,91,191,nb,0,256,64,0.023466612,0.000091666,0.000005411,0.000166992,1
actual,92,192,nb,0,256,64,0.023275310,0.000090919,0.000007685,0.000166511,1
actual,93,193,nb,0,256,64,0.023422866,0.000091496,0.000005660,0.000145584,1
actual,94,194,nb,0,256,64,0.025255188,0.000098653,0.000004268,0.000174276,1
actual,95,195,nb,0,256,64,0.021344295,0.000083376,0.000003697,0.000149029,1
actual,96,196,nb,0,256,64,0.025437137,0.000099364,0.000005220,0.000182140,1
actual,97,197,nb,0,256,64,0.024172670,0.000094424,0.000005470,0.000172282,1
actual,98,198,nb,0,256,64,0.023936834,0.000093503,0.000005170,0.000150672,1
actual,99,199,nb,0,256,64,0.024385430,0.000095256,0.000003597,0.000172973,1
warmup,0,0,nb,0,256,96,0.023563675,0.000092046,0.000006993,0.000162012,1
warmup,1,1,nb,0,256,96,0.023908377,0.000093392,0.000005731,0.000169958,1
warmup,2,2,nb,0,256,96,0.024283349,0.000094857,0.000007564,0.000152345,1
warmup,3,3,nb,0,256,96,0.021242412,0.000082978,0.000004238,0.000159398,1
warmup,4,4,nb,0,256,96,0.023143630,0.000090405,0.000005250,0.000153577,1
warmup,5,5,nb,0,256,96,0.022244745,0.000086894,0.000003576,0.000166090,1
warmup,6,6,nb,0,256,96,0.024447112,0.000095497,0.000011511,0.000177983,1
warmup,7,7,nb,0,256,96,0.022575923,0.000088187,0.000004859,0.000157464,1
warmup,8,8,nb,0,256,96,0.023339603,0.000091170,0.000006993,0.000157123,1
warmup,9,9,nb,0,256,96,0.020789464,0.000081209,0.000005190,0.000138711,1
warmup,10,10,nb,0,256,96,0.026175013,0.000102246,0.000005400,0.000178183,1
warmup,11,11,nb,0,256,96,0.024189367,0.000094490,0.000005200,0.000174326,1
warmup,12,12,nb,0,256,96,0.026788648,0.000104643,0.000005340,0.000184114,1
warmup,13,13,nb,0,256,96,0.020125794,0.000078616,0.000003426,0.000155190,1
warmup,14,14,nb,0,256,96,0.024173335,0.000094427,0.000006783,0.000170389,1
warmup,15,15,nb,0,256,96,0.025434909,0.000099355,0.000003627,0.000181570,1
warmup,16,16,nb,0,256,96,0.023243887,0.000090796,0.000012574,0.000151793,1
warmup,17,17,nb,0,256,96,0.020069046,0.000078395,0.000003517,0.000145863,1
warmup,18,18,nb,0,256,96,0.023891344,0.000093326,0.000005521,0.000174947,1
warmup,19,19,nb,0,256,96,0.024543809,0.000095874,0.000003997,0.000177532,1
warmup,20,20,nb,0,256,96,0.024951401,0.000097466,0.000006973,0.000174717,1
warmup,21,21,nb,0,256,96,0.023165387,0.000090490,0.000003617,0.000162434,1
warmup,22,22,nb,0,256,96,0.025365627,0.000099084,0.000005450,0.000167042,1
warmup,23,23,nb,0,256,96,0.021366699,0.000083464,0.000005461,0.000142086,1
warmup,24,24,nb,0,256,96,0.027655545,0.000108029,0.000004228,0.000196558,1
warmup,25,25,nb,0,256,96,0.019980486,0.000078049,0.000005210,0.000148187,1
warmup,26,26,nb,0,256,96,0.023899908,0.000093359,0.000005361,0.000159328,1
warmup,27,27,nb,0,256,96,0.023305762,0.000091038,0.000003807,0.000156442,1
warmup,28,28,nb,0,256,96,0.026023199,0.000101653,0.000007043,0.000174216,1
warmup,29,29,nb,0,256,96,0.021219779,0.000082890,0.000005500,0.000150431,1
warmup,30,30,nb,0,256,96,0.022895093,0.000089434,0.000006923,0.000162154,1
warmup,31,31,nb,0,256,96,0.021925064,0.000085645,0.000003616,0.000163776,1
warmup,32,32,nb,0,256,96,0.026659847,0.000104140,0.000004218,0.000197920,1
warmup,33,33,nb,0,256,96,0.022407339,0.000087529,0.000003777,0.000148728,1
warmup,34,34,nb,0,256,96,0.024695556,0.000096467,0.000004288,0.000157074,1
warmup,35,35,nb,0,256,96,0.024869703,0.000097147,0.000006853,0.000172332,1
warmup,36,36,nb,0,256,96,0.023446227,0.000091587,0.000004979,0.000154068,1
warmup,37,37,nb,0,256,96,0.021456558,0.000083815,0.000003707,0.000155360,1
warmup,38,38,nb,0,256,96,0.025672478,0.000100283,0.000004168,0.000170749,1
warmup,39,39,nb,0,256,96,0.021695020,0.000084746,0.000005430,0.000162063,1
warmup,40,40,nb,0,256,96,0.023261684,0.000090866,0.000005260,0.000161923,1
warmup,41,41,nb,0,256,96,0.021939577,0.000085701,0.000005150,0.000170409,1
warmup,42,42,nb,0,256,96,0.025817851,0.000100851,0.000007083,0.000178374,1
warmup,43,43,nb,0,256,96,0.021622009,0.000084461,0.000006793,0.000149700,1
warmup,44,44,nb,0,256,96,0.024013875,0.000093804,0.000006923,0.000168625,1
warmup,45,45,nb,0,256,96,0.021263436,0.000083060,0.000005340,0.000152034,1
warmup,46,46,nb,0,256,96,0.025512549,0.000099658,0.000005310,0.000174236,1
warmup,47,47,nb,0,256,96,0.025006618,0.000097682,0.000003566,0.000184054,1
warmup,48,48,nb,0,256,96,0.023824942,0.000093066,0.000005280,0.000155451,1
warmup,49,49,nb,0,256,96,0.022516267,0.000087954,0.000003807,0.000163015,1
warmup,50,50,nb,0,256,96,0.025184961,0.000098379,0.000006823,0.000164838,1
warmup,51,51,nb,0,256,96,0.021904737,0.000085565,0.000004068,0.000159869,1
warmup,52,52,nb,0,256,96,0.023464563,0.000091658,0.000006993,0.000169347,1
warmup,53,53,nb,0,256,96,0.020964281,0.000081892,0.000005621,0.000161242,1
warmup,54,54,nb,0,256,96,0.026597893,0.000103898,0.000005491,0.000183473,1
warmup,55,55,nb,0,256,96,0.022803677,0.000089077,0.000005791,0.000163425,1
warmup,56,56,nb,0,256,96,0.024227472,0.000094639,0.000005651,0.000176060,1
warmup,57,57,nb,0,256,96,0.020865638,0.000081506,0.000003547,0.000150331,1
warmup,58,58,nb,0,256,96,0.025950194,0.000101368,0.000005500,0.000176811,1
warmup,59,59,nb,0,256,96,0.021551859,0.000084187,0.000003557,0.000160500,1
warmup,60,60,nb,0,256,96,0.025433212,0.000099348,0.000006873,0.000173945,1
warmup,61,61,nb,0,256,96,0.022830297,0.000089181,0.000005290,0.000161472,1
warmup,62,62,nb,0,256,96,0.025116858,0.000098113,0.000004238,0.000164397,1
warmup,63,63,nb,0,256,96,0.023391562,0.000091373,0.000003407,0.000161351,1
warmup,64,64,nb,0,256,96,0.021996874,0.000085925,0.000006181,0.000161933,1
warmup,65,65,nb,0,256,96,0.024036698,0.000093893,0.000005531,0.000170719,1
warmup,66,66,nb,0,256,96,0.026610302,0.000103946,0.000006923,0.000167433,1
warmup,67,67,nb,0,256,96,0.024389387,0.000095271,0.000005450,0.000170659,1
warmup,68,68,nb,0,256,96,0.026250828,0.000102542,0.000005380,0.000187230,1
warmup,69,69,nb,0,256,96,0.024998858,0.000097652,0.000003596,0.000174667,1
warmup,70,70,nb,0,256,96,0.022715584,0.000088733,0.000006883,0.000148448,1
warmup,71,71,nb,0,256,96,0.020507966,0.000080109,0.000003556,0.000135272,1
warmup,72,72,nb,0,256,96,0.027642707,0.000107979,0.000004248,0.000200866,1
warmup,73,73,nb,0,256,96,0.022398939,0.000087496,0.000003767,0.000160179,1
warmup,74,74,nb,0,256,96,0.025949566,0.000101365,0.000005279,0.000166361,1
warmup,75,75,nb,0,256,96,0.020658092,0.000080696,0.000005430,0.000141775,1
warmup,76,76,nb,0,256,96,0.022902804,0.000089464,0.000007614,0.000156112,1
warmup,77,77,nb,0,256,96,0.022927787,0.000089562,0.000003537,0.000165479,1
warmup,78,78,nb,0,256,96,0.024034861,0.000093886,0.000006873,0.000156984,1
warmup,79,79,nb,0,256,96,0.024426703,0.000095417,0.000004088,0.000171140,1
warmup,80,80,nb,0,256,96,0.025905138,0.000101192,0.000006703,0.000181600,1
warmup,81,81,nb,0,256,96,0.024990934,0.000097621,0.000005530,0.000168154,1
warmup,82,82,nb,0,256,96,0.026152541,0.000102158,0.000005601,0.000178404,1
warmup,83,83,nb,0,256,96,0.023957997,0.000093586,0.000009458,0.000176951,1
warmup,84,84,nb,0,256,96,0.023584937,0.000092129,0.000009438,0.000169206,1
warmup,85,85,nb,0,256,96,0.020841656,0.000081413,0.000003526,0.000156853,1
warmup,86,86,nb,0,256,96,0.025018154,0.000097727,0.000006963,0.000172653,1
warmup,87,87,nb,0,256,96,0.023793788,0.000092944,0.000004088,0.000160950,1
warmup,88,88,nb,0,256,96,0.026372016,0.000103016,0.000005370,0.000183002,1
warmup,89,89,nb,0,256,96,0.020748251,0.000081048,0.000005530,0.000151954,1
warmup,90,90,nb,0,256,96,0.024241060,0.000094692,0.000006883,0.000147757,1
warmup,91,91,nb,0,256,96,0.024091315,0.000094107,0.000005530,0.000169828,1
warmup,92,92,nb,0,256,96,0.026669728,0.000104179,0.000005600,0.000182161,1
warmup,93,93,nb,0,256,96,0.024467544,0.000095576,0.000005791,0.000170008,1
warmup,94,94,nb,0,256,96,0.025905853,0.000101195,0.000005169,0.000178844,1
warmup,95,95,nb,0,256,96,0.022976005,0.000089750,0.000005230,0.000154519,1
warmup,96,96,nb,0,256,96,0.025884249,0.000101110,0.000005421,0.000182110,1
warmup,97,97,nb,0,256,96,0.025633555,0.000100131,0.000004728,0.000183994,1
warmup,98,98,nb,0,256,96,0.023809634,0.000093006,0.000010840,0.000156022,1
warmup,99,99,nb,0,256,96,0.023422999,0.000091496,0.000005270,0.000162374,1
actual,0,100,nb,0,256,96,0.022965146,0.000089708,0.000007464,0.000138801,1
actual,1,101,nb,0,256,96,0.023872587,0.000093252,0.000005520,0.000153437,1
actual,2,102,nb,0,256,96,0.024933177,0.000097395,0.000006883,0.000173054,1
actual,3,103,nb,0,256,96,0.020933065,0.000081770,0.000003547,0.000152695,1
actual,4,104,nb,0,256,96,0.022955835,0.000089671,0.000005790,0.000163245,1
actual,5,105,nb,0,256,96,0.024226662,0.000094635,0.000003506,0.000165560,1
actual,6,106,nb,0,256,96,0.024390580,0.000095276,0.000004338,0.000176580,1
actual,7,107,nb,0,256,96,0.021592034,0.000084344,0.000003586,0.000148748,1
actual,8,108,nb,0,256,96,0.025391043,0.000099184,0.000006843,0.000177602,1
actual,9,109,nb,0,256,96,0.024238493,0.000094682,0.000006001,0.000164878,1
actual,10,110,nb,0,256,96,0.026661625,0.000104147,0.000005730,0.000177882,1
actual,11,111,nb,0,256,96,0.025290269,0.000098790,0.000006923,0.000174907,1
actual,12,112,nb,0,256,96,0.023985613,0.000093694,0.000005481,0.000171540,1
actual,13,113,nb,0,256,96,0.020858362,0.000081478,0.000004138,0.000137187,1
actual,14,114,nb,0,256,96,0.025959048,0.000101403,0.000005460,0.000172222,1
actual,15,115,nb,0,256,96,0.022996364,0.000089830,0.000004157,0.000167343,1
actual,16,116,nb,0,256,96,0.022081929,0.000086258,0.000006943,0.000158426,1
actual,17,117,nb,0,256,96,0.019590555,0.000076526,0.000003607,0.000143068,1
actual,18,118,nb,0,256,96,0.024934918,0.000097402,0.000007093,0.000166822,1
actual,19,119,nb,0,256,96,0.022912724,0.000089503,0.000004178,0.000146063,1
actual,20,120,nb,0,256,96,0.025899202,0.000101169,0.000005500,0.000173965,1
actual,21,121,nb,0,256,96,0.024190856,0.000094496,0.000003727,0.000167653,1
actual,22,122,nb,0,256,96,0.023709702,0.000092616,0.000005601,0.000164498,1
actual,23,123,nb,0,256,96,0.020659341,0.000080701,0.000003497,0.000158857,1
actual,24,124,nb,0,256,96,0.023305267,0.000091036,0.000006772,0.000161282,1
actual,25,125,nb,0,256,96,0.020309611,0.000079334,0.000003537,0.000136417,1
actual,26,126,nb,0,256,96,0.026471857,0.000103406,0.000006813,0.000180578,1
actual,27,127,nb,0,256,96,0.024786905,0.000096824,0.000003898,0.000172843,1
actual,28,128,nb,0,256,96,0.025262243,0.000098681,0.000005370,0.000176610,1
actual,29,129,nb,0,256,96,0.022947353,0.000089638,0.000008957,0.000167383,1
actual,30,130,nb,0,256,96,0.025383630,0.000099155,0.000006733,0.000170749,1
actual,31,131,nb,0,256,96,0.019695203,0.000076934,0.000003626,0.000135794,1
actual,32,132,nb,0,256,96,0.025956962,0.000101394,0.000006954,0.000181460,1
actual,33,133,nb,0,256,96,0.022310713,0.000087151,0.000005270,0.000165289,1
actual,34,134,nb,0,256,96,0.024828675,0.000096987,0.000010520,0.000175748,1
actual,35,135,nb,0,256,96,0.020378488,0.000079603,0.000003928,0.000139221,1
actual,36,136,nb,0,256,96,0.022481047,0.000087817,0.000006392,0.000160821,1
actual,37,137,nb,0,256,96,0.023554754,0.000092011,0.000005621,0.000169577,1
actual,38,138,nb,0,256,96,0.024470703,0.000095589,0.000006883,0.000174336,1
actual,39,139,nb,0,256,96,0.019342351,0.000075556,0.000004919,0.000149710,1
actual,40,140,nb,0,256,96,0.025332828,0.000098956,0.000003507,0.000165509,1
actual,41,141,nb,0,256,96,0.023430916,0.000091527,0.000005330,0.000165810,1
actual,42,142,nb,0,256,96,0.023110733,0.000090276,0.000006813,0.000174145,1
actual,43,143,nb,0,256,96,0.020081881,0.000078445,0.000003416,0.000133842,1
actual,44,144,nb,0,256,96,0.026183867,0.000102281,0.000005511,0.000180748,1
actual,45,145,nb,0,256,96,0.025994703,0.000101542,0.000007063,0.000179135,1
actual,46,146,nb,0,256,96,0.026375441,0.000103029,0.000005630,0.000171651,1
actual,47,147,nb,0,256,96,0.024525573,0.000095803,0.000003526,0.000183694,1
actual,48,148,nb,0,256,96,0.026731675,0.000104421,0.000005560,0.000177602,1
actual,49,149,nb,0,256,96,0.023242564,0.000090791,0.000005320,0.000169517,1
actual,50,150,nb,0,256,96,0.025126834,0.000098152,0.000005560,0.000176009,1
actual,51,151,nb,0,256,96,0.021230778,0.000082933,0.000004058,0.000152475,1
actual,52,152,nb,0,256,96,0.023219052,0.000090699,0.000006924,0.000162453,1
actual,53,153,nb,0,256,96,0.019658640,0.000076792,0.000003517,0.000152445,1
actual,54,154,nb,0,256,96,0.023402864,0.000091417,0.000007044,0.000161301,1
actual,55,155,nb,0,256,96,0.022968201,0.000089720,0.000005440,0.000155941,1
actual,56,156,nb,0,256,96,0.025181644,0.000098366,0.000006943,0.000169778,1
actual,57,157,nb,0,256,96,0.023056556,0.000090065,0.000005330,0.000165129,1
actual,58,158,nb,0,256,96,0.022769294,0.000088943,0.000006772,0.000163505,1
actual,59,159,nb,0,256,96,0.023781904,0.000092898,0.000004077,0.000170950,1
actual,60,160,nb,0,256,96,0.024888111,0.000097219,0.000006923,0.000174677,1
actual,61,161,nb,0,256,96,0.024249791,0.000094726,0.000005240,0.000171370,1
actual,62,162,nb,0,256,96,0.022550495,0.000088088,0.000006994,0.000155932,1
actual,63,163,nb,0,256,96,0.020824582,0.000081346,0.000003586,0.000141274,1
actual,64,164,nb,0,256,96,0.024178865,0.000094449,0.000006843,0.000158537,1
actual,65,165,nb,0,256,96,0.019653799,0.000076773,0.000004218,0.000120496,1
actual,66,166,nb,0,256,96,0.025712855,0.000100441,0.000005651,0.000174326,1
actual,67,167,nb,0,256,96,0.021469871,0.000083867,0.000004469,0.000142937,1
actual,68,168,nb,0,256,96,0.024758726,0.000096714,0.000006963,0.000169197,1
actual,69,169,nb,0,256,96,0.022513902,0.000087945,0.000004388,0.000162594,1
actual,70,170,nb,0,256,96,0.024767481,0.000096748,0.000006863,0.000175839,1
actual,71,171,nb,0,256,96,0.024228613,0.000094643,0.000003777,0.000174316,1
actual,72,172,nb,0,256,96,0.026420408,0.000103205,0.000005570,0.000178053,1
actual,73,173,nb,0,256,96,0.023506786,0.000091823,0.000005180,0.000174887,1
actual,74,174,nb,0,256,96,0.022325919,0.000087211,0.000006883,0.000144410,1
actual,75,175,nb,0,256,96,0.023794948,0.000092949,0.000005239,0.000165409,1
actual,76,176,nb,0,256,96,0.023668133,0.000092454,0.000004458,0.000171651,1
actual,77,177,nb,0,256,96,0.022915952,0.000089515,0.000004408,0.000162484,1
actual,78,178,nb,0,256,96,0.025039951,0.000097812,0.000005460,0.000160310,1
actual,79,179,nb,0,256,96,0.022162494,0.000086572,0.000005180,0.000143038,1
actual,80,180,nb,0,256,96,0.025921091,0.000101254,0.000005510,0.000179165,1
actual,81,181,nb,0,256,96,0.021608434,0.000084408,0.000004348,0.000158366,1
actual,82,182,nb,0,256,96,0.024022021,0.000093836,0.000005430,0.000170339,1
actual,83,183,nb,0,256,96,0.020069088,0.000078395,0.000003436,0.000139571,1
actual,84,184,nb,0,256,96,0.025757493,0.000100615,0.000006823,0.000162955,1
actual,85,185,nb,0,256,96,0.023749954,0.000092773,0.000004218,0.000177211,1
actual,86,186,nb,0,256,96,0.022905449,0.000089474,0.000008887,0.000145212,1
actual,87,187,nb,0,256,96,0.024980982,0.000097582,0.000003687,0.000178584,1
actual,88,188,nb,0,256,96,0.024038349,0.000093900,0.000006833,0.000171811,1
actual,89,189,nb,0,256,96,0.024483709,0.000095639,0.000005490,0.000179405,1
actual,90,190,nb,0,256,96,0.025159690,0.000098280,0.000005591,0.000176841,1
actual,91,191,nb,0,256,96,0.023015693,0.000089905,0.000005651,0.000165990,1
actual,92,192,nb,0,256,96,0.024360055,0.000095156,0.000006813,0.000172503,1
actual,93,193,nb,0,256,96,0.021975141,0.000085840,0.000005310,0.000158917,1
actual,94,194,nb,0,256,96,0.026204608,0.000102362,0.000005210,0.000166974,1
actual,95,195,nb,0,256,96,0.023337679,0.000091163,0.000005270,0.000168405,1
actual,96,196,nb,0,256,96,0.024209997,0.000094570,0.000006973,0.000170468,1
actual,97,197,nb,0,256,96,0.022022027,0.000086024,0.000005390,0.000145543,1
actual,98,198,nb,0,256,96,0.025284917,0.000098769,0.000004288,0.000180798,1
actual,99,199,nb,0,256,96,0.019505526,0.000076193,0.000003597,0.000147886,1
warmup,0,0,nb,0,256,128,0.023378957,0.000091324,0.000004619,0.000158877,1
warmup,1,1,nb,0,256,128,0.024473018,0.000095598,0.000003627,0.000175348,1
warmup,2,2,nb,0,256,128,0.023915048,0.000093418,0.000007003,0.000166211,1
warmup,3,3,nb,0,256,128,0.022655850,0.000088499,0.000003486,0.000163798,1
warmup,4,4,nb,0,256,128,0.026027498,0.000101670,0.000005580,0.000174356,1
warmup,5,5,nb,0,256,128,0.024692911,0.000096457,0.000003476,0.000174506,1
warmup,6,6,nb,0,256,128,0.023906279,0.000093384,0.000005891,0.000164046,1
warmup,7,7,nb,0,256,128,0.022696933,0.000088660,0.000003968,0.000167703,1
warmup,8,8,nb,0,256,128,0.022219127,0.000086793,0.000003677,0.000159288,1
warmup,9,9,nb,0,256,128,0.022505776,0.000087913,0.000004409,0.000155631,1
warmup,10,10,nb,0,256,128,0.026190557,0.000102307,0.000005360,0.000173734,1
warmup,11,11,nb,0,256,128,0.023699443,0.000092576,0.000005230,0.000154831,1
warmup,12,12,nb,0,256,128,0.025657927,0.000100226,0.000005611,0.000179596,1
warmup,13,13,nb,0,256,128,0.026906348,0.000105103,0.000005390,0.000185447,1
warmup,14,14,nb,0,256,128,0.023605409,0.000092209,0.000006913,0.000154459,1
warmup,15,15,nb,0,256,128,0.025174515,0.000098338,0.000004208,0.000177572,1
warmup,16,16,nb,0,256,128,0.021815840,0.000085218,0.000007173,0.000140554,1
warmup,17,17,nb,0,256,128,0.024955341,0.000097482,0.000005932,0.000167082,1
warmup,18,18,nb,0,256,128,0.026115623,0.000102014,0.000005310,0.000180397,1
warmup,19,19,nb,0,256,128,0.025402206,0.000099227,0.000003526,0.000175187,1
warmup,20,20,nb,0,256,128,0.024519158,0.000095778,0.000004228,0.000177311,1
warmup,21,21,nb,0,256,128,0.023536378,0.000091939,0.000004198,0.000163055,1
warmup,22,22,nb,0,256,128,0.024488607,0.000095659,0.000008827,0.000170579,1
warmup,23,23,nb,0,256,128,0.023665196,0.000092442,0.000004068,0.000174586,1
warmup,24,24,nb,0,256,128,0.024948503,0.000097455,0.000007785,0.000179676,1
warmup,25,25,nb,0,256,128,0.022309809,0.000087148,0.000005390,0.000159308,1
warmup,26,26,nb,0,256,128,0.026158436,0.000102181,0.000005681,0.000173575,1
warmup,27,27,nb,0,256,128,0.024809150,0.000096911,0.000004338,0.000181359,1
warmup,28,28,nb,0,256,128,0.026341400,0.000102896,0.000007023,0.000176991,1
warmup,29,29,nb,0,256,128,0.022514219,0.000087946,0.000003637,0.000167133,1
warmup,30,30,nb,0,256,128,0.022701925,0.000088679,0.000007043,0.000149369,1
warmup,31,31,nb,0,256,128,0.021020883,0.000082113,0.000008456,0.000155801,1
warmup,32,32,nb,0,256,128,0.025606286,0.000100025,0.000004578,0.000176750,1
warmup,33,33,nb,0,256,128,0.021204151,0.000082829,0.000005871,0.000158186,1
warmup,34,34,nb,0,256,128,0.022869387,0.000089334,0.000006792,0.000160911,1
warmup,35,35,nb,0,256,128,0.021705635,0.000084788,0.000005761,0.000160550,1
warmup,36,36,nb,0,256,128,0.025943495,0.000101342,0.000007043,0.000177031,1
warmup,37,37,nb,0,256,128,0.022850744,0.000089261,0.000005320,0.000146765,1
warmup,38,38,nb,0,256,128,0.026025908,0.000101664,0.000005140,0.000185507,1
warmup,39,39,nb,0,256,128,0.023334889,0.000091152,0.000005280,0.000169878,1
warmup,40,40,nb,0,256,128,0.024338939,0.000095074,0.000005561,0.000151273,1
warmup,41,41,nb,0,256,128,0.025580511,0.000099924,0.000004508,0.000180879,1
warmup,42,42,nb,0,256,128,0.025588904,0.000099957,0.000005290,0.000169848,1
warmup,43,43,nb,0,256,128,0.019458801,0.000076011,0.000003576,0.000126406,1
warmup,44,44,nb,0,256,128,0.026310241,0.000102774,0.000004539,0.000181409,1
warmup,45,45,nb,0,256,128,0.023817645,0.000093038,0.000005280,0.000167083,1
warmup,46,46,nb,0,256,128,0.024742935,0.000096652,0.000005541,0.000163696,1
warmup,47,47,nb,0,256,128,0.025626733,0.000100104,0.000003707,0.000182521,1
warmup,48,48,nb,0,256,128,0.024193048,0.000094504,0.000011491,0.000161602,1
warmup,49,49,nb,0,256,128,0.024337970,0.000095070,0.000003667,0.000161251,1
warmup,50,50,nb,0,256,128,0.023868164,0.000093235,0.000005520,0.000167072,1
warmup,51,51,nb,0,256,128,0.021673732,0.000084663,0.000003507,0.000152535,1
warmup,52,52,nb,0,256,128,0.026820699,0.000104768,0.000008786,0.000185557,1
warmup,53,53,nb,0,256,128,0.021807067,0.000085184,0.000009067,0.000139893,1
warmup,54,54,nb,0,256,128,0.024509978,0.000095742,0.000004378,0.000161402,1
warmup,55,55,nb,0,256,128,0.025343862,0.000098999,0.000007383,0.000174757,1
warmup,56,56,nb,0,256,128,0.025086120,0.000097993,0.000005240,0.000160522,1
warmup,57,57,nb,0,256,128,0.024644707,0.000096268,0.000005620,0.000176851,1
warmup,58,58,nb,0,256,128,0.025577340,0.000099911,0.000006963,0.000179676,1
warmup,59,59,nb,0,256,128,0.021455488,0.000083811,0.000003446,0.000167103,1
warmup,60,60,nb,0,256,128,0.022658885,0.000088511,0.000005390,0.000166571,1
warmup,61,61,nb,0,256,128,0.025159472,0.000098279,0.000003517,0.000182882,1
warmup,62,62,nb,0,256,128,0.022509684,0.000087928,0.000007183,0.000158216,1
warmup,63,63,nb,0,256,128,0.025717291,0.000100458,0.000006792,0.000162033,1
warmup,64,64,nb,0,256,128,0.025376408,0.000099127,0.000005550,0.000172272,1
warmup,65,65,nb,0,256,128,0.021975660,0.000085842,0.000004198,0.000164908,1
warmup,66,66,nb,0,256,128,0.025417751,0.000099288,0.000006873,0.000159800,1
warmup,67,67,nb,0,256,128,0.022928246,0.000089563,0.000003777,0.000155752,1
warmup,68,68,nb,0,256,128,0.023855113,0.000093184,0.000007114,0.000151603,1
warmup,69,69,nb,0,256,128,0.022320113,0.000087188,0.000004158,0.000164437,1
warmup,70,70,nb,0,256,128,0.024524973,0.000095801,0.000006913,0.000167072,1
warmup,71,71,nb,0,256,128,0.024899997,0.000097266,0.000004368,0.000176470,1
warmup,72,72,nb,0,256,128,0.025437776,0.000099366,0.000006983,0.000155411,1
warmup,73,73,nb,0,256,128,0.023465127,0.000091661,0.000004128,0.000154190,1
warmup,74,74,nb,0,256,128,0.025124239,0.000098142,0.000005681,0.000176951,1
warmup,75,75,nb,0,256,128,0.023584532,0.000092127,0.000007514,0.000168856,1
warmup,76,76,nb,0,256,128,0.024648107,0.000096282,0.000005481,0.000172673,1
warmup,77,77,nb,0,256,128,0.021495862,0.000083968,0.000005300,0.000162785,1
warmup,78,78,nb,0,256,128,0.024345223,0.000095099,0.000007374,0.000176120,1
warmup,79,79,nb,0,256,128,0.021651162,0.000084575,0.000006823,0.000152736,1
warmup,80,80,nb,0,256,128,0.026765656,0.000104553,0.000005861,0.000183703,1
warmup,81,81,nb,0,256,128,0.024327889,0.000095031,0.000004198,0.000182401,1
warmup,82,82,nb,0,256,128,0.022752062,0.000088875,0.000005450,0.000152986,1
warmup,83,83,nb,0,256,128,0.022793051,0.000089035,0.000003657,0.000158005,1
warmup,84,84,nb,0,256,128,0.026001505,0.000101568,0.000005320,0.000184635,1
warmup,85,85,nb,0,256,128,0.023863651,0.000093217,0.000005260,0.000158266,1
warmup,86,86,nb,0,256,128,0.025305263,0.000098849,0.000005380,0.000171621,1
warmup,87,87,nb,0,256,128,0.025220542,0.000098518,0.000003988,0.000177993,1
warmup,88,88,nb,0,256,128,0.022158908,0.000086558,0.000005441,0.000150962,1
warmup,89,89,nb,0,256,128,0.023849237,0.000093161,0.000006332,0.000151696,1
warmup,90,90,nb,0,256,128,0.027296578,0.000106627,0.000007144,0.000185567,1
warmup,91,91,nb,0,256,128,0.021161178,0.000082661,0.000005470,0.000154249,1
warmup,92,92,nb,0,256,128,0.023262084,0.000090868,0.000006913,0.000155952,1
warmup,93,93,nb,0,256,128,0.022033152,0.000086067,0.000003446,0.000165008,1
warmup,94,94,nb,0,256,128,0.025415417,0.000099279,0.000005180,0.000176450,1
warmup,95,95,nb,0,256,128,0.019380170,0.000075704,0.000003517,0.000127820,1
warmup,96,96,nb,0,256,128,0.026873459,0.000104974,0.000006943,0.000178845,1
warmup,97,97,nb,0,256,128,0.021477027,0.000083895,0.000005521,0.000157494,1
warmup,98,98,nb,0,256,128,0.022124244,0.000086423,0.000007253,0.000142667,1
warmup,99,99,nb,0,256,128,0.024258414,0.000094759,0.000005581,0.000176159,1
actual,0,100,nb,0,256,128,0.025180982,0.000098363,0.000005410,0.000158628,1
actual,1,101,nb,0,256,128,0.024905699,0.000097288,0.000004038,0.000178003,1
actual,2,102,nb,0,256,128,0.025480760,0.000099534,0.000009478,0.000181980,1
actual,3,103,nb,0,256,128,0.023292453,0.000090986,0.000005019,0.000153126,1
actual,4,104,nb,0,256,128,0.026500123,0.000103516,0.000007103,0.000167503,1
actual,5,105,nb,0,256,128,0.023152134,0.000090438,0.000003777,0.000162574,1
actual,6,106,nb,0,256,128,0.022076365,0.000086236,0.000007434,0.000162834,1
actual,7,107,nb,0,256,128,0.023621212,0.000092270,0.000005581,0.000165109,1
actual,8,108,nb,0,256,128,0.023716545,0.000092643,0.000007073,0.000169878,1
actual,9,109,nb,0,256,128,0.022081681,0.000086257,0.000005070,0.000153928,1
actual,10,110,nb,0,256,128,0.021708647,0.000084799,0.000005641,0.000151223,1
actual,11,111,nb,0,256,128,0.020694137,0.000080836,0.000003487,0.000151964,1
actual,12,112,nb,0,256,128,0.025507990,0.000099641,0.000006823,0.000165500,1
actual,13,113,nb,0,256,128,0.025577928,0.000099914,0.000005270,0.000177352,1
actual,14,114,nb,0,256,128,0.023671964,0.000092469,0.000006903,0.000165600,1
actual,15,115,nb,0,256,128,0.023289508,0.000090975,0.000005390,0.000161051,1
actual,16,116,nb,0,256,128,0.027329877,0.000106757,0.000007314,0.000175378,1
actual,17,117,nb,0,256,128,0.023633178,0.000092317,0.000005290,0.000158306,1
actual,18,118,nb,0,256,128,0.021703541,0.000084779,0.000005420,0.000135966,1
actual,19,119,nb,0,256,128,0.023585317,0.000092130,0.000005541,0.000174306,1
actual,20,120,nb,0,256,128,0.023828992,0.000093082,0.000005871,0.000168766,1
actual,21,121,nb,0,256,128,0.024809304,0.000096911,0.000003727,0.000173143,1
actual,22,122,nb,0,256,128,0.024781340,0.000096802,0.000005651,0.000168465,1
actual,23,123,nb,0,256,128,0.022429803,0.000087616,0.000005921,0.000159649,1
actual,24,124,nb,0,256,128,0.028900479,0.000112892,0.000007604,0.000188192,1
actual,25,125,nb,0,256,128,0.023377656,0.000091319,0.000005460,0.000156092,1
actual,26,126,nb,0,256,128,0.025600529,0.000100002,0.000006923,0.000174607,1
actual,27,127,nb,0,256,128,0.023379046,0.000091324,0.000005150,0.000166181,1
actual,28,128,nb,0,256,128,0.023968121,0.000093625,0.000008726,0.000173113,1
actual,29,129,nb,0,256,128,0.022391572,0.000087467,0.000005510,0.000170439,1
actual,30,130,nb,0,256,128,0.025016423,0.000097720,0.000005189,0.000164648,1
actual,31,131,nb,0,256,128,0.023700415,0.000092580,0.000005721,0.000159659,1
actual,32,132,nb,0,256,128,0.025031922,0.000097781,0.000005350,0.000174787,1
actual,33,133,nb,0,256,128,0.025529249,0.000099724,0.000007544,0.000166271,1
actual,34,134,nb,0,256,128,0.025214301,0.000098493,0.000005410,0.000160019,1
actual,35,135,nb,0,256,128,0.023855127,0.000093184,0.000005280,0.000166341,1
actual,36,136,nb,0,256,128,0.024355777,0.000095140,0.000005260,0.000171520,1
actual,37,137,nb,0,256,128,0.023144759,0.000090409,0.000003657,0.000165279,1
actual,38,138,nb,0,256,128,0.024760238,0.000096720,0.000006843,0.000173895,1
actual,39,139,nb,0,256,128,0.024455365,0.000095529,0.000004228,0.000185146,1
actual,40,140,nb,0,256,128,0.024079735,0.000094061,0.000006803,0.000168495,1
actual,41,141,nb,0,256,128,0.021039757,0.000082187,0.000004378,0.000161582,1
actual,42,142,nb,0,256,128,0.025936056,0.000101313,0.000007464,0.000154599,1
actual,43,143,nb,0,256,128,0.023828838,0.000093081,0.000005460,0.000166942,1
actual,44,144,nb,0,256,128,0.026386798,0.000103073,0.000005651,0.000177502,1
actual,45,145,nb,0,256,128,0.022627746,0.000088390,0.000005320,0.000144321,1
actual,46,146,nb,0,256,128,0.023396729,0.000091393,0.000004198,0.000147456,1
actual,47,147,nb,0,256,128,0.021561339,0.000084224,0.000005260,0.000157935,1
actual,48,148,nb,0,256,128,0.024474044,0.000095602,0.000007013,0.000160420,1
actual,49,149,nb,0,256,128,0.024133590,0.000094272,0.000003707,0.000151906,1
actual,50,150,nb,0,256,128,0.023015176,0.000089903,0.000006853,0.000172081,1
actual,51,151,nb,0,256,128,0.025844480,0.000100955,0.000004128,0.000161072,1
actual,52,152,nb,0,256,128,0.026102440,0.000101963,0.000005310,0.000179736,1
actual,53,153,nb,0,256,128,0.023241533,0.000090787,0.000006763,0.000169737,1
actual,54,154,nb,0,256,128,0.022916289,0.000089517,0.000006853,0.000157474,1
actual,55,155,nb,0,256,128,0.024252160,0.000094735,0.000005240,0.000170329,1
actual,56,156,nb,0,256,128,0.024587161,0.000096044,0.000005340,0.000168666,1
actual,57,157,nb,0,256,128,0.023822246,0.000093056,0.000003596,0.000168536,1
actual,58,158,nb,0,256,128,0.024036045,0.000093891,0.000007104,0.000155382,1
actual,59,159,nb,0,256,128,0.023558532,0.000092026,0.000005290,0.000153257,1
actual,60,160,nb,0,256,128,0.028027356,0.000109482,0.000007544,0.000188562,1
actual,61,161,nb,0,256,128,0.021803120,0.000085168,0.000004438,0.000135664,1
actual,62,162,nb,0,256,128,0.026277328,0.000102646,0.000007254,0.000177081,1
actual,63,163,nb,0,256,128,0.025395478,0.000099201,0.000003537,0.000181720,1
actual,64,164,nb,0,256,128,0.023801087,0.000092973,0.000005330,0.000169487,1
actual,65,165,nb,0,256,128,0.024580239,0.000096017,0.000006842,0.000186509,1
actual,66,166,nb,0,256,128,0.022819693,0.000089139,0.000008907,0.000167273,1
actual,67,167,nb,0,256,128,0.021703895,0.000084781,0.000005330,0.000165269,1
actual,68,168,nb,0,256,128,0.023482766,0.000091730,0.000004188,0.000170288,1
actual,69,169,nb,0,256,128,0.026759796,0.000104530,0.000005079,0.000211395,1
actual,70,170,nb,0,256,128,0.026968789,0.000105347,0.000005451,0.000185276,1
actual,71,171,nb,0,256,128,0.023557831,0.000092023,0.000003747,0.000162033,1
actual,72,172,nb,0,256,128,0.026381343,0.000103052,0.000005561,0.000178083,1
actual,73,173,nb,0,256,128,0.022525942,0.000087992,0.000004328,0.000146606,1
actual,74,174,nb,0,256,128,0.027036435,0.000105611,0.000005430,0.000177412,1
actual,75,175,nb,0,256,128,0.026105570,0.000101975,0.000004208,0.000186458,1
actual,76,176,nb,0,256,128,0.021596377,0.000084361,0.000006933,0.000139110,1
actual,77,177,nb,0,256,128,0.020529250,0.000080192,0.000005040,0.000132367,1
actual,78,178,nb,0,256,128,0.028667595,0.000111983,0.000006371,0.000183243,1
actual,79,179,nb,0,256,128,0.024887893,0.000097218,0.000003717,0.000169457,1
actual,80,180,nb,0,256,128,0.024735527,0.000096623,0.000006963,0.000156905,1
actual,81,181,nb,0,256,128,0.023467919,0.000091672,0.000005169,0.000169657,1
actual,82,182,nb,0,256,128,0.023357000,0.000091238,0.000006863,0.000173084,1
actual,83,183,nb,0,256,128,0.025333297,0.000098958,0.000005341,0.000182631,1
actual,84,184,nb,0,256,128,0.027888664,0.000108940,0.000005510,0.000177772,1
actual,85,185,nb,0,256,128,0.022868911,0.000089332,0.000003457,0.000161532,1
actual,86,186,nb,0,256,128,0.022893017,0.000089426,0.000006913,0.000162734,1
actual,87,187,nb,0,256,128,0.027133939,0.000105992,0.000007144,0.000185747,1
actual,88,188,nb,0,256,128,0.023006963,0.000089871,0.000007093,0.000161422,1
actual,89,189,nb,0,256,128,0.022544410,0.000088064,0.000003917,0.000157093,1
actual,90,190,nb,0,256,128,0.024268680,0.000094800,0.000008957,0.000177963,1
actual,91,191,nb,0,256,128,0.024245362,0.000094708,0.000005270,0.000164598,1
actual,92,192,nb,0,256,128,0.027002466,0.000105478,0.000004228,0.000189154,1
actual,93,193,nb,0,256,128,0.024144743,0.000094315,0.000005441,0.000172232,1
actual,94,194,nb,0,256,128,0.025718569,0.000100463,0.000005360,0.000163756,1
actual,95,195,nb,0,256,128,0.023559540,0.000092029,0.000004158,0.000155701,1
actual,96,196,nb,0,256,128,0.028183824,0.000110093,0.000007945,0.000173525,1
actual,97,197,nb,0,256,128,0.024790060,0.000096836,0.000003807,0.000176159,1
actual,98,198,nb,0,256,128,0.024780522,0.000096799,0.000005370,0.000176891,1
actual,99,199,nb,0,256,128,0.023617331,0.000092255,0.000004048,0.000159459,1
warmup,0,0,nb,0,256,192,0.025976747,0.000101472,0.000005300,0.000182852,1
warmup,1,1,nb,0,256,192,0.022665305,0.000088536,0.000005651,0.000162233,1
warmup,2,2,nb,0,256,192,0.025710082,0.000100430,0.000004529,0.000173284,1
warmup,3,3,nb,0,256,192,0.024645396,0.000096271,0.000005049,0.000168415,1
warmup,4,4,nb,0,256,192,0.023216014,0.000090688,0.000007203,0.000164958,1
warmup,5,5,nb,0,256,192,0.021477189,0.000083895,0.000004850,0.000153487,1
warmup,6,6,nb,0,256,192,0.023045941,0.000090023,0.000005590,0.000157745,1
warmup,7,7,nb,0,256,192,0.022949735,0.000089647,0.000004208,0.000148818,1
warmup,8,8,nb,0,256,192,0.026643532,0.000104076,0.000006913,0.000176510,1
warmup,9,9,nb,0,256,192,0.024128183,0.000094251,0.000004819,0.000175809,1
warmup,10,10,nb,0,256,192,0.027878571,0.000108901,0.000005440,0.000182021,1
warmup,11,11,nb,0,256,192,0.025267938,0.000098703,0.000005540,0.000176741,1
warmup,12,12,nb,0,256,192,0.022683547,0.000088608,0.000007124,0.000160029,1
warmup,13,13,nb,0,256,192,0.020921462,0.000081724,0.000005520,0.000142576,1
warmup,14,14,nb,0,256,192,0.024831305,0.000096997,0.000007304,0.000174636,1
warmup,15,15,nb,0,256,192,0.024315351,0.000094982,0.000006964,0.000172242,1
warmup,16,16,nb,0,256,192,0.022567455,0.000088154,0.000006833,0.000149229,1
warmup,17,17,nb,0,256,192,0.022194984,0.000086699,0.000005470,0.000163465,1
warmup,18,18,nb,0,256,192,0.026933624,0.000105209,0.000006893,0.000195947,1
warmup,19,19,nb,0,256,192,0.020782823,0.000081183,0.000005560,0.000159708,1
warmup,20,20,nb,0,256,192,0.025561750,0.000099851,0.000005581,0.000176460,1
warmup,21,21,nb,0,256,192,0.021483298,0.000083919,0.000003697,0.000149930,1
warmup,22,22,nb,0,256,192,0.022281378,0.000087037,0.000006863,0.000146544,1
warmup,23,23,nb,0,256,192,0.020924484,0.000081736,0.000004399,0.000140904,1
warmup,24,24,nb,0,256,192,0.023292302,0.000090986,0.000007253,0.000165009,1
warmup,25,25,nb,0,256,192,0.020976588,0.000081940,0.000003557,0.000151424,1
warmup,26,26,nb,0,256,192,0.023175860,0.000090531,0.000006953,0.000159739,1
warmup,27,27,nb,0,256,192,0.022391143,0.000087465,0.000003446,0.000168565,1
warmup,28,28,nb,0,256,192,0.026010209,0.000101602,0.000005190,0.000173645,1
warmup,29,29,nb,0,256,192,0.025715595,0.000100452,0.000005531,0.000178073,1
warmup,30,30,nb,0,256,192,0.023283369,0.000090951,0.000006953,0.000155431,1
warmup,31,31,nb,0,256,192,0.020677553,0.000080772,0.000003356,0.000155310,1
warmup,32,32,nb,0,256,192,0.024204031,0.000094547,0.000005770,0.000161312,1
warmup,33,33,nb,0,256,192,0.021213363,0.000082865,0.000004088,0.000160851,1
warmup,34,34,nb,0,256,192,0.023997700,0.000093741,0.000005209,0.000171451,1
warmup,35,35,nb,0,256,192,0.022427298,0.000087607,0.000005460,0.000165880,1
warmup,36,36,nb,0,256,192,0.021677359,0.000084677,0.000005290,0.000151573,1
warmup,37,37,nb,0,256,192,0.022424009,0.000087594,0.000005661,0.000162253,1
warmup,38,38,nb,0,256,192,0.025936538,0.000101315,0.000005411,0.000173825,1
warmup,39,39,nb,0,256,192,0.020128014,0.000078625,0.000003737,0.000153527,1
warmup,40,40,nb,0,256,192,0.028241181,0.000110317,0.000006853,0.000179385,1
warmup,41,41,nb,0,256,192,0.022059288,0.000086169,0.000003607,0.000155110,1
warmup,42,42,nb,0,256,192,0.026065435,0.000101818,0.000006893,0.000166932,1
warmup,43,43,nb,0,256,192,0.023764893,0.000092832,0.000004920,0.000158045,1
warmup,44,44,nb,0,256,192,0.025474024,0.000099508,0.000005591,0.000176801,1
warmup,45,45,nb,0,256,192,0.022764899,0.000088925,0.000005330,0.000158406,1
warmup,46,46,nb,0,256,192,0.025297002,0.000098816,0.000006953,0.000165058,1
warmup,47,47,nb,0,256,192,0.025515762,0.000099671,0.000007384,0.000180257,1
warmup,48,48,nb,0,256,192,0.023968580,0.000093627,0.000005370,0.000174606,1
warmup,49,49,nb,0,256,192,0.023484570,0.000091737,0.000005600,0.000143260,1
warmup,50,50,nb,0,256,192,0.026200375,0.000102345,0.000005280,0.000174727,1
warmup,51,51,nb,0,256,192,0.024423856,0.000095406,0.000005370,0.000167143,1
warmup,52,52,nb,0,256,192,0.025095219,0.000098028,0.000004198,0.000164678,1
warmup,53,53,nb,0,256,192,0.023859267,0.000093200,0.000005500,0.000161302,1
warmup,54,54,nb,0,256,192,0.025253002,0.000098645,0.000008937,0.000181279,1
warmup,55,55,nb,0,256,192,0.024315255,0.000094981,0.000004408,0.000177673,1
warmup,56,56,nb,0,256,192,0.025048154,0.000097844,0.000007044,0.000164157,1
warmup,57,57,nb,0,256,192,0.023159510,0.000090467,0.000005410,0.000154008,1
warmup,58,58,nb,0,256,192,0.030343439,0.000118529,0.000010159,0.000186989,1
warmup,59,59,nb,0,256,192,0.023102906,0.000090246,0.000004379,0.000164287,1
warmup,60,60,nb,0,256,192,0.022813105,0.000089114,0.000004178,0.000155732,1
warmup,61,61,nb,0,256,192,0.025216670,0.000098503,0.000005601,0.000172573,1
warmup,62,62,nb,0,256,192,0.023063060,0.000090090,0.000005391,0.000165850,1
warmup,63,63,nb,0,256,192,0.023851409,0.000093170,0.000005180,0.000175518,1
warmup,64,64,nb,0,256,192,0.025599375,0.000099998,0.000006893,0.000184595,1
warmup,65,65,nb,0,256,192,0.024162005,0.000094383,0.000005400,0.000170559,1
warmup,66,66,nb,0,256,192,0.024942097,0.000097430,0.000006833,0.000173234,1
warmup,67,67,nb,0,256,192,0.028807816,0.000112531,0.000007504,0.000202088,1
warmup,68,68,nb,0,256,192,0.026798024,0.000104680,0.000007134,0.000180177,1
warmup,69,69,nb,0,256,192,0.025224383,0.000098533,0.000004168,0.000169857,1
warmup,70,70,nb,0,256,192,0.025863172,0.000101028,0.000006923,0.000175819,1
warmup,71,71,nb,0,256,192,0.022900805,0.000089456,0.000003586,0.000163085,1
warmup,72,72,nb,0,256,192,0.030048169,0.000117376,0.000006893,0.000187010,1
warmup,73,73,nb,0,256,192,0.024360320,0.000095158,0.000005411,0.000168886,1
warmup,74,74,nb,0,256,192,0.026287263,0.000102685,0.000005370,0.000181640,1
warmup,75,75,nb,0,256,192,0.020785197,0.000081192,0.000005130,0.000142457,1
warmup,76,76,nb,0,256,192,0.022723437,0.000088763,0.000005991,0.000157124,1
warmup,77,77,nb,0,256,192,0.025773032,0.000100676,0.000007935,0.000164056,1
warmup,78,78,nb,0,256,192,0.026263368,0.000102591,0.000004358,0.000163736,1
warmup,79,79,nb,0,256,192,0.022002652,0.000085948,0.000004238,0.000148790,1
warmup,80,80,nb,0,256,192,0.026384262,0.000103064,0.000004308,0.000185847,1
warmup,81,81,nb,0,256,192,0.023942147,0.000093524,0.000004248,0.000165710,1
warmup,82,82,nb,0,256,192,0.024464741,0.000095565,0.000010510,0.000175568,1
warmup,83,83,nb,0,256,192,0.024532247,0.000095829,0.000006803,0.000178123,1
warmup,84,84,nb,0,256,192,0.025359272,0.000099060,0.000006773,0.000173214,1
warmup,85,85,nb,0,256,192,0.021749942,0.000084961,0.000007725,0.000162053,1
warmup,86,86,nb,0,256,192,0.025186658,0.000098385,0.000006943,0.000180207,1
warmup,87,87,nb,0,256,192,0.022620992,0.000088363,0.000002725,0.000144710,1
warmup,88,88,nb,0,256,192,0.025141102,0.000098207,0.000011662,0.000183934,1
warmup,89,89,nb,0,256,192,0.023296615,0.000091002,0.000004458,0.000173204,1
warmup,90,90,nb,0,256,192,0.025430584,0.000099338,0.000005050,0.000174987,1
warmup,91,91,nb,0,256,192,0.021954860,0.000085761,0.000003627,0.000157074,1
warmup,92,92,nb,0,256,192,0.024309511,0.000094959,0.000005460,0.000171250,1
warmup,93,93,nb,0,256,192,0.025446305,0.000099400,0.000004187,0.000182301,1
warmup,94,94,nb,0,256,192,0.024930619,0.000097385,0.000005851,0.000173896,1
warmup,95,95,nb,0,256,192,0.020050549,0.000078322,0.000002535,0.000150100,1
warmup,96,96,nb,0,256,192,0.026773168,0.000104583,0.000006823,0.000173865,1
warmup,97,97,nb,0,256,192,0.024430789,0.000095433,0.000003747,0.000175107,1
warmup,98,98,nb,0,256,192,0.026541104,0.000103676,0.000006953,0.000205725,1
warmup,99,99,nb,0,256,192,0.021455341,0.000083810,0.000007414,0.000154288,1
actual,0,100,nb,0,256,192,0.025560813,0.000099847,0.000009457,0.000170769,1
actual,1,101,nb,0,256,192,0.021945633,0.000085725,0.000006763,0.000160470,1
actual,2,102,nb,0,256,192,0.023635903,0.000092328,0.000003526,0.000161031,1
actual,3,103,nb,0,256,192,0.021544667,0.000084159,0.000006162,0.000142927,1
actual,4,104,nb,0,256,192,0.026385657,0.000103069,0.000005310,0.000185668,1
actual,5,105,nb,0,256,192,0.023442543,0.000091572,0.000003727,0.000170348,1
actual,6,106,nb,0,256,192,0.022450976,0.000087699,0.000005650,0.000159518,1
actual,7,107,nb,0,256,192,0.021815859,0.000085218,0.000005530,0.000146223,1
actual,8,108,nb,0,256,192,0.024079113,0.000094059,0.000005470,0.000154479,1
actual,9,109,nb,0,256,192,0.023048419,0.000090033,0.000006803,0.000163145,1
actual,10,110,nb,0,256,192,0.022848083,0.000089250,0.000006933,0.000158146,1
actual,11,111,nb,0,256,192,0.019983597,0.000078061,0.000002745,0.000150812,1
actual,12,112,nb,0,256,192,0.023209906,0.000090664,0.000007113,0.000142908,1
actual,13,113,nb,0,256,192,0.023297496,0.000091006,0.000003507,0.000162003,1
actual,14,114,nb,0,256,192,0.026733737,0.000104429,0.000006842,0.000181629,1
actual,15,115,nb,0,256,192,0.021296808,0.000083191,0.000003767,0.000151813,1
actual,16,116,nb,0,256,192,0.025532450,0.000099736,0.000011352,0.000162003,1
actual,17,117,nb,0,256,192,0.025349940,0.000099023,0.000003487,0.000182631,1
actual,18,118,nb,0,256,192,0.024680103,0.000096407,0.000007123,0.000176109,1
actual,19,119,nb,0,256,192,0.020895425,0.000081623,0.000003387,0.000146073,1
actual,20,120,nb,0,256,192,0.025280982,0.000098754,0.000011742,0.000180227,1
actual,21,121,nb,0,256,192,0.022340204,0.000087266,0.000003647,0.000150572,1
actual,22,122,nb,0,256,192,0.027047595,0.000105655,0.000005340,0.000182111,1
actual,23,123,nb,0,256,192,0.024820179,0.000096954,0.000005280,0.000167523,1
actual,24,124,nb,0,256,192,0.025392876,0.000099191,0.000005250,0.000156192,1
actual,25,125,nb,0,256,192,0.023325360,0.000091115,0.000004228,0.000169427,1
actual,26,126,nb,0,256,192,0.023758901,0.000092808,0.000007023,0.000179055,1
actual,27,127,nb,0,256,192,0.024400219,0.000095313,0.000005310,0.000163977,1
actual,28,128,nb,0,256,192,0.025145639,0.000098225,0.000004008,0.000172793,1
actual,29,129,nb,0,256,192,0.025467394,0.000099482,0.000003547,0.000184525,1
actual,30,130,nb,0,256,192,0.026424520,0.000103221,0.000005871,0.000184986,1
actual,31,131,nb,0,256,192,0.022231807,0.000086843,0.000005621,0.000159819,1
actual,32,132,nb,0,256,192,0.024409390,0.000095349,0.000005260,0.000168224,1
actual,33,133,nb,0,256,192,0.023177176,0.000090536,0.000003516,0.000152126,1
actual,34,134,nb,0,256,192,0.026829134,0.000104801,0.000005450,0.000169647,1
actual,35,135,nb,0,256,192,0.021116364,0.000082486,0.000003486,0.000149720,1
actual,36,136,nb,0,256,192,0.025220327,0.000098517,0.000005460,0.000174356,1
actual,37,137,nb,0,256,192,0.020385574,0.000079631,0.000002695,0.000135844,1
actual,38,138,nb,0,256,192,0.027038491,0.000105619,0.000007043,0.000180428,1
actual,39,139,nb,0,256,192,0.020448696,0.000079878,0.000003627,0.000141043,1
actual,40,140,nb,0,256,192,0.025827694,0.000100889,0.000005410,0.000177061,1
actual,41,141,nb,0,256,192,0.022220251,0.000086798,0.000006983,0.000163927,1
actual,42,142,nb,0,256,192,0.023587351,0.000092138,0.000006813,0.000163045,1
actual,43,143,nb,0,256,192,0.020010793,0.000078167,0.000005580,0.000146654,1
actual,44,144,nb,0,256,192,0.025793519,0.000100756,0.000006903,0.000180077,1
actual,45,145,nb,0,256,192,0.024151731,0.000094343,0.000005611,0.000166872,1
actual,46,146,nb,0,256,192,0.023551102,0.000091996,0.000006943,0.000151233,1
actual,47,147,nb,0,256,192,0.028783561,0.000112436,0.000008085,0.000178614,1
actual,48,148,nb,0,256,192,0.025070837,0.000097933,0.000007224,0.000173905,1
actual,49,149,nb,0,256,192,0.023889318,0.000093318,0.000005370,0.000162644,1
actual,50,150,nb,0,256,192,0.025297023,0.000098816,0.000007004,0.000178344,1
actual,51,151,nb,0,256,192,0.021939547,0.000085701,0.000005510,0.000165329,1
actual,52,152,nb,0,256,192,0.022298589,0.000087104,0.000005781,0.000163616,1
actual,53,153,nb,0,256,192,0.023759772,0.000092812,0.000005240,0.000173504,1
actual,54,154,nb,0,256,192,0.025923625,0.000101264,0.000005099,0.000177813,1
actual,55,155,nb,0,256,192,0.024050400,0.000093947,0.000005521,0.000177131,1
actual,56,156,nb,0,256,192,0.029721435,0.000116099,0.000005561,0.000200886,1
actual,57,157,nb,0,256,192,0.021010793,0.000082073,0.000007604,0.000138980,1
actual,58,158,nb,0,256,192,0.027077941,0.000105773,0.000005480,0.000185987,1
actual,59,159,nb,0,256,192,0.018368927,0.000071754,0.000003567,0.000128680,1
actual,60,160,nb,0,256,192,0.026912019,0.000105125,0.000006903,0.000198331,1
actual,61,161,nb,0,256,192,0.024942566,0.000097432,0.000003556,0.000175558,1
actual,62,162,nb,0,256,192,0.025870325,0.000101056,0.000007084,0.000176611,1
actual,63,163,nb,0,256,192,0.021503659,0.000083999,0.000003566,0.000166301,1
actual,64,164,nb,0,256,192,0.023969698,0.000093632,0.000005541,0.000177592,1
actual,65,165,nb,0,256,192,0.022702495,0.000088682,0.000003657,0.000162404,1
actual,66,166,nb,0,256,192,0.025044152,0.000097829,0.000007013,0.000160871,1
actual,67,167,nb,0,256,192,0.024925841,0.000097367,0.000005380,0.000175538,1
actual,68,168,nb,0,256,192,0.024952303,0.000097470,0.000007013,0.000170038,1
actual,69,169,nb,0,256,192,0.021868939,0.000085426,0.000003686,0.000162123,1
actual,70,170,nb,0,256,192,0.028376280,0.000110845,0.000005200,0.000188893,1
actual,71,171,nb,0,256,192,0.024222125,0.000094618,0.000005350,0.000176500,1
actual,72,172,nb,0,256,192,0.025239470,0.000098592,0.000007004,0.000174947,1
actual,73,173,nb,0,256,192,0.021219576,0.000082889,0.000003587,0.000153757,1
actual,74,174,nb,0,256,192,0.026379004,0.000103043,0.000005590,0.000187671,1
actual,75,175,nb,0,256,192,0.022101061,0.000086332,0.000003567,0.000155230,1
actual,76,176,nb,0,256,192,0.025218716,0.000098511,0.000005481,0.000175327,1
actual,77,177,nb,0,256,192,0.022449934,0.000087695,0.000003526,0.000169377,1
actual,78,178,nb,0,256,192,0.025245389,0.000098615,0.000006964,0.000159819,1
actual,79,179,nb,0,256,192,0.023541123,0.000091958,0.000005500,0.000165900,1
actual,80,180,nb,0,256,192,0.026088592,0.000101909,0.000005410,0.000179596,1
actual,81,181,nb,0,256,192,0.024304639,0.000094940,0.000003667,0.000169848,1
actual,82,182,nb,0,256,192,0.025788481,0.000100736,0.000005751,0.000177141,1
actual,83,183,nb,0,256,192,0.022758219,0.000088899,0.000005200,0.000167544,1
actual,84,184,nb,0,256,192,0.026292252,0.000102704,0.000007063,0.000176370,1
actual,85,185,nb,0,256,192,0.023896023,0.000093344,0.000004218,0.000176520,1
actual,86,186,nb,0,256,192,0.024132074,0.000094266,0.000006863,0.000164678,1
actual,87,187,nb,0,256,192,0.024923745,0.000097358,0.000004268,0.000188432,1
actual,88,188,nb,0,256,192,0.026074489,0.000101853,0.000005450,0.000161633,1
actual,89,189,nb,0,256,192,0.021262361,0.000083056,0.000004208,0.000159788,1
actual,90,190,nb,0,256,192,0.025890772,0.000101136,0.000006822,0.000184044,1
actual,91,191,nb,0,256,192,0.024486907,0.000095652,0.000006662,0.000171280,1
actual,92,192,nb,0,256,192,0.024166410,0.000094400,0.000005500,0.000173765,1
actual,93,193,nb,0,256,192,0.023205704,0.000090647,0.000005420,0.000168144,1
actual,94,194,nb,0,256,192,0.023940704,0.000093518,0.000006953,0.000152595,1
actual,95,195,nb,0,256,192,0.023453279,0.000091614,0.000005250,0.000169117,1
actual,96,196,nb,0,256,192,0.028441419,0.000111099,0.000005410,0.000188723,1
actual,97,197,nb,0,256,192,0.024665017,0.000096348,0.000004228,0.000175047,1
actual,98,198,nb,0,256,192,0.026180587,0.000102268,0.000005561,0.000179325,1
actual,99,199,nb,0,256,192,0.020936264,0.000081782,0.000003487,0.000151463,1
warmup,0,0,nb,0,256,256,0.024562907,0.000095949,0.000004117,0.000163746,1
warmup,1,1,nb,0,256,256,0.022748318,0.000088861,0.000009578,0.000149870,1
warmup,2,2,nb,0,256,256,0.025966107,0.000101430,0.000011271,0.000162315,1
warmup,3,3,nb,0,256,256,0.025450917,0.000099418,0.000005520,0.000156884,1
warmup,4,4,nb,0,256,256,0.026441532,0.000103287,0.000005540,0.000161604,1
warmup,5,5,nb,0,256,256,0.025465873,0.000099476,0.000005360,0.000177191,1
warmup,6,6,nb,0,256,256,0.026299367,0.000102732,0.000006211,0.000160783,1
warmup,7,7,nb,0,256,256,0.024428061,0.000095422,0.000005531,0.000153539,1
warmup,8,8,nb,0,256,256,0.024913903,0.000097320,0.000005560,0.000179217,1
warmup,9,9,nb,0,256,256,0.022907614,0.000089483,0.000003596,0.000145133,1
warmup,10,10,nb,0,256,256,0.021332571,0.000083330,0.000003637,0.000137278,1
warmup,11,11,nb,0,256,256,0.024646968,0.000096277,0.000005891,0.000150503,1
warmup,12,12,nb,0,256,256,0.027512350,0.000107470,0.000005270,0.000176350,1
warmup,13,13,nb,0,256,256,0.022958263,0.000089681,0.000005380,0.000145121,1
warmup,14,14,nb,0,256,256,0.026700918,0.000104300,0.000020488,0.000161944,1
warmup,15,15,nb,0,256,256,0.023897850,0.000093351,0.000003366,0.000160691,1
warmup,16,16,nb,0,256,256,0.023372687,0.000091300,0.000005691,0.000150012,1
warmup,17,17,nb,0,256,256,0.020978987,0.000081949,0.000003446,0.000146846,1
warmup,18,18,nb,0,256,256,0.025213438,0.000098490,0.000009428,0.000157665,1
warmup,19,19,nb,0,256,256,0.021448165,0.000083782,0.000003597,0.000143950,1
warmup,20,20,nb,0,256,256,0.025080647,0.000097971,0.000009508,0.000162784,1
warmup,21,21,nb,0,256,256,0.024900136,0.000097266,0.000005210,0.000161402,1
warmup,22,22,nb,0,256,256,0.022107979,0.000086359,0.000003446,0.000140354,1
warmup,23,23,nb,0,256,256,0.024313633,0.000094975,0.000005410,0.000166313,1
warmup,24,24,nb,0,256,256,0.026451552,0.000103326,0.000005550,0.000157044,1
warmup,25,25,nb,0,256,256,0.023553553,0.000092006,0.000003877,0.000169229,1
warmup,26,26,nb,0,256,256,0.024194263,0.000094509,0.000007454,0.000161683,1
warmup,27,27,nb,0,256,256,0.020359577,0.000079530,0.000005701,0.000124214,1
warmup,28,28,nb,0,256,256,0.026853641,0.000104897,0.000005651,0.000168545,1
warmup,29,29,nb,0,256,256,0.022517286,0.000087958,0.000003858,0.000132097,1
warmup,30,30,nb,0,256,256,0.026042728,0.000101729,0.000014117,0.000155311,1
warmup,31,31,nb,0,256,256,0.024267688,0.000094796,0.000005239,0.000170700,1
warmup,32,32,nb,0,256,256,0.021641815,0.000084538,0.000009878,0.000118744,1
warmup,33,33,nb,0,256,256,0.021648402,0.000084564,0.000003737,0.000142987,1
warmup,34,34,nb,0,256,256,0.023420140,0.000091485,0.000009798,0.000170630,1
warmup,35,35,nb,0,256,256,0.024381184,0.000095239,0.000005350,0.000154399,1
warmup,36,36,nb,0,256,256,0.023152596,0.000090440,0.000010249,0.000147888,1
warmup,37,37,nb,0,256,256,0.022433239,0.000087630,0.000005590,0.000146314,1
warmup,38,38,nb,0,256,256,0.027480419,0.000107345,0.000009017,0.000190747,1
warmup,39,39,nb,0,256,256,0.025593395,0.000099974,0.000005391,0.000182280,1
warmup,40,40,nb,0,256,256,0.023769118,0.000092848,0.000011091,0.000144652,1
warmup,41,41,nb,0,256,256,0.023595993,0.000092172,0.000004258,0.000149010,1
warmup,42,42,nb,0,256,256,0.026723485,0.000104389,0.000005280,0.000182090,1
warmup,43,43,nb,0,256,256,0.023149320,0.000090427,0.000005210,0.000149109,1
warmup,44,44,nb,0,256,256,0.025532119,0.000099735,0.000005310,0.000157905,1
warmup,45,45,nb,0,256,256,0.025716460,0.000100455,0.000009608,0.000157314,1
warmup,46,46,nb,0,256,256,0.026804876,0.000104707,0.000005942,0.000163726,1
warmup,47,47,nb,0,256,256,0.024121828,0.000094226,0.000005630,0.000162916,1
warmup,48,48,nb,0,256,256,0.027204244,0.000106267,0.000005560,0.000165512,1
warmup,49,49,nb,0,256,256,0.022971408,0.000089732,0.000003707,0.000144690,1
warmup,50,50,nb,0,256,256,0.022540066,0.000088047,0.000003647,0.000158867,1
warmup,51,51,nb,0,256,256,0.023425737,0.000091507,0.000005410,0.000149130,1
warmup,52,52,nb,0,256,256,0.026357630,0.000102959,0.000005421,0.000178754,1
warmup,53,53,nb,0,256,256,0.021030882,0.000082152,0.000007684,0.000146065,1
warmup,54,54,nb,0,256,256,0.022546615,0.000088073,0.000005471,0.000170992,1
warmup,55,55,nb,0,256,256,0.024028757,0.000093862,0.000005610,0.000151142,1
warmup,56,56,nb,0,256,256,0.025813627,0.000100834,0.000010710,0.000174867,1
warmup,57,57,nb,0,256,256,0.022124103,0.000086422,0.000005380,0.000136436,1
warmup,58,58,nb,0,256,256,0.024485092,0.000095645,0.000012033,0.000153188,1
warmup,59,59,nb,0,256,256,0.025182596,0.000098370,0.000005360,0.000170079,1
warmup,60,60,nb,0,256,256,0.025200239,0.000098438,0.000005601,0.000159047,1
warmup,61,61,nb,0,256,256,0.021207017,0.000082840,0.000003788,0.000166594,1
warmup,62,62,nb,0,256,256,0.025706851,0.000100417,0.000005570,0.000159889,1
warmup,63,63,nb,0,256,256,0.020760014,0.000081094,0.000005470,0.000139342,1
warmup,64,64,nb,0,256,256,0.025926787,0.000101277,0.000005760,0.000165940,1
warmup,65,65,nb,0,256,256,0.022873446,0.000089349,0.000005430,0.000166412,1
warmup,66,66,nb,0,256,256,0.022514446,0.000087947,0.000002635,0.000147195,1
warmup,67,67,nb,0,256,256,0.022945360,0.000089630,0.000003497,0.000155211,1
warmup,68,68,nb,0,256,256,0.025582154,0.000099930,0.000005521,0.000152836,1
warmup,69,69,nb,0,256,256,0.022433983,0.000087633,0.000003747,0.000148720,1
warmup,70,70,nb,0,256,256,0.025810696,0.000100823,0.000005440,0.000160201,1
warmup,71,71,nb,0,256,256,0.024412200,0.000095360,0.000005381,0.000154040,1
warmup,72,72,nb,0,256,256,0.025241943,0.000098601,0.000005700,0.000154771,1
warmup,73,73,nb,0,256,256,0.024254488,0.000094744,0.000004549,0.000161484,1
warmup,74,74,nb,0,256,256,0.027479733,0.000107343,0.000009678,0.000171402,1
warmup,75,75,nb,0,256,256,0.024668710,0.000096362,0.000007384,0.000155743,1
warmup,76,76,nb,0,256,256,0.025798425,0.000100775,0.000005561,0.000152927,1
warmup,77,77,nb,0,256,256,0.024030498,0.000093869,0.000005410,0.000149471,1
warmup,78,78,nb,0,256,256,0.024340904,0.000095082,0.000005721,0.000163698,1
warmup,79,79,nb,0,256,256,0.022881544,0.000089381,0.000004037,0.000148608,1
warmup,80,80,nb,0,256,256,0.024536403,0.000095845,0.000007454,0.000159931,1
warmup,81,81,nb,0,256,256,0.022992126,0.000089813,0.000003507,0.000138571,1
warmup,82,82,nb,0,256,256,0.026722135,0.000104383,0.000005741,0.000168886,1
warmup,83,83,nb,0,256,256,0.023898627,0.000093354,0.000011070,0.000152717,1
warmup,84,84,nb,0,256,256,0.026624679,0.000104003,0.000005400,0.000163097,1
warmup,85,85,nb,0,256,256,0.023549082,0.000091989,0.000005220,0.000155172,1
warmup,86,86,nb,0,256,256,0.026992721,0.000105440,0.000005470,0.000176362,1
warmup,87,87,nb,0,256,256,0.021901702,0.000085554,0.000004569,0.000131497,1
warmup,88,88,nb,0,256,256,0.022792717,0.000089034,0.000013335,0.000142338,1
warmup,89,89,nb,0,256,256,0.021859494,0.000085389,0.000007564,0.000144973,1
warmup,90,90,nb,0,256,256,0.025318693,0.000098901,0.000005551,0.000152084,1
warmup,91,91,nb,0,256,256,0.024224475,0.000094627,0.000009899,0.000156543,1
warmup,92,92,nb,0,256,256,0.024998924,0.000097652,0.000005471,0.000156894,1
warmup,93,93,nb,0,256,256,0.021617018,0.000084441,0.000005210,0.000145953,1
warmup,94,94,nb,0,256,256,0.023017336,0.000089911,0.000005500,0.000147087,1
warmup,95,95,nb,0,256,256,0.026695751,0.000104280,0.000005180,0.000195665,1
warmup,96,96,nb,0,256,256,0.025911067,0.000101215,0.000007474,0.000167776,1
warmup,97,97,nb,0,256,256,0.021652397,0.000084580,0.000005190,0.000150391,1
warmup,98,98,nb,0,256,256,0.022005333,0.000085958,0.000005480,0.000144180,1
warmup,99,99,nb,0,256,256,0.024592194,0.000096063,0.000007554,0.000156402,1
actual,0,100,nb,0,256,256,0.027389608,0.000106991,0.000005630,0.000168215,1
actual,1,101,nb,0,256,256,0.022228189,0.000086829,0.000005450,0.000150684,1
actual,2,102,nb,0,256,256,0.026931155,0.000105200,0.000005831,0.000183044,1
actual,3,103,nb,0,256,256,0.022134623,0.000086463,0.000009939,0.000141626,1
actual,4,104,nb,0,256,256,0.025101117,0.000098051,0.000009538,0.000172404,1
actual,5,105,nb,0,256,256,0.022875481,0.000089357,0.000004248,0.000152045,1
actual,6,106,nb,0,256,256,0.024164901,0.000094394,0.000012694,0.000154669,1
actual,7,107,nb,0,256,256,0.022032581,0.000086065,0.000003507,0.000144841,1
actual,8,108,nb,0,256,256,0.025020352,0.000097736,0.000004258,0.000160432,1
actual,9,109,nb,0,256,256,0.020993585,0.000082006,0.000005781,0.000149201,1
actual,10,110,nb,0,256,256,0.026436229,0.000103267,0.000005380,0.000165509,1
actual,11,111,nb,0,256,256,0.025641088,0.000100161,0.000009348,0.000167904,1
actual,12,112,nb,0,256,256,0.023203298,0.000090638,0.000009608,0.000150984,1
actual,13,113,nb,0,256,256,0.025519845,0.000099687,0.000005310,0.000160522,1
actual,14,114,nb,0,256,256,0.025440310,0.000099376,0.000004138,0.000165682,1
actual,15,115,nb,0,256,256,0.020213206,0.000078958,0.000002775,0.000138480,1
actual,16,116,nb,0,256,256,0.024489288,0.000095661,0.000012613,0.000152006,1
actual,17,117,nb,0,256,256,0.022282661,0.000087042,0.000005210,0.000135854,1
actual,18,118,nb,0,256,256,0.026729369,0.000104412,0.000004519,0.000189143,1
actual,19,119,nb,0,256,256,0.020065756,0.000078382,0.000004899,0.000140664,1
actual,20,120,nb,0,256,256,0.025599523,0.000099998,0.000004408,0.000162493,1
actual,21,121,nb,0,256,256,0.022985715,0.000089788,0.000003667,0.000144410,1
actual,22,122,nb,0,256,256,0.024938673,0.000097417,0.000005220,0.000167393,1
actual,23,123,nb,0,256,256,0.024419005,0.000095387,0.000005450,0.000151345,1
actual,24,124,nb,0,256,256,0.025414784,0.000099277,0.000005440,0.000162444,1
actual,25,125,nb,0,256,256,0.023105881,0.000090257,0.000005440,0.000152116,1
actual,26,126,nb,0,256,256,0.026494397,0.000103494,0.000005410,0.000163386,1
actual,27,127,nb,0,256,256,0.022848630,0.000089252,0.000005962,0.000132810,1
actual,28,128,nb,0,256,256,0.025881637,0.000101100,0.000005941,0.000173437,1
actual,29,129,nb,0,256,256,0.025625626,0.000100100,0.000005279,0.000163465,1
actual,30,130,nb,0,256,256,0.025343253,0.000098997,0.000012764,0.000161233,1
actual,31,131,nb,0,256,256,0.025879085,0.000101090,0.000005440,0.000162284,1
actual,32,132,nb,0,256,256,0.025556391,0.000099830,0.000005390,0.000169257,1
actual,33,133,nb,0,256,256,0.021418709,0.000083667,0.000005360,0.000149371,1
actual,34,134,nb,0,256,256,0.023263002,0.000090871,0.000010239,0.000144270,1
actual,35,135,nb,0,256,256,0.025036956,0.000097801,0.000005180,0.000161301,1
actual,36,136,nb,0,256,256,0.025199368,0.000098435,0.000005400,0.000163316,1
actual,37,137,nb,0,256,256,0.024165341,0.000094396,0.000003757,0.000154771,1
actual,38,138,nb,0,256,256,0.025529471,0.000099724,0.000010029,0.000154281,1
actual,39,139,nb,0,256,256,0.021983685,0.000085874,0.000004438,0.000147165,1
actual,40,140,nb,0,256,256,0.025315936,0.000098890,0.000005450,0.000151253,1
actual,41,141,nb,0,256,256,0.024916431,0.000097330,0.000012333,0.000161392,1
actual,42,142,nb,0,256,256,0.023248965,0.000090816,0.000010250,0.000153387,1
actual,43,143,nb,0,256,256,0.019626837,0.000076667,0.000003537,0.000144892,1
actual,44,144,nb,0,256,256,0.023228656,0.000090737,0.000009398,0.000143751,1
actual,45,145,nb,0,256,256,0.020603189,0.000080481,0.000003647,0.000157706,1
actual,46,146,nb,0,256,256,0.027272721,0.000106534,0.000004318,0.000171191,1
actual,47,147,nb,0,256,256,0.022556656,0.000088112,0.000003487,0.000147718,1
actual,48,148,nb,0,256,256,0.023167578,0.000090498,0.000005130,0.000149790,1
actual,49,149,nb,0,256,256,0.022983248,0.000089778,0.000003897,0.000144810,1
actual,50,150,nb,0,256,256,0.023698400,0.000092572,0.000013375,0.000161922,1
actual,51,151,nb,0,256,256,0.022149445,0.000086521,0.000005360,0.000160772,1
actual,52,152,nb,0,256,256,0.023477909,0.000091711,0.000015319,0.000138680,1
actual,53,153,nb,0,256,256,0.023418402,0.000091478,0.000005320,0.000150381,1
actual,54,154,nb,0,256,256,0.026800614,0.000104690,0.000006432,0.000181119,1
actual,55,155,nb,0,256,256,0.024265466,0.000094787,0.000004188,0.000155232,1
actual,56,156,nb,0,256,256,0.026040431,0.000101720,0.000005410,0.000160532,1
actual,57,157,nb,0,256,256,0.023557843,0.000092023,0.000005310,0.000152236,1
actual,58,158,nb,0,256,256,0.025809149,0.000100817,0.000005330,0.000169317,1
actual,59,159,nb,0,256,256,0.025158953,0.000098277,0.000007544,0.000156324,1
actual,60,160,nb,0,256,256,0.028437846,0.000111085,0.000005330,0.000176710,1
actual,61,161,nb,0,256,256,0.021413281,0.000083646,0.000005540,0.000138379,1
actual,62,162,nb,0,256,256,0.026862707,0.000104932,0.000010219,0.000174146,1
actual,63,163,nb,0,256,256,0.024000823,0.000093753,0.000006012,0.000153509,1
actual,64,164,nb,0,256,256,0.025395184,0.000099200,0.000004449,0.000160841,1
actual,65,165,nb,0,256,256,0.022990877,0.000089808,0.000005340,0.000144270,1
actual,66,166,nb,0,256,256,0.025124084,0.000098141,0.000004047,0.000155031,1
actual,67,167,nb,0,256,256,0.023112275,0.000090282,0.000005400,0.000146594,1
actual,68,168,nb,0,256,256,0.023915227,0.000093419,0.000004429,0.000153708,1
actual,69,169,nb,0,256,256,0.020477166,0.000079989,0.000003447,0.000142198,1
actual,70,170,nb,0,256,256,0.024161865,0.000094382,0.000007294,0.000160232,1
actual,71,171,nb,0,256,256,0.025572572,0.000099893,0.000008386,0.000165361,1
actual,72,172,nb,0,256,256,0.028083319,0.000109700,0.000005761,0.000177712,1
actual,73,173,nb,0,256,256,0.024533069,0.000095832,0.000005410,0.000151786,1
actual,74,174,nb,0,256,256,0.026763385,0.000104544,0.000005370,0.000174677,1
actual,75,175,nb,0,256,256,0.023486079,0.000091742,0.000011391,0.000157907,1
actual,76,176,nb,0,256,256,0.026467239,0.000103388,0.000005240,0.000161263,1
actual,77,177,nb,0,256,256,0.024195055,0.000094512,0.000005560,0.000154942,1
actual,78,178,nb,0,256,256,0.023968602,0.000093627,0.000009347,0.000153777,1
actual,79,179,nb,0,256,256,0.020152310,0.000078720,0.000005500,0.000138701,1
actual,80,180,nb,0,256,256,0.026188665,0.000102299,0.000005310,0.000156623,1
actual,81,181,nb,0,256,256,0.025075732,0.000097952,0.000005721,0.000160199,1
actual,82,182,nb,0,256,256,0.026204283,0.000102360,0.000004398,0.000169266,1
actual,83,183,nb,0,256,256,0.024256459,0.000094752,0.000005120,0.000162366,1
actual,84,184,nb,0,256,256,0.025727568,0.000100498,0.000005440,0.000165670,1
actual,85,185,nb,0,256,256,0.024952506,0.000097471,0.000003837,0.000178093,1
actual,86,186,nb,0,256,256,0.025422113,0.000099305,0.000005259,0.000165571,1
actual,87,187,nb,0,256,256,0.021077996,0.000082336,0.000007434,0.000147087,1
actual,88,188,nb,0,256,256,0.021700944,0.000084769,0.000005580,0.000160081,1
actual,89,189,nb,0,256,256,0.020888876,0.000081597,0.000006302,0.000137519,1
actual,90,190,nb,0,256,256,0.025197972,0.000098430,0.000005701,0.000155992,1
actual,91,191,nb,0,256,256,0.023593546,0.000092162,0.000003717,0.000147357,1
actual,92,192,nb,0,256,256,0.025016666,0.000097721,0.000004449,0.000157687,1
actual,93,193,nb,0,256,256,0.021957071,0.000085770,0.000005390,0.000141536,1
actual,94,194,nb,0,256,256,0.025072605,0.000097940,0.000009488,0.000160262,1
actual,95,195,nb,0,256,256,0.023719277,0.000092653,0.000004688,0.000151253,1
actual,96,196,nb,0,256,256,0.023756150,0.000092797,0.000005320,0.000139522,1
actual,97,197,nb,0,256,256,0.020821005,0.000081332,0.000003807,0.000142999,1
actual,98,198,nb,0,256,256,0.022928141,0.000089563,0.000005260,0.000141917,1
actual,99,199,nb,0,256,256,0.022072058,0.000086219,0.000003957,0.000152026,1
warmup,0,0,nb,0,256,384,0.027912284,0.000109032,0.000005690,0.000172715,1
warmup,1,1,nb,0,256,384,0.022329729,0.000087226,0.000005370,0.000132229,1
warmup,2,2,nb,0,256,384,0.025703054,0.000100403,0.000005450,0.000166291,1
warmup,3,3,nb,0,256,384,0.022342381,0.000087275,0.000011722,0.000143578,1
warmup,4,4,nb,0,256,384,0.022090077,0.000086289,0.000005540,0.000137178,1
warmup,5,5,nb,0,256,384,0.023354627,0.000091229,0.000005661,0.000144302,1
warmup,6,6,nb,0,256,384,0.025102676,0.000098057,0.000005391,0.000160652,1
warmup,7,7,nb,0,256,384,0.022911227,0.000089497,0.000003436,0.000148971,1
warmup,8,8,nb,0,256,384,0.024970111,0.000097539,0.000005390,0.000169860,1
warmup,9,9,nb,0,256,384,0.023960225,0.000093595,0.000009348,0.000160412,1
warmup,10,10,nb,0,256,384,0.025715352,0.000100451,0.000005380,0.000165289,1
warmup,11,11,nb,0,256,384,0.023391018,0.000091371,0.000004258,0.000152297,1
warmup,12,12,nb,0,256,384,0.025764592,0.000100643,0.000005621,0.000169318,1
warmup,13,13,nb,0,256,384,0.024819102,0.000096950,0.000007885,0.000158827,1
warmup,14,14,nb,0,256,384,0.025548397,0.000099798,0.000005390,0.000164720,1
warmup,15,15,nb,0,256,384,0.020757581,0.000081084,0.000005510,0.000125204,1
warmup,16,16,nb,0,256,384,0.024769581,0.000096756,0.000010339,0.000140304,1
warmup,17,17,nb,0,256,384,0.025002861,0.000097667,0.000004137,0.000154581,1
warmup,18,18,nb,0,256,384,0.027610299,0.000107853,0.000005510,0.000174707,1
warmup,19,19,nb,0,256,384,0.020599236,0.000080466,0.000004920,0.000143480,1
warmup,20,20,nb,0,256,384,0.027891643,0.000108952,0.000005952,0.000176340,1
warmup,21,21,nb,0,256,384,0.023639669,0.000092342,0.000005591,0.000157616,1
warmup,22,22,nb,0,256,384,0.023794637,0.000092948,0.000005370,0.000161101,1
warmup,23,23,nb,0,256,384,0.022388829,0.000087456,0.000003767,0.000169509,1
warmup,24,24,nb,0,256,384,0.023162933,0.000090480,0.000015359,0.000149450,1
warmup,25,25,nb,0,256,384,0.021157198,0.000082645,0.000005300,0.000151245,1
warmup,26,26,nb,0,256,384,0.025164723,0.000098300,0.000007814,0.000160621,1
warmup,27,27,nb,0,256,384,0.022667249,0.000088544,0.000005701,0.000152437,1
warmup,28,28,nb,0,256,384,0.027081256,0.000105786,0.000009368,0.000164860,1
warmup,29,29,nb,0,256,384,0.022282468,0.000087041,0.000005521,0.000161203,1
warmup,30,30,nb,0,256,384,0.024310181,0.000094962,0.000004318,0.000194095,1
warmup,31,31,nb,0,256,384,0.022955184,0.000089669,0.000003527,0.000148918,1
warmup,32,32,nb,0,256,384,0.022620863,0.000088363,0.000007544,0.000147918,1
warmup,33,33,nb,0,256,384,0.025141231,0.000098208,0.000004839,0.000157155,1
warmup,34,34,nb,0,256,384,0.026247465,0.000102529,0.000005721,0.000162063,1
warmup,35,35,nb,0,256,384,0.025067833,0.000097921,0.000005089,0.000166281,1
warmup,36,36,nb,0,256,384,0.024685570,0.000096428,0.000005701,0.000149602,1
warmup,37,37,nb,0,256,384,0.021011993,0.000082078,0.000007524,0.000142087,1
warmup,38,38,nb,0,256,384,0.024261076,0.000094770,0.000015188,0.000151155,1
warmup,39,39,nb,0,256,384,0.026082939,0.000101886,0.000007514,0.000173837,1
warmup,40,40,nb,0,256,384,0.026628068,0.000104016,0.000014748,0.000169809,1
warmup,41,41,nb,0,256,384,0.024879268,0.000097185,0.000004608,0.000161624,1
warmup,42,42,nb,0,256,384,0.024071542,0.000094029,0.000011351,0.000152896,1
warmup,43,43,nb,0,256,384,0.028682523,0.000112041,0.000011793,0.000176340,1
warmup,44,44,nb,0,256,384,0.025768259,0.000100657,0.000005581,0.000165362,1
warmup,45,45,nb,0,256,384,0.023687295,0.000092528,0.000005269,0.000150453,1
warmup,46,46,nb,0,256,384,0.026225474,0.000102443,0.000018755,0.000167545,1
warmup,47,47,nb,0,256,384,0.024080488,0.000094064,0.000005540,0.000156934,1
warmup,48,48,nb,0,256,384,0.026736816,0.000104441,0.000005680,0.000168896,1
warmup,49,49,nb,0,256,384,0.024201737,0.000094538,0.000005601,0.000151936,1
warmup,50,50,nb,0,256,384,0.023451278,0.000091607,0.000009418,0.000150984,1
warmup,51,51,nb,0,256,384,0.022179909,0.000086640,0.000005690,0.000145282,1
warmup,52,52,nb,0,256,384,0.027176926,0.000106160,0.000013997,0.000170138,1
warmup,53,53,nb,0,256,384,0.021928075,0.000085657,0.000003937,0.000147848,1
warmup,54,54,nb,0,256,384,0.026120714,0.000102034,0.000005831,0.000157364,1
warmup,55,55,nb,0,256,384,0.022996718,0.000089831,0.000005290,0.000158158,1
warmup,56,56,nb,0,256,384,0.026872337,0.000104970,0.000005540,0.000168567,1
warmup,57,57,nb,0,256,384,0.024675243,0.000096388,0.000003727,0.000182221,1
warmup,58,58,nb,0,256,384,0.022548280,0.000088079,0.000011362,0.000138631,1
warmup,59,59,nb,0,256,384,0.023391612,0.000091373,0.000005641,0.000156564,1
warmup,60,60,nb,0,256,384,0.026697868,0.000104289,0.000005551,0.000158789,1
warmup,61,61,nb,0,256,384,0.028084862,0.000109706,0.000010119,0.000170699,1
warmup,62,62,nb,0,256,384,0.025406557,0.000099244,0.000009578,0.000162694,1
warmup,63,63,nb,0,256,384,0.021412777,0.000083644,0.000005580,0.000139422,1
warmup,64,64,nb,0,256,384,0.023649408,0.000092381,0.000005420,0.000152446,1
warmup,65,65,nb,0,256,384,0.024632992,0.000096223,0.000004398,0.000156214,1
warmup,66,66,nb,0,256,384,0.025437670,0.000099366,0.000005601,0.000187342,1
warmup,67,67,nb,0,256,384,0.024630969,0.000096215,0.000005781,0.000153969,1
warmup,68,68,nb,0,256,384,0.026614101,0.000103961,0.000004258,0.000165239,1
warmup,69,69,nb,0,256,384,0.023062930,0.000090090,0.000003477,0.000146636,1
warmup,70,70,nb,0,256,384,0.030650179,0.000119727,0.000013475,0.000179977,1
warmup,71,71,nb,0,256,384,0.025808392,0.000100814,0.000005551,0.000168926,1
warmup,72,72,nb,0,256,384,0.021929945,0.000085664,0.000005680,0.000130947,1
warmup,73,73,nb,0,256,384,0.023185981,0.000090570,0.000003537,0.000149600,1
warmup,74,74,nb,0,256,384,0.025757989,0.000100617,0.000010459,0.000154198,1
warmup,75,75,nb,0,256,384,0.024072408,0.000094033,0.000007343,0.000136756,1
warmup,76,76,nb,0,256,384,0.024666728,0.000096354,0.000007525,0.000159318,1
warmup,77,77,nb,0,256,384,0.023970600,0.000093635,0.000009648,0.000154780,1
warmup,78,78,nb,0,256,384,0.022332228,0.000087235,0.000005520,0.000140665,1
warmup,79,79,nb,0,256,384,0.028741461,0.000112271,0.000012013,0.000175548,1
warmup,80,80,nb,0,256,384,0.026137360,0.000102099,0.000005681,0.000161412,1
warmup,81,81,nb,0,256,384,0.023722865,0.000092667,0.000005560,0.000154339,1
warmup,82,82,nb,0,256,384,0.023813601,0.000093022,0.000005471,0.000147498,1
warmup,83,83,nb,0,256,384,0.023409650,0.000091444,0.000004227,0.000149040,1
warmup,84,84,nb,0,256,384,0.026446285,0.000103306,0.000005781,0.000159829,1
warmup,85,85,nb,0,256,384,0.021532271,0.000084110,0.000003437,0.000143140,1
warmup,86,86,nb,0,256,384,0.027172430,0.000106142,0.000014757,0.000168355,1
warmup,87,87,nb,0,256,384,0.022671863,0.000088562,0.000005400,0.000143508,1
warmup,88,88,nb,0,256,384,0.029611598,0.000115670,0.000008236,0.000170589,1
warmup,89,89,nb,0,256,384,0.023145544,0.000090412,0.000007324,0.000149710,1
warmup,90,90,nb,0,256,384,0.025159561,0.000098280,0.000005491,0.000162544,1
warmup,91,91,nb,0,256,384,0.023467471,0.000091670,0.000005350,0.000147767,1
warmup,92,92,nb,0,256,384,0.024737654,0.000096631,0.000012303,0.000148898,1
warmup,93,93,nb,0,256,384,0.022937961,0.000089601,0.000005761,0.000151956,1
warmup,94,94,nb,0,256,384,0.024386362,0.000095259,0.000011392,0.000141475,1
warmup,95,95,nb,0,256,384,0.021203838,0.000082827,0.000003837,0.000130516,1
warmup,96,96,nb,0,256,384,0.025561962,0.000099851,0.000012794,0.000159791,1
warmup,97,97,nb,0,256,384,0.024198533,0.000094526,0.000010760,0.000146346,1
warmup,98,98,nb,0,256,384,0.025495050,0.000099590,0.000009418,0.000174969,1
warmup,99,99,nb,0,256,384,0.022891963,0.000089422,0.000003537,0.000150000,1
actual,0,100,nb,0,256,384,0.023152000,0.000090438,0.000005591,0.000168024,1
actual,1,101,nb,0,256,384,0.020778256,0.000081165,0.000004318,0.000159460,1
actual,2,102,nb,0,256,384,0.026920083,0.000105157,0.000005620,0.000175090,1
actual,3,103,nb,0,256,384,0.022057495,0.000086162,0.000003877,0.000140495,1
actual,4,104,nb,0,256,384,0.024790584,0.000096838,0.000004428,0.000154731,1
actual,5,105,nb,0,256,384,0.023895228,0.000093341,0.000005300,0.000151363,1
actual,6,106,nb,0,256,384,0.029592002,0.000115594,0.000019617,0.000182874,1
actual,7,107,nb,0,256,384,0.025021937,0.000097742,0.000004348,0.000163896,1
actual,8,108,nb,0,256,384,0.023050237,0.000090040,0.000005721,0.000147297,1
actual,9,109,nb,0,256,384,0.022101947,0.000086336,0.000003597,0.000126587,1
actual,10,110,nb,0,256,384,0.026560070,0.000103750,0.000005610,0.000173133,1
actual,11,111,nb,0,256,384,0.022679916,0.000088593,0.000005320,0.000163508,1
actual,12,112,nb,0,256,384,0.026253358,0.000102552,0.000005530,0.000163786,1
actual,13,113,nb,0,256,384,0.021207169,0.000082841,0.000003727,0.000145042,1
actual,14,114,nb,0,256,384,0.023224563,0.000090721,0.000011362,0.000131197,1
actual,15,115,nb,0,256,384,0.028304522,0.000110565,0.000005260,0.000184117,1
actual,16,116,nb,0,256,384,0.026552660,0.000103721,0.000005561,0.000166321,1
actual,17,117,nb,0,256,384,0.025548415,0.000099798,0.000003767,0.000176130,1
actual,18,118,nb,0,256,384,0.023905730,0.000093382,0.000004299,0.000154701,1
actual,19,119,nb,0,256,384,0.023490123,0.000091758,0.000003697,0.000143949,1
actual,20,120,nb,0,256,384,0.027191387,0.000106216,0.000013005,0.000174676,1
actual,21,121,nb,0,256,384,0.025652879,0.000100207,0.000007474,0.000184765,1
actual,22,122,nb,0,256,384,0.025930966,0.000101293,0.000005560,0.000155253,1
actual,23,123,nb,0,256,384,0.021460376,0.000083830,0.000005530,0.000132039,1
actual,24,124,nb,0,256,384,0.023482303,0.000091728,0.000005841,0.000144933,1
actual,25,125,nb,0,256,384,0.021026970,0.000082137,0.000005531,0.000144501,1
actual,26,126,nb,0,256,384,0.025384948,0.000099160,0.000012483,0.000154480,1
actual,27,127,nb,0,256,384,0.024183358,0.000094466,0.000004308,0.000171212,1
actual,28,128,nb,0,256,384,0.024427320,0.000095419,0.000011452,0.000150040,1
actual,29,129,nb,0,256,384,0.025719259,0.000100466,0.000007424,0.000162313,1
actual,30,130,nb,0,256,384,0.026003405,0.000101576,0.000004609,0.000159900,1
actual,31,131,nb,0,256,384,0.025960633,0.000101409,0.000005691,0.000156112,1
actual,32,132,nb,0,256,384,0.024848423,0.000097064,0.000004388,0.000159188,1
actual,33,133,nb,0,256,384,0.024583471,0.000096029,0.000004619,0.000174206,1
actual,34,134,nb,0,256,384,0.025384852,0.000099160,0.000009909,0.000164849,1
actual,35,135,nb,0,256,384,0.022923750,0.000089546,0.000013295,0.000152056,1
actual,36,136,nb,0,256,384,0.023249104,0.000090817,0.000011081,0.000155901,1
actual,37,137,nb,0,256,384,0.021700378,0.000084767,0.000009337,0.000143128,1
actual,38,138,nb,0,256,384,0.025512436,0.000099658,0.000010159,0.000168375,1
actual,39,139,nb,0,256,384,0.023565367,0.000092052,0.000005500,0.000155623,1
actual,40,140,nb,0,256,384,0.026214512,0.000102400,0.000004248,0.000162984,1
actual,41,141,nb,0,256,384,0.022582475,0.000088213,0.000003908,0.000146726,1
actual,42,142,nb,0,256,384,0.023560994,0.000092035,0.000013345,0.000148500,1
actual,43,143,nb,0,256,384,0.024431364,0.000095435,0.000004799,0.000151405,1
actual,44,144,nb,0,256,384,0.026172066,0.000102235,0.000010300,0.000166093,1
actual,45,145,nb,0,256,384,0.024060829,0.000093988,0.000005551,0.000162935,1
actual,46,146,nb,0,256,384,0.024596999,0.000096082,0.000010058,0.000157214,1
actual,47,147,nb,0,256,384,0.025010943,0.000097699,0.000005841,0.000161965,1
actual,48,148,nb,0,256,384,0.027533692,0.000107553,0.000009779,0.000175277,1
actual,49,149,nb,0,256,384,0.024407608,0.000095342,0.000007494,0.000148158,1
actual,50,150,nb,0,256,384,0.021277879,0.000083117,0.000005500,0.000147788,1
actual,51,151,nb,0,256,384,0.019164920,0.000074863,0.000004749,0.000174308,1
actual,52,152,nb,0,256,384,0.026211794,0.000102390,0.000007454,0.000162705,1
actual,53,153,nb,0,256,384,0.020870924,0.000081527,0.000007584,0.000145804,1
actual,54,154,nb,0,256,384,0.024883559,0.000097201,0.000005520,0.000150934,1
actual,55,155,nb,0,256,384,0.021922685,0.000085635,0.000003897,0.000148239,1
actual,56,156,nb,0,256,384,0.028404015,0.000110953,0.000004919,0.000173214,1
actual,57,157,nb,0,256,384,0.022624201,0.000088376,0.000005401,0.000153387,1
actual,58,158,nb,0,256,384,0.027711026,0.000108246,0.000004208,0.000169547,1
actual,59,159,nb,0,256,384,0.024280973,0.000094848,0.000010570,0.000153078,1
actual,60,160,nb,0,256,384,0.022745443,0.000088849,0.000014487,0.000142268,1
actual,61,161,nb,0,256,384,0.021334806,0.000083339,0.000005590,0.000151705,1
actual,62,162,nb,0,256,384,0.025742162,0.000100555,0.000004289,0.000159689,1
actual,63,163,nb,0,256,384,0.023943900,0.000093531,0.000004358,0.000167916,1
actual,64,164,nb,0,256,384,0.026177710,0.000102257,0.000004418,0.000158576,1
actual,65,165,nb,0,256,384,0.024549192,0.000095895,0.000005180,0.000150571,1
actual,66,166,nb,0,256,384,0.025906011,0.000101195,0.000005250,0.000163646,1
actual,67,167,nb,0,256,384,0.021242927,0.000082980,0.000005570,0.000160420,1
actual,68,168,nb,0,256,384,0.023305998,0.000091039,0.000014618,0.000141896,1
actual,69,169,nb,0,256,384,0.021112495,0.000082471,0.000012183,0.000134523,1
actual,70,170,nb,0,256,384,0.025963001,0.000101418,0.000005591,0.000157414,1
actual,71,171,nb,0,256,384,0.024545475,0.000095881,0.000004829,0.000164871,1
actual,72,172,nb,0,256,384,0.025700147,0.000100391,0.000005431,0.000155631,1
actual,73,173,nb,0,256,384,0.023185517,0.000090568,0.000005501,0.000161221,1
actual,74,174,nb,0,256,384,0.025597482,0.000099990,0.000004248,0.000168415,1
actual,75,175,nb,0,256,384,0.025071431,0.000097935,0.000007584,0.000158135,1
actual,76,176,nb,0,256,384,0.026044429,0.000101736,0.000005791,0.000163728,1
actual,77,177,nb,0,256,384,0.023939500,0.000093514,0.000005320,0.000153769,1
actual,78,178,nb,0,256,384,0.024326885,0.000095027,0.000012293,0.000147395,1
actual,79,179,nb,0,256,384,0.023676659,0.000092487,0.000007695,0.000159530,1
actual,80,180,nb,0,256,384,0.025235650,0.000098577,0.000005470,0.000152897,1
actual,81,181,nb,0,256,384,0.022493642,0.000087866,0.000011522,0.000136788,1
actual,82,182,nb,0,256,384,0.025825388,0.000100880,0.000004338,0.000159469,1
actual,83,183,nb,0,256,384,0.026254996,0.000102559,0.000007735,0.000166381,1
actual,84,184,nb,0,256,384,0.025349837,0.000099023,0.000005871,0.000166431,1
actual,85,185,nb,0,256,384,0.024919009,0.000097340,0.000005600,0.000159478,1
actual,86,186,nb,0,256,384,0.022569166,0.000088161,0.000005631,0.000151144,1
actual,87,187,nb,0,256,384,0.019507912,0.000076203,0.000005060,0.000108685,1
actual,88,188,nb,0,256,384,0.026581606,0.000103834,0.000005580,0.000158466,1
actual,89,189,nb,0,256,384,0.021395141,0.000083575,0.000005671,0.000138479,1
actual,90,190,nb,0,256,384,0.021751661,0.000084967,0.000009548,0.000139381,1
actual,91,191,nb,0,256,384,0.023091234,0.000090200,0.000005340,0.000146405,1
actual,92,192,nb,0,256,384,0.027884393,0.000108923,0.000007775,0.000173144,1
actual,93,193,nb,0,256,384,0.021889527,0.000085506,0.000005410,0.000141736,1
actual,94,194,nb,0,256,384,0.025289264,0.000098786,0.000005511,0.000159218,1
actual,95,195,nb,0,256,384,0.025732653,0.000100518,0.000005540,0.000155391,1
actual,96,196,nb,0,256,384,0.024397419,0.000095302,0.000012394,0.000151323,1
actual,97,197,nb,0,256,384,0.026038769,0.000101714,0.000005209,0.000173745,1
actual,98,198,nb,0,256,384,0.026326089,0.000102836,0.000005831,0.000164380,1
actual,99,199,nb,0,256,384,0.019260511,0.000075236,0.000003777,0.000154671,1
warmup,0,0,nb,0,256,512,0.023886032,0.000093305,0.000009578,0.000157334,1
warmup,1,1,nb,0,256,512,0.022852981,0.000089269,0.000003607,0.000136215,1
warmup,2,2,nb,0,256,512,0.027452115,0.000107235,0.000005440,0.000180738,1
warmup,3,3,nb,0,256,512,0.027156232,0.000106079,0.000013465,0.000177892,1
warmup,4,4,nb,0,256,512,0.023502840,0.000091808,0.000013456,0.000152227,1
warmup,5,5,nb,0,256,512,0.022183398,0.000086654,0.000007614,0.000148850,1
warmup,6,6,nb,0,256,512,0.025729696,0.000100507,0.000004469,0.000157254,1
warmup,7,7,nb,0,256,512,0.024670990,0.000096371,0.000004458,0.000170579,1
warmup,8,8,nb,0,256,512,0.027024406,0.000105564,0.000010670,0.000164227,1
warmup,9,9,nb,0,256,512,0.024802304,0.000096884,0.000011612,0.000160861,1
warmup,10,10,nb,0,256,512,0.027092960,0.000105832,0.000005891,0.000170870,1
warmup,11,11,nb,0,256,512,0.024653657,0.000096303,0.000005741,0.000175618,1
warmup,12,12,nb,0,256,512,0.024037167,0.000093895,0.000005451,0.000145833,1
warmup,13,13,nb,0,256,512,0.022508340,0.000087923,0.000003617,0.000157865,1
warmup,14,14,nb,0,256,512,0.027485002,0.000107363,0.000007714,0.000163726,1
warmup,15,15,nb,0,256,512,0.025790695,0.000100745,0.000009888,0.000176490,1
warmup,16,16,nb,0,256,512,0.024908873,0.000097300,0.000019997,0.000158035,1
warmup,17,17,nb,0,256,512,0.024905460,0.000097287,0.000003757,0.000173805,1
warmup,18,18,nb,0,256,512,0.026330784,0.000102855,0.000012914,0.000175869,1
warmup,19,19,nb,0,256,512,0.022604888,0.000088300,0.000003957,0.000155741,1
warmup,20,20,nb,0,256,512,0.026158931,0.000102183,0.000007334,0.000170749,1
warmup,21,21,nb,0,256,512,0.023614339,0.000092244,0.000003697,0.000170098,1
warmup,22,22,nb,0,256,512,0.025645303,0.000100177,0.000010399,0.000163858,1
warmup,23,23,nb,0,256,512,0.025435878,0.000099359,0.000005811,0.000170749,1
warmup,24,24,nb,0,256,512,0.026597031,0.000103895,0.000004408,0.000180928,1
warmup,25,25,nb,0,256,512,0.020772895,0.000081144,0.000003467,0.000152136,1
warmup,26,26,nb,0,256,512,0.026375861,0.000103031,0.000005721,0.000181980,1
warmup,27,27,nb,0,256,512,0.022478398,0.000087806,0.000009527,0.000158258,1
warmup,28,28,nb,0,256,512,0.024385976,0.000095258,0.000011542,0.000149930,1
warmup,29,29,nb,0,256,512,0.021810369,0.000085197,0.000004388,0.000157105,1
warmup,30,30,nb,0,256,512,0.026230290,0.000102462,0.000005641,0.000184515,1
warmup,31,31,nb,0,256,512,0.027033601,0.000105600,0.000009888,0.000182892,1
warmup,32,32,nb,0,256,512,0.027470399,0.000107306,0.000010289,0.000165920,1
warmup,33,33,nb,0,256,512,0.025691864,0.000100359,0.000003586,0.000176711,1
warmup,34,34,nb,0,256,512,0.023416423,0.000091470,0.000005731,0.000149871,1
warmup,35,35,nb,0,256,512,0.023607097,0.000092215,0.000005470,0.000159819,1
warmup,36,36,nb,0,256,512,0.024703059,0.000096496,0.000015419,0.000159569,1
warmup,37,37,nb,0,256,512,0.022187209,0.000086669,0.000003597,0.000154320,1
warmup,38,38,nb,0,256,512,0.023739505,0.000092732,0.000016270,0.000158636,1
warmup,39,39,nb,0,256,512,0.020205488,0.000078928,0.000005260,0.000148147,1
warmup,40,40,nb,0,256,512,0.026503553,0.000103530,0.000006042,0.000165880,1
warmup,41,41,nb,0,256,512,0.025294057,0.000098805,0.000007565,0.000190746,1
warmup,42,42,nb,0,256,512,0.023581305,0.000092114,0.000005490,0.000152646,1
warmup,43,43,nb,0,256,512,0.022390248,0.000087462,0.000007575,0.000159819,1
warmup,44,44,nb,0,256,512,0.023026407,0.000089947,0.000005681,0.000153258,1
warmup,45,45,nb,0,256,512,0.021989888,0.000085898,0.000003567,0.000157975,1
warmup,46,46,nb,0,256,512,0.025974112,0.000101461,0.000014577,0.000165871,1
warmup,47,47,nb,0,256,512,0.026130292,0.000102071,0.000005841,0.000173564,1
warmup,48,48,nb,0,256,512,0.023012486,0.000089893,0.000005520,0.000155743,1
warmup,49,49,nb,0,256,512,0.023150587,0.000090432,0.000005440,0.000153046,1
warmup,50,50,nb,0,256,512,0.024148810,0.000094331,0.000003587,0.000167523,1
warmup,51,51,nb,0,256,512,0.021678929,0.000084683,0.000003778,0.000158606,1
warmup,52,52,nb,0,256,512,0.026140776,0.000102112,0.000009538,0.000173665,1
warmup,53,53,nb,0,256,512,0.025078527,0.000097963,0.000005501,0.000181018,1
warmup,54,54,nb,0,256,512,0.030203671,0.000117983,0.000015970,0.000174617,1
warmup,55,55,nb,0,256,512,0.022125066,0.000086426,0.000003486,0.000139200,1
warmup,56,56,nb,0,256,512,0.024392400,0.000095283,0.000011501,0.000160973,1
warmup,57,57,nb,0,256,512,0.021825450,0.000085256,0.000005591,0.000146997,1
warmup,58,58,nb,0,256,512,0.025075742,0.000097952,0.000020208,0.000157725,1
warmup,59,59,nb,0,256,512,0.022160391,0.000086564,0.000003566,0.000153347,1
warmup,60,60,nb,0,256,512,0.024331876,0.000095046,0.000004368,0.000158707,1
warmup,61,61,nb,0,256,512,0.025262089,0.000098680,0.000005670,0.000172683,1
warmup,62,62,nb,0,256,512,0.024866987,0.000097137,0.000005440,0.000168216,1
warmup,63,63,nb,0,256,512,0.023780293,0.000092892,0.000004148,0.000162925,1
warmup,64,64,nb,0,256,512,0.028383998,0.000110875,0.000005520,0.000198952,1
warmup,65,65,nb,0,256,512,0.021682414,0.000084697,0.000003587,0.000136677,1
warmup,66,66,nb,0,256,512,0.026445678,0.000103303,0.000005701,0.000181840,1
warmup,67,67,nb,0,256,512,0.022236258,0.000086860,0.000006432,0.000170380,1
warmup,68,68,nb,0,256,512,0.028666048,0.000111977,0.000011802,0.000170148,1
warmup,69,69,nb,0,256,512,0.021482897,0.000083918,0.000007674,0.000150453,1
warmup,70,70,nb,0,256,512,0.024289697,0.000094882,0.000009427,0.000155190,1
warmup,71,71,nb,0,256,512,0.024226703,0.000094636,0.000004278,0.000180700,1
warmup,72,72,nb,0,256,512,0.024639776,0.000096249,0.000009427,0.000157336,1
warmup,73,73,nb,0,256,512,0.021404671,0.000083612,0.000003506,0.000137898,1
warmup,74,74,nb,0,256,512,0.027190712,0.000106214,0.000005731,0.000183133,1
warmup,75,75,nb,0,256,512,0.025022566,0.000097744,0.000003797,0.000160903,1
warmup,76,76,nb,0,256,512,0.027780649,0.000108518,0.000010590,0.000193965,1
warmup,77,77,nb,0,256,512,0.020921432,0.000081724,0.000002905,0.000154741,1
warmup,78,78,nb,0,256,512,0.024601400,0.000096099,0.000013285,0.000171631,1
warmup,79,79,nb,0,256,512,0.023616506,0.000092252,0.000004148,0.000157236,1
warmup,80,80,nb,0,256,512,0.025253943,0.000098648,0.000011411,0.000177482,1
warmup,81,81,nb,0,256,512,0.022632651,0.000088409,0.000009628,0.000169199,1
warmup,82,82,nb,0,256,512,0.024563656,0.000095952,0.000009418,0.000165990,1
warmup,83,83,nb,0,256,512,0.022920174,0.000089532,0.000007584,0.000154579,1
warmup,84,84,nb,0,256,512,0.026044015,0.000101734,0.000007905,0.000164718,1
warmup,85,85,nb,0,256,512,0.021969871,0.000085820,0.000003808,0.000148908,1
warmup,86,86,nb,0,256,512,0.025954480,0.000101385,0.000009999,0.000168996,1
warmup,87,87,nb,0,256,512,0.025956472,0.000101392,0.000005721,0.000172363,1
warmup,88,88,nb,0,256,512,0.023712281,0.000092626,0.000015069,0.000152004,1
warmup,89,89,nb,0,256,512,0.026623965,0.000104000,0.000007143,0.000182000,1
warmup,90,90,nb,0,256,512,0.026065282,0.000101818,0.000011352,0.000162894,1
warmup,91,91,nb,0,256,512,0.024805145,0.000096895,0.000005501,0.000160170,1
warmup,92,92,nb,0,256,512,0.026655330,0.000104122,0.000005501,0.000186288,1
warmup,93,93,nb,0,256,512,0.022799292,0.000089060,0.000007845,0.000142588,1
warmup,94,94,nb,0,256,512,0.025692346,0.000100361,0.000009498,0.000182563,1
warmup,95,95,nb,0,256,512,0.022329941,0.000087226,0.000005571,0.000151695,1
warmup,96,96,nb,0,256,512,0.025809719,0.000100819,0.000005891,0.000167783,1
warmup,97,97,nb,0,256,512,0.024706630,0.000096510,0.000005581,0.000164087,1
warmup,98,98,nb,0,256,512,0.024520603,0.000095784,0.000009508,0.000172232,1
warmup,99,99,nb,0,256,512,0.021696128,0.000084750,0.000007564,0.000141987,1
actual,0,100,nb,0,256,512,0.025842698,0.000100948,0.000005280,0.000177572,1
actual,1,101,nb,0,256,512,0.022523527,0.000087983,0.000005590,0.000138710,1
actual,2,102,nb,0,256,512,0.027929824,0.000109101,0.000006061,0.000188463,1
actual,3,103,nb,0,256,512,0.025159448,0.000098279,0.000005000,0.000184996,1
actual,4,104,nb,0,256,512,0.026267710,0.000102608,0.000005801,0.000160150,1
actual,5,105,nb,0,256,512,0.024952603,0.000097471,0.000007564,0.000152405,1
actual,6,106,nb,0,256,512,0.028236783,0.000110300,0.000014247,0.000196727,1
actual,7,107,nb,0,256,512,0.025422841,0.000099308,0.000009588,0.000157677,1
actual,8,108,nb,0,256,512,0.025506833,0.000099636,0.000005510,0.000182642,1
actual,9,109,nb,0,256,512,0.023073102,0.000090129,0.000003717,0.000168286,1
actual,10,110,nb,0,256,512,0.024227758,0.000094640,0.000015859,0.000155421,1
actual,11,111,nb,0,256,512,0.025690711,0.000100354,0.000005871,0.000160392,1
actual,12,112,nb,0,256,512,0.023958588,0.000093588,0.000005881,0.000143989,1
actual,13,113,nb,0,256,512,0.023964348,0.000093611,0.000003827,0.000161301,1
actual,14,114,nb,0,256,512,0.026546895,0.000103699,0.000005450,0.000160120,1
actual,15,115,nb,0,256,512,0.022546327,0.000088072,0.000005581,0.000169026,1
actual,16,116,nb,0,256,512,0.027611259,0.000107856,0.000005541,0.000189164,1
actual,17,117,nb,0,256,512,0.023202216,0.000090634,0.000003507,0.000162634,1
actual,18,118,nb,0,256,512,0.021342095,0.000083368,0.000005550,0.000153709,1
actual,19,119,nb,0,256,512,0.020776451,0.000081158,0.000005610,0.000143741,1
actual,20,120,nb,0,256,512,0.024406520,0.000095338,0.000007695,0.000163476,1
actual,21,121,nb,0,256,512,0.021631976,0.000084500,0.000005290,0.000169218,1
actual,22,122,nb,0,256,512,0.023928502,0.000093471,0.000009528,0.000149140,1
actual,23,123,nb,0,256,512,0.025177083,0.000098348,0.000003747,0.000170108,1
actual,24,124,nb,0,256,512,0.026150238,0.000102149,0.000010630,0.000161944,1
actual,25,125,nb,0,256,512,0.022799100,0.000089059,0.000004459,0.000142506,1
actual,26,126,nb,0,256,512,0.022036805,0.000086081,0.000013646,0.000148388,1
actual,27,127,nb,0,256,512,0.022201584,0.000086725,0.000005109,0.000160851,1
actual,28,128,nb,0,256,512,0.027065895,0.000105726,0.000009838,0.000179365,1
actual,29,129,nb,0,256,512,0.025939738,0.000101327,0.000011772,0.000180047,1
actual,30,130,nb,0,256,512,0.026703157,0.000104309,0.000005440,0.000178805,1
actual,31,131,nb,0,256,512,0.025187634,0.000098389,0.000007474,0.000180577,1
actual,32,132,nb,0,256,512,0.023526890,0.000091902,0.000009458,0.000166924,1
actual,33,133,nb,0,256,512,0.024380578,0.000095237,0.000005610,0.000171751,1
actual,34,134,nb,0,256,512,0.025233964,0.000098570,0.000012643,0.000172353,1
actual,35,135,nb,0,256,512,0.021421917,0.000083679,0.000003898,0.000156743,1
actual,36,136,nb,0,256,512,0.024268787,0.000094800,0.000013595,0.000169977,1
actual,37,137,nb,0,256,512,0.022058808,0.000086167,0.000007915,0.000148299,1
actual,38,138,nb,0,256,512,0.025858242,0.000101009,0.000005611,0.000164077,1
actual,39,139,nb,0,256,512,0.020721877,0.000080945,0.000003727,0.000143658,1
actual,40,140,nb,0,256,512,0.023004647,0.000089862,0.000005320,0.000156032,1
actual,41,141,nb,0,256,512,0.021961609,0.000085788,0.000003587,0.000142418,1
actual,42,142,nb,0,256,512,0.028915247,0.000112950,0.000009899,0.000189775,1
actual,43,143,nb,0,256,512,0.023864210,0.000093220,0.000005580,0.000167964,1
actual,44,144,nb,0,256,512,0.024896220,0.000097251,0.000005500,0.000158426,1
actual,45,145,nb,0,256,512,0.023237856,0.000090773,0.000005320,0.000167954,1
actual,46,146,nb,0,256,512,0.024220061,0.000094610,0.000013946,0.000155491,1
actual,47,147,nb,0,256,512,0.024489765,0.000095663,0.000005410,0.000162765,1
actual,48,148,nb,0,256,512,0.025094170,0.000098024,0.000012834,0.000163566,1
actual,49,149,nb,0,256,512,0.020246073,0.000079086,0.000003517,0.000149200,1
actual,50,150,nb,0,256,512,0.024908743,0.000097300,0.000012934,0.000153217,1
actual,51,151,nb,0,256,512,0.022438739,0.000087651,0.000005451,0.000154560,1
actual,52,152,nb,0,256,512,0.025596919,0.000099988,0.000012855,0.000168946,1
actual,53,153,nb,0,256,512,0.021480188,0.000083907,0.000003557,0.000149730,1
actual,54,154,nb,0,256,512,0.024077119,0.000094051,0.000012334,0.000172212,1
actual,55,155,nb,0,256,512,0.021388703,0.000083550,0.000007845,0.000139080,1
actual,56,156,nb,0,256,512,0.026384392,0.000103064,0.000004498,0.000169707,1
actual,57,157,nb,0,256,512,0.021456370,0.000083814,0.000004929,0.000154018,1
actual,58,158,nb,0,256,512,0.023420353,0.000091486,0.000011522,0.000140723,1
actual,59,159,nb,0,256,512,0.024031428,0.000093873,0.000003917,0.000175348,1
actual,60,160,nb,0,256,512,0.024902256,0.000097274,0.000005551,0.000188743,1
actual,61,161,nb,0,256,512,0.019720435,0.000077033,0.000004578,0.000163457,1
actual,62,162,nb,0,256,512,0.022776615,0.000088971,0.000009508,0.000147967,1
actual,63,163,nb,0,256,512,0.023992702,0.000093721,0.000003828,0.000160882,1
actual,64,164,nb,0,256,512,0.026199551,0.000102342,0.000006152,0.000167042,1
actual,65,165,nb,0,256,512,0.021463547,0.000083842,0.000003767,0.000138489,1
actual,66,166,nb,0,256,512,0.022376533,0.000087408,0.000005811,0.000153969,1
actual,67,167,nb,0,256,512,0.021791085,0.000085121,0.000005390,0.000146434,1
actual,68,168,nb,0,256,512,0.027864113,0.000108844,0.000005541,0.000191039,1
actual,69,169,nb,0,256,512,0.025282097,0.000098758,0.000003947,0.000148558,1
actual,70,170,nb,0,256,512,0.026390678,0.000103089,0.000005460,0.000171623,1
actual,71,171,nb,0,256,512,0.025447053,0.000099403,0.000003817,0.000175357,1
actual,72,172,nb,0,256,512,0.031792563,0.000124190,0.000004398,0.000183485,1
actual,73,173,nb,0,256,512,0.025107971,0.000098078,0.000009868,0.000158867,1
actual,74,174,nb,0,256,512,0.026841375,0.000104849,0.000018475,0.000166592,1
actual,75,175,nb,0,256,512,0.022995272,0.000089825,0.000003436,0.000155901,1
actual,76,176,nb,0,256,512,0.023862144,0.000093212,0.000005621,0.000167813,1
actual,77,177,nb,0,256,512,0.024861277,0.000097114,0.000005891,0.000160710,1
actual,78,178,nb,0,256,512,0.027409401,0.000107068,0.000007845,0.000195075,1
actual,79,179,nb,0,256,512,0.022257938,0.000086945,0.000007494,0.000148118,1
actual,80,180,nb,0,256,512,0.024735186,0.000096622,0.000007424,0.000156372,1
actual,81,181,nb,0,256,512,0.021538773,0.000084136,0.000003687,0.000146695,1
actual,82,182,nb,0,256,512,0.025623093,0.000100090,0.000016881,0.000158496,1
actual,83,183,nb,0,256,512,0.026266357,0.000102603,0.000009998,0.000167203,1
actual,84,184,nb,0,256,512,0.024846985,0.000097059,0.000012804,0.000159087,1
actual,85,185,nb,0,256,512,0.023005170,0.000089864,0.000008335,0.000162594,1
actual,86,186,nb,0,256,512,0.027326275,0.000106743,0.000005581,0.000186149,1
actual,87,187,nb,0,256,512,0.025962327,0.000101415,0.000007654,0.000164016,1
actual,88,188,nb,0,256,512,0.026352494,0.000102939,0.000004288,0.000174376,1
actual,89,189,nb,0,256,512,0.022440552,0.000087658,0.000007524,0.000154881,1
actual,90,190,nb,0,256,512,0.026507090,0.000103543,0.000015299,0.000163886,1
actual,91,191,nb,0,256,512,0.025477952,0.000099523,0.000008035,0.000158797,1
actual,92,192,nb,0,256,512,0.026086572,0.000101901,0.000005490,0.000179766,1
actual,93,193,nb,0,256,512,0.023241789,0.000090788,0.000005521,0.000156653,1
actual,94,194,nb,0,256,512,0.024094654,0.000094120,0.000009578,0.000173124,1
actual,95,195,nb,0,256,512,0.026063947,0.000101812,0.000005731,0.000190326,1
actual,96,196,nb,0,256,512,0.023062294,0.000090087,0.000011431,0.000147606,1
actual,97,197,nb,0,256,512,0.021500547,0.000083987,0.000003847,0.000151344,1
actual,98,198,nb,0,256,512,0.024711629,0.000096530,0.000009478,0.000169717,1
actual,99,199,nb,0,256,512,0.021997900,0.000085929,0.000010449,0.000141064,1
warmup,0,0,nb,0,256,768,0.026758114,0.000104524,0.000009948,0.000179205,1
warmup,1,1,nb,0,256,768,0.024077860,0.000094054,0.000010900,0.000174045,1
warmup,2,2,nb,0,256,768,0.023818011,0.000093039,0.000005521,0.000165961,1
warmup,3,3,nb,0,256,768,0.021673465,0.000084662,0.000005490,0.000157765,1
warmup,4,4,nb,0,256,768,0.022471760,0.000087780,0.000013595,0.000157245,1
warmup,5,5,nb,0,256,768,0.025952544,0.000101377,0.000004378,0.000187180,1
warmup,6,6,nb,0,256,768,0.027250359,0.000106447,0.000005891,0.000180557,1
warmup,7,7,nb,0,256,768,0.024221005,0.000094613,0.000005841,0.000164538,1
warmup,8,8,nb,0,256,768,0.027378030,0.000106945,0.000016551,0.000181379,1
warmup,9,9,nb,0,256,768,0.025214823,0.000098495,0.000005951,0.000183003,1
warmup,10,10,nb,0,256,768,0.022982870,0.000089777,0.000007614,0.000166502,1
warmup,11,11,nb,0,256,768,0.025681758,0.000100319,0.000005861,0.000163075,1
warmup,12,12,nb,0,256,768,0.025179511,0.000098357,0.000009537,0.000186491,1
warmup,13,13,nb,0,256,768,0.022563129,0.000088137,0.000005760,0.000156134,1
warmup,14,14,nb,0,256,768,0.023780610,0.000092893,0.000005611,0.000169248,1
warmup,15,15,nb,0,256,768,0.022254580,0.000086932,0.000003566,0.000166290,1
warmup,16,16,nb,0,256,768,0.028064003,0.000109625,0.000019537,0.000190066,1
warmup,17,17,nb,0,256,768,0.022557144,0.000088114,0.000005590,0.000162333,1
warmup,18,18,nb,0,256,768,0.022691011,0.000088637,0.000004379,0.000162463,1
warmup,19,19,nb,0,256,768,0.022798216,0.000089056,0.000003556,0.000165690,1
warmup,20,20,nb,0,256,768,0.023920009,0.000093438,0.000011431,0.000153869,1
warmup,21,21,nb,0,256,768,0.025103593,0.000098061,0.000005100,0.000157507,1
warmup,22,22,nb,0,256,768,0.027083608,0.000105795,0.000005871,0.000182952,1
warmup,23,23,nb,0,256,768,0.021494375,0.000083962,0.000003517,0.000168056,1
warmup,24,24,nb,0,256,768,0.025078331,0.000097962,0.000005571,0.000168267,1
warmup,25,25,nb,0,256,768,0.021903132,0.000085559,0.000003597,0.000163237,1
warmup,26,26,nb,0,256,768,0.025763816,0.000100640,0.000013605,0.000180868,1
warmup,27,27,nb,0,256,768,0.023883279,0.000093294,0.000005851,0.000169647,1
warmup,28,28,nb,0,256,768,0.026558531,0.000103744,0.000005700,0.000179546,1
warmup,29,29,nb,0,256,768,0.021137124,0.000082567,0.000004408,0.000154761,1
warmup,30,30,nb,0,256,768,0.027260931,0.000106488,0.000005851,0.000184546,1
warmup,31,31,nb,0,256,768,0.022162883,0.000086574,0.000003526,0.000159618,1
warmup,32,32,nb,0,256,768,0.024333382,0.000095052,0.000007514,0.000178135,1
warmup,33,33,nb,0,256,768,0.021212572,0.000082862,0.000003586,0.000149671,1
warmup,34,34,nb,0,256,768,0.025436400,0.000099361,0.000006071,0.000170351,1
warmup,35,35,nb,0,256,768,0.023156504,0.000090455,0.000005350,0.000170960,1
warmup,36,36,nb,0,256,768,0.023810553,0.000093010,0.000009649,0.000166281,1
warmup,37,37,nb,0,256,768,0.021871945,0.000085437,0.000009999,0.000160240,1
warmup,38,38,nb,0,256,768,0.023333492,0.000091146,0.000007554,0.000169678,1
warmup,39,39,nb,0,256,768,0.021744125,0.000084938,0.000003567,0.000158336,1
warmup,40,40,nb,0,256,768,0.027888820,0.000108941,0.000005581,0.000191057,1
warmup,41,41,nb,0,256,768,0.022771635,0.000088952,0.000003566,0.000160791,1
warmup,42,42,nb,0,256,768,0.032480561,0.000126877,0.000010389,0.000210103,1
warmup,43,43,nb,0,256,768,0.022158394,0.000086556,0.000005490,0.000171813,1
warmup,44,44,nb,0,256,768,0.022722322,0.000088759,0.000007444,0.000157666,1
warmup,45,45,nb,0,256,768,0.025178848,0.000098355,0.000005621,0.000181249,1
warmup,46,46,nb,0,256,768,0.025290070,0.000098789,0.000011311,0.000177662,1
warmup,47,47,nb,0,256,768,0.025012866,0.000097707,0.000005490,0.000185397,1
warmup,48,48,nb,0,256,768,0.027778127,0.000108508,0.000005421,0.000190015,1
warmup,49,49,nb,0,256,768,0.022902297,0.000089462,0.000007905,0.000177424,1
warmup,50,50,nb,0,256,768,0.023482151,0.000091727,0.000005581,0.000169789,1
warmup,51,51,nb,0,256,768,0.022747908,0.000088859,0.000003717,0.000145924,1
warmup,52,52,nb,0,256,768,0.026617567,0.000103975,0.000005861,0.000182040,1
warmup,53,53,nb,0,256,768,0.022728077,0.000088782,0.000005551,0.000160111,1
warmup,54,54,nb,0,256,768,0.023832716,0.000093097,0.000009648,0.000166932,1
warmup,55,55,nb,0,256,768,0.023320874,0.000091097,0.000003647,0.000161873,1
warmup,56,56,nb,0,256,768,0.025754404,0.000100603,0.000003837,0.000186098,1
warmup,57,57,nb,0,256,768,0.023708791,0.000092612,0.000003457,0.000180187,1
warmup,58,58,nb,0,256,768,0.023099846,0.000090234,0.000005610,0.000167553,1
warmup,59,59,nb,0,256,768,0.026822628,0.000104776,0.000005751,0.000186619,1
warmup,60,60,nb,0,256,768,0.027294815,0.000106620,0.000005911,0.000192169,1
warmup,61,61,nb,0,256,768,0.020099010,0.000078512,0.000004037,0.000159520,1
warmup,62,62,nb,0,256,768,0.024843646,0.000097045,0.000009508,0.000173163,1
warmup,63,63,nb,0,256,768,0.023070129,0.000090118,0.000003787,0.000163686,1
warmup,64,64,nb,0,256,768,0.025714998,0.000100449,0.000004479,0.000180128,1
warmup,65,65,nb,0,256,768,0.022931457,0.000089576,0.000009487,0.000165850,1
warmup,66,66,nb,0,256,768,0.026305682,0.000102757,0.000005671,0.000180738,1
warmup,67,67,nb,0,256,768,0.022134009,0.000086461,0.000003918,0.000164589,1
warmup,68,68,nb,0,256,768,0.028127854,0.000109874,0.000017794,0.000180758,1
warmup,69,69,nb,0,256,768,0.021217982,0.000082883,0.000003656,0.000163017,1
warmup,70,70,nb,0,256,768,0.023996784,0.000093737,0.000009548,0.000163226,1
warmup,71,71,nb,0,256,768,0.025135176,0.000098184,0.000004599,0.000168706,1
warmup,72,72,nb,0,256,768,0.024682994,0.000096418,0.000007574,0.000182331,1
warmup,73,73,nb,0,256,768,0.027804507,0.000108611,0.000005059,0.000191478,1
warmup,74,74,nb,0,256,768,0.023850357,0.000093165,0.000009468,0.000170849,1
warmup,75,75,nb,0,256,768,0.027479539,0.000107342,0.000009718,0.000191017,1
warmup,76,76,nb,0,256,768,0.025477785,0.000099523,0.000017022,0.000174456,1
warmup,77,77,nb,0,256,768,0.021865484,0.000085412,0.000003707,0.000159118,1
warmup,78,78,nb,0,256,768,0.023295203,0.000090997,0.000005611,0.000175951,1
warmup,79,79,nb,0,256,768,0.022401953,0.000087508,0.000005570,0.000151313,1
warmup,80,80,nb,0,256,768,0.025407786,0.000099249,0.000012574,0.000180910,1
warmup,81,81,nb,0,256,768,0.024135506,0.000094279,0.000004539,0.000187120,1
warmup,82,82,nb,0,256,768,0.027472294,0.000107314,0.000010459,0.000187340,1
warmup,83,83,nb,0,256,768,0.023443714,0.000091577,0.000003938,0.000165600,1
warmup,84,84,nb,0,256,768,0.025085726,0.000097991,0.000005791,0.000170609,1
warmup,85,85,nb,0,256,768,0.025942304,0.000101337,0.000009628,0.000185266,1
warmup,86,86,nb,0,256,768,0.023504951,0.000091816,0.000005701,0.000172152,1
warmup,87,87,nb,0,256,768,0.024765688,0.000096741,0.000007555,0.000173935,1
warmup,88,88,nb,0,256,768,0.024297115,0.000094911,0.000017012,0.000174326,1
warmup,89,89,nb,0,256,768,0.023218165,0.000090696,0.000007484,0.000167303,1
warmup,90,90,nb,0,256,768,0.023013573,0.000089897,0.000003456,0.000196038,1
warmup,91,91,nb,0,256,768,0.024949887,0.000097460,0.000005531,0.000170378,1
warmup,92,92,nb,0,256,768,0.027853376,0.000108802,0.000005721,0.000189925,1
warmup,93,93,nb,0,256,768,0.026394913,0.000103105,0.000005901,0.000186549,1
warmup,94,94,nb,0,256,768,0.027405677,0.000107053,0.000006082,0.000182402,1
warmup,95,95,nb,0,256,768,0.020977759,0.000081944,0.000005080,0.000159418,1
warmup,96,96,nb,0,256,768,0.025667846,0.000100265,0.000017102,0.000172012,1
warmup,97,97,nb,0,256,768,0.026491163,0.000103481,0.000009468,0.000171901,1
warmup,98,98,nb,0,256,768,0.023327906,0.000091125,0.000005781,0.000164459,1
warmup,99,99,nb,0,256,768,0.026057439,0.000101787,0.000005741,0.000189785,1
actual,0,100,nb,0,256,768,0.025879195,0.000101091,0.000011391,0.000186338,1
actual,1,101,nb,0,256,768,0.026985041,0.000105410,0.000011862,0.000183213,1
actual,2,102,nb,0,256,768,0.023201323,0.000090630,0.000007404,0.000161462,1
actual,3,103,nb,0,256,768,0.024842228,0.000097040,0.000014146,0.000170830,1
actual,4,104,nb,0,256,768,0.026573006,0.000103801,0.000005560,0.000186911,1
actual,5,105,nb,0,256,768,0.022872118,0.000089344,0.000007614,0.000152155,1
actual,6,106,nb,0,256,768,0.027630824,0.000107933,0.000007404,0.000188783,1
actual,7,107,nb,0,256,768,0.023760247,0.000092813,0.000005971,0.000163766,1
actual,8,108,nb,0,256,768,0.027673118,0.000108098,0.000005961,0.000181759,1
actual,9,109,nb,0,256,768,0.022223119,0.000086809,0.000007544,0.000159689,1
actual,10,110,nb,0,256,768,0.024108502,0.000094174,0.000011371,0.000168777,1
actual,11,111,nb,0,256,768,0.026128619,0.000102065,0.000005681,0.000166452,1
actual,12,112,nb,0,256,768,0.026438709,0.000103276,0.000010740,0.000184244,1
actual,13,113,nb,0,256,768,0.026602429,0.000103916,0.000005741,0.000179105,1
actual,14,114,nb,0,256,768,0.026807566,0.000104717,0.000012694,0.000183363,1
actual,15,115,nb,0,256,768,0.022868978,0.000089332,0.000003586,0.000165449,1
actual,16,116,nb,0,256,768,0.026425493,0.000103225,0.000010550,0.000187981,1
actual,17,117,nb,0,256,768,0.022852022,0.000089266,0.000009258,0.000146885,1
actual,18,118,nb,0,256,768,0.024440438,0.000095470,0.000009528,0.000174556,1
actual,19,119,nb,0,256,768,0.022063571,0.000086186,0.000007594,0.000148428,1
actual,20,120,nb,0,256,768,0.027774176,0.000108493,0.000008345,0.000184495,1
actual,21,121,nb,0,256,768,0.023221874,0.000090710,0.000014667,0.000163285,1
actual,22,122,nb,0,256,768,0.025386469,0.000099166,0.000020890,0.000173063,1
actual,23,123,nb,0,256,768,0.022643303,0.000088450,0.000008015,0.000165289,1
actual,24,124,nb,0,256,768,0.023560522,0.000092033,0.000009388,0.000161504,1
actual,25,125,nb,0,256,768,0.024556716,0.000095925,0.000005480,0.000177291,1
actual,26,126,nb,0,256,768,0.023845996,0.000093148,0.000012604,0.000150371,1
actual,27,127,nb,0,256,768,0.025820486,0.000100861,0.000008666,0.000168425,1
actual,28,128,nb,0,256,768,0.024418314,0.000095384,0.000005771,0.000169397,1
actual,29,129,nb,0,256,768,0.022473906,0.000087789,0.000006573,0.000176592,1
actual,30,130,nb,0,256,768,0.025635269,0.000100138,0.000013395,0.000171020,1
actual,31,131,nb,0,256,768,0.023467156,0.000091669,0.000005841,0.000166502,1
actual,32,132,nb,0,256,768,0.025584887,0.000099941,0.000015329,0.000183042,1
actual,33,133,nb,0,256,768,0.023794172,0.000092946,0.000003526,0.000170620,1
actual,34,134,nb,0,256,768,0.026763022,0.000104543,0.000004388,0.000188592,1
actual,35,135,nb,0,256,768,0.023109262,0.000090271,0.000007565,0.000163596,1
actual,36,136,nb,0,256,768,0.023497489,0.000091787,0.000005691,0.000173035,1
actual,37,137,nb,0,256,768,0.024624565,0.000096190,0.000007824,0.000175187,1
actual,38,138,nb,0,256,768,0.024128008,0.000094250,0.000015719,0.000163157,1
actual,39,139,nb,0,256,768,0.026750495,0.000104494,0.000011802,0.000184786,1
actual,40,140,nb,0,256,768,0.023873166,0.000093255,0.000005701,0.000174506,1
actual,41,141,nb,0,256,768,0.022097572,0.000086319,0.000007724,0.000163916,1
actual,42,142,nb,0,256,768,0.025742203,0.000100555,0.000012223,0.000184806,1
actual,43,143,nb,0,256,768,0.023731585,0.000092702,0.000005350,0.000171511,1
actual,44,144,nb,0,256,768,0.024097114,0.000094129,0.000007464,0.000200016,1
actual,45,145,nb,0,256,768,0.020867221,0.000081513,0.000005160,0.000164159,1
actual,46,146,nb,0,256,768,0.027894254,0.000108962,0.000019086,0.000183363,1
actual,47,147,nb,0,256,768,0.022615368,0.000088341,0.000003657,0.000162624,1
actual,48,148,nb,0,256,768,0.023721825,0.000092663,0.000007524,0.000152647,1
actual,49,149,nb,0,256,768,0.026426164,0.000103227,0.000009689,0.000180377,1
actual,50,150,nb,0,256,768,0.023317782,0.000091085,0.000011362,0.000172525,1
actual,51,151,nb,0,256,768,0.023247228,0.000090809,0.000003857,0.000159520,1
actual,52,152,nb,0,256,768,0.023245835,0.000090804,0.000005640,0.000161895,1
actual,53,153,nb,0,256,768,0.023829992,0.000093086,0.000007864,0.000174797,1
actual,54,154,nb,0,256,768,0.024608006,0.000096125,0.000013425,0.000165331,1
actual,55,155,nb,0,256,768,0.021819956,0.000085234,0.000003837,0.000162464,1
actual,56,156,nb,0,256,768,0.026377479,0.000103037,0.000012964,0.000186278,1
actual,57,157,nb,0,256,768,0.022599672,0.000088280,0.000003606,0.000166904,1
actual,58,158,nb,0,256,768,0.024400303,0.000095314,0.000011171,0.000167423,1
actual,59,159,nb,0,256,768,0.021803912,0.000085172,0.000005350,0.000167734,1
actual,60,160,nb,0,256,768,0.025533832,0.000099742,0.000009508,0.000176520,1
actual,61,161,nb,0,256,768,0.022721722,0.000088757,0.000003596,0.000165710,1
actual,62,162,nb,0,256,768,0.024268143,0.000094797,0.000009497,0.000166412,1
actual,63,163,nb,0,256,768,0.024820651,0.000096956,0.000007374,0.000181830,1
actual,64,164,nb,0,256,768,0.024254679,0.000094745,0.000010129,0.000169597,1
actual,65,165,nb,0,256,768,0.024226161,0.000094633,0.000010269,0.000166792,1
actual,66,166,nb,0,256,768,0.025914103,0.000101227,0.000005721,0.000186609,1
actual,67,167,nb,0,256,768,0.025859593,0.000101014,0.000005631,0.000178835,1
actual,68,168,nb,0,256,768,0.026828708,0.000104800,0.000005801,0.000182182,1
actual,69,169,nb,0,256,768,0.024720550,0.000096565,0.000005400,0.000181118,1
actual,70,170,nb,0,256,768,0.026204784,0.000102362,0.000012994,0.000186339,1
actual,71,171,nb,0,256,768,0.023466621,0.000091666,0.000004047,0.000166291,1
actual,72,172,nb,0,256,768,0.031950973,0.000124808,0.000012022,0.000206977,1
actual,73,173,nb,0,256,768,0.023829021,0.000093082,0.000006022,0.000175207,1
actual,74,174,nb,0,256,768,0.024696002,0.000096469,0.000015359,0.000172583,1
actual,75,175,nb,0,256,768,0.024279023,0.000094840,0.000004108,0.000187180,1
actual,76,176,nb,0,256,768,0.025008937,0.000097691,0.000015348,0.000170829,1
actual,77,177,nb,0,256,768,0.023321951,0.000091101,0.000003486,0.000170078,1
actual,78,178,nb,0,256,768,0.023447162,0.000091590,0.000005700,0.000164518,1
actual,79,179,nb,0,256,768,0.022270945,0.000086996,0.000004839,0.000167313,1
actual,80,180,nb,0,256,768,0.022817559,0.000089131,0.000011601,0.000174058,1
actual,81,181,nb,0,256,768,0.023333907,0.000091148,0.000003948,0.000154018,1
actual,82,182,nb,0,256,768,0.026398865,0.000103121,0.000004569,0.000185877,1
actual,83,183,nb,0,256,768,0.025091508,0.000098014,0.000003828,0.000181720,1
actual,84,184,nb,0,256,768,0.023308307,0.000091048,0.000005661,0.000157014,1
actual,85,185,nb,0,256,768,0.024088007,0.000094094,0.000004458,0.000181489,1
actual,86,186,nb,0,256,768,0.024275249,0.000094825,0.000010670,0.000171872,1
actual,87,187,nb,0,256,768,0.021938537,0.000085697,0.000003387,0.000158907,1
actual,88,188,nb,0,256,768,0.025154320,0.000098259,0.000009558,0.000178205,1
actual,89,189,nb,0,256,768,0.022286096,0.000087055,0.000003487,0.000154359,1
actual,90,190,nb,0,256,768,0.024428898,0.000095425,0.000006092,0.000168646,1
actual,91,191,nb,0,256,768,0.022055213,0.000086153,0.000005490,0.000156031,1
actual,92,192,nb,0,256,768,0.022979028,0.000089762,0.000013425,0.000156092,1
actual,93,193,nb,0,256,768,0.025045618,0.000097834,0.000005199,0.000184255,1
actual,94,194,nb,0,256,768,0.025784337,0.000100720,0.000009388,0.000197090,1
actual,95,195,nb,0,256,768,0.021435046,0.000083731,0.000003497,0.000150893,1
actual,96,196,nb,0,256,768,0.023511623,0.000091842,0.000007595,0.000159428,1
actual,97,197,nb,0,256,768,0.022413997,0.000087555,0.000005601,0.000161613,1
actual,98,198,nb,0,256,768,0.026381630,0.000103053,0.000012233,0.000173023,1
actual,99,199,nb,0,256,768,0.026552137,0.000103719,0.000005741,0.000191698,1
warmup,0,0,nb,0,256,1024,0.029156071,0.000113891,0.000006192,0.000190797,1
warmup,1,1,nb,0,256,1024,0.027285200,0.000106583,0.000003607,0.000184284,1
warmup,2,2,nb,0,256,1024,0.031067722,0.000121358,0.000004579,0.000206305,1
warmup,3,3,nb,0,256,1024,0.031149862,0.000121679,0.000007935,0.000205535,1
warmup,4,4,nb,0,256,1024,0.030704711,0.000119940,0.000005650,0.000208019,1
warmup,5,5,nb,0,256,1024,0.027830511,0.000108713,0.000007594,0.000188713,1
warmup,6,6,nb,0,256,1024,0.028797993,0.000112492,0.000005801,0.000189284,1
warmup,7,7,nb,0,256,1024,0.026534976,0.000103652,0.000005841,0.000174498,1
warmup,8,8,nb,0,256,1024,0.030913177,0.000120755,0.000005681,0.000202098,1
warmup,9,9,nb,0,256,1024,0.026796738,0.000104675,0.000003768,0.000182321,1
warmup,10,10,nb,0,256,1024,0.028571171,0.000111606,0.000007575,0.000182361,1
warmup,11,11,nb,0,256,1024,0.029873861,0.000116695,0.000005831,0.000201697,1
warmup,12,12,nb,0,256,1024,0.030544821,0.000119316,0.000005671,0.000202398,1
warmup,13,13,nb,0,256,1024,0.028993345,0.000113255,0.000007625,0.000190626,1
warmup,14,14,nb,0,256,1024,0.028962040,0.000113133,0.000017222,0.000191117,1
warmup,15,15,nb,0,256,1024,0.026100457,0.000101955,0.000007755,0.000191761,1
warmup,16,16,nb,0,256,1024,0.030297033,0.000118348,0.000012955,0.000202929,1
warmup,17,17,nb,0,256,1024,0.028098219,0.000109759,0.000003647,0.000192019,1
warmup,18,18,nb,0,256,1024,0.028736043,0.000112250,0.000009588,0.000185237,1
warmup,19,19,nb,0,256,1024,0.027096218,0.000105845,0.000003787,0.000194786,1
warmup,20,20,nb,0,256,1024,0.030498492,0.000119135,0.000014728,0.000205133,1
warmup,21,21,nb,0,256,1024,0.030638703,0.000119682,0.000007905,0.000196518,1
warmup,22,22,nb,0,256,1024,0.029197996,0.000114055,0.000011392,0.000194313,1
warmup,23,23,nb,0,256,1024,0.029111651,0.000113717,0.000004559,0.000207778,1
warmup,24,24,nb,0,256,1024,0.032851375,0.000128326,0.000010490,0.000201727,1
warmup,25,25,nb,0,256,1024,0.028846918,0.000112683,0.000003757,0.000187600,1
warmup,26,26,nb,0,256,1024,0.028705760,0.000112132,0.000005841,0.000199085,1
warmup,27,27,nb,0,256,1024,0.025825056,0.000100879,0.000005730,0.000175478,1
warmup,28,28,nb,0,256,1024,0.031293622,0.000122241,0.000007814,0.000216816,1
warmup,29,29,nb,0,256,1024,0.027808373,0.000108626,0.000006031,0.000194103,1
warmup,30,30,nb,0,256,1024,0.031111424,0.000121529,0.000015199,0.000202859,1
warmup,31,31,nb,0,256,1024,0.025541738,0.000099772,0.000005089,0.000178646,1
warmup,32,32,nb,0,256,1024,0.031580872,0.000123363,0.000004639,0.000204793,1
warmup,33,33,nb,0,256,1024,0.029347972,0.000114641,0.000004629,0.000192871,1
warmup,34,34,nb,0,256,1024,0.032288110,0.000126125,0.000005751,0.000207919,1
warmup,35,35,nb,0,256,1024,0.026853235,0.000104895,0.000007775,0.000181520,1
warmup,36,36,nb,0,256,1024,0.028255009,0.000110371,0.000010870,0.000187841,1
warmup,37,37,nb,0,256,1024,0.026935357,0.000105216,0.000005640,0.000193263,1
warmup,38,38,nb,0,256,1024,0.028491902,0.000111296,0.000010399,0.000180047,1
warmup,39,39,nb,0,256,1024,0.026650792,0.000104105,0.000007704,0.000190658,1
warmup,40,40,nb,0,256,1024,0.032164044,0.000125641,0.000018645,0.000207638,1
warmup,41,41,nb,0,256,1024,0.026904414,0.000105095,0.000005570,0.000190498,1
warmup,42,42,nb,0,256,1024,0.026953657,0.000105288,0.000005621,0.000187320,1
warmup,43,43,nb,0,256,1024,0.026330878,0.000102855,0.000003587,0.000181449,1
warmup,44,44,nb,0,256,1024,0.028372593,0.000110830,0.000009538,0.000198221,1
warmup,45,45,nb,0,256,1024,0.028018841,0.000109449,0.000004559,0.000196747,1
warmup,46,46,nb,0,256,1024,0.028068785,0.000109644,0.000006492,0.000189574,1
warmup,47,47,nb,0,256,1024,0.025583073,0.000099934,0.000003948,0.000194145,1
warmup,48,48,nb,0,256,1024,0.027780925,0.000108519,0.000009689,0.000194545,1
warmup,49,49,nb,0,256,1024,0.025233969,0.000098570,0.000005490,0.000186280,1
warmup,50,50,nb,0,256,1024,0.030241611,0.000118131,0.000005761,0.000200737,1
warmup,51,51,nb,0,256,1024,0.026582042,0.000103836,0.000004609,0.000181301,1
warmup,52,52,nb,0,256,1024,0.029164213,0.000113923,0.000005661,0.000189724,1
warmup,53,53,nb,0,256,1024,0.032448172,0.000126751,0.000014307,0.000219370,1
warmup,54,54,nb,0,256,1024,0.027594925,0.000107793,0.000013365,0.000181642,1
warmup,55,55,nb,0,256,1024,0.026032141,0.000101688,0.000007555,0.000178594,1
warmup,56,56,nb,0,256,1024,0.029979852,0.000117109,0.000011532,0.000202198,1
warmup,57,57,nb,0,256,1024,0.031580027,0.000123359,0.000006322,0.000203030,1
warmup,58,58,nb,0,256,1024,0.031902488,0.000124619,0.000006002,0.000206477,1
warmup,59,59,nb,0,256,1024,0.030642738,0.000119698,0.000009698,0.000198110,1
warmup,60,60,nb,0,256,1024,0.031941076,0.000124770,0.000011191,0.000210223,1
warmup,61,61,nb,0,256,1024,0.026823629,0.000104780,0.000003476,0.000199715,1
warmup,62,62,nb,0,256,1024,0.028099211,0.000109763,0.000007744,0.000193674,1
warmup,63,63,nb,0,256,1024,0.025685187,0.000100333,0.000002845,0.000174627,1
warmup,64,64,nb,0,256,1024,0.030190042,0.000117930,0.000009547,0.000200134,1
warmup,65,65,nb,0,256,1024,0.029932880,0.000116925,0.000009969,0.000193522,1
warmup,66,66,nb,0,256,1024,0.027764893,0.000108457,0.000007635,0.000187671,1
warmup,67,67,nb,0,256,1024,0.027562221,0.000107665,0.000004678,0.000190136,1
warmup,68,68,nb,0,256,1024,0.027616291,0.000107876,0.000005630,0.000178964,1
warmup,69,69,nb,0,256,1024,0.027023639,0.000105561,0.000003807,0.000192932,1
warmup,70,70,nb,0,256,1024,0.031410494,0.000122697,0.000012744,0.000206025,1
warmup,71,71,nb,0,256,1024,0.024584651,0.000096034,0.000002776,0.000180438,1
warmup,72,72,nb,0,256,1024,0.028748133,0.000112297,0.000005941,0.000193564,1
warmup,73,73,nb,0,256,1024,0.030852141,0.000120516,0.000009658,0.000208349,1
warmup,74,74,nb,0,256,1024,0.029922073,0.000116883,0.000006201,0.000197148,1
warmup,75,75,nb,0,256,1024,0.029955156,0.000117012,0.000007514,0.000205665,1
warmup,76,76,nb,0,256,1024,0.029480478,0.000115158,0.000005541,0.000192650,1
warmup,77,77,nb,0,256,1024,0.028248619,0.000110346,0.000005701,0.000185337,1
warmup,78,78,nb,0,256,1024,0.029120311,0.000113751,0.000015550,0.000195185,1
warmup,79,79,nb,0,256,1024,0.025421123,0.000099301,0.000005270,0.000173104,1
warmup,80,80,nb,0,256,1024,0.031106690,0.000121511,0.000014578,0.000206606,1
warmup,81,81,nb,0,256,1024,0.027814729,0.000108651,0.000003787,0.000191097,1
warmup,82,82,nb,0,256,1024,0.028594223,0.000111696,0.000009688,0.000187992,1
warmup,83,83,nb,0,256,1024,0.028211856,0.000110203,0.000006092,0.000200244,1
warmup,84,84,nb,0,256,1024,0.028504539,0.000111346,0.000009648,0.000184886,1
warmup,85,85,nb,0,256,1024,0.029573766,0.000115523,0.000003717,0.000195738,1
warmup,86,86,nb,0,256,1024,0.028904394,0.000112908,0.000005601,0.000218260,1
warmup,87,87,nb,0,256,1024,0.026953308,0.000105286,0.000004358,0.000180369,1
warmup,88,88,nb,0,256,1024,0.030843979,0.000120484,0.000005761,0.000208270,1
warmup,89,89,nb,0,256,1024,0.026825262,0.000104786,0.000003566,0.000187122,1
warmup,90,90,nb,0,256,1024,0.031268060,0.000122141,0.000006192,0.000198251,1
warmup,91,91,nb,0,256,1024,0.028124208,0.000109860,0.000012724,0.000188492,1
warmup,92,92,nb,0,256,1024,0.028384686,0.000110878,0.000011512,0.000183974,1
warmup,93,93,nb,0,256,1024,0.026332488,0.000102861,0.000005541,0.000178463,1
warmup,94,94,nb,0,256,1024,0.028260217,0.000110391,0.000009518,0.000192832,1
warmup,95,95,nb,0,256,1024,0.026825457,0.000104787,0.000005490,0.000178995,1
warmup,96,96,nb,0,256,1024,0.028732514,0.000112236,0.000004719,0.000197399,1
warmup,97,97,nb,0,256,1024,0.027113964,0.000105914,0.000003807,0.000179145,1
warmup,98,98,nb,0,256,1024,0.027565643,0.000107678,0.000009588,0.000182092,1
warmup,99,99,nb,0,256,1024,0.027635562,0.000107951,0.000006241,0.000188555,1
actual,0,100,nb,0,256,1024,0.032177747,0.000125694,0.000005781,0.000212567,1
actual,1,101,nb,0,256,1024,0.025708130,0.000100422,0.000003586,0.000191490,1
actual,2,102,nb,0,256,1024,0.028507357,0.000111357,0.000009578,0.000186007,1
actual,3,103,nb,0,256,1024,0.031847549,0.000124404,0.000007454,0.000208540,1
actual,4,104,nb,0,256,1024,0.028279818,0.000110468,0.000005830,0.000195317,1
actual,5,105,nb,0,256,1024,0.024736581,0.000096627,0.000006973,0.000190088,1
actual,6,106,nb,0,256,1024,0.028577060,0.000111629,0.000007604,0.000187420,1
actual,7,107,nb,0,256,1024,0.028751287,0.000112310,0.000006051,0.000202148,1
actual,8,108,nb,0,256,1024,0.029224941,0.000114160,0.000013335,0.000198243,1
actual,9,109,nb,0,256,1024,0.029177801,0.000113976,0.000009468,0.000198621,1
actual,10,110,nb,0,256,1024,0.028200400,0.000110158,0.000010549,0.000188242,1
actual,11,111,nb,0,256,1024,0.025813814,0.000100835,0.000005701,0.000177482,1
actual,12,112,nb,0,256,1024,0.029608007,0.000115656,0.000006021,0.000201978,1
actual,13,113,nb,0,256,1024,0.027233707,0.000106382,0.000003527,0.000181932,1
actual,14,114,nb,0,256,1024,0.028617448,0.000111787,0.000012203,0.000187911,1
actual,15,115,nb,0,256,1024,0.034066227,0.000133071,0.000012203,0.000210403,1
actual,16,116,nb,0,256,1024,0.030366988,0.000118621,0.000005911,0.000205244,1
actual,17,117,nb,0,256,1024,0.028938087,0.000113039,0.000005781,0.000205043,1
actual,18,118,nb,0,256,1024,0.028060607,0.000109612,0.000005700,0.000180758,1
actual,19,119,nb,0,256,1024,0.028121989,0.000109852,0.000005790,0.000194974,1
actual,20,120,nb,0,256,1024,0.029439892,0.000115000,0.000005771,0.000193993,1
actual,21,121,nb,0,256,1024,0.027801086,0.000108598,0.000005621,0.000182672,1
actual,22,122,nb,0,256,1024,0.027814912,0.000108652,0.000009939,0.000193483,1
actual,23,123,nb,0,256,1024,0.025640310,0.000100157,0.000004488,0.000171771,1
actual,24,124,nb,0,256,1024,0.028531816,0.000111452,0.000012623,0.000183904,1
actual,25,125,nb,0,256,1024,0.029717026,0.000116082,0.000003818,0.000192400,1
actual,26,126,nb,0,256,1024,0.030778322,0.000120228,0.000013295,0.000201116,1
actual,27,127,nb,0,256,1024,0.026343112,0.000102903,0.000003537,0.000181832,1
actual,28,128,nb,0,256,1024,0.031132703,0.000121612,0.000005591,0.000207298,1
actual,29,129,nb,0,256,1024,0.029056610,0.000113502,0.000005670,0.000197830,1
actual,30,130,nb,0,256,1024,0.031209846,0.000121913,0.000005621,0.000206126,1
actual,31,131,nb,0,256,1024,0.025754816,0.000100605,0.000002775,0.000176421,1
actual,32,132,nb,0,256,1024,0.028718100,0.000112180,0.000010329,0.000188622,1
actual,33,133,nb,0,256,1024,0.030024591,0.000117284,0.000005681,0.000199022,1
actual,34,134,nb,0,256,1024,0.028264215,0.000110407,0.000007585,0.000188855,1
actual,35,135,nb,0,256,1024,0.029237526,0.000114209,0.000005420,0.000195766,1
actual,36,136,nb,0,256,1024,0.029583466,0.000115560,0.000012574,0.000195936,1
actual,37,137,nb,0,256,1024,0.028716812,0.000112175,0.000005531,0.000193572,1
actual,38,138,nb,0,256,1024,0.029461124,0.000115083,0.000007624,0.000206947,1
actual,39,139,nb,0,256,1024,0.026475005,0.000103418,0.000003817,0.000171060,1
actual,40,140,nb,0,256,1024,0.030446072,0.000118930,0.000005530,0.000200154,1
actual,41,141,nb,0,256,1024,0.029355409,0.000114670,0.000007634,0.000208169,1
actual,42,142,nb,0,256,1024,0.028904300,0.000112907,0.000005741,0.000189174,1
actual,43,143,nb,0,256,1024,0.026445946,0.000103304,0.000003847,0.000175370,1
actual,44,144,nb,0,256,1024,0.028363896,0.000110796,0.000005770,0.000194365,1
actual,45,145,nb,0,256,1024,0.031156460,0.000121705,0.000007383,0.000199142,1
actual,46,146,nb,0,256,1024,0.031372455,0.000122549,0.000005861,0.000203812,1
actual,47,147,nb,0,256,1024,0.027843649,0.000108764,0.000005591,0.000182592,1
actual,48,148,nb,0,256,1024,0.030669659,0.000119803,0.000020990,0.000189755,1
actual,49,149,nb,0,256,1024,0.026599625,0.000103905,0.000007695,0.000175638,1
actual,50,150,nb,0,256,1024,0.029123401,0.000113763,0.000004729,0.000201658,1
actual,51,151,nb,0,256,1024,0.026357464,0.000102959,0.000005571,0.000171340,1
actual,52,152,nb,0,256,1024,0.029045257,0.000113458,0.000015439,0.000195336,1
actual,53,153,nb,0,256,1024,0.025100124,0.000098047,0.000011521,0.000203353,1
actual,54,154,nb,0,256,1024,0.028509564,0.000111365,0.000011582,0.000193684,1
actual,55,155,nb,0,256,1024,0.026109556,0.000101990,0.000004369,0.000178845,1
actual,56,156,nb,0,256,1024,0.030246806,0.000118152,0.000004408,0.000198371,1
actual,57,157,nb,0,256,1024,0.029802668,0.000116417,0.000010019,0.000189504,1
actual,58,158,nb,0,256,1024,0.026950021,0.000105274,0.000003597,0.000188425,1
actual,59,159,nb,0,256,1024,0.029128164,0.000113782,0.000005771,0.000198942,1
actual,60,160,nb,0,256,1024,0.028860840,0.000112738,0.000015469,0.000179826,1
actual,61,161,nb,0,256,1024,0.027859924,0.000108828,0.000003998,0.000196650,1
actual,62,162,nb,0,256,1024,0.032952117,0.000128719,0.000006161,0.000211448,1
actual,63,163,nb,0,256,1024,0.028630054,0.000111836,0.000005821,0.000192119,1
actual,64,164,nb,0,256,1024,0.026837121,0.000104833,0.000003576,0.000178984,1
actual,65,165,nb,0,256,1024,0.028248179,0.000110344,0.000005180,0.000183643,1
actual,66,166,nb,0,256,1024,0.033553440,0.000131068,0.000006402,0.000214701,1
actual,67,167,nb,0,256,1024,0.026393572,0.000103100,0.000005620,0.000183976,1
actual,68,168,nb,0,256,1024,0.027265245,0.000106505,0.000005600,0.000182852,1
actual,69,169,nb,0,256,1024,0.028505048,0.000111348,0.000004198,0.000193702,1
actual,70,170,nb,0,256,1024,0.032350815,0.000126370,0.000005681,0.000207498,1
actual,71,171,nb,0,256,1024,0.026437269,0.000103271,0.000003546,0.000191560,1
actual,72,172,nb,0,256,1024,0.032396363,0.000126548,0.000009568,0.000220612,1
actual,73,173,nb,0,256,1024,0.028717366,0.000112177,0.000007424,0.000193942,1
actual,74,174,nb,0,256,1024,0.027918377,0.000109056,0.000005571,0.000183314,1
actual,75,175,nb,0,256,1024,0.026689806,0.000104257,0.000003476,0.000182501,1
actual,76,176,nb,0,256,1024,0.031913576,0.000124662,0.000014607,0.000203630,1
actual,77,177,nb,0,256,1024,0.026198257,0.000102337,0.000005371,0.000175508,1
actual,78,178,nb,0,256,1024,0.027773761,0.000108491,0.000007704,0.000192191,1
actual,79,179,nb,0,256,1024,0.030650797,0.000119730,0.000005661,0.000201157,1
actual,80,180,nb,0,256,1024,0.030809533,0.000120350,0.000005952,0.000208821,1
actual,81,181,nb,0,256,1024,0.027951734,0.000109186,0.000012173,0.000183032,1
actual,82,182,nb,0,256,1024,0.035713687,0.000139507,0.000025097,0.000232695,1
actual,83,183,nb,0,256,1024,0.025583516,0.000099936,0.000007554,0.000175169,1
actual,84,184,nb,0,256,1024,0.028140117,0.000109922,0.000013947,0.000186070,1
actual,85,185,nb,0,256,1024,0.027300540,0.000106643,0.000010199,0.000184576,1
actual,86,186,nb,0,256,1024,0.029950380,0.000116994,0.000013455,0.000208069,1
actual,87,187,nb,0,256,1024,0.030088616,0.000117534,0.000007594,0.000207568,1
actual,88,188,nb,0,256,1024,0.028929850,0.000113007,0.000005651,0.000182301,1
actual,89,189,nb,0,256,1024,0.026346218,0.000102915,0.000004999,0.000189426,1
actual,90,190,nb,0,256,1024,0.028612300,0.000111767,0.000005720,0.000190857,1
actual,91,191,nb,0,256,1024,0.027774395,0.000108494,0.000004188,0.000182231,1
actual,92,192,nb,0,256,1024,0.030965111,0.000120957,0.000005921,0.000198191,1
actual,93,193,nb,0,256,1024,0.026169314,0.000102224,0.000003567,0.000176552,1
actual,94,194,nb,0,256,1024,0.027407848,0.000107062,0.000005710,0.000190448,1
actual,95,195,nb,0,256,1024,0.030544259,0.000119314,0.000005801,0.000212317,1
actual,96,196,nb,0,256,1024,0.031885744,0.000124554,0.000007894,0.000206406,1
actual,97,197,nb,0,256,1024,0.030010520,0.000117229,0.000003717,0.000206776,1
actual,98,198,nb,0,256,1024,0.028619455,0.000111795,0.000009538,0.000193481,1
actual,99,199,nb,0,256,1024,0.026697840,0.000104288,0.000003787,0.000180467,1
warmup,0,0,nb,0,256,1536,0.031070828,0.000121370,0.000013145,0.000202488,1
warmup,1,1,nb,0,256,1536,0.028253139,0.000110364,0.000004198,0.000190696,1
warmup,2,2,nb,0,256,1536,0.030413290,0.000118802,0.000005561,0.000199493,1
warmup,3,3,nb,0,256,1536,0.028206773,0.000110183,0.000004058,0.000183884,1
warmup,4,4,nb,0,256,1536,0.028958081,0.000113118,0.000010370,0.000203974,1
warmup,5,5,nb,0,256,1536,0.025755977,0.000100609,0.000007625,0.000176399,1
warmup,6,6,nb,0,256,1536,0.029119195,0.000113747,0.000016962,0.000192600,1
warmup,7,7,nb,0,256,1536,0.030274805,0.000118261,0.000009928,0.000188502,1
warmup,8,8,nb,0,256,1536,0.028050754,0.000109573,0.000010921,0.000187631,1
warmup,9,9,nb,0,256,1536,0.027562046,0.000107664,0.000005981,0.000184474,1
warmup,10,10,nb,0,256,1536,0.029267883,0.000114328,0.000010670,0.000204753,1
warmup,11,11,nb,0,256,1536,0.028018526,0.000109447,0.000005650,0.000199543,1
warmup,12,12,nb,0,256,1536,0.030870031,0.000120586,0.000009608,0.000210864,1
warmup,13,13,nb,0,256,1536,0.027557834,0.000107648,0.000005750,0.000192009,1
warmup,14,14,nb,0,256,1536,0.028734835,0.000112245,0.000018716,0.000190917,1
warmup,15,15,nb,0,256,1536,0.026969483,0.000105350,0.000007454,0.000185768,1
warmup,16,16,nb,0,256,1536,0.031333387,0.000122396,0.000004658,0.000200625,1
warmup,17,17,nb,0,256,1536,0.027564734,0.000107675,0.000004789,0.000194363,1
warmup,18,18,nb,0,256,1536,0.026063560,0.000101811,0.000005500,0.000177141,1
warmup,19,19,nb,0,256,1536,0.026124341,0.000102048,0.000003636,0.000179596,1
warmup,20,20,nb,0,256,1536,0.027897065,0.000108973,0.000011061,0.000195706,1
warmup,21,21,nb,0,256,1536,0.028424366,0.000111033,0.000005791,0.000188953,1
warmup,22,22,nb,0,256,1536,0.026480894,0.000103441,0.000005660,0.000175209,1
warmup,23,23,nb,0,256,1536,0.026221459,0.000102428,0.000007624,0.000181970,1
warmup,24,24,nb,0,256,1536,0.032347819,0.000126359,0.000013645,0.000213639,1
warmup,25,25,nb,0,256,1536,0.028446121,0.000111118,0.000005731,0.000196607,1
warmup,26,26,nb,0,256,1536,0.030503690,0.000119155,0.000005871,0.000202458,1
warmup,27,27,nb,0,256,1536,0.030119781,0.000117655,0.000007744,0.000201026,1
warmup,28,28,nb,0,256,1536,0.028070767,0.000109651,0.000011481,0.000184475,1
warmup,29,29,nb,0,256,1536,0.029780964,0.000116332,0.000007714,0.000199823,1
warmup,30,30,nb,0,256,1536,0.029256426,0.000114283,0.000006252,0.000197048,1
warmup,31,31,nb,0,256,1536,0.027083366,0.000105794,0.000006112,0.000183763,1
warmup,32,32,nb,0,256,1536,0.030771458,0.000120201,0.000004559,0.000193602,1
warmup,33,33,nb,0,256,1536,0.027056451,0.000105689,0.000006151,0.000177424,1
warmup,34,34,nb,0,256,1536,0.029608701,0.000115659,0.000010410,0.000201366,1
warmup,35,35,nb,0,256,1536,0.025795120,0.000100762,0.000010660,0.000172122,1
warmup,36,36,nb,0,256,1536,0.030663677,0.000119780,0.000004489,0.000197018,1
warmup,37,37,nb,0,256,1536,0.026173669,0.000102241,0.000003778,0.000190178,1
warmup,38,38,nb,0,256,1536,0.027707528,0.000108233,0.000009508,0.000181078,1
warmup,39,39,nb,0,256,1536,0.026594205,0.000103884,0.000005680,0.000189815,1
warmup,40,40,nb,0,256,1536,0.031245995,0.000122055,0.000013135,0.000209863,1
warmup,41,41,nb,0,256,1536,0.026761540,0.000104537,0.000009649,0.000178434,1
warmup,42,42,nb,0,256,1536,0.027587108,0.000107762,0.000009538,0.000184956,1
warmup,43,43,nb,0,256,1536,0.027657065,0.000108035,0.000005951,0.000189845,1
warmup,44,44,nb,0,256,1536,0.030654914,0.000119746,0.000012934,0.000198952,1
warmup,45,45,nb,0,256,1536,0.026558283,0.000103743,0.000007595,0.000178674,1
warmup,46,46,nb,0,256,1536,0.029198792,0.000114058,0.000005661,0.000185476,1
warmup,47,47,nb,0,256,1536,0.027113695,0.000105913,0.000008105,0.000183242,1
warmup,48,48,nb,0,256,1536,0.030987492,0.000121045,0.000005871,0.000200946,1
warmup,49,49,nb,0,256,1536,0.027237402,0.000106396,0.000003907,0.000182942,1
warmup,50,50,nb,0,256,1536,0.028768149,0.000112376,0.000013435,0.000193342,1
warmup,51,51,nb,0,256,1536,0.026991109,0.000105434,0.000005922,0.000197269,1
warmup,52,52,nb,0,256,1536,0.027427447,0.000107138,0.000011442,0.000189584,1
warmup,53,53,nb,0,256,1536,0.026692640,0.000104268,0.000002985,0.000179346,1
warmup,54,54,nb,0,256,1536,0.031417648,0.000122725,0.000011111,0.000207288,1
warmup,55,55,nb,0,256,1536,0.024815859,0.000096937,0.000010270,0.000170499,1
warmup,56,56,nb,0,256,1536,0.027494630,0.000107401,0.000005771,0.000182230,1
warmup,57,57,nb,0,256,1536,0.029308592,0.000114487,0.000006031,0.000191999,1
warmup,58,58,nb,0,256,1536,0.029427138,0.000114950,0.000015079,0.000194234,1
warmup,59,59,nb,0,256,1536,0.025776679,0.000100690,0.000007564,0.000170599,1
warmup,60,60,nb,0,256,1536,0.030230877,0.000118089,0.000007995,0.000202318,1
warmup,61,61,nb,0,256,1536,0.028125145,0.000109864,0.000005911,0.000195976,1
warmup,62,62,nb,0,256,1536,0.028676241,0.000112017,0.000010940,0.000194465,1
warmup,63,63,nb,0,256,1536,0.027037919,0.000105617,0.000003817,0.000190517,1
warmup,64,64,nb,0,256,1536,0.027219099,0.000106325,0.000005681,0.000180377,1
warmup,65,65,nb,0,256,1536,0.025267857,0.000098703,0.000005530,0.000178125,1
warmup,66,66,nb,0,256,1536,0.029288174,0.000114407,0.000009658,0.000196838,1
warmup,67,67,nb,0,256,1536,0.030057777,0.000117413,0.000006182,0.000196428,1
warmup,68,68,nb,0,256,1536,0.027555319,0.000107638,0.000009477,0.000189466,1
warmup,69,69,nb,0,256,1536,0.025593356,0.000099974,0.000005270,0.000177484,1
warmup,70,70,nb,0,256,1536,0.027966676,0.000109245,0.000013175,0.000187090,1
warmup,71,71,nb,0,256,1536,0.029133405,0.000113802,0.000005961,0.000204022,1
warmup,72,72,nb,0,256,1536,0.027880443,0.000108908,0.000015329,0.000183743,1
warmup,73,73,nb,0,256,1536,0.029424306,0.000114939,0.000008056,0.000191699,1
warmup,74,74,nb,0,256,1536,0.028338250,0.000110696,0.000005641,0.000186108,1
warmup,75,75,nb,0,256,1536,0.026289899,0.000102695,0.000006192,0.000181990,1
warmup,76,76,nb,0,256,1536,0.031593217,0.000123411,0.000005801,0.000209672,1
warmup,77,77,nb,0,256,1536,0.025946115,0.000101352,0.000009578,0.000169318,1
warmup,78,78,nb,0,256,1536,0.027799007,0.000108590,0.000005921,0.000181730,1
warmup,79,79,nb,0,256,1536,0.026082904,0.000101886,0.000009528,0.000179998,1
warmup,80,80,nb,0,256,1536,0.028163035,0.000110012,0.000005701,0.000195055,1
warmup,81,81,nb,0,256,1536,0.025020183,0.000097735,0.000003927,0.000173116,1
warmup,82,82,nb,0,256,1536,0.027177285,0.000106161,0.000010720,0.000179205,1
warmup,83,83,nb,0,256,1536,0.031860736,0.000124456,0.000014167,0.000210484,1
warmup,84,84,nb,0,256,1536,0.029949416,0.000116990,0.000009969,0.000197930,1
warmup,85,85,nb,0,256,1536,0.024973336,0.000097552,0.000002815,0.000173715,1
warmup,86,86,nb,0,256,1536,0.029737726,0.000116163,0.000011011,0.000194694,1
warmup,87,87,nb,0,256,1536,0.025604337,0.000100017,0.000005069,0.000175638,1
warmup,88,88,nb,0,256,1536,0.033995210,0.000132794,0.000014507,0.000215543,1
warmup,89,89,nb,0,256,1536,0.028847693,0.000112686,0.000006272,0.000210002,1
warmup,90,90,nb,0,256,1536,0.027399676,0.000107030,0.000007494,0.000186471,1
warmup,91,91,nb,0,256,1536,0.029900273,0.000116798,0.000005781,0.000194684,1
warmup,92,92,nb,0,256,1536,0.031081026,0.000121410,0.000004458,0.000200465,1
warmup,93,93,nb,0,256,1536,0.024876920,0.000097175,0.000003937,0.000172503,1
warmup,94,94,nb,0,256,1536,0.027511435,0.000107467,0.000010861,0.000182571,1
warmup,95,95,nb,0,256,1536,0.027036346,0.000105611,0.000004429,0.000188202,1
warmup,96,96,nb,0,256,1536,0.027223140,0.000106340,0.000009457,0.000198200,1
warmup,97,97,nb,0,256,1536,0.028822478,0.000112588,0.000005640,0.000195917,1
warmup,98,98,nb,0,256,1536,0.030187014,0.000117918,0.000006031,0.000201847,1
warmup,99,99,nb,0,256,1536,0.025060331,0.000097892,0.000003576,0.000178054,1
actual,0,100,nb,0,256,1536,0.027258152,0.000106477,0.000006102,0.000183413,1
actual,1,101,nb,0,256,1536,0.030239289,0.000118122,0.000006122,0.000207328,1
actual,2,102,nb,0,256,1536,0.027439516,0.000107186,0.000009618,0.000183012,1
actual,3,103,nb,0,256,1536,0.026041757,0.000101726,0.000003557,0.000176830,1
actual,4,104,nb,0,256,1536,0.028384286,0.000110876,0.000013365,0.000191418,1
actual,5,105,nb,0,256,1536,0.028445177,0.000111114,0.000006071,0.000191679,1
actual,6,106,nb,0,256,1536,0.027025706,0.000105569,0.000011512,0.000181059,1
actual,7,107,nb,0,256,1536,0.026934964,0.000105215,0.000008176,0.000185447,1
actual,8,108,nb,0,256,1536,0.026906263,0.000105103,0.000009428,0.000179596,1
actual,9,109,nb,0,256,1536,0.026790318,0.000104650,0.000004809,0.000182031,1
actual,10,110,nb,0,256,1536,0.029428065,0.000114953,0.000013555,0.000194475,1
actual,11,111,nb,0,256,1536,0.030256997,0.000118191,0.000009978,0.000200265,1
actual,12,112,nb,0,256,1536,0.031792196,0.000124188,0.000005801,0.000207779,1
actual,13,113,nb,0,256,1536,0.026659750,0.000104140,0.000003487,0.000188102,1
actual,14,114,nb,0,256,1536,0.029495660,0.000115217,0.000011451,0.000201336,1
actual,15,115,nb,0,256,1536,0.030432495,0.000118877,0.000007454,0.000211014,1
actual,16,116,nb,0,256,1536,0.030636623,0.000119674,0.000006141,0.000195396,1
actual,17,117,nb,0,256,1536,0.026078866,0.000101871,0.000003697,0.000188735,1
actual,18,118,nb,0,256,1536,0.030584810,0.000119472,0.000005650,0.000204333,1
actual,19,119,nb,0,256,1536,0.026508036,0.000103547,0.000009538,0.000186190,1
actual,20,120,nb,0,256,1536,0.026540535,0.000103674,0.000003616,0.000178954,1
actual,21,121,nb,0,256,1536,0.025473773,0.000099507,0.000003527,0.000174348,1
actual,22,122,nb,0,256,1536,0.028276957,0.000110457,0.000015279,0.000182291,1
actual,23,123,nb,0,256,1536,0.029386524,0.000114791,0.000006191,0.000194985,1
actual,24,124,nb,0,256,1536,0.030084381,0.000117517,0.000021701,0.000188162,1
actual,25,125,nb,0,256,1536,0.029181625,0.000113991,0.000006182,0.000181961,1
actual,26,126,nb,0,256,1536,0.029110989,0.000113715,0.000005711,0.000190947,1
actual,27,127,nb,0,256,1536,0.026081238,0.000101880,0.000003626,0.000173445,1
actual,28,128,nb,0,256,1536,0.026784672,0.000104628,0.000007574,0.000193504,1
actual,29,129,nb,0,256,1536,0.028961685,0.000113132,0.000006121,0.000200295,1
actual,30,130,nb,0,256,1536,0.030054082,0.000117399,0.000018816,0.000201396,1
actual,31,131,nb,0,256,1536,0.028226019,0.000110258,0.000006241,0.000201187,1
actual,32,132,nb,0,256,1536,0.026574861,0.000103808,0.000007634,0.000186731,1
actual,33,133,nb,0,256,1536,0.027851637,0.000108795,0.000004728,0.000200234,1
actual,34,134,nb,0,256,1536,0.032228903,0.000125894,0.000006542,0.000212908,1
actual,35,135,nb,0,256,1536,0.027479290,0.000107341,0.000005651,0.000192319,1
actual,36,136,nb,0,256,1536,0.026605256,0.000103927,0.000010630,0.000175348,1
actual,37,137,nb,0,256,1536,0.028488167,0.000111282,0.000005791,0.000198651,1
actual,38,138,nb,0,256,1536,0.027078548,0.000105776,0.000009548,0.000200818,1
actual,39,139,nb,0,256,1536,0.025981484,0.000101490,0.000003607,0.000189647,1
actual,40,140,nb,0,256,1536,0.029619566,0.000115701,0.000017002,0.000196477,1
actual,41,141,nb,0,256,1536,0.024624554,0.000096190,0.000003516,0.000172375,1
actual,42,142,nb,0,256,1536,0.032181515,0.000125709,0.000020509,0.000199473,1
actual,43,143,nb,0,256,1536,0.025232143,0.000098563,0.000003567,0.000172603,1
actual,44,144,nb,0,256,1536,0.027912995,0.000109035,0.000010710,0.000182331,1
actual,45,145,nb,0,256,1536,0.025953869,0.000101382,0.000004017,0.000178403,1
actual,46,146,nb,0,256,1536,0.029332182,0.000114579,0.000014658,0.000206606,1
actual,47,147,nb,0,256,1536,0.028373733,0.000110835,0.000004588,0.000189424,1
actual,48,148,nb,0,256,1536,0.030788047,0.000120266,0.000008376,0.000200836,1
actual,49,149,nb,0,256,1536,0.026530750,0.000103636,0.000005590,0.000177061,1
actual,50,150,nb,0,256,1536,0.027729157,0.000108317,0.000008005,0.000188272,1
actual,51,151,nb,0,256,1536,0.025576148,0.000099907,0.000005690,0.000175269,1
actual,52,152,nb,0,256,1536,0.027609234,0.000107849,0.000011522,0.000190097,1
actual,53,153,nb,0,256,1536,0.027193837,0.000106226,0.000011422,0.000190796,1
actual,54,154,nb,0,256,1536,0.029639483,0.000115779,0.000012553,0.000193772,1
actual,55,155,nb,0,256,1536,0.026303146,0.000102747,0.000005049,0.000180430,1
actual,56,156,nb,0,256,1536,0.031083445,0.000121420,0.000006182,0.000203120,1
actual,57,157,nb,0,256,1536,0.028825586,0.000112600,0.000005851,0.000194404,1
actual,58,158,nb,0,256,1536,0.027173733,0.000106147,0.000009448,0.000192793,1
actual,59,159,nb,0,256,1536,0.026995656,0.000105452,0.000006061,0.000181940,1
actual,60,160,nb,0,256,1536,0.027930929,0.000109105,0.000009578,0.000188012,1
actual,61,161,nb,0,256,1536,0.026513290,0.000103568,0.000003496,0.000176440,1
actual,62,162,nb,0,256,1536,0.028463850,0.000111187,0.000010500,0.000183934,1
actual,63,163,nb,0,256,1536,0.028791253,0.000112466,0.000007765,0.000203561,1
actual,64,164,nb,0,256,1536,0.029538961,0.000115387,0.000011461,0.000193231,1
actual,65,165,nb,0,256,1536,0.026607088,0.000103934,0.000004469,0.000182191,1
actual,66,166,nb,0,256,1536,0.028973985,0.000113180,0.000010590,0.000194303,1
actual,67,167,nb,0,256,1536,0.026154068,0.000102164,0.000005670,0.000187091,1
actual,68,168,nb,0,256,1536,0.031099818,0.000121484,0.000012263,0.000204222,1
actual,69,169,nb,0,256,1536,0.028513154,0.000111380,0.000007845,0.000193682,1
actual,70,170,nb,0,256,1536,0.029639471,0.000115779,0.000005571,0.000202328,1
actual,71,171,nb,0,256,1536,0.025565426,0.000099865,0.000005631,0.000189717,1
actual,72,172,nb,0,256,1536,0.031607208,0.000123466,0.000005992,0.000211175,1
actual,73,173,nb,0,256,1536,0.025775164,0.000100684,0.000009648,0.000173126,1
actual,74,174,nb,0,256,1536,0.031410558,0.000122697,0.000011772,0.000210643,1
actual,75,175,nb,0,256,1536,0.025569369,0.000099880,0.000003797,0.000181459,1
actual,76,176,nb,0,256,1536,0.029708123,0.000116047,0.000009178,0.000203581,1
actual,77,177,nb,0,256,1536,0.026840591,0.000104846,0.000004198,0.000185237,1
actual,78,178,nb,0,256,1536,0.026424632,0.000103221,0.000005971,0.000183495,1
actual,79,179,nb,0,256,1536,0.029512587,0.000115284,0.000006142,0.000195927,1
actual,80,180,nb,0,256,1536,0.029095458,0.000113654,0.000011482,0.000197420,1
actual,81,181,nb,0,256,1536,0.025627779,0.000100109,0.000003607,0.000185518,1
actual,82,182,nb,0,256,1536,0.027799029,0.000108590,0.000009508,0.000178624,1
actual,83,183,nb,0,256,1536,0.026817774,0.000104757,0.000005711,0.000184986,1
actual,84,184,nb,0,256,1536,0.034584250,0.000135095,0.000024646,0.000219340,1
actual,85,185,nb,0,256,1536,0.025479837,0.000099531,0.000003928,0.000168866,1
actual,86,186,nb,0,256,1536,0.028525137,0.000111426,0.000015409,0.000185637,1
actual,87,187,nb,0,256,1536,0.025629525,0.000100115,0.000004879,0.000182804,1
actual,88,188,nb,0,256,1536,0.030142611,0.000117745,0.000006051,0.000208009,1
actual,89,189,nb,0,256,1536,0.030083766,0.000117515,0.000013886,0.000200365,1
actual,90,190,nb,0,256,1536,0.031260739,0.000122112,0.000005781,0.000202909,1
actual,91,191,nb,0,256,1536,0.025937345,0.000101318,0.000005661,0.000174087,1
actual,92,192,nb,0,256,1536,0.030505990,0.000119164,0.000006081,0.000198001,1
actual,93,193,nb,0,256,1536,0.029909320,0.000116833,0.000004057,0.000203401,1
actual,94,194,nb,0,256,1536,0.026174186,0.000102243,0.000003647,0.000194525,1
actual,95,195,nb,0,256,1536,0.026413250,0.000103177,0.000009679,0.000176971,1
actual,96,196,nb,0,256,1536,0.028784419,0.000112439,0.000013355,0.000191458,1
actual,97,197,nb,0,256,1536,0.026625399,0.000104005,0.000003807,0.000183976,1
actual,98,198,nb,0,256,1536,0.029614824,0.000115683,0.000006292,0.000196978,1
actual,99,199,nb,0,256,1536,0.026460742,0.000103362,0.000007855,0.000183874,1
warmup,0,0,nb,0,256,2048,0.028630132,0.000111836,0.000005891,0.000185396,1
warmup,1,1,nb,0,256,2048,0.026381920,0.000103054,0.000005761,0.000178493,1
warmup,2,2,nb,0,256,2048,0.028487443,0.000111279,0.000015279,0.000183684,1
warmup,3,3,nb,0,256,2048,0.030825405,0.000120412,0.000005410,0.000209652,1
warmup,4,4,nb,0,256,2048,0.029891691,0.000116764,0.000009468,0.000202598,1
warmup,5,5,nb,0,256,2048,0.026383106,0.000103059,0.000003447,0.000191438,1
warmup,6,6,nb,0,256,2048,0.029353954,0.000114664,0.000006252,0.000196187,1
warmup,7,7,nb,0,256,2048,0.027193712,0.000106225,0.000017924,0.000180718,1
warmup,8,8,nb,0,256,2048,0.031075608,0.000121389,0.000014798,0.000209362,1
warmup,9,9,nb,0,256,2048,0.025965042,0.000101426,0.000005550,0.000172362,1
warmup,10,10,nb,0,256,2048,0.032006666,0.000125026,0.000006302,0.000205284,1
warmup,11,11,nb,0,256,2048,0.027131475,0.000105982,0.000006312,0.000184685,1
warmup,12,12,nb,0,256,2048,0.027250928,0.000106449,0.000009598,0.000192209,1
warmup,13,13,nb,0,256,2048,0.026204462,0.000102361,0.000007764,0.000179977,1
warmup,14,14,nb,0,256,2048,0.030932626,0.000120831,0.000005961,0.000199173,1
warmup,15,15,nb,0,256,2048,0.028717126,0.000112176,0.000006072,0.000199824,1
warmup,16,16,nb,0,256,2048,0.030853530,0.000120522,0.000013285,0.000202809,1
warmup,17,17,nb,0,256,2048,0.025263883,0.000098687,0.000004008,0.000173816,1
warmup,18,18,nb,0,256,2048,0.028208858,0.000110191,0.000011742,0.000181820,1
warmup,19,19,nb,0,256,2048,0.029560755,0.000115472,0.000008005,0.000196577,1
warmup,20,20,nb,0,256,2048,0.030416228,0.000118813,0.000015048,0.000203761,1
warmup,21,21,nb,0,256,2048,0.025797525,0.000100772,0.000003767,0.000177081,1
warmup,22,22,nb,0,256,2048,0.030853554,0.000120522,0.000005871,0.000209041,1
warmup,23,23,nb,0,256,2048,0.026291846,0.000102703,0.000007925,0.000178002,1
warmup,24,24,nb,0,256,2048,0.028603875,0.000111734,0.000015018,0.000187801,1
warmup,25,25,nb,0,256,2048,0.026289724,0.000102694,0.000003707,0.000178213,1
warmup,26,26,nb,0,256,2048,0.033999270,0.000132810,0.000018314,0.000222737,1
warmup,27,27,nb,0,256,2048,0.024887741,0.000097218,0.000005721,0.000188745,1
warmup,28,28,nb,0,256,2048,0.028387840,0.000110890,0.000013575,0.000201949,1
warmup,29,29,nb,0,256,2048,0.028639751,0.000111874,0.000008165,0.000195346,1
warmup,30,30,nb,0,256,2048,0.030626429,0.000119634,0.000013545,0.000208830,1
warmup,31,31,nb,0,256,2048,0.028960007,0.000113125,0.000008216,0.000195987,1
warmup,32,32,nb,0,256,2048,0.028327983,0.000110656,0.000006222,0.000188273,1
warmup,33,33,nb,0,256,2048,0.025760334,0.000100626,0.000005320,0.000172031,1
warmup,34,34,nb,0,256,2048,0.030362047,0.000118602,0.000012083,0.000207448,1
warmup,35,35,nb,0,256,2048,0.027862559,0.000108838,0.000003757,0.000179656,1
warmup,36,36,nb,0,256,2048,0.030847750,0.000120499,0.000004719,0.000204903,1
warmup,37,37,nb,0,256,2048,0.025447168,0.000099403,0.000007914,0.000174396,1
warmup,38,38,nb,0,256,2048,0.027608283,0.000107845,0.000009548,0.000183123,1
warmup,39,39,nb,0,256,2048,0.028569327,0.000111599,0.000009909,0.000194874,1
warmup,40,40,nb,0,256,2048,0.029768073,0.000116282,0.000011141,0.000193183,1
warmup,41,41,nb,0,256,2048,0.029978932,0.000117105,0.000006011,0.000197890,1
warmup,42,42,nb,0,256,2048,0.030631673,0.000119655,0.000007885,0.000199824,1
warmup,43,43,nb,0,256,2048,0.026797318,0.000104677,0.000005811,0.000184344,1
warmup,44,44,nb,0,256,2048,0.027368085,0.000106907,0.000011401,0.000186278,1
warmup,45,45,nb,0,256,2048,0.028823940,0.000112594,0.000006021,0.000194423,1
warmup,46,46,nb,0,256,2048,0.027545699,0.000107600,0.000009497,0.000193143,1
warmup,47,47,nb,0,256,2048,0.026863193,0.000104934,0.000010069,0.000191139,1
warmup,48,48,nb,0,256,2048,0.027151315,0.000106060,0.000005671,0.000188735,1
warmup,49,49,nb,0,256,2048,0.027482619,0.000107354,0.000008055,0.000195004,1
warmup,50,50,nb,0,256,2048,0.027508060,0.000107453,0.000015159,0.000181390,1
warmup,51,51,nb,0,256,2048,0.030308715,0.000118393,0.000003236,0.000203621,1
warmup,52,52,nb,0,256,2048,0.029723399,0.000116107,0.000006141,0.000198341,1
warmup,53,53,nb,0,256,2048,0.028077694,0.000109678,0.000006202,0.000195806,1
warmup,54,54,nb,0,256,2048,0.027217061,0.000106317,0.000009388,0.000184607,1
warmup,55,55,nb,0,256,2048,0.026650912,0.000104105,0.000009889,0.000191889,1
warmup,56,56,nb,0,256,2048,0.031214669,0.000121932,0.000006352,0.000202017,1
warmup,57,57,nb,0,256,2048,0.024600225,0.000096095,0.000003467,0.000175488,1
warmup,58,58,nb,0,256,2048,0.027581387,0.000107740,0.000013015,0.000183082,1
warmup,59,59,nb,0,256,2048,0.026289669,0.000102694,0.000005751,0.000183244,1
warmup,60,60,nb,0,256,2048,0.026883776,0.000105015,0.000007754,0.000181341,1
warmup,61,61,nb,0,256,2048,0.029192104,0.000114032,0.000004809,0.000192750,1
warmup,62,62,nb,0,256,2048,0.031247159,0.000122059,0.000009448,0.000211325,1
warmup,63,63,nb,0,256,2048,0.027770180,0.000108477,0.000005992,0.000194113,1
warmup,64,64,nb,0,256,2048,0.031160642,0.000121721,0.000012434,0.000211846,1
warmup,65,65,nb,0,256,2048,0.025150488,0.000098244,0.000003576,0.000176241,1
warmup,66,66,nb,0,256,2048,0.028653856,0.000111929,0.000009558,0.000192480,1
warmup,67,67,nb,0,256,2048,0.027254615,0.000106463,0.000003797,0.000182521,1
warmup,68,68,nb,0,256,2048,0.029019933,0.000113359,0.000017163,0.000185687,1
warmup,69,69,nb,0,256,2048,0.025874927,0.000101074,0.000003818,0.000173915,1
warmup,70,70,nb,0,256,2048,0.030220298,0.000118048,0.000013074,0.000200595,1
warmup,71,71,nb,0,256,2048,0.030382662,0.000118682,0.000005871,0.000191538,1
warmup,72,72,nb,0,256,2048,0.030876376,0.000120611,0.000006072,0.000200094,1
warmup,73,73,nb,0,256,2048,0.026346436,0.000102916,0.000005590,0.000185299,1
warmup,74,74,nb,0,256,2048,0.029996606,0.000117174,0.000006091,0.000197449,1
warmup,75,75,nb,0,256,2048,0.025164502,0.000098299,0.000005440,0.000175941,1
warmup,76,76,nb,0,256,2048,0.028892050,0.000112860,0.000012975,0.000178904,1
warmup,77,77,nb,0,256,2048,0.030455781,0.000118968,0.000008546,0.000198321,1
warmup,78,78,nb,0,256,2048,0.026744784,0.000104472,0.000007585,0.000190478,1
warmup,79,79,nb,0,256,2048,0.028033798,0.000109507,0.000005871,0.000191608,1
warmup,80,80,nb,0,256,2048,0.027006829,0.000105495,0.000011482,0.000178574,1
warmup,81,81,nb,0,256,2048,0.030188113,0.000117922,0.000006201,0.000213229,1
warmup,82,82,nb,0,256,2048,0.026688426,0.000104252,0.000011161,0.000180117,1
warmup,83,83,nb,0,256,2048,0.028536934,0.000111472,0.000006091,0.000188392,1
warmup,84,84,nb,0,256,2048,0.028583855,0.000111656,0.000005992,0.000191388,1
warmup,85,85,nb,0,256,2048,0.026009856,0.000101601,0.000005741,0.000174086,1
warmup,86,86,nb,0,256,2048,0.030346285,0.000118540,0.000009969,0.000209071,1
warmup,87,87,nb,0,256,2048,0.028987605,0.000113233,0.000003927,0.000186929,1
warmup,88,88,nb,0,256,2048,0.030414748,0.000118808,0.000013406,0.000200545,1
warmup,89,89,nb,0,256,2048,0.026400628,0.000103127,0.000010400,0.000197882,1
warmup,90,90,nb,0,256,2048,0.027290923,0.000106605,0.000006012,0.000185206,1
warmup,91,91,nb,0,256,2048,0.025917161,0.000101239,0.000003717,0.000177804,1
warmup,92,92,nb,0,256,2048,0.028907336,0.000112919,0.000015219,0.000197249,1
warmup,93,93,nb,0,256,2048,0.027650540,0.000108010,0.000004067,0.000184324,1
warmup,94,94,nb,0,256,2048,0.030924188,0.000120798,0.000005841,0.000205905,1
warmup,95,95,nb,0,256,2048,0.027652246,0.000108017,0.000004668,0.000201727,1
warmup,96,96,nb,0,256,2048,0.029660327,0.000115861,0.000008175,0.000202729,1
warmup,97,97,nb,0,256,2048,0.028443147,0.000111106,0.000003977,0.000201116,1
warmup,98,98,nb,0,256,2048,0.030599546,0.000119529,0.000011812,0.000204032,1
warmup,99,99,nb,0,256,2048,0.026729749,0.000104413,0.000015169,0.000177051,1
actual,0,100,nb,0,256,2048,0.027805082,0.000108614,0.000015309,0.000189814,1
actual,1,101,nb,0,256,2048,0.029289000,0.000114410,0.000006072,0.000200134,1
actual,2,102,nb,0,256,2048,0.029542529,0.000115401,0.000015710,0.000201487,1
actual,3,103,nb,0,256,2048,0.026822532,0.000104776,0.000006121,0.000189494,1
actual,4,104,nb,0,256,2048,0.031957743,0.000124835,0.000006001,0.000197459,1
actual,5,105,nb,0,256,2048,0.026304047,0.000102750,0.000003607,0.000188202,1
actual,6,106,nb,0,256,2048,0.028464792,0.000111191,0.000014788,0.000194586,1
actual,7,107,nb,0,256,2048,0.029148817,0.000113863,0.000006142,0.000198301,1
actual,8,108,nb,0,256,2048,0.028411140,0.000110981,0.000013194,0.000186749,1
actual,9,109,nb,0,256,2048,0.028342275,0.000110712,0.000005630,0.000189975,1
actual,10,110,nb,0,256,2048,0.027348883,0.000106832,0.000013605,0.000181360,1
actual,11,111,nb,0,256,2048,0.026434679,0.000103260,0.000007754,0.000178434,1
actual,12,112,nb,0,256,2048,0.028296713,0.000110534,0.000007654,0.000194454,1
actual,13,113,nb,0,256,2048,0.029641391,0.000115787,0.000011722,0.000199713,1
actual,14,114,nb,0,256,2048,0.030598103,0.000119524,0.000007975,0.000201186,1
actual,15,115,nb,0,256,2048,0.025790826,0.000100745,0.000007635,0.000185309,1
actual,16,116,nb,0,256,2048,0.030004329,0.000117204,0.000005901,0.000245422,1
actual,17,117,nb,0,256,2048,0.025282247,0.000098759,0.000006493,0.000177812,1
actual,18,118,nb,0,256,2048,0.033056621,0.000129127,0.000005730,0.000201727,1
actual,19,119,nb,0,256,2048,0.028614918,0.000111777,0.000006322,0.000192981,1
actual,20,120,nb,0,256,2048,0.027375790,0.000106937,0.000011191,0.000177872,1
actual,21,121,nb,0,256,2048,0.026250702,0.000102542,0.000008035,0.000180277,1
actual,22,122,nb,0,256,2048,0.029884087,0.000116735,0.000013426,0.000191518,1
actual,23,123,nb,0,256,2048,0.025840453,0.000100939,0.000007594,0.000174837,1
actual,24,124,nb,0,256,2048,0.029115361,0.000113732,0.000011542,0.000203111,1
actual,25,125,nb,0,256,2048,0.025853008,0.000100988,0.000010640,0.000177803,1
actual,26,126,nb,0,256,2048,0.028075687,0.000109671,0.000004959,0.000195977,1
actual,27,127,nb,0,256,2048,0.026812762,0.000104737,0.000003787,0.000185817,1
actual,28,128,nb,0,256,2048,0.027553753,0.000107632,0.000012834,0.000187751,1
actual,29,129,nb,0,256,2048,0.030103929,0.000117593,0.000003817,0.000195315,1
actual,30,130,nb,0,256,2048,0.030003469,0.000117201,0.000010499,0.000196959,1
actual,31,131,nb,0,256,2048,0.025203820,0.000098452,0.000005931,0.000209604,1
actual,32,132,nb,0,256,2048,0.031079629,0.000121405,0.000006192,0.000205615,1
actual,33,133,nb,0,256,2048,0.026762097,0.000104539,0.000003577,0.000176099,1
actual,34,134,nb,0,256,2048,0.029645230,0.000115802,0.000013325,0.000199233,1
actual,35,135,nb,0,256,2048,0.027033278,0.000105599,0.000004689,0.000187340,1
actual,36,136,nb,0,256,2048,0.027095693,0.000105843,0.000010930,0.000177592,1
actual,37,137,nb,0,256,2048,0.029404023,0.000114859,0.000006101,0.000195646,1
actual,38,138,nb,0,256,2048,0.026263294,0.000102591,0.000005561,0.000175748,1
actual,39,139,nb,0,256,2048,0.026010101,0.000101602,0.000003637,0.000189314,1
actual,40,140,nb,0,256,2048,0.030333512,0.000118490,0.000011051,0.000200856,1
actual,41,141,nb,0,256,2048,0.028123626,0.000109858,0.000006031,0.000189775,1
actual,42,142,nb,0,256,2048,0.027140285,0.000106017,0.000013336,0.000182663,1
actual,43,143,nb,0,256,2048,0.027768032,0.000108469,0.000005911,0.000183202,1
actual,44,144,nb,0,256,2048,0.031842612,0.000124385,0.000014727,0.000205013,1
actual,45,145,nb,0,256,2048,0.029643661,0.000115796,0.000006432,0.000202318,1
actual,46,146,nb,0,256,2048,0.030657054,0.000119754,0.000006241,0.000204412,1
actual,47,147,nb,0,256,2048,0.025933207,0.000101302,0.000005811,0.000176520,1
actual,48,148,nb,0,256,2048,0.031362364,0.000122509,0.000011291,0.000209942,1
actual,49,149,nb,0,256,2048,0.029333010,0.000114582,0.000005480,0.000196277,1
actual,50,150,nb,0,256,2048,0.029976752,0.000117097,0.000013395,0.000198992,1
actual,51,151,nb,0,256,2048,0.028715299,0.000112169,0.000005751,0.000189314,1
actual,52,152,nb,0,256,2048,0.031357037,0.000122488,0.000006182,0.000204913,1
actual,53,153,nb,0,256,2048,0.030976261,0.000121001,0.000006102,0.000208099,1
actual,54,154,nb,0,256,2048,0.029872474,0.000116689,0.000006021,0.000206376,1
actual,55,155,nb,0,256,2048,0.025495097,0.000099590,0.000006262,0.000175548,1
actual,56,156,nb,0,256,2048,0.028497529,0.000111318,0.000005771,0.000196948,1
actual,57,157,nb,0,256,2048,0.027562834,0.000107667,0.000008216,0.000184705,1
actual,58,158,nb,0,256,2048,0.027585270,0.000107755,0.000008105,0.000190747,1
actual,59,159,nb,0,256,2048,0.025456802,0.000099441,0.000003777,0.000168895,1
actual,60,160,nb,0,256,2048,0.029567991,0.000115500,0.000007704,0.000193382,1
actual,61,161,nb,0,256,2048,0.031415762,0.000122718,0.000008546,0.000201237,1
actual,62,162,nb,0,256,2048,0.029907887,0.000116828,0.000007915,0.000204773,1
actual,63,163,nb,0,256,2048,0.025513398,0.000099662,0.000003487,0.000172883,1
actual,64,164,nb,0,256,2048,0.027841957,0.000108758,0.000013695,0.000187791,1
actual,65,165,nb,0,256,2048,0.030907212,0.000120731,0.000008296,0.000214561,1
actual,66,166,nb,0,256,2048,0.027939181,0.000109137,0.000013315,0.000180879,1
actual,67,167,nb,0,256,2048,0.027095379,0.000105841,0.000006171,0.000174787,1
actual,68,168,nb,0,256,2048,0.030600711,0.000119534,0.000006042,0.000200024,1
actual,69,169,nb,0,256,2048,0.026222125,0.000102430,0.000007734,0.000175157,1
actual,70,170,nb,0,256,2048,0.027553929,0.000107633,0.000007544,0.000188222,1
actual,71,171,nb,0,256,2048,0.028626341,0.000111822,0.000006272,0.000192911,1
actual,72,172,nb,0,256,2048,0.029418260,0.000114915,0.000006051,0.000199453,1
actual,73,173,nb,0,256,2048,0.027733114,0.000108332,0.000005941,0.000199754,1
actual,74,174,nb,0,256,2048,0.028121667,0.000109850,0.000009658,0.000183483,1
actual,75,175,nb,0,256,2048,0.024316068,0.000094985,0.000004609,0.000174037,1
actual,76,176,nb,0,256,2048,0.029039904,0.000113437,0.000010980,0.000190957,1
actual,77,177,nb,0,256,2048,0.029502800,0.000115245,0.000010320,0.000201557,1
actual,78,178,nb,0,256,2048,0.030651706,0.000119733,0.000010139,0.000206737,1
actual,79,179,nb,0,256,2048,0.026214265,0.000102399,0.000004829,0.000178063,1
actual,80,180,nb,0,256,2048,0.029079694,0.000113593,0.000006332,0.000196840,1
actual,81,181,nb,0,256,2048,0.026846148,0.000104868,0.000014738,0.000185256,1
actual,82,182,nb,0,256,2048,0.033901540,0.000132428,0.000019917,0.000217377,1
actual,83,183,nb,0,256,2048,0.026262460,0.000102588,0.000005641,0.000180960,1
actual,84,184,nb,0,256,2048,0.027704438,0.000108220,0.000011482,0.000181729,1
actual,85,185,nb,0,256,2048,0.026928027,0.000105188,0.000003676,0.000184407,1
actual,86,186,nb,0,256,2048,0.026897846,0.000105070,0.000009928,0.000183383,1
actual,87,187,nb,0,256,2048,0.030112218,0.000117626,0.000012003,0.000202218,1
actual,88,188,nb,0,256,2048,0.029676381,0.000115923,0.000009648,0.000205324,1
actual,89,189,nb,0,256,2048,0.029002365,0.000113290,0.000009268,0.000197279,1
actual,90,190,nb,0,256,2048,0.030747978,0.000120109,0.000012835,0.000212387,1
actual,91,191,nb,0,256,2048,0.030504746,0.000119159,0.000007464,0.000204072,1
actual,92,192,nb,0,256,2048,0.028277882,0.000110460,0.000009568,0.000183062,1
actual,93,193,nb,0,256,2048,0.026145054,0.000102129,0.000003687,0.000179838,1
actual,94,194,nb,0,256,2048,0.028369455,0.000110818,0.000006121,0.000186048,1
actual,95,195,nb,0,256,2048,0.025514161,0.000099665,0.000003506,0.000175198,1
actual,96,196,nb,0,256,2048,0.028817582,0.000112569,0.000013405,0.000201689,1
actual,97,197,nb,0,256,2048,0.025890901,0.000101136,0.000012553,0.000177424,1
actual,98,198,nb,0,256,2048,0.031244769,0.000122050,0.000005821,0.000213429,1
actual,99,199,nb,0,256,2048,0.025020260,0.000097735,0.000003847,0.000169336,1
warmup,0,0,nb,0,256,3072,0.031874628,0.000124510,0.000006803,0.000206336,1
warmup,1,1,nb,0,256,3072,0.028089390,0.000109724,0.000006181,0.000195315,1
warmup,2,2,nb,0,256,3072,0.030816093,0.000120375,0.000006673,0.000216174,1
warmup,3,3,nb,0,256,3072,0.027678449,0.000108119,0.000004138,0.000180347,1
warmup,4,4,nb,0,256,3072,0.028953793,0.000113101,0.000011522,0.000201137,1
warmup,5,5,nb,0,256,3072,0.026783774,0.000104624,0.000007704,0.000178093,1
warmup,6,6,nb,0,256,3072,0.030218741,0.000118042,0.000006953,0.000197379,1
warmup,7,7,nb,0,256,3072,0.030530938,0.000119261,0.000006872,0.000204222,1
warmup,8,8,nb,0,256,3072,0.030860752,0.000120550,0.000008656,0.000207087,1
warmup,9,9,nb,0,256,3072,0.026102854,0.000101964,0.000003647,0.000179606,1
warmup,10,10,nb,0,256,3072,0.028143108,0.000109934,0.000013566,0.000184806,1
warmup,11,11,nb,0,256,3072,0.026533661,0.000103647,0.000003757,0.000186100,1
warmup,12,12,nb,0,256,3072,0.028656077,0.000111938,0.000006803,0.000191528,1
warmup,13,13,nb,0,256,3072,0.026857067,0.000104910,0.000007564,0.000180728,1
warmup,14,14,nb,0,256,3072,0.032096345,0.000125376,0.000006683,0.000210654,1
warmup,15,15,nb,0,256,3072,0.028684234,0.000112048,0.000008005,0.000192240,1
warmup,16,16,nb,0,256,3072,0.028035182,0.000109512,0.000007675,0.000184134,1
warmup,17,17,nb,0,256,3072,0.031095099,0.000121465,0.000009778,0.000205194,1
warmup,18,18,nb,0,256,3072,0.029450506,0.000115041,0.000013887,0.000200194,1
warmup,19,19,nb,0,256,3072,0.027330594,0.000106760,0.000007925,0.000184575,1
warmup,20,20,nb,0,256,3072,0.031578717,0.000123354,0.000013916,0.000206005,1
warmup,21,21,nb,0,256,3072,0.026679325,0.000104216,0.000008766,0.000184677,1
warmup,22,22,nb,0,256,3072,0.031368515,0.000122533,0.000017543,0.000207428,1
warmup,23,23,nb,0,256,3072,0.026927372,0.000105185,0.000006713,0.000181009,1
warmup,24,24,nb,0,256,3072,0.029077173,0.000113583,0.000011592,0.000191428,1
warmup,25,25,nb,0,256,3072,0.028114539,0.000109822,0.000006973,0.000189434,1
warmup,26,26,nb,0,256,3072,0.029326336,0.000114556,0.000015980,0.000196177,1
warmup,27,27,nb,0,256,3072,0.027692426,0.000108174,0.000006723,0.000193041,1
warmup,28,28,nb,0,256,3072,0.031004392,0.000121111,0.000013185,0.000204703,1
warmup,29,29,nb,0,256,3072,0.027086315,0.000105806,0.000007765,0.000180086,1
warmup,30,30,nb,0,256,3072,0.027700463,0.000108205,0.000009638,0.000190947,1
warmup,31,31,nb,0,256,3072,0.027989875,0.000109335,0.000005750,0.000202058,1
warmup,32,32,nb,0,256,3072,0.031910240,0.000124649,0.000009087,0.000211024,1
warmup,33,33,nb,0,256,3072,0.026598357,0.000103900,0.000009598,0.000183723,1
warmup,34,34,nb,0,256,3072,0.028731472,0.000112232,0.000011812,0.000183093,1
warmup,35,35,nb,0,256,3072,0.028967073,0.000113153,0.000007464,0.000199473,1
warmup,36,36,nb,0,256,3072,0.027903663,0.000108999,0.000011422,0.000184064,1
warmup,37,37,nb,0,256,3072,0.028351592,0.000110748,0.000008466,0.000197739,1
warmup,38,38,nb,0,256,3072,0.027755937,0.000108422,0.000013345,0.000194215,1
warmup,39,39,nb,0,256,3072,0.025158060,0.000098274,0.000003627,0.000188414,1
warmup,40,40,nb,0,256,3072,0.031347782,0.000122452,0.000007044,0.000209512,1
warmup,41,41,nb,0,256,3072,0.029921624,0.000116881,0.000006672,0.000212437,1
warmup,42,42,nb,0,256,3072,0.032233341,0.000125911,0.000006743,0.000210444,1
warmup,43,43,nb,0,256,3072,0.025578044,0.000099914,0.000005530,0.000185619,1
warmup,44,44,nb,0,256,3072,0.031203488,0.000121889,0.000011692,0.000209792,1
warmup,45,45,nb,0,256,3072,0.030824077,0.000120407,0.000009148,0.000203521,1
warmup,46,46,nb,0,256,3072,0.030578572,0.000119448,0.000015249,0.000202318,1
warmup,47,47,nb,0,256,3072,0.029341000,0.000114613,0.000006542,0.000207187,1
warmup,48,48,nb,0,256,3072,0.027999140,0.000109372,0.000006633,0.000205967,1
warmup,49,49,nb,0,256,3072,0.027346687,0.000106823,0.000009688,0.000192562,1
warmup,50,50,nb,0,256,3072,0.029579344,0.000115544,0.000011662,0.000195756,1
warmup,51,51,nb,0,256,3072,0.027354036,0.000106852,0.000009528,0.000180317,1
warmup,52,52,nb,0,256,3072,0.038200949,0.000149222,0.000045646,0.000230601,1
warmup,53,53,nb,0,256,3072,0.027286991,0.000106590,0.000007665,0.000178033,1
warmup,54,54,nb,0,256,3072,0.030176724,0.000117878,0.000015329,0.000208720,1
warmup,55,55,nb,0,256,3072,0.028488976,0.000111285,0.000006342,0.000197469,1
warmup,56,56,nb,0,256,3072,0.033393050,0.000130442,0.000008736,0.000216815,1
warmup,57,57,nb,0,256,3072,0.027027155,0.000105575,0.000007624,0.000185216,1
warmup,58,58,nb,0,256,3072,0.027698560,0.000108197,0.000015349,0.000179265,1
warmup,59,59,nb,0,256,3072,0.027291791,0.000106609,0.000005670,0.000189426,1
warmup,60,60,nb,0,256,3072,0.028610626,0.000111760,0.000011602,0.000194315,1
warmup,61,61,nb,0,256,3072,0.030113592,0.000117631,0.000010921,0.000209001,1
warmup,62,62,nb,0,256,3072,0.029482636,0.000115167,0.000012033,0.000203951,1
warmup,63,63,nb,0,256,3072,0.028023520,0.000109467,0.000006823,0.000198261,1
warmup,64,64,nb,0,256,3072,0.030899470,0.000120701,0.000011392,0.000202569,1
warmup,65,65,nb,0,256,3072,0.027847963,0.000108781,0.000006933,0.000187440,1
warmup,66,66,nb,0,256,3072,0.027021091,0.000105551,0.000007614,0.000196198,1
warmup,67,67,nb,0,256,3072,0.027703731,0.000108218,0.000009468,0.000185367,1
warmup,68,68,nb,0,256,3072,0.027248220,0.000106438,0.000013335,0.000175058,1
warmup,69,69,nb,0,256,3072,0.029975315,0.000117091,0.000007233,0.000212027,1
warmup,70,70,nb,0,256,3072,0.031665421,0.000123693,0.000008937,0.000212357,1
warmup,71,71,nb,0,256,3072,0.028552774,0.000111534,0.000006702,0.000201406,1
warmup,72,72,nb,0,256,3072,0.030130721,0.000117698,0.000010790,0.000201357,1
warmup,73,73,nb,0,256,3072,0.029094014,0.000113648,0.000006522,0.000205324,1
warmup,74,74,nb,0,256,3072,0.029278969,0.000114371,0.000011722,0.000199072,1
warmup,75,75,nb,0,256,3072,0.031095422,0.000121466,0.000005740,0.000206977,1
warmup,76,76,nb,0,256,3072,0.027455693,0.000107249,0.000011602,0.000186249,1
warmup,77,77,nb,0,256,3072,0.027295541,0.000106623,0.000005480,0.000185446,1
warmup,78,78,nb,0,256,3072,0.029543247,0.000115403,0.000011571,0.000200465,1
warmup,79,79,nb,0,256,3072,0.027500129,0.000107422,0.000006372,0.000194966,1
warmup,80,80,nb,0,256,3072,0.030527050,0.000119246,0.000006723,0.000205975,1
warmup,81,81,nb,0,256,3072,0.028144815,0.000109941,0.000010700,0.000194413,1
warmup,82,82,nb,0,256,3072,0.030499151,0.000119137,0.000011432,0.000202378,1
warmup,83,83,nb,0,256,3072,0.026711317,0.000104341,0.000008386,0.000179816,1
warmup,84,84,nb,0,256,3072,0.030222285,0.000118056,0.000015419,0.000203020,1
warmup,85,85,nb,0,256,3072,0.030845353,0.000120490,0.000013205,0.000196718,1
warmup,86,86,nb,0,256,3072,0.031064223,0.000121345,0.000013616,0.000204723,1
warmup,87,87,nb,0,256,3072,0.028766835,0.000112370,0.000008586,0.000199113,1
warmup,88,88,nb,0,256,3072,0.028642428,0.000111884,0.000019136,0.000189036,1
warmup,89,89,nb,0,256,3072,0.028207664,0.000110186,0.000012413,0.000195266,1
warmup,90,90,nb,0,256,3072,0.028802740,0.000112511,0.000011702,0.000203561,1
warmup,91,91,nb,0,256,3072,0.027165125,0.000106114,0.000006733,0.000179275,1
warmup,92,92,nb,0,256,3072,0.028620596,0.000111799,0.000012944,0.000186709,1
warmup,93,93,nb,0,256,3072,0.030114392,0.000117634,0.000008646,0.000204572,1
warmup,94,94,nb,0,256,3072,0.028382966,0.000110871,0.000006943,0.000189224,1
warmup,95,95,nb,0,256,3072,0.027204738,0.000106269,0.000003747,0.000188542,1
warmup,96,96,nb,0,256,3072,0.027641914,0.000107976,0.000006693,0.000187190,1
warmup,97,97,nb,0,256,3072,0.025456527,0.000099440,0.000005620,0.000182592,1
warmup,98,98,nb,0,256,3072,0.031747749,0.000124015,0.000006733,0.000220603,1
warmup,99,99,nb,0,256,3072,0.028439814,0.000111093,0.000007304,0.000186549,1
actual,0,100,nb,0,256,3072,0.031295137,0.000122247,0.000013445,0.000208230,1
actual,1,101,nb,0,256,3072,0.028130413,0.000109884,0.000010290,0.000180870,1
actual,2,102,nb,0,256,3072,0.028180407,0.000110080,0.000007855,0.000190066,1
actual,3,103,nb,0,256,3072,0.026012647,0.000101612,0.000003587,0.000178185,1
actual,4,104,nb,0,256,3072,0.029538457,0.000115385,0.000011292,0.000207508,1
actual,5,105,nb,0,256,3072,0.028066688,0.000109636,0.000006462,0.000188593,1
actual,6,106,nb,0,256,3072,0.032601135,0.000127348,0.000006692,0.000208630,1
actual,7,107,nb,0,256,3072,0.025935170,0.000101309,0.000006742,0.000176540,1
actual,8,108,nb,0,256,3072,0.029184067,0.000114000,0.000013455,0.000202839,1
actual,9,109,nb,0,256,3072,0.026108399,0.000101986,0.000003978,0.000178756,1
actual,10,110,nb,0,256,3072,0.033477868,0.000130773,0.000006803,0.000213639,1
actual,11,111,nb,0,256,3072,0.027092949,0.000105832,0.000009938,0.000183994,1
actual,12,112,nb,0,256,3072,0.031834453,0.000124353,0.000011531,0.000205114,1
actual,13,113,nb,0,256,3072,0.026843141,0.000104856,0.000005591,0.000182321,1
actual,14,114,nb,0,256,3072,0.028862824,0.000112745,0.000006803,0.000187681,1
actual,15,115,nb,0,256,3072,0.027791080,0.000108559,0.000003957,0.000189765,1
actual,16,116,nb,0,256,3072,0.030384407,0.000118689,0.000006653,0.000206175,1
actual,17,117,nb,0,256,3072,0.026044336,0.000101736,0.000005721,0.000180528,1
actual,18,118,nb,0,256,3072,0.030075885,0.000117484,0.000015229,0.000187881,1
actual,19,119,nb,0,256,3072,0.028824155,0.000112594,0.000005821,0.000193532,1
actual,20,120,nb,0,256,3072,0.028565058,0.000111582,0.000016051,0.000189695,1
actual,21,121,nb,0,256,3072,0.025790658,0.000100745,0.000003587,0.000174205,1
actual,22,122,nb,0,256,3072,0.029711423,0.000116060,0.000013816,0.000194233,1
actual,23,123,nb,0,256,3072,0.030110747,0.000117620,0.000007114,0.000201988,1
actual,24,124,nb,0,256,3072,0.027484650,0.000107362,0.000009649,0.000186361,1
actual,25,125,nb,0,256,3072,0.029146081,0.000113852,0.000006903,0.000200465,1
actual,26,126,nb,0,256,3072,0.028095889,0.000109750,0.000015689,0.000180548,1
actual,27,127,nb,0,256,3072,0.029746082,0.000116196,0.000012153,0.000209682,1
actual,28,128,nb,0,256,3072,0.030754150,0.000120133,0.000007164,0.000212136,1
actual,29,129,nb,0,256,3072,0.029303213,0.000114466,0.000005630,0.000212738,1
actual,30,130,nb,0,256,3072,0.029909177,0.000116833,0.000011472,0.000201998,1
actual,31,131,nb,0,256,3072,0.026998133,0.000105461,0.000003997,0.000179356,1
actual,32,132,nb,0,256,3072,0.030834757,0.000120448,0.000006562,0.000203120,1
actual,33,133,nb,0,256,3072,0.028183359,0.000110091,0.000006722,0.000191679,1
actual,34,134,nb,0,256,3072,0.030428579,0.000118862,0.000005130,0.000199423,1
actual,35,135,nb,0,256,3072,0.028365226,0.000110802,0.000007003,0.000184124,1
actual,36,136,nb,0,256,3072,0.029688556,0.000115971,0.000013426,0.000202709,1
actual,37,137,nb,0,256,3072,0.025990890,0.000101527,0.000005710,0.000178666,1
actual,38,138,nb,0,256,3072,0.028591058,0.000111684,0.000006752,0.000186709,1
actual,39,139,nb,0,256,3072,0.029374041,0.000114742,0.000006452,0.000215322,1
actual,40,140,nb,0,256,3072,0.029569413,0.000115506,0.000011411,0.000199405,1
actual,41,141,nb,0,256,3072,0.025295036,0.000098809,0.000003617,0.000178123,1
actual,42,142,nb,0,256,3072,0.029626205,0.000115727,0.000011622,0.000196247,1
actual,43,143,nb,0,256,3072,0.027585394,0.000107755,0.000005120,0.000186849,1
actual,44,144,nb,0,256,3072,0.029089120,0.000113629,0.000009719,0.000192840,1
actual,45,145,nb,0,256,3072,0.026095647,0.000101936,0.000003657,0.000180768,1
actual,46,146,nb,0,256,3072,0.031045492,0.000121271,0.000016051,0.000218549,1
actual,47,147,nb,0,256,3072,0.027391286,0.000106997,0.000015579,0.000181641,1
actual,48,148,nb,0,256,3072,0.031423622,0.000122749,0.000008926,0.000206045,1
actual,49,149,nb,0,256,3072,0.026515100,0.000103575,0.000008656,0.000180658,1
actual,50,150,nb,0,256,3072,0.028267746,0.000110421,0.000007705,0.000182321,1
actual,51,151,nb,0,256,3072,0.025503296,0.000099622,0.000006933,0.000183836,1
actual,52,152,nb,0,256,3072,0.031042747,0.000121261,0.000019626,0.000205705,1
actual,53,153,nb,0,256,3072,0.028066808,0.000109636,0.000006953,0.000197780,1
actual,54,154,nb,0,256,3072,0.028037203,0.000109520,0.000007645,0.000196698,1
actual,55,155,nb,0,256,3072,0.026826679,0.000104792,0.000007524,0.000172743,1
actual,56,156,nb,0,256,3072,0.028668614,0.000111987,0.000009728,0.000202459,1
actual,57,157,nb,0,256,3072,0.027398715,0.000107026,0.000009568,0.000186850,1
actual,58,158,nb,0,256,3072,0.030374521,0.000118650,0.000013836,0.000206716,1
actual,59,159,nb,0,256,3072,0.026623683,0.000103999,0.000005740,0.000177552,1
actual,60,160,nb,0,256,3072,0.028765559,0.000112365,0.000017583,0.000190927,1
actual,61,161,nb,0,256,3072,0.030240874,0.000118128,0.000008887,0.000195535,1
actual,62,162,nb,0,256,3072,0.028428706,0.000111050,0.000013315,0.000187481,1
actual,63,163,nb,0,256,3072,0.028938324,0.000113040,0.000007334,0.000194453,1
actual,64,164,nb,0,256,3072,0.027751281,0.000108403,0.000007665,0.000184645,1
actual,65,165,nb,0,256,3072,0.029098476,0.000113666,0.000003888,0.000196557,1
actual,66,166,nb,0,256,3072,0.029189848,0.000114023,0.000013686,0.000192129,1
actual,67,167,nb,0,256,3072,0.026255905,0.000102562,0.000004028,0.000183826,1
actual,68,168,nb,0,256,3072,0.031339248,0.000122419,0.000009117,0.000199253,1
actual,69,169,nb,0,256,3072,0.026979294,0.000105388,0.000009508,0.000183774,1
actual,70,170,nb,0,256,3072,0.027125784,0.000105960,0.000005681,0.000184908,1
actual,71,171,nb,0,256,3072,0.030799736,0.000120311,0.000008486,0.000203310,1
actual,72,172,nb,0,256,3072,0.028328850,0.000110660,0.000007043,0.000206498,1
actual,73,173,nb,0,256,3072,0.027198704,0.000106245,0.000010720,0.000178314,1
actual,74,174,nb,0,256,3072,0.030282082,0.000118289,0.000006542,0.000206977,1
actual,75,175,nb,0,256,3072,0.025728681,0.000100503,0.000003617,0.000175871,1
actual,76,176,nb,0,256,3072,0.026723637,0.000104389,0.000006802,0.000182912,1
actual,77,177,nb,0,256,3072,0.025777280,0.000100692,0.000003828,0.000175809,1
actual,78,178,nb,0,256,3072,0.031893461,0.000124584,0.000007024,0.000211326,1
actual,79,179,nb,0,256,3072,0.029871406,0.000116685,0.000007915,0.000199133,1
actual,80,180,nb,0,256,3072,0.028643912,0.000111890,0.000009669,0.000198391,1
actual,81,181,nb,0,256,3072,0.025725520,0.000100490,0.000007755,0.000199455,1
actual,82,182,nb,0,256,3072,0.027102330,0.000105868,0.000007554,0.000185929,1
actual,83,183,nb,0,256,3072,0.026992467,0.000105439,0.000003637,0.000182341,1
actual,84,184,nb,0,256,3072,0.028384718,0.000110878,0.000011952,0.000196980,1
actual,85,185,nb,0,256,3072,0.026277792,0.000102648,0.000009388,0.000177192,1
actual,86,186,nb,0,256,3072,0.028675325,0.000112013,0.000015449,0.000185957,1
actual,87,187,nb,0,256,3072,0.026467140,0.000103387,0.000003727,0.000177582,1
actual,88,188,nb,0,256,3072,0.027777884,0.000108507,0.000019497,0.000186159,1
actual,89,189,nb,0,256,3072,0.025848274,0.000100970,0.000005240,0.000181680,1
actual,90,190,nb,0,256,3072,0.028881049,0.000112817,0.000009628,0.000195605,1
actual,91,191,nb,0,256,3072,0.026951494,0.000105279,0.000003637,0.000178133,1
actual,92,192,nb,0,256,3072,0.027424879,0.000107128,0.000011441,0.000182251,1
actual,93,193,nb,0,256,3072,0.032950646,0.000128713,0.000008977,0.000214531,1
actual,94,194,nb,0,256,3072,0.031279611,0.000122186,0.000017643,0.000210052,1
actual,95,195,nb,0,256,3072,0.026334207,0.000102868,0.000007243,0.000178593,1
actual,96,196,nb,0,256,3072,0.030708064,0.000119953,0.000005871,0.000197890,1
actual,97,197,nb,0,256,3072,0.026447827,0.000103312,0.000003947,0.000174226,1
actual,98,198,nb,0,256,3072,0.030366144,0.000118618,0.000009037,0.000196537,1
actual,99,199,nb,0,256,3072,0.025051303,0.000097857,0.000003617,0.000173996,1
warmup,0,0,nb,0,256,4096,0.028352090,0.000110750,0.000013796,0.000193101,1
warmup,1,1,nb,0,256,4096,0.027039470,0.000105623,0.000003637,0.000188943,1
warmup,2,2,nb,0,256,4096,0.029372777,0.000114737,0.000010029,0.000191999,1
warmup,3,3,nb,0,256,4096,0.026815282,0.000104747,0.000011482,0.000179055,1
warmup,4,4,nb,0,256,4096,0.029980955,0.000117113,0.000007574,0.000201667,1
warmup,5,5,nb,0,256,4096,0.025291332,0.000098794,0.000005360,0.000170058,1
warmup,6,6,nb,0,256,4096,0.031999747,0.000124999,0.000010850,0.000225281,1
warmup,7,7,nb,0,256,4096,0.029879655,0.000116717,0.000003927,0.000204884,1
warmup,8,8,nb,0,256,4096,0.032197966,0.000125773,0.000007424,0.000207478,1
warmup,9,9,nb,0,256,4096,0.028667640,0.000111983,0.000007785,0.000196778,1
warmup,10,10,nb,0,256,4096,0.032731671,0.000127858,0.000007424,0.000215332,1
warmup,11,11,nb,0,256,4096,0.028273187,0.000110442,0.000007975,0.000187280,1
warmup,12,12,nb,0,256,4096,0.031131822,0.000121609,0.000014177,0.000203801,1
warmup,13,13,nb,0,256,4096,0.030497314,0.000119130,0.000009027,0.000203330,1
warmup,14,14,nb,0,256,4096,0.028137517,0.000109912,0.000011602,0.000209945,1
warmup,15,15,nb,0,256,4096,0.027008015,0.000105500,0.000013285,0.000187953,1
warmup,16,16,nb,0,256,4096,0.028489983,0.000111289,0.000015329,0.000184946,1
warmup,17,17,nb,0,256,4096,0.027485779,0.000107366,0.000014598,0.000186108,1
warmup,18,18,nb,0,256,4096,0.033034596,0.000129041,0.000014117,0.000223769,1
warmup,19,19,nb,0,256,4096,0.027233709,0.000106382,0.000005680,0.000184816,1
warmup,20,20,nb,0,256,4096,0.030301622,0.000118366,0.000007875,0.000212006,1
warmup,21,21,nb,0,256,4096,0.027161603,0.000106100,0.000005661,0.000185098,1
warmup,22,22,nb,0,256,4096,0.031885936,0.000124554,0.000013565,0.000214471,1
warmup,23,23,nb,0,256,4096,0.026027566,0.000101670,0.000005621,0.000179505,1
warmup,24,24,nb,0,256,4096,0.029042311,0.000113447,0.000011812,0.000187371,1
warmup,25,25,nb,0,256,4096,0.028762769,0.000112355,0.000007093,0.000201517,1
warmup,26,26,nb,0,256,4096,0.033529048,0.000130973,0.000015940,0.000209703,1
warmup,27,27,nb,0,256,4096,0.028570925,0.000111605,0.000008436,0.000185647,1
warmup,28,28,nb,0,256,4096,0.031428725,0.000122768,0.000014327,0.000203471,1
warmup,29,29,nb,0,256,4096,0.028126227,0.000109868,0.000006812,0.000198031,1
warmup,30,30,nb,0,256,4096,0.029311685,0.000114499,0.000007585,0.000193872,1
warmup,31,31,nb,0,256,4096,0.030819474,0.000120389,0.000006182,0.000220863,1
warmup,32,32,nb,0,256,4096,0.033138471,0.000129447,0.000013365,0.000212978,1
warmup,33,33,nb,0,256,4096,0.027112418,0.000105908,0.000005671,0.000180748,1
warmup,34,34,nb,0,256,4096,0.031851219,0.000124419,0.000011071,0.000206847,1
warmup,35,35,nb,0,256,4096,0.029697359,0.000116005,0.000006011,0.000206566,1
warmup,36,36,nb,0,256,4096,0.029001297,0.000113286,0.000007144,0.000195936,1
warmup,37,37,nb,0,256,4096,0.027104222,0.000105876,0.000005921,0.000188733,1
warmup,38,38,nb,0,256,4096,0.031203376,0.000121888,0.000007234,0.000210995,1
warmup,39,39,nb,0,256,4096,0.027716885,0.000108269,0.000007234,0.000186378,1
warmup,40,40,nb,0,256,4096,0.028735174,0.000112247,0.000007134,0.000191368,1
warmup,41,41,nb,0,256,4096,0.032076185,0.000125298,0.000012644,0.000202789,1
warmup,42,42,nb,0,256,4096,0.028869075,0.000112770,0.000013495,0.000186669,1
warmup,43,43,nb,0,256,4096,0.028064878,0.000109628,0.000007765,0.000180648,1
warmup,44,44,nb,0,256,4096,0.029420654,0.000114924,0.000019586,0.000194203,1
warmup,45,45,nb,0,256,4096,0.030828627,0.000120424,0.000006883,0.000206115,1
warmup,46,46,nb,0,256,4096,0.030070256,0.000117462,0.000012002,0.000208360,1
warmup,47,47,nb,0,256,4096,0.026858538,0.000104916,0.000005760,0.000200728,1
warmup,48,48,nb,0,256,4096,0.028700289,0.000112111,0.000006783,0.000196617,1
warmup,49,49,nb,0,256,4096,0.027389826,0.000106992,0.000007293,0.000183803,1
warmup,50,50,nb,0,256,4096,0.031591348,0.000123404,0.000009037,0.000218649,1
warmup,51,51,nb,0,256,4096,0.026149604,0.000102147,0.000014337,0.000177773,1
warmup,52,52,nb,0,256,4096,0.029406164,0.000114868,0.000011632,0.000193372,1
warmup,53,53,nb,0,256,4096,0.028476481,0.000111236,0.000004047,0.000195195,1
warmup,54,54,nb,0,256,4096,0.027232660,0.000106378,0.000011862,0.000185127,1
warmup,55,55,nb,0,256,4096,0.029068463,0.000113549,0.000007253,0.000205213,1
warmup,56,56,nb,0,256,4096,0.030580690,0.000119456,0.000009137,0.000207388,1
warmup,57,57,nb,0,256,4096,0.027133640,0.000105991,0.000003908,0.000187463,1
warmup,58,58,nb,0,256,4096,0.028022127,0.000109461,0.000015980,0.000191157,1
warmup,59,59,nb,0,256,4096,0.028541113,0.000111489,0.000009458,0.000190185,1
warmup,60,60,nb,0,256,4096,0.028233607,0.000110288,0.000015700,0.000174627,1
warmup,61,61,nb,0,256,4096,0.027610734,0.000107854,0.000010540,0.000182651,1
warmup,62,62,nb,0,256,4096,0.027659959,0.000108047,0.000013635,0.000189034,1
warmup,63,63,nb,0,256,4096,0.031818604,0.000124291,0.000007484,0.000201446,1
warmup,64,64,nb,0,256,4096,0.032173963,0.000125680,0.000009087,0.000208871,1
warmup,65,65,nb,0,256,4096,0.026067449,0.000101826,0.000003887,0.000180318,1
warmup,66,66,nb,0,256,4096,0.028775753,0.000112405,0.000015509,0.000188412,1
warmup,67,67,nb,0,256,4096,0.026342986,0.000102902,0.000006112,0.000179937,1
warmup,68,68,nb,0,256,4096,0.031761660,0.000124069,0.000016260,0.000215232,1
warmup,69,69,nb,0,256,4096,0.029523350,0.000115326,0.000009248,0.000205584,1
warmup,70,70,nb,0,256,4096,0.030774131,0.000120211,0.000007233,0.000213328,1
warmup,71,71,nb,0,256,4096,0.029720429,0.000116095,0.000011351,0.000198442,1
warmup,72,72,nb,0,256,4096,0.032711073,0.000127778,0.000010920,0.000212628,1
warmup,73,73,nb,0,256,4096,0.026594994,0.000103887,0.000009468,0.000189005,1
warmup,74,74,nb,0,256,4096,0.031194335,0.000121853,0.000013846,0.000209091,1
warmup,75,75,nb,0,256,4096,0.027221888,0.000106336,0.000007654,0.000180597,1
warmup,76,76,nb,0,256,4096,0.030897418,0.000120693,0.000007635,0.000205173,1
warmup,77,77,nb,0,256,4096,0.026863353,0.000104935,0.000009578,0.000181770,1
warmup,78,78,nb,0,256,4096,0.030780663,0.000120237,0.000014207,0.000207047,1
warmup,79,79,nb,0,256,4096,0.026524331,0.000103611,0.000011551,0.000180287,1
warmup,80,80,nb,0,256,4096,0.028659351,0.000111951,0.000015509,0.000195978,1
warmup,81,81,nb,0,256,4096,0.029046089,0.000113461,0.000007253,0.000199192,1
warmup,82,82,nb,0,256,4096,0.027554801,0.000107636,0.000009588,0.000184364,1
warmup,83,83,nb,0,256,4096,0.028304050,0.000110563,0.000009077,0.000190917,1
warmup,84,84,nb,0,256,4096,0.029051589,0.000113483,0.000015469,0.000195095,1
warmup,85,85,nb,0,256,4096,0.025962632,0.000101417,0.000003667,0.000191420,1
warmup,86,86,nb,0,256,4096,0.028491315,0.000111294,0.000007714,0.000185407,1
warmup,87,87,nb,0,256,4096,0.029681939,0.000115945,0.000006152,0.000198451,1
warmup,88,88,nb,0,256,4096,0.029886087,0.000116743,0.000006823,0.000207258,1
warmup,89,89,nb,0,256,4096,0.027652377,0.000108017,0.000005410,0.000188022,1
warmup,90,90,nb,0,256,4096,0.031798581,0.000124213,0.000011031,0.000205895,1
warmup,91,91,nb,0,256,4096,0.026686720,0.000104245,0.000007785,0.000181419,1
warmup,92,92,nb,0,256,4096,0.034448603,0.000134565,0.000007484,0.000220993,1
warmup,93,93,nb,0,256,4096,0.028739219,0.000112263,0.000007163,0.000207338,1
warmup,94,94,nb,0,256,4096,0.029231987,0.000114187,0.000013566,0.000189314,1
warmup,95,95,nb,0,256,4096,0.026828089,0.000104797,0.000006903,0.000186762,1
warmup,96,96,nb,0,256,4096,0.028878676,0.000112807,0.000009578,0.000195335,1
warmup,97,97,nb,0,256,4096,0.028962831,0.000113136,0.000007083,0.000201016,1
warmup,98,98,nb,0,256,4096,0.028633644,0.000111850,0.000019016,0.000192140,1
warmup,99,99,nb,0,256,4096,0.027223743,0.000106343,0.000010500,0.000182882,1
actual,0,100,nb,0,256,4096,0.028065399,0.000109630,0.000013585,0.000187009,1
actual,1,101,nb,0,256,4096,0.030223098,0.000118059,0.000007595,0.000198531,1
actual,2,102,nb,0,256,4096,0.029133457,0.000113803,0.000014037,0.000193612,1
actual,3,103,nb,0,256,4096,0.026408554,0.000103158,0.000003977,0.000177382,1
actual,4,104,nb,0,256,4096,0.029313561,0.000114506,0.000005540,0.000194374,1
actual,5,105,nb,0,256,4096,0.031946503,0.000124791,0.000011822,0.000211906,1
actual,6,106,nb,0,256,4096,0.031388381,0.000122611,0.000007344,0.000201566,1
actual,7,107,nb,0,256,4096,0.029373018,0.000114738,0.000010079,0.000198602,1
actual,8,108,nb,0,256,4096,0.032224286,0.000125876,0.000010890,0.000220412,1
actual,9,109,nb,0,256,4096,0.027684831,0.000108144,0.000006963,0.000185507,1
actual,10,110,nb,0,256,4096,0.031615693,0.000123499,0.000019427,0.000206887,1
actual,11,111,nb,0,256,4096,0.026818741,0.000104761,0.000003848,0.000185469,1
actual,12,112,nb,0,256,4096,0.029801574,0.000116412,0.000013285,0.000197780,1
actual,13,113,nb,0,256,4096,0.027512382,0.000107470,0.000007374,0.000193033,1
actual,14,114,nb,0,256,4096,0.028276386,0.000110455,0.000009588,0.000190927,1
actual,15,115,nb,0,256,4096,0.028684160,0.000112047,0.000009417,0.000209021,1
actual,16,116,nb,0,256,4096,0.028857899,0.000112726,0.000015920,0.000184555,1
actual,17,117,nb,0,256,4096,0.026828746,0.000104800,0.000007935,0.000186659,1
actual,18,118,nb,0,256,4096,0.029192366,0.000114033,0.000018986,0.000187110,1
actual,19,119,nb,0,256,4096,0.029373373,0.000114740,0.000009318,0.000199443,1
actual,20,120,nb,0,256,4096,0.028626959,0.000111824,0.000009527,0.000194604,1
actual,21,121,nb,0,256,4096,0.027249528,0.000106443,0.000009778,0.000179245,1
actual,22,122,nb,0,256,4096,0.028303492,0.000110561,0.000007023,0.000203282,1
actual,23,123,nb,0,256,4096,0.027263911,0.000106500,0.000009608,0.000180488,1
actual,24,124,nb,0,256,4096,0.031205373,0.000121896,0.000007283,0.000206496,1
actual,25,125,nb,0,256,4096,0.030790220,0.000120274,0.000011572,0.000214250,1
actual,26,126,nb,0,256,4096,0.031014118,0.000121149,0.000016420,0.000213500,1
actual,27,127,nb,0,256,4096,0.025574227,0.000099899,0.000007264,0.000187974,1
actual,28,128,nb,0,256,4096,0.029061186,0.000113520,0.000017753,0.000191277,1
actual,29,129,nb,0,256,4096,0.026550657,0.000103714,0.000007324,0.000195467,1
actual,30,130,nb,0,256,4096,0.031070024,0.000121367,0.000007144,0.000205134,1
actual,31,131,nb,0,256,4096,0.027868056,0.000108860,0.000010570,0.000191428,1
actual,32,132,nb,0,256,4096,0.029774277,0.000116306,0.000018244,0.000197389,1
actual,33,133,nb,0,256,4096,0.029481081,0.000115160,0.000009157,0.000199162,1
actual,34,134,nb,0,256,4096,0.028983198,0.000113216,0.000011642,0.000187671,1
actual,35,135,nb,0,256,4096,0.029217950,0.000114133,0.000008727,0.000203401,1
actual,36,136,nb,0,256,4096,0.031629303,0.000123552,0.000011251,0.000208730,1
actual,37,137,nb,0,256,4096,0.029601770,0.000115632,0.000007254,0.000202058,1
actual,38,138,nb,0,256,4096,0.032097557,0.000125381,0.000011071,0.000203140,1
actual,39,139,nb,0,256,4096,0.028030799,0.000109495,0.000008325,0.000186439,1
actual,40,140,nb,0,256,4096,0.028695295,0.000112091,0.000011541,0.000182180,1
actual,41,141,nb,0,256,4096,0.026316983,0.000102801,0.000006762,0.000183814,1
actual,42,142,nb,0,256,4096,0.029520717,0.000115315,0.000007194,0.000189274,1
actual,43,143,nb,0,256,4096,0.025405737,0.000099241,0.000006983,0.000184044,1
actual,44,144,nb,0,256,4096,0.028542678,0.000111495,0.000009017,0.000191769,1
actual,45,145,nb,0,256,4096,0.027000939,0.000105472,0.000007665,0.000185307,1
actual,46,146,nb,0,256,4096,0.028483922,0.000111265,0.000013375,0.000209694,1
actual,47,147,nb,0,256,4096,0.027585590,0.000107756,0.000013556,0.000185217,1
actual,48,148,nb,0,256,4096,0.032594982,0.000127324,0.000007274,0.000210814,1
actual,49,149,nb,0,256,4096,0.029281601,0.000114381,0.000009317,0.000200495,1
actual,50,150,nb,0,256,4096,0.029290076,0.000114414,0.000012423,0.000191017,1
actual,51,151,nb,0,256,4096,0.027175469,0.000106154,0.000007705,0.000185276,1
actual,52,152,nb,0,256,4096,0.030300574,0.000118362,0.000013696,0.000208329,1
actual,53,153,nb,0,256,4096,0.027680488,0.000108127,0.000006011,0.000188302,1
actual,54,154,nb,0,256,4096,0.028454605,0.000111151,0.000007064,0.000200848,1
actual,55,155,nb,0,256,4096,0.030571483,0.000119420,0.000014317,0.000205444,1
actual,56,156,nb,0,256,4096,0.031117898,0.000121554,0.000013405,0.000202047,1
actual,57,157,nb,0,256,4096,0.026064286,0.000101814,0.000011622,0.000182762,1
actual,58,158,nb,0,256,4096,0.030198985,0.000117965,0.000022422,0.000194103,1
actual,59,159,nb,0,256,4096,0.026677197,0.000104208,0.000003817,0.000183726,1
actual,60,160,nb,0,256,4096,0.028515275,0.000111388,0.000009788,0.000179807,1
actual,61,161,nb,0,256,4096,0.026737181,0.000104442,0.000007153,0.000193594,1
actual,62,162,nb,0,256,4096,0.028649754,0.000111913,0.000012043,0.000187851,1
actual,63,163,nb,0,256,4096,0.027305650,0.000106663,0.000010620,0.000183443,1
actual,64,164,nb,0,256,4096,0.028739209,0.000112263,0.000015499,0.000190175,1
actual,65,165,nb,0,256,4096,0.026431297,0.000103247,0.000003697,0.000182261,1
actual,66,166,nb,0,256,4096,0.033659391,0.000131482,0.000020789,0.000207107,1
actual,67,167,nb,0,256,4096,0.025747327,0.000100575,0.000007734,0.000183405,1
actual,68,168,nb,0,256,4096,0.028626227,0.000111821,0.000015519,0.000192009,1
actual,69,169,nb,0,256,4096,0.029601509,0.000115631,0.000007093,0.000205424,1
actual,70,170,nb,0,256,4096,0.028605951,0.000111742,0.000011512,0.000195506,1
actual,71,171,nb,0,256,4096,0.027609763,0.000107851,0.000007013,0.000193501,1
actual,72,172,nb,0,256,4096,0.028501396,0.000111334,0.000011872,0.000191959,1
actual,73,173,nb,0,256,4096,0.026755216,0.000104513,0.000010429,0.000176340,1
actual,74,174,nb,0,256,4096,0.028217753,0.000110226,0.000009598,0.000186028,1
actual,75,175,nb,0,256,4096,0.029546122,0.000115415,0.000011813,0.000205194,1
actual,76,176,nb,0,256,4096,0.029943900,0.000116968,0.000006803,0.000193161,1
actual,77,177,nb,0,256,4096,0.026507071,0.000103543,0.000003656,0.000176681,1
actual,78,178,nb,0,256,4096,0.029716632,0.000116081,0.000007153,0.000198802,1
actual,79,179,nb,0,256,4096,0.029044179,0.000113454,0.000007324,0.000193662,1
actual,80,180,nb,0,256,4096,0.030774993,0.000120215,0.000011211,0.000210644,1
actual,81,181,nb,0,256,4096,0.031270269,0.000122149,0.000011261,0.000212257,1
actual,82,182,nb,0,256,4096,0.030114382,0.000117634,0.000016561,0.000206787,1
actual,83,183,nb,0,256,4096,0.027318433,0.000106713,0.000005851,0.000179807,1
actual,84,184,nb,0,256,4096,0.030564683,0.000119393,0.000009027,0.000205705,1
actual,85,185,nb,0,256,4096,0.031019730,0.000121171,0.000014858,0.000197660,1
actual,86,186,nb,0,256,4096,0.028479086,0.000111246,0.000011732,0.000192580,1
actual,87,187,nb,0,256,4096,0.031453301,0.000122864,0.000008025,0.000210313,1
actual,88,188,nb,0,256,4096,0.027626332,0.000107915,0.000011672,0.000185587,1
actual,89,189,nb,0,256,4096,0.031650993,0.000123637,0.000009457,0.000210373,1
actual,90,190,nb,0,256,4096,0.028527407,0.000111435,0.000009538,0.000180267,1
actual,91,191,nb,0,256,4096,0.026632973,0.000104035,0.000003707,0.000181349,1
actual,92,192,nb,0,256,4096,0.029814803,0.000116464,0.000009938,0.000208603,1
actual,93,193,nb,0,256,4096,0.027475307,0.000107325,0.000003937,0.000179646,1
actual,94,194,nb,0,256,4096,0.030276591,0.000118268,0.000006933,0.000193411,1
actual,95,195,nb,0,256,4096,0.028183021,0.000110090,0.000011372,0.000183503,1
actual,96,196,nb,0,256,4096,0.030729829,0.000120038,0.000007424,0.000207017,1
actual,97,197,nb,0,256,4096,0.028299732,0.000110546,0.000007353,0.000184676,1
actual,98,198,nb,0,256,4096,0.030500242,0.000119142,0.000006893,0.000204563,1
actual,99,199,nb,0,256,4096,0.030221985,0.000118055,0.000007424,0.000197239,1
warmup,0,0,nb,0,256,6144,0.029910184,0.000116837,0.000015589,0.000192159,1
warmup,1,1,nb,0,256,6144,0.028340055,0.000110703,0.000006342,0.000186399,1
warmup,2,2,nb,0,256,6144,0.029772900,0.000116300,0.000017001,0.000191939,1
warmup,3,3,nb,0,256,6144,0.031355343,0.000122482,0.000006382,0.000222386,1
warmup,4,4,nb,0,256,6144,0.032078525,0.000125307,0.000010299,0.000212528,1
warmup,5,5,nb,0,256,6144,0.029192369,0.000114033,0.000015368,0.000187080,1
warmup,6,6,nb,0,256,6144,0.031400996,0.000122660,0.000018445,0.000196488,1
warmup,7,7,nb,0,256,6144,0.027643106,0.000107981,0.000011662,0.000182912,1
warmup,8,8,nb,0,256,6144,0.030130526,0.000117697,0.000007824,0.000193141,1
warmup,9,9,nb,0,256,6144,0.029146857,0.000113855,0.000010851,0.000198280,1
warmup,10,10,nb,0,256,6144,0.031923699,0.000124702,0.000017232,0.000200365,1
warmup,11,11,nb,0,256,6144,0.027025815,0.000105570,0.000012143,0.000187891,1
warmup,12,12,nb,0,256,6144,0.030781702,0.000120241,0.000007725,0.000209091,1
warmup,13,13,nb,0,256,6144,0.030415266,0.000118810,0.000006823,0.000216204,1
warmup,14,14,nb,0,256,6144,0.029836292,0.000116548,0.000017302,0.000195185,1
warmup,15,15,nb,0,256,6144,0.026843959,0.000104859,0.000011621,0.000174506,1
warmup,16,16,nb,0,256,6144,0.029237190,0.000114208,0.000009689,0.000185117,1
warmup,17,17,nb,0,256,6144,0.027802520,0.000108604,0.000004128,0.000186028,1
warmup,18,18,nb,0,256,6144,0.028831260,0.000112622,0.000017613,0.000191017,1
warmup,19,19,nb,0,256,6144,0.029302141,0.000114461,0.000011612,0.000200104,1
warmup,20,20,nb,0,256,6144,0.031939600,0.000124764,0.000017322,0.000214241,1
warmup,21,21,nb,0,256,6144,0.029946224,0.000116977,0.000009978,0.000203681,1
warmup,22,22,nb,0,256,6144,0.029535419,0.000115373,0.000013105,0.000190536,1
warmup,23,23,nb,0,256,6144,0.029130867,0.000113792,0.000007915,0.000213900,1
warmup,24,24,nb,0,256,6144,0.030898342,0.000120697,0.000012995,0.000198581,1
warmup,25,25,nb,0,256,6144,0.028570644,0.000111604,0.000004038,0.000198271,1
warmup,26,26,nb,0,256,6144,0.032979694,0.000128827,0.000011883,0.000220543,1
warmup,27,27,nb,0,256,6144,0.028106379,0.000109791,0.000008075,0.000183203,1
warmup,28,28,nb,0,256,6144,0.035180608,0.000137424,0.000019818,0.000233527,1
warmup,29,29,nb,0,256,6144,0.031111608,0.000121530,0.000007063,0.000223989,1
warmup,30,30,nb,0,256,6144,0.031447078,0.000122840,0.000016782,0.000203801,1
warmup,31,31,nb,0,256,6144,0.030359359,0.000118591,0.000008065,0.000202518,1
warmup,32,32,nb,0,256,6144,0.028537541,0.000111475,0.000008266,0.000186299,1
warmup,33,33,nb,0,256,6144,0.030366795,0.000118620,0.000010109,0.000212187,1
warmup,34,34,nb,0,256,6144,0.029537838,0.000115382,0.000011632,0.000196017,1
warmup,35,35,nb,0,256,6144,0.029342126,0.000114618,0.000017983,0.000190617,1
warmup,36,36,nb,0,256,6144,0.030998422,0.000121088,0.000014778,0.000204843,1
warmup,37,37,nb,0,256,6144,0.027433952,0.000107164,0.000003808,0.000178784,1
warmup,38,38,nb,0,256,6144,0.029031274,0.000113403,0.000009788,0.000194764,1
warmup,39,39,nb,0,256,6144,0.028035545,0.000109514,0.000008095,0.000190606,1
warmup,40,40,nb,0,256,6144,0.031227837,0.000121984,0.000019256,0.000202078,1
warmup,41,41,nb,0,256,6144,0.030925298,0.000120802,0.000010009,0.000211075,1
warmup,42,42,nb,0,256,6144,0.031818965,0.000124293,0.000019396,0.000215293,1
warmup,43,43,nb,0,256,6144,0.029332802,0.000114581,0.000008316,0.000200445,1
warmup,44,44,nb,0,256,6144,0.031886169,0.000124555,0.000016401,0.000221233,1
warmup,45,45,nb,0,256,6144,0.027378868,0.000106949,0.000003997,0.000196279,1
warmup,46,46,nb,0,256,6144,0.027385711,0.000106975,0.000011541,0.000181730,1
warmup,47,47,nb,0,256,6144,0.026242685,0.000102510,0.000009678,0.000185319,1
warmup,48,48,nb,0,256,6144,0.029706950,0.000116043,0.000008085,0.000195716,1
warmup,49,49,nb,0,256,6144,0.026313632,0.000102788,0.000003727,0.000181379,1
warmup,50,50,nb,0,256,6144,0.029514960,0.000115293,0.000007985,0.000184995,1
warmup,51,51,nb,0,256,6144,0.032817069,0.000128192,0.000013686,0.000216726,1
warmup,52,52,nb,0,256,6144,0.031125480,0.000121584,0.000007995,0.000201066,1
warmup,53,53,nb,0,256,6144,0.030247201,0.000118153,0.000007804,0.000200234,1
warmup,54,54,nb,0,256,6144,0.032131337,0.000125513,0.000007965,0.000213650,1
warmup,55,55,nb,0,256,6144,0.029084892,0.000113613,0.000004008,0.000195195,1
warmup,56,56,nb,0,256,6144,0.029590232,0.000115587,0.000012273,0.000188132,1
warmup,57,57,nb,0,256,6144,0.028307421,0.000110576,0.000006031,0.000203390,1
warmup,58,58,nb,0,256,6144,0.029093528,0.000113647,0.000012594,0.000195766,1
warmup,59,59,nb,0,256,6144,0.027987182,0.000109325,0.000009699,0.000190215,1
warmup,60,60,nb,0,256,6144,0.032189672,0.000125741,0.000015439,0.000216465,1
warmup,61,61,nb,0,256,6144,0.026376099,0.000103032,0.000003667,0.000188292,1
warmup,62,62,nb,0,256,6144,0.030928532,0.000120815,0.000016401,0.000202168,1
warmup,63,63,nb,0,256,6144,0.031937432,0.000124756,0.000006472,0.000204192,1
warmup,64,64,nb,0,256,6144,0.031187510,0.000121826,0.000008606,0.000210243,1
warmup,65,65,nb,0,256,6144,0.028773198,0.000112395,0.000010450,0.000178085,1
warmup,66,66,nb,0,256,6144,0.030164396,0.000117830,0.000011983,0.000216585,1
warmup,67,67,nb,0,256,6144,0.028676409,0.000112017,0.000007845,0.000183613,1
warmup,68,68,nb,0,256,6144,0.030973033,0.000120988,0.000008155,0.000211615,1
warmup,69,69,nb,0,256,6144,0.027330530,0.000106760,0.000007775,0.000185116,1
warmup,70,70,nb,0,256,6144,0.029380594,0.000114768,0.000017984,0.000192801,1
warmup,71,71,nb,0,256,6144,0.029674766,0.000115917,0.000008196,0.000205775,1
warmup,72,72,nb,0,256,6144,0.030373586,0.000118647,0.000019727,0.000199022,1
warmup,73,73,nb,0,256,6144,0.027622397,0.000107900,0.000004078,0.000182451,1
warmup,74,74,nb,0,256,6144,0.028568181,0.000111594,0.000013595,0.000180568,1
warmup,75,75,nb,0,256,6144,0.030132770,0.000117706,0.000014657,0.000208700,1
warmup,76,76,nb,0,256,6144,0.029401653,0.000114850,0.000015609,0.000200595,1
warmup,77,77,nb,0,256,6144,0.027049430,0.000105662,0.000009608,0.000185427,1
warmup,78,78,nb,0,256,6144,0.031187916,0.000121828,0.000018024,0.000213730,1
warmup,79,79,nb,0,256,6144,0.028476847,0.000111238,0.000013445,0.000182200,1
warmup,80,80,nb,0,256,6144,0.027759973,0.000108437,0.000015750,0.000186849,1
warmup,81,81,nb,0,256,6144,0.028610183,0.000111759,0.000011783,0.000187010,1
warmup,82,82,nb,0,256,6144,0.028498844,0.000111324,0.000014207,0.000186258,1
warmup,83,83,nb,0,256,6144,0.028736159,0.000112251,0.000014226,0.000190456,1
warmup,84,84,nb,0,256,6144,0.030171236,0.000117856,0.000007604,0.000196808,1
warmup,85,85,nb,0,256,6144,0.027863499,0.000108842,0.000011752,0.000187941,1
warmup,86,86,nb,0,256,6144,0.028887561,0.000112842,0.000013425,0.000193353,1
warmup,87,87,nb,0,256,6144,0.026971174,0.000105356,0.000003747,0.000186679,1
warmup,88,88,nb,0,256,6144,0.031034389,0.000121228,0.000008356,0.000201577,1
warmup,89,89,nb,0,256,6144,0.028002205,0.000109384,0.000008336,0.000185898,1
warmup,90,90,nb,0,256,6144,0.030452603,0.000118955,0.000015479,0.000197058,1
warmup,91,91,nb,0,256,6144,0.029849860,0.000116601,0.000008266,0.000206125,1
warmup,92,92,nb,0,256,6144,0.031009150,0.000121129,0.000012684,0.000209541,1
warmup,93,93,nb,0,256,6144,0.028767959,0.000112375,0.000012444,0.000185988,1
warmup,94,94,nb,0,256,6144,0.030718702,0.000119995,0.000007844,0.000201847,1
warmup,95,95,nb,0,256,6144,0.027062428,0.000105713,0.000007805,0.000187992,1
warmup,96,96,nb,0,256,6144,0.032526248,0.000127056,0.000019516,0.000209612,1
warmup,97,97,nb,0,256,6144,0.028311928,0.000110593,0.000007965,0.000192179,1
warmup,98,98,nb,0,256,6144,0.029471388,0.000115123,0.000008025,0.000193803,1
warmup,99,99,nb,0,256,6144,0.028633274,0.000111849,0.000009328,0.000190887,1
actual,0,100,nb,0,256,6144,0.032773154,0.000128020,0.000007874,0.000212748,1
actual,1,101,nb,0,256,6144,0.028611053,0.000111762,0.000011682,0.000189905,1
actual,2,102,nb,0,256,6144,0.028224468,0.000110252,0.000011472,0.000187832,1
actual,3,103,nb,0,256,6144,0.028277936,0.000110461,0.000007704,0.000185877,1
actual,4,104,nb,0,256,6144,0.032836621,0.000128268,0.000018986,0.000211836,1
actual,5,105,nb,0,256,6144,0.029931219,0.000116919,0.000008406,0.000210754,1
actual,6,106,nb,0,256,6144,0.029035479,0.000113420,0.000009698,0.000187350,1
actual,7,107,nb,0,256,6144,0.030089481,0.000117537,0.000010149,0.000213770,1
actual,8,108,nb,0,256,6144,0.031893088,0.000124582,0.000009869,0.000230391,1
actual,9,109,nb,0,256,6144,0.030301730,0.000118366,0.000010129,0.000209642,1
actual,10,110,nb,0,256,6144,0.029615993,0.000115687,0.000013455,0.000199202,1
actual,11,111,nb,0,256,6144,0.030257539,0.000118194,0.000006442,0.000218979,1
actual,12,112,nb,0,256,6144,0.030856115,0.000120532,0.000008255,0.000210413,1
actual,13,113,nb,0,256,6144,0.028749538,0.000112303,0.000004328,0.000188362,1
actual,14,114,nb,0,256,6144,0.029958124,0.000117024,0.000015289,0.000197229,1
actual,15,115,nb,0,256,6144,0.029217591,0.000114131,0.000011722,0.000195366,1
actual,16,116,nb,0,256,6144,0.028450524,0.000111135,0.000007804,0.000193241,1
actual,17,117,nb,0,256,6144,0.032073121,0.000125286,0.000012193,0.000211866,1
actual,18,118,nb,0,256,6144,0.031443378,0.000122826,0.000013476,0.000206345,1
actual,19,119,nb,0,256,6144,0.026945878,0.000105257,0.000007844,0.000176861,1
actual,20,120,nb,0,256,6144,0.032139506,0.000125545,0.000007915,0.000213059,1
actual,21,121,nb,0,256,6144,0.028453801,0.000111148,0.000008196,0.000195756,1
actual,22,122,nb,0,256,6144,0.030012234,0.000117235,0.000012384,0.000207168,1
actual,23,123,nb,0,256,6144,0.027081279,0.000105786,0.000008155,0.000180177,1
actual,24,124,nb,0,256,6144,0.031790404,0.000124181,0.000007935,0.000213369,1
actual,25,125,nb,0,256,6144,0.031105430,0.000121506,0.000006673,0.000220332,1
actual,26,126,nb,0,256,6144,0.030065952,0.000117445,0.000012895,0.000195515,1
actual,27,127,nb,0,256,6144,0.029135198,0.000113809,0.000006162,0.000196938,1
actual,28,128,nb,0,256,6144,0.028631011,0.000111840,0.000013575,0.000188513,1
actual,29,129,nb,0,256,6144,0.028744766,0.000112284,0.000010410,0.000192099,1
actual,30,130,nb,0,256,6144,0.031536418,0.000123189,0.000012153,0.000214341,1
actual,31,131,nb,0,256,6144,0.030255007,0.000118184,0.000011852,0.000209592,1
actual,32,132,nb,0,256,6144,0.030608051,0.000119563,0.000014988,0.000203310,1
actual,33,133,nb,0,256,6144,0.026739431,0.000104451,0.000003717,0.000180066,1
actual,34,134,nb,0,256,6144,0.030535355,0.000119279,0.000013535,0.000209040,1
actual,35,135,nb,0,256,6144,0.030853476,0.000120521,0.000007875,0.000203480,1
actual,36,136,nb,0,256,6144,0.030238920,0.000118121,0.000013676,0.000207468,1
actual,37,137,nb,0,256,6144,0.028903828,0.000112906,0.000015639,0.000189454,1
actual,38,138,nb,0,256,6144,0.028305496,0.000110568,0.000013575,0.000186558,1
actual,39,139,nb,0,256,6144,0.027583269,0.000107747,0.000003998,0.000183443,1
actual,40,140,nb,0,256,6144,0.029169701,0.000113944,0.000009709,0.000175057,1
actual,41,141,nb,0,256,6144,0.028700785,0.000112112,0.000012784,0.000195806,1
actual,42,142,nb,0,256,6144,0.029653919,0.000115836,0.000013505,0.000197249,1
actual,43,143,nb,0,256,6144,0.029182515,0.000113994,0.000008015,0.000206787,1
actual,44,144,nb,0,256,6144,0.029145884,0.000113851,0.000018766,0.000195695,1
actual,45,145,nb,0,256,6144,0.031399057,0.000122653,0.000007864,0.000213169,1
actual,46,146,nb,0,256,6144,0.031252589,0.000122080,0.000009968,0.000207117,1
actual,47,147,nb,0,256,6144,0.028921004,0.000112973,0.000010129,0.000189394,1
actual,48,148,nb,0,256,6144,0.026950903,0.000105277,0.000007775,0.000183102,1
actual,49,149,nb,0,256,6144,0.027043290,0.000105638,0.000005741,0.000183914,1
actual,50,150,nb,0,256,6144,0.027665104,0.000108067,0.000011521,0.000183944,1
actual,51,151,nb,0,256,6144,0.027148228,0.000106048,0.000007604,0.000188482,1
actual,52,152,nb,0,256,6144,0.031661693,0.000123678,0.000007635,0.000215963,1
actual,53,153,nb,0,256,6144,0.027157092,0.000106082,0.000004168,0.000180297,1
actual,54,154,nb,0,256,6144,0.033181740,0.000129616,0.000010149,0.000220081,1
actual,55,155,nb,0,256,6144,0.027792283,0.000108564,0.000007675,0.000185797,1
actual,56,156,nb,0,256,6144,0.029282582,0.000114385,0.000007795,0.000198391,1
actual,57,157,nb,0,256,6144,0.027111364,0.000105904,0.000003717,0.000201158,1
actual,58,158,nb,0,256,6144,0.029585206,0.000115567,0.000007715,0.000205084,1
actual,59,159,nb,0,256,6144,0.029860207,0.000116641,0.000009688,0.000206106,1
actual,60,160,nb,0,256,6144,0.031654727,0.000123651,0.000017653,0.000209663,1
actual,61,161,nb,0,256,6144,0.027828830,0.000108706,0.000006001,0.000190276,1
actual,62,162,nb,0,256,6144,0.029029549,0.000113397,0.000008375,0.000195485,1
actual,63,163,nb,0,256,6144,0.028550760,0.000111526,0.000010429,0.000195956,1
actual,64,164,nb,0,256,6144,0.029701277,0.000116021,0.000013135,0.000196998,1
actual,65,165,nb,0,256,6144,0.027698340,0.000108197,0.000007975,0.000196959,1
actual,66,166,nb,0,256,6144,0.030401115,0.000118754,0.000008195,0.000202068,1
actual,67,167,nb,0,256,6144,0.024908225,0.000097298,0.000005661,0.000185008,1
actual,68,168,nb,0,256,6144,0.029128759,0.000113784,0.000011753,0.000189173,1
actual,69,169,nb,0,256,6144,0.033202591,0.000129698,0.000014427,0.000217176,1
actual,70,170,nb,0,256,6144,0.031112582,0.000121534,0.000023294,0.000201447,1
actual,71,171,nb,0,256,6144,0.026104832,0.000101972,0.000007755,0.000181639,1
actual,72,172,nb,0,256,6144,0.030701125,0.000119926,0.000016921,0.000199884,1
actual,73,173,nb,0,256,6144,0.030310755,0.000118401,0.000007644,0.000202679,1
actual,74,174,nb,0,256,6144,0.029133707,0.000113804,0.000012824,0.000189364,1
actual,75,175,nb,0,256,6144,0.029398904,0.000114839,0.000007915,0.000187541,1
actual,76,176,nb,0,256,6144,0.028980256,0.000113204,0.000009658,0.000188884,1
actual,77,177,nb,0,256,6144,0.031873305,0.000124505,0.000014687,0.000202529,1
actual,78,178,nb,0,256,6144,0.032023601,0.000125092,0.000016441,0.000209282,1
actual,79,179,nb,0,256,6144,0.029405715,0.000114866,0.000012333,0.000192831,1
actual,80,180,nb,0,256,6144,0.030275714,0.000118265,0.000013425,0.000193071,1
actual,81,181,nb,0,256,6144,0.032330544,0.000126291,0.000009749,0.000230030,1
actual,82,182,nb,0,256,6144,0.028760090,0.000112344,0.000012123,0.000192241,1
actual,83,183,nb,0,256,6144,0.030289992,0.000118320,0.000008186,0.000211155,1
actual,84,184,nb,0,256,6144,0.031406399,0.000122681,0.000013576,0.000204763,1
actual,85,185,nb,0,256,6144,0.028910764,0.000112933,0.000010500,0.000193552,1
actual,86,186,nb,0,256,6144,0.028661325,0.000111958,0.000008586,0.000189084,1
actual,87,187,nb,0,256,6144,0.028214419,0.000110213,0.000003988,0.000195045,1
actual,88,188,nb,0,256,6144,0.031626554,0.000123541,0.000013425,0.000208930,1
actual,89,189,nb,0,256,6144,0.028461442,0.000111178,0.000008115,0.000211997,1
actual,90,190,nb,0,256,6144,0.032503689,0.000126968,0.000009799,0.000215483,1
actual,91,191,nb,0,256,6144,0.029717374,0.000116083,0.000008085,0.000200675,1
actual,92,192,nb,0,256,6144,0.029544336,0.000115408,0.000015519,0.000214343,1
actual,93,193,nb,0,256,6144,0.027491428,0.000107388,0.000007945,0.000173845,1
actual,94,194,nb,0,256,6144,0.033381435,0.000130396,0.000020147,0.000216084,1
actual,95,195,nb,0,256,6144,0.029300901,0.000114457,0.000009568,0.000203190,1
actual,96,196,nb,0,256,6144,0.029004800,0.000113300,0.000015419,0.000187941,1
actual,97,197,nb,0,256,6144,0.029260384,0.000114298,0.000008245,0.000200605,1
actual,98,198,nb,0,256,6144,0.028642500,0.000111885,0.000009618,0.000194294,1
actual,99,199,nb,0,256,6144,0.028777629,0.000112413,0.000006052,0.000193101,1
warmup,0,0,nb,0,256,8192,0.068763246,0.000268606,0.000074851,0.000382317,1
warmup,1,1,nb,0,256,8192,0.030301778,0.000118366,0.000017753,0.000195157,1
warmup,2,2,nb,0,256,8192,0.030515004,0.000119199,0.000020729,0.000169158,1
warmup,3,3,nb,0,256,8192,0.031238466,0.000122025,0.000018014,0.000179147,1
warmup,4,4,nb,0,256,8192,0.033583978,0.000131187,0.000019055,0.000189857,1
warmup,5,5,nb,0,256,8192,0.031982908,0.000124933,0.000022422,0.000208803,1
warmup,6,6,nb,0,256,8192,0.032832186,0.000128251,0.000021541,0.000185958,1
warmup,7,7,nb,0,256,8192,0.028859072,0.000112731,0.000014627,0.000165852,1
warmup,8,8,nb,0,256,8192,0.032610255,0.000127384,0.000022232,0.000191448,1
warmup,9,9,nb,0,256,8192,0.029225512,0.000114162,0.000015749,0.000165081,1
warmup,10,10,nb,0,256,8192,0.032250070,0.000125977,0.000020678,0.000196129,1
warmup,11,11,nb,0,256,8192,0.031878347,0.000124525,0.000019968,0.000193004,1
warmup,12,12,nb,0,256,8192,0.032459017,0.000126793,0.000018906,0.000186508,1
warmup,13,13,nb,0,256,8192,0.028634718,0.000111854,0.000028574,0.000169687,1
warmup,14,14,nb,0,256,8192,0.030437055,0.000118895,0.000016471,0.000165381,1
warmup,15,15,nb,0,256,8192,0.030659674,0.000119764,0.000023955,0.000181900,1
warmup,16,16,nb,0,256,8192,0.030695084,0.000119903,0.000017423,0.000173194,1
warmup,17,17,nb,0,256,8192,0.030491841,0.000119109,0.000014537,0.000190518,1
warmup,18,18,nb,0,256,8192,0.033140021,0.000129453,0.000016100,0.000201576,1
warmup,19,19,nb,0,256,8192,0.032678771,0.000127651,0.000020759,0.000198604,1
warmup,20,20,nb,0,256,8192,0.031517622,0.000123116,0.000023634,0.000176369,1
warmup,21,21,nb,0,256,8192,0.032185597,0.000125725,0.000020098,0.000197692,1
warmup,22,22,nb,0,256,8192,0.031701172,0.000123833,0.000023885,0.000168968,1
warmup,23,23,nb,0,256,8192,0.032454230,0.000126774,0.000019656,0.000205376,1
warmup,24,24,nb,0,256,8192,0.033591220,0.000131216,0.000020820,0.000203402,1
warmup,25,25,nb,0,256,8192,0.031038954,0.000121246,0.000015600,0.000179786,1
warmup,26,26,nb,0,256,8192,0.030150871,0.000117777,0.000024106,0.000171892,1
warmup,27,27,nb,0,256,8192,0.032527903,0.000127062,0.000022963,0.000199486,1
warmup,28,28,nb,0,256,8192,0.033213376,0.000129740,0.000022181,0.000212600,1
warmup,29,29,nb,0,256,8192,0.030136220,0.000117720,0.000021841,0.000185519,1
warmup,30,30,nb,0,256,8192,0.034198574,0.000133588,0.000023223,0.000200224,1
warmup,31,31,nb,0,256,8192,0.032213497,0.000125834,0.000021470,0.000195268,1
warmup,32,32,nb,0,256,8192,0.031502457,0.000123056,0.000022472,0.000182984,1
warmup,33,33,nb,0,256,8192,0.029761386,0.000116255,0.000021721,0.000178486,1
warmup,34,34,nb,0,256,8192,0.029772711,0.000116300,0.000017673,0.000162606,1
warmup,35,35,nb,0,256,8192,0.030054975,0.000117402,0.000021019,0.000175187,1
warmup,36,36,nb,0,256,8192,0.033982659,0.000132745,0.000020780,0.000210506,1
warmup,37,37,nb,0,256,8192,0.031194186,0.000121852,0.000021390,0.000186118,1
warmup,38,38,nb,0,256,8192,0.030269485,0.000118240,0.000018725,0.000168296,1
warmup,39,39,nb,0,256,8192,0.030921672,0.000120788,0.000019978,0.000187964,1
warmup,40,40,nb,0,256,8192,0.029834932,0.000116543,0.000015649,0.000176460,1
warmup,41,41,nb,0,256,8192,0.029997640,0.000117178,0.000012554,0.000191861,1
warmup,42,42,nb,0,256,8192,0.033762590,0.000131885,0.000024747,0.000206369,1
warmup,43,43,nb,0,256,8192,0.028483912,0.000111265,0.000013806,0.000158266,1
warmup,44,44,nb,0,256,8192,0.030596764,0.000119519,0.000016220,0.000171042,1
warmup,45,45,nb,0,256,8192,0.030920179,0.000120782,0.000027511,0.000188856,1
warmup,46,46,nb,0,256,8192,0.030593973,0.000119508,0.000023815,0.000173965,1
warmup,47,47,nb,0,256,8192,0.031219290,0.000121950,0.000025337,0.000184746,1
warmup,48,48,nb,0,256,8192,0.031712306,0.000123876,0.000023584,0.000187403,1
warmup,49,49,nb,0,256,8192,0.030690464,0.000119885,0.000026159,0.000175718,1
warmup,50,50,nb,0,256,8192,0.031404581,0.000122674,0.000024736,0.000195387,1
warmup,51,51,nb,0,256,8192,0.030120773,0.000117659,0.000031970,0.000179365,1
warmup,52,52,nb,0,256,8192,0.031137977,0.000121633,0.000019406,0.000169229,1
warmup,53,53,nb,0,256,8192,0.028444157,0.000111110,0.000013956,0.000179016,1
warmup,54,54,nb,0,256,8192,0.031266423,0.000122134,0.000023734,0.000182052,1
warmup,55,55,nb,0,256,8192,0.029836902,0.000116550,0.000009818,0.000184077,1
warmup,56,56,nb,0,256,8192,0.032632982,0.000127473,0.000017232,0.000187821,1
warmup,57,57,nb,0,256,8192,0.029495836,0.000115218,0.000025067,0.000171583,1
warmup,58,58,nb,0,256,8192,0.030749030,0.000120113,0.000019366,0.000166512,1
warmup,59,59,nb,0,256,8192,0.028979267,0.000113200,0.000015790,0.000167934,1
warmup,60,60,nb,0,256,8192,0.033916738,0.000132487,0.000028283,0.000213141,1
warmup,61,61,nb,0,256,8192,0.032373371,0.000126458,0.000022913,0.000200727,1
warmup,62,62,nb,0,256,8192,0.030013912,0.000117242,0.000024416,0.000162866,1
warmup,63,63,nb,0,256,8192,0.029848297,0.000116595,0.000018335,0.000178955,1
warmup,64,64,nb,0,256,8192,0.032695063,0.000127715,0.000027662,0.000201569,1
warmup,65,65,nb,0,256,8192,0.028913700,0.000112944,0.000013476,0.000161033,1
warmup,66,66,nb,0,256,8192,0.030584772,0.000119472,0.000018765,0.000173083,1
warmup,67,67,nb,0,256,8192,0.029810743,0.000116448,0.000008727,0.000174556,1
warmup,68,68,nb,0,256,8192,0.030484417,0.000119080,0.000024105,0.000174146,1
warmup,69,69,nb,0,256,8192,0.028855991,0.000112719,0.000025488,0.000166002,1
warmup,70,70,nb,0,256,8192,0.030563069,0.000119387,0.000017123,0.000165890,1
warmup,71,71,nb,0,256,8192,0.029804159,0.000116422,0.000017302,0.000170489,1
warmup,72,72,nb,0,256,8192,0.031867647,0.000124483,0.000024536,0.000189624,1
warmup,73,73,nb,0,256,8192,0.030492384,0.000119111,0.000021631,0.000187442,1
warmup,74,74,nb,0,256,8192,0.030994905,0.000121074,0.000016932,0.000172665,1
warmup,75,75,nb,0,256,8192,0.029835330,0.000116544,0.000020980,0.000179157,1
warmup,76,76,nb,0,256,8192,0.033750087,0.000131836,0.000027541,0.000187512,1
warmup,77,77,nb,0,256,8192,0.030735183,0.000120059,0.000016441,0.000174198,1
warmup,78,78,nb,0,256,8192,0.029604224,0.000115641,0.000014147,0.000168737,1
warmup,79,79,nb,0,256,8192,0.030698650,0.000119917,0.000020098,0.000168297,1
warmup,80,80,nb,0,256,8192,0.033621966,0.000131336,0.000024566,0.000208853,1
warmup,81,81,nb,0,256,8192,0.030878836,0.000120620,0.000026109,0.000177304,1
warmup,82,82,nb,0,256,8192,0.030866941,0.000120574,0.000013675,0.000174847,1
warmup,83,83,nb,0,256,8192,0.028871771,0.000112780,0.000018886,0.000165830,1
warmup,84,84,nb,0,256,8192,0.031004631,0.000121112,0.000016982,0.000171932,1
warmup,85,85,nb,0,256,8192,0.030275688,0.000118264,0.000022472,0.000172585,1
warmup,86,86,nb,0,256,8192,0.033632844,0.000131378,0.000028965,0.000210225,1
warmup,87,87,nb,0,256,8192,0.032462980,0.000126809,0.000019827,0.000200156,1
warmup,88,88,nb,0,256,8192,0.033675702,0.000131546,0.000024346,0.000191297,1
warmup,89,89,nb,0,256,8192,0.030283711,0.000118296,0.000020719,0.000180560,1
warmup,90,90,nb,0,256,8192,0.030568769,0.000119409,0.000017072,0.000167536,1
warmup,91,91,nb,0,256,8192,0.031038179,0.000121243,0.000024547,0.000196660,1
warmup,92,92,nb,0,256,8192,0.030860774,0.000120550,0.000016792,0.000177171,1
warmup,93,93,nb,0,256,8192,0.029055221,0.000113497,0.000014207,0.000170379,1
warmup,94,94,nb,0,256,8192,0.032835595,0.000128264,0.000021440,0.000180279,1
warmup,95,95,nb,0,256,8192,0.029299319,0.000114450,0.000013416,0.000166401,1
warmup,96,96,nb,0,256,8192,0.031485831,0.000122992,0.000029345,0.000175949,1
warmup,97,97,nb,0,256,8192,0.031196774,0.000121862,0.000020759,0.000175057,1
warmup,98,98,nb,0,256,8192,0.033035372,0.000129044,0.000019056,0.000188142,1
warmup,99,99,nb,0,256,8192,0.031630891,0.000123558,0.000017834,0.000195608,1
actual,0,100,nb,0,256,8192,0.032110870,0.000125433,0.000020038,0.000185327,1
actual,1,101,nb,0,256,8192,0.029606192,0.000115649,0.000017964,0.000173717,1
actual,2,102,nb,0,256,8192,0.032132924,0.000125519,0.000025498,0.000195658,1
actual,3,103,nb,0,256,8192,0.028765987,0.000112367,0.000012744,0.000165591,1
actual,4,104,nb,0,256,8192,0.029847556,0.000116592,0.000017954,0.000167015,1
actual,5,105,nb,0,256,8192,0.027861505,0.000108834,0.000020899,0.000157154,1
actual,6,106,nb,0,256,8192,0.032570585,0.000127229,0.000022613,0.000195586,1
actual,7,107,nb,0,256,8192,0.029840847,0.000116566,0.000015239,0.000163788,1
actual,8,108,nb,0,256,8192,0.032800430,0.000128127,0.000025628,0.000190567,1
actual,9,109,nb,0,256,8192,0.028430580,0.000111057,0.000012503,0.000165001,1
actual,10,110,nb,0,256,8192,0.032456189,0.000126782,0.000020008,0.000197843,1
actual,11,111,nb,0,256,8192,0.031002569,0.000121104,0.000013756,0.000191962,1
actual,12,112,nb,0,256,8192,0.031837893,0.000124367,0.000029245,0.000176792,1
actual,13,113,nb,0,256,8192,0.040982487,0.000160088,0.000045636,0.000248508,1
actual,14,114,nb,0,256,8192,0.031899951,0.000124609,0.000018945,0.000200097,1
actual,15,115,nb,0,256,8192,0.033319931,0.000130156,0.000023214,0.000212850,1
actual,16,116,nb,0,256,8192,0.031567879,0.000123312,0.000026169,0.000183976,1
actual,17,117,nb,0,256,8192,0.032278726,0.000126089,0.000014147,0.000217346,1
actual,18,118,nb,0,256,8192,0.033899461,0.000132420,0.000027182,0.000201169,1
actual,19,119,nb,0,256,8192,0.033721430,0.000131724,0.000020449,0.000212741,1
actual,20,120,nb,0,256,8192,0.033455420,0.000130685,0.000021591,0.000209725,1
actual,21,121,nb,0,256,8192,0.031975431,0.000124904,0.000020438,0.000202240,1
actual,22,122,nb,0,256,8192,0.030977630,0.000121006,0.000018675,0.000183443,1
actual,23,123,nb,0,256,8192,0.030425413,0.000118849,0.000021451,0.000181051,1
actual,24,124,nb,0,256,8192,0.030611060,0.000119574,0.000021891,0.000168628,1
actual,25,125,nb,0,256,8192,0.033736933,0.000131785,0.000022312,0.000211287,1
actual,26,126,nb,0,256,8192,0.033931641,0.000132545,0.000025017,0.000213061,1
actual,27,127,nb,0,256,8192,0.031517836,0.000123117,0.000020478,0.000189336,1
actual,28,128,nb,0,256,8192,0.030823667,0.000120405,0.000022843,0.000170671,1
actual,29,129,nb,0,256,8192,0.033220067,0.000129766,0.000023023,0.000205366,1
actual,30,130,nb,0,256,8192,0.032541139,0.000127114,0.000025528,0.000184747,1
actual,31,131,nb,0,256,8192,0.032858311,0.000128353,0.000025027,0.000205485,1
actual,32,132,nb,0,256,8192,0.031252415,0.000122080,0.000023995,0.000191209,1
actual,33,133,nb,0,256,8192,0.030231451,0.000118092,0.000014808,0.000177823,1
actual,34,134,nb,0,256,8192,0.031525449,0.000123146,0.000026480,0.000175307,1
actual,35,135,nb,0,256,8192,0.030615627,0.000119592,0.000018785,0.000172402,1
actual,36,136,nb,0,256,8192,0.032526662,0.000127057,0.000022823,0.000191879,1
actual,37,137,nb,0,256,8192,0.030988033,0.000121047,0.000023675,0.000185938,1
actual,38,138,nb,0,256,8192,0.032826499,0.000128229,0.000024947,0.000185758,1
actual,39,139,nb,0,256,8192,0.030028470,0.000117299,0.000013826,0.000178914,1
actual,40,140,nb,0,256,8192,0.033159105,0.000129528,0.000026460,0.000199485,1
actual,41,141,nb,0,256,8192,0.030735490,0.000120061,0.000018154,0.000173145,1
actual,42,142,nb,0,256,8192,0.033672022,0.000131531,0.000020639,0.000205106,1
actual,43,143,nb,0,256,8192,0.028460566,0.000111174,0.000012554,0.000174849,1
actual,44,144,nb,0,256,8192,0.030879112,0.000120622,0.000026890,0.000172512,1
actual,45,145,nb,0,256,8192,0.030543015,0.000119309,0.000023825,0.000185700,1
actual,46,146,nb,0,256,8192,0.032738733,0.000127886,0.000024877,0.000201357,1
actual,47,147,nb,0,256,8192,0.029042350,0.000113447,0.000009708,0.000167516,1
actual,48,148,nb,0,256,8192,0.030017402,0.000117255,0.000020348,0.000165020,1
actual,49,149,nb,0,256,8192,0.031695889,0.000123812,0.000022322,0.000211859,1
actual,50,150,nb,0,256,8192,0.030572330,0.000119423,0.000018185,0.000184114,1
actual,51,151,nb,0,256,8192,0.027673443,0.000108099,0.000010770,0.000159269,1
actual,52,152,nb,0,256,8192,0.033873644,0.000132319,0.000027702,0.000219694,1
actual,53,153,nb,0,256,8192,0.031750808,0.000124027,0.000023484,0.000190947,1
actual,54,154,nb,0,256,8192,0.030996420,0.000121080,0.000025969,0.000177031,1
actual,55,155,nb,0,256,8192,0.029862922,0.000116652,0.000021991,0.000176312,1
actual,56,156,nb,0,256,8192,0.032850569,0.000128323,0.000020308,0.000194023,1
actual,57,157,nb,0,256,8192,0.031527584,0.000123155,0.000029045,0.000190699,1
actual,58,158,nb,0,256,8192,0.030957489,0.000120928,0.000015559,0.000201317,1
actual,59,159,nb,0,256,8192,0.029437532,0.000114990,0.000025628,0.000168147,1
actual,60,160,nb,0,256,8192,0.030566546,0.000119401,0.000020398,0.000167324,1
actual,61,161,nb,0,256,8192,0.031768703,0.000124096,0.000023164,0.000175060,1
actual,62,162,nb,0,256,8192,0.031404938,0.000122676,0.000024876,0.000171401,1
actual,63,163,nb,0,256,8192,0.028291132,0.000110512,0.000014617,0.000160100,1
actual,64,164,nb,0,256,8192,0.030921242,0.000120786,0.000015219,0.000172793,1
actual,65,165,nb,0,256,8192,0.030936536,0.000120846,0.000020268,0.000180300,1
actual,66,166,nb,0,256,8192,0.029915679,0.000116858,0.000020799,0.000173064,1
actual,67,167,nb,0,256,8192,0.029810728,0.000116448,0.000015159,0.000197752,1
actual,68,168,nb,0,256,8192,0.030810353,0.000120353,0.000019547,0.000174997,1
actual,69,169,nb,0,256,8192,0.029656257,0.000115845,0.000010580,0.000164168,1
actual,70,170,nb,0,256,8192,0.030802103,0.000120321,0.000018855,0.000173687,1
actual,71,171,nb,0,256,8192,0.029455025,0.000115059,0.000024957,0.000170390,1
actual,72,172,nb,0,256,8192,0.030262103,0.000118211,0.000020198,0.000166150,1
actual,73,173,nb,0,256,8192,0.028346190,0.000110727,0.000015469,0.000159448,1
actual,74,174,nb,0,256,8192,0.032042785,0.000125167,0.000019446,0.000182251,1
actual,75,175,nb,0,256,8192,0.032339875,0.000126328,0.000022412,0.000201429,1
actual,76,176,nb,0,256,8192,0.032313389,0.000126224,0.000020799,0.000213970,1
actual,77,177,nb,0,256,8192,0.029907701,0.000116827,0.000021871,0.000163939,1
actual,78,178,nb,0,256,8192,0.033154401,0.000129509,0.000030838,0.000185148,1
actual,79,179,nb,0,256,8192,0.030917438,0.000120771,0.000019567,0.000179648,1
actual,80,180,nb,0,256,8192,0.034057289,0.000133036,0.000025829,0.000206699,1
actual,81,181,nb,0,256,8192,0.030317722,0.000118429,0.000023525,0.000181922,1
actual,82,182,nb,0,256,8192,0.033424061,0.000130563,0.000021120,0.000218852,1
actual,83,183,nb,0,256,8192,0.030921078,0.000120785,0.000012975,0.000177124,1
actual,84,184,nb,0,256,8192,0.033134661,0.000129432,0.000022392,0.000195698,1
actual,85,185,nb,0,256,8192,0.028442133,0.000111102,0.000010820,0.000161093,1
actual,86,186,nb,0,256,8192,0.032372905,0.000126457,0.000028764,0.000192249,1
actual,87,187,nb,0,256,8192,0.029358082,0.000114680,0.000016020,0.000161492,1
actual,88,188,nb,0,256,8192,0.031317939,0.000122336,0.000023103,0.000184597,1
actual,89,189,nb,0,256,8192,0.031107378,0.000121513,0.000020098,0.000202881,1
actual,90,190,nb,0,256,8192,0.030645515,0.000119709,0.000027642,0.000184274,1
actual,91,191,nb,0,256,8192,0.029218777,0.000114136,0.000014257,0.000164267,1
actual,92,192,nb,0,256,8192,0.030647365,0.000119716,0.000017472,0.000171881,1
actual,93,193,nb,0,256,8192,0.030356401,0.000118580,0.000027241,0.000173857,1
actual,94,194,nb,0,256,8192,0.031301249,0.000122271,0.000022542,0.000171631,1
actual,95,195,nb,0,256,8192,0.029305183,0.000114473,0.000020669,0.000179558,1
actual,96,196,nb,0,256,8192,0.033909942,0.000132461,0.000022102,0.000209003,1
actual,97,197,nb,0,256,8192,0.032112687,0.000125440,0.000015970,0.000201800,1
actual,98,198,nb,0,256,8192,0.032843758,0.000128296,0.000033834,0.000189805,1
actual,99,199,nb,0,256,8192,0.029322541,0.000114541,0.000013656,0.000167616,1
warmup,0,0,nb,0,256,12288,0.345610144,0.001350040,0.001235957,0.001522204,1
warmup,1,1,nb,0,256,12288,0.112275968,0.000438578,0.000330921,0.001526212,1
warmup,2,2,nb,0,256,12288,0.145907462,0.000569951,0.000333454,0.000758526,1
warmup,3,3,nb,0,256,12288,0.157766267,0.000616274,0.000370004,0.002929082,1
warmup,4,4,nb,0,256,12288,0.104439761,0.000407968,0.000308839,0.000773676,1
warmup,5,5,nb,0,256,12288,0.105509671,0.000412147,0.000320132,0.001503105,1
warmup,6,6,nb,0,256,12288,0.110371809,0.000431140,0.000318216,0.001515351,1
warmup,7,7,nb,0,256,12288,0.102948087,0.000402141,0.000315912,0.000606765,1
warmup,8,8,nb,0,256,12288,0.112777448,0.000440537,0.000330922,0.001510183,1
warmup,9,9,nb,0,256,12288,0.101722385,0.000397353,0.000318418,0.000557738,1
warmup,10,10,nb,0,256,12288,0.103704605,0.000405096,0.000313039,0.001487780,1
warmup,11,11,nb,0,256,12288,0.106142921,0.000414621,0.000319138,0.001555895,1
warmup,12,12,nb,0,256,12288,0.103318174,0.000403587,0.000323236,0.000555325,1
warmup,13,13,nb,0,256,12288,0.098714370,0.000385603,0.000276410,0.001398245,1
warmup,14,14,nb,0,256,12288,0.103479021,0.000404215,0.000289272,0.001511412,1
warmup,15,15,nb,0,256,12288,0.105085053,0.000410488,0.000336232,0.000614135,1
warmup,16,16,nb,0,256,12288,0.101545519,0.000396662,0.000315844,0.000546658,1
warmup,17,17,nb,0,256,12288,0.106676040,0.000416703,0.000307527,0.000553982,1
warmup,18,18,nb,0,256,12288,0.104421824,0.000407898,0.000301314,0.001487469,1
warmup,19,19,nb,0,256,12288,0.106730642,0.000416917,0.000336424,0.000845289,1
warmup,20,20,nb,0,256,12288,0.103898085,0.000405852,0.000331401,0.000565923,1
warmup,21,21,nb,0,256,12288,0.102788042,0.000401516,0.000311094,0.000613557,1
warmup,22,22,nb,0,256,12288,0.106147503,0.000414639,0.000342515,0.000572418,1
warmup,23,23,nb,0,256,12288,0.101300867,0.000395707,0.000307687,0.000597974,1
warmup,24,24,nb,0,256,12288,0.097956263,0.000382642,0.000300722,0.000551061,1
warmup,25,25,nb,0,256,12288,0.108690003,0.000424570,0.000343637,0.001524436,1
warmup,26,26,nb,0,256,12288,0.101792855,0.000397628,0.000307004,0.000543442,1
warmup,27,27,nb,0,256,12288,0.099775216,0.000389747,0.000303299,0.000555134,1
warmup,28,28,nb,0,256,12288,0.101636463,0.000397017,0.000324390,0.000567207,1
warmup,29,29,nb,0,256,12288,0.102708809,0.000401206,0.000319950,0.000554854,1
warmup,30,30,nb,0,256,12288,0.101084246,0.000394860,0.000311154,0.000545318,1
warmup,31,31,nb,0,256,12288,0.101149948,0.000395117,0.000297602,0.000556536,1
warmup,32,32,nb,0,256,12288,0.103485742,0.000404241,0.000301957,0.000571975,1
warmup,33,33,nb,0,256,12288,0.105532305,0.000412236,0.000322156,0.000556016,1
warmup,34,34,nb,0,256,12288,0.102897280,0.000401942,0.000324562,0.000555609,1
warmup,35,35,nb,0,256,12288,0.107513736,0.000419976,0.000348546,0.000556451,1
warmup,36,36,nb,0,256,12288,0.099729747,0.000389569,0.000300062,0.000546297,1
warmup,37,37,nb,0,256,12288,0.103270637,0.000403401,0.000332713,0.000583020,1
warmup,38,38,nb,0,256,12288,0.100047857,0.000390812,0.000296907,0.000566059,1
warmup,39,39,nb,0,256,12288,0.100876411,0.000394048,0.000307136,0.000565124,1
warmup,40,40,nb,0,256,12288,0.101567134,0.000396747,0.000307530,0.000570895,1
warmup,41,41,nb,0,256,12288,0.106250426,0.000415041,0.000344157,0.000598048,1
warmup,42,42,nb,0,256,12288,0.102222905,0.000399308,0.000313557,0.000592164,1
warmup,43,43,nb,0,256,12288,0.103410024,0.000403945,0.000323907,0.000571675,1
warmup,44,44,nb,0,256,12288,0.103671475,0.000404967,0.000324853,0.000536439,1
warmup,45,45,nb,0,256,12288,0.101139087,0.000395075,0.000294332,0.000566506,1
warmup,46,46,nb,0,256,12288,0.101419310,0.000396169,0.000315774,0.000600640,1
warmup,47,47,nb,0,256,12288,0.103593971,0.000404664,0.000304893,0.000606461,1
warmup,48,48,nb,0,256,12288,0.107241892,0.000418914,0.000348395,0.000564200,1
warmup,49,49,nb,0,256,12288,0.101205251,0.000395333,0.000307549,0.000594038,1
warmup,50,50,nb,0,256,12288,0.101309619,0.000395741,0.000313979,0.000564171,1
warmup,51,51,nb,0,256,12288,0.102102356,0.000398837,0.000308208,0.000588778,1
warmup,52,52,nb,0,256,12288,0.100825432,0.000393849,0.000321184,0.000557137,1
warmup,53,53,nb,0,256,12288,0.103790832,0.000405433,0.000327324,0.000559922,1
warmup,54,54,nb,0,256,12288,0.103063082,0.000402590,0.000323588,0.000555634,1
warmup,55,55,nb,0,256,12288,0.102468178,0.000400266,0.000311624,0.000570344,1
warmup,56,56,nb,0,256,12288,0.104315095,0.000407481,0.000329948,0.000626221,1
warmup,57,57,nb,0,256,12288,0.100531709,0.000392702,0.000281567,0.000574671,1
warmup,58,58,nb,0,256,12288,0.105861556,0.000413522,0.000302096,0.000568719,1
warmup,59,59,nb,0,256,12288,0.102039046,0.000398590,0.000296325,0.000569582,1
warmup,60,60,nb,0,256,12288,0.108216955,0.000422722,0.000295606,0.000672374,1
warmup,61,61,nb,0,256,12288,0.098816083,0.000386000,0.000287772,0.000542530,1
warmup,62,62,nb,0,256,12288,0.099454851,0.000388496,0.000299823,0.000564362,1
warmup,63,63,nb,0,256,12288,0.102362542,0.000399854,0.000319152,0.000546527,1
warmup,64,64,nb,0,256,12288,0.101338063,0.000395852,0.000302399,0.000543903,1
warmup,65,65,nb,0,256,12288,0.105207753,0.000410968,0.000317576,0.000565723,1
warmup,66,66,nb,0,256,12288,0.103274133,0.000403415,0.000316824,0.000550055,1
warmup,67,67,nb,0,256,12288,0.103807686,0.000405499,0.000333083,0.000577327,1
warmup,68,68,nb,0,256,12288,0.102424071,0.000400094,0.000318790,0.000563233,1
warmup,69,69,nb,0,256,12288,0.102377172,0.000399911,0.000318818,0.000587515,1
warmup,70,70,nb,0,256,12288,0.103819325,0.000405544,0.000325722,0.000550274,1
warmup,71,71,nb,0,256,12288,0.101832007,0.000397781,0.000325462,0.000552092,1
warmup,72,72,nb,0,256,12288,0.105230900,0.000411058,0.000343155,0.000572541,1
warmup,73,73,nb,0,256,12288,0.098721234,0.000385630,0.000303179,0.000607363,1
warmup,74,74,nb,0,256,12288,0.102001455,0.000398443,0.000309059,0.000570938,1
warmup,75,75,nb,0,256,12288,0.099274640,0.000387792,0.000317525,0.000546678,1
warmup,76,76,nb,0,256,12288,0.101488349,0.000396439,0.000330512,0.000563240,1
warmup,77,77,nb,0,256,12288,0.101592532,0.000396846,0.000331012,0.000546858,1
warmup,78,78,nb,0,256,12288,0.099084196,0.000387048,0.000288240,0.000570113,1
warmup,79,79,nb,0,256,12288,0.101581749,0.000396804,0.000304193,0.000585522,1
warmup,80,80,nb,0,256,12288,0.103967278,0.000406122,0.000320501,0.000569838,1
warmup,81,81,nb,0,256,12288,0.101054194,0.000394743,0.000308859,0.000544618,1
warmup,82,82,nb,0,256,12288,0.100174705,0.000391307,0.000298490,0.000548344,1
warmup,83,83,nb,0,256,12288,0.104019345,0.000406326,0.000341412,0.000554806,1
warmup,84,84,nb,0,256,12288,0.101405636,0.000396116,0.000311584,0.000544274,1
warmup,85,85,nb,0,256,12288,0.101743458,0.000397435,0.000294993,0.000579910,1
warmup,86,86,nb,0,256,12288,0.101929287,0.000398161,0.000326526,0.000556937,1
warmup,87,87,nb,0,256,12288,0.109883405,0.000429232,0.000327125,0.000665491,1
warmup,88,88,nb,0,256,12288,0.096861605,0.000378366,0.000282450,0.000563790,1
warmup,89,89,nb,0,256,12288,0.101682660,0.000397198,0.000314390,0.000542219,1
warmup,90,90,nb,0,256,12288,0.101303546,0.000395717,0.000300714,0.000529877,1
warmup,91,91,nb,0,256,12288,0.104286022,0.000407367,0.000326622,0.000592654,1
warmup,92,92,nb,0,256,12288,0.102449105,0.000400192,0.000335140,0.000549793,1
warmup,93,93,nb,0,256,12288,0.108381944,0.000423367,0.000297227,0.000675801,1
warmup,94,94,nb,0,256,12288,0.103432843,0.000404035,0.000325021,0.000560448,1
warmup,95,95,nb,0,256,12288,0.103091451,0.000402701,0.000310060,0.000556837,1
warmup,96,96,nb,0,256,12288,0.101212229,0.000395360,0.000318539,0.000591243,1
warmup,97,97,nb,0,256,12288,0.102925706,0.000402054,0.000308499,0.000549027,1
warmup,98,98,nb,0,256,12288,0.101550815,0.000396683,0.000318008,0.000552298,1
warmup,99,99,nb,0,256,12288,0.102943281,0.000402122,0.000303029,0.000573959,1
actual,0,100,nb,0,256,12288,0.103787816,0.000405421,0.000334409,0.000594829,1
actual,1,101,nb,0,256,12288,0.100634265,0.000393103,0.000282049,0.000567076,1
actual,2,102,nb,0,256,12288,0.103089743,0.000402694,0.000318237,0.000569441,1
actual,3,103,nb,0,256,12288,0.098668846,0.000385425,0.000310101,0.000552809,1
actual,4,104,nb,0,256,12288,0.100059000,0.000390855,0.000303249,0.000552608,1
actual,5,105,nb,0,256,12288,0.105190368,0.000410900,0.000339570,0.000560999,1
actual,6,106,nb,0,256,12288,0.100635405,0.000393107,0.000290044,0.000540449,1
actual,7,107,nb,0,256,12288,0.104105475,0.000406662,0.000341742,0.000549854,1
actual,8,108,nb,0,256,12288,0.097258840,0.000379917,0.000294822,0.000533043,1
actual,9,109,nb,0,256,12288,0.100958661,0.000394370,0.000331734,0.000622384,1
actual,10,110,nb,0,256,12288,0.101369443,0.000395974,0.000299382,0.000595541,1
actual,11,111,nb,0,256,12288,0.102901948,0.000401961,0.000324940,0.000540377,1
actual,12,112,nb,0,256,12288,0.100692578,0.000393330,0.000291407,0.000584871,1
actual,13,113,nb,0,256,12288,0.101687067,0.000397215,0.000329610,0.000560936,1
actual,14,114,nb,0,256,12288,0.103727714,0.000405186,0.000328875,0.000550176,1
actual,15,115,nb,0,256,12288,0.100758892,0.000393589,0.000309911,0.000568170,1
actual,16,116,nb,0,256,12288,0.103021616,0.000402428,0.000316535,0.000554804,1
actual,17,117,nb,0,256,12288,0.127336676,0.000497409,0.000294382,0.000621271,1
actual,18,118,nb,0,256,12288,0.102328346,0.000399720,0.000333654,0.000584169,1
actual,19,119,nb,0,256,12288,0.103617848,0.000404757,0.000338228,0.000584931,1
actual,20,120,nb,0,256,12288,0.096586850,0.000377292,0.000291086,0.000586173,1
actual,21,121,nb,0,256,12288,0.100899632,0.000394139,0.000325712,0.000589960,1
actual,22,122,nb,0,256,12288,0.100400741,0.000392190,0.000299772,0.000577958,1
actual,23,123,nb,0,256,12288,0.101805322,0.000397677,0.000295905,0.000550044,1
actual,24,124,nb,0,256,12288,0.102200436,0.000399220,0.000307858,0.000589158,1
actual,25,125,nb,0,256,12288,0.099023974,0.000386812,0.000304521,0.000533433,1
actual,26,126,nb,0,256,12288,0.101194426,0.000395291,0.000295886,0.000580211,1
actual,27,127,nb,0,256,12288,0.100207046,0.000391434,0.000324828,0.000548515,1
actual,28,128,nb,0,256,12288,0.102892977,0.000401926,0.000332407,0.000595560,1
actual,29,129,nb,0,256,12288,0.101266996,0.000395574,0.000307176,0.000543697,1
actual,30,130,nb,0,256,12288,0.102768780,0.000401441,0.000313809,0.000586006,1
actual,31,131,nb,0,256,12288,0.102050866,0.000398636,0.000320062,0.000574675,1
actual,32,132,nb,0,256,12288,0.102951780,0.000402155,0.000324440,0.000578257,1
actual,33,133,nb,0,256,12288,0.104798005,0.000409367,0.000321010,0.000583191,1
actual,34,134,nb,0,256,12288,0.101685878,0.000397210,0.000328695,0.000560533,1
actual,35,135,nb,0,256,12288,0.098231008,0.000383715,0.000292669,0.000538702,1
actual,36,136,nb,0,256,12288,0.103252364,0.000403330,0.000331804,0.000553701,1
actual,37,137,nb,0,256,12288,0.101013170,0.000394583,0.000309910,0.000557058,1
actual,38,138,nb,0,256,12288,0.105284284,0.000411267,0.000333756,0.000602554,1
actual,39,139,nb,0,256,12288,0.102360880,0.000399847,0.000320572,0.000558530,1
actual,40,140,nb,0,256,12288,0.105467243,0.000411981,0.000329571,0.000587154,1
actual,41,141,nb,0,256,12288,0.107851925,0.000421297,0.000315402,0.000580726,1
actual,42,142,nb,0,256,12288,0.100238683,0.000391557,0.000318709,0.000548613,1
actual,43,143,nb,0,256,12288,0.101916383,0.000398111,0.000332195,0.000599518,1
actual,44,144,nb,0,256,12288,0.104518922,0.000408277,0.000331232,0.000551547,1
actual,45,145,nb,0,256,12288,0.103488795,0.000404253,0.000319671,0.000576725,1
actual,46,146,nb,0,256,12288,0.099346626,0.000388073,0.000290334,0.000592165,1
actual,47,147,nb,0,256,12288,0.099174288,0.000387400,0.000302908,0.000552168,1
actual,48,148,nb,0,256,12288,0.101608193,0.000396907,0.000319969,0.000548773,1
actual,49,149,nb,0,256,12288,0.102723997,0.000401266,0.000312699,0.000562918,1
actual,50,150,nb,0,256,12288,0.106181922,0.000414773,0.000337785,0.000557740,1
actual,51,151,nb,0,256,12288,0.105615668,0.000412561,0.000303409,0.000569945,1
actual,52,152,nb,0,256,12288,0.096268908,0.000376050,0.000294925,0.000582216,1
actual,53,153,nb,0,256,12288,0.100015369,0.000390685,0.000319942,0.000564280,1
actual,54,154,nb,0,256,12288,0.102688584,0.000401127,0.000331594,0.000589168,1
actual,55,155,nb,0,256,12288,0.104605263,0.000408614,0.000336553,0.000601161,1
actual,56,156,nb,0,256,12288,0.101243272,0.000395482,0.000312077,0.000573946,1
actual,57,157,nb,0,256,12288,0.101798733,0.000397651,0.000312005,0.000547970,1
actual,58,158,nb,0,256,12288,0.106122958,0.000414543,0.000343987,0.000556125,1
actual,59,159,nb,0,256,12288,0.101874330,0.000397947,0.000325532,0.000574334,1
actual,60,160,nb,0,256,12288,0.099375107,0.000388184,0.000311734,0.000556006,1
actual,61,161,nb,0,256,12288,0.099670528,0.000389338,0.000287673,0.000553712,1
actual,62,162,nb,0,256,12288,0.099032811,0.000386847,0.000300874,0.000541448,1
actual,63,163,nb,0,256,12288,0.100461638,0.000392428,0.000303902,0.000558264,1
actual,64,164,nb,0,256,12288,0.102009664,0.000398475,0.000317277,0.000551316,1
actual,65,165,nb,0,256,12288,0.100047239,0.000390810,0.000305073,0.000570444,1
actual,66,166,nb,0,256,12288,0.097586641,0.000381198,0.000286027,0.000563564,1
actual,67,167,nb,0,256,12288,0.103124817,0.000402831,0.000334539,0.000540997,1
actual,68,168,nb,0,256,12288,0.105701006,0.000412895,0.000338747,0.000577049,1
actual,69,169,nb,0,256,12288,0.101002011,0.000394539,0.000297448,0.000555635,1
actual,70,170,nb,0,256,12288,0.102620120,0.000400860,0.000313107,0.000563430,1
actual,71,171,nb,0,256,12288,0.100210492,0.000391447,0.000315453,0.000552018,1
actual,72,172,nb,0,256,12288,0.099589113,0.000389020,0.000305322,0.000572908,1
actual,73,173,nb,0,256,12288,0.101969974,0.000398320,0.000298892,0.000568687,1
actual,74,174,nb,0,256,12288,0.101658585,0.000397104,0.000312977,0.000551337,1
actual,75,175,nb,0,256,12288,0.097354749,0.000380292,0.000306092,0.000536228,1
actual,76,176,nb,0,256,12288,0.101690907,0.000397230,0.000301685,0.000566125,1
actual,77,177,nb,0,256,12288,0.101983072,0.000398371,0.000329867,0.000548438,1
actual,78,178,nb,0,256,12288,0.105544571,0.000412283,0.000346087,0.000556165,1
actual,79,179,nb,0,256,12288,0.097895781,0.000382405,0.000296016,0.000557738,1
actual,80,180,nb,0,256,12288,0.100300894,0.000391800,0.000320832,0.000548632,1
actual,81,181,nb,0,256,12288,0.100741091,0.000393520,0.000318978,0.000542770,1
actual,82,182,nb,0,256,12288,0.099572381,0.000388955,0.000302447,0.000549323,1
actual,83,183,nb,0,256,12288,0.100867863,0.000394015,0.000295193,0.000544123,1
actual,84,184,nb,0,256,12288,0.101142968,0.000395090,0.000303500,0.000557829,1
actual,85,185,nb,0,256,12288,0.098841734,0.000386101,0.000298423,0.000564245,1
actual,86,186,nb,0,256,12288,0.102060350,0.000398673,0.000314380,0.000549533,1
actual,87,187,nb,0,256,12288,0.103599498,0.000404686,0.000292809,0.000569491,1
actual,88,188,nb,0,256,12288,0.098903999,0.000386344,0.000290776,0.000579180,1
actual,89,189,nb,0,256,12288,0.100779873,0.000393671,0.000324448,0.000541037,1
actual,90,190,nb,0,256,12288,0.104030979,0.000406371,0.000329718,0.000574104,1
actual,91,191,nb,0,256,12288,0.102004088,0.000398453,0.000304613,0.000581909,1
actual,92,192,nb,0,256,12288,0.099208598,0.000387534,0.000298279,0.000569611,1
actual,93,193,nb,0,256,12288,0.095513450,0.000373099,0.000273303,0.000552759,1
actual,94,194,nb,0,256,12288,0.102944118,0.000402125,0.000324461,0.000570980,1
actual,95,195,nb,0,256,12288,0.106803055,0.000417199,0.000300113,0.000604597,1
actual,96,196,nb,0,256,12288,0.097363259,0.000380325,0.000277921,0.000543872,1
actual,97,197,nb,0,256,12288,0.103471881,0.000404187,0.000318507,0.000597854,1
actual,98,198,nb,0,256,12288,0.097359843,0.000380312,0.000291991,0.000565297,1
actual,99,199,nb,0,256,12288,0.100756790,0.000393581,0.000320082,0.000584680,1
warmup,0,0,nb,0,256,16384,0.102152917,0.000399035,0.000315755,0.000559201,1
warmup,1,1,nb,0,256,16384,0.101754916,0.000397480,0.000321854,0.000551888,1
warmup,2,2,nb,0,256,16384,0.102836978,0.000401707,0.000310452,0.000554262,1
warmup,3,3,nb,0,256,16384,0.104962520,0.000410010,0.000348788,0.000546499,1
warmup,4,4,nb,0,256,16384,0.101087200,0.000394872,0.000309875,0.000570854,1
warmup,5,5,nb,0,256,16384,0.103455573,0.000404123,0.000324961,0.000543569,1
warmup,6,6,nb,0,256,16384,0.101214519,0.000395369,0.000308128,0.000583197,1
warmup,7,7,nb,0,256,16384,0.101553920,0.000396695,0.000292319,0.000549895,1
warmup,8,8,nb,0,256,16384,0.101269872,0.000395585,0.000314560,0.000557528,1
warmup,9,9,nb,0,256,16384,0.100510713,0.000392620,0.000299964,0.000551087,1
warmup,10,10,nb,0,256,16384,0.102585291,0.000400724,0.000327317,0.000575763,1
warmup,11,11,nb,0,256,16384,0.103209908,0.000403164,0.000319979,0.000547172,1
warmup,12,12,nb,0,256,16384,0.101108035,0.000394953,0.000312128,0.000555635,1
warmup,13,13,nb,0,256,16384,0.103294563,0.000403494,0.000324708,0.000573292,1
warmup,14,14,nb,0,256,16384,0.098509775,0.000384804,0.000305433,0.000573029,1
warmup,15,15,nb,0,256,16384,0.100972438,0.000394424,0.000313839,0.000571639,1
warmup,16,16,nb,0,256,16384,0.099185916,0.000387445,0.000312786,0.000546869,1
warmup,17,17,nb,0,256,16384,0.099429665,0.000388397,0.000297447,0.000611684,1
warmup,18,18,nb,0,256,16384,0.101659301,0.000397107,0.000311648,0.000560788,1
warmup,19,19,nb,0,256,16384,0.101488721,0.000396440,0.000301626,0.000553660,1
warmup,20,20,nb,0,256,16384,0.103254406,0.000403338,0.000329216,0.000548963,1
warmup,21,21,nb,0,256,16384,0.104776117,0.000409282,0.000325149,0.000592578,1
warmup,22,22,nb,0,256,16384,0.106258226,0.000415071,0.000342333,0.000556920,1
warmup,23,23,nb,0,256,16384,0.102047751,0.000398624,0.000326366,0.000593166,1
warmup,24,24,nb,0,256,16384,0.104270930,0.000407308,0.000315821,0.000582837,1
warmup,25,25,nb,0,256,16384,0.104407228,0.000407841,0.000343284,0.000565815,1
warmup,26,26,nb,0,256,16384,0.104454565,0.000408026,0.000323345,0.000557749,1
warmup,27,27,nb,0,256,16384,0.100075046,0.000390918,0.000299221,0.000570113,1
warmup,28,28,nb,0,256,16384,0.100304212,0.000391813,0.000304231,0.000585682,1
warmup,29,29,nb,0,256,16384,0.100762471,0.000393603,0.000309033,0.000545836,1
warmup,30,30,nb,0,256,16384,0.099698019,0.000389445,0.000313408,0.000554612,1
warmup,31,31,nb,0,256,16384,0.102158579,0.000399057,0.000300373,0.000606203,1
warmup,32,32,nb,0,256,16384,0.101689927,0.000397226,0.000289833,0.000582256,1
warmup,33,33,nb,0,256,16384,0.104207080,0.000407059,0.000320340,0.000570684,1
warmup,34,34,nb,0,256,16384,0.101257997,0.000395539,0.000301184,0.000563640,1
warmup,35,35,nb,0,256,16384,0.103482655,0.000404229,0.000312456,0.000538173,1
warmup,36,36,nb,0,256,16384,0.103889335,0.000405818,0.000328314,0.000584483,1
warmup,37,37,nb,0,256,16384,0.107688740,0.000420659,0.000341273,0.000616399,1
warmup,38,38,nb,0,256,16384,0.103567137,0.000404559,0.000332063,0.000575035,1
warmup,39,39,nb,0,256,16384,0.107337322,0.000419286,0.000336273,0.000613204,1
warmup,40,40,nb,0,256,16384,0.102387352,0.000399951,0.000318057,0.000551857,1
warmup,41,41,nb,0,256,16384,0.100762336,0.000393603,0.000309570,0.000555134,1
warmup,42,42,nb,0,256,16384,0.101213649,0.000395366,0.000314009,0.000533463,1
warmup,43,43,nb,0,256,16384,0.100318370,0.000391869,0.000321555,0.000553761,1
warmup,44,44,nb,0,256,16384,0.105429898,0.000411836,0.000324017,0.000588436,1
warmup,45,45,nb,0,256,16384,0.122327823,0.000477843,0.000343644,0.000741073,1
warmup,46,46,nb,0,256,16384,0.102265681,0.000399475,0.000327126,0.000570203,1
warmup,47,47,nb,0,256,16384,0.103934751,0.000405995,0.000319790,0.000542630,1
warmup,48,48,nb,0,256,16384,0.098498297,0.000384759,0.000289752,0.000556616,1
warmup,49,49,nb,0,256,16384,0.098738211,0.000385696,0.000309260,0.000559725,1
warmup,50,50,nb,0,256,16384,0.105775227,0.000413184,0.000339440,0.000554365,1
warmup,51,51,nb,0,256,16384,0.100331067,0.000391918,0.000304281,0.000588400,1
warmup,52,52,nb,0,256,16384,0.104219980,0.000407109,0.000340791,0.000545667,1
warmup,53,53,nb,0,256,16384,0.100215438,0.000391467,0.000299101,0.000584239,1
warmup,54,54,nb,0,256,16384,0.103384180,0.000403844,0.000328940,0.000555093,1
warmup,55,55,nb,0,256,16384,0.101888517,0.000398002,0.000314413,0.000557057,1
warmup,56,56,nb,0,256,16384,0.104925367,0.000409865,0.000344480,0.000597414,1
warmup,57,57,nb,0,256,16384,0.103424281,0.000404001,0.000334158,0.000607206,1
warmup,58,58,nb,0,256,16384,0.101087662,0.000394874,0.000301285,0.000587328,1
warmup,59,59,nb,0,256,16384,0.103439262,0.000404060,0.000313979,0.000569054,1
warmup,60,60,nb,0,256,16384,0.098732183,0.000385673,0.000288150,0.000549973,1
warmup,61,61,nb,0,256,16384,0.101434484,0.000396228,0.000316705,0.000549714,1
warmup,62,62,nb,0,256,16384,0.101732270,0.000397392,0.000313978,0.000543535,1
warmup,63,63,nb,0,256,16384,0.100346973,0.000391980,0.000307838,0.000581723,1
warmup,64,64,nb,0,256,16384,0.098114514,0.000383260,0.000292188,0.000572948,1
warmup,65,65,nb,0,256,16384,0.101913832,0.000398101,0.000325012,0.000551287,1
warmup,66,66,nb,0,256,16384,0.103364515,0.000403768,0.000320962,0.000566850,1
warmup,67,67,nb,0,256,16384,0.100387130,0.000392137,0.000303602,0.000565347,1
warmup,68,68,nb,0,256,16384,0.102318530,0.000399682,0.000316281,0.000580452,1
warmup,69,69,nb,0,256,16384,0.102275415,0.000399513,0.000332714,0.000548381,1
warmup,70,70,nb,0,256,16384,0.099728388,0.000389564,0.000300396,0.000607252,1
warmup,71,71,nb,0,256,16384,0.100245860,0.000391585,0.000308939,0.000550281,1
warmup,72,72,nb,0,256,16384,0.101824315,0.000397751,0.000325472,0.000572637,1
warmup,73,73,nb,0,256,16384,0.101022380,0.000394619,0.000311353,0.000591713,1
warmup,74,74,nb,0,256,16384,0.100712621,0.000393409,0.000325432,0.000544745,1
warmup,75,75,nb,0,256,16384,0.099639607,0.000389217,0.000309885,0.000529385,1
warmup,76,76,nb,0,256,16384,0.098790216,0.000385899,0.000300353,0.000571837,1
warmup,77,77,nb,0,256,16384,0.104538343,0.000408353,0.000329748,0.000570633,1
warmup,78,78,nb,0,256,16384,0.104703832,0.000408999,0.000340120,0.000567627,1
warmup,79,79,nb,0,256,16384,0.104005015,0.000406270,0.000317575,0.000635538,1
warmup,80,80,nb,0,256,16384,0.103335187,0.000403653,0.000325771,0.000560153,1
warmup,81,81,nb,0,256,16384,0.102070309,0.000398712,0.000327628,0.000547420,1
warmup,82,82,nb,0,256,16384,0.102445464,0.000400178,0.000321121,0.000582840,1
warmup,83,83,nb,0,256,16384,0.096322367,0.000376259,0.000285165,0.000553420,1
warmup,84,84,nb,0,256,16384,0.104022763,0.000406339,0.000336994,0.000560779,1
warmup,85,85,nb,0,256,16384,0.104257383,0.000407255,0.000331244,0.000562137,1
warmup,86,86,nb,0,256,16384,0.100794906,0.000393730,0.000303091,0.000562247,1
warmup,87,87,nb,0,256,16384,0.112436999,0.000439207,0.000327562,0.000769726,1
warmup,88,88,nb,0,256,16384,0.104498870,0.000408199,0.000320790,0.000629975,1
warmup,89,89,nb,0,256,16384,0.101591943,0.000396844,0.000324729,0.000542650,1
warmup,90,90,nb,0,256,16384,0.102299409,0.000399607,0.000316724,0.000566294,1
warmup,91,91,nb,0,256,16384,0.097433955,0.000380601,0.000298052,0.000559652,1
warmup,92,92,nb,0,256,16384,0.098132801,0.000383331,0.000276941,0.000573378,1
warmup,93,93,nb,0,256,16384,0.103346231,0.000403696,0.000324769,0.000583728,1
warmup,94,94,nb,0,256,16384,0.100976086,0.000394438,0.000309280,0.000567632,1
warmup,95,95,nb,0,256,16384,0.101674950,0.000397168,0.000303930,0.000570928,1
warmup,96,96,nb,0,256,16384,0.098220493,0.000383674,0.000277100,0.000539375,1
warmup,97,97,nb,0,256,16384,0.104404799,0.000407831,0.000330792,0.000626098,1
warmup,98,98,nb,0,256,16384,0.105537477,0.000412256,0.000343482,0.000588919,1
warmup,99,99,nb,0,256,16384,0.102732920,0.000401300,0.000311684,0.000554714,1
actual,0,100,nb,0,256,16384,0.103323509,0.000403607,0.000325911,0.000541808,1
actual,1,101,nb,0,256,16384,0.102943277,0.000402122,0.000330719,0.000564252,1
actual,2,102,nb,0,256,16384,0.098619962,0.000385234,0.000279274,0.000548382,1
actual,3,103,nb,0,256,16384,0.103885145,0.000405801,0.000327824,0.000559803,1
actual,4,104,nb,0,256,16384,0.102464334,0.000400251,0.000336012,0.000553340,1
actual,5,105,nb,0,256,16384,0.102950686,0.000402151,0.000320501,0.000596803,1
actual,6,106,nb,0,256,16384,0.101598565,0.000396869,0.000309260,0.000541247,1
actual,7,107,nb,0,256,16384,0.101449188,0.000396286,0.000318615,0.000539225,1
actual,8,108,nb,0,256,16384,0.103275449,0.000403420,0.000336209,0.000544544,1
actual,9,109,nb,0,256,16384,0.101013710,0.000394585,0.000312456,0.000566566,1
actual,10,110,nb,0,256,16384,0.103583334,0.000404622,0.000317223,0.000544608,1
actual,11,111,nb,0,256,16384,0.103700360,0.000405080,0.000327196,0.000550637,1
actual,12,112,nb,0,256,16384,0.100905265,0.000394161,0.000309673,0.000567648,1
actual,13,113,nb,0,256,16384,0.100205994,0.000391430,0.000308026,0.000556356,1
actual,14,114,nb,0,256,16384,0.101722615,0.000397354,0.000313648,0.000578778,1
actual,15,115,nb,0,256,16384,0.103550674,0.000404495,0.000328147,0.000575613,1
actual,16,116,nb,0,256,16384,0.097330336,0.000380197,0.000291446,0.000523193,1
actual,17,117,nb,0,256,16384,0.104866380,0.000409634,0.000317516,0.000573161,1
actual,18,118,nb,0,256,16384,0.101840331,0.000397814,0.000327117,0.000543682,1
actual,19,119,nb,0,256,16384,0.105831729,0.000413405,0.000338396,0.000627283,1
actual,20,120,nb,0,256,16384,0.100700250,0.000393360,0.000315265,0.000543602,1
actual,21,121,nb,0,256,16384,0.108132307,0.000422392,0.000346859,0.000579060,1
actual,22,122,nb,0,256,16384,0.101929091,0.000398161,0.000322827,0.000549596,1
actual,23,123,nb,0,256,16384,0.100415185,0.000392247,0.000292509,0.000547630,1
actual,24,124,nb,0,256,16384,0.103680886,0.000405003,0.000333644,0.000559713,1
actual,25,125,nb,0,256,16384,0.102516262,0.000400454,0.000331644,0.000565574,1
actual,26,126,nb,0,256,16384,0.100124756,0.000391112,0.000296857,0.000548321,1
actual,27,127,nb,0,256,16384,0.103211466,0.000403170,0.000338727,0.000557107,1
actual,28,128,nb,0,256,16384,0.100726829,0.000393464,0.000301555,0.000548802,1
actual,29,129,nb,0,256,16384,0.099600198,0.000389063,0.000311544,0.000525338,1
actual,30,130,nb,0,256,16384,0.102342284,0.000399775,0.000309935,0.000578431,1
actual,31,131,nb,0,256,16384,0.103977356,0.000406162,0.000334120,0.000568173,1
actual,32,132,nb,0,256,16384,0.101774654,0.000397557,0.000322416,0.000574761,1
actual,33,133,nb,0,256,16384,0.097501313,0.000380865,0.000276839,0.000570402,1
actual,34,134,nb,0,256,16384,0.097742375,0.000381806,0.000308209,0.000557438,1
actual,35,135,nb,0,256,16384,0.098693200,0.000385520,0.000295374,0.000555224,1
actual,36,136,nb,0,256,16384,0.100291825,0.000391765,0.000312895,0.000541528,1
actual,37,137,nb,0,256,16384,0.103994651,0.000406229,0.000335040,0.000555845,1
actual,38,138,nb,0,256,16384,0.107448037,0.000419719,0.000329349,0.000570524,1
actual,39,139,nb,0,256,16384,0.099063178,0.000386966,0.000305935,0.000537581,1
actual,40,140,nb,0,256,16384,0.106334166,0.000415368,0.000293019,0.000564681,1
actual,41,141,nb,0,256,16384,0.107124737,0.000418456,0.000355099,0.000613414,1
actual,42,142,nb,0,256,16384,0.106310369,0.000415275,0.000329278,0.000560364,1
actual,43,143,nb,0,256,16384,0.105756042,0.000413110,0.000343353,0.000547060,1
actual,44,144,nb,0,256,16384,0.103372286,0.000403798,0.000313268,0.000571245,1
actual,45,145,nb,0,256,16384,0.102301524,0.000399615,0.000321286,0.000552669,1
actual,46,146,nb,0,256,16384,0.099479755,0.000388593,0.000299863,0.000576004,1
actual,47,147,nb,0,256,16384,0.102203554,0.000399233,0.000320911,0.000533728,1
actual,48,148,nb,0,256,16384,0.100089129,0.000390973,0.000295835,0.000545746,1
actual,49,149,nb,0,256,16384,0.098005432,0.000382834,0.000303279,0.000543672,1
actual,50,150,nb,0,256,16384,0.100215764,0.000391468,0.000316223,0.000555034,1
actual,51,151,nb,0,256,16384,0.099504043,0.000388688,0.000306036,0.000550139,1
actual,52,152,nb,0,256,16384,0.102630586,0.000400901,0.000319038,0.000569372,1
actual,53,153,nb,0,256,16384,0.098470069,0.000384649,0.000297908,0.000616350,1
actual,54,154,nb,0,256,16384,0.103414031,0.000403961,0.000329459,0.000550545,1
actual,55,155,nb,0,256,16384,0.106478750,0.000415933,0.000352473,0.000543402,1
actual,56,156,nb,0,256,16384,0.101183192,0.000395247,0.000309580,0.000549754,1
actual,57,157,nb,0,256,16384,0.102625075,0.000400879,0.000316131,0.000584238,1
actual,58,158,nb,0,256,16384,0.105432878,0.000411847,0.000338859,0.000568278,1
actual,59,159,nb,0,256,16384,0.104817150,0.000409442,0.000344655,0.000559361,1
actual,60,160,nb,0,256,16384,0.104183039,0.000406965,0.000337275,0.000556126,1
actual,61,161,nb,0,256,16384,0.105054958,0.000410371,0.000332908,0.000569983,1
actual,62,162,nb,0,256,16384,0.104364093,0.000407672,0.000334136,0.000545746,1
actual,63,163,nb,0,256,16384,0.102140128,0.000398985,0.000310385,0.000563560,1
actual,64,164,nb,0,256,16384,0.104042067,0.000406414,0.000335908,0.000552278,1
actual,65,165,nb,0,256,16384,0.104391992,0.000407781,0.000320020,0.000551368,1
actual,66,166,nb,0,256,16384,0.102654405,0.000400994,0.000318108,0.000567887,1
actual,67,167,nb,0,256,16384,0.101476983,0.000396394,0.000315892,0.000547770,1
actual,68,168,nb,0,256,16384,0.100916146,0.000394204,0.000309641,0.000557853,1
actual,69,169,nb,0,256,16384,0.098481017,0.000384691,0.000310023,0.000535197,1
actual,70,170,nb,0,256,16384,0.104083669,0.000406577,0.000320965,0.000621089,1
actual,71,171,nb,0,256,16384,0.102453436,0.000400209,0.000316866,0.000556928,1
actual,72,172,nb,0,256,16384,0.107641324,0.000420474,0.000305513,0.000580091,1
actual,73,173,nb,0,256,16384,0.104075714,0.000406546,0.000324547,0.000568580,1
actual,74,174,nb,0,256,16384,0.105185458,0.000410881,0.000336684,0.000565223,1
actual,75,175,nb,0,256,16384,0.100426533,0.000392291,0.000324569,0.000560533,1
actual,76,176,nb,0,256,16384,0.099263074,0.000387746,0.000306794,0.000528624,1
actual,77,177,nb,0,256,16384,0.100037559,0.000390772,0.000309991,0.000562508,1
actual,78,178,nb,0,256,16384,0.102125478,0.000398928,0.000332465,0.000554700,1
actual,79,179,nb,0,256,16384,0.098208736,0.000383628,0.000291036,0.000606213,1
actual,80,180,nb,0,256,16384,0.102689871,0.000401132,0.000317956,0.000555277,1
actual,81,181,nb,0,256,16384,0.101517022,0.000396551,0.000313842,0.000612795,1
actual,82,182,nb,0,256,16384,0.099610537,0.000389104,0.000314960,0.000568068,1
actual,83,183,nb,0,256,16384,0.099057021,0.000386941,0.000292799,0.000578121,1
actual,84,184,nb,0,256,16384,0.098778233,0.000385852,0.000303389,0.000547805,1
actual,85,185,nb,0,256,16384,0.099728552,0.000389565,0.000299994,0.000569655,1
actual,86,186,nb,0,256,16384,0.103493446,0.000404271,0.000337023,0.000548742,1
actual,87,187,nb,0,256,16384,0.097754751,0.000381854,0.000294465,0.000549703,1
actual,88,188,nb,0,256,16384,0.102248226,0.000399407,0.000323406,0.000554734,1
actual,89,189,nb,0,256,16384,0.100069255,0.000390896,0.000315820,0.000541107,1
actual,90,190,nb,0,256,16384,0.102545842,0.000400570,0.000325360,0.000610709,1
actual,91,191,nb,0,256,16384,0.098286711,0.000383932,0.000296649,0.000523625,1
actual,92,192,nb,0,256,16384,0.101046039,0.000394711,0.000315462,0.000545936,1
actual,93,193,nb,0,256,16384,0.098570922,0.000385043,0.000297618,0.000530288,1
actual,94,194,nb,0,256,16384,0.100973010,0.000394426,0.000311003,0.000550294,1
actual,95,195,nb,0,256,16384,0.101772282,0.000397548,0.000312416,0.000590261,1
actual,96,196,nb,0,256,16384,0.099312333,0.000387939,0.000293089,0.000537521,1
actual,97,197,nb,0,256,16384,0.099737639,0.000389600,0.000301478,0.000553943,1
actual,98,198,nb,0,256,16384,0.102930636,0.000402073,0.000324357,0.000560769,1
actual,99,199,nb,0,256,16384,0.104305235,0.000407442,0.000321591,0.000625005,1
warmup,0,0,nb,0,256,24576,0.475059836,0.001855702,0.001525579,0.002816109,1
warmup,1,1,nb,0,256,24576,0.109831122,0.000429028,0.000346101,0.000627641,1
warmup,2,2,nb,0,256,24576,0.110177196,0.000430380,0.000352595,0.000587454,1
warmup,3,3,nb,0,256,24576,0.109523369,0.000427826,0.000316734,0.000654942,1
warmup,4,4,nb,0,256,24576,0.108597822,0.000424210,0.000333205,0.000584560,1
warmup,5,5,nb,0,256,24576,0.113150668,0.000441995,0.000360797,0.000595659,1
warmup,6,6,nb,0,256,24576,0.102890062,0.000401914,0.000295514,0.000579159,1
warmup,7,7,nb,0,256,24576,0.105281853,0.000411257,0.000328710,0.000593907,1
warmup,8,8,nb,0,256,24576,0.108207672,0.000422686,0.000342235,0.000588858,1
warmup,9,9,nb,0,256,24576,0.109795301,0.000428888,0.000323506,0.000610980,1
warmup,10,10,nb,0,256,24576,0.104245641,0.000407210,0.000319920,0.000574089,1
warmup,11,11,nb,0,256,24576,0.114856285,0.000448657,0.000307106,0.000642339,1
warmup,12,12,nb,0,256,24576,0.103439623,0.000404061,0.000302116,0.000558622,1
warmup,13,13,nb,0,256,24576,0.106722154,0.000416883,0.000336860,0.000593936,1
warmup,14,14,nb,0,256,24576,0.107784360,0.000421033,0.000313989,0.000604687,1
warmup,15,15,nb,0,256,24576,0.107265956,0.000419008,0.000333115,0.000574891,1
warmup,16,16,nb,0,256,24576,0.102265688,0.000399475,0.000303890,0.000633893,1
warmup,17,17,nb,0,256,24576,0.108975391,0.000425685,0.000335481,0.000586302,1
warmup,18,18,nb,0,256,24576,0.108313834,0.000423101,0.000331732,0.000602166,1
warmup,19,19,nb,0,256,24576,0.108615687,0.000424280,0.000346408,0.000588366,1
warmup,20,20,nb,0,256,24576,0.105340501,0.000411486,0.000318628,0.000595499,1
warmup,21,21,nb,0,256,24576,0.106898624,0.000417573,0.000330319,0.000578890,1
warmup,22,22,nb,0,256,24576,0.109407399,0.000427373,0.000340781,0.000593275,1
warmup,23,23,nb,0,256,24576,0.106849556,0.000417381,0.000334891,0.000587559,1
warmup,24,24,nb,0,256,24576,0.107683274,0.000420638,0.000320631,0.000589528,1
warmup,25,25,nb,0,256,24576,0.108363820,0.000423296,0.000349686,0.000581426,1
warmup,26,26,nb,0,256,24576,0.108760940,0.000424847,0.000334922,0.000653990,1
warmup,27,27,nb,0,256,24576,0.106783558,0.000417123,0.000334159,0.000580421,1
warmup,28,28,nb,0,256,24576,0.108332992,0.000423176,0.000333936,0.000599817,1
warmup,29,29,nb,0,256,24576,0.108548928,0.000424019,0.000335590,0.000594698,1
warmup,30,30,nb,0,256,24576,0.107566728,0.000420183,0.000335861,0.000641257,1
warmup,31,31,nb,0,256,24576,0.107273523,0.000419037,0.000342475,0.000580041,1
warmup,32,32,nb,0,256,24576,0.109729903,0.000428632,0.000347102,0.000587164,1
warmup,33,33,nb,0,256,24576,0.107831246,0.000421216,0.000332882,0.000597925,1
warmup,34,34,nb,0,256,24576,0.108448211,0.000423626,0.000337853,0.000614369,1
warmup,35,35,nb,0,256,24576,0.104858629,0.000409604,0.000320883,0.000575772,1
warmup,36,36,nb,0,256,24576,0.107376150,0.000419438,0.000330863,0.000594952,1
warmup,37,37,nb,0,256,24576,0.108252610,0.000422862,0.000331405,0.000593346,1
warmup,38,38,nb,0,256,24576,0.104585250,0.000408536,0.000315121,0.000567638,1
warmup,39,39,nb,0,256,24576,0.113852079,0.000444735,0.000348858,0.000617501,1
warmup,40,40,nb,0,256,24576,0.104536855,0.000408347,0.000316425,0.000584601,1
warmup,41,41,nb,0,256,24576,0.107971512,0.000421764,0.000331902,0.000595720,1
warmup,42,42,nb,0,256,24576,0.106025713,0.000414163,0.000329269,0.000581263,1
warmup,43,43,nb,0,256,24576,0.112164039,0.000438141,0.000357067,0.000639162,1
warmup,44,44,nb,0,256,24576,0.106071464,0.000414342,0.000333724,0.000571756,1
warmup,45,45,nb,0,256,24576,0.112542751,0.000439620,0.000360407,0.000596876,1
warmup,46,46,nb,0,256,24576,0.105146931,0.000410730,0.000325269,0.000635065,1
warmup,47,47,nb,0,256,24576,0.104094794,0.000406620,0.000313308,0.000622214,1
warmup,48,48,nb,0,256,24576,0.107127833,0.000418468,0.000332073,0.000573319,1
warmup,49,49,nb,0,256,24576,0.111426728,0.000435261,0.000345360,0.000611469,1
warmup,50,50,nb,0,256,24576,0.110544827,0.000431816,0.000347314,0.000580454,1
warmup,51,51,nb,0,256,24576,0.105027099,0.000410262,0.000331451,0.000584392,1
warmup,52,52,nb,0,256,24576,0.109093359,0.000426146,0.000343185,0.000571323,1
warmup,53,53,nb,0,256,24576,0.110277845,0.000430773,0.000338033,0.000600800,1
warmup,54,54,nb,0,256,24576,0.106972932,0.000417863,0.000333686,0.000598697,1
warmup,55,55,nb,0,256,24576,0.105861488,0.000413521,0.000337725,0.000575041,1
warmup,56,56,nb,0,256,24576,0.107445999,0.000419711,0.000337274,0.000581914,1
warmup,57,57,nb,0,256,24576,0.106977701,0.000417882,0.000336721,0.000584609,1
warmup,58,58,nb,0,256,24576,0.106488023,0.000415969,0.000325911,0.000593045,1
warmup,59,59,nb,0,256,24576,0.103262720,0.000403370,0.000312325,0.000565994,1
warmup,60,60,nb,0,256,24576,0.109420602,0.000427424,0.000335457,0.000611613,1
warmup,61,61,nb,0,256,24576,0.115317585,0.000450459,0.000350588,0.000599699,1
warmup,62,62,nb,0,256,24576,0.104864642,0.000409628,0.000319860,0.000579871,1
warmup,63,63,nb,0,256,24576,0.105835453,0.000413420,0.000311506,0.000656554,1
warmup,64,64,nb,0,256,24576,0.106852150,0.000417391,0.000317836,0.000582145,1
warmup,65,65,nb,0,256,24576,0.103815617,0.000405530,0.000294212,0.000578998,1
warmup,66,66,nb,0,256,24576,0.106373919,0.000415523,0.000318767,0.000579974,1
warmup,67,67,nb,0,256,24576,0.105233898,0.000411070,0.000317194,0.000581774,1
warmup,68,68,nb,0,256,24576,0.104258780,0.000407261,0.000314710,0.000609593,1
warmup,69,69,nb,0,256,24576,0.108226127,0.000422758,0.000327996,0.000626489,1
warmup,70,70,nb,0,256,24576,0.107000011,0.000417969,0.000340801,0.000580061,1
warmup,71,71,nb,0,256,24576,0.106894162,0.000417555,0.000331433,0.000652039,1
warmup,72,72,nb,0,256,24576,0.106507319,0.000416044,0.000325731,0.000602536,1
warmup,73,73,nb,0,256,24576,0.105869537,0.000413553,0.000322815,0.000605863,1
warmup,74,74,nb,0,256,24576,0.104616315,0.000408657,0.000316162,0.000583271,1
warmup,75,75,nb,0,256,24576,0.107211320,0.000418794,0.000307827,0.000582199,1
warmup,76,76,nb,0,256,24576,0.136877318,0.000534677,0.000259328,0.000752986,1
warmup,77,77,nb,0,256,24576,0.105263723,0.000411186,0.000323336,0.000584829,1
warmup,78,78,nb,0,256,24576,0.107887258,0.000421435,0.000329287,0.000595811,1
warmup,79,79,nb,0,256,24576,0.102737700,0.000401319,0.000315241,0.000599637,1
warmup,80,80,nb,0,256,24576,0.103383070,0.000403840,0.000299391,0.000564210,1
warmup,81,81,nb,0,256,24576,0.108891620,0.000425358,0.000324218,0.000603124,1
warmup,82,82,nb,0,256,24576,0.105783040,0.000413215,0.000323887,0.000571294,1
warmup,83,83,nb,0,256,24576,0.108705518,0.000424631,0.000344037,0.000586453,1
warmup,84,84,nb,0,256,24576,0.104726111,0.000409086,0.000301287,0.000566897,1
warmup,85,85,nb,0,256,24576,0.107098061,0.000418352,0.000323339,0.000620818,1
warmup,86,86,nb,0,256,24576,0.107446136,0.000419711,0.000322374,0.000596872,1
warmup,87,87,nb,0,256,24576,0.107005377,0.000417990,0.000328626,0.000591632,1
warmup,88,88,nb,0,256,24576,0.107274796,0.000419042,0.000334156,0.000570473,1
warmup,89,89,nb,0,256,24576,0.104195873,0.000407015,0.000318459,0.000592814,1
warmup,90,90,nb,0,256,24576,0.102274064,0.000399508,0.000313878,0.000589147,1
warmup,91,91,nb,0,256,24576,0.107058331,0.000418197,0.000336783,0.000582165,1
warmup,92,92,nb,0,256,24576,0.108946198,0.000425571,0.000348952,0.000592104,1
warmup,93,93,nb,0,256,24576,0.107848304,0.000421282,0.000317335,0.000618193,1
warmup,94,94,nb,0,256,24576,0.106914139,0.000417633,0.000329847,0.000580842,1
warmup,95,95,nb,0,256,24576,0.105893551,0.000413647,0.000319278,0.000577108,1
warmup,96,96,nb,0,256,24576,0.106659129,0.000416637,0.000322435,0.000569200,1
warmup,97,97,nb,0,256,24576,0.103402862,0.000403917,0.000305754,0.000590505,1
warmup,98,98,nb,0,256,24576,0.108482063,0.000423758,0.000342053,0.000634767,1
warmup,99,99,nb,0,256,24576,0.104874806,0.000409667,0.000316533,0.000574631,1
actual,0,100,nb,0,256,24576,0.106889097,0.000417536,0.000339329,0.000600349,1
actual,1,101,nb,0,256,24576,0.107439305,0.000419685,0.000322575,0.000575084,1
actual,2,102,nb,0,256,24576,0.107857486,0.000421318,0.000344791,0.000606834,1
actual,3,103,nb,0,256,24576,0.107218849,0.000418824,0.000332777,0.000611263,1
actual,4,104,nb,0,256,24576,0.112789075,0.000440582,0.000358937,0.000617040,1
actual,5,105,nb,0,256,24576,0.102619575,0.000400858,0.000320084,0.000581052,1
actual,6,106,nb,0,256,24576,0.106099009,0.000414449,0.000302086,0.000638652,1
actual,7,107,nb,0,256,24576,0.103110867,0.000402777,0.000319379,0.000571668,1
actual,8,108,nb,0,256,24576,0.103896607,0.000405846,0.000334766,0.000596582,1
actual,9,109,nb,0,256,24576,0.109536949,0.000427879,0.000352990,0.000593246,1
actual,10,110,nb,0,256,24576,0.104659852,0.000408828,0.000331823,0.000571826,1
actual,11,111,nb,0,256,24576,0.108601912,0.000424226,0.000343975,0.000573511,1
actual,12,112,nb,0,256,24576,0.107196923,0.000418738,0.000336271,0.000589750,1
actual,13,113,nb,0,256,24576,0.103996238,0.000406235,0.000320493,0.000561967,1
actual,14,114,nb,0,256,24576,0.106896134,0.000417563,0.000327965,0.000580932,1
actual,15,115,nb,0,256,24576,0.108486495,0.000423775,0.000325363,0.000591603,1
actual,16,116,nb,0,256,24576,0.104399696,0.000407811,0.000305663,0.000580653,1
actual,17,117,nb,0,256,24576,0.108915113,0.000425450,0.000335589,0.000580471,1
actual,18,118,nb,0,256,24576,0.105440671,0.000411878,0.000321593,0.000582950,1
actual,19,119,nb,0,256,24576,0.109268156,0.000426829,0.000338484,0.000600814,1
actual,20,120,nb,0,256,24576,0.109014850,0.000425839,0.000345608,0.000616348,1
actual,21,121,nb,0,256,24576,0.110659906,0.000432265,0.000356658,0.000581543,1
actual,22,122,nb,0,256,24576,0.104392743,0.000407784,0.000308659,0.000612983,1
actual,23,123,nb,0,256,24576,0.108597074,0.000424207,0.000340148,0.000605542,1
actual,24,124,nb,0,256,24576,0.108066903,0.000422136,0.000341970,0.000574662,1
actual,25,125,nb,0,256,24576,0.106032000,0.000414188,0.000326143,0.000588987,1
actual,26,126,nb,0,256,24576,0.103464399,0.000404158,0.000320941,0.000561525,1
actual,27,127,nb,0,256,24576,0.107120226,0.000418438,0.000326071,0.000599748,1
actual,28,128,nb,0,256,24576,0.108061725,0.000422116,0.000346590,0.000622854,1
actual,29,129,nb,0,256,24576,0.103787717,0.000405421,0.000298871,0.000604167,1
actual,30,130,nb,0,256,24576,0.105731030,0.000413012,0.000313240,0.000599812,1
actual,31,131,nb,0,256,24576,0.105334794,0.000411464,0.000328746,0.000607486,1
actual,32,132,nb,0,256,24576,0.104228220,0.000407141,0.000326923,0.000586547,1
actual,33,133,nb,0,256,24576,0.104915667,0.000409827,0.000314370,0.000569732,1
actual,34,134,nb,0,256,24576,0.107837584,0.000421241,0.000334908,0.000588527,1
actual,35,135,nb,0,256,24576,0.108580790,0.000424144,0.000347974,0.000588988,1
actual,36,136,nb,0,256,24576,0.110741828,0.000432585,0.000358905,0.000587407,1
actual,37,137,nb,0,256,24576,0.110763821,0.000432671,0.000353475,0.000589117,1
actual,38,138,nb,0,256,24576,0.107315651,0.000419202,0.000327868,0.000591231,1
actual,39,139,nb,0,256,24576,0.104324508,0.000407518,0.000317956,0.000587394,1
actual,40,140,nb,0,256,24576,0.107120518,0.000418440,0.000321112,0.000639934,1
actual,41,141,nb,0,256,24576,0.109457971,0.000427570,0.000346804,0.000606420,1
actual,42,142,nb,0,256,24576,0.104773562,0.000409272,0.000311674,0.000579580,1
actual,43,143,nb,0,256,24576,0.102457392,0.000400224,0.000292549,0.000581748,1
actual,44,144,nb,0,256,24576,0.106322238,0.000415321,0.000339757,0.000586506,1
actual,45,145,nb,0,256,24576,0.109275022,0.000426856,0.000346690,0.000585370,1
actual,46,146,nb,0,256,24576,0.109897401,0.000429287,0.000355749,0.000594518,1
actual,47,147,nb,0,256,24576,0.105863256,0.000413528,0.000341161,0.000591707,1
actual,48,148,nb,0,256,24576,0.102400945,0.000400004,0.000317926,0.000638765,1
actual,49,149,nb,0,256,24576,0.105162620,0.000410791,0.000309089,0.000579329,1
actual,50,150,nb,0,256,24576,0.104994774,0.000410136,0.000310592,0.000581484,1
actual,51,151,nb,0,256,24576,0.108219575,0.000422733,0.000318958,0.000584390,1
actual,52,152,nb,0,256,24576,0.107161049,0.000418598,0.000336232,0.000616651,1
actual,53,153,nb,0,256,24576,0.109297878,0.000426945,0.000338444,0.000586867,1
actual,54,154,nb,0,256,24576,0.108860331,0.000425236,0.000345247,0.000632372,1
actual,55,155,nb,0,256,24576,0.107538348,0.000420072,0.000336631,0.000581142,1
actual,56,156,nb,0,256,24576,0.105792532,0.000413252,0.000333285,0.000582636,1
actual,57,157,nb,0,256,24576,0.107044797,0.000418144,0.000316624,0.000615270,1
actual,58,158,nb,0,256,24576,0.107202298,0.000418759,0.000341434,0.000621870,1
actual,59,159,nb,0,256,24576,0.106864727,0.000417440,0.000335408,0.000578778,1
actual,60,160,nb,0,256,24576,0.106423241,0.000415716,0.000322366,0.000588902,1
actual,61,161,nb,0,256,24576,0.108142858,0.000422433,0.000329378,0.000616783,1
actual,62,162,nb,0,256,24576,0.103453629,0.000404116,0.000304971,0.000577236,1
actual,63,163,nb,0,256,24576,0.106827962,0.000417297,0.000332647,0.000582595,1
actual,64,164,nb,0,256,24576,0.107823185,0.000421184,0.000328066,0.000577165,1
actual,65,165,nb,0,256,24576,0.103694616,0.000405057,0.000328921,0.000575922,1
actual,66,166,nb,0,256,24576,0.106910830,0.000417620,0.000314099,0.000604891,1
actual,67,167,nb,0,256,24576,0.104536209,0.000408345,0.000307747,0.000616393,1
actual,68,168,nb,0,256,24576,0.107611624,0.000420358,0.000337703,0.000603895,1
actual,69,169,nb,0,256,24576,0.104917464,0.000409834,0.000308328,0.000584769,1
actual,70,170,nb,0,256,24576,0.111053488,0.000433803,0.000347532,0.000582698,1
actual,71,171,nb,0,256,24576,0.109566430,0.000427994,0.000333355,0.000606071,1
actual,72,172,nb,0,256,24576,0.103666315,0.000404947,0.000321613,0.000637189,1
actual,73,173,nb,0,256,24576,0.107937910,0.000421632,0.000348526,0.000607022,1
actual,74,174,nb,0,256,24576,0.107251671,0.000418952,0.000327735,0.000584343,1
actual,75,175,nb,0,256,24576,0.104988397,0.000410111,0.000310221,0.000596285,1
actual,76,176,nb,0,256,24576,0.109758119,0.000428743,0.000341103,0.000578919,1
actual,77,177,nb,0,256,24576,0.105516265,0.000412173,0.000329349,0.000609199,1
actual,78,178,nb,0,256,24576,0.106590493,0.000416369,0.000326853,0.000649182,1
actual,79,179,nb,0,256,24576,0.105001815,0.000410163,0.000326947,0.000571705,1
actual,80,180,nb,0,256,24576,0.107413672,0.000419585,0.000335970,0.000598309,1
actual,81,181,nb,0,256,24576,0.105408407,0.000411752,0.000331903,0.000571805,1
actual,82,182,nb,0,256,24576,0.107478825,0.000419839,0.000343306,0.000569801,1
actual,83,183,nb,0,256,24576,0.107209388,0.000418787,0.000338214,0.000590650,1
actual,84,184,nb,0,256,24576,0.103645910,0.000404867,0.000313037,0.000586352,1
actual,85,185,nb,0,256,24576,0.103893219,0.000405833,0.000304943,0.000578658,1
actual,86,186,nb,0,256,24576,0.106116283,0.000414517,0.000311834,0.000566685,1
actual,87,187,nb,0,256,24576,0.106742401,0.000416963,0.000331009,0.000601331,1
actual,88,188,nb,0,256,24576,0.107498702,0.000419917,0.000340260,0.000597778,1
actual,89,189,nb,0,256,24576,0.115493904,0.000451148,0.000375753,0.000629564,1
actual,90,190,nb,0,256,24576,0.108284605,0.000422987,0.000324748,0.000583598,1
actual,91,191,nb,0,256,24576,0.131389803,0.000513241,0.000280063,0.000688335,1
actual,92,192,nb,0,256,24576,0.101974404,0.000398338,0.000314840,0.000581567,1
actual,93,193,nb,0,256,24576,0.107966359,0.000421744,0.000337936,0.000605318,1
actual,94,194,nb,0,256,24576,0.105703795,0.000412905,0.000330762,0.000588961,1
actual,95,195,nb,0,256,24576,0.107918780,0.000421558,0.000320080,0.000591232,1
actual,96,196,nb,0,256,24576,0.109901033,0.000429301,0.000338876,0.000580792,1
actual,97,197,nb,0,256,24576,0.104199069,0.000407028,0.000251844,0.000580144,1
actual,98,198,nb,0,256,24576,0.107951882,0.000421687,0.000335169,0.000572236,1
actual,99,199,nb,0,256,24576,0.112170103,0.000438164,0.000336884,0.000609657,1
warmup,0,0,nb,0,256,32768,0.110908779,0.000433237,0.000325203,0.000781672,1
warmup,1,1,nb,0,256,32768,0.111473700,0.000435444,0.000347011,0.000612165,1
warmup,2,2,nb,0,256,32768,0.107241918,0.000418914,0.000337526,0.000587208,1
warmup,3,3,nb,0,256,32768,0.108610218,0.000424259,0.000347995,0.000589429,1
warmup,4,4,nb,0,256,32768,0.107101709,0.000418366,0.000314810,0.000612172,1
warmup,5,5,nb,0,256,32768,0.112499532,0.000439451,0.000357470,0.000644124,1
warmup,6,6,nb,0,256,32768,0.108933849,0.000425523,0.000337132,0.000628775,1
warmup,7,7,nb,0,256,32768,0.109982562,0.000429619,0.000324208,0.000616338,1
warmup,8,8,nb,0,256,32768,0.108037714,0.000422022,0.000319710,0.000585932,1
warmup,9,9,nb,0,256,32768,0.106064625,0.000414315,0.000333475,0.000598105,1
warmup,10,10,nb,0,256,32768,0.107055205,0.000418184,0.000342937,0.000601672,1
warmup,11,11,nb,0,256,32768,0.107010327,0.000418009,0.000334218,0.000623746,1
warmup,12,12,nb,0,256,32768,0.107032854,0.000418097,0.000330400,0.000584399,1
warmup,13,13,nb,0,256,32768,0.108955723,0.000425608,0.000328225,0.000579430,1
warmup,14,14,nb,0,256,32768,0.105586172,0.000412446,0.000323837,0.000572561,1
warmup,15,15,nb,0,256,32768,0.110551882,0.000431843,0.000342151,0.000631237,1
warmup,16,16,nb,0,256,32768,0.107038120,0.000418118,0.000317535,0.000613668,1
warmup,17,17,nb,0,256,32768,0.108095095,0.000422246,0.000325643,0.000575667,1
warmup,18,18,nb,0,256,32768,0.107480270,0.000419845,0.000332103,0.000583276,1
warmup,19,19,nb,0,256,32768,0.106237961,0.000414992,0.000325584,0.000613327,1
warmup,20,20,nb,0,256,32768,0.107470740,0.000419808,0.000331572,0.000594998,1
warmup,21,21,nb,0,256,32768,0.106995244,0.000417950,0.000329668,0.000592684,1
warmup,22,22,nb,0,256,32768,0.108412041,0.000423485,0.000332323,0.000617234,1
warmup,23,23,nb,0,256,32768,0.107061997,0.000418211,0.000337543,0.000619165,1
warmup,24,24,nb,0,256,32768,0.108034989,0.000422012,0.000334397,0.000575882,1
warmup,25,25,nb,0,256,32768,0.109017693,0.000425850,0.000349704,0.000597818,1
warmup,26,26,nb,0,256,32768,0.106680862,0.000416722,0.000337076,0.000621172,1
warmup,27,27,nb,0,256,32768,0.105458581,0.000411948,0.000319980,0.000624565,1
warmup,28,28,nb,0,256,32768,0.111480916,0.000435472,0.000365557,0.000644655,1
warmup,29,29,nb,0,256,32768,0.106338128,0.000415383,0.000332473,0.000597667,1
warmup,30,30,nb,0,256,32768,0.106596389,0.000416392,0.000328686,0.000585361,1
warmup,31,31,nb,0,256,32768,0.106640514,0.000416565,0.000333654,0.000598605,1
warmup,32,32,nb,0,256,32768,0.109025357,0.000425880,0.000342362,0.000617865,1
warmup,33,33,nb,0,256,32768,0.107413219,0.000419583,0.000340331,0.000586284,1
warmup,34,34,nb,0,256,32768,0.105538952,0.000412262,0.000332213,0.000555434,1
warmup,35,35,nb,0,256,32768,0.108012227,0.000421923,0.000332824,0.000568258,1
warmup,36,36,nb,0,256,32768,0.108006647,0.000421901,0.000334026,0.000633875,1
warmup,37,37,nb,0,256,32768,0.106802197,0.000417196,0.000325050,0.000614116,1
warmup,38,38,nb,0,256,32768,0.107891940,0.000421453,0.000337312,0.000633822,1
warmup,39,39,nb,0,256,32768,0.106161846,0.000414695,0.000335522,0.000593670,1
warmup,40,40,nb,0,256,32768,0.105569869,0.000412382,0.000326973,0.000584579,1
warmup,41,41,nb,0,256,32768,0.108234990,0.000422793,0.000322394,0.000597104,1
warmup,42,42,nb,0,256,32768,0.107668446,0.000420580,0.000324358,0.000569781,1
warmup,43,43,nb,0,256,32768,0.105263674,0.000411186,0.000323056,0.000591997,1
warmup,44,44,nb,0,256,32768,0.108687786,0.000424562,0.000338836,0.000601471,1
warmup,45,45,nb,0,256,32768,0.110450423,0.000431447,0.000348275,0.000607252,1
warmup,46,46,nb,0,256,32768,0.107020968,0.000418051,0.000344379,0.000593049,1
warmup,47,47,nb,0,256,32768,0.107227317,0.000418857,0.000330790,0.000624735,1
warmup,48,48,nb,0,256,32768,0.109383575,0.000427280,0.000341821,0.000660162,1
warmup,49,49,nb,0,256,32768,0.106322657,0.000415323,0.000326652,0.000655945,1
warmup,50,50,nb,0,256,32768,0.105898267,0.000413665,0.000325412,0.000564385,1
warmup,51,51,nb,0,256,32768,0.105043227,0.000410325,0.000316323,0.000571715,1
warmup,52,52,nb,0,256,32768,0.104866568,0.000409635,0.000328380,0.000592664,1
warmup,53,53,nb,0,256,32768,0.109582622,0.000428057,0.000348247,0.000673668,1
warmup,54,54,nb,0,256,32768,0.106270343,0.000415119,0.000312165,0.000602874,1
warmup,55,55,nb,0,256,32768,0.107308775,0.000419175,0.000345439,0.000630900,1
warmup,56,56,nb,0,256,32768,0.106309183,0.000415270,0.000329782,0.000640435,1
warmup,57,57,nb,0,256,32768,0.106988155,0.000417922,0.000322624,0.000649493,1
warmup,58,58,nb,0,256,32768,0.105077217,0.000410458,0.000332197,0.000576225,1
warmup,59,59,nb,0,256,32768,0.107264210,0.000419001,0.000334848,0.000586934,1
warmup,60,60,nb,0,256,32768,0.105489748,0.000412069,0.000310506,0.000575073,1
warmup,61,61,nb,0,256,32768,0.105696480,0.000412877,0.000338488,0.000595664,1
warmup,62,62,nb,0,256,32768,0.107261058,0.000418989,0.000347682,0.000596015,1
warmup,63,63,nb,0,256,32768,0.120038666,0.000468901,0.000320070,0.000628423,1
warmup,64,64,nb,0,256,32768,0.106048150,0.000414251,0.000327604,0.000582616,1
warmup,65,65,nb,0,256,32768,0.109019360,0.000425857,0.000331062,0.000626160,1
warmup,66,66,nb,0,256,32768,0.105186553,0.000410885,0.000334127,0.000588276,1
warmup,67,67,nb,0,256,32768,0.109342491,0.000427119,0.000333238,0.000609690,1
warmup,68,68,nb,0,256,32768,0.106645398,0.000416584,0.000330583,0.000575552,1
warmup,69,69,nb,0,256,32768,0.111418633,0.000435229,0.000348203,0.000671446,1
warmup,70,70,nb,0,256,32768,0.105416376,0.000411783,0.000320771,0.000579349,1
warmup,71,71,nb,0,256,32768,0.107071406,0.000418248,0.000325163,0.000596175,1
warmup,72,72,nb,0,256,32768,0.105372216,0.000411610,0.000334930,0.000606911,1
warmup,73,73,nb,0,256,32768,0.107910232,0.000421524,0.000324973,0.000673930,1
warmup,74,74,nb,0,256,32768,0.105501686,0.000412116,0.000322695,0.000595890,1
warmup,75,75,nb,0,256,32768,0.108203870,0.000422671,0.000338775,0.000633281,1
warmup,76,76,nb,0,256,32768,0.109755820,0.000428734,0.000354658,0.000626442,1
warmup,77,77,nb,0,256,32768,0.106445679,0.000415803,0.000327955,0.000611213,1
warmup,78,78,nb,0,256,32768,0.107292887,0.000419113,0.000318267,0.000629968,1
warmup,79,79,nb,0,256,32768,0.106893568,0.000417553,0.000343244,0.000579191,1
warmup,80,80,nb,0,256,32768,0.106177993,0.000414758,0.000314884,0.000620046,1
warmup,81,81,nb,0,256,32768,0.107382068,0.000419461,0.000330033,0.000658872,1
warmup,82,82,nb,0,256,32768,0.106560383,0.000416251,0.000329071,0.000611023,1
warmup,83,83,nb,0,256,32768,0.108330734,0.000423167,0.000349115,0.000592178,1
warmup,84,84,nb,0,256,32768,0.107890207,0.000421446,0.000344049,0.000585711,1
warmup,85,85,nb,0,256,32768,0.109414120,0.000427399,0.000355991,0.000583808,1
warmup,86,86,nb,0,256,32768,0.104983041,0.000410090,0.000325794,0.000615872,1
warmup,87,87,nb,0,256,32768,0.106356368,0.000415455,0.000342343,0.000579810,1
warmup,88,88,nb,0,256,32768,0.110710302,0.000432462,0.000354395,0.000658299,1
warmup,89,89,nb,0,256,32768,0.104655557,0.000408811,0.000313588,0.000620710,1
warmup,90,90,nb,0,256,32768,0.110946242,0.000433384,0.000350820,0.000587114,1
warmup,91,91,nb,0,256,32768,0.106423852,0.000415718,0.000338358,0.000571925,1
warmup,92,92,nb,0,256,32768,0.105738164,0.000413040,0.000335559,0.000628473,1
warmup,93,93,nb,0,256,32768,0.105576884,0.000412410,0.000312586,0.000612876,1
warmup,94,94,nb,0,256,32768,0.107580462,0.000420236,0.000329037,0.000633614,1
warmup,95,95,nb,0,256,32768,0.103793254,0.000405442,0.000315405,0.000555003,1
warmup,96,96,nb,0,256,32768,0.109159892,0.000426406,0.000337012,0.000586773,1
warmup,97,97,nb,0,256,32768,0.105233506,0.000411068,0.000335220,0.000587754,1
warmup,98,98,nb,0,256,32768,0.110330383,0.000430978,0.000342873,0.000621692,1
warmup,99,99,nb,0,256,32768,0.108617977,0.000424289,0.000336675,0.000615240,1
actual,0,100,nb,0,256,32768,0.107733561,0.000420834,0.000341290,0.000579380,1
actual,1,101,nb,0,256,32768,0.109233139,0.000426692,0.000347742,0.000592384,1
actual,2,102,nb,0,256,32768,0.106953872,0.000417789,0.000314469,0.000607752,1
actual,3,103,nb,0,256,32768,0.106819120,0.000417262,0.000345450,0.000575794,1
actual,4,104,nb,0,256,32768,0.105130716,0.000410667,0.000309791,0.000644843,1
actual,5,105,nb,0,256,32768,0.104550985,0.000408402,0.000329471,0.000553301,1
actual,6,106,nb,0,256,32768,0.106494239,0.000415993,0.000341143,0.000579851,1
actual,7,107,nb,0,256,32768,0.109540513,0.000427893,0.000342612,0.000583638,1
actual,8,108,nb,0,256,32768,0.104945584,0.000409944,0.000336812,0.000571494,1
actual,9,109,nb,0,256,32768,0.107763100,0.000420950,0.000330202,0.000590314,1
actual,10,110,nb,0,256,32768,0.104937395,0.000409912,0.000316685,0.000562688,1
actual,11,111,nb,0,256,32768,0.107710510,0.000420744,0.000333054,0.000604627,1
actual,12,112,nb,0,256,32768,0.109172334,0.000426454,0.000348747,0.000603074,1
actual,13,113,nb,0,256,32768,0.103911986,0.000405906,0.000308408,0.000596966,1
actual,14,114,nb,0,256,32768,0.106496902,0.000416004,0.000331762,0.000574765,1
actual,15,115,nb,0,256,32768,0.110561525,0.000431881,0.000354618,0.000587939,1
actual,16,116,nb,0,256,32768,0.107736979,0.000420848,0.000337954,0.000580943,1
actual,17,117,nb,0,256,32768,0.106665612,0.000416663,0.000341442,0.000581914,1
actual,18,118,nb,0,256,32768,0.105333198,0.000411458,0.000314602,0.000625386,1
actual,19,119,nb,0,256,32768,0.107311472,0.000419185,0.000341133,0.000617685,1
actual,20,120,nb,0,256,32768,0.105649173,0.000412692,0.000319181,0.000648362,1
actual,21,121,nb,0,256,32768,0.109283207,0.000426888,0.000339590,0.000602376,1
actual,22,122,nb,0,256,32768,0.106355373,0.000415451,0.000331646,0.000631220,1
actual,23,123,nb,0,256,32768,0.112616866,0.000439910,0.000344236,0.000622160,1
actual,24,124,nb,0,256,32768,0.105998347,0.000414056,0.000322976,0.000573159,1
actual,25,125,nb,0,256,32768,0.107304651,0.000419159,0.000337637,0.000581925,1
actual,26,126,nb,0,256,32768,0.106086632,0.000414401,0.000312185,0.000596813,1
actual,27,127,nb,0,256,32768,0.108725767,0.000424710,0.000339440,0.000599166,1
actual,28,128,nb,0,256,32768,0.107614990,0.000420371,0.000322975,0.000581964,1
actual,29,129,nb,0,256,32768,0.107711743,0.000420749,0.000323907,0.000589068,1
actual,30,130,nb,0,256,32768,0.103153910,0.000402945,0.000326502,0.000572471,1
actual,31,131,nb,0,256,32768,0.106700239,0.000416798,0.000336761,0.000621562,1
actual,32,132,nb,0,256,32768,0.106299238,0.000415231,0.000304952,0.000589139,1
actual,33,133,nb,0,256,32768,0.107026404,0.000418072,0.000333555,0.000564842,1
actual,34,134,nb,0,256,32768,0.108878154,0.000425305,0.000338084,0.000610408,1
actual,35,135,nb,0,256,32768,0.109652790,0.000428331,0.000348395,0.000685580,1
actual,36,136,nb,0,256,32768,0.107266615,0.000419010,0.000337986,0.000618817,1
actual,37,137,nb,0,256,32768,0.108227612,0.000422764,0.000320150,0.000598586,1
actual,38,138,nb,0,256,32768,0.103830459,0.000405588,0.000327297,0.000574975,1
actual,39,139,nb,0,256,32768,0.105779176,0.000413200,0.000309911,0.000596893,1
actual,40,140,nb,0,256,32768,0.107074864,0.000418261,0.000340148,0.000625106,1
actual,41,141,nb,0,256,32768,0.106551316,0.000416216,0.000320374,0.000609419,1
actual,42,142,nb,0,256,32768,0.106761359,0.000417037,0.000319830,0.000696060,1
actual,43,143,nb,0,256,32768,0.108464805,0.000423691,0.000324719,0.000592746,1
actual,44,144,nb,0,256,32768,0.109870697,0.000429182,0.000343698,0.000620560,1
actual,45,145,nb,0,256,32768,0.105758938,0.000413121,0.000327305,0.000581453,1
actual,46,146,nb,0,256,32768,0.109301012,0.000426957,0.000338218,0.000627183,1
actual,47,147,nb,0,256,32768,0.106396465,0.000415611,0.000333816,0.000589772,1
actual,48,148,nb,0,256,32768,0.108574591,0.000424119,0.000345651,0.000586667,1
actual,49,149,nb,0,256,32768,0.109043445,0.000425951,0.000346123,0.000607727,1
actual,50,150,nb,0,256,32768,0.108763093,0.000424856,0.000348347,0.000603739,1
actual,51,151,nb,0,256,32768,0.107339785,0.000419296,0.000323621,0.000614659,1
actual,52,152,nb,0,256,32768,0.107357125,0.000419364,0.000326456,0.000599400,1
actual,53,153,nb,0,256,32768,0.109566295,0.000427993,0.000353577,0.000624418,1
actual,54,154,nb,0,256,32768,0.107129479,0.000418475,0.000331301,0.000580192,1
actual,55,155,nb,0,256,32768,0.105477768,0.000412023,0.000324332,0.000569290,1
actual,56,156,nb,0,256,32768,0.108036193,0.000422016,0.000337543,0.000646857,1
actual,57,157,nb,0,256,32768,0.109465338,0.000427599,0.000340852,0.000594752,1
actual,58,158,nb,0,256,32768,0.107349043,0.000419332,0.000334587,0.000645925,1
actual,59,159,nb,0,256,32768,0.109368309,0.000427220,0.000344666,0.000598645,1
actual,60,160,nb,0,256,32768,0.106152699,0.000414659,0.000335834,0.000596930,1
actual,61,161,nb,0,256,32768,0.109019246,0.000425856,0.000353695,0.000594508,1
actual,62,162,nb,0,256,32768,0.107652747,0.000420519,0.000337427,0.000621141,1
actual,63,163,nb,0,256,32768,0.105503806,0.000412124,0.000334998,0.000580726,1
actual,64,164,nb,0,256,32768,0.106763016,0.000417043,0.000339166,0.000641447,1
actual,65,165,nb,0,256,32768,0.107690080,0.000420664,0.000344760,0.000581032,1
actual,66,166,nb,0,256,32768,0.105601963,0.000412508,0.000310812,0.000596616,1
actual,67,167,nb,0,256,32768,0.104341703,0.000407585,0.000323430,0.000571295,1
actual,68,168,nb,0,256,32768,0.108052804,0.000422081,0.000332624,0.000589798,1
actual,69,169,nb,0,256,32768,0.107731855,0.000420828,0.000341703,0.000613257,1
actual,70,170,nb,0,256,32768,0.103512334,0.000404345,0.000320200,0.000585384,1
actual,71,171,nb,0,256,32768,0.107174199,0.000418649,0.000336611,0.000597705,1
actual,72,172,nb,0,256,32768,0.105652112,0.000412704,0.000322174,0.000563940,1
actual,73,173,nb,0,256,32768,0.110847821,0.000432999,0.000351483,0.000615190,1
actual,74,174,nb,0,256,32768,0.108164427,0.000422517,0.000347244,0.000577930,1
actual,75,175,nb,0,256,32768,0.108816314,0.000425064,0.000342713,0.000617995,1
actual,76,176,nb,0,256,32768,0.106559229,0.000416247,0.000338807,0.000600953,1
actual,77,177,nb,0,256,32768,0.107927189,0.000421591,0.000329949,0.000615100,1
actual,78,178,nb,0,256,32768,0.107924533,0.000421580,0.000326372,0.000623295,1
actual,79,179,nb,0,256,32768,0.107200080,0.000418750,0.000344029,0.000590564,1
actual,80,180,nb,0,256,32768,0.106605530,0.000416428,0.000314583,0.000662286,1
actual,81,181,nb,0,256,32768,0.108968835,0.000425660,0.000333244,0.000597718,1
actual,82,182,nb,0,256,32768,0.103056707,0.000402565,0.000320380,0.000567417,1
actual,83,183,nb,0,256,32768,0.108643431,0.000424388,0.000340558,0.000580421,1
actual,84,184,nb,0,256,32768,0.108345427,0.000423224,0.000323216,0.000582766,1
actual,85,185,nb,0,256,32768,0.108544620,0.000424002,0.000345672,0.000648843,1
actual,86,186,nb,0,256,32768,0.104371430,0.000407701,0.000309009,0.000588496,1
actual,87,187,nb,0,256,32768,0.106731792,0.000416921,0.000333113,0.000649352,1
actual,88,188,nb,0,256,32768,0.104533903,0.000408336,0.000311163,0.000605101,1
actual,89,189,nb,0,256,32768,0.106772770,0.000417081,0.000321633,0.000618363,1
actual,90,190,nb,0,256,32768,0.107104601,0.000418377,0.000341500,0.000570362,1
actual,91,191,nb,0,256,32768,0.106441693,0.000415788,0.000327214,0.000620868,1
actual,92,192,nb,0,256,32768,0.106247226,0.000415028,0.000348197,0.000575652,1
actual,93,193,nb,0,256,32768,0.108971284,0.000425669,0.000346113,0.000634283,1
actual,94,194,nb,0,256,32768,0.106803230,0.000417200,0.000333489,0.000606810,1
actual,95,195,nb,0,256,32768,0.106805142,0.000417208,0.000339059,0.000572676,1
actual,96,196,nb,0,256,32768,0.105747499,0.000413076,0.000314390,0.000589508,1
actual,97,197,nb,0,256,32768,0.104506425,0.000408228,0.000329087,0.000572527,1
actual,98,198,nb,0,256,32768,0.106331571,0.000415358,0.000333145,0.000576394,1
actual,99,199,nb,0,256,32768,0.104036658,0.000406393,0.000323928,0.000578657,1
warmup,0,0,nb,0,256,49152,0.116689937,0.000455820,0.000351298,0.000677938,1
warmup,1,1,nb,0,256,49152,0.122306487,0.000477760,0.000365555,0.000650693,1
warmup,2,2,nb,0,256,49152,0.118472224,0.000462782,0.000357952,0.000632790,1
warmup,3,3,nb,0,256,49152,0.117395681,0.000458577,0.000351689,0.000621599,1
warmup,4,4,nb,0,256,49152,0.117349497,0.000458396,0.000356378,0.000611841,1
warmup,5,5,nb,0,256,49152,0.115421252,0.000450864,0.000359057,0.000627300,1
warmup,6,6,nb,0,256,49152,0.115710395,0.000451994,0.000363645,0.000627371,1
warmup,7,7,nb,0,256,49152,0.114904154,0.000448844,0.000351553,0.000622101,1
warmup,8,8,nb,0,256,49152,0.112334944,0.000438808,0.000346123,0.000617023,1
warmup,9,9,nb,0,256,49152,0.118239077,0.000461871,0.000348784,0.000651809,1
warmup,10,10,nb,0,256,49152,0.115279665,0.000450311,0.000348454,0.000651718,1
warmup,11,11,nb,0,256,49152,0.118698608,0.000463666,0.000353563,0.000660101,1
warmup,12,12,nb,0,256,49152,0.115283082,0.000450325,0.000341190,0.000613435,1
warmup,13,13,nb,0,256,49152,0.114381331,0.000446802,0.000359014,0.000634373,1
warmup,14,14,nb,0,256,49152,0.117316934,0.000458269,0.000364195,0.000622320,1
warmup,15,15,nb,0,256,49152,0.115094059,0.000449586,0.000345518,0.000617681,1
warmup,16,16,nb,0,256,49152,0.116472784,0.000454972,0.000366199,0.000610040,1
warmup,17,17,nb,0,256,49152,0.118819091,0.000464137,0.000365896,0.000619204,1
warmup,18,18,nb,0,256,49152,0.114168989,0.000445973,0.000343167,0.000610849,1
warmup,19,19,nb,0,256,49152,0.116718863,0.000455933,0.000362633,0.000643774,1
warmup,20,20,nb,0,256,49152,0.115949514,0.000452928,0.000355639,0.000637909,1
warmup,21,21,nb,0,256,49152,0.115519513,0.000451248,0.000341330,0.000654995,1
warmup,22,22,nb,0,256,49152,0.115438788,0.000450933,0.000350437,0.000619795,1
warmup,23,23,nb,0,256,49152,0.116731588,0.000455983,0.000358043,0.000672678,1
warmup,24,24,nb,0,256,49152,0.117379982,0.000458516,0.000339380,0.000614946,1
warmup,25,25,nb,0,256,49152,0.114545768,0.000447444,0.000347071,0.000606279,1
warmup,26,26,nb,0,256,49152,0.112898035,0.000441008,0.000336220,0.000624474,1
warmup,27,27,nb,0,256,49152,0.114204734,0.000446112,0.000345048,0.000624805,1
warmup,28,28,nb,0,256,49152,0.115679618,0.000451874,0.000355219,0.000626088,1
warmup,29,29,nb,0,256,49152,0.117275980,0.000458109,0.000358345,0.000629815,1
warmup,30,30,nb,0,256,49152,0.114694569,0.000448026,0.000349906,0.000618043,1
warmup,31,31,nb,0,256,49152,0.115498023,0.000451164,0.000345358,0.000645356,1
warmup,32,32,nb,0,256,49152,0.113994434,0.000445291,0.000346049,0.000636556,1
warmup,33,33,nb,0,256,49152,0.117453823,0.000458804,0.000361638,0.000652697,1
warmup,34,34,nb,0,256,49152,0.116690206,0.000455821,0.000356398,0.000610629,1
warmup,35,35,nb,0,256,49152,0.115589278,0.000451521,0.000359564,0.000631416,1
warmup,36,36,nb,0,256,49152,0.120929780,0.000472382,0.000371729,0.000667785,1
warmup,37,37,nb,0,256,49152,0.116642739,0.000455636,0.000353817,0.000623492,1
warmup,38,38,nb,0,256,49152,0.118867361,0.000464326,0.000371927,0.000655832,1
warmup,39,39,nb,0,256,49152,0.113399020,0.000442965,0.000338264,0.000609886,1
warmup,40,40,nb,0,256,49152,0.116484684,0.000455018,0.000358500,0.000627190,1
warmup,41,41,nb,0,256,49152,0.113301931,0.000442586,0.000346612,0.000619056,1
warmup,42,42,nb,0,256,49152,0.120473331,0.000470599,0.000374877,0.000636859,1
warmup,43,43,nb,0,256,49152,0.111792484,0.000436689,0.000341740,0.000616690,1
warmup,44,44,nb,0,256,49152,0.118060552,0.000461174,0.000368621,0.000657287,1
warmup,45,45,nb,0,256,49152,0.112130921,0.000438011,0.000332084,0.000598024,1
warmup,46,46,nb,0,256,49152,0.114517124,0.000447333,0.000341430,0.000635605,1
warmup,47,47,nb,0,256,49152,0.117655016,0.000459590,0.000350056,0.000631108,1
warmup,48,48,nb,0,256,49152,0.113892850,0.000444894,0.000346661,0.000613663,1
warmup,49,49,nb,0,256,49152,0.115802584,0.000452354,0.000356348,0.000659573,1
warmup,50,50,nb,0,256,49152,0.111827634,0.000436827,0.000335178,0.000608866,1
warmup,51,51,nb,0,256,49152,0.115208588,0.000450034,0.000347071,0.000627811,1
warmup,52,52,nb,0,256,49152,0.115026912,0.000449324,0.000370096,0.000639984,1
warmup,53,53,nb,0,256,49152,0.114548179,0.000447454,0.000323777,0.000624094,1
warmup,54,54,nb,0,256,49152,0.116052212,0.000453329,0.000337423,0.000667418,1
warmup,55,55,nb,0,256,49152,0.115956549,0.000452955,0.000350801,0.000636686,1
warmup,56,56,nb,0,256,49152,0.116387014,0.000454637,0.000368451,0.000622159,1
warmup,57,57,nb,0,256,49152,0.115492588,0.000451143,0.000358102,0.000612792,1
warmup,58,58,nb,0,256,49152,0.114876834,0.000448738,0.000343795,0.000624373,1
warmup,59,59,nb,0,256,49152,0.118108488,0.000461361,0.000367561,0.000654514,1
warmup,60,60,nb,0,256,49152,0.115792452,0.000452314,0.000361077,0.000621792,1
warmup,61,61,nb,0,256,49152,0.111643510,0.000436107,0.000336631,0.000601050,1
warmup,62,62,nb,0,256,49152,0.112980728,0.000441331,0.000334607,0.000611790,1
warmup,63,63,nb,0,256,49152,0.114800503,0.000448439,0.000337072,0.000649295,1
warmup,64,64,nb,0,256,49152,0.115762080,0.000452196,0.000347952,0.000670413,1
warmup,65,65,nb,0,256,49152,0.116096326,0.000453501,0.000359334,0.000618744,1
warmup,66,66,nb,0,256,49152,0.115553928,0.000451383,0.000348324,0.000606060,1
warmup,67,67,nb,0,256,49152,0.118321345,0.000462193,0.000379175,0.000653672,1
warmup,68,68,nb,0,256,49152,0.110584553,0.000431971,0.000319339,0.000628722,1
warmup,69,69,nb,0,256,49152,0.118415373,0.000462560,0.000368351,0.000641457,1
warmup,70,70,nb,0,256,49152,0.117694079,0.000459742,0.000358272,0.000656285,1
warmup,71,71,nb,0,256,49152,0.114386267,0.000446821,0.000357270,0.000647619,1
warmup,72,72,nb,0,256,49152,0.117667008,0.000459637,0.000372302,0.000627270,1
warmup,73,73,nb,0,256,49152,0.117440117,0.000458750,0.000348384,0.000650745,1
warmup,74,74,nb,0,256,49152,0.114366918,0.000446746,0.000345710,0.000607313,1
warmup,75,75,nb,0,256,49152,0.113713715,0.000444194,0.000344987,0.000609076,1
warmup,76,76,nb,0,256,49152,0.115389189,0.000450739,0.000352442,0.000692132,1
warmup,77,77,nb,0,256,49152,0.116548223,0.000455266,0.000349559,0.000632603,1
warmup,78,78,nb,0,256,49152,0.116618160,0.000455540,0.000341450,0.000629684,1
warmup,79,79,nb,0,256,49152,0.113974056,0.000445211,0.000338696,0.000601344,1
warmup,80,80,nb,0,256,49152,0.115174321,0.000449900,0.000357123,0.000619615,1
warmup,81,81,nb,0,256,49152,0.118429825,0.000462617,0.000370797,0.000634356,1
warmup,82,82,nb,0,256,49152,0.112966384,0.000441275,0.000334046,0.000619454,1
warmup,83,83,nb,0,256,49152,0.114672566,0.000447940,0.000342472,0.000625787,1
warmup,84,84,nb,0,256,49152,0.120152102,0.000469344,0.000375985,0.000648581,1
warmup,85,85,nb,0,256,49152,0.116400106,0.000454688,0.000340902,0.000634453,1
warmup,86,86,nb,0,256,49152,0.116664059,0.000455719,0.000355404,0.000649284,1
warmup,87,87,nb,0,256,49152,0.114683793,0.000447984,0.000350779,0.000612422,1
warmup,88,88,nb,0,256,49152,0.117261568,0.000458053,0.000359444,0.000648599,1
warmup,89,89,nb,0,256,49152,0.115146498,0.000449791,0.000367153,0.000664232,1
warmup,90,90,nb,0,256,49152,0.117165636,0.000457678,0.000347311,0.000656367,1
warmup,91,91,nb,0,256,49152,0.117198318,0.000457806,0.000364734,0.000627961,1
warmup,92,92,nb,0,256,49152,0.115435088,0.000450918,0.000368751,0.000613534,1
warmup,93,93,nb,0,256,49152,0.118088631,0.000461284,0.000368944,0.000681143,1
warmup,94,94,nb,0,256,49152,0.115827675,0.000452452,0.000350457,0.000664552,1
warmup,95,95,nb,0,256,49152,0.113934186,0.000445055,0.000354665,0.000624785,1
warmup,96,96,nb,0,256,49152,0.116639947,0.000455625,0.000353533,0.000656264,1
warmup,97,97,nb,0,256,49152,0.115235170,0.000450137,0.000349766,0.000636497,1
warmup,98,98,nb,0,256,49152,0.116580442,0.000455392,0.000345247,0.000627740,1
warmup,99,99,nb,0,256,49152,0.115837411,0.000452490,0.000344436,0.000619915,1
actual,0,100,nb,0,256,49152,0.115142865,0.000449777,0.000366201,0.000620610,1
actual,1,101,nb,0,256,49152,0.114347029,0.000446668,0.000333174,0.000629083,1
actual,2,102,nb,0,256,49152,0.118632688,0.000463409,0.000359907,0.000648741,1
actual,3,103,nb,0,256,49152,0.115552050,0.000451375,0.000339376,0.000631461,1
actual,4,104,nb,0,256,49152,0.115049336,0.000449411,0.000346069,0.000617561,1
actual,5,105,nb,0,256,49152,0.119666584,0.000467448,0.000368936,0.000693136,1
actual,6,106,nb,0,256,49152,0.117367778,0.000458468,0.000358716,0.000643741,1
actual,7,107,nb,0,256,49152,0.117051788,0.000457234,0.000363275,0.000623352,1
actual,8,108,nb,0,256,49152,0.114975118,0.000449122,0.000348395,0.000675353,1
actual,9,109,nb,0,256,49152,0.116754587,0.000456073,0.000348523,0.000636958,1
actual,10,110,nb,0,256,49152,0.117812571,0.000460205,0.000349896,0.000632720,1
actual,11,111,nb,0,256,49152,0.114686273,0.000447993,0.000350847,0.000614986,1
actual,12,112,nb,0,256,49152,0.147651505,0.000576764,0.000314911,0.000761332,1
actual,13,113,nb,0,256,49152,0.118602249,0.000463290,0.000348994,0.000632038,1
actual,14,114,nb,0,256,49152,0.118829154,0.000464176,0.000369403,0.000678968,1
actual,15,115,nb,0,256,49152,0.118286929,0.000462058,0.000358332,0.000647067,1
actual,16,116,nb,0,256,49152,0.114004732,0.000445331,0.000343746,0.000623863,1
actual,17,117,nb,0,256,49152,0.118833124,0.000464192,0.000356207,0.000636648,1
actual,18,118,nb,0,256,49152,0.114796252,0.000448423,0.000344245,0.000612182,1
actual,19,119,nb,0,256,49152,0.115757934,0.000452179,0.000357320,0.000646028,1
actual,20,120,nb,0,256,49152,0.117443534,0.000458764,0.000354535,0.000703556,1
actual,21,121,nb,0,256,49152,0.116612984,0.000455519,0.000375134,0.000616260,1
actual,22,122,nb,0,256,49152,0.115967895,0.000453000,0.000354234,0.000616128,1
actual,23,123,nb,0,256,49152,0.113619408,0.000443826,0.000342382,0.000606502,1
actual,24,124,nb,0,256,49152,0.117916733,0.000460612,0.000355376,0.000664473,1
actual,25,125,nb,0,256,49152,0.115424122,0.000450875,0.000342722,0.000640364,1
actual,26,126,nb,0,256,49152,0.115389929,0.000450742,0.000347804,0.000661998,1
actual,27,127,nb,0,256,49152,0.113779748,0.000444452,0.000355627,0.000614657,1
actual,28,128,nb,0,256,49152,0.118583628,0.000463217,0.000368182,0.000632380,1
actual,29,129,nb,0,256,49152,0.116565648,0.000455335,0.000360697,0.000604526,1
actual,30,130,nb,0,256,49152,0.115612239,0.000451610,0.000347011,0.000621640,1
actual,31,131,nb,0,256,49152,0.116928493,0.000456752,0.000354539,0.000646335,1
actual,32,132,nb,0,256,49152,0.114885068,0.000448770,0.000352321,0.000641586,1
actual,33,133,nb,0,256,49152,0.116462694,0.000454932,0.000348874,0.000626972,1
actual,34,134,nb,0,256,49152,0.115772754,0.000452237,0.000360826,0.000640187,1
actual,35,135,nb,0,256,49152,0.116373595,0.000454584,0.000365325,0.000635475,1
actual,36,136,nb,0,256,49152,0.115798103,0.000452336,0.000349345,0.000677517,1
actual,37,137,nb,0,256,49152,0.118968086,0.000464719,0.000352461,0.000648439,1
actual,38,138,nb,0,256,49152,0.114935899,0.000448968,0.000355808,0.000617993,1
actual,39,139,nb,0,256,49152,0.113893783,0.000444898,0.000334938,0.000627760,1
actual,40,140,nb,0,256,49152,0.115341384,0.000450552,0.000343869,0.000622702,1
actual,41,141,nb,0,256,49152,0.114243892,0.000446265,0.000347652,0.000635138,1
actual,42,142,nb,0,256,49152,0.116525441,0.000455178,0.000358362,0.000602787,1
actual,43,143,nb,0,256,49152,0.118200138,0.000461719,0.000368060,0.000665604,1
actual,44,144,nb,0,256,49152,0.114775093,0.000448340,0.000349676,0.000626039,1
actual,45,145,nb,0,256,49152,0.114507659,0.000447296,0.000349234,0.000614626,1
actual,46,146,nb,0,256,49152,0.115664892,0.000451816,0.000345498,0.000647000,1
actual,47,147,nb,0,256,49152,0.118134016,0.000461461,0.000372170,0.000643133,1
actual,48,148,nb,0,256,49152,0.118412096,0.000462547,0.000360956,0.000640034,1
actual,49,149,nb,0,256,49152,0.114863418,0.000448685,0.000359755,0.000622290,1
actual,50,150,nb,0,256,49152,0.115930133,0.000452852,0.000346018,0.000624273,1
actual,51,151,nb,0,256,49152,0.113279215,0.000442497,0.000343203,0.000619896,1
actual,52,152,nb,0,256,49152,0.120009981,0.000468789,0.000382988,0.000650875,1
actual,53,153,nb,0,256,49152,0.115386690,0.000450729,0.000341821,0.000667585,1
actual,54,154,nb,0,256,49152,0.116635552,0.000455608,0.000341671,0.000682975,1
actual,55,155,nb,0,256,49152,0.116138586,0.000453666,0.000350117,0.000665886,1
actual,56,156,nb,0,256,49152,0.116347299,0.000454482,0.000346890,0.000634074,1
actual,57,157,nb,0,256,49152,0.115000948,0.000449222,0.000361427,0.000637041,1
actual,58,158,nb,0,256,49152,0.116684688,0.000455800,0.000365024,0.000608184,1
actual,59,159,nb,0,256,49152,0.116705144,0.000455879,0.000357180,0.000672608,1
actual,60,160,nb,0,256,49152,0.113693915,0.000444117,0.000346469,0.000618724,1
actual,61,161,nb,0,256,49152,0.115018897,0.000449293,0.000357060,0.000621388,1
actual,62,162,nb,0,256,49152,0.113041193,0.000441567,0.000343844,0.000623536,1
actual,63,163,nb,0,256,49152,0.115645178,0.000451739,0.000352922,0.000661447,1
actual,64,164,nb,0,256,49152,0.114947973,0.000449016,0.000355849,0.000623964,1
actual,65,165,nb,0,256,49152,0.114921679,0.000448913,0.000343564,0.000619745,1
actual,66,166,nb,0,256,49152,0.114038302,0.000445462,0.000336100,0.000694207,1
actual,67,167,nb,0,256,49152,0.119234854,0.000465761,0.000355978,0.000629385,1
actual,68,168,nb,0,256,49152,0.117106413,0.000457447,0.000350030,0.000645614,1
actual,69,169,nb,0,256,49152,0.115278443,0.000450306,0.000352312,0.000658171,1
actual,70,170,nb,0,256,49152,0.120465628,0.000470569,0.000374442,0.000687916,1
actual,71,171,nb,0,256,49152,0.113948628,0.000445112,0.000343414,0.000612415,1
actual,72,172,nb,0,256,49152,0.117050559,0.000457229,0.000366427,0.000622440,1
actual,73,173,nb,0,256,49152,0.116095997,0.000453500,0.000357801,0.000622130,1
actual,74,174,nb,0,256,49152,0.118598376,0.000463275,0.000367428,0.000634053,1
actual,75,175,nb,0,256,49152,0.117960868,0.000460785,0.000358563,0.000659182,1
actual,76,176,nb,0,256,49152,0.116492841,0.000455050,0.000339176,0.000645407,1
actual,77,177,nb,0,256,49152,0.116783272,0.000456185,0.000358322,0.000632859,1
actual,78,178,nb,0,256,49152,0.118110523,0.000461369,0.000349746,0.000620788,1
actual,79,179,nb,0,256,49152,0.117287267,0.000458153,0.000349946,0.000617392,1
actual,80,180,nb,0,256,49152,0.115885247,0.000452677,0.000340490,0.000646259,1
actual,81,181,nb,0,256,49152,0.114385915,0.000446820,0.000340578,0.000641730,1
actual,82,182,nb,0,256,49152,0.115011072,0.000449262,0.000336982,0.000650436,1
actual,83,183,nb,0,256,49152,0.115382198,0.000450712,0.000367713,0.000623993,1
actual,84,184,nb,0,256,49152,0.116825963,0.000456351,0.000351199,0.000617812,1
actual,85,185,nb,0,256,49152,0.116068804,0.000453394,0.000345498,0.000699396,1
actual,86,186,nb,0,256,49152,0.114506467,0.000447291,0.000342021,0.000639273,1
actual,87,187,nb,0,256,49152,0.115768818,0.000452222,0.000356789,0.000633060,1
actual,88,188,nb,0,256,49152,0.115349551,0.000450584,0.000348273,0.000622401,1
actual,89,189,nb,0,256,49152,0.118475145,0.000462794,0.000367731,0.000665845,1
actual,90,190,nb,0,256,49152,0.114143725,0.000445874,0.000351389,0.000613324,1
actual,91,191,nb,0,256,49152,0.115951126,0.000452934,0.000349646,0.000629483,1
actual,92,192,nb,0,256,49152,0.113592878,0.000443722,0.000345798,0.000628403,1
actual,93,193,nb,0,256,49152,0.115288561,0.000450346,0.000339318,0.000632369,1
actual,94,194,nb,0,256,49152,0.116286711,0.000454245,0.000357731,0.000628192,1
actual,95,195,nb,0,256,49152,0.120223577,0.000469623,0.000382792,0.000668360,1
actual,96,196,nb,0,256,49152,0.116630255,0.000455587,0.000360510,0.000626319,1
actual,97,197,nb,0,256,49152,0.116618485,0.000455541,0.000357710,0.000665673,1
actual,98,198,nb,0,256,49152,0.115054502,0.000449432,0.000347321,0.000607873,1
actual,99,199,nb,0,256,49152,0.112009730,0.000437538,0.000323036,0.000617110,1
warmup,0,0,nb,0,256,65536,0.118625846,0.000463382,0.000364433,0.000650685,1
warmup,1,1,nb,0,256,65536,0.121101811,0.000473054,0.000375929,0.000655305,1
warmup,2,2,nb,0,256,65536,0.116319080,0.000454371,0.000354114,0.000654962,1
warmup,3,3,nb,0,256,65536,0.115913690,0.000452788,0.000355928,0.000632068,1
warmup,4,4,nb,0,256,65536,0.114332474,0.000446611,0.000340899,0.000638191,1
warmup,5,5,nb,0,256,65536,0.115153915,0.000449820,0.000349405,0.000637359,1
warmup,6,6,nb,0,256,65536,0.117739221,0.000459919,0.000357424,0.000644561,1
warmup,7,7,nb,0,256,65536,0.117744545,0.000459940,0.000364097,0.000633090,1
warmup,8,8,nb,0,256,65536,0.120053035,0.000468957,0.000358606,0.000694579,1
warmup,9,9,nb,0,256,65536,0.115709614,0.000451991,0.000360275,0.000625928,1
warmup,10,10,nb,0,256,65536,0.117939638,0.000460702,0.000358202,0.000624504,1
warmup,11,11,nb,0,256,65536,0.117319115,0.000458278,0.000355055,0.000622811,1
warmup,12,12,nb,0,256,65536,0.122643875,0.000479078,0.000379692,0.000696380,1
warmup,13,13,nb,0,256,65536,0.117673080,0.000459660,0.000368310,0.000686314,1
warmup,14,14,nb,0,256,65536,0.116866878,0.000456511,0.000359915,0.000674300,1
warmup,15,15,nb,0,256,65536,0.115806084,0.000452368,0.000353804,0.000646154,1
warmup,16,16,nb,0,256,65536,0.118415081,0.000462559,0.000346089,0.000643820,1
warmup,17,17,nb,0,256,65536,0.116551971,0.000455281,0.000345708,0.000638511,1
warmup,18,18,nb,0,256,65536,0.115435926,0.000450922,0.000338806,0.000652016,1
warmup,19,19,nb,0,256,65536,0.121173152,0.000473333,0.000368104,0.000649224,1
warmup,20,20,nb,0,256,65536,0.117617644,0.000459444,0.000366166,0.000632158,1
warmup,21,21,nb,0,256,65536,0.118501539,0.000462897,0.000356579,0.000626167,1
warmup,22,22,nb,0,256,65536,0.116492214,0.000455048,0.000356869,0.000619985,1
warmup,23,23,nb,0,256,65536,0.116512667,0.000455128,0.000353533,0.000632840,1
warmup,24,24,nb,0,256,65536,0.114601053,0.000447660,0.000335619,0.000635977,1
warmup,25,25,nb,0,256,65536,0.117437561,0.000458740,0.000365199,0.000634092,1
warmup,26,26,nb,0,256,65536,0.114577360,0.000447568,0.000346079,0.000630967,1
warmup,27,27,nb,0,256,65536,0.118795816,0.000464046,0.000349685,0.000644806,1
warmup,28,28,nb,0,256,65536,0.117551345,0.000459185,0.000357760,0.000629264,1
warmup,29,29,nb,0,256,65536,0.118308067,0.000462141,0.000359354,0.000668470,1
warmup,30,30,nb,0,256,65536,0.123742382,0.000483369,0.000374576,0.000734310,1
warmup,31,31,nb,0,256,65536,0.116762931,0.000456105,0.000362830,0.000622184,1
warmup,32,32,nb,0,256,65536,0.119272559,0.000465908,0.000368781,0.000657816,1
warmup,33,33,nb,0,256,65536,0.117478930,0.000458902,0.000342392,0.000645677,1
warmup,34,34,nb,0,256,65536,0.116177290,0.000453818,0.000354004,0.000621078,1
warmup,35,35,nb,0,256,65536,0.117625552,0.000459475,0.000346921,0.000618895,1
warmup,36,36,nb,0,256,65536,0.117711230,0.000459809,0.000370777,0.000635766,1
warmup,37,37,nb,0,256,65536,0.118146012,0.000461508,0.000359364,0.000633144,1
warmup,38,38,nb,0,256,65536,0.117648529,0.000459565,0.000370275,0.000631627,1
warmup,39,39,nb,0,256,65536,0.117236021,0.000457953,0.000359685,0.000622850,1
warmup,40,40,nb,0,256,65536,0.117496299,0.000458970,0.000349255,0.000628151,1
warmup,41,41,nb,0,256,65536,0.121992337,0.000476533,0.000383820,0.000675712,1
warmup,42,42,nb,0,256,65536,0.116316300,0.000454361,0.000361181,0.000640514,1
warmup,43,43,nb,0,256,65536,0.113973184,0.000445208,0.000338205,0.000621179,1
warmup,44,44,nb,0,256,65536,0.117980088,0.000460860,0.000371757,0.000624485,1
warmup,45,45,nb,0,256,65536,0.120147921,0.000469328,0.000383148,0.000640055,1
warmup,46,46,nb,0,256,65536,0.116374209,0.000454587,0.000361198,0.000625105,1
warmup,47,47,nb,0,256,65536,0.115984122,0.000453063,0.000345568,0.000623061,1
warmup,48,48,nb,0,256,65536,0.118316905,0.000462175,0.000374426,0.000656207,1
warmup,49,49,nb,0,256,65536,0.117620810,0.000459456,0.000367068,0.000641297,1
warmup,50,50,nb,0,256,65536,0.116894645,0.000456620,0.000358163,0.000615007,1
warmup,51,51,nb,0,256,65536,0.113605888,0.000443773,0.000353393,0.000641217,1
warmup,52,52,nb,0,256,65536,0.118592263,0.000463251,0.000360465,0.000666226,1
warmup,53,53,nb,0,256,65536,0.119889990,0.000468320,0.000369172,0.000630667,1
warmup,54,54,nb,0,256,65536,0.118091748,0.000461296,0.000365035,0.000631097,1
warmup,55,55,nb,0,256,65536,0.117549607,0.000459178,0.000366828,0.000623052,1
warmup,56,56,nb,0,256,65536,0.116730961,0.000455980,0.000368513,0.000630966,1
warmup,57,57,nb,0,256,65536,0.117073002,0.000457316,0.000355888,0.000670490,1
warmup,58,58,nb,0,256,65536,0.117687783,0.000459718,0.000352936,0.000619465,1
warmup,59,59,nb,0,256,65536,0.117199496,0.000457811,0.000369046,0.000626729,1
warmup,60,60,nb,0,256,65536,0.117149015,0.000457613,0.000351790,0.000628541,1
warmup,61,61,nb,0,256,65536,0.115784396,0.000452283,0.000353512,0.000652988,1
warmup,62,62,nb,0,256,65536,0.118114366,0.000461384,0.000373601,0.000630509,1
warmup,63,63,nb,0,256,65536,0.119674461,0.000467478,0.000367052,0.000638620,1
warmup,64,64,nb,0,256,65536,0.116701075,0.000455864,0.000354274,0.000620066,1
warmup,65,65,nb,0,256,65536,0.117066910,0.000457293,0.000368421,0.000635575,1
warmup,66,66,nb,0,256,65536,0.117727167,0.000459872,0.000375637,0.000635805,1
warmup,67,67,nb,0,256,65536,0.121407372,0.000474248,0.000378103,0.000669549,1
warmup,68,68,nb,0,256,65536,0.118713686,0.000463725,0.000365639,0.000626447,1
warmup,69,69,nb,0,256,65536,0.117035424,0.000457170,0.000356501,0.000628112,1
warmup,70,70,nb,0,256,65536,0.117631944,0.000459500,0.000358071,0.000642348,1
warmup,71,71,nb,0,256,65536,0.118621869,0.000463367,0.000365005,0.000642007,1
warmup,72,72,nb,0,256,65536,0.115531060,0.000451293,0.000358593,0.000624414,1
warmup,73,73,nb,0,256,65536,0.117299668,0.000458202,0.000370655,0.000625197,1
warmup,74,74,nb,0,256,65536,0.119131193,0.000465356,0.000365509,0.000659192,1
warmup,75,75,nb,0,256,65536,0.114958610,0.000449057,0.000346600,0.000618094,1
warmup,76,76,nb,0,256,65536,0.117147974,0.000457609,0.000360015,0.000630997,1
warmup,77,77,nb,0,256,65536,0.116142094,0.000453680,0.000367669,0.000620938,1
warmup,78,78,nb,0,256,65536,0.120171562,0.000469420,0.000361719,0.000632900,1
warmup,79,79,nb,0,256,65536,0.116687656,0.000455811,0.000354274,0.000633482,1
warmup,80,80,nb,0,256,65536,0.116021117,0.000453207,0.000347251,0.000621381,1
warmup,81,81,nb,0,256,65536,0.117123973,0.000457516,0.000355029,0.000628922,1
warmup,82,82,nb,0,256,65536,0.119730946,0.000467699,0.000366137,0.000638801,1
warmup,83,83,nb,0,256,65536,0.117799239,0.000460153,0.000356873,0.000629134,1
warmup,84,84,nb,0,256,65536,0.114761455,0.000448287,0.000345322,0.000618805,1
warmup,85,85,nb,0,256,65536,0.117588936,0.000459332,0.000348794,0.000622340,1
warmup,86,86,nb,0,256,65536,0.117809451,0.000460193,0.000356027,0.000629235,1
warmup,87,87,nb,0,256,65536,0.116980217,0.000456954,0.000364998,0.000628431,1
warmup,88,88,nb,0,256,65536,0.117123340,0.000457513,0.000355647,0.000617170,1
warmup,89,89,nb,0,256,65536,0.120921952,0.000472351,0.000380603,0.000646888,1
warmup,90,90,nb,0,256,65536,0.116975832,0.000456937,0.000358001,0.000640125,1
warmup,91,91,nb,0,256,65536,0.118653076,0.000463489,0.000371416,0.000615207,1
warmup,92,92,nb,0,256,65536,0.117760174,0.000460001,0.000363473,0.000635812,1
warmup,93,93,nb,0,256,65536,0.114909913,0.000448867,0.000350367,0.000630897,1
warmup,94,94,nb,0,256,65536,0.116549324,0.000455271,0.000350527,0.000621139,1
warmup,95,95,nb,0,256,65536,0.116747022,0.000456043,0.000364313,0.000608756,1
warmup,96,96,nb,0,256,65536,0.118020374,0.000461017,0.000342733,0.000656746,1
warmup,97,97,nb,0,256,65536,0.119000495,0.000464846,0.000370939,0.000620326,1
warmup,98,98,nb,0,256,65536,0.120224670,0.000469628,0.000380283,0.000643080,1
warmup,99,99,nb,0,256,65536,0.117800830,0.000460159,0.000358392,0.000691821,1
actual,0,100,nb,0,256,65536,0.120198859,0.000469527,0.000382287,0.000628191,1
actual,1,101,nb,0,256,65536,0.116844973,0.000456426,0.000370858,0.000620427,1
actual,2,102,nb,0,256,65536,0.120058187,0.000468977,0.000363826,0.000672595,1
actual,3,103,nb,0,256,65536,0.115911294,0.000452778,0.000351669,0.000640458,1
actual,4,104,nb,0,256,65536,0.118796143,0.000464047,0.000363852,0.000643770,1
actual,5,105,nb,0,256,65536,0.115881487,0.000452662,0.000355847,0.000621349,1
actual,6,106,nb,0,256,65536,0.114770134,0.000448321,0.000349134,0.000615007,1
actual,7,107,nb,0,256,65536,0.119819240,0.000468044,0.000365450,0.000684189,1
actual,8,108,nb,0,256,65536,0.116822628,0.000456338,0.000354194,0.000621560,1
actual,9,109,nb,0,256,65536,0.120429413,0.000470427,0.000365429,0.000675082,1
actual,10,110,nb,0,256,65536,0.116208988,0.000453941,0.000338935,0.000658158,1
actual,11,111,nb,0,256,65536,0.121629552,0.000475115,0.000382611,0.000649925,1
actual,12,112,nb,0,256,65536,0.120311497,0.000469967,0.000369163,0.000655262,1
actual,13,113,nb,0,256,65536,0.116145967,0.000453695,0.000364734,0.000620476,1
actual,14,114,nb,0,256,65536,0.115918703,0.000452807,0.000348514,0.000620337,1
actual,15,115,nb,0,256,65536,0.117590250,0.000459337,0.000371881,0.000625997,1
actual,16,116,nb,0,256,65536,0.113955121,0.000445137,0.000339507,0.000628602,1
actual,17,117,nb,0,256,65536,0.117727384,0.000459873,0.000339527,0.000632630,1
actual,18,118,nb,0,256,65536,0.116652680,0.000455675,0.000356027,0.000645935,1
actual,19,119,nb,0,256,65536,0.116660382,0.000455705,0.000367409,0.000634755,1
actual,20,120,nb,0,256,65536,0.119660287,0.000467423,0.000363406,0.000642472,1
actual,21,121,nb,0,256,65536,0.118165035,0.000461582,0.000366658,0.000624825,1
actual,22,122,nb,0,256,65536,0.122305447,0.000477756,0.000347131,0.000652216,1
actual,23,123,nb,0,256,65536,0.116109929,0.000453554,0.000349776,0.000631608,1
actual,24,124,nb,0,256,65536,0.118560127,0.000463125,0.000371160,0.000628872,1
actual,25,125,nb,0,256,65536,0.118003128,0.000460950,0.000360476,0.000647578,1
actual,26,126,nb,0,256,65536,0.117840045,0.000460313,0.000362633,0.000624605,1
actual,27,127,nb,0,256,65536,0.116060548,0.000453362,0.000357530,0.000614797,1
actual,28,128,nb,0,256,65536,0.116666896,0.000455730,0.000358125,0.000636256,1
actual,29,129,nb,0,256,65536,0.119014683,0.000464901,0.000359297,0.000721096,1
actual,30,130,nb,0,256,65536,0.119227976,0.000465734,0.000358182,0.000660145,1
actual,31,131,nb,0,256,65536,0.115965667,0.000452991,0.000358206,0.000630025,1
actual,32,132,nb,0,256,65536,0.117528357,0.000459095,0.000360786,0.000632561,1
actual,33,133,nb,0,256,65536,0.123433044,0.000482160,0.000394214,0.000638381,1
actual,34,134,nb,0,256,65536,0.116070808,0.000453402,0.000358201,0.000614094,1
actual,35,135,nb,0,256,65536,0.117651312,0.000459575,0.000368104,0.000662868,1
actual,36,136,nb,0,256,65536,0.116141158,0.000453676,0.000367048,0.000635885,1
actual,37,137,nb,0,256,65536,0.118998338,0.000464837,0.000369714,0.000647160,1
actual,38,138,nb,0,256,65536,0.117298129,0.000458196,0.000351492,0.000619956,1
actual,39,139,nb,0,256,65536,0.119274499,0.000465916,0.000365856,0.000627891,1
actual,40,140,nb,0,256,65536,0.120155266,0.000469357,0.000361618,0.000650463,1
actual,41,141,nb,0,256,65536,0.117167679,0.000457686,0.000373763,0.000627500,1
actual,42,142,nb,0,256,65536,0.120536128,0.000470844,0.000379365,0.000663249,1
actual,43,143,nb,0,256,65536,0.116770035,0.000456133,0.000366768,0.000622731,1
actual,44,144,nb,0,256,65536,0.121650900,0.000475199,0.000383944,0.000644913,1
actual,45,145,nb,0,256,65536,0.119485018,0.000466738,0.000378594,0.000641079,1
actual,46,146,nb,0,256,65536,0.117073432,0.000457318,0.000362950,0.000627170,1
actual,47,147,nb,0,256,65536,0.115444426,0.000450955,0.000355481,0.000629515,1
actual,48,148,nb,0,256,65536,0.115387750,0.000450733,0.000345638,0.000624494,1
actual,49,149,nb,0,256,65536,0.118568317,0.000463157,0.000367322,0.000625469,1
actual,50,150,nb,0,256,65536,0.116020104,0.000453204,0.000355617,0.000628972,1
actual,51,151,nb,0,256,65536,0.118403309,0.000462513,0.000368772,0.000655443,1
actual,52,152,nb,0,256,65536,0.116626102,0.000455571,0.000351038,0.000635225,1
actual,53,153,nb,0,256,65536,0.121711487,0.000475435,0.000386364,0.000667285,1
actual,54,154,nb,0,256,65536,0.117334226,0.000458337,0.000360666,0.000624213,1
actual,55,155,nb,0,256,65536,0.119671243,0.000467466,0.000371942,0.000633521,1
actual,56,156,nb,0,256,65536,0.116699852,0.000455859,0.000355577,0.000625898,1
actual,57,157,nb,0,256,65536,0.116683013,0.000455793,0.000357711,0.000617238,1
actual,58,158,nb,0,256,65536,0.115632707,0.000451690,0.000354084,0.000639973,1
actual,59,159,nb,0,256,65536,0.117477314,0.000458896,0.000358797,0.000636508,1
actual,60,160,nb,0,256,65536,0.118512971,0.000462941,0.000371006,0.000669939,1
actual,61,161,nb,0,256,65536,0.118279019,0.000462027,0.000366429,0.000637979,1
actual,62,162,nb,0,256,65536,0.119686650,0.000467526,0.000374182,0.000641566,1
actual,63,163,nb,0,256,65536,0.119043866,0.000465015,0.000370628,0.000643951,1
actual,64,164,nb,0,256,65536,0.121449583,0.000474412,0.000382858,0.000658919,1
actual,65,165,nb,0,256,65536,0.117046632,0.000457213,0.000361858,0.000631987,1
actual,66,166,nb,0,256,65536,0.117421825,0.000458679,0.000364538,0.000621750,1
actual,67,167,nb,0,256,65536,0.116979766,0.000456952,0.000364403,0.000642449,1
actual,68,168,nb,0,256,65536,0.118590899,0.000463246,0.000367412,0.000647889,1
actual,69,169,nb,0,256,65536,0.116641004,0.000455629,0.000349265,0.000626668,1
actual,70,170,nb,0,256,65536,0.116896091,0.000456625,0.000359344,0.000633102,1
actual,71,171,nb,0,256,65536,0.118342511,0.000462275,0.000352605,0.000645734,1
actual,72,172,nb,0,256,65536,0.118772664,0.000463956,0.000362092,0.000622159,1
actual,73,173,nb,0,256,65536,0.121244371,0.000473611,0.000366868,0.000645888,1
actual,74,174,nb,0,256,65536,0.118128799,0.000461441,0.000354986,0.000628974,1
actual,75,175,nb,0,256,65536,0.122239555,0.000477498,0.000373140,0.000672478,1
actual,76,176,nb,0,256,65536,0.116091475,0.000453482,0.000355286,0.000623011,1
actual,77,177,nb,0,256,65536,0.115836701,0.000452487,0.000357300,0.000629915,1
actual,78,178,nb,0,256,65536,0.116545650,0.000455256,0.000367489,0.000634534,1
actual,79,179,nb,0,256,65536,0.118215346,0.000461779,0.000363485,0.000632470,1
actual,80,180,nb,0,256,65536,0.117160762,0.000457659,0.000361347,0.000632499,1
actual,81,181,nb,0,256,65536,0.116434346,0.000454822,0.000350067,0.000654961,1
actual,82,182,nb,0,256,65536,0.116310482,0.000454338,0.000357721,0.000657808,1
actual,83,183,nb,0,256,65536,0.117821272,0.000460239,0.000356298,0.000624765,1
actual,84,184,nb,0,256,65536,0.117690455,0.000459728,0.000365469,0.000630014,1
actual,85,185,nb,0,256,65536,0.117480445,0.000458908,0.000368831,0.000620346,1
actual,86,186,nb,0,256,65536,0.115128722,0.000449722,0.000361828,0.000617843,1
actual,87,187,nb,0,256,65536,0.119067613,0.000465108,0.000362910,0.000623885,1
actual,88,188,nb,0,256,65536,0.117886994,0.000460496,0.000373791,0.000633742,1
actual,89,189,nb,0,256,65536,0.114911144,0.000448872,0.000353086,0.000612652,1
actual,90,190,nb,0,256,65536,0.116200650,0.000453909,0.000348804,0.000621789,1
actual,91,191,nb,0,256,65536,0.116423330,0.000454779,0.000362881,0.000609575,1
actual,92,192,nb,0,256,65536,0.117709888,0.000459804,0.000366140,0.000632940,1
actual,93,193,nb,0,256,65536,0.116100048,0.000453516,0.000358101,0.000608804,1
actual,94,194,nb,0,256,65536,0.115530513,0.000451291,0.000338655,0.000634664,1
actual,95,195,nb,0,256,65536,0.116633207,0.000455598,0.000352601,0.000631007,1
actual,96,196,nb,0,256,65536,0.117569484,0.000459256,0.000354735,0.000631218,1
actual,97,197,nb,0,256,65536,0.116716239,0.000455923,0.000365819,0.000653251,1
actual,98,198,nb,0,256,65536,0.116649835,0.000455663,0.000359958,0.000626249,1
actual,99,199,nb,0,256,65536,0.124146708,0.000484948,0.000380133,0.000656405,1
warmup,0,0,nb,0,256,98304,0.131767443,0.000514717,0.000401510,0.000715465,1
warmup,1,1,nb,0,256,98304,0.135639996,0.000529844,0.000421450,0.000733339,1
warmup,2,2,nb,0,256,98304,0.137456531,0.000536940,0.000433673,0.000818383,1
warmup,3,3,nb,0,256,98304,0.135861078,0.000530707,0.000401954,0.000830212,1
warmup,4,4,nb,0,256,98304,0.131286848,0.000512839,0.000409748,0.000714644,1
warmup,5,5,nb,0,256,98304,0.132667467,0.000518232,0.000418399,0.000721127,1
warmup,6,6,nb,0,256,98304,0.135012723,0.000527393,0.000409748,0.000735283,1
warmup,7,7,nb,0,256,98304,0.134592920,0.000525754,0.000418103,0.000722579,1
warmup,8,8,nb,0,256,98304,0.133579023,0.000521793,0.000406583,0.000716469,1
warmup,9,9,nb,0,256,98304,0.135098784,0.000527730,0.000414802,0.000699155,1
warmup,10,10,nb,0,256,98304,0.135390861,0.000528871,0.000413109,0.000738293,1
warmup,11,11,nb,0,256,98304,0.133001866,0.000519539,0.000398848,0.000728219,1
warmup,12,12,nb,0,256,98304,0.140336550,0.000548190,0.000440015,0.000788212,1
warmup,13,13,nb,0,256,98304,0.133591109,0.000521840,0.000409327,0.000721768,1
warmup,14,14,nb,0,256,98304,0.129424322,0.000505564,0.000394801,0.000736424,1
warmup,15,15,nb,0,256,98304,0.135188789,0.000528081,0.000427772,0.000721908,1
warmup,16,16,nb,0,256,98304,0.133715594,0.000522327,0.000420418,0.000748958,1
warmup,17,17,nb,0,256,98304,0.133128285,0.000520032,0.000410484,0.000718793,1
warmup,18,18,nb,0,256,98304,0.135696846,0.000530066,0.000422963,0.000735855,1
warmup,19,19,nb,0,256,98304,0.134381126,0.000524926,0.000407308,0.000736665,1
warmup,20,20,nb,0,256,98304,0.132447462,0.000517373,0.000389150,0.000715376,1
warmup,21,21,nb,0,256,98304,0.135513428,0.000529349,0.000411882,0.000723151,1
warmup,22,22,nb,0,256,98304,0.135254998,0.000528340,0.000409923,0.000729673,1
warmup,23,23,nb,0,256,98304,0.138907268,0.000542607,0.000415102,0.000818691,1
warmup,24,24,nb,0,256,98304,0.128300446,0.000501174,0.000380183,0.000711880,1
warmup,25,25,nb,0,256,98304,0.133649760,0.000522069,0.000422014,0.000719687,1
warmup,26,26,nb,0,256,98304,0.132005992,0.000515648,0.000394069,0.000716908,1
warmup,27,27,nb,0,256,98304,0.132356548,0.000517018,0.000403517,0.000697583,1
warmup,28,28,nb,0,256,98304,0.136425984,0.000532914,0.000406707,0.000757885,1
warmup,29,29,nb,0,256,98304,0.135456868,0.000529128,0.000401502,0.000711790,1
warmup,30,30,nb,0,256,98304,0.132121269,0.000516099,0.000412043,0.000693334,1
warmup,31,31,nb,0,256,98304,0.134182642,0.000524151,0.000411842,0.000723109,1
warmup,32,32,nb,0,256,98304,0.131508918,0.000513707,0.000398106,0.000800945,1
warmup,33,33,nb,0,256,98304,0.130845857,0.000511117,0.000407995,0.000716678,1
warmup,34,34,nb,0,256,98304,0.139745831,0.000545882,0.000423889,0.000755852,1
warmup,35,35,nb,0,256,98304,0.133799344,0.000522654,0.000413696,0.000732288,1
warmup,36,36,nb,0,256,98304,0.135642169,0.000529852,0.000420323,0.000714334,1
warmup,37,37,nb,0,256,98304,0.136604419,0.000533611,0.000429470,0.000726045,1
warmup,38,38,nb,0,256,98304,0.130169900,0.000508476,0.000395130,0.000704595,1
warmup,39,39,nb,0,256,98304,0.134573689,0.000525678,0.000383889,0.000710305,1
warmup,40,40,nb,0,256,98304,0.135127923,0.000527843,0.000407328,0.000724453,1
warmup,41,41,nb,0,256,98304,0.134227042,0.000524324,0.000416045,0.000726947,1
warmup,42,42,nb,0,256,98304,0.130595101,0.000510137,0.000406334,0.000708632,1
warmup,43,43,nb,0,256,98304,0.133045234,0.000519708,0.000394329,0.000705748,1
warmup,44,44,nb,0,256,98304,0.135465141,0.000529161,0.000426975,0.000767013,1
warmup,45,45,nb,0,256,98304,0.134748646,0.000526362,0.000409447,0.000814533,1
warmup,46,46,nb,0,256,98304,0.130476496,0.000509674,0.000376086,0.000808986,1
warmup,47,47,nb,0,256,98304,0.135634220,0.000529821,0.000415553,0.000717088,1
warmup,48,48,nb,0,256,98304,0.134054217,0.000523649,0.000416034,0.000721097,1
warmup,49,49,nb,0,256,98304,0.134412863,0.000525050,0.000406302,0.000711578,1
warmup,50,50,nb,0,256,98304,0.135455734,0.000529124,0.000399499,0.000725706,1
warmup,51,51,nb,0,256,98304,0.131415942,0.000513344,0.000394755,0.000704556,1
warmup,52,52,nb,0,256,98304,0.132754463,0.000518572,0.000408896,0.000729783,1
warmup,53,53,nb,0,256,98304,0.134172380,0.000524111,0.000420599,0.000744621,1
warmup,54,54,nb,0,256,98304,0.134519423,0.000525466,0.000415650,0.000717329,1
warmup,55,55,nb,0,256,98304,0.130577628,0.000510069,0.000392446,0.000717471,1
warmup,56,56,nb,0,256,98304,0.134726898,0.000526277,0.000410133,0.000726269,1
warmup,57,57,nb,0,256,98304,0.133828150,0.000522766,0.000419868,0.000728140,1
warmup,58,58,nb,0,256,98304,0.136424018,0.000532906,0.000424967,0.000734542,1
warmup,59,59,nb,0,256,98304,0.136445208,0.000532989,0.000419116,0.000740113,1
warmup,60,60,nb,0,256,98304,0.130346943,0.000509168,0.000402349,0.000711960,1
warmup,61,61,nb,0,256,98304,0.130612051,0.000510203,0.000400872,0.000726515,1
warmup,62,62,nb,0,256,98304,0.133791532,0.000522623,0.000398870,0.000707431,1
warmup,63,63,nb,0,256,98304,0.138394896,0.000540605,0.000427411,0.000729974,1
warmup,64,64,nb,0,256,98304,0.130553333,0.000509974,0.000395392,0.000706568,1
warmup,65,65,nb,0,256,98304,0.132764611,0.000518612,0.000412233,0.000702511,1
warmup,66,66,nb,0,256,98304,0.142246819,0.000555652,0.000443286,0.000792580,1
warmup,67,67,nb,0,256,98304,0.133865931,0.000522914,0.000418957,0.000712080,1
warmup,68,68,nb,0,256,98304,0.134704736,0.000526190,0.000407063,0.000729503,1
warmup,69,69,nb,0,256,98304,0.135192459,0.000528096,0.000408099,0.000757875,1
warmup,70,70,nb,0,256,98304,0.132082009,0.000515945,0.000403055,0.000726537,1
warmup,71,71,nb,0,256,98304,0.135519648,0.000529374,0.000410564,0.000728090,1
warmup,72,72,nb,0,256,98304,0.134125720,0.000523929,0.000411050,0.000717014,1
warmup,73,73,nb,0,256,98304,0.132167857,0.000516281,0.000411121,0.000731770,1
warmup,74,74,nb,0,256,98304,0.140740575,0.000549768,0.000447559,0.000741674,1
warmup,75,75,nb,0,256,98304,0.130035179,0.000507950,0.000400050,0.000706099,1
warmup,76,76,nb,0,256,98304,0.132740585,0.000518518,0.000397546,0.000715816,1
warmup,77,77,nb,0,256,98304,0.134223691,0.000524311,0.000412884,0.000731637,1
warmup,78,78,nb,0,256,98304,0.130697566,0.000510537,0.000396514,0.000714323,1
warmup,79,79,nb,0,256,98304,0.136589676,0.000533553,0.000401553,0.000760419,1
warmup,80,80,nb,0,256,98304,0.131159810,0.000512343,0.000403812,0.000713391,1
warmup,81,81,nb,0,256,98304,0.136402920,0.000532824,0.000429670,0.000727018,1
warmup,82,82,nb,0,256,98304,0.138027073,0.000539168,0.000429578,0.000736176,1
warmup,83,83,nb,0,256,98304,0.134802662,0.000526573,0.000411171,0.000718613,1
warmup,84,84,nb,0,256,98304,0.130413432,0.000509427,0.000382588,0.000714533,1
warmup,85,85,nb,0,256,98304,0.134385539,0.000524944,0.000420974,0.000726927,1
warmup,86,86,nb,0,256,98304,0.133108683,0.000519956,0.000413886,0.000713002,1
warmup,87,87,nb,0,256,98304,0.131897027,0.000515223,0.000396622,0.000712611,1
warmup,88,88,nb,0,256,98304,0.132846246,0.000518931,0.000407434,0.000747428,1
warmup,89,89,nb,0,256,98304,0.136034950,0.000531387,0.000409387,0.000738953,1
warmup,90,90,nb,0,256,98304,0.133677005,0.000522176,0.000422763,0.000732629,1
warmup,91,91,nb,0,256,98304,0.129558670,0.000506089,0.000405130,0.000700667,1
warmup,92,92,nb,0,256,98304,0.132831594,0.000518873,0.000416125,0.000706229,1
warmup,93,93,nb,0,256,98304,0.131460932,0.000513519,0.000410620,0.000709585,1
warmup,94,94,nb,0,256,98304,0.130473627,0.000509663,0.000384932,0.000716768,1
warmup,95,95,nb,0,256,98304,0.139711523,0.000545748,0.000439694,0.000741666,1
warmup,96,96,nb,0,256,98304,0.135016882,0.000527410,0.000414601,0.000709916,1
warmup,97,97,nb,0,256,98304,0.134533199,0.000525520,0.000419336,0.000711689,1
warmup,98,98,nb,0,256,98304,0.135483824,0.000529234,0.000401116,0.000724442,1
warmup,99,99,nb,0,256,98304,0.134104653,0.000523846,0.000403276,0.000706680,1
actual,0,100,nb,0,256,98304,0.136676239,0.000533892,0.000402429,0.000721627,1
actual,1,101,nb,0,256,98304,0.135149122,0.000527926,0.000403176,0.000710266,1
actual,2,102,nb,0,256,98304,0.134620736,0.000525862,0.000415273,0.000719183,1
actual,3,103,nb,0,256,98304,0.131532927,0.000513800,0.000395672,0.000702432,1
actual,4,104,nb,0,256,98304,0.135503705,0.000529311,0.000402138,0.000730735,1
actual,5,105,nb,0,256,98304,0.133444424,0.000521267,0.000401813,0.000723271,1
actual,6,106,nb,0,256,98304,0.129636258,0.000506392,0.000377608,0.000725696,1
actual,7,107,nb,0,256,98304,0.133676230,0.000522173,0.000412984,0.000717579,1
actual,8,108,nb,0,256,98304,0.134548827,0.000525581,0.000414107,0.000731885,1
actual,9,109,nb,0,256,98304,0.134876905,0.000526863,0.000423789,0.000721959,1
actual,10,110,nb,0,256,98304,0.135030765,0.000527464,0.000399854,0.000751464,1
actual,11,111,nb,0,256,98304,0.134885121,0.000526895,0.000414027,0.000733410,1
actual,12,112,nb,0,256,98304,0.130728453,0.000510658,0.000402395,0.000715076,1
actual,13,113,nb,0,256,98304,0.137500345,0.000537111,0.000427927,0.000734193,1
actual,14,114,nb,0,256,98304,0.132115725,0.000516077,0.000423574,0.000712390,1
actual,15,115,nb,0,256,98304,0.133035202,0.000519669,0.000410874,0.000742325,1
actual,16,116,nb,0,256,98304,0.135645806,0.000529866,0.000410950,0.000716889,1
actual,17,117,nb,0,256,98304,0.136197526,0.000532022,0.000413856,0.000726347,1
actual,18,118,nb,0,256,98304,0.135122504,0.000527822,0.000395956,0.000712359,1
actual,19,119,nb,0,256,98304,0.135299722,0.000528515,0.000417898,0.000727559,1
actual,20,120,nb,0,256,98304,0.133529853,0.000521601,0.000402715,0.000741957,1
actual,21,121,nb,0,256,98304,0.133416945,0.000521160,0.000398508,0.000713733,1
actual,22,122,nb,0,256,98304,0.134006453,0.000523463,0.000387507,0.000709545,1
actual,23,123,nb,0,256,98304,0.134270203,0.000524493,0.000400511,0.000716802,1
actual,24,124,nb,0,256,98304,0.135219188,0.000528200,0.000421220,0.000725304,1
actual,25,125,nb,0,256,98304,0.133754709,0.000522479,0.000403095,0.000731657,1
actual,26,126,nb,0,256,98304,0.130585557,0.000510100,0.000396704,0.000705107,1
actual,27,127,nb,0,256,98304,0.131062904,0.000511964,0.000394149,0.000713021,1
actual,28,128,nb,0,256,98304,0.131666874,0.000514324,0.000385873,0.000711759,1
actual,29,129,nb,0,256,98304,0.133557049,0.000521707,0.000403841,0.000721156,1
actual,30,130,nb,0,256,98304,0.135472817,0.000529191,0.000424541,0.000708872,1
actual,31,131,nb,0,256,98304,0.131632663,0.000514190,0.000392906,0.000718833,1
actual,32,132,nb,0,256,98304,0.129613936,0.000506304,0.000394049,0.000717569,1
actual,33,133,nb,0,256,98304,0.134156836,0.000524050,0.000402234,0.000726867,1
actual,34,134,nb,0,256,98304,0.132069595,0.000515897,0.000403257,0.000711588,1
actual,35,135,nb,0,256,98304,0.134665046,0.000526035,0.000425699,0.000719876,1
actual,36,136,nb,0,256,98304,0.130726483,0.000510650,0.000401503,0.000714524,1
actual,37,137,nb,0,256,98304,0.133558929,0.000521715,0.000398367,0.000729571,1
actual,38,138,nb,0,256,98304,0.132049168,0.000515817,0.000416345,0.000713202,1
actual,39,139,nb,0,256,98304,0.134336894,0.000524753,0.000424756,0.000708654,1
actual,40,140,nb,0,256,98304,0.134350365,0.000524806,0.000399854,0.000714594,1
actual,41,141,nb,0,256,98304,0.128308963,0.000501207,0.000382237,0.000701821,1
actual,42,142,nb,0,256,98304,0.129274206,0.000504977,0.000402222,0.000699657,1
actual,43,143,nb,0,256,98304,0.137137859,0.000535695,0.000405470,0.000757808,1
actual,44,144,nb,0,256,98304,0.134211111,0.000524262,0.000411281,0.000723481,1
actual,45,145,nb,0,256,98304,0.134334988,0.000524746,0.000424010,0.000712971,1
actual,46,146,nb,0,256,98304,0.135746821,0.000530261,0.000407123,0.000731976,1
actual,47,147,nb,0,256,98304,0.134974683,0.000527245,0.000414157,0.000730515,1
actual,48,148,nb,0,256,98304,0.134524607,0.000525487,0.000413970,0.000777872,1
actual,49,149,nb,0,256,98304,0.133846323,0.000522837,0.000413630,0.000768264,1
actual,50,150,nb,0,256,98304,0.135665762,0.000529944,0.000422121,0.000741363,1
actual,51,151,nb,0,256,98304,0.132265126,0.000516661,0.000403226,0.000712331,1
actual,52,152,nb,0,256,98304,0.131191832,0.000512468,0.000405480,0.000725204,1
actual,53,153,nb,0,256,98304,0.130416655,0.000509440,0.000398046,0.000710517,1
actual,54,154,nb,0,256,98304,0.131302188,0.000512899,0.000398642,0.000716789,1
actual,55,155,nb,0,256,98304,0.133591767,0.000521843,0.000416070,0.000704945,1
actual,56,156,nb,0,256,98304,0.134047075,0.000523621,0.000414868,0.000719745,1
actual,57,157,nb,0,256,98304,0.134658112,0.000526008,0.000416982,0.000738218,1
actual,58,158,nb,0,256,98304,0.131562283,0.000513915,0.000409986,0.000740282,1
actual,59,159,nb,0,256,98304,0.134709268,0.000526208,0.000419477,0.000706972,1
actual,60,160,nb,0,256,98304,0.136105869,0.000531664,0.000419647,0.000712962,1
actual,61,161,nb,0,256,98304,0.134265776,0.000524476,0.000408561,0.000724042,1
actual,62,162,nb,0,256,98304,0.135668357,0.000529955,0.000409548,0.000722047,1
actual,63,163,nb,0,256,98304,0.134304957,0.000524629,0.000411101,0.000713342,1
actual,64,164,nb,0,256,98304,0.135052023,0.000527547,0.000414051,0.000729812,1
actual,65,165,nb,0,256,98304,0.134391717,0.000524968,0.000412454,0.000723231,1
actual,66,166,nb,0,256,98304,0.134641856,0.000525945,0.000432967,0.000756485,1
actual,67,167,nb,0,256,98304,0.137662400,0.000537744,0.000425863,0.000743688,1
actual,68,168,nb,0,256,98304,0.132137887,0.000516164,0.000418454,0.000709195,1
actual,69,169,nb,0,256,98304,0.134434435,0.000525135,0.000417608,0.000713091,1
actual,70,170,nb,0,256,98304,0.133319263,0.000520778,0.000419206,0.000699715,1
actual,71,171,nb,0,256,98304,0.134354668,0.000524823,0.000414848,0.000720887,1
actual,72,172,nb,0,256,98304,0.139191841,0.000543718,0.000421861,0.000786400,1
actual,73,173,nb,0,256,98304,0.133155019,0.000520137,0.000404278,0.000712910,1
actual,74,174,nb,0,256,98304,0.134444028,0.000525172,0.000411676,0.000717299,1
actual,75,175,nb,0,256,98304,0.133841275,0.000522817,0.000412227,0.000722588,1
actual,76,176,nb,0,256,98304,0.133289540,0.000520662,0.000410831,0.000708552,1
actual,77,177,nb,0,256,98304,0.131451373,0.000513482,0.000407163,0.000720034,1
actual,78,178,nb,0,256,98304,0.131654755,0.000514276,0.000407725,0.000706439,1
actual,79,179,nb,0,256,98304,0.133235848,0.000520453,0.000400010,0.000716829,1
actual,80,180,nb,0,256,98304,0.134056493,0.000523658,0.000397135,0.000728170,1
actual,81,181,nb,0,256,98304,0.132739958,0.000518515,0.000405885,0.000717118,1
actual,82,182,nb,0,256,98304,0.135685190,0.000530020,0.000432195,0.000716268,1
actual,83,183,nb,0,256,98304,0.138994852,0.000542949,0.000426494,0.000743729,1
actual,84,184,nb,0,256,98304,0.133732279,0.000522392,0.000422913,0.000716809,1
actual,85,185,nb,0,256,98304,0.134061315,0.000523677,0.000411281,0.000722410,1
actual,86,186,nb,0,256,98304,0.134213016,0.000524270,0.000408266,0.000717820,1
actual,87,187,nb,0,256,98304,0.134286700,0.000524557,0.000396303,0.000703734,1
actual,88,188,nb,0,256,98304,0.135137746,0.000527882,0.000416706,0.000718651,1
actual,89,189,nb,0,256,98304,0.130129568,0.000508319,0.000391975,0.000702482,1
actual,90,190,nb,0,256,98304,0.132536413,0.000517720,0.000409141,0.000723091,1
actual,91,191,nb,0,256,98304,0.135783022,0.000530402,0.000418024,0.000742065,1
actual,92,192,nb,0,256,98304,0.134734827,0.000526308,0.000404959,0.000718282,1
actual,93,193,nb,0,256,98304,0.135182965,0.000528058,0.000411471,0.000711107,1
actual,94,194,nb,0,256,98304,0.131973238,0.000515520,0.000390802,0.000721717,1
actual,95,195,nb,0,256,98304,0.134786586,0.000526510,0.000424580,0.000714585,1
actual,96,196,nb,0,256,98304,0.135025752,0.000527444,0.000422192,0.000720915,1
actual,97,197,nb,0,256,98304,0.130922647,0.000511417,0.000409731,0.000714383,1
actual,98,198,nb,0,256,98304,0.133862742,0.000522901,0.000420478,0.000721189,1
actual,99,199,nb,0,256,98304,0.129593464,0.000506224,0.000377428,0.000712168,1
warmup,0,0,nb,0,256,131072,0.157849202,0.000616598,0.000440939,0.000916314,1
warmup,1,1,nb,0,256,131072,0.149880322,0.000585470,0.000453473,0.000863285,1
warmup,2,2,nb,0,256,131072,0.151205591,0.000590647,0.000467166,0.000832207,1
warmup,3,3,nb,0,256,131072,0.150656540,0.000588502,0.000461002,0.000843447,1
warmup,4,4,nb,0,256,131072,0.149247228,0.000582997,0.000432341,0.000828540,1
warmup,5,5,nb,0,256,131072,0.150784283,0.000589001,0.000417663,0.000837737,1
warmup,6,6,nb,0,256,131072,0.150795226,0.000589044,0.000452649,0.000824279,1
warmup,7,7,nb,0,256,131072,0.143704569,0.000561346,0.000405982,0.000834418,1
warmup,8,8,nb,0,256,131072,0.150364135,0.000587360,0.000479575,0.000827806,1
warmup,9,9,nb,0,256,131072,0.150816841,0.000589128,0.000426630,0.000851413,1
warmup,10,10,nb,0,256,131072,0.150938736,0.000589604,0.000465591,0.000832918,1
warmup,11,11,nb,0,256,131072,0.149556543,0.000584205,0.000457070,0.000827337,1
warmup,12,12,nb,0,256,131072,0.150188849,0.000586675,0.000461926,0.000829181,1
warmup,13,13,nb,0,256,131072,0.151335036,0.000591152,0.000465372,0.000891257,1
warmup,14,14,nb,0,256,131072,0.147788287,0.000577298,0.000436563,0.000827958,1
warmup,15,15,nb,0,256,131072,0.147463215,0.000576028,0.000443304,0.000847716,1
warmup,16,16,nb,0,256,131072,0.150453639,0.000587710,0.000455762,0.000822726,1
warmup,17,17,nb,0,256,131072,0.149298968,0.000583199,0.000433112,0.000834980,1
warmup,18,18,nb,0,256,131072,0.147529904,0.000576289,0.000442108,0.000824181,1
warmup,19,19,nb,0,256,131072,0.151015913,0.000589906,0.000461022,0.000826536,1
warmup,20,20,nb,0,256,131072,0.152860807,0.000597113,0.000486164,0.000822538,1
warmup,21,21,nb,0,256,131072,0.147234484,0.000575135,0.000430657,0.000826865,1
warmup,22,22,nb,0,256,131072,0.146225676,0.000571194,0.000432200,0.000854257,1
warmup,23,23,nb,0,256,131072,0.149576412,0.000584283,0.000435858,0.000843798,1
warmup,24,24,nb,0,256,131072,0.148628886,0.000580582,0.000448523,0.000813450,1
warmup,25,25,nb,0,256,131072,0.148282704,0.000579229,0.000451654,0.000816055,1
warmup,26,26,nb,0,256,131072,0.151028772,0.000589956,0.000451166,0.000857884,1
warmup,27,27,nb,0,256,131072,0.148849329,0.000581443,0.000462355,0.000822291,1
warmup,28,28,nb,0,256,131072,0.146153291,0.000570911,0.000434655,0.000807711,1
warmup,29,29,nb,0,256,131072,0.149550401,0.000584181,0.000447178,0.000841692,1
warmup,30,30,nb,0,256,131072,0.151765977,0.000592836,0.000473566,0.000826719,1
warmup,31,31,nb,0,256,131072,0.146439483,0.000572029,0.000448098,0.000839871,1
warmup,32,32,nb,0,256,131072,0.150834762,0.000589198,0.000462707,0.000830572,1
warmup,33,33,nb,0,256,131072,0.151925450,0.000593459,0.000467737,0.000859267,1
warmup,34,34,nb,0,256,131072,0.151996573,0.000593737,0.000471782,0.000825273,1
warmup,35,35,nb,0,256,131072,0.148027924,0.000578234,0.000437118,0.000825362,1
warmup,36,36,nb,0,256,131072,0.152759640,0.000596717,0.000438129,0.000811918,1
warmup,37,37,nb,0,256,131072,0.151162049,0.000590477,0.000455932,0.000823549,1
warmup,38,38,nb,0,256,131072,0.149033060,0.000582160,0.000456276,0.000834971,1
warmup,39,39,nb,0,256,131072,0.147369160,0.000575661,0.000456614,0.000837125,1
warmup,40,40,nb,0,256,131072,0.148238844,0.000579058,0.000452336,0.000811367,1
warmup,41,41,nb,0,256,131072,0.148595522,0.000580451,0.000465700,0.000824481,1
warmup,42,42,nb,0,256,131072,0.153117175,0.000598114,0.000492434,0.000828033,1
warmup,43,43,nb,0,256,131072,0.148313449,0.000579349,0.000436779,0.000825934,1
warmup,44,44,nb,0,256,131072,0.152438718,0.000595464,0.000462064,0.000840030,1
warmup,45,45,nb,0,256,131072,0.151244652,0.000590799,0.000461583,0.000851791,1
warmup,46,46,nb,0,256,131072,0.148266603,0.000579166,0.000431667,0.000808274,1
warmup,47,47,nb,0,256,131072,0.151064324,0.000590095,0.000464419,0.000823841,1
warmup,48,48,nb,0,256,131072,0.149957816,0.000585773,0.000464481,0.000837955,1
warmup,49,49,nb,0,256,131072,0.147764486,0.000577205,0.000441898,0.000842526,1
warmup,50,50,nb,0,256,131072,0.152167276,0.000594403,0.000480541,0.000853666,1
warmup,51,51,nb,0,256,131072,0.153157190,0.000598270,0.000457898,0.000828537,1
warmup,52,52,nb,0,256,131072,0.147424554,0.000575877,0.000428604,0.000829019,1
warmup,53,53,nb,0,256,131072,0.149175281,0.000582716,0.000443031,0.000827526,1
warmup,54,54,nb,0,256,131072,0.152859943,0.000597109,0.000475672,0.000842445,1
warmup,55,55,nb,0,256,131072,0.149946619,0.000585729,0.000475268,0.000821026,1
warmup,56,56,nb,0,256,131072,0.150013518,0.000585990,0.000437250,0.000826665,1
warmup,57,57,nb,0,256,131072,0.147036395,0.000574361,0.000436115,0.000823640,1
warmup,58,58,nb,0,256,131072,0.157106691,0.000613698,0.000488616,0.000847444,1
warmup,59,59,nb,0,256,131072,0.150936687,0.000589596,0.000456188,0.000845371,1
warmup,60,60,nb,0,256,131072,0.148593209,0.000580442,0.000440844,0.000827978,1
warmup,61,61,nb,0,256,131072,0.149182509,0.000582744,0.000452526,0.000828860,1
warmup,62,62,nb,0,256,131072,0.148945427,0.000581818,0.000426149,0.000852124,1
warmup,63,63,nb,0,256,131072,0.148236210,0.000579048,0.000443532,0.000835512,1
warmup,64,64,nb,0,256,131072,0.151031613,0.000589967,0.000470160,0.000833326,1
warmup,65,65,nb,0,256,131072,0.150467617,0.000587764,0.000467049,0.000870548,1
warmup,66,66,nb,0,256,131072,0.148413968,0.000579742,0.000457380,0.000826675,1
warmup,67,67,nb,0,256,131072,0.151036582,0.000589987,0.000441688,0.000844169,1
warmup,68,68,nb,0,256,131072,0.151631804,0.000592312,0.000459191,0.000823921,1
warmup,69,69,nb,0,256,131072,0.148879510,0.000581561,0.000448932,0.000821429,1
warmup,70,70,nb,0,256,131072,0.147963046,0.000577981,0.000434204,0.000805564,1
warmup,71,71,nb,0,256,131072,0.147678374,0.000576869,0.000456385,0.000840444,1
warmup,72,72,nb,0,256,131072,0.155402009,0.000607039,0.000466156,0.000830804,1
warmup,73,73,nb,0,256,131072,0.147906655,0.000577760,0.000449842,0.000827016,1
warmup,74,74,nb,0,256,131072,0.149545883,0.000584164,0.000440855,0.000819190,1
warmup,75,75,nb,0,256,131072,0.148976002,0.000581938,0.000443219,0.000855799,1
warmup,76,76,nb,0,256,131072,0.151832950,0.000593097,0.000474429,0.000839540,1
warmup,77,77,nb,0,256,131072,0.150892447,0.000589424,0.000456586,0.000819131,1
warmup,78,78,nb,0,256,131072,0.148856749,0.000581472,0.000451247,0.000837596,1
warmup,79,79,nb,0,256,131072,0.153188321,0.000598392,0.000446878,0.000841784,1
warmup,80,80,nb,0,256,131072,0.151311718,0.000591061,0.000445816,0.000828088,1
warmup,81,81,nb,0,256,131072,0.148710399,0.000580900,0.000439745,0.000838338,1
warmup,82,82,nb,0,256,131072,0.154679373,0.000604216,0.000464391,0.000845129,1
warmup,83,83,nb,0,256,131072,0.152193488,0.000594506,0.000463089,0.000833416,1
warmup,84,84,nb,0,256,131072,0.146746546,0.000573229,0.000440646,0.000859095,1
warmup,85,85,nb,0,256,131072,0.150135999,0.000586469,0.000443010,0.000834589,1
warmup,86,86,nb,0,256,131072,0.150294976,0.000587090,0.000474122,0.000851832,1
warmup,87,87,nb,0,256,131072,0.147748115,0.000577141,0.000443912,0.000837746,1
warmup,88,88,nb,0,256,131072,0.152382816,0.000595245,0.000465906,0.000814922,1
warmup,89,89,nb,0,256,131072,0.150302265,0.000587118,0.000472979,0.000813301,1
warmup,90,90,nb,0,256,131072,0.148695915,0.000580843,0.000457205,0.000827467,1
warmup,91,91,nb,0,256,131072,0.150432700,0.000587628,0.000459559,0.000823328,1
warmup,92,92,nb,0,256,131072,0.149213445,0.000582865,0.000442751,0.000831404,1
warmup,93,93,nb,0,256,131072,0.153583737,0.000599936,0.000491136,0.000853246,1
warmup,94,94,nb,0,256,131072,0.146768722,0.000573315,0.000451319,0.000802128,1
warmup,95,95,nb,0,256,131072,0.149951002,0.000585746,0.000460223,0.000816617,1
warmup,96,96,nb,0,256,131072,0.149577955,0.000584289,0.000460006,0.000834549,1
warmup,97,97,nb,0,256,131072,0.148461440,0.000579928,0.000434525,0.000838277,1
warmup,98,98,nb,0,256,131072,0.150171893,0.000586609,0.000454797,0.000817617,1
warmup,99,99,nb,0,256,131072,0.149407782,0.000583624,0.000438380,0.000849218,1
actual,0,100,nb,0,256,131072,0.151106813,0.000590261,0.000447096,0.000821406,1
actual,1,101,nb,0,256,131072,0.150856776,0.000589284,0.000417443,0.000839610,1
actual,2,102,nb,0,256,131072,0.148043184,0.000578294,0.000443041,0.000812808,1
actual,3,103,nb,0,256,131072,0.147986736,0.000578073,0.000416269,0.000833378,1
actual,4,104,nb,0,256,131072,0.151062500,0.000590088,0.000474159,0.000842485,1
actual,5,105,nb,0,256,131072,0.149153696,0.000582632,0.000468343,0.000837556,1
actual,6,106,nb,0,256,131072,0.149241194,0.000582973,0.000430175,0.000840161,1
actual,7,107,nb,0,256,131072,0.149062480,0.000582275,0.000438672,0.000838867,1
actual,8,108,nb,0,256,131072,0.151929296,0.000593474,0.000449992,0.000820835,1
actual,9,109,nb,0,256,131072,0.147102831,0.000574620,0.000438121,0.000879383,1
actual,10,110,nb,0,256,131072,0.152356766,0.000595144,0.000447517,0.000857692,1
actual,11,111,nb,0,256,131072,0.151686653,0.000592526,0.000445173,0.000830814,1
actual,12,112,nb,0,256,131072,0.149082824,0.000582355,0.000452816,0.000841574,1
actual,13,113,nb,0,256,131072,0.150084872,0.000586269,0.000464820,0.000833418,1
actual,14,114,nb,0,256,131072,0.148137838,0.000578663,0.000457065,0.000834000,1
actual,15,115,nb,0,256,131072,0.148346427,0.000579478,0.000447056,0.000804404,1
actual,16,116,nb,0,256,131072,0.152373960,0.000595211,0.000460023,0.000834761,1
actual,17,117,nb,0,256,131072,0.151313926,0.000591070,0.000461689,0.000809061,1
actual,18,118,nb,0,256,131072,0.150538687,0.000588042,0.000479725,0.000845802,1
actual,19,119,nb,0,256,131072,0.153334804,0.000598964,0.000475198,0.000836603,1
actual,20,120,nb,0,256,131072,0.152405091,0.000595332,0.000476614,0.000819632,1
actual,21,121,nb,0,256,131072,0.148118535,0.000578588,0.000460283,0.000838958,1
actual,22,122,nb,0,256,131072,0.150042801,0.000586105,0.000461465,0.000826335,1
actual,23,123,nb,0,256,131072,0.151495545,0.000591779,0.000459289,0.000805674,1
actual,24,124,nb,0,256,131072,0.151930084,0.000593477,0.000466405,0.000849006,1
actual,25,125,nb,0,256,131072,0.150736522,0.000588815,0.000447719,0.000829930,1
actual,26,126,nb,0,256,131072,0.151742687,0.000592745,0.000471895,0.000811066,1
actual,27,127,nb,0,256,131072,0.150362654,0.000587354,0.000446307,0.000812980,1
actual,28,128,nb,0,256,131072,0.151174624,0.000590526,0.000472396,0.000849248,1
actual,29,129,nb,0,256,131072,0.147183985,0.000574937,0.000454931,0.000808071,1
actual,30,130,nb,0,256,131072,0.149923290,0.000585638,0.000467617,0.000832449,1
actual,31,131,nb,0,256,131072,0.149953403,0.000585755,0.000453084,0.000820784,1
actual,32,132,nb,0,256,131072,0.148454177,0.000579899,0.000464111,0.000821525,1
actual,33,133,nb,0,256,131072,0.151007508,0.000589873,0.000458932,0.000815685,1
actual,34,134,nb,0,256,131072,0.152357479,0.000595146,0.000451494,0.000885575,1
actual,35,135,nb,0,256,131072,0.150321772,0.000587194,0.000463008,0.000836604,1
actual,36,136,nb,0,256,131072,0.151386078,0.000591352,0.000457596,0.000827898,1
actual,37,137,nb,0,256,131072,0.150194955,0.000586699,0.000452007,0.000840041,1
actual,38,138,nb,0,256,131072,0.150143940,0.000586500,0.000442607,0.000819733,1
actual,39,139,nb,0,256,131072,0.146661233,0.000572895,0.000447309,0.000807380,1
actual,40,140,nb,0,256,131072,0.149002154,0.000582040,0.000456196,0.000811447,1
actual,41,141,nb,0,256,131072,0.154161400,0.000602193,0.000443311,0.000821094,1
actual,42,142,nb,0,256,131072,0.147731463,0.000577076,0.000447477,0.000869234,1
actual,43,143,nb,0,256,131072,0.150153865,0.000586539,0.000459752,0.000840041,1
actual,44,144,nb,0,256,131072,0.151835563,0.000593108,0.000447978,0.000840235,1
actual,45,145,nb,0,256,131072,0.152069809,0.000594023,0.000464178,0.000854458,1
actual,46,146,nb,0,256,131072,0.153335785,0.000598968,0.000478843,0.000839768,1
actual,47,147,nb,0,256,131072,0.146354637,0.000571698,0.000452182,0.000820475,1
actual,48,148,nb,0,256,131072,0.149168523,0.000582690,0.000458129,0.000850951,1
actual,49,149,nb,0,256,131072,0.149163459,0.000582670,0.000465012,0.000836248,1
actual,50,150,nb,0,256,131072,0.152008155,0.000593782,0.000457640,0.000824855,1
actual,51,151,nb,0,256,131072,0.153305487,0.000598850,0.000478435,0.000830423,1
actual,52,152,nb,0,256,131072,0.148825700,0.000581350,0.000454861,0.000824822,1
actual,53,153,nb,0,256,131072,0.150032046,0.000586063,0.000467627,0.000833607,1
actual,54,154,nb,0,256,131072,0.149365730,0.000583460,0.000473732,0.000806676,1
actual,55,155,nb,0,256,131072,0.153076809,0.000597956,0.000452619,0.000836765,1
actual,56,156,nb,0,256,131072,0.152203004,0.000594543,0.000473397,0.000832156,1
actual,57,157,nb,0,256,131072,0.149944824,0.000585722,0.000459188,0.000823730,1
actual,58,158,nb,0,256,131072,0.151812480,0.000593017,0.000473996,0.000827878,1
actual,59,159,nb,0,256,131072,0.155147513,0.000606045,0.000467557,0.000830753,1
actual,60,160,nb,0,256,131072,0.148780299,0.000581173,0.000441813,0.000821416,1
actual,61,161,nb,0,256,131072,0.153065696,0.000597913,0.000470071,0.000838969,1
actual,62,162,nb,0,256,131072,0.151938684,0.000593510,0.000459872,0.000819781,1
actual,63,163,nb,0,256,131072,0.151149498,0.000590428,0.000468689,0.000825353,1
actual,64,164,nb,0,256,131072,0.149890968,0.000585512,0.000464881,0.000815094,1
actual,65,165,nb,0,256,131072,0.150188121,0.000586672,0.000449543,0.000837576,1
actual,66,166,nb,0,256,131072,0.154685948,0.000604242,0.000473729,0.000848946,1
actual,67,167,nb,0,256,131072,0.149844693,0.000585331,0.000448782,0.000855630,1
actual,68,168,nb,0,256,131072,0.150744499,0.000588846,0.000465130,0.000822708,1
actual,69,169,nb,0,256,131072,0.154230561,0.000602463,0.000477676,0.000842044,1
actual,70,170,nb,0,256,131072,0.149399509,0.000583592,0.000445664,0.000814914,1
actual,71,171,nb,0,256,131072,0.149414873,0.000583652,0.000446367,0.000829461,1
actual,72,172,nb,0,256,131072,0.147673668,0.000576850,0.000446667,0.000832737,1
actual,73,173,nb,0,256,131072,0.146814758,0.000573495,0.000462708,0.000808892,1
actual,74,174,nb,0,256,131072,0.151711273,0.000592622,0.000446968,0.000832206,1
actual,75,175,nb,0,256,131072,0.150195095,0.000586700,0.000457916,0.000816116,1
actual,76,176,nb,0,256,131072,0.150013987,0.000585992,0.000458808,0.000815724,1
actual,77,177,nb,0,256,131072,0.150644454,0.000588455,0.000458841,0.000815623,1
actual,78,178,nb,0,256,131072,0.148732460,0.000580986,0.000458480,0.000822308,1
actual,79,179,nb,0,256,131072,0.148467182,0.000579950,0.000457418,0.000825173,1
actual,80,180,nb,0,256,131072,0.148685283,0.000580802,0.000450925,0.000851893,1
actual,81,181,nb,0,256,131072,0.146841468,0.000573599,0.000437651,0.000869927,1
actual,82,182,nb,0,256,131072,0.150662209,0.000588524,0.000458393,0.000815294,1
actual,83,183,nb,0,256,131072,0.150686854,0.000588621,0.000452278,0.000858274,1
actual,84,184,nb,0,256,131072,0.146596284,0.000572642,0.000430918,0.000795758,1
actual,85,185,nb,0,256,131072,0.148167986,0.000578781,0.000444531,0.000805967,1
actual,86,186,nb,0,256,131072,0.150615076,0.000588340,0.000459126,0.000842005,1
actual,87,187,nb,0,256,131072,0.152190275,0.000594493,0.000451707,0.000824014,1
actual,88,188,nb,0,256,131072,0.150126716,0.000586432,0.000452907,0.000836354,1
actual,89,189,nb,0,256,131072,0.150865290,0.000589318,0.000459291,0.000863114,1
actual,90,190,nb,0,256,131072,0.150169529,0.000586600,0.000449891,0.000844569,1
actual,91,191,nb,0,256,131072,0.150520339,0.000587970,0.000468263,0.000836332,1
actual,92,192,nb,0,256,131072,0.151593570,0.000592162,0.000457075,0.000828920,1
actual,93,193,nb,0,256,131072,0.148537621,0.000580225,0.000460764,0.000843307,1
actual,94,194,nb,0,256,131072,0.149993889,0.000585914,0.000439992,0.000832035,1
actual,95,195,nb,0,256,131072,0.149325041,0.000583301,0.000458414,0.000846283,1
actual,96,196,nb,0,256,131072,0.150551139,0.000588090,0.000452175,0.000810053,1
actual,97,197,nb,0,256,131072,0.153802634,0.000600792,0.000476388,0.000830954,1
actual,98,198,nb,0,256,131072,0.147069705,0.000574491,0.000448551,0.000827646,1
actual,99,199,nb,0,256,131072,0.149845194,0.000585333,0.000436198,0.000811738,1
warmup,0,0,nb,0,256,196608,0.179515420,0.000701232,0.000513062,0.000998507,1
warmup,1,1,nb,0,256,196608,0.179275014,0.000700293,0.000536151,0.000987659,1
warmup,2,2,nb,0,256,196608,0.181549393,0.000709177,0.000550151,0.001020348,1
warmup,3,3,nb,0,256,196608,0.177783676,0.000694467,0.000529900,0.001040125,1
warmup,4,4,nb,0,256,196608,0.178851184,0.000698637,0.000531787,0.000975640,1
warmup,5,5,nb,0,256,196608,0.174746396,0.000682603,0.000493675,0.000972328,1
warmup,6,6,nb,0,256,196608,0.173819606,0.000678983,0.000541195,0.000954384,1
warmup,7,7,nb,0,256,196608,0.179352614,0.000700596,0.000510675,0.001014940,1
warmup,8,8,nb,0,256,196608,0.177766214,0.000694399,0.000560742,0.000997428,1
warmup,9,9,nb,0,256,196608,0.179833354,0.000702474,0.000534893,0.000985664,1
warmup,10,10,nb,0,256,196608,0.173492412,0.000677705,0.000499146,0.001019178,1
warmup,11,11,nb,0,256,196608,0.177275529,0.000692483,0.000513413,0.000992017,1
warmup,12,12,nb,0,256,196608,0.180565488,0.000705334,0.000520807,0.000994101,1
warmup,13,13,nb,0,256,196608,0.181359696,0.000708436,0.000541242,0.001090981,1
warmup,14,14,nb,0,256,196608,0.175586511,0.000685885,0.000503354,0.000971669,1
warmup,15,15,nb,0,256,196608,0.177656376,0.000693970,0.000515957,0.001048761,1
warmup,16,16,nb,0,256,196608,0.177984271,0.000695251,0.000539654,0.000968843,1
warmup,17,17,nb,0,256,196608,0.179140834,0.000699769,0.000539709,0.000997428,1
warmup,18,18,nb,0,256,196608,0.178896303,0.000698814,0.000540213,0.001018776,1
warmup,19,19,nb,0,256,196608,0.176761195,0.000690473,0.000531494,0.000986855,1
warmup,20,20,nb,0,256,196608,0.179914875,0.000702792,0.000555108,0.001076013,1
warmup,21,21,nb,0,256,196608,0.177564671,0.000693612,0.000535051,0.001004090,1
warmup,22,22,nb,0,256,196608,0.178262459,0.000696338,0.000502400,0.000988821,1
warmup,23,23,nb,0,256,196608,0.178639767,0.000697812,0.000524100,0.001001623,1
warmup,24,24,nb,0,256,196608,0.175540269,0.000685704,0.000528719,0.001034615,1
warmup,25,25,nb,0,256,196608,0.184789604,0.000721834,0.000553238,0.001003326,1
warmup,26,26,nb,0,256,196608,0.178823003,0.000698527,0.000526777,0.000976085,1
warmup,27,27,nb,0,256,196608,0.174535835,0.000681781,0.000502733,0.001015899,1
warmup,28,28,nb,0,256,196608,0.177970154,0.000695196,0.000519341,0.000979063,1
warmup,29,29,nb,0,256,196608,0.182377169,0.000712411,0.000538407,0.000992846,1
warmup,30,30,nb,0,256,196608,0.180146590,0.000703698,0.000529342,0.000996804,1
warmup,31,31,nb,0,256,196608,0.176308818,0.000688706,0.000496861,0.000998307,1
warmup,32,32,nb,0,256,196608,0.174493544,0.000681615,0.000520887,0.001019379,1
warmup,33,33,nb,0,256,196608,0.175075257,0.000683888,0.000513901,0.000983692,1
warmup,34,34,nb,0,256,196608,0.176925535,0.000691115,0.000523542,0.000979952,1
warmup,35,35,nb,0,256,196608,0.176858968,0.000690855,0.000517761,0.000969904,1
warmup,36,36,nb,0,256,196608,0.176245571,0.000688459,0.000513583,0.000972300,1
warmup,37,37,nb,0,256,196608,0.177898642,0.000694917,0.000521996,0.000988531,1
warmup,38,38,nb,0,256,196608,0.177082548,0.000691729,0.000522457,0.001045235,1
warmup,39,39,nb,0,256,196608,0.181505544,0.000709006,0.000547467,0.001071885,1
warmup,40,40,nb,0,256,196608,0.180862130,0.000706493,0.000537505,0.001035947,1
warmup,41,41,nb,0,256,196608,0.180728524,0.000705971,0.000535033,0.000986065,1
warmup,42,42,nb,0,256,196608,0.177005667,0.000691428,0.000506990,0.000972741,1
warmup,43,43,nb,0,256,196608,0.178171610,0.000695983,0.000526948,0.000989482,1
warmup,44,44,nb,0,256,196608,0.177194231,0.000692165,0.000533253,0.000999381,1
warmup,45,45,nb,0,256,196608,0.178723446,0.000698138,0.000523652,0.000980435,1
warmup,46,46,nb,0,256,196608,0.177105525,0.000691818,0.000529332,0.000991857,1
warmup,47,47,nb,0,256,196608,0.176458077,0.000689289,0.000522811,0.001006785,1
warmup,48,48,nb,0,256,196608,0.180663255,0.000705716,0.000551481,0.000987903,1
warmup,49,49,nb,0,256,196608,0.175857340,0.000686943,0.000537347,0.000984563,1
warmup,50,50,nb,0,256,196608,0.178479410,0.000697185,0.000511637,0.000992348,1
warmup,51,51,nb,0,256,196608,0.175302768,0.000684776,0.000532338,0.000988610,1
warmup,52,52,nb,0,256,196608,0.176202676,0.000688292,0.000507803,0.000967611,1
warmup,53,53,nb,0,256,196608,0.180468001,0.000704953,0.000551551,0.001022344,1
warmup,54,54,nb,0,256,196608,0.184239366,0.000719685,0.000569984,0.001052840,1
warmup,55,55,nb,0,256,196608,0.177450594,0.000693166,0.000532769,0.000980655,1
warmup,56,56,nb,0,256,196608,0.177591246,0.000693716,0.000515514,0.001005623,1
warmup,57,57,nb,0,256,196608,0.176768102,0.000690500,0.000511900,0.001017052,1
warmup,58,58,nb,0,256,196608,0.176748513,0.000690424,0.000515149,0.000964185,1
warmup,59,59,nb,0,256,196608,0.180730013,0.000705977,0.000535401,0.000997096,1
warmup,60,60,nb,0,256,196608,0.177588165,0.000693704,0.000523371,0.000982970,1
warmup,61,61,nb,0,256,196608,0.182299374,0.000712107,0.000562451,0.000997827,1
warmup,62,62,nb,0,256,196608,0.179199697,0.000699999,0.000529173,0.000980305,1
warmup,63,63,nb,0,256,196608,0.180336127,0.000704438,0.000541589,0.001001735,1
warmup,64,64,nb,0,256,196608,0.176602145,0.000689852,0.000520236,0.000976982,1
warmup,65,65,nb,0,256,196608,0.179920836,0.000702816,0.000545362,0.000971027,1
warmup,66,66,nb,0,256,196608,0.176459178,0.000689294,0.000518602,0.001021162,1
warmup,67,67,nb,0,256,196608,0.175358608,0.000684995,0.000525626,0.000997966,1
warmup,68,68,nb,0,256,196608,0.178023992,0.000695406,0.000538708,0.000975486,1
warmup,69,69,nb,0,256,196608,0.176076427,0.000687799,0.000549818,0.000988473,1
warmup,70,70,nb,0,256,196608,0.174990395,0.000683556,0.000521986,0.000968373,1
warmup,71,71,nb,0,256,196608,0.179391835,0.000700749,0.000541595,0.001004521,1
warmup,72,72,nb,0,256,196608,0.179067141,0.000699481,0.000530174,0.000971829,1
warmup,73,73,nb,0,256,196608,0.173828626,0.000679018,0.000528531,0.000968430,1
warmup,74,74,nb,0,256,196608,0.175382628,0.000685088,0.000530595,0.001012854,1
warmup,75,75,nb,0,256,196608,0.176556230,0.000689673,0.000544444,0.000968773,1
warmup,76,76,nb,0,256,196608,0.178066526,0.000695572,0.000518419,0.001026951,1
warmup,77,77,nb,0,256,196608,0.176556038,0.000689672,0.000532950,0.001006294,1
warmup,78,78,nb,0,256,196608,0.180455763,0.000704905,0.000536954,0.000993360,1
warmup,79,79,nb,0,256,196608,0.177245485,0.000692365,0.000532932,0.000962001,1
warmup,80,80,nb,0,256,196608,0.177467005,0.000693230,0.000532548,0.000977780,1
warmup,81,81,nb,0,256,196608,0.174853284,0.000683021,0.000546021,0.000954246,1
warmup,82,82,nb,0,256,196608,0.175369201,0.000685036,0.000531968,0.000978990,1
warmup,83,83,nb,0,256,196608,0.173981963,0.000679617,0.000500629,0.000977092,1
warmup,84,84,nb,0,256,196608,0.173575785,0.000678030,0.000522009,0.000976968,1
warmup,85,85,nb,0,256,196608,0.178836550,0.000698580,0.000546360,0.000980005,1
warmup,86,86,nb,0,256,196608,0.177355276,0.000692794,0.000531507,0.000976386,1
warmup,87,87,nb,0,256,196608,0.173394550,0.000677322,0.000506751,0.000964203,1
warmup,88,88,nb,0,256,196608,0.177679527,0.000694061,0.000519413,0.000981677,1
warmup,89,89,nb,0,256,196608,0.178480675,0.000697190,0.000516178,0.001005292,1
warmup,90,90,nb,0,256,196608,0.177741065,0.000694301,0.000534823,0.000989292,1
warmup,91,91,nb,0,256,196608,0.175435654,0.000685296,0.000496801,0.000980876,1
warmup,92,92,nb,0,256,196608,0.176918798,0.000691089,0.000530935,0.000970960,1
warmup,93,93,nb,0,256,196608,0.177953339,0.000695130,0.000502953,0.000999401,1
warmup,94,94,nb,0,256,196608,0.178855703,0.000698655,0.000525190,0.000992619,1
warmup,95,95,nb,0,256,196608,0.175910081,0.000687149,0.000514615,0.000975343,1
warmup,96,96,nb,0,256,196608,0.174269120,0.000680739,0.000504166,0.000983341,1
warmup,97,97,nb,0,256,196608,0.177867421,0.000694795,0.000514735,0.001011694,1
warmup,98,98,nb,0,256,196608,0.176788318,0.000690579,0.000521739,0.000992000,1
warmup,99,99,nb,0,256,196608,0.179781180,0.000702270,0.000558172,0.000974424,1
actual,0,100,nb,0,256,196608,0.182474253,0.000712790,0.000553895,0.001002204,1
actual,1,101,nb,0,256,196608,0.177492612,0.000693331,0.000524739,0.000999300,1
actual,2,102,nb,0,256,196608,0.178205178,0.000696114,0.000547176,0.000969895,1
actual,3,103,nb,0,256,196608,0.173012343,0.000675829,0.000513678,0.000986276,1
actual,4,104,nb,0,256,196608,0.178144696,0.000695878,0.000516691,0.000971969,1
actual,5,105,nb,0,256,196608,0.214831552,0.000839186,0.000671773,0.001229352,1
actual,6,106,nb,0,256,196608,0.177464960,0.000693223,0.000494868,0.000992135,1
actual,7,107,nb,0,256,196608,0.231352247,0.000903720,0.000736294,0.001221807,1
actual,8,108,nb,0,256,196608,0.184650072,0.000721289,0.000561275,0.001017655,1
actual,9,109,nb,0,256,196608,0.178218875,0.000696167,0.000526204,0.000970319,1
actual,10,110,nb,0,256,196608,0.178285001,0.000696426,0.000530101,0.000978721,1
actual,11,111,nb,0,256,196608,0.177060841,0.000691644,0.000516940,0.000980185,1
actual,12,112,nb,0,256,196608,0.177902193,0.000694930,0.000506407,0.001000492,1
actual,13,113,nb,0,256,196608,0.178042730,0.000695479,0.000509232,0.000988811,1
actual,14,114,nb,0,256,196608,0.178891727,0.000698796,0.000535181,0.000975656,1
actual,15,115,nb,0,256,196608,0.174394135,0.000681227,0.000512869,0.000984403,1
actual,16,116,nb,0,256,196608,0.176342209,0.000688837,0.000538930,0.000982459,1
actual,17,117,nb,0,256,196608,0.177247561,0.000692373,0.000538567,0.000988848,1
actual,18,118,nb,0,256,196608,0.174703865,0.000682437,0.000513292,0.000964523,1
actual,19,119,nb,0,256,196608,0.175329034,0.000684879,0.000498765,0.000982027,1
actual,20,120,nb,0,256,196608,0.176686903,0.000690183,0.000518703,0.000965286,1
actual,21,121,nb,0,256,196608,0.172330292,0.000673165,0.000501982,0.000971419,1
actual,22,122,nb,0,256,196608,0.176047497,0.000687686,0.000526587,0.000986154,1
actual,23,123,nb,0,256,196608,0.177537426,0.000693506,0.000532876,0.001006213,1
actual,24,124,nb,0,256,196608,0.179908147,0.000702766,0.000547985,0.000990855,1
actual,25,125,nb,0,256,196608,0.176693339,0.000690208,0.000547644,0.000969152,1
actual,26,126,nb,0,256,196608,0.172747481,0.000674795,0.000483657,0.000967862,1
actual,27,127,nb,0,256,196608,0.177429807,0.000693085,0.000522547,0.000977681,1
actual,28,128,nb,0,256,196608,0.175536265,0.000685689,0.000522350,0.001005072,1
actual,29,129,nb,0,256,196608,0.176903190,0.000691028,0.000545022,0.000974514,1
actual,30,130,nb,0,256,196608,0.178285874,0.000696429,0.000530655,0.001026039,1
actual,31,131,nb,0,256,196608,0.177321117,0.000692661,0.000536326,0.001042251,1
actual,32,132,nb,0,256,196608,0.176250308,0.000688478,0.000507940,0.000986978,1
actual,33,133,nb,0,256,196608,0.174830565,0.000682932,0.000532182,0.000953896,1
actual,34,134,nb,0,256,196608,0.176034902,0.000687636,0.000520623,0.001010179,1
actual,35,135,nb,0,256,196608,0.175529778,0.000685663,0.000520814,0.000985014,1
actual,36,136,nb,0,256,196608,0.177291988,0.000692547,0.000540874,0.000995775,1
actual,37,137,nb,0,256,196608,0.175575339,0.000685841,0.000524975,0.000951279,1
actual,38,138,nb,0,256,196608,0.174450553,0.000681447,0.000520406,0.000971812,1
actual,39,139,nb,0,256,196608,0.176671617,0.000690124,0.000515196,0.000977860,1
actual,40,140,nb,0,256,196608,0.173427143,0.000677450,0.000529769,0.000978050,1
actual,41,141,nb,0,256,196608,0.178769265,0.000698317,0.000546334,0.000987960,1
actual,42,142,nb,0,256,196608,0.174455733,0.000681468,0.000498205,0.000981505,1
actual,43,143,nb,0,256,196608,0.178705910,0.000698070,0.000530455,0.000998058,1
actual,44,144,nb,0,256,196608,0.175756044,0.000686547,0.000512190,0.000952052,1
actual,45,145,nb,0,256,196608,0.179993451,0.000703099,0.000497160,0.001007780,1
actual,46,146,nb,0,256,196608,0.181319226,0.000708278,0.000542036,0.001008257,1
actual,47,147,nb,0,256,196608,0.177628883,0.000693863,0.000513793,0.000975225,1
actual,48,148,nb,0,256,196608,0.174149244,0.000680270,0.000509695,0.000961619,1
actual,49,149,nb,0,256,196608,0.175439739,0.000685311,0.000505888,0.000981848,1
actual,50,150,nb,0,256,196608,0.174320954,0.000680941,0.000484839,0.000972120,1
actual,51,151,nb,0,256,196608,0.178466944,0.000697136,0.000529770,0.000995712,1
actual,52,152,nb,0,256,196608,0.178971864,0.000699109,0.000539331,0.000984122,1
actual,53,153,nb,0,256,196608,0.174418829,0.000681324,0.000533770,0.000970286,1
actual,54,154,nb,0,256,196608,0.177874126,0.000694821,0.000526237,0.000992846,1
actual,55,155,nb,0,256,196608,0.179951977,0.000702937,0.000498806,0.000985384,1
actual,56,156,nb,0,256,196608,0.175437475,0.000685303,0.000524110,0.000972298,1
actual,57,157,nb,0,256,196608,0.178138516,0.000695854,0.000546347,0.001006214,1
actual,58,158,nb,0,256,196608,0.177108650,0.000691831,0.000535744,0.000990264,1
actual,59,159,nb,0,256,196608,0.177715081,0.000694200,0.000538783,0.000968521,1
actual,60,160,nb,0,256,196608,0.174505212,0.000681661,0.000491682,0.000983541,1
actual,61,161,nb,0,256,196608,0.185542620,0.000724776,0.000563737,0.000988630,1
actual,62,162,nb,0,256,196608,0.176783766,0.000690562,0.000516930,0.000947912,1
actual,63,163,nb,0,256,196608,0.176921150,0.000691098,0.000524904,0.000978963,1
actual,64,164,nb,0,256,196608,0.174318942,0.000680933,0.000524213,0.000971586,1
actual,65,165,nb,0,256,196608,0.178743619,0.000698217,0.000510427,0.000992588,1
actual,66,166,nb,0,256,196608,0.175838526,0.000686869,0.000521097,0.001004761,1
actual,67,167,nb,0,256,196608,0.179257340,0.000700224,0.000543071,0.000967771,1
actual,68,168,nb,0,256,196608,0.175879599,0.000687030,0.000532889,0.000956189,1
actual,69,169,nb,0,256,196608,0.176853378,0.000690834,0.000533841,0.000973663,1
actual,70,170,nb,0,256,196608,0.174578110,0.000681946,0.000517260,0.000954995,1
actual,71,171,nb,0,256,196608,0.173775927,0.000678812,0.000522093,0.000985675,1
actual,72,172,nb,0,256,196608,0.177259489,0.000692420,0.000530394,0.000957722,1
actual,73,173,nb,0,256,196608,0.176168400,0.000688158,0.000532689,0.000976148,1
actual,74,174,nb,0,256,196608,0.175638534,0.000686088,0.000523969,0.000981707,1
actual,75,175,nb,0,256,196608,0.178281440,0.000696412,0.000533079,0.000981728,1
actual,76,176,nb,0,256,196608,0.177584529,0.000693690,0.000508093,0.000965136,1
actual,77,177,nb,0,256,196608,0.176532834,0.000689581,0.000533978,0.000983451,1
actual,78,178,nb,0,256,196608,0.176617273,0.000689911,0.000506069,0.000982398,1
actual,79,179,nb,0,256,196608,0.176574832,0.000689745,0.000524431,0.000986276,1
actual,80,180,nb,0,256,196608,0.178233298,0.000696224,0.000553638,0.000986767,1
actual,81,181,nb,0,256,196608,0.175200767,0.000684378,0.000487624,0.000955335,1
actual,82,182,nb,0,256,196608,0.174451262,0.000681450,0.000509235,0.000966973,1
actual,83,183,nb,0,256,196608,0.174529686,0.000681757,0.000521786,0.000965425,1
actual,84,184,nb,0,256,196608,0.174537832,0.000681788,0.000524914,0.000967170,1
actual,85,185,nb,0,256,196608,0.173086560,0.000676119,0.000516612,0.000982948,1
actual,86,186,nb,0,256,196608,0.173671382,0.000678404,0.000513979,0.000959195,1
actual,87,187,nb,0,256,196608,0.177153912,0.000692007,0.000525956,0.001007676,1
actual,88,188,nb,0,256,196608,0.174778985,0.000682730,0.000502921,0.001009870,1
actual,89,189,nb,0,256,196608,0.185335430,0.000723967,0.000557031,0.000998118,1
actual,90,190,nb,0,256,196608,0.178410867,0.000696917,0.000532017,0.001004721,1
actual,91,191,nb,0,256,196608,0.178190514,0.000696057,0.000493736,0.000992127,1
actual,92,192,nb,0,256,196608,0.176616242,0.000689907,0.000522340,0.000979462,1
actual,93,193,nb,0,256,196608,0.176986325,0.000691353,0.000522920,0.000965320,1
actual,94,194,nb,0,256,196608,0.175924196,0.000687204,0.000513335,0.000975365,1
actual,95,195,nb,0,256,196608,0.178302470,0.000696494,0.000536223,0.000978361,1
actual,96,196,nb,0,256,196608,0.177386252,0.000692915,0.000517207,0.001023867,1
actual,97,197,nb,0,256,196608,0.178504987,0.000697285,0.000527667,0.000990412,1
actual,98,198,nb,0,256,196608,0.176668835,0.000690113,0.000534830,0.000962561,1
actual,99,199,nb,0,256,196608,0.177841984,0.000694695,0.000546122,0.000998830,1
warmup,0,0,nb,0,256,262144,0.221920044,0.000866875,0.000662529,0.001254811,1
warmup,1,1,nb,0,256,262144,0.219840206,0.000858751,0.000648961,0.001230916,1
warmup,2,2,nb,0,256,262144,0.220363495,0.000860795,0.000619234,0.001218844,1
warmup,3,3,nb,0,256,262144,0.216084324,0.000844079,0.000623596,0.001186883,1
warmup,4,4,nb,0,256,262144,0.220471187,0.000861216,0.000658665,0.001202783,1
warmup,5,5,nb,0,256,262144,0.225005216,0.000878927,0.000689768,0.001223206,1
warmup,6,6,nb,0,256,262144,0.215807545,0.000842998,0.000658231,0.001199728,1
warmup,7,7,nb,0,256,262144,0.216133697,0.000844272,0.000621863,0.001199111,1
warmup,8,8,nb,0,256,262144,0.216838889,0.000847027,0.000625179,0.001201721,1
warmup,9,9,nb,0,256,262144,0.220055042,0.000859590,0.000666089,0.001241374,1
warmup,10,10,nb,0,256,262144,0.216234922,0.000844668,0.000638614,0.001213792,1
warmup,11,11,nb,0,256,262144,0.217070700,0.000847932,0.000627366,0.001177320,1
warmup,12,12,nb,0,256,262144,0.216388930,0.000845269,0.000645330,0.001308102,1
warmup,13,13,nb,0,256,262144,0.218828935,0.000854801,0.000630032,0.001284652,1
warmup,14,14,nb,0,256,262144,0.217692771,0.000850362,0.000609319,0.001190520,1
warmup,15,15,nb,0,256,262144,0.215430682,0.000841526,0.000645591,0.001185068,1
warmup,16,16,nb,0,256,262144,0.218991995,0.000855437,0.000643593,0.001216689,1
warmup,17,17,nb,0,256,262144,0.215996195,0.000843735,0.000643556,0.001262122,1
warmup,18,18,nb,0,256,262144,0.217988072,0.000851516,0.000657900,0.001187364,1
warmup,19,19,nb,0,256,262144,0.215208278,0.000840657,0.000620798,0.001202833,1
warmup,20,20,nb,0,256,262144,0.225439276,0.000880622,0.000652483,0.001340740,1
warmup,21,21,nb,0,256,262144,0.217641810,0.000850163,0.000673693,0.001218904,1
warmup,22,22,nb,0,256,262144,0.217234943,0.000848574,0.000624364,0.001188296,1
warmup,23,23,nb,0,256,262144,0.214808025,0.000839094,0.000607276,0.001229231,1
warmup,24,24,nb,0,256,262144,0.216377543,0.000845225,0.000650911,0.001181868,1
warmup,25,25,nb,0,256,262144,0.221423027,0.000864934,0.000649378,0.001226919,1
warmup,26,26,nb,0,256,262144,0.216080886,0.000844066,0.000626021,0.001178776,1
warmup,27,27,nb,0,256,262144,0.213379917,0.000833515,0.000646171,0.001241136,1
warmup,28,28,nb,0,256,262144,0.216642649,0.000846260,0.000627012,0.001199983,1
warmup,29,29,nb,0,256,262144,0.214696829,0.000838659,0.000639288,0.001215970,1
warmup,30,30,nb,0,256,262144,0.214780567,0.000838987,0.000634390,0.001190310,1
warmup,31,31,nb,0,256,262144,0.215104007,0.000840250,0.000626131,0.001235192,1
warmup,32,32,nb,0,256,262144,0.218243573,0.000852514,0.000616302,0.001251996,1
warmup,33,33,nb,0,256,262144,0.214746500,0.000838854,0.000628355,0.001184999,1
warmup,34,34,nb,0,256,262144,0.217288983,0.000848785,0.000618289,0.001203875,1
warmup,35,35,nb,0,256,262144,0.217980260,0.000851485,0.000629928,0.001212266,1
warmup,36,36,nb,0,256,262144,0.216580709,0.000846018,0.000645267,0.001252228,1
warmup,37,37,nb,0,256,262144,0.217479453,0.000849529,0.000671396,0.001200446,1
warmup,38,38,nb,0,256,262144,0.216978004,0.000847570,0.000633217,0.001171935,1
warmup,39,39,nb,0,256,262144,0.218283788,0.000852671,0.000658207,0.001174741,1
warmup,40,40,nb,0,256,262144,0.217237646,0.000848585,0.000663411,0.001243390,1
warmup,41,41,nb,0,256,262144,0.218053517,0.000851772,0.000633895,0.001243658,1
warmup,42,42,nb,0,256,262144,0.219191174,0.000856216,0.000650205,0.001229151,1
warmup,43,43,nb,0,256,262144,0.217585851,0.000849945,0.000651739,0.001221509,1
warmup,44,44,nb,0,256,262144,0.219674400,0.000858103,0.000646613,0.001228319,1
warmup,45,45,nb,0,256,262144,0.213381835,0.000833523,0.000620314,0.001202063,1
warmup,46,46,nb,0,256,262144,0.217848763,0.000850972,0.000664255,0.001187425,1
warmup,47,47,nb,0,256,262144,0.215276402,0.000840923,0.000607326,0.001220407,1
warmup,48,48,nb,0,256,262144,0.213589604,0.000834334,0.000658514,0.001161926,1
warmup,49,49,nb,0,256,262144,0.218160441,0.000852189,0.000654186,0.001193265,1
warmup,50,50,nb,0,256,262144,0.217589918,0.000849961,0.000640097,0.001190278,1
warmup,51,51,nb,0,256,262144,0.218208639,0.000852377,0.000665759,0.001180461,1
warmup,52,52,nb,0,256,262144,0.213224614,0.000832909,0.000638257,0.001194158,1
warmup,53,53,nb,0,256,262144,0.213059957,0.000832265,0.000655910,0.001180301,1
warmup,54,54,nb,0,256,262144,0.217106782,0.000848073,0.000649694,0.001205499,1
warmup,55,55,nb,0,256,262144,0.221510825,0.000865277,0.000633555,0.001214455,1
warmup,56,56,nb,0,256,262144,0.217622133,0.000850086,0.000638246,0.001201389,1
warmup,57,57,nb,0,256,262144,0.214290783,0.000837073,0.000652153,0.001193801,1
warmup,58,58,nb,0,256,262144,0.218944340,0.000855251,0.000625513,0.001192393,1
warmup,59,59,nb,0,256,262144,0.215734422,0.000842713,0.000675577,0.001205458,1
warmup,60,60,nb,0,256,262144,0.219159444,0.000856092,0.000662602,0.001198475,1
warmup,61,61,nb,0,256,262144,0.216951233,0.000847466,0.000655696,0.001213113,1
warmup,62,62,nb,0,256,262144,0.216310657,0.000844964,0.000670905,0.001195151,1
warmup,63,63,nb,0,256,262144,0.217008752,0.000847690,0.000627397,0.001184870,1
warmup,64,64,nb,0,256,262144,0.218471085,0.000853403,0.000661327,0.001233078,1
warmup,65,65,nb,0,256,262144,0.217219130,0.000848512,0.000653612,0.001171074,1
warmup,66,66,nb,0,256,262144,0.216379387,0.000845232,0.000632903,0.001213173,1
warmup,67,67,nb,0,256,262144,0.217419877,0.000849296,0.000663748,0.001197293,1
warmup,68,68,nb,0,256,262144,0.213377736,0.000833507,0.000656151,0.001207904,1
warmup,69,69,nb,0,256,262144,0.216886512,0.000847213,0.000654865,0.001198748,1
warmup,70,70,nb,0,256,262144,0.214349655,0.000837303,0.000649437,0.001231097,1
warmup,71,71,nb,0,256,262144,0.220281344,0.000860474,0.000649715,0.001163497,1
warmup,72,72,nb,0,256,262144,0.218965734,0.000855335,0.000660365,0.001219144,1
warmup,73,73,nb,0,256,262144,0.214146903,0.000836511,0.000641152,0.001174630,1
warmup,74,74,nb,0,256,262144,0.216745475,0.000846662,0.000623559,0.001193833,1
warmup,75,75,nb,0,256,262144,0.216234030,0.000844664,0.000640260,0.001185338,1
warmup,76,76,nb,0,256,262144,0.218677413,0.000854209,0.000663494,0.001195898,1
warmup,77,77,nb,0,256,262144,0.218756393,0.000854517,0.000640958,0.001201511,1
warmup,78,78,nb,0,256,262144,0.215318494,0.000841088,0.000664115,0.001189628,1
warmup,79,79,nb,0,256,262144,0.217932766,0.000851300,0.000651141,0.001185241,1
warmup,80,80,nb,0,256,262144,0.217246296,0.000848618,0.000653913,0.001196933,1
warmup,81,81,nb,0,256,262144,0.216136794,0.000844284,0.000659163,0.001167144,1
warmup,82,82,nb,0,256,262144,0.214896981,0.000839441,0.000627644,0.001202257,1
warmup,83,83,nb,0,256,262144,0.217229601,0.000848553,0.000607997,0.001191523,1
warmup,84,84,nb,0,256,262144,0.216059968,0.000843984,0.000651712,0.001188236,1
warmup,85,85,nb,0,256,262144,0.215465172,0.000841661,0.000626455,0.001220281,1
warmup,86,86,nb,0,256,262144,0.218573667,0.000853803,0.000649444,0.001236127,1
warmup,87,87,nb,0,256,262144,0.215849798,0.000843163,0.000661938,0.001186640,1
warmup,88,88,nb,0,256,262144,0.216910491,0.000847307,0.000625272,0.001174836,1
warmup,89,89,nb,0,256,262144,0.219200471,0.000856252,0.000657569,0.001202959,1
warmup,90,90,nb,0,256,262144,0.216424083,0.000845407,0.000647915,0.001204060,1
warmup,91,91,nb,0,256,262144,0.217298786,0.000848823,0.000647294,0.001222779,1
warmup,92,92,nb,0,256,262144,0.223794117,0.000874196,0.000661187,0.001239122,1
warmup,93,93,nb,0,256,262144,0.218581662,0.000853835,0.000639757,0.001178909,1
warmup,94,94,nb,0,256,262144,0.217289674,0.000848788,0.000662803,0.001237639,1
warmup,95,95,nb,0,256,262144,0.219164016,0.000856109,0.000635879,0.001211420,1
warmup,96,96,nb,0,256,262144,0.213355637,0.000833420,0.000623720,0.001176684,1
warmup,97,97,nb,0,256,262144,0.216988440,0.000847611,0.000661831,0.001221469,1
warmup,98,98,nb,0,256,262144,0.216815338,0.000846935,0.000660509,0.001221851,1
warmup,99,99,nb,0,256,262144,0.217679699,0.000850311,0.000636704,0.001181894,1
actual,0,100,nb,0,256,262144,0.218076344,0.000851861,0.000671282,0.001196972,1
actual,1,101,nb,0,256,262144,0.214465143,0.000837754,0.000633581,0.001179259,1
actual,2,102,nb,0,256,262144,0.215965946,0.000843617,0.000623530,0.001189268,1
actual,3,103,nb,0,256,262144,0.218060623,0.000851799,0.000626174,0.001203034,1
actual,4,104,nb,0,256,262144,0.216269068,0.000844801,0.000642404,0.001170383,1
actual,5,105,nb,0,256,262144,0.217296197,0.000848813,0.000645641,0.001176461,1
actual,6,106,nb,0,256,262144,0.217154362,0.000848259,0.000666660,0.001188427,1
actual,7,107,nb,0,256,262144,0.222070254,0.000867462,0.000629861,0.001195730,1
actual,8,108,nb,0,256,262144,0.214017300,0.000836005,0.000644789,0.001170553,1
actual,9,109,nb,0,256,262144,0.223451610,0.000872858,0.000662038,0.001218473,1
actual,10,110,nb,0,256,262144,0.219402713,0.000857042,0.000657499,0.001196980,1
actual,11,111,nb,0,256,262144,0.217934001,0.000851305,0.000649813,0.001210979,1
actual,12,112,nb,0,256,262144,0.218410657,0.000853167,0.000634389,0.001194267,1
actual,13,113,nb,0,256,262144,0.215937867,0.000843507,0.000634132,0.001178668,1
actual,14,114,nb,0,256,262144,0.215601049,0.000842192,0.000646312,0.001180121,1
actual,15,115,nb,0,256,262144,0.217738706,0.000850542,0.000640461,0.001222745,1
actual,16,116,nb,0,256,262144,0.219632399,0.000857939,0.000652574,0.001208233,1
actual,17,117,nb,0,256,262144,0.213211237,0.000832856,0.000622807,0.001163028,1
actual,18,118,nb,0,256,262144,0.215462900,0.000841652,0.000623015,0.001180001,1
actual,19,119,nb,0,256,262144,0.217967546,0.000851436,0.000671736,0.001181303,1
actual,20,120,nb,0,256,262144,0.212287971,0.000829250,0.000655870,0.001153889,1
actual,21,121,nb,0,256,262144,0.215159916,0.000840468,0.000617685,0.001183525,1
actual,22,122,nb,0,256,262144,0.216114273,0.000844196,0.000657633,0.001181654,1
actual,23,123,nb,0,256,262144,0.216408237,0.000845345,0.000636687,0.001208693,1
actual,24,124,nb,0,256,262144,0.221706928,0.000866043,0.000648579,0.001249907,1
actual,25,125,nb,0,256,262144,0.216067912,0.000844015,0.000654267,0.001237627,1
actual,26,126,nb,0,256,262144,0.214822705,0.000839151,0.000634700,0.001195610,1
actual,27,127,nb,0,256,262144,0.219001675,0.000855475,0.000641926,0.001202372,1
actual,28,128,nb,0,256,262144,0.220605217,0.000861739,0.000648502,0.001193553,1
actual,29,129,nb,0,256,262144,0.216525599,0.000845803,0.000634640,0.001228293,1
actual,30,130,nb,0,256,262144,0.214892053,0.000839422,0.000645868,0.001179179,1
actual,31,131,nb,0,256,262144,0.217043512,0.000847826,0.000648526,0.001174520,1
actual,32,132,nb,0,256,262144,0.218085012,0.000851895,0.000646869,0.001160211,1
actual,33,133,nb,0,256,262144,0.215123005,0.000840324,0.000663193,0.001207682,1
actual,34,134,nb,0,256,262144,0.215585194,0.000842130,0.000623409,0.001182816,1
actual,35,135,nb,0,256,262144,0.218896693,0.000855065,0.000656631,0.001197763,1
actual,36,136,nb,0,256,262144,0.216183000,0.000844465,0.000641133,0.001171052,1
actual,37,137,nb,0,256,262144,0.219484942,0.000857363,0.000649694,0.001185786,1
actual,38,138,nb,0,256,262144,0.217763598,0.000850639,0.000661126,0.001222120,1
actual,39,139,nb,0,256,262144,0.219043151,0.000855637,0.000666951,0.001270468,1
actual,40,140,nb,0,256,262144,0.214453918,0.000837711,0.000660906,0.001180933,1
actual,41,141,nb,0,256,262144,0.212399349,0.000829685,0.000657787,0.001162598,1
actual,42,142,nb,0,256,262144,0.214966916,0.000839715,0.000666640,0.001189940,1
actual,43,143,nb,0,256,262144,0.219266771,0.000856511,0.000652423,0.001218854,1
actual,44,144,nb,0,256,262144,0.217809094,0.000850817,0.000651678,0.001191041,1
actual,45,145,nb,0,256,262144,0.214955811,0.000839671,0.000645730,0.001178979,1
actual,46,146,nb,0,256,262144,0.218659964,0.000854140,0.000648232,0.001166751,1
actual,47,147,nb,0,256,262144,0.219768456,0.000858471,0.000661330,0.001214425,1
actual,48,148,nb,0,256,262144,0.218734225,0.000854431,0.000640638,0.001186673,1
actual,49,149,nb,0,256,262144,0.217374884,0.000849121,0.000634820,0.001185922,1
actual,50,150,nb,0,256,262144,0.214656765,0.000838503,0.000627807,0.001217080,1
actual,51,151,nb,0,256,262144,0.219265031,0.000856504,0.000659276,0.001177816,1
actual,52,152,nb,0,256,262144,0.215564965,0.000842051,0.000641843,0.001196235,1
actual,53,153,nb,0,256,262144,0.215937931,0.000843508,0.000651668,0.001192183,1
actual,54,154,nb,0,256,262144,0.218344785,0.000852909,0.000669973,0.001200931,1
actual,55,155,nb,0,256,262144,0.215835825,0.000843109,0.000635101,0.001158664,1
actual,56,156,nb,0,256,262144,0.217475963,0.000849515,0.000663010,0.001210097,1
actual,57,157,nb,0,256,262144,0.216422469,0.000845400,0.000657550,0.001169546,1
actual,58,158,nb,0,256,262144,0.215855819,0.000843187,0.000642221,0.001189248,1
actual,59,159,nb,0,256,262144,0.214272336,0.000837001,0.000648616,0.001185641,1
actual,60,160,nb,0,256,262144,0.218230829,0.000852464,0.000665625,0.001187725,1
actual,61,161,nb,0,256,262144,0.215693779,0.000842554,0.000636744,0.001190150,1
actual,62,162,nb,0,256,262144,0.216464995,0.000845566,0.000656481,0.001196512,1
actual,63,163,nb,0,256,262144,0.216351395,0.000845123,0.000629206,0.001220694,1
actual,64,164,nb,0,256,262144,0.215560411,0.000842033,0.000626265,0.001209174,1
actual,65,165,nb,0,256,262144,0.217516360,0.000849673,0.000652563,0.001169200,1
actual,66,166,nb,0,256,262144,0.221466667,0.000865104,0.000673923,0.001185961,1
actual,67,167,nb,0,256,262144,0.218295144,0.000852715,0.000658274,0.001209155,1
actual,68,168,nb,0,256,262144,0.215449442,0.000841599,0.000655699,0.001194307,1
actual,69,169,nb,0,256,262144,0.222123282,0.000867669,0.000677778,0.001208505,1
actual,70,170,nb,0,256,262144,0.220865976,0.000862758,0.000694917,0.001174488,1
actual,71,171,nb,0,256,262144,0.218756286,0.000854517,0.000656995,0.001279332,1
actual,72,172,nb,0,256,262144,0.214972524,0.000839736,0.000644127,0.001184209,1
actual,73,173,nb,0,256,262144,0.217012785,0.000847706,0.000653242,0.001177656,1
actual,74,174,nb,0,256,262144,0.218153587,0.000852162,0.000647685,0.001205919,1
actual,75,175,nb,0,256,262144,0.216303705,0.000844936,0.000630382,0.001183698,1
actual,76,176,nb,0,256,262144,0.218256095,0.000852563,0.000657673,0.001216689,1
actual,77,177,nb,0,256,262144,0.215181620,0.000840553,0.000640708,0.001168238,1
actual,78,178,nb,0,256,262144,0.218305138,0.000852754,0.000639990,0.001200689,1
actual,79,179,nb,0,256,262144,0.216399671,0.000845311,0.000649508,0.001175657,1
actual,80,180,nb,0,256,262144,0.210852600,0.000823643,0.000634700,0.001158846,1
actual,81,181,nb,0,256,262144,0.219294754,0.000856620,0.000677617,0.001170712,1
actual,82,182,nb,0,256,262144,0.218751622,0.000854499,0.000653211,0.001178788,1
actual,83,183,nb,0,256,262144,0.213877987,0.000835461,0.000639279,0.001185250,1
actual,84,184,nb,0,256,262144,0.221463601,0.000865092,0.000666279,0.001222500,1
actual,85,185,nb,0,256,262144,0.219805681,0.000858616,0.000655499,0.001181077,1
actual,86,186,nb,0,256,262144,0.218025557,0.000851662,0.000648563,0.001180772,1
actual,87,187,nb,0,256,262144,0.212481621,0.000830006,0.000630613,0.001152238,1
actual,88,188,nb,0,256,262144,0.215158103,0.000840461,0.000645370,0.001197594,1
actual,89,189,nb,0,256,262144,0.213529518,0.000834100,0.000609362,0.001160548,1
actual,90,190,nb,0,256,262144,0.218569341,0.000853786,0.000652093,0.001242606,1
actual,91,191,nb,0,256,262144,0.216749100,0.000846676,0.000650246,0.001203154,1
actual,92,192,nb,0,256,262144,0.216569231,0.000845974,0.000637235,0.001188561,1
actual,93,193,nb,0,256,262144,0.214310601,0.000837151,0.000656978,0.001186884,1
actual,94,194,nb,0,256,262144,0.214538132,0.000838040,0.000636413,0.001182163,1
actual,95,195,nb,0,256,262144,0.210285782,0.000821429,0.000614412,0.001197283,1
actual,96,196,nb,0,256,262144,0.220657268,0.000861942,0.000636460,0.001229955,1
actual,97,197,nb,0,256,262144,0.213829690,0.000835272,0.000630763,0.001169941,1
actual,98,198,nb,0,256,262144,0.218593453,0.000853881,0.000659002,0.001204044,1
actual,99,199,nb,0,256,262144,0.217969885,0.000851445,0.000676384,0.001190110,1
warmup,0,0,nb,0,256,393216,0.296429229,0.001157927,0.000852989,0.001665772,1
warmup,1,1,nb,0,256,393216,0.291459287,0.001138513,0.000841173,0.001594628,1
warmup,2,2,nb,0,256,393216,0.282111740,0.001101999,0.000849157,0.001656143,1
warmup,3,3,nb,0,256,393216,0.283333395,0.001106771,0.000823330,0.001572837,1
warmup,4,4,nb,0,256,393216,0.275494855,0.001076152,0.000792075,0.001553986,1
warmup,5,5,nb,0,256,393216,0.279469925,0.001091679,0.000835415,0.001542765,1
warmup,6,6,nb,0,256,393216,0.280619363,0.001096169,0.000833168,0.001532614,1
warmup,7,7,nb,0,256,393216,0.278738630,0.001088823,0.000808452,0.001510894,1
warmup,8,8,nb,0,256,393216,0.278722398,0.001088759,0.000794956,0.001531262,1
warmup,9,9,nb,0,256,393216,0.277151965,0.001082625,0.000825494,0.001515329,1
warmup,10,10,nb,0,256,393216,0.282673093,0.001104192,0.000816131,0.001553374,1
warmup,11,11,nb,0,256,393216,0.274210730,0.001071136,0.000774436,0.001508925,1
warmup,12,12,nb,0,256,393216,0.282330061,0.001102852,0.000812853,0.001527590,1
warmup,13,13,nb,0,256,393216,0.276904197,0.001081657,0.000779099,0.001525330,1
warmup,14,14,nb,0,256,393216,0.280683362,0.001096419,0.000835572,0.001548009,1
warmup,15,15,nb,0,256,393216,0.281541878,0.001099773,0.000837611,0.001526087,1
warmup,16,16,nb,0,256,393216,0.278462508,0.001087744,0.000860674,0.001568693,1
warmup,17,17,nb,0,256,393216,0.272920345,0.001066095,0.000811181,0.001535670,1
warmup,18,18,nb,0,256,393216,0.279584823,0.001092128,0.000863014,0.001519986,1
warmup,19,19,nb,0,256,393216,0.277313140,0.001083254,0.000790807,0.001504988,1
warmup,20,20,nb,0,256,393216,0.274672059,0.001072938,0.000768917,0.001499511,1
warmup,21,21,nb,0,256,393216,0.282138930,0.001102105,0.000794526,0.001538927,1
warmup,22,22,nb,0,256,393216,0.277532244,0.001084110,0.000759230,0.001710037,1
warmup,23,23,nb,0,256,393216,0.283319437,0.001106717,0.000821486,0.001591825,1
warmup,24,24,nb,0,256,393216,0.275491430,0.001076138,0.000761318,0.001534505,1
warmup,25,25,nb,0,256,393216,0.279619481,0.001092264,0.000783589,0.001554896,1
warmup,26,26,nb,0,256,393216,0.278700802,0.001088675,0.000811000,0.001510021,1
warmup,27,27,nb,0,256,393216,0.276832509,0.001081377,0.000796493,0.001522535,1
warmup,28,28,nb,0,256,393216,0.276949692,0.001081835,0.000791064,0.001654524,1
warmup,29,29,nb,0,256,393216,0.279600079,0.001092188,0.000800926,0.001522104,1
warmup,30,30,nb,0,256,393216,0.275056200,0.001074438,0.000801462,0.001622570,1
warmup,31,31,nb,0,256,393216,0.276937766,0.001081788,0.000791214,0.001571133,1
warmup,32,32,nb,0,256,393216,0.281262160,0.001098680,0.000810325,0.001518087,1
warmup,33,33,nb,0,256,393216,0.282710893,0.001104339,0.000797255,0.001526022,1
warmup,34,34,nb,0,256,393216,0.276147044,0.001078699,0.000822407,0.001480807,1
warmup,35,35,nb,0,256,393216,0.277905889,0.001085570,0.000833262,0.001482105,1
warmup,36,36,nb,0,256,393216,0.276132364,0.001078642,0.000808556,0.001493541,1
warmup,37,37,nb,0,256,393216,0.277618558,0.001084447,0.000835531,0.001547039,1
warmup,38,38,nb,0,256,393216,0.281408441,0.001099252,0.000842320,0.001543567,1
warmup,39,39,nb,0,256,393216,0.279823542,0.001093061,0.000812550,0.001502647,1
warmup,40,40,nb,0,256,393216,0.277004630,0.001082049,0.000784096,0.001509250,1
warmup,41,41,nb,0,256,393216,0.275249016,0.001075191,0.000808200,0.001535910,1
warmup,42,42,nb,0,256,393216,0.278435765,0.001087640,0.000810386,0.001553631,1
warmup,43,43,nb,0,256,393216,0.279612013,0.001092234,0.000772048,0.001492345,1
warmup,44,44,nb,0,256,393216,0.278100952,0.001086332,0.000782783,0.001522838,1
warmup,45,45,nb,0,256,393216,0.279166754,0.001090495,0.000788272,0.001531993,1
warmup,46,46,nb,0,256,393216,0.277135100,0.001082559,0.000789015,0.001517416,1
warmup,47,47,nb,0,256,393216,0.276494654,0.001080057,0.000784791,0.001544672,1
warmup,48,48,nb,0,256,393216,0.278797073,0.001089051,0.000784021,0.001515382,1
warmup,49,49,nb,0,256,393216,0.277306234,0.001083227,0.000817302,0.001504778,1
warmup,50,50,nb,0,256,393216,0.273470026,0.001068242,0.000804198,0.001497929,1
warmup,51,51,nb,0,256,393216,0.279961232,0.001093599,0.000799068,0.001573510,1
warmup,52,52,nb,0,256,393216,0.278097802,0.001086320,0.000800357,0.001541361,1
warmup,53,53,nb,0,256,393216,0.275927861,0.001077843,0.000770791,0.001501886,1
warmup,54,54,nb,0,256,393216,0.275580332,0.001076486,0.000770605,0.001503265,1
warmup,55,55,nb,0,256,393216,0.279622293,0.001092275,0.000841438,0.001499752,1
warmup,56,56,nb,0,256,393216,0.275076491,0.001074518,0.000818991,0.001509967,1
warmup,57,57,nb,0,256,393216,0.273722668,0.001069229,0.000743614,0.001529023,1
warmup,58,58,nb,0,256,393216,0.278291586,0.001087077,0.000775249,0.001537740,1
warmup,59,59,nb,0,256,393216,0.281134375,0.001098181,0.000813305,0.001517957,1
warmup,60,60,nb,0,256,393216,0.277552952,0.001084191,0.000824710,0.001499031,1
warmup,61,61,nb,0,256,393216,0.279566016,0.001092055,0.000813964,0.001526122,1
warmup,62,62,nb,0,256,393216,0.277221445,0.001082896,0.000819174,0.001555979,1
warmup,63,63,nb,0,256,393216,0.283341044,0.001106801,0.000783798,0.001534497,1
warmup,64,64,nb,0,256,393216,0.279299617,0.001091014,0.000786244,0.001522085,1
warmup,65,65,nb,0,256,393216,0.276495823,0.001080062,0.000763492,0.001510879,1
warmup,66,66,nb,0,256,393216,0.279006979,0.001089871,0.000824561,0.001513037,1
warmup,67,67,nb,0,256,393216,0.280116912,0.001094207,0.000809564,0.001517425,1
warmup,68,68,nb,0,256,393216,0.280527176,0.001095809,0.000798027,0.001574483,1
warmup,69,69,nb,0,256,393216,0.275509975,0.001076211,0.000811727,0.001479494,1
warmup,70,70,nb,0,256,393216,0.274487294,0.001072216,0.000772609,0.001504201,1
warmup,71,71,nb,0,256,393216,0.280888811,0.001097222,0.000829771,0.001504839,1
warmup,72,72,nb,0,256,393216,0.276992058,0.001082000,0.000730319,0.001531303,1
warmup,73,73,nb,0,256,393216,0.278857047,0.001089285,0.000817819,0.001543464,1
warmup,74,74,nb,0,256,393216,0.278374317,0.001087400,0.000810193,0.001513258,1
warmup,75,75,nb,0,256,393216,0.278359325,0.001087341,0.000800481,0.001518768,1
warmup,76,76,nb,0,256,393216,0.276681820,0.001080788,0.000781054,0.001491417,1
warmup,77,77,nb,0,256,393216,0.278370650,0.001087385,0.000861962,0.001497317,1
warmup,78,78,nb,0,256,393216,0.276984558,0.001081971,0.000832455,0.001507738,1
warmup,79,79,nb,0,256,393216,0.277472203,0.001083876,0.000801549,0.001507527,1
warmup,80,80,nb,0,256,393216,0.279653963,0.001092398,0.000825163,0.001546531,1
warmup,81,81,nb,0,256,393216,0.279848566,0.001093158,0.000723878,0.001522315,1
warmup,82,82,nb,0,256,393216,0.275479163,0.001076090,0.000830497,0.001526042,1
warmup,83,83,nb,0,256,393216,0.277446497,0.001083775,0.000818153,0.001519420,1
warmup,84,84,nb,0,256,393216,0.281764206,0.001100641,0.000814527,0.001512732,1
warmup,85,85,nb,0,256,393216,0.280294913,0.001094902,0.000844489,0.001530460,1
warmup,86,86,nb,0,256,393216,0.282302928,0.001102746,0.000795191,0.001512072,1
warmup,87,87,nb,0,256,393216,0.277546054,0.001084164,0.000800597,0.001518413,1
warmup,88,88,nb,0,256,393216,0.277636776,0.001084519,0.000820975,0.001492574,1
warmup,89,89,nb,0,256,393216,0.278584950,0.001088222,0.000821651,0.001541691,1
warmup,90,90,nb,0,256,393216,0.276903420,0.001081654,0.000787196,0.001521203,1
warmup,91,91,nb,0,256,393216,0.275508947,0.001076207,0.000780012,0.001469481,1
warmup,92,92,nb,0,256,393216,0.279274396,0.001090916,0.000820299,0.001505689,1
warmup,93,93,nb,0,256,393216,0.281338774,0.001098980,0.000792516,0.001545278,1
warmup,94,94,nb,0,256,393216,0.274667751,0.001072921,0.000779221,0.001499422,1
warmup,95,95,nb,0,256,393216,0.279421143,0.001091489,0.000800591,0.001510843,1
warmup,96,96,nb,0,256,393216,0.276017443,0.001078193,0.000803242,0.001535675,1
warmup,97,97,nb,0,256,393216,0.277872567,0.001085440,0.000798173,0.001517806,1
warmup,98,98,nb,0,256,393216,0.278514630,0.001087948,0.000753533,0.001506905,1
warmup,99,99,nb,0,256,393216,0.275314969,0.001075449,0.000749656,0.001496984,1
actual,0,100,nb,0,256,393216,0.276862631,0.001081495,0.000742352,0.001525558,1
actual,1,101,nb,0,256,393216,0.277263031,0.001083059,0.000826485,0.001517663,1
actual,2,102,nb,0,256,393216,0.278659796,0.001088515,0.000795642,0.001516339,1
actual,3,103,nb,0,256,393216,0.275888061,0.001077688,0.000787753,0.001502367,1
actual,4,104,nb,0,256,393216,0.280317880,0.001094992,0.000816847,0.001529498,1
actual,5,105,nb,0,256,393216,0.274056757,0.001070534,0.000762359,0.001513666,1
actual,6,106,nb,0,256,393216,0.282877017,0.001104988,0.000818729,0.001540976,1
actual,7,107,nb,0,256,393216,0.275473708,0.001076069,0.000791985,0.001508519,1
actual,8,108,nb,0,256,393216,0.278520075,0.001087969,0.000791210,0.001502124,1
actual,9,109,nb,0,256,393216,0.282994528,0.001105447,0.000787307,0.001552291,1
actual,10,110,nb,0,256,393216,0.279076110,0.001090141,0.000826244,0.001516439,1
actual,11,111,nb,0,256,393216,0.278427134,0.001087606,0.000823062,0.001511160,1
actual,12,112,nb,0,256,393216,0.282354571,0.001102948,0.000797445,0.001528913,1
actual,13,113,nb,0,256,393216,0.272912603,0.001066065,0.000777157,0.001496676,1
actual,14,114,nb,0,256,393216,0.285294698,0.001114432,0.000824411,0.001519619,1
actual,15,115,nb,0,256,393216,0.283488666,0.001107378,0.000791790,0.001549736,1
actual,16,116,nb,0,256,393216,0.278119800,0.001086405,0.000793283,0.001506686,1
actual,17,117,nb,0,256,393216,0.282221733,0.001102429,0.000800497,0.001520011,1
actual,18,118,nb,0,256,393216,0.276489750,0.001080038,0.000806187,0.001528937,1
actual,19,119,nb,0,256,393216,0.279726898,0.001092683,0.000848026,0.001599400,1
actual,20,120,nb,0,256,393216,0.280113165,0.001094192,0.000748564,0.001512222,1
actual,21,121,nb,0,256,393216,0.274889945,0.001073789,0.000804118,0.001483088,1
actual,22,122,nb,0,256,393216,0.283226437,0.001106353,0.000789079,0.001542142,1
actual,23,123,nb,0,256,393216,0.278792234,0.001089032,0.000809707,0.001518904,1
actual,24,124,nb,0,256,393216,0.276989270,0.001081989,0.000793287,0.001502282,1
actual,25,125,nb,0,256,393216,0.275986812,0.001078073,0.000799639,0.001520517,1
actual,26,126,nb,0,256,393216,0.277644846,0.001084550,0.000803076,0.001512532,1
actual,27,127,nb,0,256,393216,0.287402047,0.001122664,0.000792085,0.001550233,1
actual,28,128,nb,0,256,393216,0.276272641,0.001079190,0.000783228,0.001473643,1
actual,29,129,nb,0,256,393216,0.279005525,0.001089865,0.000789807,0.001492687,1
actual,30,130,nb,0,256,393216,0.277957434,0.001085771,0.000777735,0.001527070,1
actual,31,131,nb,0,256,393216,0.274316618,0.001071549,0.000816220,0.001500334,1
actual,32,132,nb,0,256,393216,0.280609073,0.001096129,0.000812299,0.001513748,1
actual,33,133,nb,0,256,393216,0.279133472,0.001090365,0.000817963,0.001494838,1
actual,34,134,nb,0,256,393216,0.280630119,0.001096211,0.000793207,0.001523487,1
actual,35,135,nb,0,256,393216,0.275876768,0.001077644,0.000813595,0.001547358,1
actual,36,136,nb,0,256,393216,0.280640006,0.001096250,0.000774522,0.001549415,1
actual,37,137,nb,0,256,393216,0.278356556,0.001087330,0.000779351,0.001509366,1
actual,38,138,nb,0,256,393216,0.279332204,0.001091141,0.000791300,0.001513468,1
actual,39,139,nb,0,256,393216,0.277289739,0.001083163,0.000791865,0.001506645,1
actual,40,140,nb,0,256,393216,0.281190711,0.001098401,0.000811055,0.001513489,1
actual,41,141,nb,0,256,393216,0.276841960,0.001081414,0.000768317,0.001527150,1
actual,42,142,nb,0,256,393216,0.281783931,0.001100718,0.000762886,0.001517685,1
actual,43,143,nb,0,256,393216,0.282163698,0.001102202,0.000804274,0.001498801,1
actual,44,144,nb,0,256,393216,0.278152783,0.001086534,0.000794801,0.001518648,1
actual,45,145,nb,0,256,393216,0.275009911,0.001074257,0.000765070,0.001502808,1
actual,46,146,nb,0,256,393216,0.281532176,0.001099735,0.000806442,0.001517121,1
actual,47,147,nb,0,256,393216,0.277873281,0.001085443,0.000827467,0.001522454,1
actual,48,148,nb,0,256,393216,0.278518791,0.001087964,0.000785173,0.001504481,1
actual,49,149,nb,0,256,393216,0.275462450,0.001076025,0.000768621,0.001565782,1
actual,50,150,nb,0,256,393216,0.277518338,0.001084056,0.000829034,0.001516995,1
actual,51,151,nb,0,256,393216,0.278436208,0.001087641,0.000759995,0.001519735,1
actual,52,152,nb,0,256,393216,0.272630599,0.001064963,0.000761083,0.001513084,1
actual,53,153,nb,0,256,393216,0.280257416,0.001094756,0.000798638,0.001513528,1
actual,54,154,nb,0,256,393216,0.280670990,0.001096371,0.000822829,0.001532620,1
actual,55,155,nb,0,256,393216,0.277868287,0.001085423,0.000800280,0.001517887,1
actual,56,156,nb,0,256,393216,0.280734203,0.001096618,0.000851622,0.001564704,1
actual,57,157,nb,0,256,393216,0.277657332,0.001084599,0.000806348,0.001581943,1
actual,58,158,nb,0,256,393216,0.281772425,0.001100674,0.000792095,0.001529578,1
actual,59,159,nb,0,256,393216,0.278793260,0.001089036,0.000790422,0.001509862,1
actual,60,160,nb,0,256,393216,0.275026125,0.001074321,0.000750828,0.001525541,1
actual,61,161,nb,0,256,393216,0.275818556,0.001077416,0.000821619,0.001540198,1
actual,62,162,nb,0,256,393216,0.277458251,0.001083821,0.000815619,0.001501806,1
actual,63,163,nb,0,256,393216,0.277039567,0.001082186,0.000786701,0.001553985,1
actual,64,164,nb,0,256,393216,0.276024022,0.001078219,0.000842865,0.001577945,1
actual,65,165,nb,0,256,393216,0.275902007,0.001077742,0.000775730,0.001493606,1
actual,66,166,nb,0,256,393216,0.277607900,0.001084406,0.000797966,0.001489993,1
actual,67,167,nb,0,256,393216,0.281290499,0.001098791,0.000798668,0.001500034,1
actual,68,168,nb,0,256,393216,0.280507216,0.001095731,0.000800938,0.001519700,1
actual,69,169,nb,0,256,393216,0.283286259,0.001106587,0.000841844,0.001521049,1
actual,70,170,nb,0,256,393216,0.278313827,0.001087163,0.000822252,0.001487920,1
actual,71,171,nb,0,256,393216,0.275936437,0.001077877,0.000776321,0.001494843,1
actual,72,172,nb,0,256,393216,0.280408176,0.001095344,0.000832351,0.001534614,1
actual,73,173,nb,0,256,393216,0.280696693,0.001096471,0.000855655,0.001582483,1
actual,74,174,nb,0,256,393216,0.279000917,0.001089847,0.000827798,0.001515041,1
actual,75,175,nb,0,256,393216,0.280098598,0.001094135,0.000814547,0.001519009,1
actual,76,176,nb,0,256,393216,0.275914700,0.001077792,0.000779297,0.001503749,1
actual,77,177,nb,0,256,393216,0.275779883,0.001077265,0.000778660,0.001519104,1
actual,78,178,nb,0,256,393216,0.275697466,0.001076943,0.000802410,0.001491126,1
actual,79,179,nb,0,256,393216,0.276736262,0.001081001,0.000800246,0.001531217,1
actual,80,180,nb,0,256,393216,0.275724596,0.001077049,0.000776411,0.001523713,1
actual,81,181,nb,0,256,393216,0.277480375,0.001083908,0.000802840,0.001493911,1
actual,82,182,nb,0,256,393216,0.279889200,0.001093317,0.000807099,0.001510103,1
actual,83,183,nb,0,256,393216,0.278737710,0.001088819,0.000846797,0.001544296,1
actual,84,184,nb,0,256,393216,0.276821040,0.001081332,0.000767109,0.001497558,1
actual,85,185,nb,0,256,393216,0.277065784,0.001082288,0.000776325,0.001513899,1
actual,86,186,nb,0,256,393216,0.277102850,0.001082433,0.000827231,0.001532545,1
actual,87,187,nb,0,256,393216,0.277413625,0.001083647,0.000796964,0.001515492,1
actual,88,188,nb,0,256,393216,0.278202470,0.001086728,0.000825907,0.001493952,1
actual,89,189,nb,0,256,393216,0.274587837,0.001072609,0.000805540,0.001492995,1
actual,90,190,nb,0,256,393216,0.277883496,0.001085482,0.000770094,0.001510239,1
actual,91,191,nb,0,256,393216,0.279328287,0.001091126,0.000843931,0.001509360,1
actual,92,192,nb,0,256,393216,0.279712292,0.001092626,0.000807833,0.001547852,1
actual,93,193,nb,0,256,393216,0.286415576,0.001118811,0.000782243,0.001536768,1
actual,94,194,nb,0,256,393216,0.276768320,0.001081126,0.000796098,0.001513264,1
actual,95,195,nb,0,256,393216,0.274605973,0.001072680,0.000796944,0.001481072,1
actual,96,196,nb,0,256,393216,0.276734218,0.001080993,0.000758592,0.001541551,1
actual,97,197,nb,0,256,393216,0.281027622,0.001097764,0.000782621,0.001528035,1
actual,98,198,nb,0,256,393216,0.280368072,0.001095188,0.000818931,0.001504952,1
actual,99,199,nb,0,256,393216,0.280575771,0.001095999,0.000772699,0.001520998,1
warmup,0,0,nb,0,256,524288,2.862369260,0.011181130,0.009813999,0.012275207,1
warmup,1,1,nb,0,256,524288,2.388395825,0.009329671,0.008382866,0.010268195,1
warmup,2,2,nb,0,256,524288,2.376335181,0.009282559,0.008326219,0.010181040,1
warmup,3,3,nb,0,256,524288,2.371692857,0.009264425,0.008412642,0.010165772,1
warmup,4,4,nb,0,256,524288,2.374416411,0.009275064,0.008352719,0.010218260,1
warmup,5,5,nb,0,256,524288,2.372937802,0.009269288,0.008324105,0.010186962,1
warmup,6,6,nb,0,256,524288,2.371965659,0.009265491,0.008345275,0.010231725,1
warmup,7,7,nb,0,256,524288,2.378121335,0.009289536,0.008318605,0.010266050,1
warmup,8,8,nb,0,256,524288,2.363919853,0.009234062,0.008330978,0.010221285,1
warmup,9,9,nb,0,256,524288,2.371053893,0.009261929,0.008280504,0.010273724,1
warmup,10,10,nb,0,256,524288,2.370542868,0.009259933,0.008357137,0.010209384,1
warmup,11,11,nb,0,256,524288,2.378286508,0.009290182,0.008419645,0.010341562,1
warmup,12,12,nb,0,256,524288,2.383269436,0.009309646,0.008376685,0.010608364,1
warmup,13,13,nb,0,256,524288,2.381134314,0.009301306,0.008374631,0.010560826,1
warmup,14,14,nb,0,256,524288,2.368635242,0.009252481,0.008359964,0.010161263,1
warmup,15,15,nb,0,256,524288,2.378494842,0.009290995,0.008388627,0.010265730,1
warmup,16,16,nb,0,256,524288,2.371348655,0.009263081,0.008377766,0.010412947,1
warmup,17,17,nb,0,256,524288,2.367530440,0.009248166,0.008362909,0.010192422,1
warmup,18,18,nb,0,256,524288,2.365222434,0.009239150,0.008304869,0.010196750,1
warmup,19,19,nb,0,256,524288,2.373585958,0.009271820,0.008351918,0.010223791,1
warmup,20,20,nb,0,256,524288,2.367255804,0.009247093,0.008327281,0.010170130,1
warmup,21,21,nb,0,256,524288,2.361007302,0.009222685,0.008366155,0.010233950,1
warmup,22,22,nb,0,256,524288,2.384189150,0.009313239,0.008373509,0.010630035,1
warmup,23,23,nb,0,256,524288,2.395174226,0.009356149,0.008355705,0.010917404,1
warmup,24,24,nb,0,256,524288,2.384277464,0.009313584,0.008308907,0.010651656,1
warmup,25,25,nb,0,256,524288,2.385793780,0.009319507,0.008398927,0.010347132,1
warmup,26,26,nb,0,256,524288,2.370294065,0.009258961,0.008351497,0.010247716,1
warmup,27,27,nb,0,256,524288,2.374792159,0.009276532,0.008358821,0.010384223,1
warmup,28,28,nb,0,256,524288,2.364410248,0.009235978,0.008347850,0.010159140,1
warmup,29,29,nb,0,256,524288,2.370328733,0.009259097,0.008369982,0.010249769,1
warmup,30,30,nb,0,256,524288,2.373318901,0.009270777,0.008317482,0.010405794,1
warmup,31,31,nb,0,256,524288,2.368732194,0.009252860,0.008345877,0.010192584,1
warmup,32,32,nb,0,256,524288,2.369171366,0.009254576,0.008311492,0.010185830,1
warmup,33,33,nb,0,256,524288,2.363954836,0.009234199,0.008326530,0.010176521,1
warmup,34,34,nb,0,256,524288,2.361919430,0.009226248,0.008391422,0.010152628,1
warmup,35,35,nb,0,256,524288,2.424910893,0.009472308,0.008387264,0.010969733,1
warmup,36,36,nb,0,256,524288,2.412127884,0.009422375,0.008323415,0.010614616,1
warmup,37,37,nb,0,256,524288,2.398265789,0.009368226,0.008351226,0.010761892,1
warmup,38,38,nb,0,256,524288,2.420354063,0.009454508,0.008349023,0.011200247,1
warmup,39,39,nb,0,256,524288,2.448991544,0.009566373,0.008564279,0.011404231,1
warmup,40,40,nb,0,256,524288,2.433784746,0.009506972,0.008493356,0.011361420,1
warmup,41,41,nb,0,256,524288,2.473504076,0.009662125,0.008577073,0.011496655,1
warmup,42,42,nb,0,256,524288,2.449789729,0.009569491,0.008528592,0.011158789,1
warmup,43,43,nb,0,256,524288,2.413019703,0.009425858,0.008490769,0.010992086,1
warmup,44,44,nb,0,256,524288,2.389505528,0.009334006,0.008512597,0.010389894,1
warmup,45,45,nb,0,256,524288,2.391165118,0.009340489,0.008385090,0.010566476,1
warmup,46,46,nb,0,256,524288,2.466876400,0.009636236,0.008532649,0.011365027,1
warmup,47,47,nb,0,256,524288,2.423082412,0.009465166,0.008338683,0.010721507,1
warmup,48,48,nb,0,256,524288,2.443213983,0.009543805,0.008496181,0.011155443,1
warmup,49,49,nb,0,256,524288,2.446987440,0.009558545,0.008589687,0.011183827,1
warmup,50,50,nb,0,256,524288,2.374032240,0.009273563,0.008329455,0.010493179,1
warmup,51,51,nb,0,256,524288,2.373403002,0.009271105,0.008329385,0.010265009,1
warmup,52,52,nb,0,256,524288,2.366573175,0.009244426,0.008321411,0.010217920,1
warmup,53,53,nb,0,256,524288,2.362723922,0.009229390,0.008310259,0.010153478,1
warmup,54,54,nb,0,256,524288,2.367084492,0.009246424,0.008347409,0.010155023,1
warmup,55,55,nb,0,256,524288,2.365243989,0.009239234,0.008382034,0.010144402,1
warmup,56,56,nb,0,256,524288,2.362962839,0.009230324,0.008361116,0.010154682,1
warmup,57,57,nb,0,256,524288,2.361291584,0.009223795,0.008394448,0.010176101,1
warmup,58,58,nb,0,256,524288,2.367342033,0.009247430,0.008379570,0.010152337,1
warmup,59,59,nb,0,256,524288,2.373803960,0.009272672,0.008347650,0.010310575,1
warmup,60,60,nb,0,256,524288,2.362133782,0.009227085,0.008300722,0.010138962,1
warmup,61,61,nb,0,256,524288,2.371943280,0.009265403,0.008342641,0.010196289,1
warmup,62,62,nb,0,256,524288,2.366132812,0.009242706,0.008326320,0.010171945,1
warmup,63,63,nb,0,256,524288,2.364968374,0.009238158,0.008344634,0.010228409,1
warmup,64,64,nb,0,256,524288,2.361226683,0.009223542,0.008308245,0.010235534,1
warmup,65,65,nb,0,256,524288,2.380996216,0.009300766,0.008330068,0.010221616,1
warmup,66,66,nb,0,256,524288,2.369201285,0.009254693,0.008323834,0.010249479,1
warmup,67,67,nb,0,256,524288,2.360456883,0.009220535,0.008355324,0.010129904,1
warmup,68,68,nb,0,256,524288,2.357757594,0.009209991,0.008301723,0.010179477,1
warmup,69,69,nb,0,256,524288,2.370354191,0.009259196,0.008311702,0.010300235,1
warmup,70,70,nb,0,256,524288,2.360668340,0.009221361,0.008347330,0.010204806,1
warmup,71,71,nb,0,256,524288,2.360765554,0.009221740,0.008304118,0.010181771,1
warmup,72,72,nb,0,256,524288,2.364903449,0.009237904,0.008304910,0.010252375,1
warmup,73,73,nb,0,256,524288,2.378954855,0.009292792,0.008314708,0.010504670,1
warmup,74,74,nb,0,256,524288,2.399876332,0.009374517,0.008455535,0.011126269,1
warmup,75,75,nb,0,256,524288,2.356410328,0.009204728,0.008329255,0.010162996,1
warmup,76,76,nb,0,256,524288,2.363125847,0.009230960,0.008330717,0.010237367,1
warmup,77,77,nb,0,256,524288,2.368842577,0.009253291,0.008321161,0.010199115,1
warmup,78,78,nb,0,256,524288,2.366072065,0.009242469,0.008325308,0.010166223,1
warmup,79,79,nb,0,256,524288,2.361911478,0.009226217,0.008331710,0.010103014,1
warmup,80,80,nb,0,256,524288,2.363470148,0.009232305,0.008291405,0.010213312,1
warmup,81,81,nb,0,256,524288,2.364283701,0.009235483,0.008265195,0.010195006,1
warmup,82,82,nb,0,256,524288,2.369365198,0.009255333,0.008304308,0.010194607,1
warmup,83,83,nb,0,256,524288,2.361677864,0.009225304,0.008315570,0.010194887,1
warmup,84,84,nb,0,256,524288,2.362135345,0.009227091,0.008345606,0.010171242,1
warmup,85,85,nb,0,256,524288,2.368196303,0.009250767,0.008348811,0.010272702,1
warmup,86,86,nb,0,256,524288,2.362707312,0.009229325,0.008291254,0.010184236,1
warmup,87,87,nb,0,256,524288,2.357896781,0.009210534,0.008382515,0.010176372,1
warmup,88,88,nb,0,256,524288,2.365207698,0.009239093,0.008368238,0.010164028,1
warmup,89,89,nb,0,256,524288,2.359430246,0.009216524,0.008293117,0.010177895,1
warmup,90,90,nb,0,256,524288,2.362347476,0.009227920,0.008241570,0.010143730,1
warmup,91,91,nb,0,256,524288,2.356827213,0.009206356,0.008354443,0.010139602,1
warmup,92,92,nb,0,256,524288,2.355250392,0.009200197,0.008273741,0.010168619,1
warmup,93,93,nb,0,256,524288,2.365978709,0.009242104,0.008241539,0.010151255,1
warmup,94,94,nb,0,256,524288,2.370118848,0.009258277,0.008308175,0.010140966,1
warmup,95,95,nb,0,256,524288,2.372992001,0.009269500,0.008359964,0.010132320,1
warmup,96,96,nb,0,256,524288,2.364482426,0.009236259,0.008286464,0.010166866,1
warmup,97,97,nb,0,256,524288,2.376369607,0.009282694,0.008307394,0.010224684,1
warmup,98,98,nb,0,256,524288,2.366062805,0.009242433,0.008339415,0.010110028,1
warmup,99,99,nb,0,256,524288,2.370714291,0.009260603,0.008348040,0.010161926,1
actual,0,100,nb,0,256,524288,2.363692468,0.009233174,0.008325798,0.010155053,1
actual,1,101,nb,0,256,524288,2.375254046,0.009278336,0.008350526,0.010202301,1
actual,2,102,nb,0,256,524288,2.368389888,0.009251523,0.008332310,0.010120517,1
actual,3,103,nb,0,256,524288,2.365500268,0.009240235,0.008303256,0.010209746,1
actual,4,104,nb,0,256,524288,2.371910625,0.009265276,0.008335087,0.010096843,1
actual,5,105,nb,0,256,524288,2.371035225,0.009261856,0.008286775,0.010164161,1
actual,6,106,nb,0,256,524288,2.362676331,0.009229204,0.008272548,0.010098125,1
actual,7,107,nb,0,256,524288,2.367582421,0.009248369,0.008310841,0.010135868,1
actual,8,108,nb,0,256,524288,2.371184193,0.009262438,0.008294710,0.010211730,1
actual,9,109,nb,0,256,524288,2.370761168,0.009260786,0.008270935,0.010235374,1
actual,10,110,nb,0,256,524288,2.370140915,0.009258363,0.008242592,0.010156416,1
actual,11,111,nb,0,256,524288,2.371864756,0.009265097,0.008406651,0.010198535,1
actual,12,112,nb,0,256,524288,2.367984970,0.009249941,0.008269833,0.010278285,1
actual,13,113,nb,0,256,524288,2.379636964,0.009295457,0.008341840,0.010190911,1
actual,14,114,nb,0,256,524288,2.366892437,0.009245674,0.008295311,0.010119687,1
actual,15,115,nb,0,256,524288,2.371229106,0.009262614,0.008279761,0.010087606,1
actual,16,116,nb,0,256,524288,2.369018549,0.009253979,0.008266637,0.010215275,1
actual,17,117,nb,0,256,524288,2.370450034,0.009259570,0.008331810,0.010202793,1
actual,18,118,nb,0,256,524288,2.359737762,0.009217726,0.008336669,0.010083559,1
actual,19,119,nb,0,256,524288,2.372580691,0.009267893,0.008302956,0.010171504,1
actual,20,120,nb,0,256,524288,2.375465315,0.009279161,0.008288589,0.010221027,1
actual,21,121,nb,0,256,524288,2.377415121,0.009286778,0.008354913,0.010230345,1
actual,22,122,nb,0,256,524288,2.360532057,0.009220828,0.008296924,0.010147289,1
actual,23,123,nb,0,256,524288,2.371225798,0.009262601,0.008306663,0.010239281,1
actual,24,124,nb,0,256,524288,2.371781645,0.009264772,0.008302595,0.010178898,1
actual,25,125,nb,0,256,524288,2.378438144,0.009290774,0.008357128,0.010224664,1
actual,26,126,nb,0,256,524288,2.358890666,0.009214417,0.008309828,0.010111512,1
actual,27,127,nb,0,256,524288,2.370280337,0.009258908,0.008303697,0.010195920,1
actual,28,128,nb,0,256,524288,2.374967382,0.009277216,0.008371916,0.010316787,1
actual,29,129,nb,0,256,524288,2.373329207,0.009270817,0.008336729,0.010208334,1
actual,30,130,nb,0,256,524288,2.365961611,0.009242038,0.008369771,0.010117644,1
actual,31,131,nb,0,256,524288,2.374166559,0.009274088,0.008340636,0.010232129,1
actual,32,132,nb,0,256,524288,2.364190155,0.009235118,0.008308206,0.010121248,1
actual,33,133,nb,0,256,524288,2.371034926,0.009261855,0.008361035,0.010065445,1
actual,34,134,nb,0,256,524288,2.372258624,0.009266635,0.008337411,0.010247247,1
actual,35,135,nb,0,256,524288,2.376505732,0.009283226,0.008428402,0.010199186,1
actual,36,136,nb,0,256,524288,2.368906244,0.009253540,0.008364451,0.010143642,1
actual,37,137,nb,0,256,524288,2.364487865,0.009236281,0.008296293,0.010122863,1
actual,38,138,nb,0,256,524288,2.363711307,0.009233247,0.008339614,0.010092436,1
actual,39,139,nb,0,256,524288,2.370722570,0.009260635,0.008363550,0.010183887,1
actual,40,140,nb,0,256,524288,2.370101158,0.009258208,0.008324446,0.010144754,1
actual,41,141,nb,0,256,524288,2.365919792,0.009241874,0.008359884,0.010173348,1
actual,42,142,nb,0,256,524288,2.365261280,0.009239302,0.008321591,0.010126880,1
actual,43,143,nb,0,256,524288,2.372117637,0.009266085,0.008393066,0.010166194,1
actual,44,144,nb,0,256,524288,2.366533105,0.009244270,0.008364582,0.010152087,1
actual,45,145,nb,0,256,524288,2.362661526,0.009229147,0.008373859,0.010072167,1
actual,46,146,nb,0,256,524288,2.365878998,0.009241715,0.008326059,0.010118365,1
actual,47,147,nb,0,256,524288,2.374159148,0.009274059,0.008331489,0.010248449,1
actual,48,148,nb,0,256,524288,2.369288319,0.009255032,0.008376715,0.010136589,1
actual,49,149,nb,0,256,524288,2.368934617,0.009253651,0.008352088,0.010188697,1
actual,50,150,nb,0,256,524288,2.370462843,0.009259620,0.008295693,0.010164111,1
actual,51,151,nb,0,256,524288,2.370889758,0.009261288,0.008324426,0.010151486,1
actual,52,152,nb,0,256,524288,2.357019382,0.009207107,0.008318705,0.010092145,1
actual,53,153,nb,0,256,524288,2.366089218,0.009242536,0.008323616,0.010195620,1
actual,54,154,nb,0,256,524288,2.357937550,0.009210694,0.008369511,0.010067057,1
actual,55,155,nb,0,256,524288,2.369063378,0.009254154,0.008309809,0.010147659,1
actual,56,156,nb,0,256,524288,2.372851126,0.009268950,0.008259674,0.010175291,1
actual,57,157,nb,0,256,524288,2.380152981,0.009297473,0.008394007,0.010410624,1
actual,58,158,nb,0,256,524288,2.370062954,0.009258058,0.008292406,0.010177486,1
actual,59,159,nb,0,256,524288,2.376401540,0.009282819,0.008367577,0.010153621,1
actual,60,160,nb,0,256,524288,2.363815098,0.009233653,0.008330568,0.010193035,1
actual,61,161,nb,0,256,524288,2.374591106,0.009275747,0.008344955,0.010198195,1
actual,62,162,nb,0,256,524288,2.370604008,0.009260172,0.008305521,0.010191642,1
actual,63,163,nb,0,256,524288,2.374853671,0.009276772,0.008305831,0.010184138,1
actual,64,164,nb,0,256,524288,2.369925907,0.009257523,0.008339404,0.010220928,1
actual,65,165,nb,0,256,524288,2.370154047,0.009258414,0.008304569,0.010203113,1
actual,66,166,nb,0,256,524288,2.372719162,0.009268434,0.008360304,0.010221077,1
actual,67,167,nb,0,256,524288,2.373237204,0.009270458,0.008286794,0.010295246,1
actual,68,168,nb,0,256,524288,2.360768428,0.009221752,0.008280694,0.010164241,1
actual,69,169,nb,0,256,524288,2.367683354,0.009248763,0.008369551,0.010100140,1
actual,70,170,nb,0,256,524288,2.371343376,0.009263060,0.008335136,0.010124235,1
actual,71,171,nb,0,256,524288,2.364443698,0.009236108,0.008303306,0.010148380,1
actual,72,172,nb,0,256,524288,2.366151928,0.009242781,0.008268120,0.010141989,1
actual,73,173,nb,0,256,524288,2.365605781,0.009240648,0.008339494,0.010124566,1
actual,74,174,nb,0,256,524288,2.367871050,0.009249496,0.008360234,0.010185160,1
actual,75,175,nb,0,256,524288,2.375860704,0.009280706,0.008284871,0.010230676,1
actual,76,176,nb,0,256,524288,2.365049438,0.009238474,0.008242781,0.010158139,1
actual,77,177,nb,0,256,524288,2.368090897,0.009250355,0.008354153,0.010130266,1
actual,78,178,nb,0,256,524288,2.369923450,0.009257513,0.008309037,0.010213403,1
actual,79,179,nb,0,256,524288,2.365772717,0.009241300,0.008261196,0.010203835,1
actual,80,180,nb,0,256,524288,2.367951021,0.009249809,0.008304469,0.010187294,1
actual,81,181,nb,0,256,524288,2.367507101,0.009248075,0.008360774,0.010114527,1
actual,82,182,nb,0,256,524288,2.366813560,0.009245365,0.008290522,0.010034988,1
actual,83,183,nb,0,256,524288,2.377555972,0.009287328,0.008282808,0.010266453,1
actual,84,184,nb,0,256,524288,2.363538660,0.009232573,0.008244525,0.010187003,1
actual,85,185,nb,0,256,524288,2.368282244,0.009251103,0.008316761,0.010204005,1
actual,86,186,nb,0,256,524288,2.367778526,0.009249135,0.008281105,0.010145716,1
actual,87,187,nb,0,256,524288,2.375779598,0.009280389,0.008354673,0.010212701,1
actual,88,188,nb,0,256,524288,2.364072968,0.009234660,0.008231271,0.010102543,1
actual,89,189,nb,0,256,524288,2.367077748,0.009246397,0.008355024,0.010099058,1
actual,90,190,nb,0,256,524288,2.372216112,0.009266469,0.008267869,0.010217931,1
actual,91,191,nb,0,256,524288,2.368377341,0.009251474,0.008303406,0.010182063,1
actual,92,192,nb,0,256,524288,2.364843733,0.009237671,0.008289360,0.010078488,1
actual,93,193,nb,0,256,524288,2.374929401,0.009277068,0.008305931,0.010259921,1
actual,94,194,nb,0,256,524288,2.365067868,0.009238546,0.008254905,0.010168689,1
actual,95,195,nb,0,256,524288,2.367061612,0.009246334,0.008330477,0.010223092,1
actual,96,196,nb,0,256,524288,2.364250329,0.009235353,0.008291564,0.010190090,1
actual,97,197,nb,0,256,524288,2.368731433,0.009252857,0.008284000,0.010196892,1
actual,98,198,nb,0,256,524288,2.378010309,0.009289103,0.008323575,0.010216238,1
actual,99,199,nb,0,256,524288,2.373172136,0.009270204,0.008349633,0.010141248,1
warmup,0,0,nb,0,256,786432,2.433747764,0.009506827,0.008557214,0.010472650,1
warmup,1,1,nb,0,256,786432,2.426790232,0.009479649,0.008607990,0.010431422,1
warmup,2,2,nb,0,256,786432,2.422621232,0.009463364,0.008555762,0.010365799,1
warmup,3,3,nb,0,256,786432,2.424247213,0.009469716,0.008539351,0.010467360,1
warmup,4,4,nb,0,256,786432,2.403914563,0.009390291,0.008446808,0.010344550,1
warmup,5,5,nb,0,256,786432,2.422226448,0.009461822,0.008564459,0.010364166,1
warmup,6,6,nb,0,256,786432,2.421052359,0.009457236,0.008537267,0.010435641,1
warmup,7,7,nb,0,256,786432,2.423966235,0.009468618,0.008440586,0.010406235,1
warmup,8,8,nb,0,256,786432,2.413426880,0.009427449,0.008494166,0.010347164,1
warmup,9,9,nb,0,256,786432,2.423995558,0.009468733,0.008538309,0.010386728,1
warmup,10,10,nb,0,256,786432,2.415803646,0.009436733,0.008559329,0.010406305,1
warmup,11,11,nb,0,256,786432,2.423624440,0.009467283,0.008520576,0.010437184,1
warmup,12,12,nb,0,256,786432,2.416102504,0.009437900,0.008562735,0.010302580,1
warmup,13,13,nb,0,256,786432,2.414120016,0.009430156,0.008538300,0.010269798,1
warmup,14,14,nb,0,256,786432,2.414601572,0.009432037,0.008511548,0.010334601,1
warmup,15,15,nb,0,256,786432,2.418442692,0.009447042,0.008517280,0.010366661,1
warmup,16,16,nb,0,256,786432,2.410665169,0.009416661,0.008507993,0.010347725,1
warmup,17,17,nb,0,256,786432,2.420811911,0.009456297,0.008530154,0.010355510,1
warmup,18,18,nb,0,256,786432,2.412248091,0.009422844,0.008528792,0.010398531,1
warmup,19,19,nb,0,256,786432,2.425860373,0.009476017,0.008542427,0.010484392,1
warmup,20,20,nb,0,256,786432,2.417396768,0.009442956,0.008571952,0.010383052,1
warmup,21,21,nb,0,256,786432,2.414741848,0.009432585,0.008603452,0.010355490,1
warmup,22,22,nb,0,256,786432,2.421997077,0.009460926,0.008542718,0.010423608,1
warmup,23,23,nb,0,256,786432,2.426321615,0.009477819,0.008532588,0.010377311,1
warmup,24,24,nb,0,256,786432,2.418706310,0.009448072,0.008493625,0.010407337,1
warmup,25,25,nb,0,256,786432,2.421941994,0.009460711,0.008547627,0.010350631,1
warmup,26,26,nb,0,256,786432,2.410904770,0.009417597,0.008573966,0.010323781,1
warmup,27,27,nb,0,256,786432,2.422403671,0.009462514,0.008569007,0.010461609,1
warmup,28,28,nb,0,256,786432,2.418475596,0.009447170,0.008571202,0.010385877,1
warmup,29,29,nb,0,256,786432,2.417520247,0.009443438,0.008587011,0.010335683,1
warmup,30,30,nb,0,256,786432,2.419304419,0.009450408,0.008515277,0.010435941,1
warmup,31,31,nb,0,256,786432,2.420471005,0.009454965,0.008568256,0.010393471,1
warmup,32,32,nb,0,256,786432,2.419690925,0.009451918,0.008584837,0.010356613,1
warmup,33,33,nb,0,256,786432,2.418190065,0.009446055,0.008542297,0.010464365,1
warmup,34,34,nb,0,256,786432,2.417889278,0.009444880,0.008511399,0.010450839,1
warmup,35,35,nb,0,256,786432,2.422109159,0.009461364,0.008564629,0.010384384,1
warmup,36,36,nb,0,256,786432,2.409477908,0.009412023,0.008544982,0.010368655,1
warmup,37,37,nb,0,256,786432,2.416698065,0.009440227,0.008529884,0.010401867,1
warmup,38,38,nb,0,256,786432,2.417962151,0.009445165,0.008572445,0.010431292,1
warmup,39,39,nb,0,256,786432,2.421116449,0.009457486,0.008582824,0.010368855,1
warmup,40,40,nb,0,256,786432,2.410773833,0.009417085,0.008585378,0.010333098,1
warmup,41,41,nb,0,256,786432,2.419358434,0.009450619,0.008599496,0.010464365,1
warmup,42,42,nb,0,256,786432,2.412616338,0.009424283,0.008538550,0.010243279,1
warmup,43,43,nb,0,256,786432,2.416758096,0.009440461,0.008507221,0.010415744,1
warmup,44,44,nb,0,256,786432,2.409400875,0.009411722,0.008529683,0.010356622,1
warmup,45,45,nb,0,256,786432,2.422186547,0.009461666,0.008560411,0.010467110,1
warmup,46,46,nb,0,256,786432,2.408479443,0.009408123,0.008599265,0.010330513,1
warmup,47,47,nb,0,256,786432,2.414096079,0.009430063,0.008555381,0.010359448,1
warmup,48,48,nb,0,256,786432,2.413885165,0.009429239,0.008531898,0.010375618,1
warmup,49,49,nb,0,256,786432,2.412721425,0.009424693,0.008530815,0.010353526,1
warmup,50,50,nb,0,256,786432,2.415693621,0.009436303,0.008543559,0.010385085,1
warmup,51,51,nb,0,256,786432,2.417697139,0.009444129,0.008587472,0.010390746,1
warmup,52,52,nb,0,256,786432,2.410924301,0.009417673,0.008490339,0.010332818,1
warmup,53,53,nb,0,256,786432,2.418515725,0.009447327,0.008547998,0.010358535,1
warmup,54,54,nb,0,256,786432,2.409719894,0.009412968,0.008544992,0.010367483,1
warmup,55,55,nb,0,256,786432,2.417329587,0.009442694,0.008535956,0.010405554,1
warmup,56,56,nb,0,256,786432,2.415046430,0.009433775,0.008577173,0.010325203,1
warmup,57,57,nb,0,256,786432,2.416596514,0.009439830,0.008527098,0.010353717,1
warmup,58,58,nb,0,256,786432,2.420507919,0.009455109,0.008559951,0.010425101,1
warmup,59,59,nb,0,256,786432,2.418619500,0.009447732,0.008562825,0.010491285,1
warmup,60,60,nb,0,256,786432,2.409665592,0.009412756,0.008510266,0.010331445,1
warmup,61,61,nb,0,256,786432,2.422974651,0.009464745,0.008719862,0.010390727,1
warmup,62,62,nb,0,256,786432,2.408333382,0.009407552,0.008564568,0.010343197,1
warmup,63,63,nb,0,256,786432,2.421959017,0.009460777,0.008579217,0.010449928,1
warmup,64,64,nb,0,256,786432,2.415589610,0.009435897,0.008475771,0.010394934,1
warmup,65,65,nb,0,256,786432,2.417771640,0.009444420,0.008582122,0.010505583,1
warmup,66,66,nb,0,256,786432,2.413528928,0.009427847,0.008599424,0.010301739,1
warmup,67,67,nb,0,256,786432,2.422472281,0.009462782,0.008505338,0.010470265,1
warmup,68,68,nb,0,256,786432,2.409743228,0.009413059,0.008529372,0.010313591,1
warmup,69,69,nb,0,256,786432,2.417222333,0.009442275,0.008542287,0.010372072,1
warmup,70,70,nb,0,256,786432,2.415336479,0.009434908,0.008557917,0.010393592,1
warmup,71,71,nb,0,256,786432,2.415428456,0.009435267,0.008582282,0.010383312,1
warmup,72,72,nb,0,256,786432,2.413797274,0.009428896,0.008508022,0.010358797,1
warmup,73,73,nb,0,256,786432,2.422094497,0.009461307,0.008557757,0.010426724,1
warmup,74,74,nb,0,256,786432,2.410061940,0.009414304,0.008545412,0.010338659,1
warmup,75,75,nb,0,256,786432,2.416397979,0.009439055,0.008532819,0.010426905,1
warmup,76,76,nb,0,256,786432,2.411290285,0.009419103,0.008521498,0.010275951,1
warmup,77,77,nb,0,256,786432,2.421660085,0.009459610,0.008488496,0.010438075,1
warmup,78,78,nb,0,256,786432,2.413422717,0.009427432,0.008537558,0.010404842,1
warmup,79,79,nb,0,256,786432,2.420981157,0.009456958,0.008584777,0.010483240,1
warmup,80,80,nb,0,256,786432,2.413081378,0.009426099,0.008569859,0.010371450,1
warmup,81,81,nb,0,256,786432,2.419052100,0.009449422,0.008548950,0.010403731,1
warmup,82,82,nb,0,256,786432,2.423592018,0.009467156,0.008582914,0.010451601,1
warmup,83,83,nb,0,256,786432,2.420091912,0.009453484,0.008558187,0.010494501,1
warmup,84,84,nb,0,256,786432,2.413817608,0.009428975,0.008539151,0.010394573,1
warmup,85,85,nb,0,256,786432,2.417785517,0.009444475,0.008566773,0.010283665,1
warmup,86,86,nb,0,256,786432,2.417746406,0.009444322,0.008581811,0.010393512,1
warmup,87,87,nb,0,256,786432,2.423063903,0.009465093,0.008560803,0.010417667,1
warmup,88,88,nb,0,256,786432,2.426344232,0.009477907,0.008468457,0.010483271,1
warmup,89,89,nb,0,256,786432,2.417341853,0.009442742,0.008544440,0.010361992,1
warmup,90,90,nb,0,256,786432,2.408533013,0.009408332,0.008455974,0.010449136,1
warmup,91,91,nb,0,256,786432,2.413902907,0.009429308,0.008461825,0.010411806,1
warmup,92,92,nb,0,256,786432,2.411648128,0.009420500,0.008536477,0.010430541,1
warmup,93,93,nb,0,256,786432,2.423280766,0.009465940,0.008543499,0.010504410,1
warmup,94,94,nb,0,256,786432,2.415451435,0.009435357,0.008517650,0.010375418,1
warmup,95,95,nb,0,256,786432,2.417487940,0.009443312,0.008520666,0.010370478,1
warmup,96,96,nb,0,256,786432,2.412993691,0.009425757,0.008518271,0.010467050,1
warmup,97,97,nb,0,256,786432,2.427791690,0.009483561,0.008654940,0.010490193,1
warmup,98,98,nb,0,256,786432,2.417069231,0.009441677,0.008578546,0.010368134,1
warmup,99,99,nb,0,256,786432,2.413963967,0.009429547,0.008519685,0.010352023,1
actual,0,100,nb,0,256,786432,2.411575806,0.009420218,0.008512009,0.010371309,1
actual,1,101,nb,0,256,786432,2.412081670,0.009422194,0.008531176,0.010304214,1
actual,2,102,nb,0,256,786432,2.411039781,0.009418124,0.008525265,0.010401797,1
actual,3,103,nb,0,256,786432,2.417410589,0.009443010,0.008507952,0.010370298,1
actual,4,104,nb,0,256,786432,2.414471246,0.009431528,0.008554039,0.010344900,1
actual,5,105,nb,0,256,786432,2.413283785,0.009426890,0.008525646,0.010433627,1
actual,6,106,nb,0,256,786432,2.417046402,0.009441588,0.008548659,0.010376158,1
actual,7,107,nb,0,256,786432,2.416362005,0.009438914,0.008517530,0.010359347,1
actual,8,108,nb,0,256,786432,2.413858924,0.009429136,0.008545793,0.010287251,1
actual,9,109,nb,0,256,786432,2.415069296,0.009433864,0.008517601,0.010385427,1
actual,10,110,nb,0,256,786432,2.416886727,0.009440964,0.008508503,0.010383954,1
actual,11,111,nb,0,256,786432,2.413750772,0.009428714,0.008505408,0.010349428,1
actual,12,112,nb,0,256,786432,2.414184186,0.009430407,0.008534322,0.010451500,1
actual,13,113,nb,0,256,786432,2.421156696,0.009457643,0.008473477,0.010403150,1
actual,14,114,nb,0,256,786432,2.408450401,0.009408009,0.008479639,0.010402398,1
actual,15,115,nb,0,256,786432,2.418725197,0.009448145,0.008449612,0.010407969,1
actual,16,116,nb,0,256,786432,2.411519981,0.009420000,0.008480922,0.010347665,1
actual,17,117,nb,0,256,786432,2.418946221,0.009449009,0.008539411,0.010490414,1
actual,18,118,nb,0,256,786432,2.414994227,0.009433571,0.008563927,0.010393211,1
actual,19,119,nb,0,256,786432,2.420909213,0.009456677,0.008532669,0.010457131,1
actual,20,120,nb,0,256,786432,2.410266973,0.009415105,0.008524734,0.010385496,1
actual,21,121,nb,0,256,786432,2.415219663,0.009434452,0.008514946,0.010461459,1
actual,22,122,nb,0,256,786432,2.410889108,0.009417536,0.008497592,0.010338978,1
actual,23,123,nb,0,256,786432,2.414309306,0.009430896,0.008427931,0.010294104,1
actual,24,124,nb,0,256,786432,2.409036472,0.009410299,0.008508704,0.010377481,1
actual,25,125,nb,0,256,786432,2.416594060,0.009439821,0.008552626,0.010446862,1
actual,26,126,nb,0,256,786432,2.415444747,0.009435331,0.008569529,0.010378964,1
actual,27,127,nb,0,256,786432,2.417347597,0.009442764,0.008505427,0.010381559,1
actual,28,128,nb,0,256,786432,2.412813816,0.009425054,0.008491802,0.010520931,1
actual,29,129,nb,0,256,786432,2.413947947,0.009429484,0.008510778,0.010421814,1
actual,30,130,nb,0,256,786432,2.412661866,0.009424460,0.008478977,0.010370688,1
actual,31,131,nb,0,256,786432,2.415249348,0.009434568,0.008457357,0.010343748,1
actual,32,132,nb,0,256,786432,2.409284713,0.009411268,0.008473317,0.010353907,1
actual,33,133,nb,0,256,786432,2.410873734,0.009417476,0.008477164,0.010306457,1
actual,34,134,nb,0,256,786432,2.410662545,0.009416651,0.008536787,0.010301228,1
actual,35,135,nb,0,256,786432,2.413600047,0.009428125,0.008487945,0.010414561,1
actual,36,136,nb,0,256,786432,2.407092672,0.009402706,0.008458369,0.010379214,1
actual,37,137,nb,0,256,786432,2.413672849,0.009428410,0.008488235,0.010409972,1
actual,38,138,nb,0,256,786432,2.415821026,0.009436801,0.008582703,0.010345781,1
actual,39,139,nb,0,256,786432,2.422049810,0.009461132,0.008550993,0.010399633,1
actual,40,140,nb,0,256,786432,2.410783674,0.009417124,0.008611236,0.010368425,1
actual,41,141,nb,0,256,786432,2.417577306,0.009443661,0.008539582,0.010432996,1
actual,42,142,nb,0,256,786432,2.404303631,0.009391811,0.008496280,0.010303743,1
actual,43,143,nb,0,256,786432,2.418476004,0.009447172,0.008570561,0.010416254,1
actual,44,144,nb,0,256,786432,2.418217950,0.009446164,0.008495439,0.010407578,1
actual,45,145,nb,0,256,786432,2.420995495,0.009457014,0.008609965,0.010480636,1
actual,46,146,nb,0,256,786432,2.408432218,0.009407938,0.008501200,0.010372582,1
actual,47,147,nb,0,256,786432,2.417686979,0.009444090,0.008553788,0.010332527,1
actual,48,148,nb,0,256,786432,2.415315555,0.009434826,0.008511429,0.010352976,1
actual,49,149,nb,0,256,786432,2.419373841,0.009450679,0.008498614,0.010420612,1
actual,50,150,nb,0,256,786432,2.412732728,0.009424737,0.008529803,0.010379225,1
actual,51,151,nb,0,256,786432,2.417371472,0.009442857,0.008492213,0.010366501,1
actual,52,152,nb,0,256,786432,2.410099387,0.009414451,0.008537036,0.010244100,1
actual,53,153,nb,0,256,786432,2.416904810,0.009441034,0.008455684,0.010428798,1
actual,54,154,nb,0,256,786432,2.410057273,0.009414286,0.008490299,0.010318891,1
actual,55,155,nb,0,256,786432,2.420815759,0.009456312,0.008525836,0.010501965,1
actual,56,156,nb,0,256,786432,2.417274806,0.009442480,0.008543750,0.010384074,1
actual,57,157,nb,0,256,786432,2.418446438,0.009447056,0.008530394,0.010426814,1
actual,58,158,nb,0,256,786432,2.414682100,0.009432352,0.008525526,0.010390415,1
actual,59,159,nb,0,256,786432,2.408432389,0.009407939,0.008504615,0.010297351,1
actual,60,160,nb,0,256,786432,2.403519723,0.009388749,0.008487855,0.010346774,1
actual,61,161,nb,0,256,786432,2.408115313,0.009406700,0.008488516,0.010383062,1
actual,62,162,nb,0,256,786432,2.415062170,0.009433837,0.008529533,0.010295747,1
actual,63,163,nb,0,256,786432,2.414443180,0.009431419,0.008469490,0.010457092,1
actual,64,164,nb,0,256,786432,2.406948702,0.009402143,0.008496039,0.010340221,1
actual,65,165,nb,0,256,786432,2.417117988,0.009441867,0.008489948,0.010506915,1
actual,66,166,nb,0,256,786432,2.417920178,0.009445001,0.008485249,0.010417376,1
actual,67,167,nb,0,256,786432,2.420751991,0.009456062,0.008535554,0.010466819,1
actual,68,168,nb,0,256,786432,2.413321813,0.009427038,0.008437940,0.010465577,1
actual,69,169,nb,0,256,786432,2.413420598,0.009427424,0.008480491,0.010391678,1
actual,70,170,nb,0,256,786432,2.403329706,0.009388007,0.008468959,0.010333549,1
actual,71,171,nb,0,256,786432,2.417451203,0.009443169,0.008548538,0.010352194,1
actual,72,172,nb,0,256,786432,2.419851312,0.009452544,0.008469259,0.010393271,1
actual,73,173,nb,0,256,786432,2.417402444,0.009442978,0.008472796,0.010378904,1
actual,74,174,nb,0,256,786432,2.409611310,0.009412544,0.008530865,0.010330403,1
actual,75,175,nb,0,256,786432,2.421846011,0.009460336,0.008536596,0.010419500,1
actual,76,176,nb,0,256,786432,2.411022742,0.009418058,0.008453189,0.010442473,1
actual,77,177,nb,0,256,786432,2.417474851,0.009443261,0.008627859,0.010452262,1
actual,78,178,nb,0,256,786432,2.417934920,0.009445058,0.008557946,0.010432254,1
actual,79,179,nb,0,256,786432,2.413087236,0.009426122,0.008537958,0.010355150,1
actual,80,180,nb,0,256,786432,2.416416964,0.009439129,0.008517731,0.010414441,1
actual,81,181,nb,0,256,786432,2.417148796,0.009441987,0.008525154,0.010427596,1
actual,82,182,nb,0,256,786432,2.415074237,0.009433884,0.008535434,0.010322077,1
actual,83,183,nb,0,256,786432,2.414136882,0.009430222,0.008527389,0.010360961,1
actual,84,184,nb,0,256,786432,2.409271073,0.009411215,0.008486993,0.010403901,1
actual,85,185,nb,0,256,786432,2.410219286,0.009414919,0.008504476,0.010423899,1
actual,86,186,nb,0,256,786432,2.414253833,0.009430679,0.008529142,0.010417917,1
actual,87,187,nb,0,256,786432,2.416384789,0.009439003,0.008527750,0.010433016,1
actual,88,188,nb,0,256,786432,2.411333624,0.009419272,0.008492913,0.010271863,1
actual,89,189,nb,0,256,786432,2.409478048,0.009412024,0.008549240,0.010295957,1
actual,90,190,nb,0,256,786432,2.418928220,0.009448938,0.008545714,0.010358706,1
actual,91,191,nb,0,256,786432,2.413679403,0.009428435,0.008537147,0.010400515,1
actual,92,192,nb,0,256,786432,2.413228169,0.009426673,0.008516990,0.010430591,1
actual,93,193,nb,0,256,786432,2.416256120,0.009438500,0.008570701,0.010462942,1
actual,94,194,nb,0,256,786432,2.416393573,0.009439037,0.008553719,0.010372943,1
actual,95,195,nb,0,256,786432,2.416884026,0.009440953,0.008499916,0.010402318,1
actual,96,196,nb,0,256,786432,2.412974506,0.009425682,0.008459000,0.010289566,1
actual,97,197,nb,0,256,786432,2.412363282,0.009423294,0.008526347,0.010420332,1
actual,98,198,nb,0,256,786432,2.410131912,0.009414578,0.008516358,0.010384976,1
actual,99,199,nb,0,256,786432,2.416379275,0.009438982,0.008551815,0.010419801,1
warmup,0,0,nb,0,256,1048576,2.534788202,0.009901516,0.008991284,0.010748008,1
warmup,1,1,nb,0,256,1048576,2.508580604,0.009799143,0.008952831,0.010751525,1
warmup,2,2,nb,0,256,1048576,2.504126464,0.009781744,0.008930158,0.010656275,1
warmup,3,3,nb,0,256,1048576,2.496156301,0.009750611,0.008942661,0.010615889,1
warmup,4,4,nb,0,256,1048576,2.501953348,0.009773255,0.008904961,0.010653039,1
warmup,5,5,nb,0,256,1048576,2.498069772,0.009758085,0.008947772,0.010668959,1
warmup,6,6,nb,0,256,1048576,2.497801357,0.009757037,0.008911693,0.010618765,1
warmup,7,7,nb,0,256,1048576,2.499469410,0.009763552,0.008889332,0.010705538,1
warmup,8,8,nb,0,256,1048576,2.499267934,0.009762765,0.008894311,0.010654371,1
warmup,9,9,nb,0,256,1048576,2.496742410,0.009752900,0.008912765,0.010650625,1
warmup,10,10,nb,0,256,1048576,2.498773241,0.009760833,0.008886016,0.010663769,1
warmup,11,11,nb,0,256,1048576,2.504583095,0.009783528,0.008915981,0.010743710,1
warmup,12,12,nb,0,256,1048576,2.493989623,0.009742147,0.008863292,0.010624966,1
warmup,13,13,nb,0,256,1048576,2.496523238,0.009752044,0.008899741,0.010635045,1
warmup,14,14,nb,0,256,1048576,2.500953708,0.009769350,0.008927032,0.010638402,1
warmup,15,15,nb,0,256,1048576,2.495761232,0.009749067,0.008896585,0.010608496,1
warmup,16,16,nb,0,256,1048576,2.496380485,0.009751486,0.008916042,0.010662247,1
warmup,17,17,nb,0,256,1048576,2.494807429,0.009745342,0.008938093,0.010684478,1
warmup,18,18,nb,0,256,1048576,2.501900494,0.009773049,0.008903288,0.010686883,1
warmup,19,19,nb,0,256,1048576,2.503002635,0.009777354,0.008902877,0.010719343,1
warmup,20,20,nb,0,256,1048576,2.494155956,0.009742797,0.008842482,0.010677345,1
warmup,21,21,nb,0,256,1048576,2.498848265,0.009761126,0.008944616,0.010671113,1
warmup,22,22,nb,0,256,1048576,2.495725718,0.009748929,0.008872369,0.010637710,1
warmup,23,23,nb,0,256,1048576,2.502926023,0.009777055,0.008872369,0.010727679,1
warmup,24,24,nb,0,256,1048576,2.491671806,0.009733093,0.008824569,0.010632210,1
warmup,25,25,nb,0,256,1048576,2.498658767,0.009760386,0.008909008,0.010674640,1
warmup,26,26,nb,0,256,1048576,2.507413190,0.009794583,0.008879944,0.010762645,1
warmup,27,27,nb,0,256,1048576,2.498367475,0.009759248,0.008869053,0.010693495,1
warmup,28,28,nb,0,256,1048576,2.492407654,0.009735967,0.008901223,0.010632571,1
warmup,29,29,nb,0,256,1048576,2.493409244,0.009739880,0.008899090,0.010641077,1
warmup,30,30,nb,0,256,1048576,2.489719732,0.009725468,0.008866478,0.010660493,1
warmup,31,31,nb,0,256,1048576,2.493218493,0.009739135,0.008845128,0.010714795,1
warmup,32,32,nb,0,256,1048576,2.488117645,0.009719210,0.008862120,0.010601282,1
warmup,33,33,nb,0,256,1048576,2.495880141,0.009749532,0.008922434,0.010669981,1
warmup,34,34,nb,0,256,1048576,2.495293020,0.009747238,0.008885554,0.010655043,1
warmup,35,35,nb,0,256,1048576,2.500813919,0.009768804,0.008844948,0.010697112,1
warmup,36,36,nb,0,256,1048576,2.490897314,0.009730068,0.008884422,0.010656296,1
warmup,37,37,nb,0,256,1048576,2.496328769,0.009751284,0.008900452,0.010616250,1
warmup,38,38,nb,0,256,1048576,2.499143274,0.009762278,0.008886807,0.010651687,1
warmup,39,39,nb,0,256,1048576,2.498374538,0.009759276,0.008871357,0.010780939,1
warmup,40,40,nb,0,256,1048576,2.491259368,0.009731482,0.008897777,0.010557339,1
warmup,41,41,nb,0,256,1048576,2.490141011,0.009727113,0.008930509,0.010627140,1
warmup,42,42,nb,0,256,1048576,2.493425687,0.009739944,0.008869934,0.010592546,1
warmup,43,43,nb,0,256,1048576,2.491963942,0.009734234,0.008920401,0.010650525,1
warmup,44,44,nb,0,256,1048576,2.488645199,0.009721270,0.008914008,0.010623895,1
warmup,45,45,nb,0,256,1048576,2.489513358,0.009724662,0.008862481,0.010635576,1
warmup,46,46,nb,0,256,1048576,2.494104517,0.009742596,0.008886116,0.010695028,1
warmup,47,47,nb,0,256,1048576,2.499035249,0.009761856,0.008859324,0.010742548,1
warmup,48,48,nb,0,256,1048576,2.495522106,0.009748133,0.008841992,0.010696831,1
warmup,49,49,nb,0,256,1048576,2.492334787,0.009735683,0.008924939,0.010660653,1
warmup,50,50,nb,0,256,1048576,2.497435242,0.009755606,0.008905201,0.010655865,1
warmup,51,51,nb,0,256,1048576,2.493950650,0.009741995,0.008935539,0.010597345,1
warmup,52,52,nb,0,256,1048576,2.496910877,0.009753558,0.008908959,0.010633042,1
warmup,53,53,nb,0,256,1048576,2.499010204,0.009761759,0.008941239,0.010685129,1
warmup,54,54,nb,0,256,1048576,2.501427963,0.009771203,0.008972569,0.010645325,1
warmup,55,55,nb,0,256,1048576,2.504856372,0.009784595,0.008930298,0.010750582,1
warmup,56,56,nb,0,256,1048576,2.495520253,0.009748126,0.008887899,0.010651457,1
warmup,57,57,nb,0,256,1048576,2.493159554,0.009738905,0.008902196,0.010637260,1
warmup,58,58,nb,0,256,1048576,2.495708018,0.009748859,0.008901113,0.010659742,1
warmup,59,59,nb,0,256,1048576,2.548609291,0.009955505,0.009086603,0.010898570,1
warmup,60,60,nb,0,256,1048576,2.492849538,0.009737694,0.008917033,0.010665603,1
warmup,61,61,nb,0,256,1048576,2.494696438,0.009744908,0.008945658,0.010671865,1
warmup,62,62,nb,0,256,1048576,2.496778620,0.009753041,0.008893430,0.010698074,1
warmup,63,63,nb,0,256,1048576,2.496558830,0.009752183,0.008956258,0.010636398,1
warmup,64,64,nb,0,256,1048576,2.497669669,0.009756522,0.008915751,0.010731457,1
warmup,65,65,nb,0,256,1048576,2.493739379,0.009741169,0.008925671,0.010628363,1
warmup,66,66,nb,0,256,1048576,2.493756011,0.009741234,0.008907936,0.010655584,1
warmup,67,67,nb,0,256,1048576,2.492273241,0.009735442,0.008934076,0.010650003,1
warmup,68,68,nb,0,256,1048576,2.496829670,0.009753241,0.008924297,0.010724273,1
warmup,69,69,nb,0,256,1048576,2.490020658,0.009726643,0.008929737,0.010640385,1
warmup,70,70,nb,0,256,1048576,2.493052491,0.009738486,0.008968801,0.010669570,1
warmup,71,71,nb,0,256,1048576,2.499014337,0.009761775,0.008938774,0.010729262,1
warmup,72,72,nb,0,256,1048576,2.490947840,0.009730265,0.008864725,0.010650795,1
warmup,73,73,nb,0,256,1048576,2.490459791,0.009728359,0.008878431,0.010650624,1
warmup,74,74,nb,0,256,1048576,2.488065818,0.009719007,0.008836672,0.010639454,1
warmup,75,75,nb,0,256,1048576,2.494632690,0.009744659,0.008868482,0.010659311,1
warmup,76,76,nb,0,256,1048576,2.495497290,0.009748036,0.008850509,0.010641598,1
warmup,77,77,nb,0,256,1048576,2.499011752,0.009761765,0.008941148,0.010715216,1
warmup,78,78,nb,0,256,1048576,2.493500142,0.009740235,0.008898769,0.010650555,1
warmup,79,79,nb,0,256,1048576,2.501340699,0.009770862,0.008945708,0.010847153,1
warmup,80,80,nb,0,256,1048576,2.496915556,0.009753576,0.008886806,0.010640876,1
warmup,81,81,nb,0,256,1048576,2.493932028,0.009741922,0.008900844,0.010593437,1
warmup,82,82,nb,0,256,1048576,2.495697357,0.009748818,0.008960405,0.010702542,1
warmup,83,83,nb,0,256,1048576,2.495910594,0.009749651,0.008886466,0.010669270,1
warmup,84,84,nb,0,256,1048576,2.496823638,0.009753217,0.008939406,0.010652268,1
warmup,85,85,nb,0,256,1048576,2.499077701,0.009762022,0.008938594,0.010701210,1
warmup,86,86,nb,0,256,1048576,2.495421060,0.009747739,0.008902035,0.010623624,1
warmup,87,87,nb,0,256,1048576,2.495729829,0.009748945,0.008893529,0.010732388,1
warmup,88,88,nb,0,256,1048576,2.498689982,0.009760508,0.008930599,0.010625557,1
warmup,89,89,nb,0,256,1048576,2.494895495,0.009745686,0.008960616,0.010630577,1
warmup,90,90,nb,0,256,1048576,2.491707926,0.009733234,0.008955436,0.010667586,1
warmup,91,91,nb,0,256,1048576,2.494125980,0.009742680,0.008914559,0.010644363,1
warmup,92,92,nb,0,256,1048576,2.492945319,0.009738068,0.008966788,0.010636388,1
warmup,93,93,nb,0,256,1048576,2.503211987,0.009778172,0.008993598,0.010676874,1
warmup,94,94,nb,0,256,1048576,2.491264368,0.009731501,0.008935358,0.010687774,1
warmup,95,95,nb,0,256,1048576,2.496075427,0.009750295,0.008946860,0.010696030,1
warmup,96,96,nb,0,256,1048576,2.496770919,0.009753011,0.008901855,0.010689197,1
warmup,97,97,nb,0,256,1048576,2.496719879,0.009752812,0.008915661,0.010687804,1
warmup,98,98,nb,0,256,1048576,2.495891688,0.009749577,0.008911333,0.010704626,1
warmup,99,99,nb,0,256,1048576,2.498787779,0.009760890,0.008961978,0.010711730,1
actual,0,100,nb,0,256,1048576,2.497081803,0.009754226,0.008891366,0.010734622,1
actual,1,101,nb,0,256,1048576,2.499895786,0.009765218,0.008938945,0.010703524,1
actual,2,102,nb,0,256,1048576,2.493355791,0.009739671,0.008917614,0.010608225,1
actual,3,103,nb,0,256,1048576,2.500101716,0.009766022,0.008926922,0.010694507,1
actual,4,104,nb,0,256,1048576,2.488233180,0.009719661,0.008895413,0.010618274,1
actual,5,105,nb,0,256,1048576,2.497039391,0.009754060,0.008930789,0.010698324,1
actual,6,106,nb,0,256,1048576,2.495122802,0.009746573,0.008943133,0.010659000,1
actual,7,107,nb,0,256,1048576,2.497808371,0.009757064,0.008892617,0.010668579,1
actual,8,108,nb,0,256,1048576,2.491613544,0.009732865,0.008949996,0.010584500,1
actual,9,109,nb,0,256,1048576,2.498699114,0.009760543,0.008938985,0.010655424,1
actual,10,110,nb,0,256,1048576,2.493900364,0.009741798,0.008916833,0.010617642,1
actual,11,111,nb,0,256,1048576,2.495411766,0.009747702,0.008923646,0.010623674,1
actual,12,112,nb,0,256,1048576,2.496857125,0.009753348,0.008915922,0.010610109,1
actual,13,113,nb,0,256,1048576,2.503202357,0.009778134,0.008969522,0.010643952,1
actual,14,114,nb,0,256,1048576,2.495200972,0.009746879,0.008954915,0.010660544,1
actual,15,115,nb,0,256,1048576,2.510142842,0.009805245,0.008960485,0.010736937,1
actual,16,116,nb,0,256,1048576,2.494745359,0.009745099,0.008915210,0.010598096,1
actual,17,117,nb,0,256,1048576,2.497719178,0.009756716,0.008982708,0.010638662,1
actual,18,118,nb,0,256,1048576,2.505442294,0.009786884,0.008961387,0.010662316,1
actual,19,119,nb,0,256,1048576,2.499367582,0.009763155,0.008920129,0.010664110,1
actual,20,120,nb,0,256,1048576,2.497447797,0.009755655,0.008943253,0.010600901,1
actual,21,121,nb,0,256,1048576,2.503887836,0.009780812,0.008973039,0.010718613,1
actual,22,122,nb,0,256,1048576,2.500716661,0.009768424,0.008950366,0.010720106,1
actual,23,123,nb,0,256,1048576,2.504003076,0.009781262,0.008947240,0.010706079,1
actual,24,124,nb,0,256,1048576,2.500580632,0.009767893,0.008951499,0.010678377,1
actual,25,125,nb,0,256,1048576,2.505636659,0.009787643,0.009050556,0.010698154,1
actual,26,126,nb,0,256,1048576,2.497106671,0.009754323,0.008874704,0.010641438,1
actual,27,127,nb,0,256,1048576,2.499456492,0.009763502,0.008876927,0.010675782,1
actual,28,128,nb,0,256,1048576,2.497459543,0.009755701,0.008901995,0.010638392,1
actual,29,129,nb,0,256,1048576,2.499353799,0.009763101,0.008914719,0.010653911,1
actual,30,130,nb,0,256,1048576,2.493283141,0.009739387,0.008922715,0.010669730,1
actual,31,131,nb,0,256,1048576,2.502388329,0.009774954,0.008919258,0.010703755,1
actual,32,132,nb,0,256,1048576,2.494859404,0.009745545,0.008866709,0.010645545,1
actual,33,133,nb,0,256,1048576,2.498838874,0.009761089,0.008874734,0.010673338,1
actual,34,134,nb,0,256,1048576,2.501917855,0.009773117,0.008883249,0.010704015,1
actual,35,135,nb,0,256,1048576,2.502787796,0.009776515,0.008871226,0.010788233,1
actual,36,136,nb,0,256,1048576,2.496122548,0.009750479,0.008850037,0.010667517,1
actual,37,137,nb,0,256,1048576,2.496904270,0.009753532,0.008889271,0.010649422,1
actual,38,138,nb,0,256,1048576,2.495378942,0.009747574,0.008852582,0.010653239,1
actual,39,139,nb,0,256,1048576,2.505838545,0.009788432,0.008865146,0.010794996,1
actual,40,140,nb,0,256,1048576,2.488334741,0.009720058,0.008861789,0.010582096,1
actual,41,141,nb,0,256,1048576,2.505478172,0.009787024,0.008950457,0.010758828,1
actual,42,142,nb,0,256,1048576,2.496394855,0.009751542,0.008931341,0.010732108,1
actual,43,143,nb,0,256,1048576,2.498906199,0.009761352,0.008883721,0.010667566,1
actual,44,144,nb,0,256,1048576,2.489512799,0.009724659,0.008835861,0.010577347,1
actual,45,145,nb,0,256,1048576,2.503962937,0.009781105,0.008872860,0.010720626,1
actual,46,146,nb,0,256,1048576,2.494279009,0.009743277,0.008917715,0.010618424,1
actual,47,147,nb,0,256,1048576,2.497936821,0.009757566,0.008865146,0.010684238,1
actual,48,148,nb,0,256,1048576,2.494052255,0.009742392,0.008852562,0.010612022,1
actual,49,149,nb,0,256,1048576,2.499933239,0.009765364,0.008886055,0.010664391,1
actual,50,150,nb,0,256,1048576,2.497432235,0.009755595,0.008854987,0.010653631,1
actual,51,151,nb,0,256,1048576,2.498155564,0.009758420,0.008880975,0.010635917,1
actual,52,152,nb,0,256,1048576,2.494586174,0.009744477,0.008872971,0.010683135,1
actual,53,153,nb,0,256,1048576,2.499578788,0.009763980,0.008876377,0.010658760,1
actual,54,154,nb,0,256,1048576,2.500172714,0.009766300,0.008908678,0.010657969,1
actual,55,155,nb,0,256,1048576,2.500829268,0.009768864,0.008892317,0.010672425,1
actual,56,156,nb,0,256,1048576,2.492042098,0.009734539,0.008846430,0.010665904,1
actual,57,157,nb,0,256,1048576,2.500586410,0.009767916,0.008864955,0.010693254,1
actual,58,158,nb,0,256,1048576,2.494025059,0.009742285,0.008934286,0.010612122,1
actual,59,159,nb,0,256,1048576,2.500662784,0.009768214,0.008908077,0.010706560,1
actual,60,160,nb,0,256,1048576,2.493522309,0.009740322,0.008854195,0.010671303,1
actual,61,161,nb,0,256,1048576,2.505302533,0.009786338,0.008907727,0.010796508,1
actual,62,162,nb,0,256,1048576,2.498051874,0.009758015,0.008899290,0.010635066,1
actual,63,163,nb,0,256,1048576,2.502670544,0.009776057,0.008919498,0.010706500,1
actual,64,164,nb,0,256,1048576,2.500684353,0.009768298,0.008885474,0.010700188,1
actual,65,165,nb,0,256,1048576,2.493491870,0.009740203,0.008901704,0.010664301,1
actual,66,166,nb,0,256,1048576,2.495719215,0.009748903,0.008925840,0.010586424,1
actual,67,167,nb,0,256,1048576,2.496701586,0.009752741,0.008887297,0.010745142,1
actual,68,168,nb,0,256,1048576,2.496444310,0.009751736,0.008890624,0.010691832,1
actual,69,169,nb,0,256,1048576,2.500769644,0.009768631,0.008959754,0.010748138,1
actual,70,170,nb,0,256,1048576,2.497131378,0.009754419,0.008953702,0.010565264,1
actual,71,171,nb,0,256,1048576,2.499220390,0.009762580,0.008923465,0.010643991,1
actual,72,172,nb,0,256,1048576,2.493510396,0.009740275,0.008878711,0.010671514,1
actual,73,173,nb,0,256,1048576,2.498183351,0.009758529,0.008895653,0.010667055,1
actual,74,174,nb,0,256,1048576,2.500387315,0.009767138,0.008913487,0.010685861,1
actual,75,175,nb,0,256,1048576,2.500297382,0.009766787,0.008895883,0.010687434,1
actual,76,176,nb,0,256,1048576,2.497116219,0.009754360,0.008873671,0.010739051,1
actual,77,177,nb,0,256,1048576,2.496855017,0.009753340,0.008929968,0.010664881,1
actual,78,178,nb,0,256,1048576,2.498447979,0.009759562,0.008930579,0.010630767,1
actual,79,179,nb,0,256,1048576,2.502148968,0.009774019,0.008911152,0.010679359,1
actual,80,180,nb,0,256,1048576,2.493059158,0.009738512,0.008870466,0.010691251,1
actual,81,181,nb,0,256,1048576,2.505571841,0.009787390,0.008943643,0.010727068,1
actual,82,182,nb,0,256,1048576,2.514215162,0.009821153,0.008906564,0.010696521,1
actual,83,183,nb,0,256,1048576,2.505242923,0.009786105,0.008922094,0.010688556,1
actual,84,184,nb,0,256,1048576,2.500007863,0.009765656,0.008901714,0.010699968,1
actual,85,185,nb,0,256,1048576,2.497330768,0.009755198,0.008940488,0.010693886,1
actual,86,186,nb,0,256,1048576,2.501514777,0.009771542,0.008884431,0.010620999,1
actual,87,187,nb,0,256,1048576,2.510941880,0.009808367,0.008924287,0.010670632,1
actual,88,188,nb,0,256,1048576,2.499185980,0.009762445,0.008875646,0.010692844,1
actual,89,189,nb,0,256,1048576,2.509302390,0.009801962,0.008962479,0.010765952,1
actual,90,190,nb,0,256,1048576,2.498356314,0.009759204,0.008871268,0.010680340,1
actual,91,191,nb,0,256,1048576,2.514554499,0.009822479,0.008947371,0.010840247,1
actual,92,192,nb,0,256,1048576,2.495268219,0.009747141,0.008904279,0.010677325,1
actual,93,193,nb,0,256,1048576,2.507627028,0.009795418,0.008937512,0.010734733,1
actual,94,194,nb,0,256,1048576,2.515741811,0.009827116,0.008858112,0.010698094,1
actual,95,195,nb,0,256,1048576,2.507410498,0.009794572,0.008955586,0.010714775,1
actual,96,196,nb,0,256,1048576,2.502881504,0.009776881,0.008948213,0.010788584,1
actual,97,197,nb,0,256,1048576,2.507384037,0.009794469,0.008926131,0.010798904,1
actual,98,198,nb,0,256,1048576,2.498989658,0.009761678,0.008874333,0.010671945,1
actual,99,199,nb,0,256,1048576,2.501847087,0.009772840,0.008954975,0.010617703,1
warmup,0,0,nb,0,256,1572864,2.511126693,0.009809089,0.008994359,0.010810866,1
warmup,1,1,nb,0,256,1572864,2.525615217,0.009865684,0.009000361,0.010920531,1
warmup,2,2,nb,0,256,1572864,2.510694211,0.009807399,0.008891396,0.010870347,1
warmup,3,3,nb,0,256,1572864,2.521015119,0.009847715,0.008954484,0.010775880,1
warmup,4,4,nb,0,256,1572864,2.522295904,0.009852718,0.009007423,0.010847735,1
warmup,5,5,nb,0,256,1572864,2.521768168,0.009850657,0.008941129,0.010958904,1
warmup,6,6,nb,0,256,1572864,2.511154555,0.009809197,0.008927734,0.010768998,1
warmup,7,7,nb,0,256,1572864,2.517550644,0.009834182,0.008921191,0.010947803,1
warmup,8,8,nb,0,256,1572864,2.515614762,0.009826620,0.008884182,0.010966829,1
warmup,9,9,nb,0,256,1572864,2.518674640,0.009838573,0.008991153,0.010938836,1
warmup,10,10,nb,0,256,1572864,2.508257315,0.009797880,0.008860417,0.010776180,1
warmup,11,11,nb,0,256,1572864,2.520148028,0.009844328,0.008987196,0.010831174,1
warmup,12,12,nb,0,256,1572864,2.518534664,0.009838026,0.008941070,0.010910483,1
warmup,13,13,nb,0,256,1572864,2.515800980,0.009827348,0.008899670,0.010899953,1
warmup,14,14,nb,0,256,1572864,2.516946980,0.009831824,0.008924547,0.010897388,1
warmup,15,15,nb,0,256,1572864,2.510406125,0.009806274,0.008944806,0.010834811,1
warmup,16,16,nb,0,256,1572864,2.508078410,0.009797181,0.008909690,0.010953353,1
warmup,17,17,nb,0,256,1572864,2.515186197,0.009824946,0.008959583,0.010859367,1
warmup,18,18,nb,0,256,1572864,2.506827120,0.009792293,0.008905923,0.010847114,1
warmup,19,19,nb,0,256,1572864,2.519683332,0.009842513,0.008930991,0.010826856,1
warmup,20,20,nb,0,256,1572864,2.513570190,0.009818634,0.008952911,0.010857253,1
warmup,21,21,nb,0,256,1572864,2.513178283,0.009817103,0.008929297,0.010829461,1
warmup,22,22,nb,0,256,1572864,2.511925185,0.009812208,0.008917605,0.010860209,1
warmup,23,23,nb,0,256,1572864,2.517306551,0.009833229,0.008895032,0.010867552,1
warmup,24,24,nb,0,256,1572864,2.514823711,0.009823530,0.008949375,0.010909862,1
warmup,25,25,nb,0,256,1572864,2.518962900,0.009839699,0.008934737,0.010901196,1
warmup,26,26,nb,0,256,1572864,2.513717893,0.009819211,0.008974962,0.010840091,1
warmup,27,27,nb,0,256,1572864,2.512730141,0.009815352,0.008947971,0.010795908,1
warmup,28,28,nb,0,256,1572864,2.513503407,0.009818373,0.008895713,0.010860869,1
warmup,29,29,nb,0,256,1572864,2.514462008,0.009822117,0.008913989,0.010881338,1
warmup,30,30,nb,0,256,1572864,2.506548245,0.009791204,0.008828496,0.010754139,1
warmup,31,31,nb,0,256,1572864,2.507930198,0.009796602,0.008882387,0.010851613,1
warmup,32,32,nb,0,256,1572864,2.517604675,0.009834393,0.008910632,0.010910744,1
warmup,33,33,nb,0,256,1572864,2.514049943,0.009820508,0.008900192,0.010857033,1
warmup,34,34,nb,0,256,1572864,2.527227446,0.009871982,0.009072091,0.010857494,1
warmup,35,35,nb,0,256,1572864,2.530997809,0.009886710,0.008890404,0.010888207,1
warmup,36,36,nb,0,256,1572864,2.520194092,0.009844508,0.008904280,0.010892149,1
warmup,37,37,nb,0,256,1572864,2.520085140,0.009844083,0.008906934,0.010833408,1
warmup,38,38,nb,0,256,1572864,2.510730986,0.009807543,0.008852081,0.010815093,1
warmup,39,39,nb,0,256,1572864,2.519925583,0.009843459,0.008920520,0.010761313,1
warmup,40,40,nb,0,256,1572864,2.513852086,0.009819735,0.008877368,0.010884644,1
warmup,41,41,nb,0,256,1572864,2.513871174,0.009819809,0.008877208,0.010841584,1
warmup,42,42,nb,0,256,1572864,2.507612762,0.009795362,0.008927553,0.010737669,1
warmup,43,43,nb,0,256,1572864,2.512423646,0.009814155,0.008948834,0.010777563,1
warmup,44,44,nb,0,256,1572864,2.513751323,0.009819341,0.008915500,0.010848997,1
warmup,45,45,nb,0,256,1572864,2.523344462,0.009856814,0.008951950,0.010946831,1
warmup,46,46,nb,0,256,1572864,2.515318625,0.009825463,0.008912115,0.010830353,1
warmup,47,47,nb,0,256,1572864,2.516706208,0.009830884,0.008931360,0.010853786,1
warmup,48,48,nb,0,256,1572864,2.525166596,0.009863932,0.008927834,0.010963032,1
warmup,49,49,nb,0,256,1572864,2.514193248,0.009821067,0.008894973,0.010857643,1
warmup,50,50,nb,0,256,1572864,2.513786032,0.009819477,0.008903398,0.010850741,1
warmup,51,51,nb,0,256,1572864,2.521864706,0.009851034,0.008958331,0.010832687,1
warmup,52,52,nb,0,256,1572864,2.517882455,0.009835478,0.008889933,0.010905003,1
warmup,53,53,nb,0,256,1572864,2.516232288,0.009829032,0.008922564,0.010868885,1
warmup,54,54,nb,0,256,1572864,2.510087607,0.009805030,0.008859966,0.010746395,1
warmup,55,55,nb,0,256,1572864,2.523724519,0.009858299,0.008952180,0.010913899,1
warmup,56,56,nb,0,256,1572864,2.516780898,0.009831175,0.008965325,0.010840441,1
warmup,57,57,nb,0,256,1572864,2.509364127,0.009802204,0.008893289,0.010826576,1
warmup,58,58,nb,0,256,1572864,2.527134800,0.009871620,0.008887458,0.010951310,1
warmup,59,59,nb,0,256,1572864,2.518484898,0.009837832,0.008941480,0.010955187,1
warmup,60,60,nb,0,256,1572864,2.510061258,0.009804927,0.008889852,0.010758127,1
warmup,61,61,nb,0,256,1572864,2.518653261,0.009838489,0.008946969,0.010884384,1
warmup,62,62,nb,0,256,1572864,2.511347439,0.009809951,0.008873542,0.010804744,1
warmup,63,63,nb,0,256,1572864,2.516881239,0.009831567,0.008927063,0.010859938,1
warmup,64,64,nb,0,256,1572864,2.509928693,0.009804409,0.008920860,0.010882270,1
warmup,65,65,nb,0,256,1572864,2.517165383,0.009832677,0.008906834,0.010832907,1
warmup,66,66,nb,0,256,1572864,2.518505322,0.009837911,0.008921192,0.010923067,1
warmup,67,67,nb,0,256,1572864,2.521606459,0.009850025,0.008974592,0.010955618,1
warmup,68,68,nb,0,256,1572864,2.509616574,0.009803190,0.008909009,0.010900655,1
warmup,69,69,nb,0,256,1572864,2.519975683,0.009843655,0.008914118,0.010790598,1
warmup,70,70,nb,0,256,1572864,2.510751321,0.009807622,0.008862761,0.010855710,1
warmup,71,71,nb,0,256,1572864,2.511701576,0.009811334,0.008937913,0.010909011,1
warmup,72,72,nb,0,256,1572864,2.511711988,0.009811375,0.008954214,0.010840422,1
warmup,73,73,nb,0,256,1572864,2.523683255,0.009858138,0.008888019,0.011028295,1
warmup,74,74,nb,0,256,1572864,2.505747001,0.009788074,0.008950927,0.010834089,1
warmup,75,75,nb,0,256,1572864,2.519069757,0.009840116,0.008980393,0.010899823,1
warmup,76,76,nb,0,256,1572864,2.514436167,0.009822016,0.008929548,0.010896417,1
warmup,77,77,nb,0,256,1572864,2.515767639,0.009827217,0.008892306,0.010845771,1
warmup,78,78,nb,0,256,1572864,2.512157502,0.009813115,0.008897948,0.010858134,1
warmup,79,79,nb,0,256,1572864,2.512811482,0.009815670,0.008922535,0.010953314,1
warmup,80,80,nb,0,256,1572864,2.504549964,0.009783398,0.008919047,0.010816587,1
warmup,81,81,nb,0,256,1572864,2.517879598,0.009835467,0.008889331,0.010972560,1
warmup,82,82,nb,0,256,1572864,2.513687608,0.009819092,0.008913236,0.010896236,1
warmup,83,83,nb,0,256,1572864,2.517635830,0.009834515,0.008890904,0.010903329,1
warmup,84,84,nb,0,256,1572864,2.507489599,0.009794881,0.008882549,0.010692583,1
warmup,85,85,nb,0,256,1572864,2.514916657,0.009823893,0.008911734,0.010859507,1
warmup,86,86,nb,0,256,1572864,2.509886394,0.009804244,0.008923336,0.010861390,1
warmup,87,87,nb,0,256,1572864,2.515642392,0.009826728,0.008894080,0.010902067,1
warmup,88,88,nb,0,256,1572864,2.506053856,0.009789273,0.008926521,0.010801999,1
warmup,89,89,nb,0,256,1572864,2.516757588,0.009831084,0.008943453,0.010829151,1
warmup,90,90,nb,0,256,1572864,2.522266935,0.009852605,0.008889612,0.010892109,1
warmup,91,91,nb,0,256,1572864,2.518512710,0.009837940,0.008945637,0.010936562,1
warmup,92,92,nb,0,256,1572864,2.520956478,0.009847486,0.008921483,0.010743069,1
warmup,93,93,nb,0,256,1572864,2.524350649,0.009860745,0.008921963,0.010921914,1
warmup,94,94,nb,0,256,1572864,2.526092338,0.009867548,0.008908718,0.010858536,1
warmup,95,95,nb,0,256,1572864,2.520381738,0.009845241,0.008912414,0.010903460,1
warmup,96,96,nb,0,256,1572864,2.527068209,0.009871360,0.008928184,0.010875317,1
warmup,97,97,nb,0,256,1572864,2.540094402,0.009922244,0.008965004,0.010884374,1
warmup,98,98,nb,0,256,1572864,2.541664499,0.009928377,0.008928415,0.010927716,1
warmup,99,99,nb,0,256,1572864,2.541108797,0.009926206,0.008943594,0.010932384,1
actual,0,100,nb,0,256,1572864,2.512363720,0.009813921,0.008822415,0.010775189,1
actual,1,101,nb,0,256,1572864,2.523478719,0.009857339,0.008878470,0.010869967,1
actual,2,102,nb,0,256,1572864,2.509853569,0.009804116,0.008913938,0.010930239,1
actual,3,103,nb,0,256,1572864,2.516021153,0.009828208,0.008941059,0.010944768,1
actual,4,104,nb,0,256,1572864,2.513240972,0.009817348,0.008926031,0.010896526,1
actual,5,105,nb,0,256,1572864,2.513479188,0.009818278,0.008885223,0.010920532,1
actual,6,106,nb,0,256,1572864,2.512356323,0.009813892,0.008893670,0.010886147,1
actual,7,107,nb,0,256,1572864,2.522057944,0.009851789,0.009009167,0.010861571,1
actual,8,108,nb,0,256,1572864,2.515101203,0.009824614,0.008883370,0.010839350,1
actual,9,109,nb,0,256,1572864,2.525085659,0.009863616,0.008922084,0.010823549,1
actual,10,110,nb,0,256,1572864,2.520469669,0.009845585,0.008883310,0.010940069,1
actual,11,111,nb,0,256,1572864,2.514894574,0.009823807,0.008864314,0.010920582,1
actual,12,112,nb,0,256,1572864,2.530835041,0.009886074,0.008885454,0.010825233,1
actual,13,113,nb,0,256,1572864,2.531316696,0.009887956,0.008926953,0.011038744,1
actual,14,114,nb,0,256,1572864,2.514390777,0.009821839,0.008918717,0.010806107,1
actual,15,115,nb,0,256,1572864,2.516855348,0.009831466,0.008939696,0.010967871,1
actual,16,116,nb,0,256,1572864,2.511448479,0.009810346,0.008941800,0.010808341,1
actual,17,117,nb,0,256,1572864,2.520190217,0.009844493,0.008922033,0.010821195,1
actual,18,118,nb,0,256,1572864,2.514814858,0.009823496,0.008883129,0.010883472,1
actual,19,119,nb,0,256,1572864,2.518019781,0.009836015,0.008879483,0.010867142,1
actual,20,120,nb,0,256,1572864,2.514379546,0.009821795,0.008905421,0.010794345,1
actual,21,121,nb,0,256,1572864,2.526082352,0.009867509,0.008910912,0.010811076,1
actual,22,122,nb,0,256,1572864,2.549628060,0.009959485,0.008941630,0.011408215,1
actual,23,123,nb,0,256,1572864,2.541255659,0.009926780,0.008921412,0.011006500,1
actual,24,124,nb,0,256,1572864,2.510042091,0.009804852,0.008885604,0.010882411,1
actual,25,125,nb,0,256,1572864,2.517528556,0.009834096,0.008930719,0.010794255,1
actual,26,126,nb,0,256,1572864,2.522934015,0.009855211,0.008944876,0.010943926,1
actual,27,127,nb,0,256,1572864,2.532119204,0.009891091,0.008950788,0.010926964,1
actual,28,128,nb,0,256,1572864,2.503226864,0.009778230,0.008960595,0.010777523,1
actual,29,129,nb,0,256,1572864,2.516092536,0.009828486,0.008926732,0.010813040,1
actual,30,130,nb,0,256,1572864,2.516364737,0.009829550,0.008902657,0.010899402,1
actual,31,131,nb,0,256,1572864,2.514446452,0.009822056,0.008982847,0.010830082,1
actual,32,132,nb,0,256,1572864,2.519207424,0.009840654,0.008954034,0.010776401,1
actual,33,133,nb,0,256,1572864,2.525551241,0.009865435,0.008890514,0.010901436,1
actual,34,134,nb,0,256,1572864,2.510867536,0.009808076,0.008866799,0.010853146,1
actual,35,135,nb,0,256,1572864,2.514391608,0.009821842,0.008917484,0.010865979,1
actual,36,136,nb,0,256,1572864,2.511077867,0.009808898,0.008917575,0.010833989,1
actual,37,137,nb,0,256,1572864,2.523901903,0.009858992,0.008946689,0.010864016,1
actual,38,138,nb,0,256,1572864,2.518010669,0.009835979,0.008857321,0.010890094,1
actual,39,139,nb,0,256,1572864,2.521177371,0.009848349,0.008912445,0.010905233,1
actual,40,140,nb,0,256,1572864,2.511006449,0.009808619,0.008864224,0.010832266,1
actual,41,141,nb,0,256,1572864,2.511593730,0.009810913,0.008948973,0.010805245,1
actual,42,142,nb,0,256,1572864,2.510765900,0.009807679,0.008964152,0.010926664,1
actual,43,143,nb,0,256,1572864,2.530793135,0.009885911,0.008952861,0.010891357,1
actual,44,144,nb,0,256,1572864,2.513339517,0.009817732,0.008993608,0.010799144,1
actual,45,145,nb,0,256,1572864,2.518075455,0.009836232,0.008961497,0.010899843,1
actual,46,146,nb,0,256,1572864,2.518318356,0.009837181,0.008975283,0.010806147,1
actual,47,147,nb,0,256,1572864,2.525902385,0.009866806,0.008985572,0.010808451,1
actual,48,148,nb,0,256,1572864,2.511898812,0.009812105,0.008888559,0.010850781,1
actual,49,149,nb,0,256,1572864,2.513858317,0.009819759,0.008945538,0.010796559,1
actual,50,150,nb,0,256,1572864,2.517890831,0.009835511,0.008915391,0.010870037,1
actual,51,151,nb,0,256,1572864,2.504445815,0.009782991,0.008843224,0.010875918,1
actual,52,152,nb,0,256,1572864,2.503282911,0.009778449,0.008890974,0.010859447,1
actual,53,153,nb,0,256,1572864,2.514256354,0.009821314,0.008916783,0.010912547,1
actual,54,154,nb,0,256,1572864,2.504996955,0.009785144,0.008879102,0.010774047,1
actual,55,155,nb,0,256,1572864,2.513234877,0.009817324,0.008931371,0.010830422,1
actual,56,156,nb,0,256,1572864,2.514969421,0.009824099,0.008831613,0.010858616,1
actual,57,157,nb,0,256,1572864,2.515679730,0.009826874,0.008909970,0.010855008,1
actual,58,158,nb,0,256,1572864,2.504047353,0.009781435,0.008933842,0.010839289,1
actual,59,159,nb,0,256,1572864,2.508192503,0.009797627,0.008843555,0.010840872,1
actual,60,160,nb,0,256,1572864,2.510326778,0.009805964,0.008836281,0.010937674,1
actual,61,161,nb,0,256,1572864,2.519721656,0.009842663,0.008917975,0.010949026,1
actual,62,162,nb,0,256,1572864,2.520198054,0.009844524,0.008901685,0.010890816,1
actual,63,163,nb,0,256,1572864,2.523617757,0.009857882,0.008995792,0.010894493,1
actual,64,164,nb,0,256,1572864,2.511251004,0.009809574,0.008866278,0.010834631,1
actual,65,165,nb,0,256,1572864,2.513561665,0.009818600,0.008881667,0.010972309,1
actual,66,166,nb,0,256,1572864,2.505469924,0.009786992,0.008893871,0.010768997,1
actual,67,167,nb,0,256,1572864,2.519857907,0.009843195,0.008899190,0.010959254,1
actual,68,168,nb,0,256,1572864,2.519582815,0.009842120,0.008957920,0.010869837,1
actual,69,169,nb,0,256,1572864,2.516851716,0.009831452,0.008911703,0.010905283,1
actual,70,170,nb,0,256,1572864,2.507748202,0.009795891,0.008862281,0.010839019,1
actual,71,171,nb,0,256,1572864,2.519055920,0.009840062,0.008969712,0.010869877,1
actual,72,172,nb,0,256,1572864,2.519429469,0.009841521,0.008876918,0.011016853,1
actual,73,173,nb,0,256,1572864,2.523291002,0.009856605,0.008915511,0.010933687,1
actual,74,174,nb,0,256,1572864,2.510607320,0.009807060,0.008909770,0.010855159,1
actual,75,175,nb,0,256,1572864,2.513415761,0.009818030,0.008959053,0.010898370,1
actual,76,176,nb,0,256,1572864,2.514329678,0.009821600,0.008947872,0.010830954,1
actual,77,177,nb,0,256,1572864,2.522918525,0.009855150,0.008952701,0.010958353,1
actual,78,178,nb,0,256,1572864,2.510531802,0.009806765,0.008875085,0.010828349,1
actual,79,179,nb,0,256,1572864,2.516597246,0.009830458,0.008879574,0.010874526,1
actual,80,180,nb,0,256,1572864,2.520661811,0.009846335,0.008891005,0.010935300,1
actual,81,181,nb,0,256,1572864,2.515782182,0.009827274,0.008913396,0.010891738,1
actual,82,182,nb,0,256,1572864,2.515756109,0.009827172,0.008893409,0.010789707,1
actual,83,183,nb,0,256,1572864,2.511770943,0.009811605,0.008879273,0.010897038,1
actual,84,184,nb,0,256,1572864,2.512251037,0.009813481,0.008910632,0.010830863,1
actual,85,185,nb,0,256,1572864,2.518332543,0.009837236,0.008941490,0.010900404,1
actual,86,186,nb,0,256,1572864,2.507462510,0.009794775,0.008845048,0.010811888,1
actual,87,187,nb,0,256,1572864,2.517415935,0.009833656,0.008895753,0.010822608,1
actual,88,188,nb,0,256,1572864,2.503133285,0.009777864,0.008845839,0.010766442,1
actual,89,189,nb,0,256,1572864,2.510309043,0.009805895,0.008883621,0.010913689,1
actual,90,190,nb,0,256,1572864,2.509349439,0.009802146,0.008878642,0.010831053,1
actual,91,191,nb,0,256,1572864,2.513122285,0.009816884,0.008875515,0.010831274,1
actual,92,192,nb,0,256,1572864,2.510138945,0.009805230,0.008881346,0.010879164,1
actual,93,193,nb,0,256,1572864,2.522505828,0.009853538,0.008895704,0.010930971,1
actual,94,194,nb,0,256,1572864,2.515114618,0.009824666,0.008864524,0.010874976,1
actual,95,195,nb,0,256,1572864,2.507062420,0.009793213,0.008889581,0.010801728,1
actual,96,196,nb,0,256,1572864,2.507072308,0.009793251,0.008847473,0.010873844,1
actual,97,197,nb,0,256,1572864,2.516473554,0.009829975,0.008897567,0.010895725,1
actual,98,198,nb,0,256,1572864,2.515582557,0.009826494,0.008909259,0.010888231,1
actual,99,199,nb,0,256,1572864,2.509181949,0.009801492,0.008870155,0.010799694,1
warmup,0,0,nb,0,256,2097152,2.912339525,0.011376326,0.010878192,0.012013146,1
warmup,1,1,nb,0,256,2097152,2.922136690,0.011414596,0.010846281,0.012060714,1
warmup,2,2,nb,0,256,2097152,2.902837770,0.011339210,0.010827085,0.011937453,1
warmup,3,3,nb,0,256,2097152,2.909256264,0.011364282,0.010797219,0.012011172,1
warmup,4,4,nb,0,256,2097152,2.899751294,0.011327153,0.010785687,0.011959304,1
warmup,5,5,nb,0,256,2097152,2.907593193,0.011357786,0.010852143,0.011991264,1
warmup,6,6,nb,0,256,2097152,2.896223111,0.011313372,0.010830442,0.011996433,1
warmup,7,7,nb,0,256,2097152,2.908629879,0.011361835,0.010835962,0.012053341,1
warmup,8,8,nb,0,256,2097152,2.905904204,0.011351188,0.010842574,0.011958172,1
warmup,9,9,nb,0,256,2097152,2.907615500,0.011357873,0.010881327,0.011978089,1
warmup,10,10,nb,0,256,2097152,2.901648294,0.011334564,0.010780427,0.011995862,1
warmup,11,11,nb,0,256,2097152,2.911218785,0.011371948,0.010830200,0.012057508,1
warmup,12,12,nb,0,256,2097152,2.901665605,0.011334631,0.010841122,0.011949736,1
warmup,13,13,nb,0,256,2097152,2.916629606,0.011393084,0.010858294,0.012029936,1
warmup,14,14,nb,0,256,2097152,2.898147295,0.011320888,0.010783302,0.011970044,1
warmup,15,15,nb,0,256,2097152,2.905929492,0.011351287,0.010822867,0.012013226,1
warmup,16,16,nb,0,256,2097152,2.902244141,0.011336891,0.010790135,0.011971386,1
warmup,17,17,nb,0,256,2097152,2.911178075,0.011371789,0.010827165,0.012040056,1
warmup,18,18,nb,0,256,2097152,2.906913223,0.011355130,0.010800946,0.012038562,1
warmup,19,19,nb,0,256,2097152,2.908875310,0.011362794,0.010839976,0.011998819,1
warmup,20,20,nb,0,256,2097152,2.903858841,0.011343199,0.010821525,0.011994310,1
warmup,21,21,nb,0,256,2097152,2.910739033,0.011370074,0.010827064,0.011983419,1
warmup,22,22,nb,0,256,2097152,2.896938111,0.011316164,0.010825442,0.011892198,1
warmup,23,23,nb,0,256,2097152,2.907102089,0.011355868,0.010826735,0.012024236,1
warmup,24,24,nb,0,256,2097152,2.898200406,0.011321095,0.010839098,0.011889834,1
warmup,25,25,nb,0,256,2097152,2.901793270,0.011335130,0.010848090,0.011966538,1
warmup,26,26,nb,0,256,2097152,2.903431920,0.011341531,0.010843405,0.011998828,1
warmup,27,27,nb,0,256,2097152,2.904419411,0.011345388,0.010818860,0.012023365,1
warmup,28,28,nb,0,256,2097152,2.901153375,0.011332630,0.010816566,0.012013586,1
warmup,29,29,nb,0,256,2097152,2.904548830,0.011345894,0.010773951,0.011996544,1
warmup,30,30,nb,0,256,2097152,2.905898483,0.011351166,0.010853114,0.011975013,1
warmup,31,31,nb,0,256,2097152,2.906483169,0.011353450,0.010791153,0.012050927,1
warmup,32,32,nb,0,256,2097152,2.901965342,0.011335802,0.010849366,0.011940639,1
warmup,33,33,nb,0,256,2097152,2.913225488,0.011379787,0.010849457,0.012092815,1
warmup,34,34,nb,0,256,2097152,2.902149743,0.011336522,0.010855854,0.011933455,1
warmup,35,35,nb,0,256,2097152,2.905551234,0.011349810,0.010843666,0.011988779,1
warmup,36,36,nb,0,256,2097152,2.907635978,0.011357953,0.010858299,0.012003166,1
warmup,37,37,nb,0,256,2097152,2.906326032,0.011352836,0.010808697,0.011968030,1
warmup,38,38,nb,0,256,2097152,2.904023250,0.011343841,0.010818034,0.011978991,1
warmup,39,39,nb,0,256,2097152,2.906562808,0.011353761,0.010849597,0.011985934,1
warmup,40,40,nb,0,256,2097152,2.905428758,0.011349331,0.010790683,0.011987256,1
warmup,41,41,nb,0,256,2097152,2.908667708,0.011361983,0.010834149,0.011964403,1
warmup,42,42,nb,0,256,2097152,2.898560674,0.011322503,0.010790906,0.011915812,1
warmup,43,43,nb,0,256,2097152,2.925839800,0.011429062,0.010851336,0.011968371,1
warmup,44,44,nb,0,256,2097152,2.907800481,0.011358596,0.010865648,0.011945127,1
warmup,45,45,nb,0,256,2097152,2.905962926,0.011351418,0.010815914,0.011958091,1
warmup,46,46,nb,0,256,2097152,2.898851459,0.011323639,0.010785638,0.011923326,1
warmup,47,47,nb,0,256,2097152,2.908457363,0.011361162,0.010831143,0.012027111,1
warmup,48,48,nb,0,256,2097152,2.905571456,0.011349888,0.010834128,0.011977538,1
warmup,49,49,nb,0,256,2097152,2.907823764,0.011358687,0.010848265,0.011981445,1
warmup,50,50,nb,0,256,2097152,2.899795682,0.011327327,0.010804602,0.011995241,1
warmup,51,51,nb,0,256,2097152,2.909851562,0.011366608,0.010857513,0.011976145,1
warmup,52,52,nb,0,256,2097152,2.905259406,0.011348670,0.010840732,0.011925629,1
warmup,53,53,nb,0,256,2097152,2.913525808,0.011380960,0.010818650,0.012055034,1
warmup,54,54,nb,0,256,2097152,2.903089886,0.011340195,0.010858059,0.011925000,1
warmup,55,55,nb,0,256,2097152,2.908997330,0.011363271,0.010827385,0.012009979,1
warmup,56,56,nb,0,256,2097152,2.904861920,0.011347117,0.010878211,0.011917456,1
warmup,57,57,nb,0,256,2097152,2.905886709,0.011351120,0.010801877,0.011948783,1
warmup,58,58,nb,0,256,2097152,2.899284131,0.011325329,0.010811536,0.011919168,1
warmup,59,59,nb,0,256,2097152,2.910464920,0.011369004,0.010853144,0.012040426,1
warmup,60,60,nb,0,256,2097152,2.904813704,0.011346929,0.010836068,0.011925260,1
warmup,61,61,nb,0,256,2097152,2.908446057,0.011361117,0.010852072,0.011944165,1
warmup,62,62,nb,0,256,2097152,2.901575982,0.011334281,0.010802178,0.011944556,1
warmup,63,63,nb,0,256,2097152,2.903683806,0.011342515,0.010831434,0.011974572,1
warmup,64,64,nb,0,256,2097152,2.903717214,0.011342645,0.010818950,0.011964744,1
warmup,65,65,nb,0,256,2097152,2.909632959,0.011365754,0.010839008,0.012008977,1
warmup,66,66,nb,0,256,2097152,2.905360214,0.011349063,0.010843506,0.011964423,1
warmup,67,67,nb,0,256,2097152,2.910097716,0.011367569,0.010854327,0.011997825,1
warmup,68,68,nb,0,256,2097152,2.907179182,0.011356169,0.010859352,0.011966197,1
warmup,69,69,nb,0,256,2097152,2.908902361,0.011362900,0.010817077,0.011956187,1
warmup,70,70,nb,0,256,2097152,2.904000112,0.011343750,0.010835801,0.011952650,1
warmup,71,71,nb,0,256,2097152,2.909255950,0.011364281,0.010848005,0.012011713,1
warmup,72,72,nb,0,256,2097152,2.905138671,0.011348198,0.010844874,0.011972458,1
warmup,73,73,nb,0,256,2097152,2.904820969,0.011346957,0.010790616,0.011986925,1
warmup,74,74,nb,0,256,2097152,2.904859446,0.011347107,0.010870958,0.011943693,1
warmup,75,75,nb,0,256,2097152,2.911780725,0.011374143,0.010849568,0.011963392,1
warmup,76,76,nb,0,256,2097152,2.904052221,0.011343954,0.010811095,0.011962070,1
warmup,77,77,nb,0,256,2097152,2.911908296,0.011374642,0.010839088,0.012035728,1
warmup,78,78,nb,0,256,2097152,2.902418021,0.011337570,0.010821905,0.011941139,1
warmup,79,79,nb,0,256,2097152,2.908525833,0.011361429,0.010803330,0.011956699,1
warmup,80,80,nb,0,256,2097152,2.902540116,0.011338047,0.010794885,0.012003977,1
warmup,81,81,nb,0,256,2097152,2.904506097,0.011345727,0.010813059,0.011957019,1
warmup,82,82,nb,0,256,2097152,2.903718511,0.011342650,0.010849918,0.011950758,1
warmup,83,83,nb,0,256,2097152,2.906238464,0.011352494,0.010798201,0.012010600,1
warmup,84,84,nb,0,256,2097152,2.904264769,0.011344784,0.010838005,0.011952952,1
warmup,85,85,nb,0,256,2097152,2.906330152,0.011352852,0.010781419,0.011963562,1
warmup,86,86,nb,0,256,2097152,2.902139442,0.011336482,0.010802569,0.011957291,1
warmup,87,87,nb,0,256,2097152,2.906290693,0.011352698,0.010793652,0.011976186,1
warmup,88,88,nb,0,256,2097152,2.905841561,0.011350944,0.010861330,0.011962700,1
warmup,89,89,nb,0,256,2097152,2.907483824,0.011357359,0.010817157,0.011971487,1
warmup,90,90,nb,0,256,2097152,2.905159093,0.011348278,0.010822706,0.011970755,1
warmup,91,91,nb,0,256,2097152,2.906249223,0.011352536,0.010780878,0.011974693,1
warmup,92,92,nb,0,256,2097152,2.900310350,0.011329337,0.010812297,0.011975354,1
warmup,93,93,nb,0,256,2097152,2.904869724,0.011347147,0.010819511,0.011950688,1
warmup,94,94,nb,0,256,2097152,2.902529886,0.011338007,0.010830993,0.011927684,1
warmup,95,95,nb,0,256,2097152,2.906548907,0.011353707,0.010774175,0.011976166,1
warmup,96,96,nb,0,256,2097152,2.904958030,0.011347492,0.010840921,0.011997065,1
warmup,97,97,nb,0,256,2097152,2.908083304,0.011359700,0.010829088,0.011968251,1
warmup,98,98,nb,0,256,2097152,2.903285853,0.011340960,0.010809241,0.011952672,1
warmup,99,99,nb,0,256,2097152,2.905117221,0.011348114,0.010810094,0.011953262,1
actual,0,100,nb,0,256,2097152,2.900589966,0.011330430,0.010857172,0.011953052,1
actual,1,101,nb,0,256,2097152,2.904741966,0.011346648,0.010770669,0.011950638,1
actual,2,102,nb,0,256,2097152,2.906309955,0.011352773,0.010852994,0.011972419,1
actual,3,103,nb,0,256,2097152,2.925434622,0.011427479,0.010995783,0.011971547,1
actual,4,104,nb,0,256,2097152,2.902373567,0.011337397,0.010800943,0.011978390,1
actual,5,105,nb,0,256,2097152,2.909238813,0.011364214,0.010832656,0.012005922,1
actual,6,106,nb,0,256,2097152,2.905583890,0.011349937,0.010784661,0.012009648,1
actual,7,107,nb,0,256,2097152,2.904260823,0.011344769,0.010775418,0.011981936,1
actual,8,108,nb,0,256,2097152,2.898089489,0.011320662,0.010761561,0.011942763,1
actual,9,109,nb,0,256,2097152,2.909227887,0.011364171,0.010842875,0.012013446,1
actual,10,110,nb,0,256,2097152,2.903831183,0.011343091,0.010799934,0.011971326,1
actual,11,111,nb,0,256,2097152,2.906607854,0.011353937,0.010774336,0.011976265,1
actual,12,112,nb,0,256,2097152,2.903717143,0.011342645,0.010828758,0.012004479,1
actual,13,113,nb,0,256,2097152,2.907624612,0.011357909,0.010816494,0.012025939,1
actual,14,114,nb,0,256,2097152,2.908177161,0.011360067,0.010850769,0.011986926,1
actual,15,115,nb,0,256,2097152,2.907145877,0.011356039,0.010863790,0.011918527,1
actual,16,116,nb,0,256,2097152,2.900457265,0.011329911,0.010808931,0.011980804,1
actual,17,117,nb,0,256,2097152,2.915149886,0.011387304,0.010843136,0.012040427,1
actual,18,118,nb,0,256,2097152,2.905814645,0.011350838,0.010825292,0.011989059,1
actual,19,119,nb,0,256,2097152,2.903811290,0.011343013,0.010770775,0.011973600,1
actual,20,120,nb,0,256,2097152,2.901295826,0.011333187,0.010799813,0.011992847,1
actual,21,121,nb,0,256,2097152,2.904233184,0.011344661,0.010825792,0.011965005,1
actual,22,122,nb,0,256,2097152,2.904520420,0.011345783,0.010800836,0.012020068,1
actual,23,123,nb,0,256,2097152,2.910772059,0.011370203,0.010811626,0.011998598,1
actual,24,124,nb,0,256,2097152,2.899519664,0.011326249,0.010797665,0.011966618,1
actual,25,125,nb,0,256,2097152,2.907046137,0.011355649,0.010805975,0.011994059,1
actual,26,126,nb,0,256,2097152,2.904858676,0.011347104,0.010799239,0.011963291,1
actual,27,127,nb,0,256,2097152,2.911190717,0.011371839,0.010827606,0.012024595,1
actual,28,128,nb,0,256,2097152,2.899633017,0.011326691,0.010817588,0.011952922,1
actual,29,129,nb,0,256,2097152,2.904189436,0.011344490,0.010819701,0.011975855,1
actual,30,130,nb,0,256,2097152,2.903844903,0.011343144,0.010840661,0.011934066,1
actual,31,131,nb,0,256,2097152,2.907872878,0.011358878,0.010827662,0.012007464,1
actual,32,132,nb,0,256,2097152,2.900652160,0.011330673,0.010772832,0.011977418,1
actual,33,133,nb,0,256,2097152,2.905159980,0.011348281,0.010776295,0.012010410,1
actual,34,134,nb,0,256,2097152,2.899939762,0.011327890,0.010781675,0.012013376,1
actual,35,135,nb,0,256,2097152,2.910429010,0.011368863,0.010788853,0.012033153,1
actual,36,136,nb,0,256,2097152,2.900127301,0.011328622,0.010813449,0.011930259,1
actual,37,137,nb,0,256,2097152,2.904353863,0.011345132,0.010826002,0.011954044,1
actual,38,138,nb,0,256,2097152,2.902783172,0.011338997,0.010828086,0.011941421,1
actual,39,139,nb,0,256,2097152,2.905452997,0.011349426,0.010813350,0.011964844,1
actual,40,140,nb,0,256,2097152,2.903245643,0.011340803,0.010809322,0.011966508,1
actual,41,141,nb,0,256,2097152,2.911686048,0.011373774,0.010827566,0.012007925,1
actual,42,142,nb,0,256,2097152,2.900116585,0.011328580,0.010845656,0.011923987,1
actual,43,143,nb,0,256,2097152,2.907371943,0.011356922,0.010827104,0.011941961,1
actual,44,144,nb,0,256,2097152,2.907518709,0.011357495,0.010826044,0.011966928,1
actual,45,145,nb,0,256,2097152,2.906683536,0.011354233,0.010802289,0.011966778,1
actual,46,146,nb,0,256,2097152,2.900492295,0.011330048,0.010826033,0.011958062,1
actual,47,147,nb,0,256,2097152,2.908505799,0.011361351,0.010824160,0.012000001,1
actual,48,148,nb,0,256,2097152,2.903611208,0.011342231,0.010823649,0.011956608,1
actual,49,149,nb,0,256,2097152,2.908718450,0.011362181,0.010794985,0.011954625,1
actual,50,150,nb,0,256,2097152,2.898439198,0.011322028,0.010820022,0.011895223,1
actual,51,151,nb,0,256,2097152,2.907532388,0.011357548,0.010832986,0.011960046,1
actual,52,152,nb,0,256,2097152,2.905841876,0.011350945,0.010840140,0.011931031,1
actual,53,153,nb,0,256,2097152,2.908558625,0.011361557,0.010791949,0.011964634,1
actual,54,154,nb,0,256,2097152,2.893912531,0.011304346,0.010796217,0.011917606,1
actual,55,155,nb,0,256,2097152,2.904994918,0.011347636,0.010809017,0.011936921,1
actual,56,156,nb,0,256,2097152,2.906090590,0.011351916,0.010804343,0.011965885,1
actual,57,157,nb,0,256,2097152,2.911394578,0.011372635,0.010809432,0.011995342,1
actual,58,158,nb,0,256,2097152,2.901184452,0.011332752,0.010827837,0.011939926,1
actual,59,159,nb,0,256,2097152,2.907123003,0.011355949,0.010794805,0.011974303,1
actual,60,160,nb,0,256,2097152,2.911336132,0.011372407,0.010859435,0.012014117,1
actual,61,161,nb,0,256,2097152,2.912257425,0.011376006,0.010825141,0.011971347,1
actual,62,162,nb,0,256,2097152,2.896388571,0.011314018,0.010772879,0.011946429,1
actual,63,163,nb,0,256,2097152,2.909691226,0.011365981,0.010848426,0.011968570,1
actual,64,164,nb,0,256,2097152,2.904767332,0.011346747,0.010812137,0.011946360,1
actual,65,165,nb,0,256,2097152,2.906115177,0.011352012,0.010817377,0.011997837,1
actual,66,166,nb,0,256,2097152,2.903786175,0.011342915,0.010837755,0.011935739,1
actual,67,167,nb,0,256,2097152,2.903881897,0.011343289,0.010799814,0.011931191,1
actual,68,168,nb,0,256,2097152,2.903748047,0.011342766,0.010818559,0.011980654,1
actual,69,169,nb,0,256,2097152,2.911370783,0.011372542,0.010812778,0.011955466,1
actual,70,170,nb,0,256,2097152,2.900610620,0.011330510,0.010806867,0.011938154,1
actual,71,171,nb,0,256,2097152,2.906402406,0.011353134,0.010845785,0.011999620,1
actual,72,172,nb,0,256,2097152,2.905455385,0.011349435,0.010785918,0.011989030,1
actual,73,173,nb,0,256,2097152,2.907896138,0.011358969,0.010838116,0.011946038,1
actual,74,174,nb,0,256,2097152,2.900861764,0.011331491,0.010819020,0.011931452,1
actual,75,175,nb,0,256,2097152,2.904925164,0.011347364,0.010845319,0.011961488,1
actual,76,176,nb,0,256,2097152,2.914895023,0.011386309,0.010847033,0.012036569,1
actual,77,177,nb,0,256,2097152,2.909176626,0.011363971,0.010813639,0.012005671,1
actual,78,178,nb,0,256,2097152,2.902121972,0.011336414,0.010864756,0.011924748,1
actual,79,179,nb,0,256,2097152,2.907601203,0.011357817,0.010821424,0.011987948,1
actual,80,180,nb,0,256,2097152,2.906825160,0.011354786,0.010834670,0.011980363,1
actual,81,181,nb,0,256,2097152,2.912148067,0.011375578,0.010842574,0.011970384,1
actual,82,182,nb,0,256,2097152,2.905612130,0.011350047,0.010825672,0.011978019,1
actual,83,183,nb,0,256,2097152,2.904745475,0.011346662,0.010810720,0.011942181,1
actual,84,184,nb,0,256,2097152,2.910938524,0.011370854,0.010836723,0.012009859,1
actual,85,185,nb,0,256,2097152,2.905914282,0.011351228,0.010819230,0.011948002,1
actual,86,186,nb,0,256,2097152,2.904317891,0.011344992,0.010809498,0.011979380,1
actual,87,187,nb,0,256,2097152,2.903831435,0.011343092,0.010820683,0.011982889,1
actual,88,188,nb,0,256,2097152,2.906281258,0.011352661,0.010854387,0.011953273,1
actual,89,189,nb,0,256,2097152,2.912077040,0.011375301,0.010827776,0.012017563,1
actual,90,190,nb,0,256,2097152,2.907074895,0.011355761,0.010830070,0.011973691,1
actual,91,191,nb,0,256,2097152,2.907142469,0.011356025,0.010810394,0.011967740,1
actual,92,192,nb,0,256,2097152,2.902921590,0.011339537,0.010801813,0.011999520,1
actual,93,193,nb,0,256,2097152,2.913564194,0.011381110,0.010873898,0.012024126,1
actual,94,194,nb,0,256,2097152,2.906097316,0.011351943,0.010840680,0.011967549,1
actual,95,195,nb,0,256,2097152,2.909840478,0.011366564,0.010808179,0.012062157,1
actual,96,196,nb,0,256,2097152,2.902341116,0.011337270,0.010833496,0.011961939,1
actual,97,197,nb,0,256,2097152,2.911112265,0.011371532,0.010815102,0.011998878,1
actual,98,198,nb,0,256,2097152,2.903540321,0.011341954,0.010790837,0.011959885,1
actual,99,199,nb,0,256,2097152,2.911967627,0.011374874,0.010830041,0.011977128,1
warmup,0,0,nb,0,256,3145728,3.126412868,0.012212550,0.011476050,0.013147157,1
warmup,1,1,nb,0,256,3145728,3.120462338,0.012189306,0.011468895,0.013132889,1
warmup,2,2,nb,0,256,3145728,3.123713764,0.012202007,0.011492049,0.013144020,1
warmup,3,3,nb,0,256,3145728,3.128599397,0.012221091,0.011466531,0.013183254,1
warmup,4,4,nb,0,256,3145728,3.119067035,0.012183856,0.011465519,0.013133451,1
warmup,5,5,nb,0,256,3145728,3.130915516,0.012230139,0.011529019,0.013225453,1
warmup,6,6,nb,0,256,3145728,3.117440159,0.012177501,0.011436945,0.013140323,1
warmup,7,7,nb,0,256,3145728,3.123496838,0.012201160,0.011466530,0.013164729,1
warmup,8,8,nb,0,256,3145728,3.117892683,0.012179268,0.011409122,0.013152527,1
warmup,9,9,nb,0,256,3145728,3.123573273,0.012201458,0.011415745,0.013196078,1
warmup,10,10,nb,0,256,3145728,3.115827918,0.012171203,0.011428209,0.013179436,1
warmup,11,11,nb,0,256,3145728,3.122117749,0.012195772,0.011423330,0.013180539,1
warmup,12,12,nb,0,256,3145728,3.120744683,0.012190409,0.011430142,0.013171963,1
warmup,13,13,nb,0,256,3145728,3.120810202,0.012190665,0.011477291,0.013151104,1
warmup,14,14,nb,0,256,3145728,3.110217487,0.012149287,0.011395758,0.013149601,1
warmup,15,15,nb,0,256,3145728,3.119563749,0.012185796,0.011417879,0.013165290,1
warmup,16,16,nb,0,256,3145728,3.116954629,0.012175604,0.011432767,0.013116929,1
warmup,17,17,nb,0,256,3145728,3.123293572,0.012200366,0.011471770,0.013160591,1
warmup,18,18,nb,0,256,3145728,3.117087139,0.012176122,0.011383094,0.013142708,1
warmup,19,19,nb,0,256,3145728,3.120008889,0.012187535,0.011406067,0.013147607,1
warmup,20,20,nb,0,256,3145728,3.117162377,0.012176416,0.011459939,0.013190187,1
warmup,21,21,nb,0,256,3145728,3.126671275,0.012213560,0.011466441,0.013184937,1
warmup,22,22,nb,0,256,3145728,3.116155042,0.012172481,0.011456832,0.013169257,1
warmup,23,23,nb,0,256,3145728,3.122950408,0.012199025,0.011463785,0.013164358,1
warmup,24,24,nb,0,256,3145728,3.118622206,0.012182118,0.011464498,0.013157947,1
warmup,25,25,nb,0,256,3145728,3.124644568,0.012205643,0.011437014,0.013205947,1
warmup,26,26,nb,0,256,3145728,3.115221563,0.012168834,0.011442545,0.013144752,1
warmup,27,27,nb,0,256,3145728,3.121919866,0.012194999,0.011471350,0.013154981,1
warmup,28,28,nb,0,256,3145728,3.123300771,0.012200394,0.011495716,0.013176691,1
warmup,29,29,nb,0,256,3145728,3.121183951,0.012192125,0.011473213,0.013164318,1
warmup,30,30,nb,0,256,3145728,3.118180553,0.012180393,0.011439929,0.013195667,1
warmup,31,31,nb,0,256,3145728,3.122178751,0.012196011,0.011438718,0.013147427,1
warmup,32,32,nb,0,256,3145728,3.119496876,0.012185535,0.011430112,0.013176031,1
warmup,33,33,nb,0,256,3145728,3.125680188,0.012209688,0.011463425,0.013224862,1
warmup,34,34,nb,0,256,3145728,3.114468607,0.012165893,0.011422097,0.013148018,1
warmup,35,35,nb,0,256,3145728,3.124675945,0.012205765,0.011472171,0.013156694,1
warmup,36,36,nb,0,256,3145728,3.116277297,0.012172958,0.011427527,0.013095619,1
warmup,37,37,nb,0,256,3145728,3.124945472,0.012206818,0.011455901,0.013203522,1
warmup,38,38,nb,0,256,3145728,3.121266699,0.012192448,0.011470949,0.013170260,1
warmup,39,39,nb,0,256,3145728,3.124850133,0.012206446,0.011424682,0.013160120,1
warmup,40,40,nb,0,256,3145728,3.117008625,0.012175815,0.011363567,0.013153759,1
warmup,41,41,nb,0,256,3145728,3.126349001,0.012212301,0.011485226,0.013152346,1
warmup,42,42,nb,0,256,3145728,3.130400386,0.012228127,0.011415655,0.013158898,1
warmup,43,43,nb,0,256,3145728,3.176470429,0.012408088,0.011433469,0.013685515,1
warmup,44,44,nb,0,256,3145728,3.122894803,0.012198808,0.011395336,0.013131327,1
warmup,45,45,nb,0,256,3145728,3.132493656,0.012236303,0.011403742,0.013169268,1
warmup,46,46,nb,0,256,3145728,3.122429909,0.012196992,0.011444970,0.013179537,1
warmup,47,47,nb,0,256,3145728,3.127490794,0.012216761,0.011454989,0.013232767,1
warmup,48,48,nb,0,256,3145728,3.118426203,0.012181352,0.011429971,0.013173916,1
warmup,49,49,nb,0,256,3145728,3.119161641,0.012184225,0.011422207,0.013218290,1
warmup,50,50,nb,0,256,3145728,3.119465377,0.012185412,0.011416887,0.013206087,1
warmup,51,51,nb,0,256,3145728,3.121284391,0.012192517,0.011456181,0.013203231,1
warmup,52,52,nb,0,256,3145728,3.115658092,0.012170539,0.011418410,0.013165220,1
warmup,53,53,nb,0,256,3145728,3.123345823,0.012200570,0.011433748,0.013187161,1
warmup,54,54,nb,0,256,3145728,3.121015119,0.012191465,0.011537623,0.013149400,1
warmup,55,55,nb,0,256,3145728,3.118966555,0.012183463,0.011414362,0.013225062,1
warmup,56,56,nb,0,256,3145728,3.111822477,0.012155557,0.011408742,0.013157115,1
warmup,57,57,nb,0,256,3145728,3.119213169,0.012184426,0.011401538,0.013172163,1
warmup,58,58,nb,0,256,3145728,3.120739005,0.012190387,0.011495224,0.013185438,1
warmup,59,59,nb,0,256,3145728,3.118296726,0.012180847,0.011414883,0.013164388,1
warmup,60,60,nb,0,256,3145728,3.110996313,0.012152329,0.011414743,0.013141936,1
warmup,61,61,nb,0,256,3145728,3.120536625,0.012189596,0.011470328,0.013169798,1
warmup,62,62,nb,0,256,3145728,3.113273161,0.012161223,0.011437375,0.013132609,1
warmup,63,63,nb,0,256,3145728,3.124177560,0.012203819,0.011487450,0.013180098,1
warmup,64,64,nb,0,256,3145728,3.108544701,0.012142753,0.011403541,0.013074289,1
warmup,65,65,nb,0,256,3145728,3.126346755,0.012212292,0.011437445,0.013192512,1
warmup,66,66,nb,0,256,3145728,3.114913400,0.012167630,0.011461461,0.013157226,1
warmup,67,67,nb,0,256,3145728,3.120770843,0.012190511,0.011410244,0.013206237,1
warmup,68,68,nb,0,256,3145728,3.111594933,0.012154668,0.011425212,0.013113242,1
warmup,69,69,nb,0,256,3145728,3.121126413,0.012191900,0.011422878,0.013194856,1
warmup,70,70,nb,0,256,3145728,3.112156392,0.012156861,0.011398572,0.013156874,1
warmup,71,71,nb,0,256,3145728,3.123827464,0.012202451,0.011493852,0.013173496,1
warmup,72,72,nb,0,256,3145728,3.114597913,0.012166398,0.011419021,0.013141115,1
warmup,73,73,nb,0,256,3145728,3.166142309,0.012367743,0.011446072,0.013345797,1
warmup,74,74,nb,0,256,3145728,3.112399264,0.012157810,0.011409643,0.013129032,1
warmup,75,75,nb,0,256,3145728,3.126585899,0.012213226,0.011454768,0.013199514,1
warmup,76,76,nb,0,256,3145728,3.118047577,0.012179873,0.011469355,0.013183455,1
warmup,77,77,nb,0,256,3145728,3.120289016,0.012188629,0.011401869,0.013184105,1
warmup,78,78,nb,0,256,3145728,3.117869921,0.012179179,0.011409242,0.013179878,1
warmup,79,79,nb,0,256,3145728,3.121534477,0.012193494,0.011404743,0.013186450,1
warmup,80,80,nb,0,256,3145728,3.111479367,0.012154216,0.011358106,0.013108964,1
warmup,81,81,nb,0,256,3145728,3.121775293,0.012194435,0.011436072,0.013186530,1
warmup,82,82,nb,0,256,3145728,3.116231135,0.012172778,0.011437856,0.013169268,1
warmup,83,83,nb,0,256,3145728,3.117425270,0.012177442,0.011430923,0.013178184,1
warmup,84,84,nb,0,256,3145728,3.112479949,0.012158125,0.011411937,0.013119665,1
warmup,85,85,nb,0,256,3145728,3.122847592,0.012198623,0.011441183,0.013167494,1
warmup,86,86,nb,0,256,3145728,3.116703060,0.012174621,0.011433398,0.013132739,1
warmup,87,87,nb,0,256,3145728,3.122864693,0.012198690,0.011424691,0.013206658,1
warmup,88,88,nb,0,256,3145728,3.115681475,0.012170631,0.011454658,0.013132338,1
warmup,89,89,nb,0,256,3145728,3.119481513,0.012185475,0.011376771,0.013162285,1
warmup,90,90,nb,0,256,3145728,3.115382325,0.012169462,0.011444920,0.013150854,1
warmup,91,91,nb,0,256,3145728,3.115558926,0.012170152,0.011429661,0.013170089,1
warmup,92,92,nb,0,256,3145728,3.119280391,0.012184689,0.011407079,0.013151675,1
warmup,93,93,nb,0,256,3145728,3.125930571,0.012210666,0.011425483,0.013178094,1
warmup,94,94,nb,0,256,3145728,3.112294478,0.012157400,0.011442475,0.013137247,1
warmup,95,95,nb,0,256,3145728,3.121037973,0.012191555,0.011434220,0.013158447,1
warmup,96,96,nb,0,256,3145728,3.124320858,0.012204378,0.011432727,0.013292249,1
warmup,97,97,nb,0,256,3145728,3.117500806,0.012177738,0.011459989,0.013147156,1
warmup,98,98,nb,0,256,3145728,3.108806473,0.012143775,0.011424271,0.013137518,1
warmup,99,99,nb,0,256,3145728,3.118835678,0.012182952,0.011420674,0.013161303,1
actual,0,100,nb,0,256,3145728,3.115212603,0.012168799,0.011386680,0.013138149,1
actual,1,101,nb,0,256,3145728,3.119900543,0.012187111,0.011414733,0.013183173,1
actual,2,102,nb,0,256,3145728,3.117926402,0.012179400,0.011471260,0.013147797,1
actual,3,103,nb,0,256,3145728,3.121117425,0.012191865,0.011442716,0.013156835,1
actual,4,104,nb,0,256,3145728,3.112192925,0.012157004,0.011439680,0.013112872,1
actual,5,105,nb,0,256,3145728,3.118355570,0.012181076,0.011377693,0.013176722,1
actual,6,106,nb,0,256,3145728,3.119697519,0.012186318,0.011417238,0.013121478,1
actual,7,107,nb,0,256,3145728,3.121142364,0.012191962,0.011465880,0.013176320,1
actual,8,108,nb,0,256,3145728,3.122954165,0.012199040,0.011455660,0.013157956,1
actual,9,109,nb,0,256,3145728,3.302376131,0.012899907,0.011424061,0.015447708,1
actual,10,110,nb,0,256,3145728,3.307537370,0.012920068,0.011492669,0.015455684,1
actual,11,111,nb,0,256,3145728,3.305001057,0.012910160,0.011431404,0.015444733,1
actual,12,112,nb,0,256,3145728,3.131214282,0.012231306,0.011477380,0.013158648,1
actual,13,113,nb,0,256,3145728,3.140503893,0.012267593,0.011447635,0.013214813,1
actual,14,114,nb,0,256,3145728,3.151906231,0.012312134,0.011448226,0.013242463,1
actual,15,115,nb,0,256,3145728,3.153643441,0.012318920,0.011476439,0.013206917,1
actual,16,116,nb,0,256,3145728,3.112750856,0.012159183,0.011413690,0.013122550,1
actual,17,117,nb,0,256,3145728,3.134453105,0.012243957,0.011450239,0.013163096,1
actual,18,118,nb,0,256,3145728,3.114789863,0.012167148,0.011427667,0.013211677,1
actual,19,119,nb,0,256,3145728,3.182189791,0.012430429,0.011446763,0.013913685,1
actual,20,120,nb,0,256,3145728,3.116165901,0.012172523,0.011447985,0.013149331,1
actual,21,121,nb,0,256,3145728,3.121653483,0.012193959,0.011425734,0.013186931,1
actual,22,122,nb,0,256,3145728,3.116272985,0.012172941,0.011503130,0.013155682,1
actual,23,123,nb,0,256,3145728,3.118966691,0.012183464,0.011435712,0.013196398,1
actual,24,124,nb,0,256,3145728,3.195162844,0.012481105,0.011446593,0.013979899,1
actual,25,125,nb,0,256,3145728,3.153536527,0.012318502,0.011420183,0.013378589,1
actual,26,126,nb,0,256,3145728,3.159861561,0.012343209,0.011455740,0.013395240,1
actual,27,127,nb,0,256,3145728,3.172415297,0.012392247,0.011397400,0.013649989,1
actual,28,128,nb,0,256,3145728,3.174877310,0.012401864,0.011447575,0.013540513,1
actual,29,129,nb,0,256,3145728,3.223088080,0.012590188,0.011417679,0.014546294,1
actual,30,130,nb,0,256,3145728,3.311112773,0.012934034,0.011472923,0.015534482,1
actual,31,131,nb,0,256,3145728,3.187003046,0.012449231,0.011458946,0.013759876,1
actual,32,132,nb,0,256,3145728,3.117421897,0.012177429,0.011416576,0.013158017,1
actual,33,133,nb,0,256,3145728,3.126365818,0.012212366,0.011451011,0.013207430,1
actual,34,134,nb,0,256,3145728,3.119677694,0.012186241,0.011486999,0.013164840,1
actual,35,135,nb,0,256,3145728,3.118692388,0.012182392,0.011426685,0.013165300,1
actual,36,136,nb,0,256,3145728,3.111501301,0.012154302,0.011450691,0.013168085,1
actual,37,137,nb,0,256,3145728,3.118874673,0.012183104,0.011475838,0.013155482,1
actual,38,138,nb,0,256,3145728,3.123761226,0.012202192,0.011470598,0.013132960,1
actual,39,139,nb,0,256,3145728,3.127660223,0.012217423,0.011403061,0.013204974,1
actual,40,140,nb,0,256,3145728,3.108926961,0.012144246,0.011385277,0.013141114,1
actual,41,141,nb,0,256,3145728,3.143715700,0.012280139,0.011430803,0.013139622,1
actual,42,142,nb,0,256,3145728,3.161636632,0.012350143,0.011340544,0.013704682,1
actual,43,143,nb,0,256,3145728,3.123269015,0.012200270,0.011457734,0.013164939,1
actual,44,144,nb,0,256,3145728,3.119133996,0.012184117,0.011453977,0.013200907,1
actual,45,145,nb,0,256,3145728,3.123123849,0.012199703,0.011460729,0.013205837,1
actual,46,146,nb,0,256,3145728,3.118927576,0.012183311,0.011465999,0.013173757,1
actual,47,147,nb,0,256,3145728,3.114515670,0.012166077,0.011397951,0.013152516,1
actual,48,148,nb,0,256,3145728,3.117332605,0.012177080,0.011452274,0.013153859,1
actual,49,149,nb,0,256,3145728,3.121929694,0.012195038,0.011412990,0.013206488,1
actual,50,150,nb,0,256,3145728,3.109912948,0.012148097,0.011412578,0.013108965,1
actual,51,151,nb,0,256,3145728,3.140329053,0.012266910,0.011697363,0.013165461,1
actual,52,152,nb,0,256,3145728,3.116278428,0.012172963,0.011468554,0.013184375,1
actual,53,153,nb,0,256,3145728,3.118812809,0.012182863,0.011430833,0.013218400,1
actual,54,154,nb,0,256,3145728,3.115799411,0.012171091,0.011433899,0.013175409,1
actual,55,155,nb,0,256,3145728,3.124013538,0.012203178,0.011444028,0.013174438,1
actual,56,156,nb,0,256,3145728,3.116874571,0.012175291,0.011454739,0.013146976,1
actual,57,157,nb,0,256,3145728,3.124107710,0.012203546,0.011424011,0.013156053,1
actual,58,158,nb,0,256,3145728,3.121505632,0.012193381,0.011398121,0.013131687,1
actual,59,159,nb,0,256,3145728,3.124804133,0.012206266,0.011508670,0.013176471,1
actual,60,160,nb,0,256,3145728,3.115380393,0.012169455,0.011418962,0.013196258,1
actual,61,161,nb,0,256,3145728,3.118526472,0.012181744,0.011469615,0.013125025,1
actual,62,162,nb,0,256,3145728,3.115555590,0.012170139,0.011414212,0.013163207,1
actual,63,163,nb,0,256,3145728,3.125380162,0.012208516,0.011477051,0.013218771,1
actual,64,164,nb,0,256,3145728,3.114939182,0.012167731,0.011426085,0.013126758,1
actual,65,165,nb,0,256,3145728,3.117889196,0.012179255,0.011441705,0.013136736,1
actual,66,166,nb,0,256,3145728,3.118894387,0.012183181,0.011441414,0.013182342,1
actual,67,167,nb,0,256,3145728,3.117657710,0.012178350,0.011439730,0.013210466,1
actual,68,168,nb,0,256,3145728,3.115645574,0.012170491,0.011420043,0.013120315,1
actual,69,169,nb,0,256,3145728,3.123091685,0.012199577,0.011470488,0.013162755,1
actual,70,170,nb,0,256,3145728,3.114326469,0.012165338,0.011395387,0.013151825,1
actual,71,171,nb,0,256,3145728,3.115474596,0.012169823,0.011414643,0.013174317,1
actual,72,172,nb,0,256,3145728,3.117048563,0.012175971,0.011426916,0.013148629,1
actual,73,173,nb,0,256,3145728,3.119501904,0.012185554,0.011416546,0.013193693,1
actual,74,174,nb,0,256,3145728,3.114789891,0.012167148,0.011450641,0.013116608,1
actual,75,175,nb,0,256,3145728,3.119790791,0.012186683,0.011410295,0.013188143,1
actual,76,176,nb,0,256,3145728,3.112461254,0.012158052,0.011417860,0.013123162,1
actual,77,177,nb,0,256,3145728,3.123155234,0.012199825,0.011460229,0.013188855,1
actual,78,178,nb,0,256,3145728,3.110456842,0.012150222,0.011411627,0.013170920,1
actual,79,179,nb,0,256,3145728,3.122505868,0.012197289,0.011441955,0.013205436,1
actual,80,180,nb,0,256,3145728,3.117248427,0.012176752,0.011469937,0.013132529,1
actual,81,181,nb,0,256,3145728,3.125266534,0.012208072,0.011439239,0.013197732,1
actual,82,182,nb,0,256,3145728,3.109862017,0.012147899,0.011443668,0.013080000,1
actual,83,183,nb,0,256,3145728,3.122875772,0.012198733,0.011461882,0.013155653,1
actual,84,184,nb,0,256,3145728,3.116473301,0.012173724,0.011466681,0.013107161,1
actual,85,185,nb,0,256,3145728,3.115928701,0.012171596,0.011433878,0.013175991,1
actual,86,186,nb,0,256,3145728,3.112141684,0.012156803,0.011429632,0.013097352,1
actual,87,187,nb,0,256,3145728,3.119177334,0.012184286,0.011436043,0.013178905,1
actual,88,188,nb,0,256,3145728,3.122970374,0.012199103,0.011432216,0.013101800,1
actual,89,189,nb,0,256,3145728,3.124480936,0.012205004,0.011453136,0.013183464,1
actual,90,190,nb,0,256,3145728,3.118200651,0.012180471,0.011480688,0.013141625,1
actual,91,191,nb,0,256,3145728,3.123460128,0.012201016,0.011422108,0.013240351,1
actual,92,192,nb,0,256,3145728,3.116896432,0.012175377,0.011465749,0.013121899,1
actual,93,193,nb,0,256,3145728,3.123302779,0.012200401,0.011405696,0.013187172,1
actual,94,194,nb,0,256,3145728,3.115153719,0.012168569,0.011465779,0.013142367,1
actual,95,195,nb,0,256,3145728,3.117619552,0.012178201,0.011437677,0.013157626,1
actual,96,196,nb,0,256,3145728,3.113733551,0.012163022,0.011433517,0.013112061,1
actual,97,197,nb,0,256,3145728,3.121317785,0.012192648,0.011451342,0.013195938,1
actual,98,198,nb,0,256,3145728,3.114603997,0.012166422,0.011431946,0.013119895,1
actual,99,199,nb,0,256,3145728,3.117534249,0.012177868,0.011458055,0.013159139,1
warmup,0,0,nb,0,256,4194304,3.466555750,0.013541233,0.012757491,0.014501491,1
warmup,1,1,nb,0,256,4194304,3.474247210,0.013571278,0.012706305,0.014613582,1
warmup,2,2,nb,0,256,4194304,3.466187602,0.013539795,0.012675205,0.014522230,1
warmup,3,3,nb,0,256,4194304,3.483236347,0.013606392,0.012688841,0.014586651,1
warmup,4,4,nb,0,256,4194304,3.470125899,0.013555179,0.012722665,0.014514977,1
warmup,5,5,nb,0,256,4194304,3.474845629,0.013573616,0.012631855,0.014593183,1
warmup,6,6,nb,0,256,4194304,3.466211303,0.013539888,0.012699722,0.014496252,1
warmup,7,7,nb,0,256,4194304,3.473847176,0.013569716,0.012672310,0.014542058,1
warmup,8,8,nb,0,256,4194304,3.467591339,0.013545279,0.012699110,0.014512181,1
warmup,9,9,nb,0,256,4194304,3.471101967,0.013558992,0.012649528,0.014538240,1
warmup,10,10,nb,0,256,4194304,3.471315009,0.013559824,0.012658285,0.014575340,1
warmup,11,11,nb,0,256,4194304,3.474708776,0.013573081,0.012707396,0.014534944,1
warmup,12,12,nb,0,256,4194304,3.469041343,0.013550943,0.012678682,0.014595678,1
warmup,13,13,nb,0,256,4194304,3.469356436,0.013552174,0.012674504,0.014553479,1
warmup,14,14,nb,0,256,4194304,3.464022606,0.013531338,0.012660288,0.014531196,1
warmup,15,15,nb,0,256,4194304,3.466773792,0.013542085,0.012609954,0.014541607,1
warmup,16,16,nb,0,256,4194304,3.466539335,0.013541169,0.012645811,0.014517972,1
warmup,17,17,nb,0,256,4194304,3.479149649,0.013590428,0.012631394,0.014594486,1
warmup,18,18,nb,0,256,4194304,3.463407610,0.013528936,0.012653675,0.014494808,1
warmup,19,19,nb,0,256,4194304,3.462724074,0.013526266,0.012592220,0.014542277,1
warmup,20,20,nb,0,256,4194304,3.466464209,0.013540876,0.012661601,0.014530646,1
warmup,21,21,nb,0,256,4194304,3.480705631,0.013596506,0.012745087,0.014626627,1
warmup,22,22,nb,0,256,4194304,3.469156194,0.013551391,0.012698539,0.014515808,1
warmup,23,23,nb,0,256,4194304,3.473938779,0.013570073,0.012667211,0.014542919,1
warmup,24,24,nb,0,256,4194304,3.472657381,0.013565068,0.012818224,0.014526147,1
warmup,25,25,nb,0,256,4194304,3.479104981,0.013590254,0.012761247,0.014577544,1
warmup,26,26,nb,0,256,4194304,3.470716206,0.013557485,0.012673242,0.014521629,1
warmup,27,27,nb,0,256,4194304,3.474264256,0.013571345,0.012668704,0.014568177,1
warmup,28,28,nb,0,256,4194304,3.472308258,0.013563704,0.012724538,0.014491813,1
warmup,29,29,nb,0,256,4194304,3.476172135,0.013578797,0.012715322,0.014548189,1
warmup,30,30,nb,0,256,4194304,3.467408473,0.013544564,0.012679855,0.014486211,1
warmup,31,31,nb,0,256,4194304,3.476014786,0.013578183,0.012632876,0.014591109,1
warmup,32,32,nb,0,256,4194304,3.469088421,0.013551127,0.012679504,0.014547267,1
warmup,33,33,nb,0,256,4194304,3.484926011,0.013612992,0.012776005,0.014622930,1
warmup,34,34,nb,0,256,4194304,3.467031855,0.013543093,0.012649968,0.014493386,1
warmup,35,35,nb,0,256,4194304,3.472822330,0.013565712,0.012657273,0.014574108,1
warmup,36,36,nb,0,256,4194304,3.470759662,0.013557655,0.012729458,0.014515869,1
warmup,37,37,nb,0,256,4194304,3.476709425,0.013580896,0.012687940,0.014554361,1
warmup,38,38,nb,0,256,4194304,3.475606092,0.013576586,0.012715241,0.014598443,1
warmup,39,39,nb,0,256,4194304,3.487938113,0.013624758,0.012690415,0.014592081,1
warmup,40,40,nb,0,256,4194304,3.465234969,0.013536074,0.012686718,0.014486413,1
warmup,41,41,nb,0,256,4194304,3.473761301,0.013569380,0.012711514,0.014506150,1
warmup,42,42,nb,0,256,4194304,3.474490113,0.013572227,0.012675196,0.014594055,1
warmup,43,43,nb,0,256,4194304,3.472719375,0.013565310,0.012648516,0.014549371,1
warmup,44,44,nb,0,256,4194304,3.465786568,0.013538229,0.012695835,0.014524445,1
warmup,45,45,nb,0,256,4194304,3.478632340,0.013588408,0.012699932,0.014601930,1
warmup,46,46,nb,0,256,4194304,3.468689108,0.013549567,0.012690214,0.014538060,1
warmup,47,47,nb,0,256,4194304,3.478828586,0.013589174,0.012697117,0.014578867,1
warmup,48,48,nb,0,256,4194304,3.469609808,0.013553163,0.012652634,0.014548580,1
warmup,49,49,nb,0,256,4194304,3.473810406,0.013569572,0.012663825,0.014547638,1
warmup,50,50,nb,0,256,4194304,3.472817601,0.013565694,0.012600796,0.014524364,1
warmup,51,51,nb,0,256,4194304,3.474448760,0.013572065,0.012729107,0.014531608,1
warmup,52,52,nb,0,256,4194304,3.477244815,0.013582988,0.012826329,0.014538220,1
warmup,53,53,nb,0,256,4194304,3.478303080,0.013587121,0.012655569,0.014585760,1
warmup,54,54,nb,0,256,4194304,3.469157486,0.013551396,0.012661881,0.014548640,1
warmup,55,55,nb,0,256,4194304,3.524488205,0.013767532,0.012781350,0.014908433,1
warmup,56,56,nb,0,256,4194304,3.481685572,0.013600334,0.012841092,0.014549462,1
warmup,57,57,nb,0,256,4194304,3.484633467,0.013611849,0.012759505,0.014564479,1
warmup,58,58,nb,0,256,4194304,3.466633235,0.013541536,0.012736441,0.014468549,1
warmup,59,59,nb,0,256,4194304,3.472147479,0.013563076,0.012627797,0.014559931,1
warmup,60,60,nb,0,256,4194304,3.472043691,0.013562671,0.012694672,0.014547548,1
warmup,61,61,nb,0,256,4194304,3.493511592,0.013646530,0.012714900,0.014616368,1
warmup,62,62,nb,0,256,4194304,3.467312474,0.013544189,0.012615404,0.014540525,1
warmup,63,63,nb,0,256,4194304,3.470505026,0.013556660,0.012626034,0.014526749,1
warmup,64,64,nb,0,256,4194304,3.460125669,0.013516116,0.012614151,0.014447099,1
warmup,65,65,nb,0,256,4194304,3.473334814,0.013567714,0.012692679,0.014509546,1
warmup,66,66,nb,0,256,4194304,3.464314388,0.013532478,0.012642725,0.014508485,1
warmup,67,67,nb,0,256,4194304,3.465439237,0.013536872,0.012651662,0.014515678,1
warmup,68,68,nb,0,256,4194304,3.463622470,0.013529775,0.012623489,0.014509416,1
warmup,69,69,nb,0,256,4194304,3.483677937,0.013608117,0.012840366,0.014547287,1
warmup,70,70,nb,0,256,4194304,3.467684526,0.013545643,0.012659858,0.014540685,1
warmup,71,71,nb,0,256,4194304,3.472914732,0.013566073,0.012654097,0.014554290,1
warmup,72,72,nb,0,256,4194304,3.465153218,0.013535755,0.012646122,0.014544302,1
warmup,73,73,nb,0,256,4194304,3.471984752,0.013562440,0.012622437,0.014577474,1
warmup,74,74,nb,0,256,4194304,3.466235501,0.013539982,0.012655899,0.014492655,1
warmup,75,75,nb,0,256,4194304,3.467413801,0.013544585,0.012686147,0.014486553,1
warmup,76,76,nb,0,256,4194304,3.465199231,0.013535934,0.012623719,0.014519295,1
warmup,77,77,nb,0,256,4194304,3.474393329,0.013571849,0.012645882,0.014562807,1
warmup,78,78,nb,0,256,4194304,3.459978416,0.013515541,0.012668764,0.014474260,1
warmup,79,79,nb,0,256,4194304,3.470353288,0.013556068,0.012627136,0.014527249,1
warmup,80,80,nb,0,256,4194304,3.471759800,0.013561562,0.012690555,0.014600337,1
warmup,81,81,nb,0,256,4194304,3.479926643,0.013593463,0.012835427,0.014524244,1
warmup,82,82,nb,0,256,4194304,3.476782648,0.013581182,0.012640241,0.014599896,1
warmup,83,83,nb,0,256,4194304,3.476702508,0.013580869,0.012664376,0.014592953,1
warmup,84,84,nb,0,256,4194304,3.472286656,0.013563620,0.012681788,0.014611017,1
warmup,85,85,nb,0,256,4194304,3.476431484,0.013579810,0.012720461,0.014557416,1
warmup,86,86,nb,0,256,4194304,3.464436635,0.013532956,0.012597540,0.014494939,1
warmup,87,87,nb,0,256,4194304,3.476775003,0.013581152,0.012634319,0.014578957,1
warmup,88,88,nb,0,256,4194304,3.465763090,0.013538137,0.012625673,0.014518393,1
warmup,89,89,nb,0,256,4194304,3.475985752,0.013578069,0.012689523,0.014572154,1
warmup,90,90,nb,0,256,4194304,3.468167630,0.013547530,0.012681518,0.014489228,1
warmup,91,91,nb,0,256,4194304,3.469839111,0.013554059,0.012607249,0.014536297,1
warmup,92,92,nb,0,256,4194304,3.468658771,0.013549448,0.012629180,0.014542910,1
warmup,93,93,nb,0,256,4194304,3.468685365,0.013549552,0.012644218,0.014573357,1
warmup,94,94,nb,0,256,4194304,3.461637055,0.013522020,0.012593203,0.014518834,1
warmup,95,95,nb,0,256,4194304,3.473610160,0.013568790,0.012637124,0.014597220,1
warmup,96,96,nb,0,256,4194304,3.464783189,0.013534309,0.012635000,0.014518393,1
warmup,97,97,nb,0,256,4194304,3.472093995,0.013562867,0.012565280,0.014592072,1
warmup,98,98,nb,0,256,4194304,3.465762435,0.013538135,0.012604012,0.014532259,1
warmup,99,99,nb,0,256,4194304,3.474583523,0.013572592,0.012636684,0.014556274,1
actual,0,100,nb,0,256,4194304,3.466671364,0.013541685,0.012625453,0.014509086,1
actual,1,101,nb,0,256,4194304,3.476067455,0.013578388,0.012675286,0.014592161,1
actual,2,102,nb,0,256,4194304,3.469093847,0.013551148,0.012668974,0.014528932,1
actual,3,103,nb,0,256,4194304,3.472621938,0.013564929,0.012652523,0.014585820,1
actual,4,104,nb,0,256,4194304,3.468729797,0.013549726,0.012598743,0.014534974,1
actual,5,105,nb,0,256,4194304,3.473289753,0.013567538,0.012616776,0.014571012,1
actual,6,106,nb,0,256,4194304,3.464275970,0.013532328,0.012580308,0.014502192,1
actual,7,107,nb,0,256,4194304,3.473360359,0.013567814,0.012664386,0.014531518,1
actual,8,108,nb,0,256,4194304,3.470643097,0.013557200,0.012617348,0.014608513,1
actual,9,109,nb,0,256,4194304,3.471409725,0.013560194,0.012606838,0.014556925,1
actual,10,110,nb,0,256,4194304,3.462641054,0.013525942,0.012619682,0.014494588,1
actual,11,111,nb,0,256,4194304,3.468715837,0.013549671,0.012631233,0.014538892,1
actual,12,112,nb,0,256,4194304,3.461341688,0.013520866,0.012636233,0.014477195,1
actual,13,113,nb,0,256,4194304,3.469564947,0.013552988,0.012646673,0.014549111,1
actual,14,114,nb,0,256,4194304,3.463237701,0.013528272,0.012626505,0.014535966,1
actual,15,115,nb,0,256,4194304,3.479258274,0.013590853,0.012748403,0.014617098,1
actual,16,116,nb,0,256,4194304,3.465973671,0.013538960,0.012633688,0.014518864,1
actual,17,117,nb,0,256,4194304,3.474685242,0.013572989,0.012738875,0.014555021,1
actual,18,118,nb,0,256,4194304,3.470479566,0.013556561,0.012635912,0.014533441,1
actual,19,119,nb,0,256,4194304,3.478364762,0.013587362,0.012753313,0.014590278,1
actual,20,120,nb,0,256,4194304,3.469250118,0.013551758,0.012655489,0.014540635,1
actual,21,121,nb,0,256,4194304,3.470773113,0.013557707,0.012648587,0.014570431,1
actual,22,122,nb,0,256,4194304,3.468649089,0.013549411,0.012623179,0.014547448,1
actual,23,123,nb,0,256,4194304,3.472739038,0.013565387,0.012641963,0.014574408,1
actual,24,124,nb,0,256,4194304,3.463144385,0.013527908,0.012569919,0.014511009,1
actual,25,125,nb,0,256,4194304,3.473921877,0.013570007,0.012665137,0.014611608,1
actual,26,126,nb,0,256,4194304,3.466269087,0.013540114,0.012605796,0.014526248,1
actual,27,127,nb,0,256,4194304,3.470377739,0.013556163,0.012592942,0.014532820,1
actual,28,128,nb,0,256,4194304,3.468356506,0.013548268,0.012621956,0.014503404,1
actual,29,129,nb,0,256,4194304,3.473143058,0.013566965,0.012657253,0.014556194,1
actual,30,130,nb,0,256,4194304,3.467038741,0.013543120,0.012648586,0.014491032,1
actual,31,131,nb,0,256,4194304,3.472872755,0.013565909,0.012654618,0.014542658,1
actual,32,132,nb,0,256,4194304,3.466536343,0.013541158,0.012633888,0.014538160,1
actual,33,133,nb,0,256,4194304,3.471866699,0.013561979,0.012631724,0.014546556,1
actual,34,134,nb,0,256,4194304,3.473941913,0.013570086,0.012740047,0.014515087,1
actual,35,135,nb,0,256,4194304,3.474596231,0.013572642,0.012699251,0.014551024,1
actual,36,136,nb,0,256,4194304,3.466374439,0.013540525,0.012651622,0.014526980,1
actual,37,137,nb,0,256,4194304,3.474151173,0.013570903,0.012630392,0.014569770,1
actual,38,138,nb,0,256,4194304,3.470933291,0.013558333,0.012597721,0.014587453,1
actual,39,139,nb,0,256,4194304,3.474351257,0.013571685,0.012666001,0.014556584,1
actual,40,140,nb,0,256,4194304,3.472688896,0.013565191,0.012658008,0.014570330,1
actual,41,141,nb,0,256,4194304,3.474999650,0.013574217,0.012608506,0.014556836,1
actual,42,142,nb,0,256,4194304,3.469743145,0.013553684,0.012671424,0.014524485,1
actual,43,143,nb,0,256,4194304,3.471365310,0.013560021,0.012624175,0.014528352,1
actual,44,144,nb,0,256,4194304,3.470208444,0.013555502,0.012723191,0.014520606,1
actual,45,145,nb,0,256,4194304,3.472222594,0.013563370,0.012654132,0.014592974,1
actual,46,146,nb,0,256,4194304,3.472590106,0.013564805,0.012678276,0.014523673,1
actual,47,147,nb,0,256,4194304,3.472973999,0.013566305,0.012660944,0.014539602,1
actual,48,148,nb,0,256,4194304,3.467446775,0.013544714,0.012672495,0.014484039,1
actual,49,149,nb,0,256,4194304,3.475051691,0.013574421,0.012657658,0.014536056,1
actual,50,150,nb,0,256,4194304,3.465741623,0.013538053,0.012636088,0.014505950,1
actual,51,151,nb,0,256,4194304,3.487777940,0.013624133,0.012818710,0.014524735,1
actual,52,152,nb,0,256,4194304,3.473412980,0.013568019,0.012702883,0.014564901,1
actual,53,153,nb,0,256,4194304,3.468452998,0.013548645,0.012601392,0.014560592,1
actual,54,154,nb,0,256,4194304,3.474355363,0.013571701,0.012685981,0.014538321,1
actual,55,155,nb,0,256,4194304,3.471881444,0.013562037,0.012686292,0.014514835,1
actual,56,156,nb,0,256,4194304,3.467301067,0.013544145,0.012659983,0.014530335,1
actual,57,157,nb,0,256,4194304,3.468025496,0.013546975,0.012653520,0.014500730,1
actual,58,158,nb,0,256,4194304,3.469714384,0.013553572,0.012627952,0.014548800,1
actual,59,159,nb,0,256,4194304,3.469704512,0.013553533,0.012649802,0.014557777,1
actual,60,160,nb,0,256,4194304,3.466222567,0.013539932,0.012589731,0.014539853,1
actual,61,161,nb,0,256,4194304,3.472444663,0.013564237,0.012611782,0.014558238,1
actual,62,162,nb,0,256,4194304,3.465918524,0.013538744,0.012624585,0.014546666,1
actual,63,163,nb,0,256,4194304,3.474470935,0.013572152,0.012582807,0.014665099,1
actual,64,164,nb,0,256,4194304,3.466673246,0.013541692,0.012654082,0.014601529,1
actual,65,165,nb,0,256,4194304,3.470709774,0.013557460,0.012580323,0.014605136,1
actual,66,166,nb,0,256,4194304,3.472986346,0.013566353,0.012689177,0.014540754,1
actual,67,167,nb,0,256,4194304,3.469444819,0.013552519,0.012641267,0.014537880,1
actual,68,168,nb,0,256,4194304,3.465478735,0.013537026,0.012651666,0.014507142,1
actual,69,169,nb,0,256,4194304,3.472465230,0.013564317,0.012602485,0.014600999,1
actual,70,170,nb,0,256,4194304,3.461858680,0.013522885,0.012618624,0.014486453,1
actual,71,171,nb,0,256,4194304,3.470108589,0.013555112,0.012622081,0.014567355,1
actual,72,172,nb,0,256,4194304,3.469588235,0.013553079,0.012722730,0.014563027,1
actual,73,173,nb,0,256,4194304,3.472350452,0.013563869,0.012663699,0.014569249,1
actual,74,174,nb,0,256,4194304,3.466561935,0.013541258,0.012653280,0.014518463,1
actual,75,175,nb,0,256,4194304,3.470005372,0.013554708,0.012635056,0.014534814,1
actual,76,176,nb,0,256,4194304,3.466772310,0.013542079,0.012665853,0.014530937,1
actual,77,177,nb,0,256,4194304,3.476626476,0.013580572,0.012682504,0.014600457,1
actual,78,178,nb,0,256,4194304,3.471009555,0.013558631,0.012648000,0.014509306,1
actual,79,179,nb,0,256,4194304,3.473886184,0.013569868,0.012662937,0.014531808,1
actual,80,180,nb,0,256,4194304,3.463369413,0.013528787,0.012651276,0.014524775,1
actual,81,181,nb,0,256,4194304,3.474651437,0.013572857,0.012673917,0.014586000,1
actual,82,182,nb,0,256,4194304,3.470916955,0.013558269,0.012736887,0.014510488,1
actual,83,183,nb,0,256,4194304,3.471717461,0.013561396,0.012637190,0.014547377,1
actual,84,184,nb,0,256,4194304,3.462497205,0.013525380,0.012720445,0.014529714,1
actual,85,185,nb,0,256,4194304,3.470843404,0.013557982,0.012636599,0.014585829,1
actual,86,186,nb,0,256,4194304,3.466499890,0.013541015,0.012617473,0.014523442,1
actual,87,187,nb,0,256,4194304,3.469813379,0.013553959,0.012632080,0.014520007,1
actual,88,188,nb,0,256,4194304,3.464467152,0.013533075,0.012663990,0.014506180,1
actual,89,189,nb,0,256,4194304,3.469557776,0.013552960,0.012656526,0.014573387,1
actual,90,190,nb,0,256,4194304,3.463533004,0.013529426,0.012602715,0.014491051,1
actual,91,191,nb,0,256,4194304,3.481359988,0.013599062,0.012755121,0.014561334,1
actual,92,192,nb,0,256,4194304,3.467267854,0.013544015,0.012601994,0.014578155,1
actual,93,193,nb,0,256,4194304,3.475719942,0.013577031,0.012649964,0.014627317,1
actual,94,194,nb,0,256,4194304,3.469227761,0.013551671,0.012597525,0.014584187,1
actual,95,195,nb,0,256,4194304,3.473674387,0.013569041,0.012711368,0.014529384,1
actual,96,196,nb,0,256,4194304,3.466536293,0.013541157,0.012603647,0.014582915,1
actual,97,197,nb,0,256,4194304,3.464091881,0.013531609,0.012603266,0.014487535,1
actual,98,198,nb,0,256,4194304,3.471406584,0.013560182,0.012612432,0.014564349,1
actual,99,199,nb,0,256,4194304,3.472189455,0.013563240,0.012675081,0.014530235,1
warmup,0,0,nb,0,256,6291456,4.063508095,0.015873078,0.014819492,0.017039352,1
warmup,1,1,nb,0,256,6291456,4.060022887,0.015859464,0.014791901,0.017083485,1
warmup,2,2,nb,0,256,6291456,4.040373000,0.015782707,0.014671665,0.016965201,1
warmup,3,3,nb,0,256,6291456,4.058503582,0.015853530,0.014735215,0.017035152,1
warmup,4,4,nb,0,256,6291456,4.057292768,0.015848800,0.014811748,0.017030835,1
warmup,5,5,nb,0,256,6291456,4.059825027,0.015858692,0.014756975,0.017048227,1
warmup,6,6,nb,0,256,6291456,4.054380442,0.015837424,0.014761985,0.017072503,1
warmup,7,7,nb,0,256,6291456,4.059094679,0.015855839,0.014770500,0.017072361,1
warmup,8,8,nb,0,256,6291456,4.050361663,0.015821725,0.014734413,0.017039861,1
warmup,9,9,nb,0,256,6291456,4.053952835,0.015835753,0.014745222,0.017028861,1
warmup,10,10,nb,0,256,6291456,4.057086763,0.015847995,0.014719896,0.017126404,1
warmup,11,11,nb,0,256,6291456,4.055185049,0.015840567,0.014754229,0.017127005,1
warmup,12,12,nb,0,256,6291456,4.046399672,0.015806249,0.014735925,0.017007230,1
warmup,13,13,nb,0,256,6291456,4.057847154,0.015850965,0.014769347,0.017127516,1
warmup,14,14,nb,0,256,6291456,4.056463510,0.015845561,0.014720547,0.017068896,1
warmup,15,15,nb,0,256,6291456,4.060777793,0.015862413,0.014754880,0.017125643,1
warmup,16,16,nb,0,256,6291456,4.052828476,0.015831361,0.014756364,0.017027498,1
warmup,17,17,nb,0,256,6291456,4.061498046,0.015865227,0.014794366,0.017076079,1
warmup,18,18,nb,0,256,6291456,4.060815708,0.015862561,0.014775600,0.017124300,1
warmup,19,19,nb,0,256,6291456,4.058817521,0.015854756,0.014778916,0.017097079,1
warmup,20,20,nb,0,256,6291456,4.054685729,0.015838616,0.014762575,0.017028059,1
warmup,21,21,nb,0,256,6291456,4.072211956,0.015907078,0.014800556,0.017189453,1
warmup,22,22,nb,0,256,6291456,4.053684997,0.015834707,0.014705178,0.017077973,1
warmup,23,23,nb,0,256,6291456,4.055924190,0.015843454,0.014731848,0.017071802,1
warmup,24,24,nb,0,256,6291456,4.064274301,0.015876071,0.014783455,0.017139378,1
warmup,25,25,nb,0,256,6291456,4.070407631,0.015900030,0.014714485,0.017159426,1
warmup,26,26,nb,0,256,6291456,4.087494878,0.015966777,0.014673799,0.017014384,1
warmup,27,27,nb,0,256,6291456,4.064511652,0.015876999,0.014770371,0.017079366,1
warmup,28,28,nb,0,256,6291456,4.057446561,0.015849401,0.014763517,0.017098982,1
warmup,29,29,nb,0,256,6291456,4.061708073,0.015866047,0.014758808,0.017038400,1
warmup,30,30,nb,0,256,6291456,4.052446709,0.015829870,0.014686222,0.017094785,1
warmup,31,31,nb,0,256,6291456,4.060697432,0.015862099,0.014741847,0.017122076,1
warmup,32,32,nb,0,256,6291456,4.057775227,0.015850684,0.014739152,0.017079916,1
warmup,33,33,nb,0,256,6291456,4.059086111,0.015855805,0.014776632,0.017126334,1
warmup,34,34,nb,0,256,6291456,4.060337552,0.015860694,0.014758808,0.017086629,1
warmup,35,35,nb,0,256,6291456,4.055107030,0.015840262,0.014756343,0.017107488,1
warmup,36,36,nb,0,256,6291456,4.054996490,0.015839830,0.014760392,0.017008414,1
warmup,37,37,nb,0,256,6291456,4.055205850,0.015840648,0.014815094,0.016988425,1
warmup,38,38,nb,0,256,6291456,4.049058333,0.015816634,0.014731788,0.016988535,1
warmup,39,39,nb,0,256,6291456,4.050293952,0.015821461,0.014718132,0.017047105,1
warmup,40,40,nb,0,256,6291456,4.054258881,0.015836949,0.014746165,0.017038238,1
warmup,41,41,nb,0,256,6291456,4.064655623,0.015877561,0.014736226,0.017162551,1
warmup,42,42,nb,0,256,6291456,4.052128224,0.015828626,0.014699137,0.016979769,1
warmup,43,43,nb,0,256,6291456,4.063599898,0.015873437,0.014733280,0.017102609,1
warmup,44,44,nb,0,256,6291456,4.061571700,0.015865514,0.014785218,0.017118910,1
warmup,45,45,nb,0,256,6291456,4.068078614,0.015890932,0.014734993,0.017122025,1
warmup,46,46,nb,0,256,6291456,4.050685846,0.015822992,0.014680141,0.017024813,1
warmup,47,47,nb,0,256,6291456,4.052595169,0.015830450,0.014772394,0.016998794,1
warmup,48,48,nb,0,256,6291456,4.054614690,0.015838339,0.014737027,0.017075368,1
warmup,49,49,nb,0,256,6291456,4.061414594,0.015864901,0.014768968,0.017053476,1
warmup,50,50,nb,0,256,6291456,4.527488858,0.017685503,0.014690009,0.021366545,1
warmup,51,51,nb,0,256,6291456,4.055542185,0.015841962,0.014748519,0.017033911,1
warmup,52,52,nb,0,256,6291456,4.060477190,0.015861239,0.014762335,0.017138116,1
warmup,53,53,nb,0,256,6291456,4.057944191,0.015851344,0.014784046,0.017064026,1
warmup,54,54,nb,0,256,6291456,4.053416741,0.015833659,0.014741366,0.017078814,1
warmup,55,55,nb,0,256,6291456,4.060056670,0.015859596,0.014667547,0.017149528,1
warmup,56,56,nb,0,256,6291456,4.048890002,0.015815977,0.014751284,0.016929485,1
warmup,57,57,nb,0,256,6291456,4.058385914,0.015853070,0.014702673,0.017056032,1
warmup,58,58,nb,0,256,6291456,4.054586508,0.015838229,0.014715266,0.017099784,1
warmup,59,59,nb,0,256,6291456,4.058561006,0.015853754,0.014662899,0.017131784,1
warmup,60,60,nb,0,256,6291456,4.058187686,0.015852296,0.014771091,0.017066742,1
warmup,61,61,nb,0,256,6291456,4.058253442,0.015852553,0.014744642,0.017088734,1
warmup,62,62,nb,0,256,6291456,4.047379144,0.015810075,0.014712731,0.016995307,1
warmup,63,63,nb,0,256,6291456,4.053512059,0.015834031,0.014721348,0.017081900,1
warmup,64,64,nb,0,256,6291456,4.049962538,0.015820166,0.014711860,0.016981272,1
warmup,65,65,nb,0,256,6291456,4.054711938,0.015838719,0.014735805,0.017081079,1
warmup,66,66,nb,0,256,6291456,4.045663145,0.015803372,0.014669481,0.017028509,1
warmup,67,67,nb,0,256,6291456,4.054747355,0.015838857,0.014697714,0.017103522,1
warmup,68,68,nb,0,256,6291456,4.063788425,0.015874174,0.014699117,0.017286206,1
warmup,69,69,nb,0,256,6291456,4.056703053,0.015846496,0.014728842,0.017088753,1
warmup,70,70,nb,0,256,6291456,4.059519232,0.015857497,0.014618265,0.017285294,1
warmup,71,71,nb,0,256,6291456,4.097896662,0.016007409,0.014881137,0.017483357,1
warmup,72,72,nb,0,256,6291456,4.063216685,0.015871940,0.014783034,0.017134339,1
warmup,73,73,nb,0,256,6291456,4.059977044,0.015859285,0.014736015,0.017142324,1
warmup,74,74,nb,0,256,6291456,4.054912500,0.015839502,0.014775460,0.017091398,1
warmup,75,75,nb,0,256,6291456,4.050812348,0.015823486,0.014778224,0.017091739,1
warmup,76,76,nb,0,256,6291456,4.048986425,0.015816353,0.014767976,0.017050221,1
warmup,77,77,nb,0,256,6291456,4.049220734,0.015817268,0.014744241,0.017090065,1
warmup,78,78,nb,0,256,6291456,4.061387739,0.015864796,0.014844378,0.017135140,1
warmup,79,79,nb,0,256,6291456,4.062227937,0.015868078,0.014748068,0.017153545,1
warmup,80,80,nb,0,256,6291456,4.053889118,0.015835504,0.014738199,0.017055781,1
warmup,81,81,nb,0,256,6291456,4.060845551,0.015862678,0.014801158,0.017064558,1
warmup,82,82,nb,0,256,6291456,4.060605595,0.015861741,0.014775620,0.017121505,1
warmup,83,83,nb,0,256,6291456,4.060511497,0.015861373,0.014794926,0.017128417,1
warmup,84,84,nb,0,256,6291456,4.055624269,0.015842282,0.014804434,0.017015435,1
warmup,85,85,nb,0,256,6291456,4.052587635,0.015830420,0.014738480,0.017036878,1
warmup,86,86,nb,0,256,6291456,4.044291254,0.015798013,0.014683688,0.017084355,1
warmup,87,87,nb,0,256,6291456,4.060877556,0.015862803,0.014826505,0.017098041,1
warmup,88,88,nb,0,256,6291456,4.046666736,0.015807292,0.014810456,0.016982695,1
warmup,89,89,nb,0,256,6291456,4.047857491,0.015811943,0.014744893,0.017031486,1
warmup,90,90,nb,0,256,6291456,4.054584469,0.015838221,0.014726637,0.017033088,1
warmup,91,91,nb,0,256,6291456,4.056784513,0.015846815,0.014774148,0.017094263,1
warmup,92,92,nb,0,256,6291456,4.051329297,0.015825505,0.014810505,0.017047355,1
warmup,93,93,nb,0,256,6291456,4.053414287,0.015833650,0.014780829,0.017090757,1
warmup,94,94,nb,0,256,6291456,4.045071563,0.015801061,0.014763667,0.017000517,1
warmup,95,95,nb,0,256,6291456,4.051129740,0.015824726,0.014793603,0.017029011,1
warmup,96,96,nb,0,256,6291456,4.046417893,0.015806320,0.014732379,0.017036866,1
warmup,97,97,nb,0,256,6291456,4.048599961,0.015814844,0.014777864,0.017084616,1
warmup,98,98,nb,0,256,6291456,4.043185886,0.015793695,0.014681905,0.017031366,1
warmup,99,99,nb,0,256,6291456,4.052949970,0.015831836,0.014665874,0.017146922,1
actual,0,100,nb,0,256,6291456,4.045511129,0.015802778,0.014705378,0.017098010,1
actual,1,101,nb,0,256,6291456,4.055023407,0.015839935,0.014779016,0.017103441,1
actual,2,102,nb,0,256,6291456,4.049527639,0.015818467,0.014754892,0.017137955,1
actual,3,103,nb,0,256,6291456,4.056574038,0.015845992,0.014813130,0.017107077,1
actual,4,104,nb,0,256,6291456,4.048429408,0.015814177,0.014813281,0.017056331,1
actual,5,105,nb,0,256,6291456,4.052725316,0.015830958,0.014706329,0.017107729,1
actual,6,106,nb,0,256,6291456,4.053390638,0.015833557,0.014711851,0.017172000,1
actual,7,107,nb,0,256,6291456,4.054676814,0.015838581,0.014741325,0.017141884,1
actual,8,108,nb,0,256,6291456,4.042179979,0.015789766,0.014778035,0.017008582,1
actual,9,109,nb,0,256,6291456,4.044612624,0.015799268,0.014752687,0.017058456,1
actual,10,110,nb,0,256,6291456,4.043418227,0.015794602,0.014696050,0.017083213,1
actual,11,111,nb,0,256,6291456,4.050227273,0.015821200,0.014762245,0.017126554,1
actual,12,112,nb,0,256,6291456,4.043948751,0.015796675,0.014742858,0.017008903,1
actual,13,113,nb,0,256,6291456,4.056212873,0.015844582,0.014780489,0.017116115,1
actual,14,114,nb,0,256,6291456,4.050803384,0.015823451,0.014724615,0.017128799,1
actual,15,115,nb,0,256,6291456,4.055985807,0.015843695,0.014775109,0.017075438,1
actual,16,116,nb,0,256,6291456,4.048264879,0.015813535,0.014751514,0.017035914,1
actual,17,117,nb,0,256,6291456,4.042485645,0.015790960,0.014699237,0.017002320,1
actual,18,118,nb,0,256,6291456,4.048912573,0.015816065,0.014713132,0.017112548,1
actual,19,119,nb,0,256,6291456,4.051044811,0.015824394,0.014669581,0.017134449,1
actual,20,120,nb,0,256,6291456,4.041474485,0.015787010,0.014723452,0.016999756,1
actual,21,121,nb,0,256,6291456,4.042732220,0.015791923,0.014724444,0.017029833,1
actual,22,122,nb,0,256,6291456,4.049392500,0.015817939,0.014733620,0.017065309,1
actual,23,123,nb,0,256,6291456,4.050135438,0.015820842,0.014702633,0.017092861,1
actual,24,124,nb,0,256,6291456,4.047355202,0.015809981,0.014756624,0.017040723,1
actual,25,125,nb,0,256,6291456,4.058038475,0.015851713,0.014758748,0.017137925,1
actual,26,126,nb,0,256,6291456,4.057285643,0.015848772,0.014646177,0.017017229,1
actual,27,127,nb,0,256,6291456,4.059382088,0.015856961,0.014694748,0.017082031,1
actual,28,128,nb,0,256,6291456,4.056254564,0.015844744,0.014806528,0.017122367,1
actual,29,129,nb,0,256,6291456,4.052322483,0.015829385,0.014736226,0.017115482,1
actual,30,130,nb,0,256,6291456,4.055494131,0.015841774,0.014795837,0.017071571,1
actual,31,131,nb,0,256,6291456,4.056066959,0.015844012,0.014784226,0.017047386,1
actual,32,132,nb,0,256,6291456,4.044259450,0.015797888,0.014727970,0.017073194,1
actual,33,133,nb,0,256,6291456,4.055884563,0.015843299,0.014728392,0.017161118,1
actual,34,134,nb,0,256,6291456,4.053994050,0.015835914,0.014711800,0.017070028,1
actual,35,135,nb,0,256,6291456,4.050653876,0.015822867,0.014708945,0.017041545,1
actual,36,136,nb,0,256,6291456,4.050878992,0.015823746,0.014734042,0.017094534,1
actual,37,137,nb,0,256,6291456,4.058452984,0.015853332,0.014759389,0.017186688,1
actual,38,138,nb,0,256,6291456,4.050627135,0.015822762,0.014764399,0.017004885,1
actual,39,139,nb,0,256,6291456,4.054203024,0.015836731,0.014797811,0.017075729,1
actual,40,140,nb,0,256,6291456,4.047366363,0.015810025,0.014753329,0.017077703,1
actual,41,141,nb,0,256,6291456,4.045420454,0.015802424,0.014704867,0.017056031,1
actual,42,142,nb,0,256,6291456,4.037028890,0.015769644,0.014640617,0.016976813,1
actual,43,143,nb,0,256,6291456,4.045214023,0.015801617,0.014696631,0.017028580,1
actual,44,144,nb,0,256,6291456,4.046140438,0.015805236,0.014716149,0.017107158,1
actual,45,145,nb,0,256,6291456,4.072911644,0.015909811,0.014898581,0.017043468,1
actual,46,146,nb,0,256,6291456,4.041191059,0.015785903,0.014671966,0.017032758,1
actual,47,147,nb,0,256,6291456,4.044517217,0.015798895,0.014697874,0.017019473,1
actual,48,148,nb,0,256,6291456,4.046114353,0.015805134,0.014727750,0.017049640,1
actual,49,149,nb,0,256,6291456,4.052354775,0.015829511,0.014756985,0.017096678,1
actual,50,150,nb,0,256,6291456,4.041254605,0.015786151,0.014702092,0.016972775,1
actual,51,151,nb,0,256,6291456,4.056281927,0.015844851,0.014725967,0.017116445,1
actual,52,152,nb,0,256,6291456,4.048442588,0.015814229,0.014743239,0.017090957,1
actual,53,153,nb,0,256,6291456,4.053854332,0.015835368,0.014751214,0.017058507,1
actual,54,154,nb,0,256,6291456,4.046657426,0.015807256,0.014736867,0.016998784,1
actual,55,155,nb,0,256,6291456,4.060451504,0.015861139,0.014769258,0.017070751,1
actual,56,156,nb,0,256,6291456,4.051719911,0.015827031,0.014690780,0.017120062,1
actual,57,157,nb,0,256,6291456,4.064921632,0.015878600,0.014785459,0.017147225,1
actual,58,158,nb,0,256,6291456,4.057318641,0.015848901,0.014769017,0.017044000,1
actual,59,159,nb,0,256,6291456,4.058699129,0.015854293,0.014776011,0.017039401,1
actual,60,160,nb,0,256,6291456,4.061952186,0.015867001,0.014761673,0.017140500,1
actual,61,161,nb,0,256,6291456,4.058331272,0.015852857,0.014708354,0.017173783,1
actual,62,162,nb,0,256,6291456,4.047419282,0.015810232,0.014731237,0.017004345,1
actual,63,163,nb,0,256,6291456,4.050172895,0.015820988,0.014721599,0.017061442,1
actual,64,164,nb,0,256,6291456,4.049574103,0.015818649,0.014682465,0.017094554,1
actual,65,165,nb,0,256,6291456,4.055110678,0.015840276,0.014798994,0.017101357,1
actual,66,166,nb,0,256,6291456,4.047628513,0.015811049,0.014737338,0.017068605,1
actual,67,167,nb,0,256,6291456,4.050432574,0.015822002,0.014702152,0.017029831,1
actual,68,168,nb,0,256,6291456,4.048723564,0.015815326,0.014754060,0.017058596,1
actual,69,169,nb,0,256,6291456,4.063243933,0.015872047,0.014780068,0.017137887,1
actual,70,170,nb,0,256,6291456,4.051717900,0.015827023,0.014739091,0.016989507,1
actual,71,171,nb,0,256,6291456,4.058865833,0.015854945,0.014694357,0.017069196,1
actual,72,172,nb,0,256,6291456,4.058617378,0.015853974,0.014785037,0.017072493,1
actual,73,173,nb,0,256,6291456,4.057955992,0.015851391,0.014817879,0.017081149,1
actual,74,174,nb,0,256,6291456,4.045306927,0.015801980,0.014706911,0.016977134,1
actual,75,175,nb,0,256,6291456,4.055711012,0.015842621,0.014728911,0.017017208,1
actual,76,176,nb,0,256,6291456,4.055956011,0.015843578,0.014747507,0.017056776,1
actual,77,177,nb,0,256,6291456,4.061706870,0.015866042,0.014875858,0.017067093,1
actual,78,178,nb,0,256,6291456,4.042442693,0.015790792,0.014669050,0.016976823,1
actual,79,179,nb,0,256,6291456,4.049309423,0.015817615,0.014683146,0.017041916,1
actual,80,180,nb,0,256,6291456,4.052118795,0.015828589,0.014745012,0.017080709,1
actual,81,181,nb,0,256,6291456,4.052748944,0.015831051,0.014750062,0.017118450,1
actual,82,182,nb,0,256,6291456,4.049394599,0.015817948,0.014669551,0.017046194,1
actual,83,183,nb,0,256,6291456,4.048272026,0.015813563,0.014725786,0.017050072,1
actual,84,184,nb,0,256,6291456,4.048080599,0.015812815,0.014761673,0.017108901,1
actual,85,185,nb,0,256,6291456,4.053776318,0.015835064,0.014769339,0.017079137,1
actual,86,186,nb,0,256,6291456,4.051311886,0.015825437,0.014727208,0.017107620,1
actual,87,187,nb,0,256,6291456,4.053492535,0.015833955,0.014773857,0.017114192,1
actual,88,188,nb,0,256,6291456,4.050694057,0.015823024,0.014766782,0.017091449,1
actual,89,189,nb,0,256,6291456,4.041985039,0.015789004,0.014692685,0.017033921,1
actual,90,190,nb,0,256,6291456,4.049368543,0.015817846,0.014747587,0.017046745,1
actual,91,191,nb,0,256,6291456,4.052926438,0.015831744,0.014710778,0.017105285,1
actual,92,192,nb,0,256,6291456,4.046833708,0.015807944,0.014753438,0.017039211,1
actual,93,193,nb,0,256,6291456,4.050056976,0.015820535,0.014752637,0.017091008,1
actual,94,194,nb,0,256,6291456,4.047494072,0.015810524,0.014742508,0.017140872,1
actual,95,195,nb,0,256,6291456,4.058442548,0.015853291,0.014742497,0.017145871,1
actual,96,196,nb,0,256,6291456,4.050078591,0.015820619,0.014776852,0.016993485,1
actual,97,197,nb,0,256,6291456,4.055964485,0.015843611,0.014728392,0.017072133,1
actual,98,198,nb,0,256,6291456,4.050478206,0.015822180,0.014710127,0.017090467,1
actual,99,199,nb,0,256,6291456,4.067573573,0.015888959,0.014746936,0.017164186,1
warmup,0,0,nb,0,256,8388608,4.832312572,0.018876221,0.017343245,0.020400116,1
warmup,1,1,nb,0,256,8388608,4.838198653,0.018899213,0.017363734,0.020465985,1
warmup,2,2,nb,0,256,8388608,4.835783820,0.018889781,0.017297729,0.020550905,1
warmup,3,3,nb,0,256,8388608,4.852668895,0.018955738,0.017388069,0.020581422,1
warmup,4,4,nb,0,256,8388608,4.850165636,0.018945960,0.017252595,0.020600588,1
warmup,5,5,nb,0,256,8388608,4.856740467,0.018971642,0.017315053,0.020682122,1
warmup,6,6,nb,0,256,8388608,4.841722086,0.018912977,0.017328448,0.020598094,1
warmup,7,7,nb,0,256,8388608,4.856391604,0.018970280,0.017315874,0.020775617,1
warmup,8,8,nb,0,256,8388608,4.839793932,0.018905445,0.017224342,0.020617550,1
warmup,9,9,nb,0,256,8388608,4.855862613,0.018968213,0.017291397,0.020732736,1
warmup,10,10,nb,0,256,8388608,4.849619972,0.018943828,0.017343756,0.020674477,1
warmup,11,11,nb,0,256,8388608,4.860850201,0.018987696,0.017233068,0.020736493,1
warmup,12,12,nb,0,256,8388608,4.858532960,0.018978644,0.017243277,0.020671912,1
warmup,13,13,nb,0,256,8388608,4.854582027,0.018963211,0.017239641,0.020603794,1
warmup,14,14,nb,0,256,8388608,4.873800116,0.019038282,0.017485172,0.020647495,1
warmup,15,15,nb,0,256,8388608,4.847026931,0.018933699,0.017358975,0.020719301,1
warmup,16,16,nb,0,256,8388608,4.841034804,0.018910292,0.017254518,0.020627638,1
warmup,17,17,nb,0,256,8388608,4.909792415,0.019178877,0.017379433,0.021174654,1
warmup,18,18,nb,0,256,8388608,4.845156365,0.018926392,0.017291979,0.020747403,1
warmup,19,19,nb,0,256,8388608,4.869375933,0.019021000,0.017250090,0.020760448,1
warmup,20,20,nb,0,256,8388608,4.827145970,0.018856039,0.017353114,0.020592312,1
warmup,21,21,nb,0,256,8388608,4.821091133,0.018832387,0.017329819,0.020524314,1
warmup,22,22,nb,0,256,8388608,4.821668786,0.018834644,0.017268756,0.020441058,1
warmup,23,23,nb,0,256,8388608,4.811018793,0.018793042,0.017307007,0.020454783,1
warmup,24,24,nb,0,256,8388608,4.825182056,0.018848367,0.017326213,0.020458310,1
warmup,25,25,nb,0,256,8388608,4.827723077,0.018858293,0.017312838,0.020573016,1
warmup,26,26,nb,0,256,8388608,4.898944814,0.019136503,0.017517701,0.021159174,1
warmup,27,27,nb,0,256,8388608,4.905442451,0.019161885,0.017489449,0.021106595,1
warmup,28,28,nb,0,256,8388608,5.017644173,0.019600173,0.017554912,0.021441750,1
warmup,29,29,nb,0,256,8388608,4.950110859,0.019336371,0.017843434,0.021074970,1
warmup,30,30,nb,0,256,8388608,4.971187697,0.019418702,0.017614163,0.020797949,1
warmup,31,31,nb,0,256,8388608,4.886374711,0.019087401,0.017371447,0.020885574,1
warmup,32,32,nb,0,256,8388608,4.852440372,0.018954845,0.017299323,0.020580440,1
warmup,33,33,nb,0,256,8388608,4.837167850,0.018895187,0.017340198,0.020484138,1
warmup,34,34,nb,0,256,8388608,4.852707349,0.018955888,0.017485713,0.020574598,1
warmup,35,35,nb,0,256,8388608,4.844086406,0.018922213,0.017378641,0.020595447,1
warmup,36,36,nb,0,256,8388608,4.830195514,0.018867951,0.017273204,0.020501601,1
warmup,37,37,nb,0,256,8388608,4.840045672,0.018906428,0.017362622,0.020549682,1
warmup,38,38,nb,0,256,8388608,4.840091280,0.018906607,0.017290266,0.020511320,1
warmup,39,39,nb,0,256,8388608,4.842157097,0.018914676,0.017339518,0.020510669,1
warmup,40,40,nb,0,256,8388608,4.818840810,0.018823597,0.017318809,0.020326607,1
warmup,41,41,nb,0,256,8388608,4.813075223,0.018801075,0.017293933,0.020378930,1
warmup,42,42,nb,0,256,8388608,4.830620338,0.018869611,0.017288924,0.020417914,1
warmup,43,43,nb,0,256,8388608,4.838196179,0.018899204,0.017269075,0.020483988,1
warmup,44,44,nb,0,256,8388608,4.845103734,0.018926186,0.017285778,0.020585819,1
warmup,45,45,nb,0,256,8388608,4.866695177,0.019010528,0.017494669,0.020555062,1
warmup,46,46,nb,0,256,8388608,4.835271183,0.018887778,0.017244169,0.020479330,1
warmup,47,47,nb,0,256,8388608,4.831606140,0.018873461,0.017203984,0.020543882,1
warmup,48,48,nb,0,256,8388608,4.825506964,0.018849637,0.017297740,0.020455294,1
warmup,49,49,nb,0,256,8388608,4.836360461,0.018892033,0.017330852,0.020552828,1
warmup,50,50,nb,0,256,8388608,4.838414133,0.018900055,0.017219883,0.020629392,1
warmup,51,51,nb,0,256,8388608,4.858155040,0.018977168,0.017362692,0.020722387,1
warmup,52,52,nb,0,256,8388608,4.844038029,0.018922024,0.017306627,0.020642066,1
warmup,53,53,nb,0,256,8388608,4.842886701,0.018917526,0.017248727,0.020682492,1
warmup,54,54,nb,0,256,8388608,4.858431218,0.018978247,0.017265990,0.020672884,1
warmup,55,55,nb,0,256,8388608,4.851656867,0.018951785,0.017297309,0.020645182,1
warmup,56,56,nb,0,256,8388608,4.867164532,0.019012361,0.017324590,0.020726284,1
warmup,57,57,nb,0,256,8388608,4.864298044,0.019001164,0.017348675,0.020726345,1
warmup,58,58,nb,0,256,8388608,4.834479917,0.018884687,0.017260640,0.020545244,1
warmup,59,59,nb,0,256,8388608,4.849136166,0.018941938,0.017249690,0.020616468,1
warmup,60,60,nb,0,256,8388608,4.867331271,0.019013013,0.017264907,0.020671662,1
warmup,61,61,nb,0,256,8388608,4.839064543,0.018902596,0.017364906,0.020629632,1
warmup,62,62,nb,0,256,8388608,4.818988921,0.018824175,0.017344797,0.020456948,1
warmup,63,63,nb,0,256,8388608,4.857479392,0.018974529,0.017346781,0.020713831,1
warmup,64,64,nb,0,256,8388608,4.834440240,0.018884532,0.017281790,0.020522531,1
warmup,65,65,nb,0,256,8388608,4.836218994,0.018891480,0.017328688,0.020569981,1
warmup,66,66,nb,0,256,8388608,4.837315449,0.018895763,0.017217519,0.020556435,1
warmup,67,67,nb,0,256,8388608,4.845832080,0.018929032,0.017368382,0.020628661,1
warmup,68,68,nb,0,256,8388608,4.843911315,0.018921529,0.017344407,0.020558147,1
warmup,69,69,nb,0,256,8388608,4.837383465,0.018896029,0.017243968,0.020633419,1
warmup,70,70,nb,0,256,8388608,4.837931779,0.018898171,0.017229983,0.020612580,1
warmup,71,71,nb,0,256,8388608,4.842983607,0.018917905,0.017263405,0.020624823,1
warmup,72,72,nb,0,256,8388608,4.830388595,0.018868705,0.017246453,0.020558618,1
warmup,73,73,nb,0,256,8388608,4.867101832,0.019012117,0.017184416,0.021261941,1
warmup,74,74,nb,0,256,8388608,4.837365801,0.018895960,0.017195338,0.020609355,1
warmup,75,75,nb,0,256,8388608,4.846883701,0.018933139,0.017284304,0.020629522,1
warmup,76,76,nb,0,256,8388608,4.862961143,0.018995942,0.017332836,0.020717608,1
warmup,77,77,nb,0,256,8388608,4.876474717,0.019048729,0.017366218,0.020796395,1
warmup,78,78,nb,0,256,8388608,4.865942570,0.019007588,0.017344707,0.020642517,1
warmup,79,79,nb,0,256,8388608,4.839303238,0.018903528,0.017250721,0.020592502,1
warmup,80,80,nb,0,256,8388608,4.842500471,0.018916017,0.017247716,0.020601069,1
warmup,81,81,nb,0,256,8388608,4.863222656,0.018996964,0.017352281,0.020705976,1
warmup,82,82,nb,0,256,8388608,4.874039807,0.019039218,0.017398018,0.020712929,1
warmup,83,83,nb,0,256,8388608,4.866066559,0.019008072,0.017351791,0.020772261,1
warmup,84,84,nb,0,256,8388608,4.871811140,0.019030512,0.017354786,0.020745600,1
warmup,85,85,nb,0,256,8388608,4.863546223,0.018998227,0.017362651,0.020710585,1
warmup,86,86,nb,0,256,8388608,4.853269550,0.018958084,0.017357281,0.020603183,1
warmup,87,87,nb,0,256,8388608,4.866931906,0.019011453,0.017377439,0.020759827,1
warmup,88,88,nb,0,256,8388608,4.873047031,0.019035340,0.017375325,0.020725112,1
warmup,89,89,nb,0,256,8388608,4.867023580,0.019011811,0.017334147,0.020776418,1
warmup,90,90,nb,0,256,8388608,4.857206829,0.018973464,0.017464953,0.020596360,1
warmup,91,91,nb,0,256,8388608,4.868345883,0.019016976,0.017398197,0.020680618,1
warmup,92,92,nb,0,256,8388608,4.870080699,0.019023753,0.017348946,0.020759967,1
warmup,93,93,nb,0,256,8388608,4.844680126,0.018924532,0.017220785,0.020647265,1
warmup,94,94,nb,0,256,8388608,4.833131613,0.018879420,0.017259267,0.020495050,1
warmup,95,95,nb,0,256,8388608,4.821797200,0.018835145,0.017206960,0.020463580,1
warmup,96,96,nb,0,256,8388608,4.884970440,0.019081916,0.017537890,0.020595839,1
warmup,97,97,nb,0,256,8388608,4.860004389,0.018984392,0.017371759,0.020671491,1
warmup,98,98,nb,0,256,8388608,4.848158078,0.018938117,0.017293111,0.020521799,1
warmup,99,99,nb,0,256,8388608,4.856266478,0.018969791,0.017311716,0.020605697,1
actual,0,100,nb,0,256,8388608,4.841648595,0.018912690,0.017293641,0.020563588,1
actual,1,101,nb,0,256,8388608,4.837637848,0.018897023,0.017243408,0.020599986,1
actual,2,102,nb,0,256,8388608,4.844987143,0.018925731,0.017288612,0.020591621,1
actual,3,103,nb,0,256,8388608,4.834252889,0.018883800,0.017309772,0.020553900,1
actual,4,104,nb,0,256,8388608,4.835557937,0.018888898,0.017270989,0.020579127,1
actual,5,105,nb,0,256,8388608,4.874082310,0.019039384,0.017311736,0.020795284,1
actual,6,106,nb,0,256,8388608,4.886930616,0.019089573,0.017329649,0.020864203,1
actual,7,107,nb,0,256,8388608,4.841357026,0.018911551,0.017287962,0.020598273,1
actual,8,108,nb,0,256,8388608,4.855276033,0.018965922,0.017280707,0.020756571,1
actual,9,109,nb,0,256,8388608,4.858786400,0.018979634,0.017318849,0.020948833,1
actual,10,110,nb,0,256,8388608,4.835860339,0.018890079,0.017299463,0.020562877,1
actual,11,111,nb,0,256,8388608,4.846026724,0.018929792,0.017376637,0.020624293,1
actual,12,112,nb,0,256,8388608,4.847428302,0.018935267,0.017311605,0.020645011,1
actual,13,113,nb,0,256,8388608,4.885371286,0.019083482,0.017336182,0.021073748,1
actual,14,114,nb,0,256,8388608,4.846126519,0.018930182,0.017294673,0.020620425,1
actual,15,115,nb,0,256,8388608,4.982017697,0.019461007,0.017378170,0.022204935,1
actual,16,116,nb,0,256,8388608,4.850627149,0.018947762,0.017182683,0.020804151,1
actual,17,117,nb,0,256,8388608,4.876520462,0.019048908,0.017277912,0.021109375,1
actual,18,118,nb,0,256,8388608,4.831964568,0.018874862,0.017198854,0.020609925,1
actual,19,119,nb,0,256,8388608,4.850081814,0.018945632,0.017229772,0.020749718,1
actual,20,120,nb,0,256,8388608,4.853335564,0.018958342,0.017206850,0.020777100,1
actual,21,121,nb,0,256,8388608,4.886781287,0.019088989,0.017322105,0.021478168,1
actual,22,122,nb,0,256,8388608,4.841727548,0.018912998,0.017209585,0.020690317,1
actual,23,123,nb,0,256,8388608,5.027926709,0.019640339,0.017256602,0.023084257,1
actual,24,124,nb,0,256,8388608,4.845297377,0.018926943,0.017217319,0.020662354,1
actual,25,125,nb,0,256,8388608,4.813390778,0.018802308,0.017249208,0.020410349,1
actual,26,126,nb,0,256,8388608,4.818207314,0.018821122,0.017207811,0.020369463,1
actual,27,127,nb,0,256,8388608,4.863775947,0.018999125,0.017557245,0.020486794,1
actual,28,128,nb,0,256,8388608,4.841767127,0.018913153,0.017260370,0.020541507,1
actual,29,129,nb,0,256,8388608,4.848666118,0.018940102,0.017309682,0.020544101,1
actual,30,130,nb,0,256,8388608,4.843920666,0.018921565,0.017284305,0.020510749,1
actual,31,131,nb,0,256,8388608,4.828333285,0.018860677,0.017265820,0.020490240,1
actual,32,132,nb,0,256,8388608,4.827112046,0.018855906,0.017269146,0.020471054,1
actual,33,133,nb,0,256,8388608,4.832882753,0.018878448,0.017326493,0.020483207,1
actual,34,134,nb,0,256,8388608,4.830187883,0.018867921,0.017369123,0.020425288,1
actual,35,135,nb,0,256,8388608,4.845346456,0.018927135,0.017328797,0.020580705,1
actual,36,136,nb,0,256,8388608,4.838338309,0.018899759,0.017292480,0.020559355,1
actual,37,137,nb,0,256,8388608,4.863660121,0.018998672,0.017440357,0.020671822,1
actual,38,138,nb,0,256,8388608,4.826146585,0.018852135,0.017272472,0.020426260,1
actual,39,139,nb,0,256,8388608,4.853618178,0.018959446,0.017438824,0.020471034,1
actual,40,140,nb,0,256,8388608,4.838191454,0.018899185,0.017331002,0.020486173,1
actual,41,141,nb,0,256,8388608,4.839476021,0.018904203,0.017298270,0.020497735,1
actual,42,142,nb,0,256,8388608,4.828954853,0.018863105,0.017269516,0.020436764,1
actual,43,143,nb,0,256,8388608,4.839497021,0.018904285,0.017303641,0.020524630,1
actual,44,144,nb,0,256,8388608,4.867680298,0.019014376,0.017399460,0.020620375,1
actual,45,145,nb,0,256,8388608,4.861375492,0.018989748,0.017346481,0.020675343,1
actual,46,146,nb,0,256,8388608,4.860002679,0.018984385,0.017375094,0.020616372,1
actual,47,147,nb,0,256,8388608,4.858535152,0.018978653,0.017394071,0.020640689,1
actual,48,148,nb,0,256,8388608,4.856816862,0.018971941,0.017346691,0.020604179,1
actual,49,149,nb,0,256,8388608,4.857330227,0.018973946,0.017380004,0.020572395,1
actual,50,150,nb,0,256,8388608,4.868126761,0.019016120,0.017383029,0.020638158,1
actual,51,151,nb,0,256,8388608,4.858006406,0.018976588,0.017373823,0.020615725,1
actual,52,152,nb,0,256,8388608,4.866969657,0.019011600,0.017437161,0.020611408,1
actual,53,153,nb,0,256,8388608,4.859121025,0.018980942,0.017381297,0.020600177,1
actual,54,154,nb,0,256,8388608,4.859445547,0.018982209,0.017361699,0.020566599,1
actual,55,155,nb,0,256,8388608,4.831141049,0.018871645,0.017334318,0.020538736,1
actual,56,156,nb,0,256,8388608,4.833660723,0.018881487,0.017302989,0.020495294,1
actual,57,157,nb,0,256,8388608,4.830684422,0.018869861,0.017323117,0.020473684,1
actual,58,158,nb,0,256,8388608,4.843613873,0.018920367,0.017195057,0.020565186,1
actual,59,159,nb,0,256,8388608,4.853165741,0.018957679,0.017357190,0.020588835,1
actual,60,160,nb,0,256,8388608,4.838178100,0.018899133,0.017284174,0.020539358,1
actual,61,161,nb,0,256,8388608,4.842594950,0.018916387,0.017253106,0.020558128,1
actual,62,162,nb,0,256,8388608,4.847388569,0.018935112,0.017241444,0.020580164,1
actual,63,163,nb,0,256,8388608,4.852003724,0.018953140,0.017283612,0.020631681,1
actual,64,164,nb,0,256,8388608,4.807184522,0.018778065,0.017228159,0.020299326,1
actual,65,165,nb,0,256,8388608,4.876132680,0.019047393,0.017423746,0.020680784,1
actual,66,166,nb,0,256,8388608,4.837775553,0.018897561,0.017371368,0.020517307,1
actual,67,167,nb,0,256,8388608,4.841741708,0.018913054,0.017310933,0.020565266,1
actual,68,168,nb,0,256,8388608,4.837776806,0.018897566,0.017246654,0.020556460,1
actual,69,169,nb,0,256,8388608,4.848479623,0.018939374,0.017329469,0.020568092,1
actual,70,170,nb,0,256,8388608,4.840584787,0.018908534,0.017188204,0.020636751,1
actual,71,171,nb,0,256,8388608,4.879308811,0.019059800,0.017320212,0.020774310,1
actual,72,172,nb,0,256,8388608,4.870223408,0.019024310,0.017325953,0.020761766,1
actual,73,173,nb,0,256,8388608,4.847447201,0.018935341,0.017360808,0.020573412,1
actual,74,174,nb,0,256,8388608,4.804320634,0.018766877,0.017259258,0.020289858,1
actual,75,175,nb,0,256,8388608,4.821487106,0.018833934,0.017338155,0.020468700,1
actual,76,176,nb,0,256,8388608,4.841337070,0.018911473,0.017620435,0.020383614,1
actual,77,177,nb,0,256,8388608,4.851649543,0.018951756,0.017533963,0.020519681,1
actual,78,178,nb,0,256,8388608,4.842885419,0.018917521,0.017316115,0.020524555,1
actual,79,179,nb,0,256,8388608,4.854243731,0.018961890,0.017353123,0.020619022,1
actual,80,180,nb,0,256,8388608,4.848376512,0.018938971,0.017514266,0.020507748,1
actual,81,181,nb,0,256,8388608,4.837451847,0.018896296,0.017406563,0.020467387,1
actual,82,182,nb,0,256,8388608,4.832117582,0.018875459,0.017357572,0.020464016,1
actual,83,183,nb,0,256,8388608,4.832627543,0.018877451,0.017341902,0.020437145,1
actual,84,184,nb,0,256,8388608,4.832039074,0.018875153,0.017289775,0.020441834,1
actual,85,185,nb,0,256,8388608,4.847857125,0.018936942,0.017404870,0.020515854,1
actual,86,186,nb,0,256,8388608,4.845066191,0.018926040,0.017346161,0.020508219,1
actual,87,187,nb,0,256,8388608,4.837427594,0.018896202,0.017361959,0.020502413,1
actual,88,188,nb,0,256,8388608,4.816751236,0.018815435,0.017297789,0.020385468,1
actual,89,189,nb,0,256,8388608,4.837945603,0.018898225,0.017411984,0.020520191,1
actual,90,190,nb,0,256,8388608,4.842693126,0.018916770,0.017447891,0.020520272,1
actual,91,191,nb,0,256,8388608,4.829826122,0.018866508,0.017307237,0.020461371,1
actual,92,192,nb,0,256,8388608,4.856863725,0.018972124,0.017512693,0.020518698,1
actual,93,193,nb,0,256,8388608,4.842555393,0.018916232,0.017347673,0.020497574,1
actual,94,194,nb,0,256,8388608,4.835925890,0.018890336,0.017215205,0.020502939,1
actual,95,195,nb,0,256,8388608,4.822684708,0.018838612,0.017244139,0.020434606,1
actual,96,196,nb,0,256,8388608,4.821397827,0.018833585,0.017325361,0.020334998,1
actual,97,197,nb,0,256,8388608,4.809978729,0.018788979,0.017358974,0.020315546,1
actual,98,198,nb,0,256,8388608,4.824074790,0.018844042,0.017222679,0.020415655,1
actual,99,199,nb,0,256,8388608,4.846881153,0.018933130,0.017298090,0.020539688,1
warmup,0,0,nb,0,256,12582912,6.320521223,0.024689536,0.021875294,0.027162547,1
warmup,1,1,nb,0,256,12582912,6.271817899,0.024499289,0.021597492,0.026922144,1
warmup,2,2,nb,0,256,12582912,6.225820200,0.024319610,0.021603164,0.026750385,1
warmup,3,3,nb,0,256,12582912,6.246847621,0.024401749,0.021582465,0.027008650,1
warmup,4,4,nb,0,256,12582912,6.225804250,0.024319548,0.021608884,0.026662889,1
warmup,5,5,nb,0,256,12582912,6.241304530,0.024380096,0.022141102,0.026702233,1
warmup,6,6,nb,0,256,12582912,6.220361644,0.024298288,0.022045924,0.026546281,1
warmup,7,7,nb,0,256,12582912,6.250451700,0.024415827,0.022187349,0.026635949,1
warmup,8,8,nb,0,256,12582912,6.225214862,0.024317246,0.022024123,0.026502218,1
warmup,9,9,nb,0,256,12582912,6.211414612,0.024263338,0.022083424,0.026436895,1
warmup,10,10,nb,0,256,12582912,6.237355603,0.024364670,0.021841210,0.026472832,1
warmup,11,11,nb,0,256,12582912,6.289353581,0.024567787,0.022491740,0.026800679,1
warmup,12,12,nb,0,256,12582912,6.285542566,0.024552901,0.022009175,0.026989645,1
warmup,13,13,nb,0,256,12582912,6.270692172,0.024494891,0.021989188,0.026950852,1
warmup,14,14,nb,0,256,12582912,6.262037294,0.024461083,0.021802398,0.026937116,1
warmup,15,15,nb,0,256,12582912,6.359350913,0.024841215,0.022946397,0.026994985,1
warmup,16,16,nb,0,256,12582912,6.230056131,0.024336157,0.021704775,0.026771914,1
warmup,17,17,nb,0,256,12582912,6.298798095,0.024604680,0.022281566,0.026761896,1
warmup,18,18,nb,0,256,12582912,6.301263260,0.024614310,0.022548837,0.026783727,1
warmup,19,19,nb,0,256,12582912,6.398758493,0.024995150,0.022388184,0.026693074,1
warmup,20,20,nb,0,256,12582912,6.307622397,0.024639150,0.022601225,0.026782472,1
warmup,21,21,nb,0,256,12582912,6.270256247,0.024493188,0.021817746,0.026737638,1
warmup,22,22,nb,0,256,12582912,6.391140802,0.024965394,0.022468596,0.026763289,1
warmup,23,23,nb,0,256,12582912,6.282229552,0.024539959,0.022412662,0.026831607,1
warmup,24,24,nb,0,256,12582912,6.262294638,0.024462088,0.021709703,0.026831547,1
warmup,25,25,nb,0,256,12582912,6.246701290,0.024401177,0.021628280,0.026817040,1
warmup,26,26,nb,0,256,12582912,6.234500432,0.024353517,0.021709523,0.026684581,1
warmup,27,27,nb,0,256,12582912,6.239685348,0.024373771,0.021720804,0.026761356,1
warmup,28,28,nb,0,256,12582912,6.229228265,0.024332923,0.021782630,0.026744844,1
warmup,29,29,nb,0,256,12582912,6.281238670,0.024536089,0.021849385,0.027041803,1
warmup,30,30,nb,0,256,12582912,6.242673542,0.024385444,0.021738288,0.026908531,1
warmup,31,31,nb,0,256,12582912,6.245436993,0.024396238,0.021783242,0.026785310,1
warmup,32,32,nb,0,256,12582912,6.250537099,0.024416161,0.021776328,0.026861173,1
warmup,33,33,nb,0,256,12582912,6.258901984,0.024448836,0.021919398,0.026806791,1
warmup,34,34,nb,0,256,12582912,6.302453667,0.024618960,0.021995800,0.026983453,1
warmup,35,35,nb,0,256,12582912,6.305298535,0.024630072,0.021866368,0.027061720,1
warmup,36,36,nb,0,256,12582912,6.286919175,0.024558278,0.021873250,0.026965519,1
warmup,37,37,nb,0,256,12582912,6.293871733,0.024585436,0.021943372,0.026895388,1
warmup,38,38,nb,0,256,12582912,6.296222543,0.024594619,0.022097320,0.026877744,1
warmup,39,39,nb,0,256,12582912,6.271873992,0.024499508,0.021792820,0.026875150,1
warmup,40,40,nb,0,256,12582912,6.268453987,0.024486148,0.021761179,0.026904674,1
warmup,41,41,nb,0,256,12582912,6.306490558,0.024634729,0.021919988,0.027078431,1
warmup,42,42,nb,0,256,12582912,6.304167347,0.024625654,0.021935376,0.027010374,1
warmup,43,43,nb,0,256,12582912,6.328199275,0.024719528,0.021924416,0.027146439,1
warmup,44,44,nb,0,256,12582912,6.349808279,0.024803939,0.022003063,0.027295580,1
warmup,45,45,nb,0,256,12582912,6.320637512,0.024689990,0.021869583,0.027172719,1
warmup,46,46,nb,0,256,12582912,6.327492165,0.024716766,0.021956597,0.027168291,1
warmup,47,47,nb,0,256,12582912,6.312669466,0.024658865,0.021879101,0.027088411,1
warmup,48,48,nb,0,256,12582912,6.313783243,0.024663216,0.021967908,0.027066098,1
warmup,49,49,nb,0,256,12582912,6.295171834,0.024590515,0.021967136,0.027060498,1
warmup,50,50,nb,0,256,12582912,6.270250111,0.024493164,0.021887236,0.027006336,1
warmup,51,51,nb,0,256,12582912,6.289371196,0.024567856,0.021990390,0.027088000,1
warmup,52,52,nb,0,256,12582912,6.290677401,0.024572959,0.022003564,0.027142883,1
warmup,53,53,nb,0,256,12582912,6.308151026,0.024641215,0.021974830,0.027274560,1
warmup,54,54,nb,0,256,12582912,6.282771262,0.024542075,0.022041837,0.027008310,1
warmup,55,55,nb,0,256,12582912,6.343737795,0.024780226,0.022163735,0.027115992,1
warmup,56,56,nb,0,256,12582912,6.557808776,0.025616441,0.021816184,0.030112264,1
warmup,57,57,nb,0,256,12582912,6.432621837,0.025127429,0.022013433,0.027960016,1
warmup,58,58,nb,0,256,12582912,6.350667588,0.024807295,0.021961205,0.027374538,1
warmup,59,59,nb,0,256,12582912,6.316559500,0.024674061,0.022120454,0.027136562,1
warmup,60,60,nb,0,256,12582912,6.304074154,0.024625290,0.022082943,0.027112987,1
warmup,61,61,nb,0,256,12582912,6.291539607,0.024576327,0.022026307,0.027217855,1
warmup,62,62,nb,0,256,12582912,6.238967295,0.024370966,0.021828727,0.026846796,1
warmup,63,63,nb,0,256,12582912,6.258556113,0.024447485,0.021829939,0.026917799,1
warmup,64,64,nb,0,256,12582912,6.246942574,0.024402119,0.021869202,0.026780792,1
warmup,65,65,nb,0,256,12582912,6.252912811,0.024425441,0.021796987,0.026892282,1
warmup,66,66,nb,0,256,12582912,6.251250549,0.024418947,0.021825942,0.026878947,1
warmup,67,67,nb,0,256,12582912,6.276962055,0.024519383,0.021880584,0.026878416,1
warmup,68,68,nb,0,256,12582912,6.245439309,0.024396247,0.021820822,0.026897361,1
warmup,69,69,nb,0,256,12582912,6.231259737,0.024340858,0.021616418,0.026812060,1
warmup,70,70,nb,0,256,12582912,6.237423524,0.024364936,0.021788692,0.026717893,1
warmup,71,71,nb,0,256,12582912,6.245696939,0.024397254,0.021751181,0.026822311,1
warmup,72,72,nb,0,256,12582912,6.265116149,0.024473110,0.021712469,0.026974186,1
warmup,73,73,nb,0,256,12582912,6.260794731,0.024456229,0.021787319,0.026965610,1
warmup,74,74,nb,0,256,12582912,6.254503618,0.024431655,0.021793541,0.026912359,1
warmup,75,75,nb,0,256,12582912,6.255229274,0.024434489,0.021746944,0.026868307,1
warmup,76,76,nb,0,256,12582912,6.261623789,0.024459468,0.021684576,0.027012709,1
warmup,77,77,nb,0,256,12582912,6.261521220,0.024459067,0.021834117,0.026985407,1
warmup,78,78,nb,0,256,12582912,6.249077574,0.024410459,0.021782430,0.027042193,1
warmup,79,79,nb,0,256,12582912,6.262715471,0.024463732,0.021736153,0.027087108,1
warmup,80,80,nb,0,256,12582912,6.253499265,0.024427732,0.021748316,0.027121092,1
warmup,81,81,nb,0,256,12582912,6.235071027,0.024355746,0.021872369,0.026763029,1
warmup,82,82,nb,0,256,12582912,6.227512903,0.024326222,0.021746312,0.026716080,1
warmup,83,83,nb,0,256,12582912,6.245968978,0.024398316,0.021734199,0.026713425,1
warmup,84,84,nb,0,256,12582912,6.200379636,0.024220233,0.021806946,0.026568211,1
warmup,85,85,nb,0,256,12582912,6.224538918,0.024314605,0.021804050,0.026649385,1
warmup,86,86,nb,0,256,12582912,6.237802816,0.024366417,0.021892626,0.026656808,1
warmup,87,87,nb,0,256,12582912,6.246055329,0.024398654,0.021888859,0.026804657,1
warmup,88,88,nb,0,256,12582912,6.247006263,0.024402368,0.021826081,0.026854991,1
warmup,89,89,nb,0,256,12582912,6.268117700,0.024484835,0.021943181,0.026918881,1
warmup,90,90,nb,0,256,12582912,6.319924074,0.024687203,0.022147584,0.027103218,1
warmup,91,91,nb,0,256,12582912,6.297869468,0.024601053,0.022083054,0.026968796,1
warmup,92,92,nb,0,256,12582912,6.277193316,0.024520286,0.021984429,0.026971821,1
warmup,93,93,nb,0,256,12582912,6.240476267,0.024376860,0.021721816,0.026763168,1
warmup,94,94,nb,0,256,12582912,6.252072334,0.024422158,0.021721465,0.026799386,1
warmup,95,95,nb,0,256,12582912,6.233106577,0.024348073,0.021888438,0.026596716,1
warmup,96,96,nb,0,256,12582912,6.227078780,0.024324526,0.021851079,0.026684621,1
warmup,97,97,nb,0,256,12582912,6.229325771,0.024333304,0.021804100,0.026703457,1
warmup,98,98,nb,0,256,12582912,6.222617802,0.024307101,0.021856068,0.026673449,1
warmup,99,99,nb,0,256,12582912,6.225605468,0.024318771,0.021843514,0.026695210,1
actual,0,100,nb,0,256,12582912,6.213072973,0.024269816,0.021864634,0.026647832,1
actual,1,101,nb,0,256,12582912,6.245787453,0.024397607,0.021965573,0.026740657,1
actual,2,102,nb,0,256,12582912,6.223682176,0.024311258,0.021859795,0.026652791,1
actual,3,103,nb,0,256,12582912,6.232481414,0.024345631,0.021886264,0.026673540,1
actual,4,104,nb,0,256,12582912,6.247183009,0.024403059,0.021974701,0.026628575,1
actual,5,105,nb,0,256,12582912,6.260548416,0.024455267,0.021939715,0.026782716,1
actual,6,106,nb,0,256,12582912,6.268512351,0.024486376,0.021895783,0.026857045,1
actual,7,107,nb,0,256,12582912,6.266518382,0.024478587,0.021899740,0.026948888,1
actual,8,108,nb,0,256,12582912,6.260172440,0.024453799,0.021764797,0.026886571,1
actual,9,109,nb,0,256,12582912,6.296423837,0.024595406,0.021819630,0.027326879,1
actual,10,110,nb,0,256,12582912,6.289383028,0.024567902,0.021828917,0.027032626,1
actual,11,111,nb,0,256,12582912,6.289527643,0.024568467,0.021684557,0.027024089,1
actual,12,112,nb,0,256,12582912,6.284498299,0.024548821,0.021859584,0.027060819,1
actual,13,113,nb,0,256,12582912,6.253513754,0.024427788,0.021736103,0.026880610,1
actual,14,114,nb,0,256,12582912,6.249830995,0.024413402,0.021732596,0.026869529,1
actual,15,115,nb,0,256,12582912,6.260154795,0.024453730,0.021764737,0.026779048,1
actual,16,116,nb,0,256,12582912,6.255308518,0.024434799,0.021830700,0.026715339,1
actual,17,117,nb,0,256,12582912,6.242888468,0.024386283,0.021781167,0.026642451,1
actual,18,118,nb,0,256,12582912,6.269708343,0.024491048,0.021784874,0.026685833,1
actual,19,119,nb,0,256,12582912,6.298845303,0.024604864,0.022029864,0.026875788,1
actual,20,120,nb,0,256,12582912,6.335125217,0.024746583,0.022129610,0.026964087,1
actual,21,121,nb,0,256,12582912,6.305116413,0.024629361,0.021929275,0.026908242,1
actual,22,122,nb,0,256,12582912,6.288017288,0.024562568,0.021969851,0.026861685,1
actual,23,123,nb,0,256,12582912,6.289236157,0.024567329,0.021841450,0.026911588,1
actual,24,124,nb,0,256,12582912,6.284913663,0.024550444,0.021896904,0.026922518,1
actual,25,125,nb,0,256,12582912,6.286521346,0.024556724,0.021887106,0.026902410,1
actual,26,126,nb,0,256,12582912,6.275123112,0.024512200,0.021813268,0.026970729,1
actual,27,127,nb,0,256,12582912,6.258423043,0.024446965,0.021760690,0.026984584,1
actual,28,128,nb,0,256,12582912,6.261307195,0.024458231,0.021836882,0.026791481,1
actual,29,129,nb,0,256,12582912,6.258193086,0.024446067,0.021845097,0.026960169,1
actual,30,130,nb,0,256,12582912,6.265038387,0.024472806,0.021839648,0.027084624,1
actual,31,131,nb,0,256,12582912,6.285661584,0.024553366,0.021832023,0.027223696,1
actual,32,132,nb,0,256,12582912,6.301999235,0.024617185,0.022024073,0.027228865,1
actual,33,133,nb,0,256,12582912,6.313480941,0.024662035,0.022023162,0.027338832,1
actual,34,134,nb,0,256,12582912,6.264095099,0.024469121,0.021878349,0.027137432,1
actual,35,135,nb,0,256,12582912,6.302139314,0.024617732,0.021982335,0.027277376,1
actual,36,136,nb,0,256,12582912,6.271412060,0.024497703,0.021853784,0.027179773,1
actual,37,137,nb,0,256,12582912,6.270709273,0.024494958,0.021824829,0.027184881,1
actual,38,138,nb,0,256,12582912,6.226976243,0.024324126,0.021792939,0.026844271,1
actual,39,139,nb,0,256,12582912,6.236338194,0.024360696,0.021740191,0.026870660,1
actual,40,140,nb,0,256,12582912,6.244214147,0.024391462,0.021873851,0.026912670,1
actual,41,141,nb,0,256,12582912,6.237132653,0.024363799,0.021868100,0.026857186,1
actual,42,142,nb,0,256,12582912,6.232355436,0.024345138,0.021850427,0.026873746,1
actual,43,143,nb,0,256,12582912,6.241649304,0.024381443,0.021804531,0.026962413,1
actual,44,144,nb,0,256,12582912,6.599415756,0.025778968,0.022329876,0.029506714,1
actual,45,145,nb,0,256,12582912,6.257556321,0.024443579,0.021775617,0.026893594,1
actual,46,146,nb,0,256,12582912,6.271124637,0.024496581,0.021714893,0.026983343,1
actual,47,147,nb,0,256,12582912,6.270404264,0.024493767,0.021838916,0.026941504,1
actual,48,148,nb,0,256,12582912,6.272312235,0.024501220,0.021845157,0.026909684,1
actual,49,149,nb,0,256,12582912,6.262511441,0.024462935,0.021902835,0.026840374,1
actual,50,150,nb,0,256,12582912,6.269395933,0.024489828,0.022021999,0.026859830,1
actual,51,151,nb,0,256,12582912,6.253821540,0.024428990,0.021866338,0.026903603,1
actual,52,152,nb,0,256,12582912,6.260096316,0.024453501,0.021843144,0.027057693,1
actual,53,153,nb,0,256,12582912,6.255990038,0.024437461,0.021834257,0.026858458,1
actual,54,154,nb,0,256,12582912,6.259993282,0.024453099,0.021879983,0.026953526,1
actual,55,155,nb,0,256,12582912,6.243625662,0.024389163,0.021868512,0.026830606,1
actual,56,156,nb,0,256,12582912,6.238209882,0.024368007,0.021735322,0.026799377,1
actual,57,157,nb,0,256,12582912,6.235852100,0.024358797,0.021722067,0.026699178,1
actual,58,158,nb,0,256,12582912,6.222357400,0.024306084,0.021745761,0.026646459,1
actual,59,159,nb,0,256,12582912,6.247795718,0.024405452,0.021699364,0.026941223,1
actual,60,160,nb,0,256,12582912,6.225089853,0.024316757,0.021665129,0.026822340,1
actual,61,161,nb,0,256,12582912,6.240520104,0.024377032,0.021785575,0.026854742,1
actual,62,162,nb,0,256,12582912,6.287462515,0.024560400,0.022076642,0.026860803,1
actual,63,163,nb,0,256,12582912,6.278735728,0.024526311,0.021916511,0.026948818,1
actual,64,164,nb,0,256,12582912,6.291323312,0.024575482,0.021864443,0.027019291,1
actual,65,165,nb,0,256,12582912,6.295294801,0.024590995,0.021972166,0.026980757,1
actual,66,166,nb,0,256,12582912,6.298411589,0.024603170,0.021864303,0.027000716,1
actual,67,167,nb,0,256,12582912,6.268484543,0.024486268,0.021914687,0.026916708,1
actual,68,168,nb,0,256,12582912,6.278080519,0.024523752,0.021722868,0.027039037,1
actual,69,169,nb,0,256,12582912,6.268854758,0.024487714,0.021785135,0.026895498,1
actual,70,170,nb,0,256,12582912,6.260740897,0.024456019,0.021700917,0.026866903,1
actual,71,171,nb,0,256,12582912,6.257777643,0.024444444,0.021630755,0.026835054,1
actual,72,172,nb,0,256,12582912,6.242620949,0.024385238,0.021594958,0.026887722,1
actual,73,173,nb,0,256,12582912,6.247129120,0.024402848,0.021704524,0.026853569,1
actual,74,174,nb,0,256,12582912,6.258776926,0.024448347,0.021554783,0.026938828,1
actual,75,175,nb,0,256,12582912,6.261552286,0.024459189,0.021669638,0.026967213,1
actual,76,176,nb,0,256,12582912,6.262852267,0.024464267,0.021681941,0.026937407,1
actual,77,177,nb,0,256,12582912,6.252033239,0.024422005,0.021753376,0.026804557,1
actual,78,178,nb,0,256,12582912,6.266595466,0.024478889,0.021749728,0.026850463,1
actual,79,179,nb,0,256,12582912,6.274932192,0.024511454,0.021781569,0.026914874,1
actual,80,180,nb,0,256,12582912,6.303043186,0.024621262,0.021935197,0.027011847,1
actual,81,181,nb,0,256,12582912,6.273634629,0.024506385,0.021866749,0.026932888,1
actual,82,182,nb,0,256,12582912,6.447576361,0.025185845,0.021794432,0.028388778,1
actual,83,183,nb,0,256,12582912,6.321057993,0.024691633,0.021948661,0.027222793,1
actual,84,184,nb,0,256,12582912,6.300744766,0.024612284,0.021857892,0.027179953,1
actual,85,185,nb,0,256,12582912,6.316918324,0.024675462,0.021955825,0.027197105,1
actual,86,186,nb,0,256,12582912,6.278359025,0.024524840,0.021744689,0.026975238,1
actual,87,187,nb,0,256,12582912,6.316950486,0.024675588,0.021877167,0.027266335,1
actual,88,188,nb,0,256,12582912,6.258033143,0.024445442,0.021816684,0.027036642,1
actual,89,189,nb,0,256,12582912,6.312033035,0.024656379,0.022154006,0.027233082,1
actual,90,190,nb,0,256,12582912,6.289063948,0.024566656,0.021986052,0.027163382,1
actual,91,191,nb,0,256,12582912,6.302438573,0.024618901,0.022050463,0.027143123,1
actual,92,192,nb,0,256,12582912,6.325311838,0.024708249,0.022148296,0.027212975,1
actual,93,193,nb,0,256,12582912,6.318228444,0.024680580,0.022076681,0.027123316,1
actual,94,194,nb,0,256,12582912,6.314878911,0.024667496,0.022040513,0.027287124,1
actual,95,195,nb,0,256,12582912,6.314755475,0.024667014,0.022003565,0.027255775,1
actual,96,196,nb,0,256,12582912,6.296513976,0.024595758,0.021944103,0.027164113,1
actual,97,197,nb,0,256,12582912,6.301800398,0.024616408,0.021971374,0.027177148,1
actual,98,198,nb,0,256,12582912,6.310340475,0.024649767,0.021944874,0.027270412,1
actual,99,199,nb,0,256,12582912,6.324137269,0.024703661,0.021976303,0.027262218,1
warmup,0,0,nb,0,256,16777216,7.935683284,0.030998763,0.027355101,0.034372145,1
warmup,1,1,nb,0,256,16777216,7.859932935,0.030702863,0.026923962,0.033841167,1
warmup,2,2,nb,0,256,16777216,7.904688251,0.030877688,0.026878306,0.034098040,1
warmup,3,3,nb,0,256,16777216,7.866716352,0.030729361,0.026816430,0.033847738,1
warmup,4,4,nb,0,256,16777216,7.926839382,0.030964216,0.027134346,0.034116184,1
warmup,5,5,nb,0,256,16777216,7.801956755,0.030476394,0.026842970,0.033347818,1
warmup,6,6,nb,0,256,16777216,7.836837597,0.030612647,0.026738775,0.033690192,1
warmup,7,7,nb,0,256,16777216,7.860707588,0.030705889,0.026938689,0.033747039,1
warmup,8,8,nb,0,256,16777216,7.889603783,0.030818765,0.026901159,0.034013120,1
warmup,9,9,nb,0,256,16777216,7.850571433,0.030666295,0.026791103,0.033761707,1
warmup,10,10,nb,0,256,16777216,7.879754305,0.030780290,0.026928751,0.033889797,1
warmup,11,11,nb,0,256,16777216,7.889456294,0.030818189,0.026718557,0.033999955,1
warmup,12,12,nb,0,256,16777216,7.907276299,0.030887798,0.026833623,0.034133945,1
warmup,13,13,nb,0,256,16777216,7.912389534,0.030907772,0.027000316,0.034077781,1
warmup,14,14,nb,0,256,16777216,7.898234019,0.030852477,0.026825527,0.034212104,1
warmup,15,15,nb,0,256,16777216,7.862451571,0.030712701,0.026748603,0.033752388,1
warmup,16,16,nb,0,256,16777216,7.833005798,0.030597679,0.026755096,0.033647211,1
warmup,17,17,nb,0,256,16777216,7.845932222,0.030648173,0.026772708,0.033455952,1
warmup,18,18,nb,0,256,16777216,7.811935268,0.030515372,0.027018620,0.033482171,1
warmup,19,19,nb,0,256,16777216,7.856581417,0.030689771,0.026741600,0.033941626,1
warmup,20,20,nb,0,256,16777216,7.894805640,0.030839085,0.027167579,0.033884337,1
warmup,21,21,nb,0,256,16777216,7.850560052,0.030666250,0.026763442,0.033790121,1
warmup,22,22,nb,0,256,16777216,7.851938737,0.030671636,0.026831609,0.033821791,1
warmup,23,23,nb,0,256,16777216,7.870299743,0.030743358,0.026627156,0.034007167,1
warmup,24,24,nb,0,256,16777216,7.838520090,0.030619219,0.026683831,0.033750557,1
warmup,25,25,nb,0,256,16777216,7.897315815,0.030848890,0.026826088,0.033976821,1
warmup,26,26,nb,0,256,16777216,7.907497023,0.030888660,0.026763211,0.034003982,1
warmup,27,27,nb,0,256,16777216,7.883687808,0.030795655,0.026644979,0.034063003,1
warmup,28,28,nb,0,256,16777216,7.906969129,0.030886598,0.026707937,0.034077091,1
warmup,29,29,nb,0,256,16777216,7.916899818,0.030925390,0.026747711,0.034297554,1
warmup,30,30,nb,0,256,16777216,7.893510369,0.030834025,0.026622707,0.034145528,1
warmup,31,31,nb,0,256,16777216,7.862788794,0.030714019,0.026769412,0.033800381,1
warmup,32,32,nb,0,256,16777216,7.870334155,0.030743493,0.026691637,0.033810940,1
warmup,33,33,nb,0,256,16777216,7.871324207,0.030747360,0.026887955,0.033865883,1
warmup,34,34,nb,0,256,16777216,7.872033350,0.030750130,0.026893475,0.033941516,1
warmup,35,35,nb,0,256,16777216,7.880471872,0.030783093,0.026956503,0.033882615,1
warmup,36,36,nb,0,256,16777216,7.874087771,0.030758155,0.026923832,0.033735437,1
warmup,37,37,nb,0,256,16777216,7.907377079,0.030888192,0.026808355,0.034003551,1
warmup,38,38,nb,0,256,16777216,7.913919575,0.030913748,0.026849532,0.034048635,1
warmup,39,39,nb,0,256,16777216,7.870295694,0.030743343,0.026958557,0.033771796,1
warmup,40,40,nb,0,256,16777216,7.919662702,0.030936182,0.026827471,0.033977011,1
warmup,41,41,nb,0,256,16777216,7.875890103,0.030765196,0.026719238,0.033890468,1
warmup,42,42,nb,0,256,16777216,7.882671511,0.030791686,0.026740518,0.033801971,1
warmup,43,43,nb,0,256,16777216,7.899710288,0.030858243,0.026683721,0.034050129,1
warmup,44,44,nb,0,256,16777216,7.896042467,0.030843916,0.026978965,0.033850774,1
warmup,45,45,nb,0,256,16777216,7.871653349,0.030748646,0.026910918,0.033689119,1
warmup,46,46,nb,0,256,16777216,7.913190174,0.030910899,0.026729397,0.034177589,1
warmup,47,47,nb,0,256,16777216,7.932944463,0.030988064,0.027184601,0.034016324,1
warmup,48,48,nb,0,256,16777216,7.914118430,0.030914525,0.026914394,0.034174342,1
warmup,49,49,nb,0,256,16777216,7.926107546,0.030961358,0.026818955,0.034243813,1
warmup,50,50,nb,0,256,16777216,7.917811317,0.030928950,0.026918992,0.034115593,1
warmup,51,51,nb,0,256,16777216,7.892004599,0.030828143,0.026765856,0.034056492,1
warmup,52,52,nb,0,256,16777216,7.892770338,0.030831134,0.026862747,0.033948377,1
warmup,53,53,nb,0,256,16777216,7.889121373,0.030816880,0.026869360,0.034023730,1
warmup,54,54,nb,0,256,16777216,7.873963219,0.030757669,0.026820708,0.033955922,1
warmup,55,55,nb,0,256,16777216,7.887747214,0.030811513,0.026733986,0.034130922,1
warmup,56,56,nb,0,256,16777216,7.864998351,0.030722650,0.026776806,0.033847519,1
warmup,57,57,nb,0,256,16777216,7.875417281,0.030763349,0.026700243,0.033942387,1
warmup,58,58,nb,0,256,16777216,7.868332886,0.030735675,0.026814347,0.033876292,1
warmup,59,59,nb,0,256,16777216,7.907305919,0.030887914,0.026968065,0.034129667,1
warmup,60,60,nb,0,256,16777216,7.898561270,0.030853755,0.026904886,0.034039599,1
warmup,61,61,nb,0,256,16777216,7.914322186,0.030915321,0.027035892,0.034062822,1
warmup,62,62,nb,0,256,16777216,7.939214174,0.031012555,0.026934852,0.034390250,1
warmup,63,63,nb,0,256,16777216,7.895066305,0.030840103,0.026867757,0.034036824,1
warmup,64,64,nb,0,256,16777216,7.903184337,0.030871814,0.026795591,0.034206823,1
warmup,65,65,nb,0,256,16777216,7.908674337,0.030893259,0.026760666,0.034212404,1
warmup,66,66,nb,0,256,16777216,7.854803222,0.030682825,0.026610835,0.033839243,1
warmup,67,67,nb,0,256,16777216,7.854664441,0.030682283,0.026750327,0.033731691,1
warmup,68,68,nb,0,256,16777216,7.878948493,0.030777143,0.026838763,0.033970029,1
warmup,69,69,nb,0,256,16777216,7.855693801,0.030686304,0.026791964,0.033896932,1
warmup,70,70,nb,0,256,16777216,7.888675168,0.030815137,0.026985097,0.033937047,1
warmup,71,71,nb,0,256,16777216,7.901950671,0.030866995,0.026728685,0.034033698,1
warmup,72,72,nb,0,256,16777216,7.905336896,0.030880222,0.026758051,0.034038759,1
warmup,73,73,nb,0,256,16777216,7.870122024,0.030742664,0.026825788,0.033876603,1
warmup,74,74,nb,0,256,16777216,7.867798907,0.030733589,0.026834564,0.033969157,1
warmup,75,75,nb,0,256,16777216,7.854575420,0.030681935,0.026741008,0.033859240,1
warmup,76,76,nb,0,256,16777216,7.887226552,0.030809479,0.027058825,0.033857608,1
warmup,77,77,nb,0,256,16777216,7.880996045,0.030785141,0.026704411,0.034033919,1
warmup,78,78,nb,0,256,16777216,7.872808640,0.030753159,0.026981931,0.033813414,1
warmup,79,79,nb,0,256,16777216,7.865661771,0.030725241,0.026742221,0.033865943,1
warmup,80,80,nb,0,256,16777216,7.842158091,0.030633430,0.026826480,0.033757659,1
warmup,81,81,nb,0,256,16777216,7.845444812,0.030646269,0.026815649,0.033756518,1
warmup,82,82,nb,0,256,16777216,7.855194505,0.030684354,0.026832039,0.033877505,1
warmup,83,83,nb,0,256,16777216,7.881231181,0.030786059,0.026852218,0.033937316,1
warmup,84,84,nb,0,256,16777216,7.875216600,0.030762565,0.026853840,0.033924282,1
warmup,85,85,nb,0,256,16777216,7.881486811,0.030787058,0.026675837,0.034080927,1
warmup,86,86,nb,0,256,16777216,7.869190316,0.030739025,0.026735819,0.033911087,1
warmup,87,87,nb,0,256,16777216,7.912757501,0.030909209,0.026759593,0.034239184,1
warmup,88,88,nb,0,256,16777216,7.891946997,0.030827918,0.026779612,0.034062863,1
warmup,89,89,nb,0,256,16777216,7.914608799,0.030916441,0.026991509,0.034222823,1
warmup,90,90,nb,0,256,16777216,7.877268413,0.030770580,0.026897843,0.033836767,1
warmup,91,91,nb,0,256,16777216,7.872190168,0.030750743,0.026717024,0.033893796,1
warmup,92,92,nb,0,256,16777216,7.828800161,0.030581251,0.026666379,0.033657520,1
warmup,93,93,nb,0,256,16777216,7.791328369,0.030434876,0.026790562,0.033376843,1
warmup,94,94,nb,0,256,16777216,7.875666687,0.030764323,0.026727995,0.033974958,1
warmup,95,95,nb,0,256,16777216,7.866124015,0.030727047,0.026768831,0.033810398,1
warmup,96,96,nb,0,256,16777216,7.886249845,0.030805663,0.027158562,0.033697686,1
warmup,97,97,nb,0,256,16777216,7.898157551,0.030852178,0.026901790,0.034002309,1
warmup,98,98,nb,0,256,16777216,7.877154433,0.030770135,0.026984115,0.033819514,1
warmup,99,99,nb,0,256,16777216,7.871161427,0.030746724,0.026828513,0.033808094,1
actual,0,100,nb,0,256,16777216,7.906823067,0.030886028,0.026958898,0.034085454,1
actual,1,101,nb,0,256,16777216,7.889813429,0.030819584,0.027057432,0.033968695,1
actual,2,102,nb,0,256,16777216,7.890876422,0.030823736,0.026874980,0.034013901,1
actual,3,103,nb,0,256,16777216,7.879728065,0.030780188,0.026929392,0.033821680,1
actual,4,104,nb,0,256,16777216,7.877974542,0.030773338,0.026775834,0.034006316,1
actual,5,105,nb,0,256,16777216,7.850736390,0.030666939,0.026784621,0.033745117,1
actual,6,106,nb,0,256,16777216,7.860784415,0.030706189,0.026884859,0.033885258,1
actual,7,107,nb,0,256,16777216,7.871429066,0.030747770,0.026843992,0.033874690,1
actual,8,108,nb,0,256,16777216,7.940822185,0.031018837,0.026868969,0.034613921,1
actual,9,109,nb,0,256,16777216,7.880031958,0.030781375,0.026848400,0.033988133,1
actual,10,110,nb,0,256,16777216,7.871063969,0.030746344,0.026842470,0.033837339,1
actual,11,111,nb,0,256,16777216,7.894324604,0.030837205,0.027209949,0.033790390,1
actual,12,112,nb,0,256,16777216,7.877684610,0.030772206,0.026897773,0.033963226,1
actual,13,113,nb,0,256,16777216,7.886223051,0.030805559,0.026807955,0.033962975,1
actual,14,114,nb,0,256,16777216,7.873833928,0.030757164,0.026843702,0.033892311,1
actual,15,115,nb,0,256,16777216,7.847026525,0.030652447,0.026914434,0.033791081,1
actual,16,116,nb,0,256,16777216,7.903223143,0.030871965,0.026956042,0.034122465,1
actual,17,117,nb,0,256,16777216,7.882422695,0.030790714,0.026816270,0.033949990,1
actual,18,118,nb,0,256,16777216,7.895982948,0.030843683,0.026899797,0.033965189,1
actual,19,119,nb,0,256,16777216,7.881128891,0.030785660,0.026800270,0.033897443,1
actual,20,120,nb,0,256,16777216,7.875192389,0.030762470,0.026803917,0.033954639,1
actual,21,121,nb,0,256,16777216,7.916587670,0.030924171,0.026901149,0.034160387,1
actual,22,122,nb,0,256,16777216,7.887518194,0.030810618,0.027208055,0.033800490,1
actual,23,123,nb,0,256,16777216,7.851588232,0.030670267,0.026902532,0.033850925,1
actual,24,124,nb,0,256,16777216,7.862390800,0.030712464,0.026784441,0.033765133,1
actual,25,125,nb,0,256,16777216,7.921568872,0.030943628,0.026937848,0.034176928,1
actual,26,126,nb,0,256,16777216,7.867351628,0.030731842,0.026824887,0.033816289,1
actual,27,127,nb,0,256,16777216,7.888449593,0.030814256,0.026778319,0.034002459,1
actual,28,128,nb,0,256,16777216,7.899672311,0.030858095,0.026843912,0.034074414,1
actual,29,129,nb,0,256,16777216,7.900950557,0.030863088,0.026803977,0.034105843,1
actual,30,130,nb,0,256,16777216,7.897439973,0.030849375,0.026749575,0.034064516,1
actual,31,131,nb,0,256,16777216,7.901160273,0.030863907,0.026885290,0.034150578,1
actual,32,132,nb,0,256,16777216,7.876430515,0.030767307,0.026916738,0.033864450,1
actual,33,133,nb,0,256,16777216,7.870924341,0.030745798,0.026918883,0.033840244,1
actual,34,134,nb,0,256,16777216,7.850110529,0.030664494,0.026792916,0.033778839,1
actual,35,135,nb,0,256,16777216,7.909041235,0.030894692,0.027168400,0.033921166,1
actual,36,136,nb,0,256,16777216,7.843086625,0.030637057,0.026939571,0.033741610,1
actual,37,137,nb,0,256,16777216,7.866156234,0.030727173,0.026709480,0.033968736,1
actual,38,138,nb,0,256,16777216,7.831803964,0.030592984,0.026961161,0.033657422,1
actual,39,139,nb,0,256,16777216,7.870776213,0.030745220,0.026821369,0.033985197,1
actual,40,140,nb,0,256,16777216,7.846763585,0.030651420,0.026897222,0.033669362,1
actual,41,141,nb,0,256,16777216,7.896703024,0.030846496,0.026823484,0.034101305,1
actual,42,142,nb,0,256,16777216,7.914046867,0.030914246,0.027001808,0.034147912,1
actual,43,143,nb,0,256,16777216,7.858219679,0.030696171,0.026805691,0.033821169,1
actual,44,144,nb,0,256,16777216,7.857481405,0.030693287,0.026887674,0.033820437,1
actual,45,145,nb,0,256,16777216,7.867027464,0.030730576,0.026981720,0.033791674,1
actual,46,146,nb,0,256,16777216,7.914822472,0.030917275,0.026911940,0.034155938,1
actual,47,147,nb,0,256,16777216,7.948499919,0.031048828,0.027142702,0.034167730,1
actual,48,148,nb,0,256,16777216,7.909054041,0.030894742,0.026894246,0.034067171,1
actual,49,149,nb,0,256,16777216,7.948683859,0.031049546,0.026945422,0.034418211,1
actual,50,150,nb,0,256,16777216,7.903406374,0.030872681,0.026886602,0.034087409,1
actual,51,151,nb,0,256,16777216,7.911918382,0.030905931,0.026819486,0.034245836,1
actual,52,152,nb,0,256,16777216,7.935996338,0.030999986,0.026876533,0.034409033,1
actual,53,153,nb,0,256,16777216,7.911782458,0.030905400,0.026885109,0.034099080,1
actual,54,154,nb,0,256,16777216,7.934980031,0.030996016,0.026818124,0.034253621,1
actual,55,155,nb,0,256,16777216,7.924290241,0.030954259,0.026921257,0.034131502,1
actual,56,156,nb,0,256,16777216,7.856516327,0.030689517,0.026826289,0.033734555,1
actual,57,157,nb,0,256,16777216,7.921902970,0.030944933,0.026999964,0.034200080,1
actual,58,158,nb,0,256,16777216,7.926420828,0.030962581,0.026902662,0.034278268,1
actual,59,159,nb,0,256,16777216,7.902330299,0.030868478,0.026875742,0.034104090,1
actual,60,160,nb,0,256,16777216,7.902396615,0.030868737,0.026840155,0.034041513,1
actual,61,161,nb,0,256,16777216,7.926951500,0.030964654,0.027053816,0.034078793,1
actual,62,162,nb,0,256,16777216,7.917455063,0.030927559,0.027037134,0.034200602,1
actual,63,163,nb,0,256,16777216,7.907404472,0.030888299,0.026934231,0.034104892,1
actual,64,164,nb,0,256,16777216,7.878551243,0.030775591,0.026991879,0.033893846,1
actual,65,165,nb,0,256,16777216,7.849683950,0.030662828,0.026702456,0.033825648,1
actual,66,166,nb,0,256,16777216,7.857852076,0.030694735,0.026685244,0.033889628,1
actual,67,167,nb,0,256,16777216,7.874846258,0.030761118,0.027079233,0.033714378,1
actual,68,168,nb,0,256,16777216,7.841367972,0.030630344,0.026950832,0.033541573,1
actual,69,169,nb,0,256,16777216,7.837512462,0.030615283,0.026788538,0.033757610,1
actual,70,170,nb,0,256,16777216,8.119006153,0.031714868,0.027154524,0.036134408,1
actual,71,171,nb,0,256,16777216,7.941202942,0.031020324,0.027421395,0.034112257,1
actual,72,172,nb,0,256,16777216,7.917979184,0.030929606,0.027017277,0.034046611,1
actual,73,173,nb,0,256,16777216,7.904251301,0.030875982,0.026821710,0.033991438,1
actual,74,174,nb,0,256,16777216,7.884295881,0.030798031,0.027187186,0.033710160,1
actual,75,175,nb,0,256,16777216,7.878278576,0.030774526,0.026730249,0.034105204,1
actual,76,176,nb,0,256,16777216,7.855931388,0.030687232,0.026869069,0.033720480,1
actual,77,177,nb,0,256,16777216,7.888154724,0.030813104,0.026731922,0.034172199,1
actual,78,178,nb,0,256,16777216,7.871870379,0.030749494,0.026922960,0.033946203,1
actual,79,179,nb,0,256,16777216,7.899465391,0.030857287,0.026763531,0.034052262,1
actual,80,180,nb,0,256,16777216,7.854436466,0.030681392,0.026692518,0.033835636,1
actual,81,181,nb,0,256,16777216,7.895992958,0.030843722,0.026742432,0.034129799,1
actual,82,182,nb,0,256,16777216,7.857713291,0.030694193,0.026608510,0.033838180,1
actual,83,183,nb,0,256,16777216,7.867612368,0.030732861,0.026875231,0.033921017,1
actual,84,184,nb,0,256,16777216,7.851594704,0.030670292,0.026755567,0.033830748,1
actual,85,185,nb,0,256,16777216,7.858284595,0.030696424,0.026807814,0.033844774,1
actual,86,186,nb,0,256,16777216,8.185939512,0.031976326,0.027342397,0.036148174,1
actual,87,187,nb,0,256,16777216,8.165612676,0.031896925,0.027291441,0.036168371,1
actual,88,188,nb,0,256,16777216,8.140346214,0.031798227,0.027217402,0.035714789,1
actual,89,189,nb,0,256,16777216,8.163340758,0.031888050,0.027235837,0.035943339,1
actual,90,190,nb,0,256,16777216,8.142991907,0.031808562,0.027225989,0.035781095,1
actual,91,191,nb,0,256,16777216,8.128501631,0.031751959,0.027171225,0.035785171,1
actual,92,192,nb,0,256,16777216,8.163161487,0.031887350,0.027372062,0.035963126,1
actual,93,193,nb,0,256,16777216,8.158932862,0.031870831,0.027297212,0.035951434,1
actual,94,194,nb,0,256,16777216,8.157782623,0.031866338,0.027357184,0.035973956,1
actual,95,195,nb,0,256,16777216,7.880880540,0.030784690,0.026755786,0.034099964,1
actual,96,196,nb,0,256,16777216,7.886804566,0.030807830,0.026854802,0.034145780,1
actual,97,197,nb,0,256,16777216,7.876673690,0.030768257,0.026942697,0.034045091,1
actual,98,198,nb,0,256,16777216,7.869269310,0.030739333,0.026868198,0.033999404,1
actual,99,199,nb,0,256,16777216,7.879668851,0.030779956,0.026902482,0.033987052,1
warmup,0,0,nb,0,256,25165824,9.982847289,0.038995497,0.032973386,0.043704185,1
warmup,1,1,nb,0,256,25165824,9.825447017,0.038380652,0.033062244,0.042450246,1
warmup,2,2,nb,0,256,25165824,9.886417674,0.038618819,0.032950213,0.042851291,1
warmup,3,3,nb,0,256,25165824,9.918218921,0.038743043,0.032979930,0.043016371,1
warmup,4,4,nb,0,256,25165824,9.816202729,0.038344542,0.033100936,0.042524856,1
warmup,5,5,nb,0,256,25165824,9.878572803,0.038588175,0.032943631,0.042471486,1
warmup,6,6,nb,0,256,25165824,9.946276941,0.038852644,0.032968237,0.042714373,1
warmup,7,7,nb,0,256,25165824,9.904126231,0.038687993,0.033082631,0.042862672,1
warmup,8,8,nb,0,256,25165824,9.889034660,0.038629042,0.033279101,0.042390443,1
warmup,9,9,nb,0,256,25165824,10.390218364,0.040586790,0.035185156,0.046489354,1
warmup,10,10,nb,0,256,25165824,10.103359682,0.039466249,0.034535606,0.042527149,1
warmup,11,11,nb,0,256,25165824,9.906283953,0.038696422,0.033050571,0.042391186,1
warmup,12,12,nb,0,256,25165824,9.891943775,0.038640405,0.032975340,0.042600499,1
warmup,13,13,nb,0,256,25165824,9.838404688,0.038431268,0.032919476,0.042394361,1
warmup,14,14,nb,0,256,25165824,9.863454070,0.038529117,0.032924776,0.042794554,1
warmup,15,15,nb,0,256,25165824,9.833172177,0.038410829,0.032809690,0.042698322,1
warmup,16,16,nb,0,256,25165824,9.964972084,0.038925672,0.032936237,0.043865198,1
warmup,17,17,nb,0,256,25165824,9.846839578,0.038464217,0.033326829,0.042494278,1
warmup,18,18,nb,0,256,25165824,9.967739531,0.038936483,0.033284550,0.042726451,1
warmup,19,19,nb,0,256,25165824,9.888866909,0.038628386,0.033315538,0.042541037,1
warmup,20,20,nb,0,256,25165824,9.797766998,0.038272527,0.032945214,0.042006040,1
warmup,21,21,nb,0,256,25165824,9.799473248,0.038279192,0.032865184,0.042484821,1
warmup,22,22,nb,0,256,25165824,9.798265967,0.038274476,0.032797136,0.042256351,1
warmup,23,23,nb,0,256,25165824,9.806874973,0.038308105,0.032757693,0.042608755,1
warmup,24,24,nb,0,256,25165824,9.835038709,0.038418120,0.033253322,0.042673115,1
warmup,25,25,nb,0,256,25165824,9.856020734,0.038500081,0.032787739,0.043133572,1
warmup,26,26,nb,0,256,25165824,9.762185725,0.038133538,0.032849083,0.042141214,1
warmup,27,27,nb,0,256,25165824,9.828471616,0.038392467,0.032875864,0.042472568,1
warmup,28,28,nb,0,256,25165824,9.819127325,0.038355966,0.033181386,0.042417595,1
warmup,29,29,nb,0,256,25165824,9.846903031,0.038464465,0.033076921,0.042499519,1
warmup,30,30,nb,0,256,25165824,9.786984050,0.038230406,0.032730321,0.042232546,1
warmup,31,31,nb,0,256,25165824,9.831182198,0.038403055,0.032882156,0.042259688,1
warmup,32,32,nb,0,256,25165824,9.838150418,0.038430275,0.032872427,0.042720104,1
warmup,33,33,nb,0,256,25165824,9.839599514,0.038435936,0.033120974,0.042892999,1
warmup,34,34,nb,0,256,25165824,9.837343376,0.038427123,0.032836561,0.043053321,1
warmup,35,35,nb,0,256,25165824,9.856781166,0.038503051,0.032941988,0.042862732,1
warmup,36,36,nb,0,256,25165824,9.849530794,0.038474730,0.033086770,0.042420180,1
warmup,37,37,nb,0,256,25165824,9.880145523,0.038594318,0.032960703,0.042570772,1
warmup,38,38,nb,0,256,25165824,9.901995756,0.038679671,0.032997943,0.042971297,1
warmup,39,39,nb,0,256,25165824,9.976389896,0.038970273,0.033152683,0.043481547,1
warmup,40,40,nb,0,256,25165824,9.948757698,0.038862335,0.033087792,0.043513898,1
warmup,41,41,nb,0,256,25165824,9.955744803,0.038889628,0.032983627,0.043254319,1
warmup,42,42,nb,0,256,25165824,9.966364070,0.038931110,0.032944814,0.043971619,1
warmup,43,43,nb,0,256,25165824,9.864352011,0.038532625,0.032888137,0.043099107,1
warmup,44,44,nb,0,256,25165824,9.862781818,0.038526491,0.032832793,0.043256233,1
warmup,45,45,nb,0,256,25165824,9.849101767,0.038473054,0.032876135,0.042887448,1
warmup,46,46,nb,0,256,25165824,9.832245314,0.038407208,0.032906381,0.042790295,1
warmup,47,47,nb,0,256,25165824,9.848568117,0.038470969,0.032799431,0.043069130,1
warmup,48,48,nb,0,256,25165824,9.864453635,0.038533022,0.033023270,0.042926552,1
warmup,49,49,nb,0,256,25165824,9.866879955,0.038542500,0.033296793,0.042685548,1
warmup,50,50,nb,0,256,25165824,9.955587363,0.038889013,0.033331559,0.043134293,1
warmup,51,51,nb,0,256,25165824,9.849762569,0.038475635,0.032720743,0.042587795,1
warmup,52,52,nb,0,256,25165824,9.797705412,0.038272287,0.032822985,0.042223389,1
warmup,53,53,nb,0,256,25165824,9.815438017,0.038341555,0.032731613,0.042308680,1
warmup,54,54,nb,0,256,25165824,9.800744246,0.038284157,0.032661532,0.042403468,1
warmup,55,55,nb,0,256,25165824,9.908985990,0.038706977,0.032964590,0.042789435,1
warmup,56,56,nb,0,256,25165824,9.929066351,0.038785415,0.033093322,0.042593876,1
warmup,57,57,nb,0,256,25165824,9.898678040,0.038666711,0.033074877,0.042686339,1
warmup,58,58,nb,0,256,25165824,9.929282881,0.038786261,0.033068947,0.042566601,1
warmup,59,59,nb,0,256,25165824,9.811813913,0.038327398,0.032838454,0.041939906,1
warmup,60,60,nb,0,256,25165824,10.130258011,0.039571320,0.033517277,0.043963454,1
warmup,61,61,nb,0,256,25165824,9.810684610,0.038322987,0.032768743,0.042172564,1
warmup,62,62,nb,0,256,25165824,9.847409621,0.038466444,0.033001660,0.042372599,1
warmup,63,63,nb,0,256,25165824,9.843709151,0.038451989,0.033191426,0.042627620,1
warmup,64,64,nb,0,256,25165824,9.812319254,0.038329372,0.033012851,0.042670130,1
warmup,65,65,nb,0,256,25165824,9.829708907,0.038397300,0.033166279,0.042586483,1
warmup,66,66,nb,0,256,25165824,9.865805419,0.038538302,0.032977795,0.042981426,1
warmup,67,67,nb,0,256,25165824,9.843675831,0.038451859,0.032963919,0.042690408,1
warmup,68,68,nb,0,256,25165824,9.835022850,0.038418058,0.033153364,0.042487957,1
warmup,69,69,nb,0,256,25165824,9.844422609,0.038454776,0.032838764,0.042527060,1
warmup,70,70,nb,0,256,25165824,9.765847205,0.038147841,0.032938191,0.042208901,1
warmup,71,71,nb,0,256,25165824,9.941677344,0.038834677,0.033340455,0.042927885,1
warmup,72,72,nb,0,256,25165824,9.910714894,0.038713730,0.032824828,0.042723941,1
warmup,73,73,nb,0,256,25165824,9.817325748,0.038348929,0.032891804,0.042300794,1
warmup,74,74,nb,0,256,25165824,9.866057867,0.038539289,0.032982945,0.042854276,1
warmup,75,75,nb,0,256,25165824,9.846105584,0.038461350,0.032878700,0.042679428,1
warmup,76,76,nb,0,256,25165824,9.965467004,0.038927605,0.032955363,0.043168347,1
warmup,77,77,nb,0,256,25165824,9.877739653,0.038584921,0.033054740,0.042761632,1
warmup,78,78,nb,0,256,25165824,10.036242058,0.039204071,0.032959460,0.044173849,1
warmup,79,79,nb,0,256,25165824,9.871614757,0.038560995,0.032919286,0.042952932,1
warmup,80,80,nb,0,256,25165824,9.889760469,0.038631877,0.032939754,0.042997186,1
warmup,81,81,nb,0,256,25165824,9.765103850,0.038144937,0.033089875,0.041716766,1
warmup,82,82,nb,0,256,25165824,9.917533755,0.038740366,0.033298506,0.043148940,1
warmup,83,83,nb,0,256,25165824,9.924748071,0.038768547,0.033120593,0.043080182,1
warmup,84,84,nb,0,256,25165824,9.886641982,0.038619695,0.032933832,0.043117802,1
warmup,85,85,nb,0,256,25165824,9.892903905,0.038644156,0.032959801,0.043046307,1
warmup,86,86,nb,0,256,25165824,9.826752991,0.038385754,0.032878148,0.042597984,1
warmup,87,87,nb,0,256,25165824,9.825605558,0.038381272,0.032895410,0.042564441,1
warmup,88,88,nb,0,256,25165824,9.861465694,0.038521350,0.033094885,0.042729482,1
warmup,89,89,nb,0,256,25165824,9.925356857,0.038770925,0.033084334,0.042940628,1
warmup,90,90,nb,0,256,25165824,9.902931535,0.038683326,0.032892756,0.043148479,1
warmup,91,91,nb,0,256,25165824,10.012923352,0.039112982,0.033179384,0.043574342,1
warmup,92,92,nb,0,256,25165824,9.894230195,0.038649337,0.032828966,0.043047661,1
warmup,93,93,nb,0,256,25165824,9.906672742,0.038697940,0.032967216,0.043042701,1
warmup,94,94,nb,0,256,25165824,9.870722452,0.038557510,0.032781276,0.043275318,1
warmup,95,95,nb,0,256,25165824,9.909092682,0.038707393,0.033158003,0.042999930,1
warmup,96,96,nb,0,256,25165824,9.877045774,0.038582210,0.032955182,0.043138742,1
warmup,97,97,nb,0,256,25165824,9.890357443,0.038634209,0.032999916,0.042922434,1
warmup,98,98,nb,0,256,25165824,9.902645188,0.038682208,0.033329535,0.042931180,1
warmup,99,99,nb,0,256,25165824,9.914125675,0.038727053,0.032922352,0.043320223,1
actual,0,100,nb,0,256,25165824,9.881820816,0.038600863,0.032894920,0.043042771,1
actual,1,101,nb,0,256,25165824,9.845809948,0.038460195,0.032946827,0.042650413,1
actual,2,102,nb,0,256,25165824,9.854310949,0.038493402,0.033031416,0.042643680,1
actual,3,103,nb,0,256,25165824,9.736501946,0.038033211,0.032759405,0.041938313,1
actual,4,104,nb,0,256,25165824,9.898240762,0.038665003,0.033260155,0.042702060,1
actual,5,105,nb,0,256,25165824,9.829583286,0.038396810,0.032930547,0.042396004,1
actual,6,106,nb,0,256,25165824,9.800705659,0.038284006,0.032716786,0.042351109,1
actual,7,107,nb,0,256,25165824,9.859778192,0.038514759,0.032888137,0.042775508,1
actual,8,108,nb,0,256,25165824,9.826686380,0.038385494,0.032698372,0.042615848,1
actual,9,109,nb,0,256,25165824,9.862004153,0.038523454,0.032915318,0.042441369,1
actual,10,110,nb,0,256,25165824,9.841171060,0.038442074,0.032884420,0.042845239,1
actual,11,111,nb,0,256,25165824,9.845817115,0.038460223,0.032694745,0.042991775,1
actual,12,112,nb,0,256,25165824,9.911502664,0.038716807,0.033051653,0.043107863,1
actual,13,113,nb,0,256,25165824,9.848085960,0.038469086,0.033183080,0.042724863,1
actual,14,114,nb,0,256,25165824,9.852996595,0.038488268,0.032910448,0.042668817,1
actual,15,115,nb,0,256,25165824,9.850522235,0.038478602,0.033301622,0.042676472,1
actual,16,116,nb,0,256,25165824,9.809821069,0.038319614,0.033074146,0.042694826,1
actual,17,117,nb,0,256,25165824,9.832992809,0.038410128,0.032919095,0.042888951,1
actual,18,118,nb,0,256,25165824,9.825563346,0.038381107,0.032939603,0.042890394,1
actual,19,119,nb,0,256,25165824,9.795828211,0.038264954,0.032783711,0.042478769,1
actual,20,120,nb,0,256,25165824,9.823591732,0.038373405,0.033040422,0.042562758,1
actual,21,121,nb,0,256,25165824,9.771569134,0.038170192,0.032828064,0.041914668,1
actual,22,122,nb,0,256,25165824,9.848237807,0.038469679,0.033273509,0.042185197,1
actual,23,123,nb,0,256,25165824,9.799527038,0.038279402,0.032782859,0.042363593,1
actual,24,124,nb,0,256,25165824,9.818858447,0.038354916,0.033307785,0.042431581,1
actual,25,125,nb,0,256,25165824,9.782714941,0.038213730,0.032810882,0.042077504,1
actual,26,126,nb,0,256,25165824,9.844540699,0.038455237,0.032923393,0.042428545,1
actual,27,127,nb,0,256,25165824,9.818601648,0.038353913,0.033081770,0.042374494,1
actual,28,128,nb,0,256,25165824,9.778710308,0.038198087,0.032717748,0.042363934,1
actual,29,129,nb,0,256,25165824,9.770116974,0.038164519,0.032838394,0.042204513,1
actual,30,130,nb,0,256,25165824,9.825361260,0.038380317,0.032856287,0.042346521,1
actual,31,131,nb,0,256,25165824,9.850495771,0.038478499,0.033129350,0.042429657,1
actual,32,132,nb,0,256,25165824,9.908401597,0.038704694,0.033228154,0.042829370,1
actual,33,133,nb,0,256,25165824,9.854138907,0.038492730,0.033043809,0.042465745,1
actual,34,134,nb,0,256,25165824,9.831487498,0.038404248,0.033056232,0.042331573,1
actual,35,135,nb,0,256,25165824,9.793934335,0.038257556,0.032936888,0.042191520,1
actual,36,136,nb,0,256,25165824,9.877209383,0.038582849,0.033087691,0.043078078,1
actual,37,137,nb,0,256,25165824,9.962495827,0.038915999,0.033229076,0.043596272,1
actual,38,138,nb,0,256,25165824,9.886534742,0.038619276,0.033048959,0.043113845,1
actual,39,139,nb,0,256,25165824,9.747038355,0.038074369,0.033000898,0.042132759,1
actual,40,140,nb,0,256,25165824,9.805235226,0.038301700,0.032704513,0.042359826,1
actual,41,141,nb,0,256,25165824,9.860176125,0.038516313,0.032979197,0.042672013,1
actual,42,142,nb,0,256,25165824,9.800223634,0.038282124,0.033052385,0.042541557,1
actual,43,143,nb,0,256,25165824,9.820354025,0.038360758,0.033170045,0.042399090,1
actual,44,144,nb,0,256,25165824,9.870289104,0.038555817,0.032904739,0.043012794,1
actual,45,145,nb,0,256,25165824,9.866774866,0.038542089,0.033219338,0.042761451,1
actual,46,146,nb,0,256,25165824,9.881341576,0.038598991,0.032782058,0.043110999,1
actual,47,147,nb,0,256,25165824,9.914276017,0.038727641,0.033021467,0.043552620,1
actual,48,148,nb,0,256,25165824,9.832623629,0.038408686,0.033029001,0.042657717,1
actual,49,149,nb,0,256,25165824,9.836566931,0.038424090,0.032944704,0.042342453,1
actual,50,150,nb,0,256,25165824,9.798121136,0.038273911,0.033037788,0.042061144,1
actual,51,151,nb,0,256,25165824,9.777414254,0.038193024,0.032876045,0.042077475,1
actual,52,152,nb,0,256,25165824,9.782279167,0.038212028,0.032653357,0.042407004,1
actual,53,153,nb,0,256,25165824,9.828514664,0.038392635,0.033281775,0.042298741,1
actual,54,154,nb,0,256,25165824,9.810301990,0.038321492,0.033040723,0.042457190,1
actual,55,155,nb,0,256,25165824,9.778269972,0.038196367,0.032534524,0.042748087,1
actual,56,156,nb,0,256,25165824,9.857577919,0.038506164,0.032973257,0.042578808,1
actual,57,157,nb,0,256,25165824,9.847501779,0.038466804,0.033006098,0.042229370,1
actual,58,158,nb,0,256,25165824,9.783033219,0.038214974,0.032820871,0.042466757,1
actual,59,159,nb,0,256,25165824,9.831206413,0.038403150,0.032840397,0.042787410,1
actual,60,160,nb,0,256,25165824,9.746741320,0.038073208,0.033019113,0.042334979,1
actual,61,161,nb,0,256,25165824,9.819583658,0.038357749,0.033062715,0.042639963,1
actual,62,162,nb,0,256,25165824,9.855082004,0.038496414,0.033010967,0.042962219,1
actual,63,163,nb,0,256,25165824,9.845316063,0.038458266,0.032968047,0.042775008,1
actual,64,164,nb,0,256,25165824,9.836762658,0.038424854,0.033159486,0.042649821,1
actual,65,165,nb,0,256,25165824,9.811459180,0.038326012,0.032838975,0.042870327,1
actual,66,166,nb,0,256,25165824,9.819045791,0.038355648,0.032926298,0.042665391,1
actual,67,167,nb,0,256,25165824,9.824205333,0.038375802,0.032998414,0.042659540,1
actual,68,168,nb,0,256,25165824,9.867136395,0.038543502,0.033469808,0.042512863,1
actual,69,169,nb,0,256,25165824,9.834872731,0.038417472,0.033007932,0.042203802,1
actual,70,170,nb,0,256,25165824,9.853972930,0.038492082,0.033323193,0.042668126,1
actual,71,171,nb,0,256,25165824,9.845803576,0.038460170,0.032971454,0.042951770,1
actual,72,172,nb,0,256,25165824,9.860387485,0.038517139,0.033282456,0.042577886,1
actual,73,173,nb,0,256,25165824,9.899451137,0.038669731,0.033128968,0.043107152,1
actual,74,174,nb,0,256,25165824,9.887470299,0.038622931,0.032981412,0.042564531,1
actual,75,175,nb,0,256,25165824,9.931292007,0.038794109,0.033141943,0.043152177,1
actual,76,176,nb,0,256,25165824,9.868904913,0.038550410,0.033235288,0.042525167,1
actual,77,177,nb,0,256,25165824,9.877642423,0.038584541,0.033273600,0.042456548,1
actual,78,178,nb,0,256,25165824,9.913480244,0.038724532,0.032973758,0.043062769,1
actual,79,179,nb,0,256,25165824,9.916780909,0.038737425,0.033049189,0.043113253,1
actual,80,180,nb,0,256,25165824,9.858452077,0.038509578,0.033086579,0.042376878,1
actual,81,181,nb,0,256,25165824,9.833372330,0.038411611,0.032973467,0.042593966,1
actual,82,182,nb,0,256,25165824,9.867086996,0.038543309,0.033098622,0.042888330,1
actual,83,183,nb,0,256,25165824,9.892839061,0.038643903,0.032918825,0.042831834,1
actual,84,184,nb,0,256,25165824,9.842232531,0.038446221,0.033012751,0.042492836,1
actual,85,185,nb,0,256,25165824,9.869887344,0.038554247,0.032948140,0.042567577,1
actual,86,186,nb,0,256,25165824,9.898588275,0.038666360,0.033015065,0.042681010,1
actual,87,187,nb,0,256,25165824,9.848214190,0.038469587,0.033024813,0.042541949,1
actual,88,188,nb,0,256,25165824,9.897611437,0.038662545,0.033368428,0.042839829,1
actual,89,189,nb,0,256,25165824,9.883803321,0.038608607,0.032932280,0.042748467,1
actual,90,190,nb,0,256,25165824,9.847952481,0.038468564,0.032707549,0.042978340,1
actual,91,191,nb,0,256,25165824,9.833491748,0.038412077,0.032677883,0.042693954,1
actual,92,192,nb,0,256,25165824,9.874144120,0.038570875,0.033171408,0.042587223,1
actual,93,193,nb,0,256,25165824,9.884668625,0.038611987,0.032947108,0.042777441,1
actual,94,194,nb,0,256,25165824,9.944389701,0.038845272,0.032932259,0.042875667,1
actual,95,195,nb,0,256,25165824,9.851169534,0.038481131,0.032873890,0.042591372,1
actual,96,196,nb,0,256,25165824,9.837342165,0.038427118,0.032697028,0.042673255,1
actual,97,197,nb,0,256,25165824,9.954841019,0.038886098,0.033236230,0.042659215,1
actual,98,198,nb,0,256,25165824,9.858897653,0.038511319,0.032855605,0.042424638,1
actual,99,199,nb,0,256,25165824,9.862573098,0.038525676,0.032882045,0.042620286,1
warmup,0,0,nb,0,256,33554432,12.868104053,0.050266031,0.042931542,0.055660564,1
warmup,1,1,nb,0,256,33554432,12.888191099,0.050344496,0.042713573,0.055744520,1
warmup,2,2,nb,0,256,33554432,12.759039250,0.049839997,0.042326387,0.055898270,1
warmup,3,3,nb,0,256,33554432,12.740464050,0.049767438,0.042223203,0.055462089,1
warmup,4,4,nb,0,256,33554432,12.793129325,0.049973161,0.042426064,0.055747356,1
warmup,5,5,nb,0,256,33554432,12.813173909,0.050051461,0.042578851,0.055439888,1
warmup,6,6,nb,0,256,33554432,12.798340929,0.049993519,0.042528165,0.055737798,1
warmup,7,7,nb,0,256,33554432,12.704579308,0.049627263,0.042137473,0.055292991,1
warmup,8,8,nb,0,256,33554432,12.698070245,0.049601837,0.042079194,0.055924811,1
warmup,9,9,nb,0,256,33554432,12.798987418,0.049996045,0.042148984,0.056514901,1
warmup,10,10,nb,0,256,33554432,12.888048726,0.050343940,0.042462251,0.056730626,1
warmup,11,11,nb,0,256,33554432,12.794276848,0.049977644,0.042313864,0.056929391,1
warmup,12,12,nb,0,256,33554432,12.821782525,0.050085088,0.042293375,0.056330384,1
warmup,13,13,nb,0,256,33554432,12.768216286,0.049875845,0.042550116,0.055587165,1
warmup,14,14,nb,0,256,33554432,12.684979700,0.049550702,0.042000195,0.055756273,1
warmup,15,15,nb,0,256,33554432,12.492366341,0.048798306,0.042192265,0.054130383,1
warmup,16,16,nb,0,256,33554432,12.779298161,0.049919133,0.042281933,0.056268688,1
warmup,17,17,nb,0,256,33554432,12.781848970,0.049929098,0.042355042,0.056255242,1
warmup,18,18,nb,0,256,33554432,12.759133757,0.049840366,0.042341164,0.056344390,1
warmup,19,19,nb,0,256,33554432,12.769239656,0.049879842,0.042283166,0.056341655,1
warmup,20,20,nb,0,256,33554432,12.712008634,0.049656284,0.042237140,0.055361971,1
warmup,21,21,nb,0,256,33554432,12.786543935,0.049947437,0.042565606,0.056238601,1
warmup,22,22,nb,0,256,33554432,12.745267217,0.049786200,0.042539437,0.055667837,1
warmup,23,23,nb,0,256,33554432,12.723577790,0.049701476,0.042323933,0.055739622,1
warmup,24,24,nb,0,256,33554432,12.737583494,0.049756186,0.042123757,0.055797551,1
warmup,25,25,nb,0,256,33554432,12.798046788,0.049992370,0.041914604,0.056459296,1
warmup,26,26,nb,0,256,33554432,12.698555102,0.049603731,0.042242540,0.055888322,1
warmup,27,27,nb,0,256,33554432,12.894232228,0.050368095,0.042185202,0.057891921,1
warmup,28,28,nb,0,256,33554432,12.761238106,0.049848586,0.042361523,0.056148561,1
warmup,29,29,nb,0,256,33554432,12.863196666,0.050246862,0.042161999,0.057610482,1
warmup,30,30,nb,0,256,33554432,12.790117109,0.049961395,0.042219356,0.056067168,1
warmup,31,31,nb,0,256,33554432,12.753623911,0.049818843,0.042263248,0.055805516,1
warmup,32,32,nb,0,256,33554432,12.759436040,0.049841547,0.042216702,0.055486175,1
warmup,33,33,nb,0,256,33554432,12.814112170,0.050055126,0.042434410,0.055701820,1
warmup,34,34,nb,0,256,33554432,12.879995258,0.050312481,0.042261906,0.056903652,1
warmup,35,35,nb,0,256,33554432,12.722829214,0.049698552,0.042282866,0.055464904,1
warmup,36,36,nb,0,256,33554432,12.837921227,0.050148130,0.042267467,0.056551310,1
warmup,37,37,nb,0,256,33554432,12.814895196,0.050058184,0.042581014,0.055688796,1
warmup,38,38,nb,0,256,33554432,12.853708377,0.050209798,0.042562671,0.055888081,1
warmup,39,39,nb,0,256,33554432,12.871822801,0.050280558,0.042738180,0.056053321,1
warmup,40,40,nb,0,256,33554432,12.749768808,0.049803784,0.042129928,0.055806958,1
warmup,41,41,nb,0,256,33554432,12.761667663,0.049850264,0.042491547,0.055860539,1
warmup,42,42,nb,0,256,33554432,12.772466004,0.049892445,0.042254413,0.056236687,1
warmup,43,43,nb,0,256,33554432,12.819913594,0.050077787,0.042419692,0.056234052,1
warmup,44,44,nb,0,256,33554432,12.715457893,0.049669757,0.042143203,0.055676453,1
warmup,45,45,nb,0,256,33554432,12.818432696,0.050072003,0.042537724,0.056150225,1
warmup,46,46,nb,0,256,33554432,12.799110857,0.049996527,0.042226089,0.056139394,1
warmup,47,47,nb,0,256,33554432,12.805669739,0.050022147,0.042193377,0.056237118,1
warmup,48,48,nb,0,256,33554432,12.772025428,0.049890724,0.042292334,0.056134364,1
warmup,49,49,nb,0,256,33554432,12.783460199,0.049935391,0.042214837,0.056324332,1
warmup,50,50,nb,0,256,33554432,12.715066609,0.049668229,0.042019421,0.056141748,1
warmup,51,51,nb,0,256,33554432,12.776220580,0.049907112,0.042134547,0.056110509,1
warmup,52,52,nb,0,256,33554432,12.663661116,0.049467426,0.042189700,0.055951841,1
warmup,53,53,nb,0,256,33554432,12.699940497,0.049609143,0.042178410,0.055649362,1
warmup,54,54,nb,0,256,33554432,12.811185559,0.050043694,0.042157811,0.057104911,1
warmup,55,55,nb,0,256,33554432,12.764006086,0.049859399,0.042779115,0.055737938,1
warmup,56,56,nb,0,256,33554432,12.866047572,0.050257998,0.042327218,0.057243993,1
warmup,57,57,nb,0,256,33554432,12.757923497,0.049835639,0.042474876,0.055255651,1
warmup,58,58,nb,0,256,33554432,12.743357379,0.049778740,0.042336797,0.055350099,1
warmup,59,59,nb,0,256,33554432,12.822482789,0.050087823,0.042579872,0.055720155,1
warmup,60,60,nb,0,256,33554432,12.921636033,0.050475141,0.042594741,0.056512867,1
warmup,61,61,nb,0,256,33554432,12.765400536,0.049864846,0.042465498,0.055804624,1
warmup,62,62,nb,0,256,33554432,12.690259807,0.049571327,0.042058555,0.055701681,1
warmup,63,63,nb,0,256,33554432,12.801234757,0.050004823,0.042316379,0.056572660,1
warmup,64,64,nb,0,256,33554432,12.743158118,0.049777961,0.042216200,0.056087076,1
warmup,65,65,nb,0,256,33554432,12.665127179,0.049473153,0.042193317,0.055307989,1
warmup,66,66,nb,0,256,33554432,12.774654413,0.049900994,0.042104972,0.056420613,1
warmup,67,67,nb,0,256,33554432,12.729360216,0.049724063,0.042206221,0.055989662,1
warmup,68,68,nb,0,256,33554432,13.005948260,0.050804485,0.043509134,0.057296672,1
warmup,69,69,nb,0,256,33554432,12.933003251,0.050519544,0.042981817,0.056498881,1
warmup,70,70,nb,0,256,33554432,13.107467483,0.051201045,0.042733391,0.058945265,1
warmup,71,71,nb,0,256,33554432,12.937604083,0.050537516,0.042867071,0.056501375,1
warmup,72,72,nb,0,256,33554432,12.762222513,0.049852432,0.042302673,0.056538365,1
warmup,73,73,nb,0,256,33554432,12.800816232,0.050003188,0.042435071,0.055896888,1
warmup,74,74,nb,0,256,33554432,12.731038870,0.049730621,0.042190241,0.055576485,1
warmup,75,75,nb,0,256,33554432,12.739890990,0.049765199,0.042191514,0.055387359,1
warmup,76,76,nb,0,256,33554432,12.782823584,0.049932905,0.042267677,0.055999400,1
warmup,77,77,nb,0,256,33554432,12.814258834,0.050055699,0.042711560,0.055827547,1
warmup,78,78,nb,0,256,33554432,12.776464036,0.049908063,0.042439289,0.055616460,1
warmup,79,79,nb,0,256,33554432,12.685834305,0.049554040,0.042232942,0.055245638,1
warmup,80,80,nb,0,256,33554432,12.859510915,0.050232465,0.042862282,0.056583530,1
warmup,81,81,nb,0,256,33554432,12.957931886,0.050616921,0.042722440,0.056856243,1
warmup,82,82,nb,0,256,33554432,12.916539041,0.050455231,0.042838678,0.056347977,1
warmup,83,83,nb,0,256,33554432,12.997658545,0.050772104,0.043189235,0.056239883,1
warmup,84,84,nb,0,256,33554432,12.990322563,0.050743448,0.042821135,0.056937054,1
warmup,85,85,nb,0,256,33554432,12.848997866,0.050191398,0.042372734,0.056432495,1
warmup,86,86,nb,0,256,33554432,12.942387906,0.050556203,0.042835112,0.056378123,1
warmup,87,87,nb,0,256,33554432,12.930756672,0.050510768,0.042862582,0.056743630,1
warmup,88,88,nb,0,256,33554432,12.897471701,0.050380749,0.042738069,0.056227880,1
warmup,89,89,nb,0,256,33554432,12.780435152,0.049923575,0.042321198,0.055357573,1
warmup,90,90,nb,0,256,33554432,12.849570155,0.050193633,0.042558703,0.055635005,1
warmup,91,91,nb,0,256,33554432,12.833562010,0.050131102,0.042589240,0.055946301,1
warmup,92,92,nb,0,256,33554432,12.862394937,0.050243730,0.042508028,0.056388193,1
warmup,93,93,nb,0,256,33554432,12.772841119,0.049893911,0.042159895,0.055869957,1
warmup,94,94,nb,0,256,33554432,12.842731176,0.050166919,0.042572970,0.056183598,1
warmup,95,95,nb,0,256,33554432,12.859411225,0.050232075,0.042516163,0.056039846,1
warmup,96,96,nb,0,256,33554432,12.640458646,0.049376792,0.042143695,0.055052469,1
warmup,97,97,nb,0,256,33554432,12.796636174,0.049986860,0.042480546,0.056045307,1
warmup,98,98,nb,0,256,33554432,12.760042559,0.049843916,0.042290290,0.056316177,1
warmup,99,99,nb,0,256,33554432,12.765196334,0.049864048,0.042214007,0.056434529,1
actual,0,100,nb,0,256,33554432,12.743903975,0.049780875,0.042123626,0.056228632,1
actual,1,101,nb,0,256,33554432,12.755417195,0.049825848,0.042275702,0.055999712,1
actual,2,102,nb,0,256,33554432,12.729858707,0.049726011,0.042327509,0.055764599,1
actual,3,103,nb,0,256,33554432,12.827966067,0.050109242,0.042547301,0.056285308,1
actual,4,104,nb,0,256,33554432,12.750448397,0.049806439,0.042397080,0.055978481,1
actual,5,105,nb,0,256,33554432,12.750362885,0.049806105,0.042200321,0.055914451,1
actual,6,106,nb,0,256,33554432,12.813420947,0.050052426,0.042325144,0.056932296,1
actual,7,107,nb,0,256,33554432,12.757570069,0.049834258,0.042236548,0.055635415,1
actual,8,108,nb,0,256,33554432,12.705544909,0.049631035,0.042382332,0.055192983,1
actual,9,109,nb,0,256,33554432,12.849343571,0.050192748,0.042705759,0.055813420,1
actual,10,110,nb,0,256,33554432,12.809376574,0.050036627,0.042515180,0.055850190,1
actual,11,111,nb,0,256,33554432,12.844960583,0.050175627,0.042491057,0.056092186,1
actual,12,112,nb,0,256,33554432,12.856224147,0.050219626,0.042667217,0.056080153,1
actual,13,113,nb,0,256,33554432,13.395197961,0.052324992,0.044545388,0.059473519,1
actual,14,114,nb,0,256,33554432,13.421574083,0.052428024,0.044343379,0.059437412,1
actual,15,115,nb,0,256,33554432,12.966697458,0.050651162,0.042784516,0.056082380,1
actual,16,116,nb,0,256,33554432,13.398798670,0.052339057,0.044358559,0.059139371,1
actual,17,117,nb,0,256,33554432,12.856990687,0.050222620,0.042441944,0.055495733,1
actual,18,118,nb,0,256,33554432,12.838582608,0.050150713,0.042726818,0.055222198,1
actual,19,119,nb,0,256,33554432,12.721790302,0.049694493,0.042220870,0.054956188,1
actual,20,120,nb,0,256,33554432,12.996428299,0.050767298,0.042375930,0.057796133,1
actual,21,121,nb,0,256,33554432,12.983481896,0.050716726,0.043183072,0.055913729,1
actual,22,122,nb,0,256,33554432,12.727538778,0.049716948,0.042191815,0.055769989,1
actual,23,123,nb,0,256,33554432,12.852745389,0.050206037,0.042662608,0.056111802,1
actual,24,124,nb,0,256,33554432,12.877071858,0.050301062,0.042160056,0.057520182,1
actual,25,125,nb,0,256,33554432,12.743390784,0.049778870,0.042279139,0.056049395,1
actual,26,126,nb,0,256,33554432,12.745939745,0.049788827,0.042206513,0.055887591,1
actual,27,127,nb,0,256,33554432,12.893382346,0.050364775,0.042819903,0.055939298,1
actual,28,128,nb,0,256,33554432,12.808380758,0.050032737,0.042339573,0.055680471,1
actual,29,129,nb,0,256,33554432,12.865713689,0.050256694,0.042537102,0.056480516,1
actual,30,130,nb,0,256,33554432,12.923827765,0.050483702,0.042882569,0.056035479,1
actual,31,131,nb,0,256,33554432,12.869751448,0.050272467,0.042632401,0.056062890,1
actual,32,132,nb,0,256,33554432,13.423756042,0.052436547,0.044617881,0.058283528,1
actual,33,133,nb,0,256,33554432,12.792779668,0.049971796,0.042387502,0.055687824,1
actual,34,134,nb,0,256,33554432,12.930932541,0.050511455,0.042914149,0.056117252,1
actual,35,135,nb,0,256,33554432,12.828418853,0.050111011,0.042680562,0.055202550,1
actual,36,136,nb,0,256,33554432,12.917302498,0.050458213,0.043171410,0.055763677,1
actual,37,137,nb,0,256,33554432,12.888279715,0.050344843,0.042660063,0.056224364,1
actual,38,138,nb,0,256,33554432,12.933351905,0.050520906,0.042907697,0.056409392,1
actual,39,139,nb,0,256,33554432,12.843621028,0.050170395,0.042573851,0.056278506,1
actual,40,140,nb,0,256,33554432,12.899393955,0.050388258,0.042663930,0.056773787,1
actual,41,141,nb,0,256,33554432,12.923506298,0.050482446,0.042653029,0.057062511,1
actual,42,142,nb,0,256,33554432,12.866219757,0.050258671,0.042552101,0.055925291,1
actual,43,143,nb,0,256,33554432,12.790717727,0.049963741,0.042279400,0.055731988,1
actual,44,144,nb,0,256,33554432,12.800213594,0.050000834,0.042426946,0.056138332,1
actual,45,145,nb,0,256,33554432,12.830186039,0.050117914,0.042482510,0.055934558,1
actual,46,146,nb,0,256,33554432,12.972317534,0.050673115,0.043002013,0.056207773,1
actual,47,147,nb,0,256,33554432,12.898979034,0.050386637,0.042754660,0.056039496,1
actual,48,148,nb,0,256,33554432,12.788003082,0.049953137,0.042475047,0.055746264,1
actual,49,149,nb,0,256,33554432,13.134694313,0.051307400,0.046018503,0.056218112,1
actual,50,150,nb,0,256,33554432,12.833145563,0.050129475,0.044163579,0.054905682,1
actual,51,151,nb,0,256,33554432,12.773287490,0.049895654,0.042325396,0.055343536,1
actual,52,152,nb,0,256,33554432,12.826403508,0.050103139,0.043111589,0.055742597,1
actual,53,153,nb,0,256,33554432,12.830991551,0.050121061,0.042820853,0.056036290,1
actual,54,154,nb,0,256,33554432,12.771531983,0.049888797,0.042450850,0.056087667,1
actual,55,155,nb,0,256,33554432,12.748451875,0.049798640,0.042407049,0.055898670,1
actual,56,156,nb,0,256,33554432,12.733846353,0.049741587,0.042119900,0.056305496,1
actual,57,157,nb,0,256,33554432,12.749602667,0.049803135,0.042340174,0.055768546,1
actual,58,158,nb,0,256,33554432,12.800878886,0.050003433,0.042324094,0.055795046,1
actual,59,159,nb,0,256,33554432,12.753265742,0.049817444,0.042187878,0.056188787,1
actual,60,160,nb,0,256,33554432,12.759607826,0.049842218,0.042124690,0.056333248,1
actual,61,161,nb,0,256,33554432,12.840638168,0.050158743,0.042363437,0.056787162,1
actual,62,162,nb,0,256,33554432,12.809189261,0.050035896,0.042390087,0.056668659,1
actual,63,163,nb,0,256,33554432,12.796217126,0.049985223,0.042565225,0.056546880,1
actual,64,164,nb,0,256,33554432,12.685697884,0.049553507,0.041925727,0.056111902,1
actual,65,165,nb,0,256,33554432,12.759198433,0.049840619,0.042341916,0.055999019,1
actual,66,166,nb,0,256,33554432,12.770949011,0.049886520,0.042199449,0.056228161,1
actual,67,167,nb,0,256,33554432,12.800781997,0.050003055,0.042432306,0.056201090,1
actual,68,168,nb,0,256,33554432,12.786797830,0.049948429,0.042032798,0.056419481,1
actual,69,169,nb,0,256,33554432,12.704623883,0.049627437,0.042171247,0.055735954,1
actual,70,170,nb,0,256,33554432,12.752158861,0.049813121,0.042273068,0.056015060,1
actual,71,171,nb,0,256,33554432,12.813590781,0.050053089,0.042160998,0.056663469,1
actual,72,172,nb,0,256,33554432,12.838650705,0.050150979,0.042043638,0.057259392,1
actual,73,173,nb,0,256,33554432,12.788690112,0.049955821,0.042533716,0.055759940,1
actual,74,174,nb,0,256,33554432,12.974458407,0.050681478,0.042689207,0.057488162,1
actual,75,175,nb,0,256,33554432,12.851072319,0.050199501,0.042479685,0.056160944,1
actual,76,176,nb,0,256,33554432,12.811747192,0.050045887,0.042455971,0.055790868,1
actual,77,177,nb,0,256,33554432,12.803669181,0.050014333,0.042476549,0.055646136,1
actual,78,178,nb,0,256,33554432,12.835161553,0.050137350,0.042446262,0.056076996,1
actual,79,179,nb,0,256,33554432,12.789005524,0.049957053,0.042572869,0.055966058,1
actual,80,180,nb,0,256,33554432,12.857198274,0.050223431,0.042379196,0.056235875,1
actual,81,181,nb,0,256,33554432,12.840381234,0.050157739,0.042464376,0.056275620,1
actual,82,182,nb,0,256,33554432,12.831563047,0.050123293,0.042325627,0.056224144,1
actual,83,183,nb,0,256,33554432,12.807970207,0.050031134,0.042484845,0.055954576,1
actual,84,184,nb,0,256,33554432,12.778592340,0.049916376,0.042447414,0.055352283,1
actual,85,185,nb,0,256,33554432,12.719970356,0.049687384,0.042228285,0.054904721,1
actual,86,186,nb,0,256,33554432,12.676296810,0.049516784,0.042302954,0.054960777,1
actual,87,187,nb,0,256,33554432,12.781059117,0.049926012,0.042466990,0.055361140,1
actual,88,188,nb,0,256,33554432,12.759459558,0.049841639,0.042548905,0.054744794,1
actual,89,189,nb,0,256,33554432,12.803144417,0.050012283,0.042617503,0.055247174,1
actual,90,190,nb,0,256,33554432,12.735469184,0.049747927,0.042332088,0.055746604,1
actual,91,191,nb,0,256,33554432,12.734952112,0.049745907,0.042113158,0.056020359,1
actual,92,192,nb,0,256,33554432,12.751849916,0.049811914,0.042195673,0.055614887,1
actual,93,193,nb,0,256,33554432,12.786096204,0.049945688,0.042170356,0.056178377,1
actual,94,194,nb,0,256,33554432,12.738286692,0.049758932,0.042296151,0.055470646,1
actual,95,195,nb,0,256,33554432,12.800764867,0.050002988,0.042403672,0.055661355,1
actual,96,196,nb,0,256,33554432,12.849999907,0.050195312,0.042284379,0.055360778,1
actual,97,197,nb,0,256,33554432,12.799995719,0.049999983,0.042566707,0.055770780,1
actual,98,198,nb,0,256,33554432,12.621875352,0.049304201,0.042186195,0.055103114,1
actual,99,199,nb,0,256,33554432,12.662137249,0.049461474,0.042191595,0.055696861,1
