phase,phase_iteration,global_iteration,algorithm,root,nproc,message_size_bytes,time_sum_sec,avg_latency_sec,min_time_sec,max_time_sec,correct
warmup,0,0,nb,0,512,2,1.146716480,0.002239681,0.000203049,0.004566481,1
warmup,1,1,nb,0,512,2,0.060811310,0.000118772,0.000010440,0.000180037,1
warmup,2,2,nb,0,512,2,0.060246544,0.000117669,0.000005891,0.000177332,1
warmup,3,3,nb,0,512,2,0.059932898,0.000117056,0.000005521,0.000175869,1
warmup,4,4,nb,0,512,2,0.054821691,0.000107074,0.000008215,0.000180318,1
warmup,5,5,nb,0,512,2,0.058244110,0.000113758,0.000013304,0.000201495,1
warmup,6,6,nb,0,512,2,0.054789580,0.000107011,0.000010970,0.000164719,1
warmup,7,7,nb,0,512,2,0.058126893,0.000113529,0.000009017,0.000180338,1
warmup,8,8,nb,0,512,2,0.057996459,0.000113274,0.000009328,0.000185768,1
warmup,9,9,nb,0,512,2,0.056384284,0.000110126,0.000008947,0.000178244,1
warmup,10,10,nb,0,512,2,0.057431148,0.000112170,0.000005230,0.000163546,1
warmup,11,11,nb,0,512,2,0.058115421,0.000113507,0.000005149,0.000191556,1
warmup,12,12,nb,0,512,2,0.057046185,0.000111418,0.000009117,0.000175348,1
warmup,13,13,nb,0,512,2,0.060167207,0.000117514,0.000013255,0.000187549,1
warmup,14,14,nb,0,512,2,0.056322125,0.000110004,0.000013515,0.000166309,1
warmup,15,15,nb,0,512,2,0.051955688,0.000101476,0.000004258,0.000164779,1
warmup,16,16,nb,0,512,2,0.057208930,0.000111736,0.000014156,0.000185115,1
warmup,17,17,nb,0,512,2,0.055377353,0.000108159,0.000004789,0.000173183,1
warmup,18,18,nb,0,512,2,0.053251166,0.000104006,0.000003978,0.000175697,1
warmup,19,19,nb,0,512,2,0.050212550,0.000098071,0.000003947,0.000159618,1
warmup,20,20,nb,0,512,2,0.049242610,0.000096177,0.000005060,0.000155150,1
warmup,21,21,nb,0,512,2,0.056264524,0.000109892,0.000004849,0.000178875,1
warmup,22,22,nb,0,512,2,0.052098130,0.000101754,0.000004158,0.000157835,1
warmup,23,23,nb,0,512,2,0.057164414,0.000111649,0.000007564,0.000176901,1
warmup,24,24,nb,0,512,2,0.051821579,0.000101214,0.000004008,0.000159128,1
warmup,25,25,nb,0,512,2,0.053935809,0.000105343,0.000003627,0.000175176,1
warmup,26,26,nb,0,512,2,0.048675830,0.000095070,0.000004969,0.000155381,1
warmup,27,27,nb,0,512,2,0.054423284,0.000106295,0.000005090,0.000173124,1
warmup,28,28,nb,0,512,2,0.054880122,0.000107188,0.000007664,0.000167875,1
warmup,29,29,nb,0,512,2,0.051237208,0.000100073,0.000003847,0.000166489,1
warmup,30,30,nb,0,512,2,0.055627659,0.000108648,0.000005110,0.000178242,1
warmup,31,31,nb,0,512,2,0.055370460,0.000108145,0.000004849,0.000160922,1
warmup,32,32,nb,0,512,2,0.052744876,0.000103017,0.000008306,0.000171159,1
warmup,33,33,nb,0,512,2,0.055939485,0.000109257,0.000004689,0.000176999,1
warmup,34,34,nb,0,512,2,0.052486690,0.000102513,0.000007304,0.000169015,1
warmup,35,35,nb,0,512,2,0.054938834,0.000107302,0.000004949,0.000172002,1
warmup,36,36,nb,0,512,2,0.051659488,0.000100897,0.000004789,0.000157155,1
warmup,37,37,nb,0,512,2,0.059145019,0.000115518,0.000008716,0.000173534,1
warmup,38,38,nb,0,512,2,0.052226806,0.000102005,0.000004668,0.000167030,1
warmup,39,39,nb,0,512,2,0.052931370,0.000103382,0.000004959,0.000160831,1
warmup,40,40,nb,0,512,2,0.056614583,0.000110575,0.000006953,0.000173183,1
warmup,41,41,nb,0,512,2,0.053199472,0.000103905,0.000004618,0.000160080,1
warmup,42,42,nb,0,512,2,0.052618235,0.000102770,0.000003697,0.000168253,1
warmup,43,43,nb,0,512,2,0.057137568,0.000111597,0.000004960,0.000168646,1
warmup,44,44,nb,0,512,2,0.053114647,0.000103740,0.000004619,0.000166360,1
warmup,45,45,nb,0,512,2,0.057552687,0.000112408,0.000010900,0.000180886,1
warmup,46,46,nb,0,512,2,0.054773974,0.000106980,0.000008015,0.000174064,1
warmup,47,47,nb,0,512,2,0.055509289,0.000108417,0.000008736,0.000169146,1
warmup,48,48,nb,0,512,2,0.058059579,0.000113398,0.000011732,0.000174707,1
warmup,49,49,nb,0,512,2,0.057180673,0.000111681,0.000008737,0.000168696,1
actual,0,50,nb,0,512,2,0.050775894,0.000099172,0.000005160,0.000163506,1
actual,1,51,nb,0,512,2,0.059351269,0.000115920,0.000007715,0.000172221,1
actual,2,52,nb,0,512,2,0.050247270,0.000098139,0.000005450,0.000156461,1
actual,3,53,nb,0,512,2,0.054383397,0.000106218,0.000009127,0.000172551,1
actual,4,54,nb,0,512,2,0.047934153,0.000093621,0.000004509,0.000142546,1
actual,5,55,nb,0,512,2,0.056219869,0.000109804,0.000004839,0.000176030,1
actual,6,56,nb,0,512,2,0.056403822,0.000110164,0.000009027,0.000171769,1
actual,7,57,nb,0,512,2,0.054457699,0.000106363,0.000003747,0.000161680,1
actual,8,58,nb,0,512,2,0.059460230,0.000116133,0.000008676,0.000183033,1
actual,9,59,nb,0,512,2,0.056129344,0.000109628,0.000004809,0.000176288,1
actual,10,60,nb,0,512,2,0.055592845,0.000108580,0.000008446,0.000180937,1
actual,11,61,nb,0,512,2,0.056157007,0.000109682,0.000004629,0.000165720,1
actual,12,62,nb,0,512,2,0.052333803,0.000102214,0.000004118,0.000157434,1
actual,13,63,nb,0,512,2,0.049754462,0.000097177,0.000005120,0.000155210,1
actual,14,64,nb,0,512,2,0.052149890,0.000101855,0.000003717,0.000161603,1
actual,15,65,nb,0,512,2,0.053607941,0.000104703,0.000007264,0.000169718,1
actual,16,66,nb,0,512,2,0.050149978,0.000097949,0.000003567,0.000159208,1
actual,17,67,nb,0,512,2,0.054586668,0.000106615,0.000007043,0.000163316,1
actual,18,68,nb,0,512,2,0.057207915,0.000111734,0.000009257,0.000169165,1
actual,19,69,nb,0,512,2,0.056766843,0.000110873,0.000007053,0.000172833,1
actual,20,70,nb,0,512,2,0.047437367,0.000092651,0.000004448,0.000155008,1
actual,21,71,nb,0,512,2,0.055240905,0.000107892,0.000004709,0.000180937,1
actual,22,72,nb,0,512,2,0.053467757,0.000104429,0.000008526,0.000172110,1
actual,23,73,nb,0,512,2,0.059064417,0.000115360,0.000008887,0.000180005,1
actual,24,74,nb,0,512,2,0.052126385,0.000101809,0.000005139,0.000170908,1
actual,25,75,nb,0,512,2,0.056855149,0.000111045,0.000003847,0.000167674,1
actual,26,76,nb,0,512,2,0.055585947,0.000108566,0.000003647,0.000171409,1
actual,27,77,nb,0,512,2,0.054565622,0.000106573,0.000008516,0.000173122,1
actual,28,78,nb,0,512,2,0.056672220,0.000110688,0.000003536,0.000176017,1
actual,29,79,nb,0,512,2,0.056308960,0.000109978,0.000004739,0.000172822,1
actual,30,80,nb,0,512,2,0.051802180,0.000101176,0.000006823,0.000166840,1
actual,31,81,nb,0,512,2,0.055390816,0.000108185,0.000003937,0.000166650,1
actual,32,82,nb,0,512,2,0.050869254,0.000099354,0.000006953,0.000155830,1
actual,33,83,nb,0,512,2,0.053640176,0.000104766,0.000008917,0.000162624,1
actual,34,84,nb,0,512,2,0.053766112,0.000105012,0.000004458,0.000166971,1
actual,35,85,nb,0,512,2,0.055104505,0.000107626,0.000004989,0.000174635,1
actual,36,86,nb,0,512,2,0.047769373,0.000093300,0.000003677,0.000146342,1
actual,37,87,nb,0,512,2,0.054320250,0.000106094,0.000006832,0.000159008,1
actual,38,88,nb,0,512,2,0.053946429,0.000105364,0.000004739,0.000167363,1
actual,39,89,nb,0,512,2,0.052139853,0.000101836,0.000003557,0.000160980,1
actual,40,90,nb,0,512,2,0.053178193,0.000103864,0.000003777,0.000165608,1
actual,41,91,nb,0,512,2,0.056411769,0.000110179,0.000008846,0.000176108,1
actual,42,92,nb,0,512,2,0.052772906,0.000103072,0.000004799,0.000164427,1
actual,43,93,nb,0,512,2,0.053161742,0.000103832,0.000004709,0.000160691,1
actual,44,94,nb,0,512,2,0.050986913,0.000099584,0.000003587,0.000159567,1
actual,45,95,nb,0,512,2,0.055104138,0.000107625,0.000003556,0.000174395,1
actual,46,96,nb,0,512,2,0.056091903,0.000109554,0.000008806,0.000169125,1
actual,47,97,nb,0,512,2,0.057867636,0.000113023,0.000008756,0.000169938,1
actual,48,98,nb,0,512,2,0.054275325,0.000106006,0.000004068,0.000161352,1
actual,49,99,nb,0,512,2,0.054703094,0.000106842,0.000004488,0.000175859,1
warmup,0,0,nb,0,512,3,0.054001416,0.000105472,0.000003897,0.000180345,1
warmup,1,1,nb,0,512,3,0.060979447,0.000119100,0.000012403,0.000182720,1
warmup,2,2,nb,0,512,3,0.051618094,0.000100817,0.000003627,0.000157884,1
warmup,3,3,nb,0,512,3,0.056750647,0.000110841,0.000008626,0.000174184,1
warmup,4,4,nb,0,512,3,0.055588989,0.000108572,0.000003646,0.000164516,1
warmup,5,5,nb,0,512,3,0.052953619,0.000103425,0.000004939,0.000166440,1
warmup,6,6,nb,0,512,3,0.045779740,0.000089414,0.000003997,0.000156050,1
warmup,7,7,nb,0,512,3,0.057175785,0.000111671,0.000006742,0.000177633,1
warmup,8,8,nb,0,512,3,0.055558754,0.000108513,0.000004769,0.000173222,1
warmup,9,9,nb,0,512,3,0.056933950,0.000111199,0.000005070,0.000169578,1
warmup,10,10,nb,0,512,3,0.053043994,0.000103602,0.000005209,0.000165147,1
warmup,11,11,nb,0,512,3,0.054407989,0.000106266,0.000004879,0.000166109,1
warmup,12,12,nb,0,512,3,0.048432919,0.000094596,0.000004939,0.000153177,1
warmup,13,13,nb,0,512,3,0.059911637,0.000117015,0.000008947,0.000176519,1
warmup,14,14,nb,0,512,3,0.052931835,0.000103382,0.000008245,0.000159589,1
warmup,15,15,nb,0,512,3,0.056302815,0.000109966,0.000004799,0.000169997,1
warmup,16,16,nb,0,512,3,0.049712145,0.000097094,0.000004779,0.000160999,1
warmup,17,17,nb,0,512,3,0.056991746,0.000111312,0.000004949,0.000170307,1
warmup,18,18,nb,0,512,3,0.055774532,0.000108935,0.000004709,0.000170077,1
warmup,19,19,nb,0,512,3,0.057046998,0.000111420,0.000004989,0.000179504,1
warmup,20,20,nb,0,512,3,0.054949872,0.000107324,0.000005400,0.000168545,1
warmup,21,21,nb,0,512,3,0.054403637,0.000106257,0.000005069,0.000162163,1
warmup,22,22,nb,0,512,3,0.052120521,0.000101798,0.000003908,0.000164486,1
warmup,23,23,nb,0,512,3,0.051778302,0.000101129,0.000003797,0.000165188,1
warmup,24,24,nb,0,512,3,0.061739399,0.000120585,0.000003607,0.000196115,1
warmup,25,25,nb,0,512,3,0.057010083,0.000111348,0.000006713,0.000176819,1
warmup,26,26,nb,0,512,3,0.052346010,0.000102238,0.000003717,0.000164105,1
warmup,27,27,nb,0,512,3,0.056258562,0.000109880,0.000004699,0.000179073,1
warmup,28,28,nb,0,512,3,0.050043199,0.000097741,0.000004058,0.000157743,1
warmup,29,29,nb,0,512,3,0.054917792,0.000107261,0.000011983,0.000172951,1
warmup,30,30,nb,0,512,3,0.051023041,0.000099654,0.000003576,0.000169024,1
warmup,31,31,nb,0,512,3,0.055377309,0.000108159,0.000004569,0.000171940,1
warmup,32,32,nb,0,512,3,0.050631428,0.000098890,0.000004058,0.000155752,1
warmup,33,33,nb,0,512,3,0.055415786,0.000108234,0.000004689,0.000181177,1
warmup,34,34,nb,0,512,3,0.053872976,0.000105221,0.000003617,0.000172601,1
warmup,35,35,nb,0,512,3,0.062464900,0.000122002,0.000004668,0.000198158,1
warmup,36,36,nb,0,512,3,0.054844147,0.000107117,0.000004709,0.000173263,1
warmup,37,37,nb,0,512,3,0.059529784,0.000116269,0.000008767,0.000181137,1
warmup,38,38,nb,0,512,3,0.054444562,0.000106337,0.000004378,0.000180876,1
warmup,39,39,nb,0,512,3,0.055190111,0.000107793,0.000004839,0.000173282,1
warmup,40,40,nb,0,512,3,0.055473507,0.000108347,0.000003497,0.000169596,1
warmup,41,41,nb,0,512,3,0.058241694,0.000113753,0.000008596,0.000172411,1
warmup,42,42,nb,0,512,3,0.054952134,0.000107328,0.000007855,0.000164397,1
warmup,43,43,nb,0,512,3,0.053249420,0.000104003,0.000006943,0.000157755,1
warmup,44,44,nb,0,512,3,0.049817272,0.000097299,0.000003707,0.000158946,1
warmup,45,45,nb,0,512,3,0.054538922,0.000106521,0.000004889,0.000170448,1
warmup,46,46,nb,0,512,3,0.050846295,0.000099309,0.000005320,0.000155681,1
warmup,47,47,nb,0,512,3,0.056280061,0.000109922,0.000005179,0.000182870,1
warmup,48,48,nb,0,512,3,0.052356986,0.000102260,0.000003858,0.000158506,1
warmup,49,49,nb,0,512,3,0.058190022,0.000113652,0.000006853,0.000180787,1
actual,0,50,nb,0,512,3,0.054181105,0.000105822,0.000004809,0.000168626,1
actual,1,51,nb,0,512,3,0.052496479,0.000102532,0.000008556,0.000157302,1
actual,2,52,nb,0,512,3,0.050833791,0.000099285,0.000004979,0.000166590,1
actual,3,53,nb,0,512,3,0.052156850,0.000101869,0.000004829,0.000165778,1
actual,4,54,nb,0,512,3,0.054328579,0.000106111,0.000003787,0.000168344,1
actual,5,55,nb,0,512,3,0.059532329,0.000116274,0.000008626,0.000180629,1
actual,6,56,nb,0,512,3,0.055574785,0.000108545,0.000007414,0.000177000,1
actual,7,57,nb,0,512,3,0.058729354,0.000114706,0.000004799,0.000175227,1
actual,8,58,nb,0,512,3,0.056436711,0.000110228,0.000004318,0.000169094,1
actual,9,59,nb,0,512,3,0.053391728,0.000104281,0.000004718,0.000173934,1
actual,10,60,nb,0,512,3,0.053599082,0.000104686,0.000004819,0.000164126,1
actual,11,61,nb,0,512,3,0.055848564,0.000109079,0.000007243,0.000167273,1
actual,12,62,nb,0,512,3,0.051411927,0.000100414,0.000003677,0.000156733,1
actual,13,63,nb,0,512,3,0.058785221,0.000114815,0.000004890,0.000177941,1
actual,14,64,nb,0,512,3,0.050235261,0.000098116,0.000004919,0.000157816,1
actual,15,65,nb,0,512,3,0.057777935,0.000112848,0.000004779,0.000185976,1
actual,16,66,nb,0,512,3,0.050216523,0.000098079,0.000004177,0.000147837,1
actual,17,67,nb,0,512,3,0.055106847,0.000107631,0.000009077,0.000175136,1
actual,18,68,nb,0,512,3,0.054844227,0.000107118,0.000009147,0.000180015,1
actual,19,69,nb,0,512,3,0.056075895,0.000109523,0.000004548,0.000173533,1
actual,20,70,nb,0,512,3,0.055412062,0.000108227,0.000004929,0.000175727,1
actual,21,71,nb,0,512,3,0.055742335,0.000108872,0.000004449,0.000177130,1
actual,22,72,nb,0,512,3,0.053555103,0.000104600,0.000004428,0.000172323,1
actual,23,73,nb,0,512,3,0.053041257,0.000103596,0.000004739,0.000162074,1
actual,24,74,nb,0,512,3,0.060104306,0.000117391,0.000008777,0.000183662,1
actual,25,75,nb,0,512,3,0.055963044,0.000109303,0.000005070,0.000179775,1
actual,26,76,nb,0,512,3,0.051015545,0.000099640,0.000004157,0.000171098,1
actual,27,77,nb,0,512,3,0.058051042,0.000113381,0.000004539,0.000180415,1
actual,28,78,nb,0,512,3,0.053372051,0.000104242,0.000004498,0.000165849,1
actual,29,79,nb,0,512,3,0.055011833,0.000107445,0.000004979,0.000168014,1
actual,30,80,nb,0,512,3,0.051753787,0.000101082,0.000005210,0.000172340,1
actual,31,81,nb,0,512,3,0.056364064,0.000110086,0.000003546,0.000180266,1
actual,32,82,nb,0,512,3,0.058305985,0.000113879,0.000003897,0.000180636,1
actual,33,83,nb,0,512,3,0.055757015,0.000108900,0.000004799,0.000167632,1
actual,34,84,nb,0,512,3,0.056408546,0.000110173,0.000004960,0.000178213,1
actual,35,85,nb,0,512,3,0.055762318,0.000108911,0.000004920,0.000167544,1
actual,36,86,nb,0,512,3,0.049697638,0.000097066,0.000004368,0.000151512,1
actual,37,87,nb,0,512,3,0.058179678,0.000113632,0.000006883,0.000175919,1
actual,38,88,nb,0,512,3,0.052643221,0.000102819,0.000003467,0.000166000,1
actual,39,89,nb,0,512,3,0.058084500,0.000113446,0.000004468,0.000176678,1
actual,40,90,nb,0,512,3,0.053779025,0.000105037,0.000009438,0.000162312,1
actual,41,91,nb,0,512,3,0.054790787,0.000107013,0.000008796,0.000166371,1
actual,42,92,nb,0,512,3,0.052789900,0.000103105,0.000008907,0.000157695,1
actual,43,93,nb,0,512,3,0.057046035,0.000111418,0.000004399,0.000169537,1
actual,44,94,nb,0,512,3,0.054295025,0.000106045,0.000003838,0.000174364,1
actual,45,95,nb,0,512,3,0.056065849,0.000109504,0.000003697,0.000167404,1
actual,46,96,nb,0,512,3,0.053413907,0.000104324,0.000003747,0.000171129,1
actual,47,97,nb,0,512,3,0.053530658,0.000104552,0.000004899,0.000171880,1
actual,48,98,nb,0,512,3,0.056456048,0.000110266,0.000005019,0.000190174,1
actual,49,99,nb,0,512,3,0.055222155,0.000107856,0.000005320,0.000176298,1
warmup,0,0,nb,0,512,4,0.053271752,0.000104046,0.000007263,0.000166971,1
warmup,1,1,nb,0,512,4,0.054515589,0.000106476,0.000008626,0.000161613,1
warmup,2,2,nb,0,512,4,0.056092073,0.000109555,0.000003666,0.000168415,1
warmup,3,3,nb,0,512,4,0.055474595,0.000108349,0.000004920,0.000169756,1
warmup,4,4,nb,0,512,4,0.054874657,0.000107177,0.000005490,0.000164338,1
warmup,5,5,nb,0,512,4,0.054685949,0.000106808,0.000004839,0.000175346,1
warmup,6,6,nb,0,512,4,0.051295458,0.000100186,0.000004959,0.000159669,1
warmup,7,7,nb,0,512,4,0.058347769,0.000113960,0.000004669,0.000182359,1
warmup,8,8,nb,0,512,4,0.052971445,0.000103460,0.000003387,0.000164877,1
warmup,9,9,nb,0,512,4,0.053962134,0.000105395,0.000004659,0.000163165,1
warmup,10,10,nb,0,512,4,0.048566201,0.000094856,0.000003506,0.000153056,1
warmup,11,11,nb,0,512,4,0.052578631,0.000102693,0.000008706,0.000155691,1
warmup,12,12,nb,0,512,4,0.056127469,0.000109624,0.000004839,0.000171400,1
warmup,13,13,nb,0,512,4,0.061599640,0.000120312,0.000008827,0.000188872,1
warmup,14,14,nb,0,512,4,0.048006956,0.000093764,0.000003376,0.000158054,1
warmup,15,15,nb,0,512,4,0.057698933,0.000112693,0.000006712,0.000185535,1
warmup,16,16,nb,0,512,4,0.054244287,0.000105946,0.000004929,0.000158956,1
warmup,17,17,nb,0,512,4,0.056814341,0.000110966,0.000008485,0.000177260,1
warmup,18,18,nb,0,512,4,0.054591221,0.000106623,0.000003727,0.000170286,1
warmup,19,19,nb,0,512,4,0.054491587,0.000106429,0.000004990,0.000170417,1
warmup,20,20,nb,0,512,4,0.058122061,0.000113520,0.000008275,0.000176679,1
warmup,21,21,nb,0,512,4,0.056022537,0.000109419,0.000004939,0.000180396,1
warmup,22,22,nb,0,512,4,0.053942467,0.000105356,0.000008315,0.000162482,1
warmup,23,23,nb,0,512,4,0.056991656,0.000111312,0.000004999,0.000175908,1
warmup,24,24,nb,0,512,4,0.055622595,0.000108638,0.000005069,0.000179794,1
warmup,25,25,nb,0,512,4,0.054690601,0.000106818,0.000004779,0.000177441,1
warmup,26,26,nb,0,512,4,0.049632150,0.000096938,0.000003517,0.000157194,1
warmup,27,27,nb,0,512,4,0.055258634,0.000107927,0.000004628,0.000168054,1
warmup,28,28,nb,0,512,4,0.056011583,0.000109398,0.000009979,0.000183712,1
warmup,29,29,nb,0,512,4,0.058315623,0.000113898,0.000006883,0.000179394,1
warmup,30,30,nb,0,512,4,0.058852740,0.000114947,0.000003427,0.000180007,1
warmup,31,31,nb,0,512,4,0.056982714,0.000111294,0.000004708,0.000173162,1
warmup,32,32,nb,0,512,4,0.048737967,0.000095191,0.000005099,0.000159446,1
warmup,33,33,nb,0,512,4,0.052970555,0.000103458,0.000004999,0.000168074,1
warmup,34,34,nb,0,512,4,0.052444905,0.000102431,0.000003587,0.000164376,1
warmup,35,35,nb,0,512,4,0.056801975,0.000110941,0.000008876,0.000181017,1
warmup,36,36,nb,0,512,4,0.050209780,0.000098066,0.000008987,0.000152374,1
warmup,37,37,nb,0,512,4,0.054525369,0.000106495,0.000004809,0.000166600,1
warmup,38,38,nb,0,512,4,0.057999574,0.000113280,0.000003847,0.000177062,1
warmup,39,39,nb,0,512,4,0.055711487,0.000108811,0.000004608,0.000175026,1
warmup,40,40,nb,0,512,4,0.054891660,0.000107210,0.000004960,0.000169145,1
warmup,41,41,nb,0,512,4,0.054543699,0.000106531,0.000004899,0.000169676,1
warmup,42,42,nb,0,512,4,0.052428447,0.000102399,0.000004067,0.000161913,1
warmup,43,43,nb,0,512,4,0.058225082,0.000113721,0.000004969,0.000183651,1
warmup,44,44,nb,0,512,4,0.055622489,0.000108638,0.000004749,0.000181107,1
warmup,45,45,nb,0,512,4,0.057510946,0.000112326,0.000004439,0.000177761,1
warmup,46,46,nb,0,512,4,0.060775854,0.000118703,0.000004708,0.000187438,1
warmup,47,47,nb,0,512,4,0.056804952,0.000110947,0.000004749,0.000181047,1
warmup,48,48,nb,0,512,4,0.050731974,0.000099086,0.000007173,0.000154369,1
warmup,49,49,nb,0,512,4,0.055433947,0.000108269,0.000004679,0.000167293,1
actual,0,50,nb,0,512,4,0.052875749,0.000103273,0.000003697,0.000170006,1
actual,1,51,nb,0,512,4,0.055931449,0.000109241,0.000006762,0.000170078,1
actual,2,52,nb,0,512,4,0.051071987,0.000099750,0.000004989,0.000162414,1
actual,3,53,nb,0,512,4,0.056418492,0.000110192,0.000004599,0.000187970,1
actual,4,54,nb,0,512,4,0.046585087,0.000090986,0.000003777,0.000146674,1
actual,5,55,nb,0,512,4,0.058705482,0.000114659,0.000008667,0.000175767,1
actual,6,56,nb,0,512,4,0.045762204,0.000089379,0.000004699,0.000143638,1
actual,7,57,nb,0,512,4,0.054695687,0.000106828,0.000004899,0.000173753,1
actual,8,58,nb,0,512,4,0.053153217,0.000103815,0.000008136,0.000228637,1
actual,9,59,nb,0,512,4,0.115472639,0.000225532,0.000008947,0.000286245,1
actual,10,60,nb,0,512,4,0.053563854,0.000104617,0.000008786,0.000162595,1
actual,11,61,nb,0,512,4,0.053555534,0.000104601,0.000005180,0.000163606,1
actual,12,62,nb,0,512,4,0.054307494,0.000106069,0.000006742,0.000175547,1
actual,13,63,nb,0,512,4,0.057271167,0.000111858,0.000004519,0.000173595,1
actual,14,64,nb,0,512,4,0.051754667,0.000101083,0.000003637,0.000164989,1
actual,15,65,nb,0,512,4,0.055326110,0.000108059,0.000004829,0.000177310,1
actual,16,66,nb,0,512,4,0.052555453,0.000102647,0.000004439,0.000177590,1
actual,17,67,nb,0,512,4,0.059021924,0.000115277,0.000006772,0.000182450,1
actual,18,68,nb,0,512,4,0.052572395,0.000102680,0.000008837,0.000173202,1
actual,19,69,nb,0,512,4,0.055376899,0.000108158,0.000004829,0.000167491,1
actual,20,70,nb,0,512,4,0.054487087,0.000106420,0.000004950,0.000168584,1
actual,21,71,nb,0,512,4,0.053663880,0.000104812,0.000003857,0.000163356,1
actual,22,72,nb,0,512,4,0.049344844,0.000096377,0.000003557,0.000146243,1
actual,23,73,nb,0,512,4,0.058629009,0.000114510,0.000006883,0.000169375,1
actual,24,74,nb,0,512,4,0.058896855,0.000115033,0.000005140,0.000178883,1
actual,25,75,nb,0,512,4,0.057655857,0.000112609,0.000004709,0.000165849,1
actual,26,76,nb,0,512,4,0.050781016,0.000099182,0.000005299,0.000156952,1
actual,27,77,nb,0,512,4,0.057026386,0.000111380,0.000008546,0.000175517,1
actual,28,78,nb,0,512,4,0.052686823,0.000102904,0.000003677,0.000164037,1
actual,29,79,nb,0,512,4,0.058312212,0.000113891,0.000006953,0.000175679,1
actual,30,80,nb,0,512,4,0.053924916,0.000105322,0.000007413,0.000169516,1
actual,31,81,nb,0,512,4,0.057761608,0.000112816,0.000006943,0.000166612,1
actual,32,82,nb,0,512,4,0.053368766,0.000104236,0.000003737,0.000159449,1
actual,33,83,nb,0,512,4,0.056095592,0.000109562,0.000006663,0.000182049,1
actual,34,84,nb,0,512,4,0.053430913,0.000104357,0.000005140,0.000161291,1
actual,35,85,nb,0,512,4,0.055651536,0.000108694,0.000008777,0.000165398,1
actual,36,86,nb,0,512,4,0.055390698,0.000108185,0.000004759,0.000175558,1
actual,37,87,nb,0,512,4,0.056101516,0.000109573,0.000004669,0.000170437,1
actual,38,88,nb,0,512,4,0.050158112,0.000097965,0.000003607,0.000155109,1
actual,39,89,nb,0,512,4,0.056224051,0.000109813,0.000004578,0.000181638,1
actual,40,90,nb,0,512,4,0.056061686,0.000109495,0.000003777,0.000183201,1
actual,41,91,nb,0,512,4,0.054413003,0.000106275,0.000008696,0.000164516,1
actual,42,92,nb,0,512,4,0.055997982,0.000109371,0.000003757,0.000173283,1
actual,43,93,nb,0,512,4,0.055211716,0.000107835,0.000004558,0.000174665,1
actual,44,94,nb,0,512,4,0.053616940,0.000104721,0.000003787,0.000168493,1
actual,45,95,nb,0,512,4,0.059075930,0.000115383,0.000004929,0.000193680,1
actual,46,96,nb,0,512,4,0.060070612,0.000117325,0.000009838,0.000178943,1
actual,47,97,nb,0,512,4,0.055492642,0.000108384,0.000005480,0.000178061,1
actual,48,98,nb,0,512,4,0.048829926,0.000095371,0.000003817,0.000161460,1
actual,49,99,nb,0,512,4,0.057894197,0.000113075,0.000005109,0.000178863,1
warmup,0,0,nb,0,512,6,0.050747995,0.000099117,0.000005210,0.000156914,1
warmup,1,1,nb,0,512,6,0.056226104,0.000109817,0.000003727,0.000170076,1
warmup,2,2,nb,0,512,6,0.051638421,0.000100856,0.000003827,0.000163286,1
warmup,3,3,nb,0,512,6,0.055133309,0.000107682,0.000004859,0.000176529,1
warmup,4,4,nb,0,512,6,0.054091938,0.000105648,0.000004068,0.000164608,1
warmup,5,5,nb,0,512,6,0.054060430,0.000105587,0.000003587,0.000166061,1
warmup,6,6,nb,0,512,6,0.049350482,0.000096388,0.000003476,0.000157062,1
warmup,7,7,nb,0,512,6,0.056319852,0.000110000,0.000008847,0.000172501,1
warmup,8,8,nb,0,512,6,0.050217356,0.000098081,0.000004859,0.000163584,1
warmup,9,9,nb,0,512,6,0.054613816,0.000106668,0.000006922,0.000156051,1
warmup,10,10,nb,0,512,6,0.056900051,0.000111133,0.000003367,0.000177591,1
warmup,11,11,nb,0,512,6,0.051611202,0.000100803,0.000003677,0.000164877,1
warmup,12,12,nb,0,512,6,0.055374729,0.000108154,0.000005411,0.000175246,1
warmup,13,13,nb,0,512,6,0.052062187,0.000101684,0.000003627,0.000173133,1
warmup,14,14,nb,0,512,6,0.053072238,0.000103657,0.000003707,0.000169786,1
warmup,15,15,nb,0,512,6,0.056647815,0.000110640,0.000004769,0.000174394,1
warmup,16,16,nb,0,512,6,0.052243131,0.000102037,0.000003757,0.000166600,1
warmup,17,17,nb,0,512,6,0.055890121,0.000109160,0.000008766,0.000177039,1
warmup,18,18,nb,0,512,6,0.055834614,0.000109052,0.000009518,0.000175216,1
warmup,19,19,nb,0,512,6,0.062164198,0.000121414,0.000005079,0.000182469,1
warmup,20,20,nb,0,512,6,0.054256333,0.000105969,0.000004919,0.000163326,1
warmup,21,21,nb,0,512,6,0.056638807,0.000110623,0.000008677,0.000185575,1
warmup,22,22,nb,0,512,6,0.055005952,0.000107433,0.000003577,0.000183091,1
warmup,23,23,nb,0,512,6,0.054853029,0.000107135,0.000004539,0.000171671,1
warmup,24,24,nb,0,512,6,0.052434182,0.000102411,0.000003867,0.000159597,1
warmup,25,25,nb,0,512,6,0.057014331,0.000111356,0.000004779,0.000182289,1
warmup,26,26,nb,0,512,6,0.051192273,0.000099985,0.000004168,0.000171870,1
warmup,27,27,nb,0,512,6,0.054760398,0.000106954,0.000005210,0.000164736,1
warmup,28,28,nb,0,512,6,0.049170370,0.000096036,0.000003727,0.000157894,1
warmup,29,29,nb,0,512,6,0.057173543,0.000111667,0.000005010,0.000171872,1
warmup,30,30,nb,0,512,6,0.052396102,0.000102336,0.000003727,0.000166250,1
warmup,31,31,nb,0,512,6,0.055763262,0.000108913,0.000008496,0.000174235,1
warmup,32,32,nb,0,512,6,0.054123033,0.000105709,0.000004699,0.000176659,1
warmup,33,33,nb,0,512,6,0.059430362,0.000116075,0.000004569,0.000182881,1
warmup,34,34,nb,0,512,6,0.053306951,0.000104115,0.000008195,0.000164636,1
warmup,35,35,nb,0,512,6,0.056044063,0.000109461,0.000004929,0.000169546,1
warmup,36,36,nb,0,512,6,0.053180762,0.000103869,0.000004087,0.000159499,1
warmup,37,37,nb,0,512,6,0.052901064,0.000103322,0.000005189,0.000175857,1
warmup,38,38,nb,0,512,6,0.051089539,0.000099784,0.000003687,0.000162112,1
warmup,39,39,nb,0,512,6,0.054905236,0.000107237,0.000004689,0.000179975,1
warmup,40,40,nb,0,512,6,0.058810450,0.000114864,0.000003667,0.000186547,1
warmup,41,41,nb,0,512,6,0.054995103,0.000107412,0.000004879,0.000173122,1
warmup,42,42,nb,0,512,6,0.052493169,0.000102526,0.000004007,0.000160310,1
warmup,43,43,nb,0,512,6,0.055869826,0.000109121,0.000008686,0.000182830,1
warmup,44,44,nb,0,512,6,0.052601862,0.000102738,0.000003737,0.000175717,1
warmup,45,45,nb,0,512,6,0.057164482,0.000111649,0.000004859,0.000168085,1
warmup,46,46,nb,0,512,6,0.052289789,0.000102128,0.000005410,0.000170587,1
warmup,47,47,nb,0,512,6,0.057141317,0.000111604,0.000005070,0.000180295,1
warmup,48,48,nb,0,512,6,0.053313086,0.000104127,0.000007224,0.000167612,1
warmup,49,49,nb,0,512,6,0.055812273,0.000109008,0.000008706,0.000170327,1
actual,0,50,nb,0,512,6,0.054163393,0.000105788,0.000005080,0.000160751,1
actual,1,51,nb,0,512,6,0.055556169,0.000108508,0.000004659,0.000165870,1
actual,2,52,nb,0,512,6,0.056845896,0.000111027,0.000004298,0.000187970,1
actual,3,53,nb,0,512,6,0.053451191,0.000104397,0.000004789,0.000157264,1
actual,4,54,nb,0,512,6,0.052305042,0.000102158,0.000008335,0.000163486,1
actual,5,55,nb,0,512,6,0.057677007,0.000112650,0.000008526,0.000181217,1
actual,6,56,nb,0,512,6,0.055047478,0.000107515,0.000004007,0.000178011,1
actual,7,57,nb,0,512,6,0.056523514,0.000110397,0.000004689,0.000175938,1
actual,8,58,nb,0,512,6,0.051404591,0.000100400,0.000003967,0.000158294,1
actual,9,59,nb,0,512,6,0.056735122,0.000110811,0.000004799,0.000176318,1
actual,10,60,nb,0,512,6,0.052709682,0.000102949,0.000003626,0.000161743,1
actual,11,61,nb,0,512,6,0.055031130,0.000107483,0.000004819,0.000173342,1
actual,12,62,nb,0,512,6,0.053994295,0.000105458,0.000004749,0.000161292,1
actual,13,63,nb,0,512,6,0.057697830,0.000112691,0.000008697,0.000176160,1
actual,14,64,nb,0,512,6,0.052942480,0.000103403,0.000003807,0.000166901,1
actual,15,65,nb,0,512,6,0.055622108,0.000108637,0.000006983,0.000176268,1
actual,16,66,nb,0,512,6,0.056487427,0.000110327,0.000004148,0.000175356,1
actual,17,67,nb,0,512,6,0.053738376,0.000104958,0.000004929,0.000165468,1
actual,18,68,nb,0,512,6,0.050966402,0.000099544,0.000007965,0.000164145,1
actual,19,69,nb,0,512,6,0.058163092,0.000113600,0.000006632,0.000170349,1
actual,20,70,nb,0,512,6,0.053966194,0.000105403,0.000008626,0.000168263,1
actual,21,71,nb,0,512,6,0.055226772,0.000107865,0.000004458,0.000165229,1
actual,22,72,nb,0,512,6,0.049446052,0.000096574,0.000004729,0.000153848,1
actual,23,73,nb,0,512,6,0.057913340,0.000113112,0.000005120,0.000174444,1
actual,24,74,nb,0,512,6,0.055117649,0.000107652,0.000004819,0.000182500,1
actual,25,75,nb,0,512,6,0.051953818,0.000101472,0.000003877,0.000162312,1
actual,26,76,nb,0,512,6,0.051117098,0.000099838,0.000004939,0.000154958,1
actual,27,77,nb,0,512,6,0.055012752,0.000107447,0.000008687,0.000166360,1
actual,28,78,nb,0,512,6,0.054417352,0.000106284,0.000003517,0.000172731,1
actual,29,79,nb,0,512,6,0.057594341,0.000112489,0.000004679,0.000181037,1
actual,30,80,nb,0,512,6,0.056374843,0.000110107,0.000003937,0.000178562,1
actual,31,81,nb,0,512,6,0.054644390,0.000106727,0.000005050,0.000164426,1
actual,32,82,nb,0,512,6,0.051707327,0.000100991,0.000008887,0.000157834,1
actual,33,83,nb,0,512,6,0.054789635,0.000107011,0.000004989,0.000167552,1
actual,34,84,nb,0,512,6,0.054674422,0.000106786,0.000004418,0.000170407,1
actual,35,85,nb,0,512,6,0.057513883,0.000112332,0.000003747,0.000171990,1
actual,36,86,nb,0,512,6,0.051568826,0.000100720,0.000003706,0.000176160,1
actual,37,87,nb,0,512,6,0.052850314,0.000103223,0.000004970,0.000166009,1
actual,38,88,nb,0,512,6,0.051385410,0.000100362,0.000004147,0.000162082,1
actual,39,89,nb,0,512,6,0.056351101,0.000110061,0.000004629,0.000172473,1
actual,40,90,nb,0,512,6,0.055094750,0.000107607,0.000004678,0.000189733,1
actual,41,91,nb,0,512,6,0.055258693,0.000107927,0.000004679,0.000166059,1
actual,42,92,nb,0,512,6,0.052616350,0.000102766,0.000003667,0.000162342,1
actual,43,93,nb,0,512,6,0.074958625,0.000146404,0.000008546,0.000274434,1
actual,44,94,nb,0,512,6,0.052250489,0.000102052,0.000005029,0.000159987,1
actual,45,95,nb,0,512,6,0.052796426,0.000103118,0.000004939,0.000162234,1
actual,46,96,nb,0,512,6,0.053989920,0.000105449,0.000003797,0.000165709,1
actual,47,97,nb,0,512,6,0.055756795,0.000108900,0.000004678,0.000172501,1
actual,48,98,nb,0,512,6,0.050890778,0.000099396,0.000004899,0.000155882,1
actual,49,99,nb,0,512,6,0.054641286,0.000106721,0.000006663,0.000172350,1
warmup,0,0,nb,0,512,8,0.051296335,0.000100188,0.000005280,0.000157865,1
warmup,1,1,nb,0,512,8,0.056478645,0.000110310,0.000004409,0.000169908,1
warmup,2,2,nb,0,512,8,0.050548550,0.000098728,0.000004588,0.000160008,1
warmup,3,3,nb,0,512,8,0.055277984,0.000107965,0.000003807,0.000179484,1
warmup,4,4,nb,0,512,8,0.053626037,0.000104738,0.000004679,0.000169165,1
warmup,5,5,nb,0,512,8,0.057565808,0.000112433,0.000004829,0.000181097,1
warmup,6,6,nb,0,512,8,0.054273381,0.000106003,0.000010860,0.000167302,1
warmup,7,7,nb,0,512,8,0.054180551,0.000105821,0.000004729,0.000169155,1
warmup,8,8,nb,0,512,8,0.052773520,0.000103073,0.000003537,0.000165820,1
warmup,9,9,nb,0,512,8,0.056431824,0.000110218,0.000007174,0.000179125,1
warmup,10,10,nb,0,512,8,0.050238141,0.000098121,0.000005380,0.000163303,1
warmup,11,11,nb,0,512,8,0.056231168,0.000109826,0.000004809,0.000170960,1
warmup,12,12,nb,0,512,8,0.050984110,0.000099578,0.000003477,0.000167271,1
warmup,13,13,nb,0,512,8,0.055887633,0.000109156,0.000004900,0.000172150,1
warmup,14,14,nb,0,512,8,0.052998019,0.000103512,0.000003968,0.000166121,1
warmup,15,15,nb,0,512,8,0.056109812,0.000109589,0.000004719,0.000180916,1
warmup,16,16,nb,0,512,8,0.054171965,0.000105805,0.000003477,0.000168714,1
warmup,17,17,nb,0,512,8,0.056717895,0.000110777,0.000008616,0.000180636,1
warmup,18,18,nb,0,512,8,0.051025293,0.000099659,0.000003908,0.000154870,1
warmup,19,19,nb,0,512,8,0.056107029,0.000109584,0.000004739,0.000173074,1
warmup,20,20,nb,0,512,8,0.052485013,0.000102510,0.000003567,0.000156463,1
warmup,21,21,nb,0,512,8,0.055889069,0.000109158,0.000004819,0.000171699,1
warmup,22,22,nb,0,512,8,0.051414289,0.000100419,0.000005381,0.000167011,1
warmup,23,23,nb,0,512,8,0.056783369,0.000110905,0.000006873,0.000167133,1
warmup,24,24,nb,0,512,8,0.051409673,0.000100410,0.000004949,0.000163155,1
warmup,25,25,nb,0,512,8,0.056939180,0.000111209,0.000005039,0.000169898,1
warmup,26,26,nb,0,512,8,0.050548572,0.000098728,0.000006943,0.000154237,1
warmup,27,27,nb,0,512,8,0.056520915,0.000110392,0.000008566,0.000176378,1
warmup,28,28,nb,0,512,8,0.055129619,0.000107675,0.000004749,0.000181227,1
warmup,29,29,nb,0,512,8,0.058087996,0.000113453,0.000006763,0.000179284,1
warmup,30,30,nb,0,512,8,0.052211983,0.000101977,0.000003677,0.000164025,1
warmup,31,31,nb,0,512,8,0.055431160,0.000108264,0.000004779,0.000166672,1
warmup,32,32,nb,0,512,8,0.055715891,0.000108820,0.000008666,0.000174645,1
warmup,33,33,nb,0,512,8,0.057518643,0.000112341,0.000004919,0.000178021,1
warmup,34,34,nb,0,512,8,0.050883867,0.000099383,0.000004990,0.000159478,1
warmup,35,35,nb,0,512,8,0.056499595,0.000110351,0.000006923,0.000176739,1
warmup,36,36,nb,0,512,8,0.048688664,0.000095095,0.000003707,0.000166390,1
warmup,37,37,nb,0,512,8,0.055946741,0.000109271,0.000004738,0.000182231,1
warmup,38,38,nb,0,512,8,0.055106202,0.000107629,0.000003576,0.000184203,1
warmup,39,39,nb,0,512,8,0.055749253,0.000108885,0.000004789,0.000169026,1
warmup,40,40,nb,0,512,8,0.050728693,0.000099079,0.000003817,0.000158936,1
warmup,41,41,nb,0,512,8,0.061063086,0.000119264,0.000005761,0.000184934,1
warmup,42,42,nb,0,512,8,0.057360540,0.000112032,0.000008766,0.000176278,1
warmup,43,43,nb,0,512,8,0.054302926,0.000106060,0.000004638,0.000167732,1
warmup,44,44,nb,0,512,8,0.053613174,0.000104713,0.000007955,0.000165129,1
warmup,45,45,nb,0,512,8,0.054587374,0.000106616,0.000003557,0.000169145,1
warmup,46,46,nb,0,512,8,0.051578147,0.000100739,0.000003837,0.000168313,1
warmup,47,47,nb,0,512,8,0.058266379,0.000113802,0.000005130,0.000183303,1
warmup,48,48,nb,0,512,8,0.051395661,0.000100382,0.000003797,0.000159497,1
warmup,49,49,nb,0,512,8,0.056715810,0.000110773,0.000008696,0.000178222,1
actual,0,50,nb,0,512,8,0.054953555,0.000107331,0.000008726,0.000180027,1
actual,1,51,nb,0,512,8,0.055041016,0.000107502,0.000005240,0.000182189,1
actual,2,52,nb,0,512,8,0.051619397,0.000100819,0.000004368,0.000168243,1
actual,3,53,nb,0,512,8,0.052331854,0.000102211,0.000005010,0.000162372,1
actual,4,54,nb,0,512,8,0.051877822,0.000101324,0.000003677,0.000172451,1
actual,5,55,nb,0,512,8,0.056600693,0.000110548,0.000008626,0.000189503,1
actual,6,56,nb,0,512,8,0.051435201,0.000100459,0.000003557,0.000155559,1
actual,7,57,nb,0,512,8,0.054665119,0.000106768,0.000005360,0.000161813,1
actual,8,58,nb,0,512,8,0.048275717,0.000094289,0.000003697,0.000152153,1
actual,9,59,nb,0,512,8,0.055175836,0.000107765,0.000008666,0.000166361,1
actual,10,60,nb,0,512,8,0.053630775,0.000104748,0.000008286,0.000177620,1
actual,11,61,nb,0,512,8,0.055392024,0.000108188,0.000004869,0.000176389,1
actual,12,62,nb,0,512,8,0.052836614,0.000103197,0.000003507,0.000161432,1
actual,13,63,nb,0,512,8,0.057275344,0.000111866,0.000004539,0.000168185,1
actual,14,64,nb,0,512,8,0.049096146,0.000095891,0.000003717,0.000153757,1
actual,15,65,nb,0,512,8,0.058041769,0.000113363,0.000005020,0.000181638,1
actual,16,66,nb,0,512,8,0.050646721,0.000098919,0.000004859,0.000152143,1
actual,17,67,nb,0,512,8,0.055120891,0.000107658,0.000006993,0.000173573,1
actual,18,68,nb,0,512,8,0.052898846,0.000103318,0.000005019,0.000161250,1
actual,19,69,nb,0,512,8,0.056378803,0.000110115,0.000004799,0.000172320,1
actual,20,70,nb,0,512,8,0.049886473,0.000097435,0.000003727,0.000154339,1
actual,21,71,nb,0,512,8,0.060504182,0.000118172,0.000003437,0.000206404,1
actual,22,72,nb,0,512,8,0.050052809,0.000097759,0.000003927,0.000172952,1
actual,23,73,nb,0,512,8,0.057458772,0.000112224,0.000003697,0.000168573,1
actual,24,74,nb,0,512,8,0.051685929,0.000100949,0.000003607,0.000172742,1
actual,25,75,nb,0,512,8,0.054996859,0.000107416,0.000005039,0.000172851,1
actual,26,76,nb,0,512,8,0.056070895,0.000109513,0.000008576,0.000175928,1
actual,27,77,nb,0,512,8,0.055862933,0.000109107,0.000005189,0.000170637,1
actual,28,78,nb,0,512,8,0.058831771,0.000114906,0.000003757,0.000201405,1
actual,29,79,nb,0,512,8,0.065663595,0.000128249,0.000004458,0.000194562,1
actual,30,80,nb,0,512,8,0.055993126,0.000109362,0.000009388,0.000172674,1
actual,31,81,nb,0,512,8,0.058467227,0.000114194,0.000006983,0.000181668,1
actual,32,82,nb,0,512,8,0.051333869,0.000100261,0.000008216,0.000155752,1
actual,33,83,nb,0,512,8,0.051628741,0.000100837,0.000006752,0.000156972,1
actual,34,84,nb,0,512,8,0.052344329,0.000102235,0.000003687,0.000163016,1
actual,35,85,nb,0,512,8,0.058491595,0.000114241,0.000008616,0.000175338,1
actual,36,86,nb,0,512,8,0.051497948,0.000100582,0.000004999,0.000157163,1
actual,37,87,nb,0,512,8,0.055640853,0.000108674,0.000005361,0.000170577,1
actual,38,88,nb,0,512,8,0.056265131,0.000109893,0.000004728,0.000177330,1
actual,39,89,nb,0,512,8,0.053554354,0.000104598,0.000005190,0.000173944,1
actual,40,90,nb,0,512,8,0.052827943,0.000103180,0.000004157,0.000169516,1
actual,41,91,nb,0,512,8,0.056845436,0.000111026,0.000004729,0.000178212,1
actual,42,92,nb,0,512,8,0.053151267,0.000103811,0.000004889,0.000163777,1
actual,43,93,nb,0,512,8,0.052939411,0.000103397,0.000008897,0.000161590,1
actual,44,94,nb,0,512,8,0.052363128,0.000102272,0.000004950,0.000168356,1
actual,45,95,nb,0,512,8,0.055915654,0.000109210,0.000005280,0.000180857,1
actual,46,96,nb,0,512,8,0.052898111,0.000103317,0.000003737,0.000164857,1
actual,47,97,nb,0,512,8,0.058940300,0.000115118,0.000006833,0.000183892,1
actual,48,98,nb,0,512,8,0.047187800,0.000092164,0.000004077,0.000147045,1
actual,49,99,nb,0,512,8,0.058421821,0.000114105,0.000006622,0.000175709,1
warmup,0,0,nb,0,512,12,0.051592522,0.000100767,0.000003627,0.000155940,1
warmup,1,1,nb,0,512,12,0.057027404,0.000111382,0.000007474,0.000181779,1
warmup,2,2,nb,0,512,12,0.051656787,0.000100892,0.000003767,0.000160709,1
warmup,3,3,nb,0,512,12,0.055345825,0.000108097,0.000004990,0.000165851,1
warmup,4,4,nb,0,512,12,0.056144555,0.000109657,0.000008306,0.000177713,1
warmup,5,5,nb,0,512,12,0.058830194,0.000114903,0.000008756,0.000173635,1
warmup,6,6,nb,0,512,12,0.052785855,0.000103097,0.000005100,0.000166170,1
warmup,7,7,nb,0,512,12,0.056905941,0.000111144,0.000004759,0.000166532,1
warmup,8,8,nb,0,512,12,0.051771747,0.000101117,0.000005279,0.000165088,1
warmup,9,9,nb,0,512,12,0.057217406,0.000111753,0.000008847,0.000172942,1
warmup,10,10,nb,0,512,12,0.057651449,0.000112600,0.000004970,0.000187209,1
warmup,11,11,nb,0,512,12,0.056473781,0.000110300,0.000004809,0.000166382,1
warmup,12,12,nb,0,512,12,0.056533282,0.000110417,0.000004909,0.000178843,1
warmup,13,13,nb,0,512,12,0.060539304,0.000118241,0.000004609,0.000186176,1
warmup,14,14,nb,0,512,12,0.057672178,0.000112641,0.000003717,0.000178151,1
warmup,15,15,nb,0,512,12,0.058797768,0.000114839,0.000006652,0.000177310,1
warmup,16,16,nb,0,512,12,0.055162186,0.000107739,0.000006342,0.000167644,1
warmup,17,17,nb,0,512,12,0.058046370,0.000113372,0.000004178,0.000176739,1
warmup,18,18,nb,0,512,12,0.053435881,0.000104367,0.000003697,0.000162204,1
warmup,19,19,nb,0,512,12,0.059175094,0.000115576,0.000004809,0.000183802,1
warmup,20,20,nb,0,512,12,0.050191772,0.000098031,0.000003637,0.000152033,1
warmup,21,21,nb,0,512,12,0.054839741,0.000107109,0.000008726,0.000166171,1
warmup,22,22,nb,0,512,12,0.052380112,0.000102305,0.000009057,0.000155661,1
warmup,23,23,nb,0,512,12,0.055043319,0.000107506,0.000005090,0.000169365,1
warmup,24,24,nb,0,512,12,0.050304255,0.000098250,0.000004128,0.000162041,1
warmup,25,25,nb,0,512,12,0.051646511,0.000100872,0.000007514,0.000156853,1
warmup,26,26,nb,0,512,12,0.048316279,0.000094368,0.000004609,0.000157834,1
warmup,27,27,nb,0,512,12,0.053996355,0.000105462,0.000003917,0.000169716,1
warmup,28,28,nb,0,512,12,0.052958811,0.000103435,0.000009338,0.000159429,1
warmup,29,29,nb,0,512,12,0.055278689,0.000107966,0.000003577,0.000175025,1
warmup,30,30,nb,0,512,12,0.053601222,0.000104690,0.000003566,0.000171208,1
warmup,31,31,nb,0,512,12,0.055412766,0.000108228,0.000004769,0.000173473,1
warmup,32,32,nb,0,512,12,0.052270181,0.000102090,0.000005250,0.000161763,1
warmup,33,33,nb,0,512,12,0.054112017,0.000105688,0.000004008,0.000162232,1
warmup,34,34,nb,0,512,12,0.051266785,0.000100130,0.000003436,0.000159208,1
warmup,35,35,nb,0,512,12,0.055225437,0.000107862,0.000006643,0.000168345,1
warmup,36,36,nb,0,512,12,0.052451247,0.000102444,0.000003696,0.000161893,1
warmup,37,37,nb,0,512,12,0.051605195,0.000100791,0.000008746,0.000164947,1
warmup,38,38,nb,0,512,12,0.052514778,0.000102568,0.000008606,0.000163044,1
warmup,39,39,nb,0,512,12,0.054756664,0.000106947,0.000004638,0.000160529,1
warmup,40,40,nb,0,512,12,0.055937936,0.000109254,0.000003687,0.000172270,1
warmup,41,41,nb,0,512,12,0.054538645,0.000106521,0.000005009,0.000166270,1
warmup,42,42,nb,0,512,12,0.053537883,0.000104566,0.000009187,0.000167241,1
warmup,43,43,nb,0,512,12,0.057608209,0.000112516,0.000008766,0.000168255,1
warmup,44,44,nb,0,512,12,0.053733487,0.000104948,0.000010981,0.000158485,1
warmup,45,45,nb,0,512,12,0.056976313,0.000111282,0.000004699,0.000178682,1
warmup,46,46,nb,0,512,12,0.053623108,0.000104733,0.000003827,0.000162793,1
warmup,47,47,nb,0,512,12,0.052058597,0.000101677,0.000004428,0.000158236,1
warmup,48,48,nb,0,512,12,0.057184225,0.000111688,0.000004568,0.000192117,1
warmup,49,49,nb,0,512,12,0.052647819,0.000102828,0.000005000,0.000165888,1
actual,0,50,nb,0,512,12,0.055753286,0.000108893,0.000007955,0.000174036,1
actual,1,51,nb,0,512,12,0.055225356,0.000107862,0.000004940,0.000174024,1
actual,2,52,nb,0,512,12,0.048740938,0.000095197,0.000003887,0.000154799,1
actual,3,53,nb,0,512,12,0.055292412,0.000107993,0.000006482,0.000176579,1
actual,4,54,nb,0,512,12,0.049100667,0.000095900,0.000003457,0.000156100,1
actual,5,55,nb,0,512,12,0.057739582,0.000112773,0.000006773,0.000169557,1
actual,6,56,nb,0,512,12,0.047919205,0.000093592,0.000006943,0.000146905,1
actual,7,57,nb,0,512,12,0.055661225,0.000108713,0.000004659,0.000167862,1
actual,8,58,nb,0,512,12,0.053873845,0.000105222,0.000004559,0.000166099,1
actual,9,59,nb,0,512,12,0.058811486,0.000114866,0.000006953,0.000180496,1
actual,10,60,nb,0,512,12,0.049719832,0.000097109,0.000005050,0.000154658,1
actual,11,61,nb,0,512,12,0.056613876,0.000110574,0.000006763,0.000173996,1
actual,12,62,nb,0,512,12,0.055600338,0.000108594,0.000004789,0.000180966,1
actual,13,63,nb,0,512,12,0.054727386,0.000106889,0.000008947,0.000170938,1
actual,14,64,nb,0,512,12,0.054579927,0.000106601,0.000003897,0.000174905,1
actual,15,65,nb,0,512,12,0.052911650,0.000103343,0.000003857,0.000169255,1
actual,16,66,nb,0,512,12,0.055399973,0.000108203,0.000008797,0.000167764,1
actual,17,67,nb,0,512,12,0.055995925,0.000109367,0.000004629,0.000181397,1
actual,18,68,nb,0,512,12,0.054296008,0.000106047,0.000004729,0.000172822,1
actual,19,69,nb,0,512,12,0.056372435,0.000110102,0.000008877,0.000169187,1
actual,20,70,nb,0,512,12,0.050913341,0.000099440,0.000003557,0.000166830,1
actual,21,71,nb,0,512,12,0.055757304,0.000108901,0.000004889,0.000178361,1
actual,22,72,nb,0,512,12,0.050444115,0.000098524,0.000003657,0.000158706,1
actual,23,73,nb,0,512,12,0.055887798,0.000109156,0.000006913,0.000180756,1
actual,24,74,nb,0,512,12,0.059042941,0.000115318,0.000003727,0.000183023,1
actual,25,75,nb,0,512,12,0.056823087,0.000110983,0.000004599,0.000175577,1
actual,26,76,nb,0,512,12,0.054383047,0.000106217,0.000005090,0.000180395,1
actual,27,77,nb,0,512,12,0.057221184,0.000111760,0.000008726,0.000188250,1
actual,28,78,nb,0,512,12,0.052664357,0.000102860,0.000003717,0.000163444,1
actual,29,79,nb,0,512,12,0.055892143,0.000109164,0.000004859,0.000179695,1
actual,30,80,nb,0,512,12,0.053001099,0.000103518,0.000008596,0.000161139,1
actual,31,81,nb,0,512,12,0.054104819,0.000105673,0.000003697,0.000161503,1
actual,32,82,nb,0,512,12,0.053007273,0.000103530,0.000003617,0.000164628,1
actual,33,83,nb,0,512,12,0.057737512,0.000112769,0.000008827,0.000175997,1
actual,34,84,nb,0,512,12,0.047717648,0.000093199,0.000003597,0.000159098,1
actual,35,85,nb,0,512,12,0.051932278,0.000101430,0.000005009,0.000161080,1
actual,36,86,nb,0,512,12,0.052322996,0.000102193,0.000004639,0.000165228,1
actual,37,87,nb,0,512,12,0.054264638,0.000105986,0.000004779,0.000161170,1
actual,38,88,nb,0,512,12,0.049799841,0.000097265,0.000003787,0.000150591,1
actual,39,89,nb,0,512,12,0.053099415,0.000103710,0.000003908,0.000158085,1
actual,40,90,nb,0,512,12,0.050991943,0.000099594,0.000008796,0.000161210,1
actual,41,91,nb,0,512,12,0.054575626,0.000106593,0.000004949,0.000175416,1
actual,42,92,nb,0,512,12,0.053213023,0.000103932,0.000003647,0.000161572,1
actual,43,93,nb,0,512,12,0.053668983,0.000104822,0.000003847,0.000176068,1
actual,44,94,nb,0,512,12,0.053692525,0.000104868,0.000004188,0.000168285,1
actual,45,95,nb,0,512,12,0.057686931,0.000112670,0.000006693,0.000171671,1
actual,46,96,nb,0,512,12,0.050878560,0.000099372,0.000005149,0.000166289,1
actual,47,97,nb,0,512,12,0.058529740,0.000114316,0.000007313,0.000189242,1
actual,48,98,nb,0,512,12,0.053024407,0.000103563,0.000004799,0.000178793,1
actual,49,99,nb,0,512,12,0.060280977,0.000117736,0.000008496,0.000186778,1
warmup,0,0,nb,0,512,16,0.056587150,0.000110522,0.000009137,0.000175246,1
warmup,1,1,nb,0,512,16,0.058007144,0.000113295,0.000003888,0.000186227,1
warmup,2,2,nb,0,512,16,0.051107974,0.000099820,0.000003567,0.000165248,1
warmup,3,3,nb,0,512,16,0.055375726,0.000108156,0.000004919,0.000177350,1
warmup,4,4,nb,0,512,16,0.051761611,0.000101097,0.000004559,0.000162204,1
warmup,5,5,nb,0,512,16,0.057585558,0.000112472,0.000005029,0.000183130,1
warmup,6,6,nb,0,512,16,0.053477816,0.000104449,0.000008015,0.000169886,1
warmup,7,7,nb,0,512,16,0.053897228,0.000105268,0.000005651,0.000173062,1
warmup,8,8,nb,0,512,16,0.053721209,0.000104924,0.000009308,0.000158968,1
warmup,9,9,nb,0,512,16,0.057883699,0.000113054,0.000004939,0.000185786,1
warmup,10,10,nb,0,512,16,0.050030335,0.000097715,0.000004959,0.000156281,1
warmup,11,11,nb,0,512,16,0.059303640,0.000115827,0.000006843,0.000188040,1
warmup,12,12,nb,0,512,16,0.051834885,0.000101240,0.000003727,0.000172922,1
warmup,13,13,nb,0,512,16,0.056391058,0.000110139,0.000008716,0.000186447,1
warmup,14,14,nb,0,512,16,0.052345290,0.000102237,0.000005070,0.000168073,1
warmup,15,15,nb,0,512,16,0.052107163,0.000101772,0.000003726,0.000156994,1
warmup,16,16,nb,0,512,16,0.057420914,0.000112150,0.000008226,0.000176338,1
warmup,17,17,nb,0,512,16,0.055855238,0.000109092,0.000008776,0.000174936,1
warmup,18,18,nb,0,512,16,0.049505931,0.000096691,0.000003537,0.000152905,1
warmup,19,19,nb,0,512,16,0.054312821,0.000106080,0.000004759,0.000172773,1
warmup,20,20,nb,0,512,16,0.053282858,0.000104068,0.000003486,0.000170658,1
warmup,21,21,nb,0,512,16,0.055011775,0.000107445,0.000005240,0.000166119,1
warmup,22,22,nb,0,512,16,0.053650959,0.000104787,0.000003657,0.000161972,1
warmup,23,23,nb,0,512,16,0.055257064,0.000107924,0.000006923,0.000165930,1
warmup,24,24,nb,0,512,16,0.053732092,0.000104945,0.000003867,0.000172151,1
warmup,25,25,nb,0,512,16,0.054357351,0.000106167,0.000004819,0.000174174,1
warmup,26,26,nb,0,512,16,0.049086147,0.000095871,0.000003556,0.000154898,1
warmup,27,27,nb,0,512,16,0.054652303,0.000106743,0.000008606,0.000159497,1
warmup,28,28,nb,0,512,16,0.051848034,0.000101266,0.000004699,0.000165568,1
warmup,29,29,nb,0,512,16,0.057962278,0.000113208,0.000004608,0.000170379,1
warmup,30,30,nb,0,512,16,0.053940652,0.000105353,0.000004579,0.000169605,1
warmup,31,31,nb,0,512,16,0.058392370,0.000114048,0.000004558,0.000176879,1
warmup,32,32,nb,0,512,16,0.051660363,0.000100899,0.000004138,0.000163677,1
warmup,33,33,nb,0,512,16,0.058205935,0.000113683,0.000008636,0.000180566,1
warmup,34,34,nb,0,512,16,0.053011769,0.000103539,0.000008206,0.000170227,1
warmup,35,35,nb,0,512,16,0.052949922,0.000103418,0.000004649,0.000170428,1
warmup,36,36,nb,0,512,16,0.048803273,0.000095319,0.000004288,0.000152596,1
warmup,37,37,nb,0,512,16,0.058179055,0.000113631,0.000005110,0.000183512,1
warmup,38,38,nb,0,512,16,0.050674111,0.000098973,0.000003417,0.000154580,1
warmup,39,39,nb,0,512,16,0.055976127,0.000109328,0.000005149,0.000176077,1
warmup,40,40,nb,0,512,16,0.051999850,0.000101562,0.000008687,0.000173813,1
warmup,41,41,nb,0,512,16,0.055254360,0.000107919,0.000004799,0.000169986,1
warmup,42,42,nb,0,512,16,0.049898200,0.000097457,0.000006932,0.000155201,1
warmup,43,43,nb,0,512,16,0.058037384,0.000113354,0.000006683,0.000183161,1
warmup,44,44,nb,0,512,16,0.053861850,0.000105199,0.000007885,0.000175546,1
warmup,45,45,nb,0,512,16,0.056850372,0.000111036,0.000004628,0.000174364,1
warmup,46,46,nb,0,512,16,0.049071219,0.000095842,0.000008566,0.000157453,1
warmup,47,47,nb,0,512,16,0.053810651,0.000105099,0.000008856,0.000164027,1
warmup,48,48,nb,0,512,16,0.051679643,0.000100937,0.000003827,0.000161270,1
warmup,49,49,nb,0,512,16,0.055182333,0.000107778,0.000004538,0.000180476,1
actual,0,50,nb,0,512,16,0.054114343,0.000105692,0.000007945,0.000180636,1
actual,1,51,nb,0,512,16,0.055262450,0.000107934,0.000004929,0.000167003,1
actual,2,52,nb,0,512,16,0.060138441,0.000117458,0.000003837,0.000187499,1
actual,3,53,nb,0,512,16,0.054721177,0.000106877,0.000004779,0.000174194,1
actual,4,54,nb,0,512,16,0.049022799,0.000095748,0.000003567,0.000160879,1
actual,5,55,nb,0,512,16,0.055108595,0.000107634,0.000009287,0.000163536,1
actual,6,56,nb,0,512,16,0.054606626,0.000106654,0.000004448,0.000181728,1
actual,7,57,nb,0,512,16,0.057680159,0.000112657,0.000004990,0.000172932,1
actual,8,58,nb,0,512,16,0.052367728,0.000102281,0.000003577,0.000166470,1
actual,9,59,nb,0,512,16,0.054861979,0.000107152,0.000005099,0.000172932,1
actual,10,60,nb,0,512,16,0.052952466,0.000103423,0.000003797,0.000170668,1
actual,11,61,nb,0,512,16,0.057545806,0.000112394,0.000004849,0.000180556,1
actual,12,62,nb,0,512,16,0.057066350,0.000111458,0.000004298,0.000187218,1
actual,13,63,nb,0,512,16,0.052039848,0.000101640,0.000008766,0.000152323,1
actual,14,64,nb,0,512,16,0.054661065,0.000106760,0.000003596,0.000170317,1
actual,15,65,nb,0,512,16,0.056654738,0.000110654,0.000004799,0.000170658,1
actual,16,66,nb,0,512,16,0.048204534,0.000094149,0.000003687,0.000154267,1
actual,17,67,nb,0,512,16,0.058418957,0.000114100,0.000008756,0.000171440,1
actual,18,68,nb,0,512,16,0.055622858,0.000108638,0.000004849,0.000172503,1
actual,19,69,nb,0,512,16,0.056387106,0.000110131,0.000004959,0.000170056,1
actual,20,70,nb,0,512,16,0.046689859,0.000091191,0.000004929,0.000153966,1
actual,21,71,nb,0,512,16,0.055198237,0.000107809,0.000004899,0.000175407,1
actual,22,72,nb,0,512,16,0.054433744,0.000106316,0.000008305,0.000169636,1
actual,23,73,nb,0,512,16,0.054663396,0.000106764,0.000004869,0.000170277,1
actual,24,74,nb,0,512,16,0.049628584,0.000096931,0.000003677,0.000156312,1
actual,25,75,nb,0,512,16,0.056287919,0.000109937,0.000007163,0.000167022,1
actual,26,76,nb,0,512,16,0.051726238,0.000101028,0.000003687,0.000165450,1
actual,27,77,nb,0,512,16,0.055269235,0.000107948,0.000004508,0.000174274,1
actual,28,78,nb,0,512,16,0.054664567,0.000106767,0.000008416,0.000177892,1
actual,29,79,nb,0,512,16,0.057063735,0.000111453,0.000004799,0.000169768,1
actual,30,80,nb,0,512,16,0.050465608,0.000098566,0.000005009,0.000160820,1
actual,31,81,nb,0,512,16,0.051989959,0.000101543,0.000004929,0.000158407,1
actual,32,82,nb,0,512,16,0.051624821,0.000100830,0.000003977,0.000169696,1
actual,33,83,nb,0,512,16,0.054875445,0.000107179,0.000004919,0.000157385,1
actual,34,84,nb,0,512,16,0.052892121,0.000103305,0.000003687,0.000161179,1
actual,35,85,nb,0,512,16,0.057689472,0.000112675,0.000005009,0.000189012,1
actual,36,86,nb,0,512,16,0.051176232,0.000099954,0.000003617,0.000167151,1
actual,37,87,nb,0,512,16,0.056133120,0.000109635,0.000003697,0.000180466,1
actual,38,88,nb,0,512,16,0.053389707,0.000104277,0.000004779,0.000161092,1
actual,39,89,nb,0,512,16,0.058945543,0.000115128,0.000007033,0.000178204,1
actual,40,90,nb,0,512,16,0.052043776,0.000101648,0.000007294,0.000162334,1
actual,41,91,nb,0,512,16,0.056968462,0.000111267,0.000004849,0.000165889,1
actual,42,92,nb,0,512,16,0.050205382,0.000098057,0.000003596,0.000156042,1
actual,43,93,nb,0,512,16,0.056702209,0.000110747,0.000007093,0.000181107,1
actual,44,94,nb,0,512,16,0.054469569,0.000106386,0.000010840,0.000170569,1
actual,45,95,nb,0,512,16,0.057120654,0.000111564,0.000004688,0.000177029,1
actual,46,96,nb,0,512,16,0.052800004,0.000103125,0.000004689,0.000160419,1
actual,47,97,nb,0,512,16,0.054831056,0.000107092,0.000008616,0.000174294,1
actual,48,98,nb,0,512,16,0.052890890,0.000103303,0.000003757,0.000165358,1
actual,49,99,nb,0,512,16,0.058301361,0.000113870,0.000004539,0.000172954,1
warmup,0,0,nb,0,512,24,0.052958717,0.000103435,0.000003567,0.000163755,1
warmup,1,1,nb,0,512,24,0.056530446,0.000110411,0.000008666,0.000174818,1
warmup,2,2,nb,0,512,24,0.052930537,0.000103380,0.000003817,0.000166250,1
warmup,3,3,nb,0,512,24,0.055012441,0.000107446,0.000004729,0.000171088,1
warmup,4,4,nb,0,512,24,0.053109620,0.000103730,0.000004789,0.000182049,1
warmup,5,5,nb,0,512,24,0.053822901,0.000105123,0.000004819,0.000165568,1
warmup,6,6,nb,0,512,24,0.051176550,0.000099954,0.000003496,0.000161511,1
warmup,7,7,nb,0,512,24,0.058026575,0.000113333,0.000004588,0.000188130,1
warmup,8,8,nb,0,512,24,0.052313441,0.000102175,0.000003897,0.000168794,1
warmup,9,9,nb,0,512,24,0.057730042,0.000112754,0.000008656,0.000168925,1
warmup,10,10,nb,0,512,24,0.053616793,0.000104720,0.000004729,0.000156523,1
warmup,11,11,nb,0,512,24,0.054561806,0.000106566,0.000005280,0.000177481,1
warmup,12,12,nb,0,512,24,0.049311837,0.000096312,0.000003577,0.000152847,1
warmup,13,13,nb,0,512,24,0.055070751,0.000107560,0.000007083,0.000176057,1
warmup,14,14,nb,0,512,24,0.052467193,0.000102475,0.000004910,0.000165879,1
warmup,15,15,nb,0,512,24,0.059969377,0.000117128,0.000008726,0.000184273,1
warmup,16,16,nb,0,512,24,0.053323992,0.000104148,0.000004077,0.000165488,1
warmup,17,17,nb,0,512,24,0.054854141,0.000107137,0.000005110,0.000165508,1
warmup,18,18,nb,0,512,24,0.047742661,0.000093247,0.000006502,0.000158796,1
warmup,19,19,nb,0,512,24,0.058334859,0.000113935,0.000007063,0.000184613,1
warmup,20,20,nb,0,512,24,0.052974918,0.000103467,0.000004398,0.000169886,1
warmup,21,21,nb,0,512,24,0.053635979,0.000104758,0.000005180,0.000170327,1
warmup,22,22,nb,0,512,24,0.058320699,0.000113908,0.000003957,0.000181197,1
warmup,23,23,nb,0,512,24,0.052616398,0.000102766,0.000003757,0.000174685,1
warmup,24,24,nb,0,512,24,0.050480272,0.000098594,0.000004548,0.000166459,1
warmup,25,25,nb,0,512,24,0.058389681,0.000114042,0.000004809,0.000190915,1
warmup,26,26,nb,0,512,24,0.053396675,0.000104290,0.000003617,0.000171229,1
warmup,27,27,nb,0,512,24,0.053922976,0.000105318,0.000003647,0.000168265,1
warmup,28,28,nb,0,512,24,0.057126272,0.000111575,0.000003817,0.000178452,1
warmup,29,29,nb,0,512,24,0.054737646,0.000106909,0.000004789,0.000170828,1
warmup,30,30,nb,0,512,24,0.049906811,0.000097474,0.000003737,0.000158956,1
warmup,31,31,nb,0,512,24,0.054396260,0.000106243,0.000008876,0.000161772,1
warmup,32,32,nb,0,512,24,0.053495156,0.000104483,0.000004478,0.000173543,1
warmup,33,33,nb,0,512,24,0.052907743,0.000103335,0.000008706,0.000163394,1
warmup,34,34,nb,0,512,24,0.056101068,0.000109572,0.000003747,0.000186367,1
warmup,35,35,nb,0,512,24,0.056181088,0.000109729,0.000004809,0.000169535,1
warmup,36,36,nb,0,512,24,0.056121003,0.000109611,0.000008946,0.000181267,1
warmup,37,37,nb,0,512,24,0.056062390,0.000109497,0.000004598,0.000168744,1
warmup,38,38,nb,0,512,24,0.054742316,0.000106919,0.000004609,0.000167722,1
warmup,39,39,nb,0,512,24,0.054928885,0.000107283,0.000008706,0.000175396,1
warmup,40,40,nb,0,512,24,0.054258494,0.000105974,0.000009067,0.000173944,1
warmup,41,41,nb,0,512,24,0.054055378,0.000105577,0.000008666,0.000166229,1
warmup,42,42,nb,0,512,24,0.052795952,0.000103117,0.000003577,0.000164196,1
warmup,43,43,nb,0,512,24,0.055958402,0.000109294,0.000008686,0.000175477,1
warmup,44,44,nb,0,512,24,0.050712847,0.000099049,0.000003737,0.000171990,1
warmup,45,45,nb,0,512,24,0.057912480,0.000113110,0.000004689,0.000188211,1
warmup,46,46,nb,0,512,24,0.057084123,0.000111492,0.000005100,0.000180316,1
warmup,47,47,nb,0,512,24,0.056769647,0.000110878,0.000004628,0.000179184,1
warmup,48,48,nb,0,512,24,0.054406704,0.000106263,0.000008355,0.000164927,1
warmup,49,49,nb,0,512,24,0.055886612,0.000109154,0.000004959,0.000165177,1
actual,0,50,nb,0,512,24,0.049205080,0.000096104,0.000003597,0.000147125,1
actual,1,51,nb,0,512,24,0.056232435,0.000109829,0.000008546,0.000182901,1
actual,2,52,nb,0,512,24,0.052176131,0.000101907,0.000006903,0.000170077,1
actual,3,53,nb,0,512,24,0.054125437,0.000105714,0.000003667,0.000172491,1
actual,4,54,nb,0,512,24,0.053097630,0.000103706,0.000004689,0.000178372,1
actual,5,55,nb,0,512,24,0.054721267,0.000106877,0.000004678,0.000170529,1
actual,6,56,nb,0,512,24,0.053154127,0.000103817,0.000004980,0.000161381,1
actual,7,57,nb,0,512,24,0.052300345,0.000102149,0.000004989,0.000160018,1
actual,8,58,nb,0,512,24,0.056492435,0.000110337,0.000003727,0.000177951,1
actual,9,59,nb,0,512,24,0.056519178,0.000110389,0.000004920,0.000175276,1
actual,10,60,nb,0,512,24,0.056143423,0.000109655,0.000003917,0.000175739,1
actual,11,61,nb,0,512,24,0.053965855,0.000105402,0.000004639,0.000164136,1
actual,12,62,nb,0,512,24,0.052167160,0.000101889,0.000005040,0.000160659,1
actual,13,63,nb,0,512,24,0.057860600,0.000113009,0.000007204,0.000176138,1
actual,14,64,nb,0,512,24,0.049647617,0.000096968,0.000003867,0.000153896,1
actual,15,65,nb,0,512,24,0.055100599,0.000107618,0.000004979,0.000162444,1
actual,16,66,nb,0,512,24,0.050216563,0.000098079,0.000005150,0.000155772,1
actual,17,67,nb,0,512,24,0.057946220,0.000113176,0.000007103,0.000173973,1
actual,18,68,nb,0,512,24,0.053422108,0.000104340,0.000008747,0.000172331,1
actual,19,69,nb,0,512,24,0.055987934,0.000109351,0.000007945,0.000174414,1
actual,20,70,nb,0,512,24,0.052953415,0.000103425,0.000004469,0.000169487,1
actual,21,71,nb,0,512,24,0.052501460,0.000102542,0.000004839,0.000156932,1
actual,22,72,nb,0,512,24,0.051516088,0.000100617,0.000005090,0.000163234,1
actual,23,73,nb,0,512,24,0.057265991,0.000111848,0.000004899,0.000171259,1
actual,24,74,nb,0,512,24,0.057270588,0.000111857,0.000011412,0.000185325,1
actual,25,75,nb,0,512,24,0.056452702,0.000110259,0.000005310,0.000171980,1
actual,26,76,nb,0,512,24,0.054998741,0.000107419,0.000003487,0.000178201,1
actual,27,77,nb,0,512,24,0.052814913,0.000103154,0.000003807,0.000163806,1
actual,28,78,nb,0,512,24,0.051818987,0.000101209,0.000008165,0.000164005,1
actual,29,79,nb,0,512,24,0.053305387,0.000104112,0.000005000,0.000161591,1
actual,30,80,nb,0,512,24,0.050742747,0.000099107,0.000003617,0.000156173,1
actual,31,81,nb,0,512,24,0.054840661,0.000107111,0.000005009,0.000170207,1
actual,32,82,nb,0,512,24,0.051281927,0.000100160,0.000003938,0.000157435,1
actual,33,83,nb,0,512,24,0.053502882,0.000104498,0.000008707,0.000162092,1
actual,34,84,nb,0,512,24,0.055150836,0.000107716,0.000009358,0.000179233,1
actual,35,85,nb,0,512,24,0.060620209,0.000118399,0.000006853,0.000182391,1
actual,36,86,nb,0,512,24,0.050694414,0.000099013,0.000003667,0.000159408,1
actual,37,87,nb,0,512,24,0.058704071,0.000114656,0.000008586,0.000171259,1
actual,38,88,nb,0,512,24,0.052285394,0.000102120,0.000003557,0.000155792,1
actual,39,89,nb,0,512,24,0.056639926,0.000110625,0.000006722,0.000180847,1
actual,40,90,nb,0,512,24,0.049329079,0.000096346,0.000003667,0.000156954,1
actual,41,91,nb,0,512,24,0.055600685,0.000108595,0.000004809,0.000167294,1
actual,42,92,nb,0,512,24,0.060622926,0.000118404,0.000004909,0.000199581,1
actual,43,93,nb,0,512,24,0.060887717,0.000118921,0.000008706,0.000178402,1
actual,44,94,nb,0,512,24,0.056071350,0.000109514,0.000007945,0.000168914,1
actual,45,95,nb,0,512,24,0.059353517,0.000115925,0.000008887,0.000182389,1
actual,46,96,nb,0,512,24,0.049107965,0.000095914,0.000003606,0.000156571,1
actual,47,97,nb,0,512,24,0.053825269,0.000105127,0.000006863,0.000166140,1
actual,48,98,nb,0,512,24,0.051377091,0.000100346,0.000004999,0.000155902,1
actual,49,99,nb,0,512,24,0.055478545,0.000108357,0.000008696,0.000168206,1
warmup,0,0,nb,0,512,32,0.051937772,0.000101441,0.000004939,0.000161901,1
warmup,1,1,nb,0,512,32,0.054572804,0.000106588,0.000006782,0.000167273,1
warmup,2,2,nb,0,512,32,0.054123698,0.000105710,0.000008115,0.000172791,1
warmup,3,3,nb,0,512,32,0.053342247,0.000104184,0.000003647,0.000164037,1
warmup,4,4,nb,0,512,32,0.056984368,0.000111298,0.000004939,0.000182800,1
warmup,5,5,nb,0,512,32,0.056281067,0.000109924,0.000004769,0.000174294,1
warmup,6,6,nb,0,512,32,0.058810643,0.000114865,0.000003787,0.000179394,1
warmup,7,7,nb,0,512,32,0.058400614,0.000114064,0.000004929,0.000176949,1
warmup,8,8,nb,0,512,32,0.054627241,0.000106694,0.000003807,0.000178252,1
warmup,9,9,nb,0,512,32,0.056482192,0.000110317,0.000008546,0.000179333,1
warmup,10,10,nb,0,512,32,0.057488444,0.000112282,0.000003757,0.000191276,1
warmup,11,11,nb,0,512,32,0.055557571,0.000108511,0.000004799,0.000162995,1
warmup,12,12,nb,0,512,32,0.051025770,0.000099660,0.000003617,0.000162102,1
warmup,13,13,nb,0,512,32,0.057485118,0.000112276,0.000006613,0.000174455,1
warmup,14,14,nb,0,512,32,0.052667060,0.000102865,0.000004328,0.000164057,1
warmup,15,15,nb,0,512,32,0.054106755,0.000105677,0.000004959,0.000168113,1
warmup,16,16,nb,0,512,32,0.049259360,0.000096210,0.000003737,0.000159507,1
warmup,17,17,nb,0,512,32,0.058703171,0.000114655,0.000004629,0.000174535,1
warmup,18,18,nb,0,512,32,0.050465667,0.000098566,0.000003477,0.000154187,1
warmup,19,19,nb,0,512,32,0.059040861,0.000115314,0.000007013,0.000184022,1
warmup,20,20,nb,0,512,32,0.054331416,0.000106116,0.000008876,0.000162714,1
warmup,21,21,nb,0,512,32,0.055806196,0.000108996,0.000008616,0.000174535,1
warmup,22,22,nb,0,512,32,0.051123862,0.000099851,0.000003707,0.000165270,1
warmup,23,23,nb,0,512,32,0.056251758,0.000109867,0.000004739,0.000178452,1
warmup,24,24,nb,0,512,32,0.052917196,0.000103354,0.000004489,0.000169635,1
warmup,25,25,nb,0,512,32,0.052789579,0.000103105,0.000004619,0.000165508,1
warmup,26,26,nb,0,512,32,0.053236067,0.000103977,0.000003797,0.000164857,1
warmup,27,27,nb,0,512,32,0.057009731,0.000111347,0.000004839,0.000171502,1
warmup,28,28,nb,0,512,32,0.050012144,0.000097680,0.000003636,0.000152265,1
warmup,29,29,nb,0,512,32,0.054645572,0.000106730,0.000005089,0.000170056,1
warmup,30,30,nb,0,512,32,0.053533545,0.000104558,0.000008907,0.000167823,1
warmup,31,31,nb,0,512,32,0.055102881,0.000107623,0.000008746,0.000171679,1
warmup,32,32,nb,0,512,32,0.050959491,0.000099530,0.000005160,0.000163194,1
warmup,33,33,nb,0,512,32,0.055951418,0.000109280,0.000004609,0.000187048,1
warmup,34,34,nb,0,512,32,0.055244099,0.000107899,0.000004909,0.000169325,1
warmup,35,35,nb,0,512,32,0.055850212,0.000109082,0.000004598,0.000172811,1
warmup,36,36,nb,0,512,32,0.054058563,0.000105583,0.000006602,0.000166241,1
warmup,37,37,nb,0,512,32,0.055119181,0.000107655,0.000004789,0.000162064,1
warmup,38,38,nb,0,512,32,0.054011436,0.000105491,0.000008727,0.000160628,1
warmup,39,39,nb,0,512,32,0.053781100,0.000105041,0.000006592,0.000161781,1
warmup,40,40,nb,0,512,32,0.052949059,0.000103416,0.000004939,0.000167312,1
warmup,41,41,nb,0,512,32,0.056273211,0.000109909,0.000004778,0.000173603,1
warmup,42,42,nb,0,512,32,0.053918225,0.000105309,0.000003687,0.000164496,1
warmup,43,43,nb,0,512,32,0.055162246,0.000107739,0.000004679,0.000170237,1
warmup,44,44,nb,0,512,32,0.055309684,0.000108027,0.000004939,0.000179374,1
warmup,45,45,nb,0,512,32,0.056728289,0.000110797,0.000004609,0.000168435,1
warmup,46,46,nb,0,512,32,0.053809412,0.000105097,0.000009137,0.000175917,1
warmup,47,47,nb,0,512,32,0.055439891,0.000108281,0.000004679,0.000162975,1
warmup,48,48,nb,0,512,32,0.055442861,0.000108287,0.000008806,0.000166390,1
warmup,49,49,nb,0,512,32,0.053069920,0.000103652,0.000005059,0.000159046,1
actual,0,50,nb,0,512,32,0.053598597,0.000104685,0.000004579,0.000166509,1
actual,1,51,nb,0,512,32,0.056228056,0.000109820,0.000008495,0.000184052,1
actual,2,52,nb,0,512,32,0.054991836,0.000107406,0.000004829,0.000171509,1
actual,3,53,nb,0,512,32,0.070795770,0.000138273,0.000005059,0.000209089,1
actual,4,54,nb,0,512,32,0.050567785,0.000098765,0.000006582,0.000162783,1
actual,5,55,nb,0,512,32,0.056102378,0.000109575,0.000004779,0.000168113,1
actual,6,56,nb,0,512,32,0.052163876,0.000101883,0.000003937,0.000162465,1
actual,7,57,nb,0,512,32,0.055865053,0.000109111,0.000004769,0.000171469,1
actual,8,58,nb,0,512,32,0.052163155,0.000101881,0.000003767,0.000166411,1
actual,9,59,nb,0,512,32,0.055583040,0.000108561,0.000005100,0.000170119,1
actual,10,60,nb,0,512,32,0.054249114,0.000105955,0.000005050,0.000171649,1
actual,11,61,nb,0,512,32,0.054642366,0.000106723,0.000005460,0.000169425,1
actual,12,62,nb,0,512,32,0.051085135,0.000099776,0.000003817,0.000164806,1
actual,13,63,nb,0,512,32,0.057009765,0.000111347,0.000004789,0.000166169,1
actual,14,64,nb,0,512,32,0.053448933,0.000104392,0.000005189,0.000162562,1
actual,15,65,nb,0,512,32,0.055853142,0.000109088,0.000004569,0.000169386,1
actual,16,66,nb,0,512,32,0.050759442,0.000099140,0.000003627,0.000154359,1
actual,17,67,nb,0,512,32,0.057309612,0.000111933,0.000004940,0.000185596,1
actual,18,68,nb,0,512,32,0.060009175,0.000117205,0.000003647,0.000190144,1
actual,19,69,nb,0,512,32,0.057946909,0.000113178,0.000008786,0.000178014,1
actual,20,70,nb,0,512,32,0.056197511,0.000109761,0.000003427,0.000176148,1
actual,21,71,nb,0,512,32,0.056794910,0.000110928,0.000004969,0.000184092,1
actual,22,72,nb,0,512,32,0.047474677,0.000092724,0.000004097,0.000147637,1
actual,23,73,nb,0,512,32,0.054074993,0.000105615,0.000004919,0.000166803,1
actual,24,74,nb,0,512,32,0.057873903,0.000113035,0.000003566,0.000183712,1
actual,25,75,nb,0,512,32,0.054906020,0.000107238,0.000004789,0.000165470,1
actual,26,76,nb,0,512,32,0.056227666,0.000109820,0.000004519,0.000176298,1
actual,27,77,nb,0,512,32,0.053996976,0.000105463,0.000004679,0.000173766,1
actual,28,78,nb,0,512,32,0.053421708,0.000104339,0.000005239,0.000180896,1
actual,29,79,nb,0,512,32,0.055664937,0.000108721,0.000004538,0.000190094,1
actual,30,80,nb,0,512,32,0.050951053,0.000099514,0.000003396,0.000158236,1
actual,31,81,nb,0,512,32,0.061314807,0.000119755,0.000004538,0.000191156,1
actual,32,82,nb,0,512,32,0.053859444,0.000105194,0.000003697,0.000166911,1
actual,33,83,nb,0,512,32,0.055306259,0.000108020,0.000008606,0.000169257,1
actual,34,84,nb,0,512,32,0.051305960,0.000100207,0.000004077,0.000167021,1
actual,35,85,nb,0,512,32,0.053627516,0.000104741,0.000004689,0.000170557,1
actual,36,86,nb,0,512,32,0.052496367,0.000102532,0.000003627,0.000158016,1
actual,37,87,nb,0,512,32,0.058289803,0.000113847,0.000004738,0.000176179,1
actual,38,88,nb,0,512,32,0.053276278,0.000104055,0.000005029,0.000173293,1
actual,39,89,nb,0,512,32,0.058123791,0.000113523,0.000004638,0.000181520,1
actual,40,90,nb,0,512,32,0.055067915,0.000107555,0.000004869,0.000174084,1
actual,41,91,nb,0,512,32,0.058764006,0.000114773,0.000004188,0.000189703,1
actual,42,92,nb,0,512,32,0.048788825,0.000095291,0.000003567,0.000155699,1
actual,43,93,nb,0,512,32,0.057092942,0.000111510,0.000004659,0.000175767,1
actual,44,94,nb,0,512,32,0.047898350,0.000093551,0.000004409,0.000162082,1
actual,45,95,nb,0,512,32,0.057783423,0.000112858,0.000004929,0.000172841,1
actual,46,96,nb,0,512,32,0.051516482,0.000100618,0.000003717,0.000157213,1
actual,47,97,nb,0,512,32,0.058499041,0.000114256,0.000004528,0.000187349,1
actual,48,98,nb,0,512,32,0.051414549,0.000100419,0.000003657,0.000159146,1
actual,49,99,nb,0,512,32,0.060203411,0.000117585,0.000006752,0.000176440,1
warmup,0,0,nb,0,512,48,0.048177901,0.000094097,0.000004959,0.000153888,1
warmup,1,1,nb,0,512,48,0.055120045,0.000107656,0.000003907,0.000173202,1
warmup,2,2,nb,0,512,48,0.052365414,0.000102276,0.000003908,0.000163947,1
warmup,3,3,nb,0,512,48,0.059619351,0.000116444,0.000008556,0.000176570,1
warmup,4,4,nb,0,512,48,0.056555187,0.000110459,0.000008766,0.000187699,1
warmup,5,5,nb,0,512,48,0.058656402,0.000114563,0.000004870,0.000177891,1
warmup,6,6,nb,0,512,48,0.054184864,0.000105830,0.000003717,0.000176539,1
warmup,7,7,nb,0,512,48,0.054649663,0.000106738,0.000005430,0.000163005,1
warmup,8,8,nb,0,512,48,0.053524244,0.000104540,0.000003938,0.000162755,1
warmup,9,9,nb,0,512,48,0.055880400,0.000109141,0.000005100,0.000180356,1
warmup,10,10,nb,0,512,48,0.053635891,0.000104758,0.000004889,0.000157445,1
warmup,11,11,nb,0,512,48,0.054785638,0.000107003,0.000005090,0.000162774,1
warmup,12,12,nb,0,512,48,0.053021834,0.000103558,0.000003587,0.000160408,1
warmup,13,13,nb,0,512,48,0.056698506,0.000110739,0.000004799,0.000184984,1
warmup,14,14,nb,0,512,48,0.056173853,0.000109715,0.000008225,0.000167782,1
warmup,15,15,nb,0,512,48,0.056141546,0.000109651,0.000004979,0.000172842,1
warmup,16,16,nb,0,512,48,0.053004557,0.000103525,0.000004950,0.000159317,1
warmup,17,17,nb,0,512,48,0.054843092,0.000107115,0.000003797,0.000171288,1
warmup,18,18,nb,0,512,48,0.049706269,0.000097083,0.000005611,0.000149728,1
warmup,19,19,nb,0,512,48,0.056916662,0.000111165,0.000007224,0.000175907,1
warmup,20,20,nb,0,512,48,0.054006513,0.000105481,0.000003627,0.000173343,1
warmup,21,21,nb,0,512,48,0.058334584,0.000113935,0.000004940,0.000181738,1
warmup,22,22,nb,0,512,48,0.048293392,0.000094323,0.000003587,0.000150069,1
warmup,23,23,nb,0,512,48,0.054653126,0.000106744,0.000004979,0.000176869,1
warmup,24,24,nb,0,512,48,0.050914065,0.000099442,0.000004799,0.000173653,1
warmup,25,25,nb,0,512,48,0.054372596,0.000106196,0.000004909,0.000163715,1
warmup,26,26,nb,0,512,48,0.053527335,0.000104546,0.000003757,0.000177651,1
warmup,27,27,nb,0,512,48,0.057002474,0.000111333,0.000004669,0.000182019,1
warmup,28,28,nb,0,512,48,0.055502986,0.000108404,0.000004559,0.000177871,1
warmup,29,29,nb,0,512,48,0.058048658,0.000113376,0.000005290,0.000169828,1
warmup,30,30,nb,0,512,48,0.052442825,0.000102427,0.000004929,0.000166019,1
warmup,31,31,nb,0,512,48,0.054870093,0.000107168,0.000005309,0.000168987,1
warmup,32,32,nb,0,512,48,0.053745231,0.000104971,0.000008426,0.000166801,1
warmup,33,33,nb,0,512,48,0.054907775,0.000107242,0.000004909,0.000162533,1
warmup,34,34,nb,0,512,48,0.054932141,0.000107289,0.000004809,0.000174154,1
warmup,35,35,nb,0,512,48,0.057681051,0.000112658,0.000007123,0.000171329,1
warmup,36,36,nb,0,512,48,0.052532914,0.000102603,0.000004538,0.000157735,1
warmup,37,37,nb,0,512,48,0.057042523,0.000111411,0.000008927,0.000174146,1
warmup,38,38,nb,0,512,48,0.051956743,0.000101478,0.000003807,0.000163634,1
warmup,39,39,nb,0,512,48,0.055439267,0.000108280,0.000005270,0.000177811,1
warmup,40,40,nb,0,512,48,0.049310470,0.000096310,0.000005280,0.000156281,1
warmup,41,41,nb,0,512,48,0.056540529,0.000110431,0.000004769,0.000170528,1
warmup,42,42,nb,0,512,48,0.051151884,0.000099906,0.000003607,0.000162154,1
warmup,43,43,nb,0,512,48,0.058143918,0.000113562,0.000008596,0.000168395,1
warmup,44,44,nb,0,512,48,0.053021902,0.000103558,0.000004358,0.000165100,1
warmup,45,45,nb,0,512,48,0.058583931,0.000114422,0.000008847,0.000187419,1
warmup,46,46,nb,0,512,48,0.053403118,0.000104303,0.000003927,0.000163184,1
warmup,47,47,nb,0,512,48,0.057647243,0.000112592,0.000004779,0.000175196,1
warmup,48,48,nb,0,512,48,0.049175945,0.000096047,0.000005110,0.000159176,1
warmup,49,49,nb,0,512,48,0.052793710,0.000103113,0.000003697,0.000170958,1
actual,0,50,nb,0,512,48,0.056221215,0.000109807,0.000003717,0.000179534,1
actual,1,51,nb,0,512,48,0.054404079,0.000106258,0.000004879,0.000165918,1
actual,2,52,nb,0,512,48,0.053969822,0.000105410,0.000007715,0.000171670,1
actual,3,53,nb,0,512,48,0.056784499,0.000110907,0.000005069,0.000180586,1
actual,4,54,nb,0,512,48,0.051645932,0.000100871,0.000003877,0.000158184,1
actual,5,55,nb,0,512,48,0.055254594,0.000107919,0.000008546,0.000164846,1
actual,6,56,nb,0,512,48,0.054982855,0.000107388,0.000004829,0.000162595,1
actual,7,57,nb,0,512,48,0.055297962,0.000108004,0.000003827,0.000175096,1
actual,8,58,nb,0,512,48,0.052654558,0.000102841,0.000005039,0.000168573,1
actual,9,59,nb,0,512,48,0.054472867,0.000106392,0.000004990,0.000162784,1
actual,10,60,nb,0,512,48,0.054789697,0.000107011,0.000005160,0.000170026,1
actual,11,61,nb,0,512,48,0.058448839,0.000114158,0.000008606,0.000181528,1
actual,12,62,nb,0,512,48,0.052331575,0.000102210,0.000004077,0.000170418,1
actual,13,63,nb,0,512,48,0.060232251,0.000117641,0.000004738,0.000180776,1
actual,14,64,nb,0,512,48,0.050821637,0.000099261,0.000005030,0.000156804,1
actual,15,65,nb,0,512,48,0.053750183,0.000104981,0.000004909,0.000181598,1
actual,16,66,nb,0,512,48,0.054000561,0.000105470,0.000008616,0.000172811,1
actual,17,67,nb,0,512,48,0.054488338,0.000106423,0.000004738,0.000183642,1
actual,18,68,nb,0,512,48,0.056403384,0.000110163,0.000003977,0.000173904,1
actual,19,69,nb,0,512,48,0.058362057,0.000113988,0.000008646,0.000170800,1
actual,20,70,nb,0,512,48,0.055315413,0.000108038,0.000008736,0.000166502,1
actual,21,71,nb,0,512,48,0.067683124,0.000132194,0.000007895,0.000227044,1
actual,22,72,nb,0,512,48,0.053512507,0.000104517,0.000006953,0.000167422,1
actual,23,73,nb,0,512,48,0.052640465,0.000102813,0.000003556,0.000160188,1
actual,24,74,nb,0,512,48,0.055350841,0.000108107,0.000003887,0.000179845,1
actual,25,75,nb,0,512,48,0.058085999,0.000113449,0.000005300,0.000181468,1
actual,26,76,nb,0,512,48,0.056302003,0.000109965,0.000005110,0.000174945,1
actual,27,77,nb,0,512,48,0.055849093,0.000109080,0.000004999,0.000170570,1
actual,28,78,nb,0,512,48,0.054070432,0.000105606,0.000004789,0.000168674,1
actual,29,79,nb,0,512,48,0.056683872,0.000110711,0.000008566,0.000173944,1
actual,30,80,nb,0,512,48,0.053481006,0.000104455,0.000005110,0.000164697,1
actual,31,81,nb,0,512,48,0.055652865,0.000108697,0.000006763,0.000166910,1
actual,32,82,nb,0,512,48,0.052238930,0.000102029,0.000005270,0.000164867,1
actual,33,83,nb,0,512,48,0.055684929,0.000108760,0.000005190,0.000167552,1
actual,34,84,nb,0,512,48,0.052803209,0.000103131,0.000008265,0.000168323,1
actual,35,85,nb,0,512,48,0.057494845,0.000112295,0.000007123,0.000185405,1
actual,36,86,nb,0,512,48,0.052803629,0.000103132,0.000003827,0.000162282,1
actual,37,87,nb,0,512,48,0.054861229,0.000107151,0.000004729,0.000162334,1
actual,38,88,nb,0,512,48,0.051440120,0.000100469,0.000003627,0.000164105,1
actual,39,89,nb,0,512,48,0.059450714,0.000116115,0.000008686,0.000188751,1
actual,40,90,nb,0,512,48,0.056796613,0.000110931,0.000007895,0.000184193,1
actual,41,91,nb,0,512,48,0.058390960,0.000114045,0.000005110,0.000185976,1
actual,42,92,nb,0,512,48,0.053399581,0.000104296,0.000003586,0.000162474,1
actual,43,93,nb,0,512,48,0.057159694,0.000111640,0.000004769,0.000176618,1
actual,44,94,nb,0,512,48,0.050609467,0.000098847,0.000003707,0.000156000,1
actual,45,95,nb,0,512,48,0.054082502,0.000105630,0.000004859,0.000166810,1
actual,46,96,nb,0,512,48,0.055281125,0.000107971,0.000003848,0.000164927,1
actual,47,97,nb,0,512,48,0.055827808,0.000109039,0.000004859,0.000179464,1
actual,48,98,nb,0,512,48,0.057767456,0.000112827,0.000004799,0.000186878,1
actual,49,99,nb,0,512,48,0.053886856,0.000105248,0.000003667,0.000174324,1
warmup,0,0,nb,0,512,64,0.053059789,0.000103632,0.000005000,0.000159917,1
warmup,1,1,nb,0,512,64,0.055293280,0.000107995,0.000004669,0.000176659,1
warmup,2,2,nb,0,512,64,0.050808245,0.000099235,0.000003767,0.000163213,1
warmup,3,3,nb,0,512,64,0.057679347,0.000112655,0.000008736,0.000177821,1
warmup,4,4,nb,0,512,64,0.057861708,0.000113011,0.000004679,0.000175868,1
warmup,5,5,nb,0,512,64,0.053914370,0.000105302,0.000003607,0.000167081,1
warmup,6,6,nb,0,512,64,0.051479812,0.000100547,0.000005030,0.000156232,1
warmup,7,7,nb,0,512,64,0.058752535,0.000114751,0.000007013,0.000179615,1
warmup,8,8,nb,0,512,64,0.055944234,0.000109266,0.000004990,0.000181407,1
warmup,9,9,nb,0,512,64,0.056940054,0.000111211,0.000004729,0.000174427,1
warmup,10,10,nb,0,512,64,0.051423245,0.000100436,0.000003717,0.000164416,1
warmup,11,11,nb,0,512,64,0.057207582,0.000111734,0.000004979,0.000173775,1
warmup,12,12,nb,0,512,64,0.053095785,0.000103703,0.000004038,0.000174124,1
warmup,13,13,nb,0,512,64,0.059743771,0.000116687,0.000009047,0.000172100,1
warmup,14,14,nb,0,512,64,0.049652472,0.000096977,0.000003666,0.000153236,1
warmup,15,15,nb,0,512,64,0.055587856,0.000108570,0.000004949,0.000181227,1
warmup,16,16,nb,0,512,64,0.052301481,0.000102151,0.000003757,0.000170377,1
warmup,17,17,nb,0,512,64,0.058137677,0.000113550,0.000004870,0.000178662,1
warmup,18,18,nb,0,512,64,0.054090403,0.000105645,0.000004779,0.000174066,1
warmup,19,19,nb,0,512,64,0.057693564,0.000112683,0.000006983,0.000176761,1
warmup,20,20,nb,0,512,64,0.055986373,0.000109348,0.000006792,0.000179955,1
warmup,21,21,nb,0,512,64,0.055769367,0.000108925,0.000005090,0.000173384,1
warmup,22,22,nb,0,512,64,0.056327144,0.000110014,0.000004950,0.000179043,1
warmup,23,23,nb,0,512,64,0.052905704,0.000103331,0.000004799,0.000165670,1
warmup,24,24,nb,0,512,64,0.053487483,0.000104468,0.000005450,0.000160068,1
warmup,25,25,nb,0,512,64,0.057690403,0.000112677,0.000004919,0.000178422,1
warmup,26,26,nb,0,512,64,0.054606980,0.000106654,0.000008075,0.000170587,1
warmup,27,27,nb,0,512,64,0.058402561,0.000114068,0.000004639,0.000179915,1
warmup,28,28,nb,0,512,64,0.050356535,0.000098353,0.000003667,0.000157232,1
warmup,29,29,nb,0,512,64,0.053610971,0.000104709,0.000008946,0.000170698,1
warmup,30,30,nb,0,512,64,0.054658877,0.000106756,0.000007264,0.000178001,1
warmup,31,31,nb,0,512,64,0.053808187,0.000105094,0.000005010,0.000161521,1
warmup,32,32,nb,0,512,64,0.051978917,0.000101521,0.000003646,0.000163244,1
warmup,33,33,nb,0,512,64,0.053948430,0.000105368,0.000006893,0.000171399,1
warmup,34,34,nb,0,512,64,0.050983766,0.000099578,0.000005139,0.000162222,1
warmup,35,35,nb,0,512,64,0.056111763,0.000109593,0.000004538,0.000167033,1
warmup,36,36,nb,0,512,64,0.058117732,0.000113511,0.000004718,0.000180347,1
warmup,37,37,nb,0,512,64,0.054727287,0.000106889,0.000004738,0.000166049,1
warmup,38,38,nb,0,512,64,0.051261535,0.000100120,0.000003828,0.000167982,1
warmup,39,39,nb,0,512,64,0.055201040,0.000107815,0.000005019,0.000172341,1
warmup,40,40,nb,0,512,64,0.054171890,0.000105804,0.000004248,0.000184593,1
warmup,41,41,nb,0,512,64,0.057161537,0.000111644,0.000005010,0.000173703,1
warmup,42,42,nb,0,512,64,0.049980723,0.000097619,0.000003757,0.000157134,1
warmup,43,43,nb,0,512,64,0.056722198,0.000110786,0.000008666,0.000171529,1
warmup,44,44,nb,0,512,64,0.049923552,0.000097507,0.000005361,0.000156441,1
warmup,45,45,nb,0,512,64,0.054320189,0.000106094,0.000005009,0.000172952,1
warmup,46,46,nb,0,512,64,0.052185294,0.000101924,0.000003476,0.000174345,1
warmup,47,47,nb,0,512,64,0.053691262,0.000104866,0.000005330,0.000171850,1
warmup,48,48,nb,0,512,64,0.056277190,0.000109916,0.000008696,0.000194442,1
warmup,49,49,nb,0,512,64,0.055705916,0.000108801,0.000005210,0.000168183,1
actual,0,50,nb,0,512,64,0.054774170,0.000106981,0.000003556,0.000164997,1
actual,1,51,nb,0,512,64,0.058038263,0.000113356,0.000005330,0.000187980,1
actual,2,52,nb,0,512,64,0.057904411,0.000113095,0.000004969,0.000185294,1
actual,3,53,nb,0,512,64,0.055279825,0.000107968,0.000004739,0.000168324,1
actual,4,54,nb,0,512,64,0.055432668,0.000108267,0.000003857,0.000179003,1
actual,5,55,nb,0,512,64,0.055829103,0.000109041,0.000004979,0.000168426,1
actual,6,56,nb,0,512,64,0.054525466,0.000106495,0.000003977,0.000169557,1
actual,7,57,nb,0,512,64,0.058773154,0.000114791,0.000004569,0.000187088,1
actual,8,58,nb,0,512,64,0.050836676,0.000099290,0.000003737,0.000162493,1
actual,9,59,nb,0,512,64,0.058334540,0.000113935,0.000005300,0.000181157,1
actual,10,60,nb,0,512,64,0.058131312,0.000113538,0.000004409,0.000189793,1
actual,11,61,nb,0,512,64,0.055561636,0.000108519,0.000003837,0.000175566,1
actual,12,62,nb,0,512,64,0.056509267,0.000110370,0.000005320,0.000173825,1
actual,13,63,nb,0,512,64,0.056597591,0.000110542,0.000008656,0.000176729,1
actual,14,64,nb,0,512,64,0.052973457,0.000103464,0.000003697,0.000157886,1
actual,15,65,nb,0,512,64,0.056640483,0.000110626,0.000005030,0.000175967,1
actual,16,66,nb,0,512,64,0.057160591,0.000111642,0.000008747,0.000184884,1
actual,17,67,nb,0,512,64,0.052611938,0.000102758,0.000007153,0.000165939,1
actual,18,68,nb,0,512,64,0.052114542,0.000101786,0.000003486,0.000159037,1
actual,19,69,nb,0,512,64,0.054012921,0.000105494,0.000004839,0.000171920,1
actual,20,70,nb,0,512,64,0.056430171,0.000110215,0.000004759,0.000183933,1
actual,21,71,nb,0,512,64,0.056948443,0.000111227,0.000004990,0.000177089,1
actual,22,72,nb,0,512,64,0.053231548,0.000103968,0.000003687,0.000168524,1
actual,23,73,nb,0,512,64,0.169442536,0.000330942,0.000008816,0.000408530,1
actual,24,74,nb,0,512,64,0.052947525,0.000103413,0.000004008,0.000162332,1
actual,25,75,nb,0,512,64,0.056389619,0.000110136,0.000004769,0.000191637,1
actual,26,76,nb,0,512,64,0.057289380,0.000111893,0.000008566,0.000176889,1
actual,27,77,nb,0,512,64,0.057975962,0.000113234,0.000007414,0.000179835,1
actual,28,78,nb,0,512,64,0.055506487,0.000108411,0.000003747,0.000172581,1
actual,29,79,nb,0,512,64,0.057486006,0.000112277,0.000004729,0.000188040,1
actual,30,80,nb,0,512,64,0.052027048,0.000101615,0.000003777,0.000168654,1
actual,31,81,nb,0,512,64,0.057018035,0.000111363,0.000004218,0.000174986,1
actual,32,82,nb,0,512,64,0.050623000,0.000098873,0.000004949,0.000157805,1
actual,33,83,nb,0,512,64,0.058091015,0.000113459,0.000004889,0.000186156,1
actual,34,84,nb,0,512,64,0.051104516,0.000099814,0.000003947,0.000157794,1
actual,35,85,nb,0,512,64,0.053096487,0.000103704,0.000005159,0.000167792,1
actual,36,86,nb,0,512,64,0.056215739,0.000109796,0.000009087,0.000175125,1
actual,37,87,nb,0,512,64,0.055382801,0.000108170,0.000005009,0.000170519,1
actual,38,88,nb,0,512,64,0.052699361,0.000102928,0.000003567,0.000164488,1
actual,39,89,nb,0,512,64,0.055694660,0.000108779,0.000006853,0.000166079,1
actual,40,90,nb,0,512,64,0.053538369,0.000104567,0.000004920,0.000166590,1
actual,41,91,nb,0,512,64,0.054171054,0.000105803,0.000004959,0.000179925,1
actual,42,92,nb,0,512,64,0.052532325,0.000102602,0.000007975,0.000166119,1
actual,43,93,nb,0,512,64,0.054570433,0.000106583,0.000004950,0.000177491,1
actual,44,94,nb,0,512,64,0.053445474,0.000104386,0.000004879,0.000176448,1
actual,45,95,nb,0,512,64,0.058308449,0.000113884,0.000004488,0.000178692,1
actual,46,96,nb,0,512,64,0.057213481,0.000111745,0.000003927,0.000183832,1
actual,47,97,nb,0,512,64,0.053901991,0.000105277,0.000003967,0.000162975,1
actual,48,98,nb,0,512,64,0.055748487,0.000108884,0.000008276,0.000177653,1
actual,49,99,nb,0,512,64,0.056495416,0.000110343,0.000004779,0.000169906,1
warmup,0,0,nb,0,512,96,0.054903442,0.000107233,0.000003677,0.000167001,1
warmup,1,1,nb,0,512,96,0.055185389,0.000107784,0.000008637,0.000176559,1
warmup,2,2,nb,0,512,96,0.054785331,0.000107003,0.000008826,0.000175026,1
warmup,3,3,nb,0,512,96,0.059885431,0.000116964,0.000004909,0.000182399,1
warmup,4,4,nb,0,512,96,0.050084335,0.000097821,0.000003546,0.000159178,1
warmup,5,5,nb,0,512,96,0.053108104,0.000103727,0.000008897,0.000172531,1
warmup,6,6,nb,0,512,96,0.052028586,0.000101618,0.000003837,0.000163364,1
warmup,7,7,nb,0,512,96,0.057360634,0.000112032,0.000008616,0.000177259,1
warmup,8,8,nb,0,512,96,0.054113846,0.000105691,0.000005010,0.000170929,1
warmup,9,9,nb,0,512,96,0.053461712,0.000104417,0.000005020,0.000177750,1
warmup,10,10,nb,0,512,96,0.053586424,0.000104661,0.000009448,0.000171549,1
warmup,11,11,nb,0,512,96,0.058787837,0.000114820,0.000004709,0.000171240,1
warmup,12,12,nb,0,512,96,0.051888979,0.000101346,0.000009778,0.000167692,1
warmup,13,13,nb,0,512,96,0.057691131,0.000112678,0.000007414,0.000185335,1
warmup,14,14,nb,0,512,96,0.051519985,0.000100625,0.000004358,0.000161060,1
warmup,15,15,nb,0,512,96,0.055986464,0.000109349,0.000005140,0.000176379,1
warmup,16,16,nb,0,512,96,0.052346149,0.000102239,0.000005280,0.000161290,1
warmup,17,17,nb,0,512,96,0.053692265,0.000104868,0.000003737,0.000174124,1
warmup,18,18,nb,0,512,96,0.052232535,0.000102017,0.000005460,0.000172010,1
warmup,19,19,nb,0,512,96,0.055896096,0.000109172,0.000005030,0.000172130,1
warmup,20,20,nb,0,512,96,0.052594012,0.000102723,0.000006462,0.000167963,1
warmup,21,21,nb,0,512,96,0.054524696,0.000106494,0.000004959,0.000165898,1
warmup,22,22,nb,0,512,96,0.052299310,0.000102147,0.000004368,0.000165871,1
warmup,23,23,nb,0,512,96,0.058497161,0.000114252,0.000008576,0.000184193,1
warmup,24,24,nb,0,512,96,0.051966519,0.000101497,0.000003857,0.000173583,1
warmup,25,25,nb,0,512,96,0.056155115,0.000109678,0.000004969,0.000171369,1
warmup,26,26,nb,0,512,96,0.053867439,0.000105210,0.000004117,0.000165901,1
warmup,27,27,nb,0,512,96,0.056353675,0.000110066,0.000008816,0.000178081,1
warmup,28,28,nb,0,512,96,0.050753339,0.000099128,0.000003827,0.000160761,1
warmup,29,29,nb,0,512,96,0.055057278,0.000107534,0.000005010,0.000161230,1
warmup,30,30,nb,0,512,96,0.054563062,0.000106568,0.000004739,0.000172611,1
warmup,31,31,nb,0,512,96,0.054709811,0.000106855,0.000004819,0.000177380,1
warmup,32,32,nb,0,512,96,0.051655459,0.000100890,0.000004018,0.000169476,1
warmup,33,33,nb,0,512,96,0.058894842,0.000115029,0.000004789,0.000176440,1
warmup,34,34,nb,0,512,96,0.055461603,0.000108323,0.000004859,0.000180887,1
warmup,35,35,nb,0,512,96,0.057270487,0.000111856,0.000005280,0.000176278,1
warmup,36,36,nb,0,512,96,0.049660681,0.000096994,0.000003666,0.000155521,1
warmup,37,37,nb,0,512,96,0.056454415,0.000110263,0.000004929,0.000166873,1
warmup,38,38,nb,0,512,96,0.053717555,0.000104917,0.000008566,0.000179694,1
warmup,39,39,nb,0,512,96,0.058006784,0.000113295,0.000004959,0.000172744,1
warmup,40,40,nb,0,512,96,0.052525458,0.000102589,0.000003878,0.000163895,1
warmup,41,41,nb,0,512,96,0.056965294,0.000111260,0.000004959,0.000166852,1
warmup,42,42,nb,0,512,96,0.053789384,0.000105057,0.000004989,0.000178111,1
warmup,43,43,nb,0,512,96,0.054300069,0.000106055,0.000008656,0.000161302,1
warmup,44,44,nb,0,512,96,0.053897477,0.000105269,0.000003677,0.000171229,1
warmup,45,45,nb,0,512,96,0.056573236,0.000110495,0.000005009,0.000190885,1
warmup,46,46,nb,0,512,96,0.058295368,0.000113858,0.000008475,0.000193861,1
warmup,47,47,nb,0,512,96,0.054780286,0.000106993,0.000003927,0.000175707,1
warmup,48,48,nb,0,512,96,0.057122376,0.000111567,0.000005179,0.000169014,1
warmup,49,49,nb,0,512,96,0.058576291,0.000114407,0.000008506,0.000184303,1
actual,0,50,nb,0,512,96,0.058685024,0.000114619,0.000010890,0.000188010,1
actual,1,51,nb,0,512,96,0.057493429,0.000112292,0.000005530,0.000178232,1
actual,2,52,nb,0,512,96,0.050448494,0.000098532,0.000003898,0.000160799,1
actual,3,53,nb,0,512,96,0.055257121,0.000107924,0.000008596,0.000169225,1
actual,4,54,nb,0,512,96,0.051119628,0.000099843,0.000004318,0.000156621,1
actual,5,55,nb,0,512,96,0.056161709,0.000109691,0.000005099,0.000170128,1
actual,6,56,nb,0,512,96,0.054855445,0.000107140,0.000007604,0.000175126,1
actual,7,57,nb,0,512,96,0.060190603,0.000117560,0.000005370,0.000182389,1
actual,8,58,nb,0,512,96,0.055905241,0.000109190,0.000008496,0.000169688,1
actual,9,59,nb,0,512,96,0.057134147,0.000111590,0.000004739,0.000168413,1
actual,10,60,nb,0,512,96,0.053546785,0.000104584,0.000008476,0.000166319,1
actual,11,61,nb,0,512,96,0.053703720,0.000104890,0.000004718,0.000157785,1
actual,12,62,nb,0,512,96,0.050148749,0.000097947,0.000003907,0.000158565,1
actual,13,63,nb,0,512,96,0.060482631,0.000118130,0.000006653,0.000176791,1
actual,14,64,nb,0,512,96,0.054458959,0.000106365,0.000009017,0.000177690,1
actual,15,65,nb,0,512,96,0.058489704,0.000114238,0.000006723,0.000177019,1
actual,16,66,nb,0,512,96,0.051182905,0.000099967,0.000003817,0.000158807,1
actual,17,67,nb,0,512,96,0.058385350,0.000114034,0.000007073,0.000188781,1
actual,18,68,nb,0,512,96,0.053184317,0.000103876,0.000003827,0.000164566,1
actual,19,69,nb,0,512,96,0.055305827,0.000108019,0.000006983,0.000162795,1
actual,20,70,nb,0,512,96,0.050644474,0.000098915,0.000004158,0.000155329,1
actual,21,71,nb,0,512,96,0.054232813,0.000105923,0.000004909,0.000168945,1
actual,22,72,nb,0,512,96,0.054764071,0.000106961,0.000003737,0.000183134,1
actual,23,73,nb,0,512,96,0.056961892,0.000111254,0.000005711,0.000172081,1
actual,24,74,nb,0,512,96,0.055831701,0.000109046,0.000005270,0.000179374,1
actual,25,75,nb,0,512,96,0.056601074,0.000110549,0.000006783,0.000175226,1
actual,26,76,nb,0,512,96,0.055031850,0.000107484,0.000011251,0.000172721,1
actual,27,77,nb,0,512,96,0.056047998,0.000109469,0.000004929,0.000184773,1
actual,28,78,nb,0,512,96,0.053713737,0.000104910,0.000004979,0.000172270,1
actual,29,79,nb,0,512,96,0.057074777,0.000111474,0.000006742,0.000167253,1
actual,30,80,nb,0,512,96,0.053403088,0.000104303,0.000003616,0.000167964,1
actual,31,81,nb,0,512,96,0.053707268,0.000104897,0.000005119,0.000164907,1
actual,32,82,nb,0,512,96,0.051606126,0.000100793,0.000003938,0.000164446,1
actual,33,83,nb,0,512,96,0.057013979,0.000111355,0.000006612,0.000171010,1
actual,34,84,nb,0,512,96,0.054110297,0.000105684,0.000005079,0.000160829,1
actual,35,85,nb,0,512,96,0.055297393,0.000108003,0.000003707,0.000169836,1
actual,36,86,nb,0,512,96,0.055189690,0.000107792,0.000008536,0.000180897,1
actual,37,87,nb,0,512,96,0.055007624,0.000107437,0.000005020,0.000174405,1
actual,38,88,nb,0,512,96,0.057254545,0.000111825,0.000004588,0.000178172,1
actual,39,89,nb,0,512,96,0.055247260,0.000107905,0.000005019,0.000168343,1
actual,40,90,nb,0,512,96,0.056473259,0.000110299,0.000004218,0.000175897,1
actual,41,91,nb,0,512,96,0.053691940,0.000104867,0.000003636,0.000168594,1
actual,42,92,nb,0,512,96,0.051080053,0.000099766,0.000005249,0.000161833,1
actual,43,93,nb,0,512,96,0.055409064,0.000108221,0.000004959,0.000180015,1
actual,44,94,nb,0,512,96,0.054118634,0.000105700,0.000008175,0.000167261,1
actual,45,95,nb,0,512,96,0.057071473,0.000111468,0.000004278,0.000171782,1
actual,46,96,nb,0,512,96,0.055449028,0.000108299,0.000004718,0.000182549,1
actual,47,97,nb,0,512,96,0.056875133,0.000111084,0.000004979,0.000172842,1
actual,48,98,nb,0,512,96,0.054915669,0.000107257,0.000011411,0.000176208,1
actual,49,99,nb,0,512,96,0.056863251,0.000111061,0.000005140,0.000183482,1
warmup,0,0,nb,0,512,128,0.050247936,0.000098141,0.000005501,0.000156441,1
warmup,1,1,nb,0,512,128,0.053737127,0.000104955,0.000004138,0.000162082,1
warmup,2,2,nb,0,512,128,0.052937472,0.000103393,0.000008326,0.000161390,1
warmup,3,3,nb,0,512,128,0.054559225,0.000106561,0.000005400,0.000179534,1
warmup,4,4,nb,0,512,128,0.052872070,0.000103266,0.000003707,0.000169205,1
warmup,5,5,nb,0,512,128,0.054039834,0.000105547,0.000008837,0.000163925,1
warmup,6,6,nb,0,512,128,0.053770576,0.000105021,0.000003606,0.000161493,1
warmup,7,7,nb,0,512,128,0.057695167,0.000112686,0.000005340,0.000186898,1
warmup,8,8,nb,0,512,128,0.053798589,0.000105075,0.000005090,0.000167303,1
warmup,9,9,nb,0,512,128,0.056206248,0.000109778,0.000004919,0.000175818,1
warmup,10,10,nb,0,512,128,0.052738327,0.000103005,0.000003988,0.000182520,1
warmup,11,11,nb,0,512,128,0.059308917,0.000115838,0.000007755,0.000171709,1
warmup,12,12,nb,0,512,128,0.056935711,0.000111203,0.000003827,0.000173413,1
warmup,13,13,nb,0,512,128,0.056453301,0.000110260,0.000006802,0.000178973,1
warmup,14,14,nb,0,512,128,0.051546207,0.000100676,0.000003808,0.000155129,1
warmup,15,15,nb,0,512,128,0.056355309,0.000110069,0.000004889,0.000170670,1
warmup,16,16,nb,0,512,128,0.051278741,0.000100154,0.000003807,0.000162763,1
warmup,17,17,nb,0,512,128,0.057575169,0.000112452,0.000004709,0.000173342,1
warmup,18,18,nb,0,512,128,0.054359499,0.000106171,0.000005590,0.000184483,1
warmup,19,19,nb,0,512,128,0.055587722,0.000108570,0.000007163,0.000182089,1
warmup,20,20,nb,0,512,128,0.050317677,0.000098277,0.000008626,0.000159317,1
warmup,21,21,nb,0,512,128,0.056343715,0.000110046,0.000004999,0.000189725,1
warmup,22,22,nb,0,512,128,0.053852991,0.000105182,0.000005361,0.000165738,1
warmup,23,23,nb,0,512,128,0.056178182,0.000109723,0.000004789,0.000163927,1
warmup,24,24,nb,0,512,128,0.056100266,0.000109571,0.000008807,0.000172440,1
warmup,25,25,nb,0,512,128,0.054700586,0.000106837,0.000008626,0.000245139,1
warmup,26,26,nb,0,512,128,0.053634384,0.000104755,0.000005259,0.000163664,1
warmup,27,27,nb,0,512,128,0.054596033,0.000106633,0.000004939,0.000177861,1
warmup,28,28,nb,0,512,128,0.051527594,0.000100640,0.000008466,0.000169245,1
warmup,29,29,nb,0,512,128,0.055834781,0.000109052,0.000004779,0.000173714,1
warmup,30,30,nb,0,512,128,0.055873546,0.000109128,0.000008606,0.000193270,1
warmup,31,31,nb,0,512,128,0.057383424,0.000112077,0.000007334,0.000178311,1
warmup,32,32,nb,0,512,128,0.055913301,0.000109206,0.000003697,0.000178282,1
warmup,33,33,nb,0,512,128,0.059780816,0.000116759,0.000007594,0.000190995,1
warmup,34,34,nb,0,512,128,0.054204598,0.000105868,0.000007885,0.000173824,1
warmup,35,35,nb,0,512,128,0.057183157,0.000111686,0.000004989,0.000166049,1
warmup,36,36,nb,0,512,128,0.051032423,0.000099673,0.000003958,0.000158216,1
warmup,37,37,nb,0,512,128,0.050835817,0.000099289,0.000003847,0.000156974,1
warmup,38,38,nb,0,512,128,0.056387210,0.000110131,0.000003737,0.000177921,1
warmup,39,39,nb,0,512,128,0.057062950,0.000111451,0.000004980,0.000179163,1
warmup,40,40,nb,0,512,128,0.052022250,0.000101606,0.000004198,0.000168845,1
warmup,41,41,nb,0,512,128,0.059039497,0.000115312,0.000005501,0.000183291,1
warmup,42,42,nb,0,512,128,0.056605768,0.000110558,0.000004118,0.000171078,1
warmup,43,43,nb,0,512,128,0.056692293,0.000110727,0.000005380,0.000180175,1
warmup,44,44,nb,0,512,128,0.050417257,0.000098471,0.000003727,0.000155379,1
warmup,45,45,nb,0,512,128,0.056799610,0.000110937,0.000004990,0.000169307,1
warmup,46,46,nb,0,512,128,0.055457028,0.000108315,0.000004899,0.000173383,1
warmup,47,47,nb,0,512,128,0.058246441,0.000113763,0.000004889,0.000174084,1
warmup,48,48,nb,0,512,128,0.060477437,0.000118120,0.000008606,0.000183734,1
warmup,49,49,nb,0,512,128,0.056649291,0.000110643,0.000004950,0.000183501,1
actual,0,50,nb,0,512,128,0.051930512,0.000101427,0.000003687,0.000164828,1
actual,1,51,nb,0,512,128,0.057760942,0.000112814,0.000004989,0.000184834,1
actual,2,52,nb,0,512,128,0.052893504,0.000103308,0.000005320,0.000157454,1
actual,3,53,nb,0,512,128,0.056289469,0.000109940,0.000008627,0.000178953,1
actual,4,54,nb,0,512,128,0.051355000,0.000100303,0.000003888,0.000155231,1
actual,5,55,nb,0,512,128,0.057861930,0.000113012,0.000004799,0.000176749,1
actual,6,56,nb,0,512,128,0.052520465,0.000102579,0.000008887,0.000163184,1
actual,7,57,nb,0,512,128,0.053294353,0.000104091,0.000008676,0.000153808,1
actual,8,58,nb,0,512,128,0.055291671,0.000107992,0.000009918,0.000160090,1
actual,9,59,nb,0,512,128,0.053002620,0.000103521,0.000005090,0.000169717,1
actual,10,60,nb,0,512,128,0.052932179,0.000103383,0.000003727,0.000167662,1
actual,11,61,nb,0,512,128,0.058694603,0.000114638,0.000006822,0.000177831,1
actual,12,62,nb,0,512,128,0.052010664,0.000101583,0.000005040,0.000161761,1
actual,13,63,nb,0,512,128,0.057486641,0.000112279,0.000004979,0.000169996,1
actual,14,64,nb,0,512,128,0.051561603,0.000100706,0.000004428,0.000168894,1
actual,15,65,nb,0,512,128,0.056865208,0.000111065,0.000007153,0.000180325,1
actual,16,66,nb,0,512,128,0.051655711,0.000100890,0.000005160,0.000166993,1
actual,17,67,nb,0,512,128,0.055718999,0.000108826,0.000004959,0.000187909,1
actual,18,68,nb,0,512,128,0.055658449,0.000108708,0.000003797,0.000166321,1
actual,19,69,nb,0,512,128,0.054539091,0.000106522,0.000004609,0.000171359,1
actual,20,70,nb,0,512,128,0.057083573,0.000111491,0.000007985,0.000179735,1
actual,21,71,nb,0,512,128,0.056819590,0.000110976,0.000008967,0.000164908,1
actual,22,72,nb,0,512,128,0.051012320,0.000099633,0.000003397,0.000177450,1
actual,23,73,nb,0,512,128,0.055925330,0.000109229,0.000008616,0.000175359,1
actual,24,74,nb,0,512,128,0.051073102,0.000099752,0.000008696,0.000157323,1
actual,25,75,nb,0,512,128,0.056540140,0.000110430,0.000005059,0.000164866,1
actual,26,76,nb,0,512,128,0.054130890,0.000105724,0.000003767,0.000175256,1
actual,27,77,nb,0,512,128,0.054093571,0.000105652,0.000005070,0.000167291,1
actual,28,78,nb,0,512,128,0.052295477,0.000102140,0.000003948,0.000157495,1
actual,29,79,nb,0,512,128,0.058839720,0.000114921,0.000005050,0.000187329,1
actual,30,80,nb,0,512,128,0.053830925,0.000105139,0.000003867,0.000173302,1
actual,31,81,nb,0,512,128,0.057976686,0.000113236,0.000005070,0.000174847,1
actual,32,82,nb,0,512,128,0.053174530,0.000103857,0.000008255,0.000158216,1
actual,33,83,nb,0,512,128,0.054153051,0.000105768,0.000008476,0.000169658,1
actual,34,84,nb,0,512,128,0.054143489,0.000105749,0.000008416,0.000165057,1
actual,35,85,nb,0,512,128,0.058497932,0.000114254,0.000008767,0.000187779,1
actual,36,86,nb,0,512,128,0.052135662,0.000101827,0.000004940,0.000165681,1
actual,37,87,nb,0,512,128,0.058557470,0.000114370,0.000008667,0.000181157,1
actual,38,88,nb,0,512,128,0.052179405,0.000101913,0.000003897,0.000159990,1
actual,39,89,nb,0,512,128,0.054158850,0.000105779,0.000008676,0.000162623,1
actual,40,90,nb,0,512,128,0.053471147,0.000104436,0.000003587,0.000175346,1
actual,41,91,nb,0,512,128,0.057432756,0.000112173,0.000004749,0.000180416,1
actual,42,92,nb,0,512,128,0.052019072,0.000101600,0.000003727,0.000159128,1
actual,43,93,nb,0,512,128,0.057422379,0.000112153,0.000004879,0.000167454,1
actual,44,94,nb,0,512,128,0.054083807,0.000105632,0.000005460,0.000174845,1
actual,45,95,nb,0,512,128,0.055423311,0.000108249,0.000005040,0.000172662,1
actual,46,96,nb,0,512,128,0.054696839,0.000106830,0.000008616,0.000172261,1
actual,47,97,nb,0,512,128,0.053832264,0.000105141,0.000005019,0.000169616,1
actual,48,98,nb,0,512,128,0.051481551,0.000100550,0.000008556,0.000157172,1
actual,49,99,nb,0,512,128,0.058208991,0.000113689,0.000005450,0.000179965,1
warmup,0,0,nb,0,512,192,0.053723105,0.000104928,0.000003918,0.000170868,1
warmup,1,1,nb,0,512,192,0.058856058,0.000114953,0.000005010,0.000174295,1
warmup,2,2,nb,0,512,192,0.055928547,0.000109235,0.000008526,0.000174755,1
warmup,3,3,nb,0,512,192,0.060225528,0.000117628,0.000007053,0.000175278,1
warmup,4,4,nb,0,512,192,0.054874098,0.000107176,0.000010620,0.000165468,1
warmup,5,5,nb,0,512,192,0.058773702,0.000114792,0.000004920,0.000187599,1
warmup,6,6,nb,0,512,192,0.051337925,0.000100269,0.000003927,0.000160780,1
warmup,7,7,nb,0,512,192,0.059035360,0.000115303,0.000008706,0.000183902,1
warmup,8,8,nb,0,512,192,0.058563227,0.000114381,0.000003807,0.000177400,1
warmup,9,9,nb,0,512,192,0.053439174,0.000104373,0.000008917,0.000163394,1
warmup,10,10,nb,0,512,192,0.057554919,0.000112412,0.000005070,0.000176950,1
warmup,11,11,nb,0,512,192,0.055537208,0.000108471,0.000008746,0.000162402,1
warmup,12,12,nb,0,512,192,0.053042230,0.000103598,0.000008356,0.000172571,1
warmup,13,13,nb,0,512,192,0.054593154,0.000106627,0.000003847,0.000167031,1
warmup,14,14,nb,0,512,192,0.056333786,0.000110027,0.000006643,0.000167302,1
warmup,15,15,nb,0,512,192,0.055612102,0.000108617,0.000003917,0.000171219,1
warmup,16,16,nb,0,512,192,0.055452308,0.000108305,0.000003887,0.000167073,1
warmup,17,17,nb,0,512,192,0.057301072,0.000111916,0.000006933,0.000176869,1
warmup,18,18,nb,0,512,192,0.053082940,0.000103678,0.000003978,0.000160801,1
warmup,19,19,nb,0,512,192,0.056793930,0.000110926,0.000004999,0.000184804,1
warmup,20,20,nb,0,512,192,0.053218796,0.000103943,0.000003727,0.000162012,1
warmup,21,21,nb,0,512,192,0.059978865,0.000117146,0.000005380,0.000187899,1
warmup,22,22,nb,0,512,192,0.053306693,0.000104115,0.000003567,0.000159870,1
warmup,23,23,nb,0,512,192,0.060463235,0.000118092,0.000004999,0.000197197,1
warmup,24,24,nb,0,512,192,0.053136650,0.000103783,0.000004488,0.000169165,1
warmup,25,25,nb,0,512,192,0.058125809,0.000113527,0.000003677,0.000179334,1
warmup,26,26,nb,0,512,192,0.052529448,0.000102597,0.000005240,0.000168063,1
warmup,27,27,nb,0,512,192,0.058050326,0.000113380,0.000008736,0.000176358,1
warmup,28,28,nb,0,512,192,0.056466832,0.000110287,0.000004870,0.000178702,1
warmup,29,29,nb,0,512,192,0.058710402,0.000114669,0.000004949,0.000169285,1
warmup,30,30,nb,0,512,192,0.056758073,0.000110856,0.000006782,0.000190846,1
warmup,31,31,nb,0,512,192,0.055752857,0.000108892,0.000005049,0.000171409,1
warmup,32,32,nb,0,512,192,0.050246014,0.000098137,0.000003878,0.000159116,1
warmup,33,33,nb,0,512,192,0.055949563,0.000109276,0.000005119,0.000179714,1
warmup,34,34,nb,0,512,192,0.058266237,0.000113801,0.000005140,0.000186547,1
warmup,35,35,nb,0,512,192,0.058200560,0.000113673,0.000004869,0.000180205,1
warmup,36,36,nb,0,512,192,0.055828360,0.000109040,0.000003928,0.000169417,1
warmup,37,37,nb,0,512,192,0.056320479,0.000110001,0.000005059,0.000180065,1
warmup,38,38,nb,0,512,192,0.054215960,0.000105891,0.000007905,0.000172741,1
warmup,39,39,nb,0,512,192,0.058421136,0.000114104,0.000007343,0.000179874,1
warmup,40,40,nb,0,512,192,0.057402879,0.000112115,0.000004990,0.000177853,1
warmup,41,41,nb,0,512,192,0.057583934,0.000112469,0.000004899,0.000177210,1
warmup,42,42,nb,0,512,192,0.056995438,0.000111319,0.000003727,0.000180666,1
warmup,43,43,nb,0,512,192,0.054061079,0.000105588,0.000004959,0.000172812,1
warmup,44,44,nb,0,512,192,0.055391539,0.000108187,0.000003807,0.000170498,1
warmup,45,45,nb,0,512,192,0.054909823,0.000107246,0.000003898,0.000166530,1
warmup,46,46,nb,0,512,192,0.050901334,0.000099417,0.000004038,0.000155221,1
warmup,47,47,nb,0,512,192,0.058512038,0.000114281,0.000007554,0.000181189,1
warmup,48,48,nb,0,512,192,0.055433273,0.000108268,0.000004558,0.000180055,1
warmup,49,49,nb,0,512,192,0.059997570,0.000117183,0.000008716,0.000180087,1
actual,0,50,nb,0,512,192,0.047998881,0.000093748,0.000004669,0.000159046,1
actual,1,51,nb,0,512,192,0.056061259,0.000109495,0.000005270,0.000169027,1
actual,2,52,nb,0,512,192,0.053778565,0.000105036,0.000005199,0.000173332,1
actual,3,53,nb,0,512,192,0.056670432,0.000110684,0.000005019,0.000176929,1
actual,4,54,nb,0,512,192,0.054038872,0.000105545,0.000003817,0.000168784,1
actual,5,55,nb,0,512,192,0.055487847,0.000108375,0.000008907,0.000167853,1
actual,6,56,nb,0,512,192,0.050799283,0.000099217,0.000006642,0.000164847,1
actual,7,57,nb,0,512,192,0.057061995,0.000111449,0.000005050,0.000168616,1
actual,8,58,nb,0,512,192,0.052097791,0.000101753,0.000004088,0.000164306,1
actual,9,59,nb,0,512,192,0.060157451,0.000117495,0.000008756,0.000178144,1
actual,10,60,nb,0,512,192,0.051945267,0.000101456,0.000003747,0.000164917,1
actual,11,61,nb,0,512,192,0.056052331,0.000109477,0.000005070,0.000184002,1
actual,12,62,nb,0,512,192,0.052448811,0.000102439,0.000005229,0.000167502,1
actual,13,63,nb,0,512,192,0.058686427,0.000114622,0.000005129,0.000187308,1
actual,14,64,nb,0,512,192,0.055309489,0.000108026,0.000004950,0.000179995,1
actual,15,65,nb,0,512,192,0.057590143,0.000112481,0.000005070,0.000180326,1
actual,16,66,nb,0,512,192,0.054360460,0.000106173,0.000004038,0.000165859,1
actual,17,67,nb,0,512,192,0.056727014,0.000110795,0.000007214,0.000173744,1
actual,18,68,nb,0,512,192,0.060104090,0.000117391,0.000008175,0.000191406,1
actual,19,69,nb,0,512,192,0.058161241,0.000113596,0.000008937,0.000172192,1
actual,20,70,nb,0,512,192,0.055128117,0.000107672,0.000005360,0.000170177,1
actual,21,71,nb,0,512,192,0.054288651,0.000106033,0.000007043,0.000159900,1
actual,22,72,nb,0,512,192,0.056988014,0.000111305,0.000003807,0.000176869,1
actual,23,73,nb,0,512,192,0.058113062,0.000113502,0.000008866,0.000172020,1
actual,24,74,nb,0,512,192,0.054740085,0.000106914,0.000004849,0.000182310,1
actual,25,75,nb,0,512,192,0.058136270,0.000113547,0.000005199,0.000173533,1
actual,26,76,nb,0,512,192,0.051469465,0.000100526,0.000008827,0.000163835,1
actual,27,77,nb,0,512,192,0.057379792,0.000112070,0.000004098,0.000170748,1
actual,28,78,nb,0,512,192,0.053214559,0.000103935,0.000009457,0.000171249,1
actual,29,79,nb,0,512,192,0.060148132,0.000117477,0.000007324,0.000184193,1
actual,30,80,nb,0,512,192,0.052637133,0.000102807,0.000003847,0.000153956,1
actual,31,81,nb,0,512,192,0.054071986,0.000105609,0.000008636,0.000163565,1
actual,32,82,nb,0,512,192,0.054129713,0.000105722,0.000005059,0.000167562,1
actual,33,83,nb,0,512,192,0.057559413,0.000112421,0.000005050,0.000185566,1
actual,34,84,nb,0,512,192,0.057032946,0.000111392,0.000008816,0.000178943,1
actual,35,85,nb,0,512,192,0.054252845,0.000105963,0.000004107,0.000179064,1
actual,36,86,nb,0,512,192,0.050748127,0.000099117,0.000005140,0.000156592,1
actual,37,87,nb,0,512,192,0.056757900,0.000110855,0.000005039,0.000174387,1
actual,38,88,nb,0,512,192,0.055646505,0.000108685,0.000009728,0.000169566,1
actual,39,89,nb,0,512,192,0.056783467,0.000110905,0.000005099,0.000173573,1
actual,40,90,nb,0,512,192,0.054490612,0.000106427,0.000007514,0.000169435,1
actual,41,91,nb,0,512,192,0.052690735,0.000102912,0.000005220,0.000172311,1
actual,42,92,nb,0,512,192,0.059826856,0.000116849,0.000004187,0.000192828,1
actual,43,93,nb,0,512,192,0.057870226,0.000113028,0.000005260,0.000185886,1
actual,44,94,nb,0,512,192,0.053240268,0.000103985,0.000003787,0.000168163,1
actual,45,95,nb,0,512,192,0.055469101,0.000108338,0.000007374,0.000171669,1
actual,46,96,nb,0,512,192,0.049775814,0.000097218,0.000003857,0.000166129,1
actual,47,97,nb,0,512,192,0.061033352,0.000119206,0.000005019,0.000181207,1
actual,48,98,nb,0,512,192,0.054405054,0.000106260,0.000005320,0.000170638,1
actual,49,99,nb,0,512,192,0.062114322,0.000121317,0.000005200,0.000187639,1
warmup,0,0,nb,0,512,256,0.055988902,0.000109353,0.000003837,0.000166160,1
warmup,1,1,nb,0,512,256,0.063050899,0.000123146,0.000010640,0.000193964,1
warmup,2,2,nb,0,512,256,0.054793579,0.000107019,0.000004038,0.000160679,1
warmup,3,3,nb,0,512,256,0.060685358,0.000118526,0.000007334,0.000179865,1
warmup,4,4,nb,0,512,256,0.056194236,0.000109754,0.000008576,0.000170900,1
warmup,5,5,nb,0,512,256,0.061772886,0.000120650,0.000007414,0.000174446,1
warmup,6,6,nb,0,512,256,0.056287666,0.000109937,0.000003938,0.000166612,1
warmup,7,7,nb,0,512,256,0.061930053,0.000120957,0.000008937,0.000188483,1
warmup,8,8,nb,0,512,256,0.055913299,0.000109206,0.000003747,0.000167884,1
warmup,9,9,nb,0,512,256,0.059181050,0.000115588,0.000011040,0.000178622,1
warmup,10,10,nb,0,512,256,0.056380144,0.000110117,0.000008536,0.000161412,1
warmup,11,11,nb,0,512,256,0.062690059,0.000122442,0.000009027,0.000187962,1
warmup,12,12,nb,0,512,256,0.057755724,0.000112804,0.000008586,0.000179687,1
warmup,13,13,nb,0,512,256,0.060476522,0.000118118,0.000005020,0.000172022,1
warmup,14,14,nb,0,512,256,0.056345513,0.000110050,0.000004228,0.000171229,1
warmup,15,15,nb,0,512,256,0.057108662,0.000111540,0.000003827,0.000175228,1
warmup,16,16,nb,0,512,256,0.057630054,0.000112559,0.000003737,0.000173243,1
warmup,17,17,nb,0,512,256,0.059177526,0.000115581,0.000003907,0.000167694,1
warmup,18,18,nb,0,512,256,0.058293500,0.000113854,0.000003767,0.000174514,1
warmup,19,19,nb,0,512,256,0.058559792,0.000114375,0.000010990,0.000180638,1
warmup,20,20,nb,0,512,256,0.054748722,0.000106931,0.000005180,0.000169257,1
warmup,21,21,nb,0,512,256,0.063782107,0.000124574,0.000009247,0.000195334,1
warmup,22,22,nb,0,512,256,0.054866501,0.000107161,0.000007534,0.000162855,1
warmup,23,23,nb,0,512,256,0.059097047,0.000115424,0.000005100,0.000177360,1
warmup,24,24,nb,0,512,256,0.054384979,0.000106221,0.000003627,0.000171480,1
warmup,25,25,nb,0,512,256,0.055544608,0.000108486,0.000003716,0.000160661,1
warmup,26,26,nb,0,512,256,0.054777216,0.000106987,0.000005290,0.000161172,1
warmup,27,27,nb,0,512,256,0.057387061,0.000112084,0.000003957,0.000163787,1
warmup,28,28,nb,0,512,256,0.055098985,0.000107615,0.000003827,0.000167554,1
warmup,29,29,nb,0,512,256,0.061677954,0.000120465,0.000007374,0.000167944,1
warmup,30,30,nb,0,512,256,0.055667347,0.000108725,0.000008155,0.000166672,1
warmup,31,31,nb,0,512,256,0.057809867,0.000112910,0.000011371,0.000165510,1
warmup,32,32,nb,0,512,256,0.055649697,0.000108691,0.000003737,0.000169256,1
warmup,33,33,nb,0,512,256,0.061348089,0.000119820,0.000006863,0.000179094,1
warmup,34,34,nb,0,512,256,0.058214345,0.000113700,0.000003877,0.000174527,1
warmup,35,35,nb,0,512,256,0.057116952,0.000111557,0.000004739,0.000166502,1
warmup,36,36,nb,0,512,256,0.057081363,0.000111487,0.000008175,0.000170589,1
warmup,37,37,nb,0,512,256,0.057765169,0.000112823,0.000006272,0.000168666,1
warmup,38,38,nb,0,512,256,0.057364938,0.000112041,0.000003938,0.000176320,1
warmup,39,39,nb,0,512,256,0.059233368,0.000115690,0.000005340,0.000201488,1
warmup,40,40,nb,0,512,256,0.050782834,0.000099185,0.000004649,0.000159447,1
warmup,41,41,nb,0,512,256,0.057050085,0.000111426,0.000005200,0.000169758,1
warmup,42,42,nb,0,512,256,0.056979823,0.000111289,0.000003847,0.000167584,1
warmup,43,43,nb,0,512,256,0.057960752,0.000113205,0.000005210,0.000172022,1
warmup,44,44,nb,0,512,256,0.055457485,0.000108315,0.000004098,0.000161090,1
warmup,45,45,nb,0,512,256,0.060307995,0.000117789,0.000014797,0.000189134,1
warmup,46,46,nb,0,512,256,0.058196303,0.000113665,0.000008215,0.000175538,1
warmup,47,47,nb,0,512,256,0.063168248,0.000123375,0.000009067,0.000179877,1
warmup,48,48,nb,0,512,256,0.057276411,0.000111868,0.000003707,0.000164887,1
warmup,49,49,nb,0,512,256,0.059692219,0.000116586,0.000004979,0.000172561,1
actual,0,50,nb,0,512,256,0.054530211,0.000106504,0.000005260,0.000161132,1
actual,1,51,nb,0,512,256,0.059935044,0.000117061,0.000004889,0.000258775,1
actual,2,52,nb,0,512,256,0.055835769,0.000109054,0.000003867,0.000168646,1
actual,3,53,nb,0,512,256,0.063428335,0.000123883,0.000009118,0.000185115,1
actual,4,54,nb,0,512,256,0.057360850,0.000112033,0.000009457,0.000183802,1
actual,5,55,nb,0,512,256,0.060289058,0.000117752,0.000004919,0.000173685,1
actual,6,56,nb,0,512,256,0.058155672,0.000113585,0.000004018,0.000170980,1
actual,7,57,nb,0,512,256,0.060169013,0.000117518,0.000004990,0.000195657,1
actual,8,58,nb,0,512,256,0.058149194,0.000113573,0.000003897,0.000168185,1
actual,9,59,nb,0,512,256,0.061413100,0.000119947,0.000011662,0.000176629,1
actual,10,60,nb,0,512,256,0.056287401,0.000109936,0.000003988,0.000171241,1
actual,11,61,nb,0,512,256,0.058582066,0.000114418,0.000005039,0.000165200,1
actual,12,62,nb,0,512,256,0.053572501,0.000104634,0.000003777,0.000162565,1
actual,13,63,nb,0,512,256,0.061519405,0.000120155,0.000007284,0.000182632,1
actual,14,64,nb,0,512,256,0.057666476,0.000112630,0.000003977,0.000178492,1
actual,15,65,nb,0,512,256,0.060970919,0.000119084,0.000005069,0.000167724,1
actual,16,66,nb,0,512,256,0.059327300,0.000115874,0.000004538,0.000175567,1
actual,17,67,nb,0,512,256,0.061909560,0.000120917,0.000007183,0.000183914,1
actual,18,68,nb,0,512,256,0.056572601,0.000110493,0.000003767,0.000169828,1
actual,19,69,nb,0,512,256,0.061668993,0.000120447,0.000009297,0.000184646,1
actual,20,70,nb,0,512,256,0.058734669,0.000114716,0.000004869,0.000167815,1
actual,21,71,nb,0,512,256,0.058827195,0.000114897,0.000004850,0.000177111,1
actual,22,72,nb,0,512,256,0.057813787,0.000112918,0.000007113,0.000170978,1
actual,23,73,nb,0,512,256,0.059424659,0.000116064,0.000011211,0.000171028,1
actual,24,74,nb,0,512,256,0.056016202,0.000109407,0.000004548,0.000163025,1
actual,25,75,nb,0,512,256,0.059291624,0.000115804,0.000011342,0.000167414,1
actual,26,76,nb,0,512,256,0.057572500,0.000112446,0.000008386,0.000171171,1
actual,27,77,nb,0,512,256,0.060241177,0.000117659,0.000007274,0.000173262,1
actual,28,78,nb,0,512,256,0.057386338,0.000112083,0.000009818,0.000163797,1
actual,29,79,nb,0,512,256,0.058490042,0.000114238,0.000005009,0.000170950,1
actual,30,80,nb,0,512,256,0.054890057,0.000107207,0.000005780,0.000167203,1
actual,31,81,nb,0,512,256,0.060707809,0.000118570,0.000009057,0.000177582,1
actual,32,82,nb,0,512,256,0.054608920,0.000106658,0.000004038,0.000166660,1
actual,33,83,nb,0,512,256,0.061609557,0.000120331,0.000004819,0.000177210,1
actual,34,84,nb,0,512,256,0.054993368,0.000107409,0.000003817,0.000168934,1
actual,35,85,nb,0,512,256,0.061037617,0.000119214,0.000009248,0.000181440,1
actual,36,86,nb,0,512,256,0.056652148,0.000110649,0.000003817,0.000172432,1
actual,37,87,nb,0,512,256,0.059952404,0.000117095,0.000007314,0.000171912,1
actual,38,88,nb,0,512,256,0.058964395,0.000115165,0.000008536,0.000173704,1
actual,39,89,nb,0,512,256,0.056282719,0.000109927,0.000011241,0.000161771,1
actual,40,90,nb,0,512,256,0.059111301,0.000115452,0.000005120,0.000211364,1
actual,41,91,nb,0,512,256,0.060256064,0.000117688,0.000004889,0.000178815,1
actual,42,92,nb,0,512,256,0.060183173,0.000117545,0.000010840,0.000184273,1
actual,43,93,nb,0,512,256,0.058686553,0.000114622,0.000007284,0.000168643,1
actual,44,94,nb,0,512,256,0.054282986,0.000106021,0.000003898,0.000165389,1
actual,45,95,nb,0,512,256,0.061598141,0.000120309,0.000008927,0.000181798,1
actual,46,96,nb,0,512,256,0.057452872,0.000112213,0.000004138,0.000179885,1
actual,47,97,nb,0,512,256,0.060707694,0.000118570,0.000004899,0.000172663,1
actual,48,98,nb,0,512,256,0.055703707,0.000108796,0.000003817,0.000167311,1
actual,49,99,nb,0,512,256,0.055178934,0.000107771,0.000004930,0.000161953,1
warmup,0,0,nb,0,512,384,0.056067177,0.000109506,0.000005511,0.000165720,1
warmup,1,1,nb,0,512,384,0.058756810,0.000114759,0.000005019,0.000163386,1
warmup,2,2,nb,0,512,384,0.053469363,0.000104432,0.000005000,0.000165057,1
warmup,3,3,nb,0,512,384,0.059774659,0.000116747,0.000005230,0.000178071,1
warmup,4,4,nb,0,512,384,0.057918206,0.000113121,0.000005160,0.000213921,1
warmup,5,5,nb,0,512,384,0.058147770,0.000113570,0.000003837,0.000171551,1
warmup,6,6,nb,0,512,384,0.054239637,0.000105937,0.000003927,0.000157896,1
warmup,7,7,nb,0,512,384,0.059460995,0.000116135,0.000005080,0.000175026,1
warmup,8,8,nb,0,512,384,0.055811297,0.000109006,0.000003988,0.000165210,1
warmup,9,9,nb,0,512,384,0.065272348,0.000127485,0.000009107,0.000190046,1
warmup,10,10,nb,0,512,384,0.058198327,0.000113669,0.000009779,0.000169317,1
warmup,11,11,nb,0,512,384,0.060265694,0.000117706,0.000013295,0.000219721,1
warmup,12,12,nb,0,512,384,0.082222077,0.000160590,0.000007023,0.000219962,1
warmup,13,13,nb,0,512,384,0.059428133,0.000116071,0.000014638,0.000169477,1
warmup,14,14,nb,0,512,384,0.061112326,0.000119360,0.000004920,0.000177082,1
warmup,15,15,nb,0,512,384,0.058160883,0.000113595,0.000005020,0.000162894,1
warmup,16,16,nb,0,512,384,0.053326507,0.000104153,0.000003887,0.000161682,1
warmup,17,17,nb,0,512,384,0.060697865,0.000118551,0.000005160,0.000177162,1
warmup,18,18,nb,0,512,384,0.062095976,0.000121281,0.000005610,0.000181490,1
warmup,19,19,nb,0,512,384,0.059618776,0.000116443,0.000014457,0.000187790,1
warmup,20,20,nb,0,512,384,0.054310656,0.000106076,0.000004167,0.000158608,1
warmup,21,21,nb,0,512,384,0.059104148,0.000115438,0.000014497,0.000176689,1
warmup,22,22,nb,0,512,384,0.053182468,0.000103872,0.000005370,0.000156781,1
warmup,23,23,nb,0,512,384,0.058467933,0.000114195,0.000005240,0.000176598,1
warmup,24,24,nb,0,512,384,0.056250599,0.000109864,0.000004939,0.000176531,1
warmup,25,25,nb,0,512,384,0.060783585,0.000118718,0.000005180,0.000187381,1
warmup,26,26,nb,0,512,384,0.055853226,0.000109088,0.000005380,0.000164778,1
warmup,27,27,nb,0,512,384,0.058953471,0.000115143,0.000019817,0.000171511,1
warmup,28,28,nb,0,512,384,0.057244740,0.000111806,0.000003997,0.000168326,1
warmup,29,29,nb,0,512,384,0.057143076,0.000111608,0.000005100,0.000164817,1
warmup,30,30,nb,0,512,384,0.059250044,0.000115723,0.000009177,0.000176130,1
warmup,31,31,nb,0,512,384,0.060859439,0.000118866,0.000009247,0.000185956,1
warmup,32,32,nb,0,512,384,0.055542352,0.000108481,0.000008766,0.000166642,1
warmup,33,33,nb,0,512,384,0.057269821,0.000111855,0.000014567,0.000172933,1
warmup,34,34,nb,0,512,384,0.059636578,0.000116478,0.000011591,0.000172381,1
warmup,35,35,nb,0,512,384,0.061495301,0.000120108,0.000007324,0.000173184,1
warmup,36,36,nb,0,512,384,0.060234318,0.000117645,0.000003928,0.000174617,1
warmup,37,37,nb,0,512,384,0.061144409,0.000119423,0.000012514,0.000170640,1
warmup,38,38,nb,0,512,384,0.058394170,0.000114051,0.000008396,0.000174347,1
warmup,39,39,nb,0,512,384,0.064299683,0.000125585,0.000011161,0.000183163,1
warmup,40,40,nb,0,512,384,0.057955996,0.000113195,0.000003877,0.000181718,1
warmup,41,41,nb,0,512,384,0.057411274,0.000112131,0.000005269,0.000169125,1
warmup,42,42,nb,0,512,384,0.057561571,0.000112425,0.000005410,0.000165879,1
warmup,43,43,nb,0,512,384,0.058866776,0.000114974,0.000004979,0.000169636,1
warmup,44,44,nb,0,512,384,0.058610697,0.000114474,0.000011331,0.000171289,1
warmup,45,45,nb,0,512,384,0.059454885,0.000116123,0.000007344,0.000177750,1
warmup,46,46,nb,0,512,384,0.056243402,0.000109850,0.000003888,0.000160791,1
warmup,47,47,nb,0,512,384,0.058374231,0.000114012,0.000004980,0.000167723,1
warmup,48,48,nb,0,512,384,0.057401159,0.000112112,0.000008927,0.000164929,1
warmup,49,49,nb,0,512,384,0.060125809,0.000117433,0.000010620,0.000171920,1
actual,0,50,nb,0,512,384,0.057826803,0.000112943,0.000003757,0.000177001,1
actual,1,51,nb,0,512,384,0.057423850,0.000112156,0.000004959,0.000161532,1
actual,2,52,nb,0,512,384,0.055487552,0.000108374,0.000007524,0.000160860,1
actual,3,53,nb,0,512,384,0.058904365,0.000115048,0.000005300,0.000172183,1
actual,4,54,nb,0,512,384,0.054793634,0.000107019,0.000005310,0.000163547,1
actual,5,55,nb,0,512,384,0.060579013,0.000118318,0.000004128,0.000185465,1
actual,6,56,nb,0,512,384,0.055508978,0.000108416,0.000005129,0.000159989,1
actual,7,57,nb,0,512,384,0.059580128,0.000116367,0.000007303,0.000180629,1
actual,8,58,nb,0,512,384,0.056882384,0.000111098,0.000003917,0.000172904,1
actual,9,59,nb,0,512,384,0.061636632,0.000120384,0.000011171,0.000192147,1
actual,10,60,nb,0,512,384,0.054737805,0.000106910,0.000003967,0.000162975,1
actual,11,61,nb,0,512,384,0.060878807,0.000118904,0.000009218,0.000175296,1
actual,12,62,nb,0,512,384,0.053482074,0.000104457,0.000003997,0.000164125,1
actual,13,63,nb,0,512,384,0.060820954,0.000118791,0.000007614,0.000172713,1
actual,14,64,nb,0,512,384,0.055124319,0.000107665,0.000003917,0.000167572,1
actual,15,65,nb,0,512,384,0.060988839,0.000119119,0.000005040,0.000171471,1
actual,16,66,nb,0,512,384,0.057245398,0.000111807,0.000003867,0.000163405,1
actual,17,67,nb,0,512,384,0.057796978,0.000112885,0.000004799,0.000176208,1
actual,18,68,nb,0,512,384,0.059871791,0.000116937,0.000004889,0.000170589,1
actual,19,69,nb,0,512,384,0.058599375,0.000114452,0.000003617,0.000169305,1
actual,20,70,nb,0,512,384,0.059567942,0.000116344,0.000005680,0.000172703,1
actual,21,71,nb,0,512,384,0.060088948,0.000117361,0.000014908,0.000170048,1
actual,22,72,nb,0,512,384,0.056758494,0.000110856,0.000006773,0.000172150,1
actual,23,73,nb,0,512,384,0.059422898,0.000116060,0.000007083,0.000172211,1
actual,24,74,nb,0,512,384,0.055258683,0.000107927,0.000003897,0.000160649,1
actual,25,75,nb,0,512,384,0.060670154,0.000118496,0.000005050,0.000179727,1
actual,26,76,nb,0,512,384,0.052903607,0.000103327,0.000005310,0.000162674,1
actual,27,77,nb,0,512,384,0.061953647,0.000121003,0.000014798,0.000180337,1
actual,28,78,nb,0,512,384,0.056425682,0.000110206,0.000009598,0.000164817,1
actual,29,79,nb,0,512,384,0.057399731,0.000112109,0.000009157,0.000161884,1
actual,30,80,nb,0,512,384,0.058107439,0.000113491,0.000004378,0.000178662,1
actual,31,81,nb,0,512,384,0.056887435,0.000111108,0.000005130,0.000168165,1
actual,32,82,nb,0,512,384,0.055860546,0.000109103,0.000008987,0.000161452,1
actual,33,83,nb,0,512,384,0.058340963,0.000113947,0.000007274,0.000172834,1
actual,34,84,nb,0,512,384,0.054847516,0.000107124,0.000003838,0.000157896,1
actual,35,85,nb,0,512,384,0.063122282,0.000123286,0.000007284,0.000179526,1
actual,36,86,nb,0,512,384,0.058331920,0.000113930,0.000005160,0.000169698,1
actual,37,87,nb,0,512,384,0.062233491,0.000121550,0.000007274,0.000193550,1
actual,38,88,nb,0,512,384,0.055584842,0.000108564,0.000003828,0.000160149,1
actual,39,89,nb,0,512,384,0.060122064,0.000117426,0.000004448,0.000178542,1
actual,40,90,nb,0,512,384,0.055759972,0.000108906,0.000003747,0.000171962,1
actual,41,91,nb,0,512,384,0.058212038,0.000113695,0.000005129,0.000163456,1
actual,42,92,nb,0,512,384,0.057386951,0.000112084,0.000004238,0.000166881,1
actual,43,93,nb,0,512,384,0.057285368,0.000111885,0.000005491,0.000176972,1
actual,44,94,nb,0,512,384,0.060141100,0.000117463,0.000005229,0.000180448,1
actual,45,95,nb,0,512,384,0.060028220,0.000117243,0.000007304,0.000174938,1
actual,46,96,nb,0,512,384,0.055605090,0.000108604,0.000004007,0.000165089,1
actual,47,97,nb,0,512,384,0.060529509,0.000118222,0.000005009,0.000181558,1
actual,48,98,nb,0,512,384,0.061077794,0.000119293,0.000009477,0.000186579,1
actual,49,99,nb,0,512,384,0.057970510,0.000113224,0.000005030,0.000164897,1
warmup,0,0,nb,0,512,512,0.060770446,0.000118692,0.000005831,0.000191296,1
warmup,1,1,nb,0,512,512,0.061529504,0.000120175,0.000005220,0.000190978,1
warmup,2,2,nb,0,512,512,0.060228662,0.000117634,0.000003968,0.000177240,1
warmup,3,3,nb,0,512,512,0.060482811,0.000118130,0.000004990,0.000175018,1
warmup,4,4,nb,0,512,512,0.054849940,0.000107129,0.000004118,0.000161332,1
warmup,5,5,nb,0,512,512,0.061730178,0.000120567,0.000005481,0.000175266,1
warmup,6,6,nb,0,512,512,0.058100809,0.000113478,0.000004068,0.000174567,1
warmup,7,7,nb,0,512,512,0.064694778,0.000126357,0.000005861,0.000186928,1
warmup,8,8,nb,0,512,512,0.060400693,0.000117970,0.000008656,0.000188701,1
warmup,9,9,nb,0,512,512,0.062259165,0.000121600,0.000005059,0.000185284,1
warmup,10,10,nb,0,512,512,0.061606693,0.000120326,0.000005069,0.000181189,1
warmup,11,11,nb,0,512,512,0.063611744,0.000124242,0.000009517,0.000187529,1
warmup,12,12,nb,0,512,512,0.056076243,0.000109524,0.000004027,0.000172591,1
warmup,13,13,nb,0,512,512,0.060926919,0.000118998,0.000004048,0.000168836,1
warmup,14,14,nb,0,512,512,0.061669354,0.000120448,0.000010640,0.000174076,1
warmup,15,15,nb,0,512,512,0.066236904,0.000129369,0.000019367,0.000187138,1
warmup,16,16,nb,0,512,512,0.057335763,0.000111984,0.000004188,0.000167925,1
warmup,17,17,nb,0,512,512,0.062163035,0.000121412,0.000007003,0.000190655,1
warmup,18,18,nb,0,512,512,0.055805125,0.000108994,0.000004518,0.000162024,1
warmup,19,19,nb,0,512,512,0.061710435,0.000120528,0.000005370,0.000183533,1
warmup,20,20,nb,0,512,512,0.057098165,0.000111520,0.000003918,0.000181520,1
warmup,21,21,nb,0,512,512,0.063416592,0.000123861,0.000005370,0.000183774,1
warmup,22,22,nb,0,512,512,0.064121998,0.000125238,0.000005710,0.000196618,1
warmup,23,23,nb,0,512,512,0.060509423,0.000118182,0.000004148,0.000191847,1
warmup,24,24,nb,0,512,512,0.054717105,0.000106869,0.000004188,0.000176869,1
warmup,25,25,nb,0,512,512,0.062652230,0.000122368,0.000005230,0.000188373,1
warmup,26,26,nb,0,512,512,0.060763177,0.000118678,0.000008626,0.000178434,1
warmup,27,27,nb,0,512,512,0.064219344,0.000125428,0.000005010,0.000177633,1
warmup,28,28,nb,0,512,512,0.062026988,0.000121146,0.000003887,0.000189803,1
warmup,29,29,nb,0,512,512,0.061263009,0.000119654,0.000005380,0.000180366,1
warmup,30,30,nb,0,512,512,0.059062194,0.000115356,0.000008526,0.000169755,1
warmup,31,31,nb,0,512,512,0.061813416,0.000120729,0.000005029,0.000177603,1
warmup,32,32,nb,0,512,512,0.061063893,0.000119265,0.000003967,0.000181358,1
warmup,33,33,nb,0,512,512,0.065535807,0.000128000,0.000009138,0.000190224,1
warmup,34,34,nb,0,512,512,0.060880132,0.000118907,0.000009729,0.000184002,1
warmup,35,35,nb,0,512,512,0.061252159,0.000119633,0.000004860,0.000175769,1
warmup,36,36,nb,0,512,512,0.059591722,0.000116390,0.000004529,0.000171079,1
warmup,37,37,nb,0,512,512,0.063066694,0.000123177,0.000015389,0.000175606,1
warmup,38,38,nb,0,512,512,0.060857595,0.000118862,0.000006743,0.000180458,1
warmup,39,39,nb,0,512,512,0.063203762,0.000123445,0.000004929,0.000190246,1
warmup,40,40,nb,0,512,512,0.061204247,0.000119540,0.000005109,0.000185545,1
warmup,41,41,nb,0,512,512,0.062748283,0.000122555,0.000004949,0.000185537,1
warmup,42,42,nb,0,512,512,0.059216453,0.000115657,0.000004178,0.000165079,1
warmup,43,43,nb,0,512,512,0.062546324,0.000122161,0.000005170,0.000193402,1
warmup,44,44,nb,0,512,512,0.059674898,0.000116553,0.000003937,0.000170257,1
warmup,45,45,nb,0,512,512,0.063632546,0.000124282,0.000005199,0.000188400,1
warmup,46,46,nb,0,512,512,0.058221363,0.000113714,0.000003928,0.000177002,1
warmup,47,47,nb,0,512,512,0.064105302,0.000125206,0.000005110,0.000184606,1
warmup,48,48,nb,0,512,512,0.057180465,0.000111681,0.000003857,0.000172012,1
warmup,49,49,nb,0,512,512,0.063395462,0.000123819,0.000015339,0.000189504,1
actual,0,50,nb,0,512,512,0.060167297,0.000117514,0.000004228,0.000174736,1
actual,1,51,nb,0,512,512,0.062076288,0.000121243,0.000005451,0.000188704,1
actual,2,52,nb,0,512,512,0.058628417,0.000114509,0.000006783,0.000184203,1
actual,3,53,nb,0,512,512,0.064641761,0.000126253,0.000007113,0.000177772,1
actual,4,54,nb,0,512,512,0.060173603,0.000117527,0.000005059,0.000173322,1
actual,5,55,nb,0,512,512,0.061863717,0.000120828,0.000005020,0.000185447,1
actual,6,56,nb,0,512,512,0.057744682,0.000112783,0.000003907,0.000168123,1
actual,7,57,nb,0,512,512,0.064369204,0.000125721,0.000013325,0.000199043,1
actual,8,58,nb,0,512,512,0.056019677,0.000109413,0.000006853,0.000177372,1
actual,9,59,nb,0,512,512,0.064258886,0.000125506,0.000005059,0.000186098,1
actual,10,60,nb,0,512,512,0.055741546,0.000108870,0.000003958,0.000170246,1
actual,11,61,nb,0,512,512,0.062140322,0.000121368,0.000005330,0.000183534,1
actual,12,62,nb,0,512,512,0.056210370,0.000109786,0.000004048,0.000174174,1
actual,13,63,nb,0,512,512,0.057968949,0.000113221,0.000004027,0.000174797,1
actual,14,64,nb,0,512,512,0.060083298,0.000117350,0.000003777,0.000182209,1
actual,15,65,nb,0,512,512,0.065108745,0.000127166,0.000005761,0.000193380,1
actual,16,66,nb,0,512,512,0.059054754,0.000115341,0.000009578,0.000188070,1
actual,17,67,nb,0,512,512,0.061501296,0.000120120,0.000004950,0.000184205,1
actual,18,68,nb,0,512,512,0.058039658,0.000113359,0.000003938,0.000174487,1
actual,19,69,nb,0,512,512,0.062218157,0.000121520,0.000004969,0.000184653,1
actual,20,70,nb,0,512,512,0.061552011,0.000120219,0.000005170,0.000175949,1
actual,21,71,nb,0,512,512,0.062322930,0.000121724,0.000005160,0.000177993,1
actual,22,72,nb,0,512,512,0.056610636,0.000110568,0.000007745,0.000170748,1
actual,23,73,nb,0,512,512,0.064143311,0.000125280,0.000013275,0.000192791,1
actual,24,74,nb,0,512,512,0.058244181,0.000113758,0.000004027,0.000171191,1
actual,25,75,nb,0,512,512,0.059039775,0.000115312,0.000005370,0.000166620,1
actual,26,76,nb,0,512,512,0.061088721,0.000119314,0.000009317,0.000179647,1
actual,27,77,nb,0,512,512,0.062907188,0.000122866,0.000007414,0.000183995,1
actual,28,78,nb,0,512,512,0.059258681,0.000115740,0.000004398,0.000167795,1
actual,29,79,nb,0,512,512,0.064513653,0.000126003,0.000010519,0.000183463,1
actual,30,80,nb,0,512,512,0.054391383,0.000106233,0.000005610,0.000157794,1
actual,31,81,nb,0,512,512,0.059823765,0.000116843,0.000005120,0.000173813,1
actual,32,82,nb,0,512,512,0.060588391,0.000118337,0.000003717,0.000179326,1
actual,33,83,nb,0,512,512,0.062586046,0.000122238,0.000004999,0.000179857,1
actual,34,84,nb,0,512,512,0.060467410,0.000118100,0.000004038,0.000185107,1
actual,35,85,nb,0,512,512,0.060667412,0.000118491,0.000004879,0.000170758,1
actual,36,86,nb,0,512,512,0.059288092,0.000115797,0.000003797,0.000175126,1
actual,37,87,nb,0,512,512,0.061862766,0.000120826,0.000007474,0.000194123,1
actual,38,88,nb,0,512,512,0.056011964,0.000109398,0.000003947,0.000177541,1
actual,39,89,nb,0,512,512,0.064568081,0.000126110,0.000006943,0.000182011,1
actual,40,90,nb,0,512,512,0.054654923,0.000106748,0.000004018,0.000167193,1
actual,41,91,nb,0,512,512,0.062313526,0.000121706,0.000008997,0.000186159,1
actual,42,92,nb,0,512,512,0.057339454,0.000111991,0.000011351,0.000169067,1
actual,43,93,nb,0,512,512,0.059474023,0.000116160,0.000005069,0.000176301,1
actual,44,94,nb,0,512,512,0.062856042,0.000122766,0.000008335,0.000179085,1
actual,45,95,nb,0,512,512,0.063269056,0.000123572,0.000005480,0.000177142,1
actual,46,96,nb,0,512,512,0.058457702,0.000114175,0.000005210,0.000183333,1
actual,47,97,nb,0,512,512,0.062563702,0.000122195,0.000007354,0.000183935,1
actual,48,98,nb,0,512,512,0.059132316,0.000115493,0.000003887,0.000173926,1
actual,49,99,nb,0,512,512,0.060252761,0.000117681,0.000005240,0.000175218,1
warmup,0,0,nb,0,512,768,0.061355878,0.000119836,0.000005360,0.000185938,1
warmup,1,1,nb,0,512,768,0.064067354,0.000125132,0.000005570,0.000194422,1
warmup,2,2,nb,0,512,768,0.061673024,0.000120455,0.000009178,0.000174354,1
warmup,3,3,nb,0,512,768,0.063119214,0.000123280,0.000005370,0.000189214,1
warmup,4,4,nb,0,512,768,0.060559207,0.000118280,0.000005580,0.000184794,1
warmup,5,5,nb,0,512,768,0.062133695,0.000121355,0.000005541,0.000188143,1
warmup,6,6,nb,0,512,768,0.060735638,0.000118624,0.000003837,0.000181057,1
warmup,7,7,nb,0,512,768,0.062809054,0.000122674,0.000005280,0.000192719,1
warmup,8,8,nb,0,512,768,0.058578421,0.000114411,0.000004839,0.000170920,1
warmup,9,9,nb,0,512,768,0.062439172,0.000121952,0.000005911,0.000190665,1
warmup,10,10,nb,0,512,768,0.056635718,0.000110617,0.000004068,0.000172083,1
warmup,11,11,nb,0,512,768,0.062221859,0.000121527,0.000009037,0.000180637,1
warmup,12,12,nb,0,512,768,0.061788558,0.000120681,0.000005470,0.000188251,1
warmup,13,13,nb,0,512,768,0.062930662,0.000122911,0.000005260,0.000190074,1
warmup,14,14,nb,0,512,768,0.058778396,0.000114802,0.000004429,0.000180047,1
warmup,15,15,nb,0,512,768,0.063647073,0.000124311,0.000005109,0.000218379,1
warmup,16,16,nb,0,512,768,0.056038781,0.000109451,0.000008957,0.000176859,1
warmup,17,17,nb,0,512,768,0.063138606,0.000123318,0.000007414,0.000185055,1
warmup,18,18,nb,0,512,768,0.058846491,0.000114935,0.000004258,0.000171799,1
warmup,19,19,nb,0,512,768,0.060121318,0.000117424,0.000005160,0.000183953,1
warmup,20,20,nb,0,512,768,0.058731328,0.000114710,0.000004258,0.000170056,1
warmup,21,21,nb,0,512,768,0.064152205,0.000125297,0.000004930,0.000187509,1
warmup,22,22,nb,0,512,768,0.059554321,0.000116317,0.000004077,0.000177642,1
warmup,23,23,nb,0,512,768,0.067537343,0.000131909,0.000012844,0.000198730,1
warmup,24,24,nb,0,512,768,0.058479341,0.000114217,0.000008546,0.000170538,1
warmup,25,25,nb,0,512,768,0.064629803,0.000126230,0.000009408,0.000188293,1
warmup,26,26,nb,0,512,768,0.057960836,0.000113205,0.000004088,0.000169457,1
warmup,27,27,nb,0,512,768,0.064989049,0.000126932,0.000013305,0.000189445,1
warmup,28,28,nb,0,512,768,0.058774970,0.000114795,0.000003867,0.000171870,1
warmup,29,29,nb,0,512,768,0.061250000,0.000119629,0.000004058,0.000175329,1
warmup,30,30,nb,0,512,768,0.061621113,0.000120354,0.000005210,0.000178655,1
warmup,31,31,nb,0,512,768,0.062439233,0.000121952,0.000005140,0.000188511,1
warmup,32,32,nb,0,512,768,0.062018340,0.000121130,0.000005309,0.000191939,1
warmup,33,33,nb,0,512,768,0.064685825,0.000126340,0.000009468,0.000190747,1
warmup,34,34,nb,0,512,768,0.061387893,0.000119898,0.000005300,0.000176891,1
warmup,35,35,nb,0,512,768,0.065272681,0.000127486,0.000005280,0.000198281,1
warmup,36,36,nb,0,512,768,0.059845103,0.000116885,0.000008666,0.000179837,1
warmup,37,37,nb,0,512,768,0.063205969,0.000123449,0.000007594,0.000184455,1
warmup,38,38,nb,0,512,768,0.060059645,0.000117304,0.000004117,0.000176659,1
warmup,39,39,nb,0,512,768,0.059594802,0.000116396,0.000005380,0.000187732,1
warmup,40,40,nb,0,512,768,0.063333905,0.000123699,0.000009679,0.000212428,1
warmup,41,41,nb,0,512,768,0.065038195,0.000127028,0.000009127,0.000190867,1
warmup,42,42,nb,0,512,768,0.059069065,0.000115369,0.000005160,0.000182071,1
warmup,43,43,nb,0,512,768,0.064142791,0.000125279,0.000007384,0.000197380,1
warmup,44,44,nb,0,512,768,0.055462818,0.000108326,0.000004399,0.000174635,1
warmup,45,45,nb,0,512,768,0.062248539,0.000121579,0.000007574,0.000185047,1
warmup,46,46,nb,0,512,768,0.060953089,0.000119049,0.000003998,0.000173934,1
warmup,47,47,nb,0,512,768,0.061761043,0.000120627,0.000005149,0.000177693,1
warmup,48,48,nb,0,512,768,0.060499429,0.000118163,0.000003887,0.000177012,1
warmup,49,49,nb,0,512,768,0.061993927,0.000121082,0.000005270,0.000187980,1
actual,0,50,nb,0,512,768,0.059092583,0.000115415,0.000004208,0.000178505,1
actual,1,51,nb,0,512,768,0.062649154,0.000122362,0.000005451,0.000186490,1
actual,2,52,nb,0,512,768,0.059776565,0.000116751,0.000004438,0.000173855,1
actual,3,53,nb,0,512,768,0.062608707,0.000122283,0.000009618,0.000191225,1
actual,4,54,nb,0,512,768,0.058366101,0.000113996,0.000004479,0.000166161,1
actual,5,55,nb,0,512,768,0.063711439,0.000124436,0.000007143,0.000190244,1
actual,6,56,nb,0,512,768,0.057428502,0.000112165,0.000005440,0.000170259,1
actual,7,57,nb,0,512,768,0.063414793,0.000123857,0.000005159,0.000194882,1
actual,8,58,nb,0,512,768,0.058036466,0.000113352,0.000004879,0.000171509,1
actual,9,59,nb,0,512,768,0.063097799,0.000123238,0.000005390,0.000194141,1
actual,10,60,nb,0,512,768,0.060292495,0.000117759,0.000003857,0.000176340,1
actual,11,61,nb,0,512,768,0.066158802,0.000129216,0.000005169,0.000188053,1
actual,12,62,nb,0,512,768,0.057383398,0.000112077,0.000004008,0.000167392,1
actual,13,63,nb,0,512,768,0.064587772,0.000126148,0.000007033,0.000189643,1
actual,14,64,nb,0,512,768,0.059153336,0.000115534,0.000004098,0.000173775,1
actual,15,65,nb,0,512,768,0.060543858,0.000118250,0.000004027,0.000181307,1
actual,16,66,nb,0,512,768,0.061311428,0.000119749,0.000007464,0.000174565,1
actual,17,67,nb,0,512,768,0.062878177,0.000122809,0.000005250,0.000194923,1
actual,18,68,nb,0,512,768,0.055040863,0.000107502,0.000004057,0.000177151,1
actual,19,69,nb,0,512,768,0.061756988,0.000120619,0.000005450,0.000180816,1
actual,20,70,nb,0,512,768,0.059128580,0.000115486,0.000003827,0.000177021,1
actual,21,71,nb,0,512,768,0.063648162,0.000124313,0.000007685,0.000194732,1
actual,22,72,nb,0,512,768,0.059025716,0.000115285,0.000003827,0.000178603,1
actual,23,73,nb,0,512,768,0.067034658,0.000130927,0.000009056,0.000191026,1
actual,24,74,nb,0,512,768,0.062990381,0.000123028,0.000005520,0.000189482,1
actual,25,75,nb,0,512,768,0.062611601,0.000122288,0.000007184,0.000193450,1
actual,26,76,nb,0,512,768,0.060204252,0.000117586,0.000004088,0.000185445,1
actual,27,77,nb,0,512,768,0.063798244,0.000124606,0.000007724,0.000183434,1
actual,28,78,nb,0,512,768,0.056413842,0.000110183,0.000004098,0.000174766,1
actual,29,79,nb,0,512,768,0.061874282,0.000120848,0.000005159,0.000189552,1
actual,30,80,nb,0,512,768,0.058730508,0.000114708,0.000003947,0.000177853,1
actual,31,81,nb,0,512,768,0.063379739,0.000123789,0.000009688,0.000184145,1
actual,32,82,nb,0,512,768,0.057723545,0.000112741,0.000005600,0.000170218,1
actual,33,83,nb,0,512,768,0.063302159,0.000123637,0.000005360,0.000180596,1
actual,34,84,nb,0,512,768,0.059180858,0.000115588,0.000004188,0.000176388,1
actual,35,85,nb,0,512,768,0.063600277,0.000124219,0.000007254,0.000184764,1
actual,36,86,nb,0,512,768,0.061056589,0.000119251,0.000008716,0.000184195,1
actual,37,87,nb,0,512,768,0.064225916,0.000125441,0.000005140,0.000188281,1
actual,38,88,nb,0,512,768,0.055019920,0.000107461,0.000005320,0.000164318,1
actual,39,89,nb,0,512,768,0.062395120,0.000121865,0.000005049,0.000181578,1
actual,40,90,nb,0,512,768,0.057329077,0.000111971,0.000010029,0.000169598,1
actual,41,91,nb,0,512,768,0.062484074,0.000122039,0.000007384,0.000188403,1
actual,42,92,nb,0,512,768,0.058003570,0.000113288,0.000003957,0.000173475,1
actual,43,93,nb,0,512,768,0.064769833,0.000126504,0.000007535,0.000186148,1
actual,44,94,nb,0,512,768,0.058176975,0.000113627,0.000003907,0.000182099,1
actual,45,95,nb,0,512,768,0.064489254,0.000125956,0.000005350,0.000185097,1
actual,46,96,nb,0,512,768,0.060257076,0.000117690,0.000008576,0.000179915,1
actual,47,97,nb,0,512,768,0.062425639,0.000121925,0.000008596,0.000200073,1
actual,48,98,nb,0,512,768,0.056110031,0.000109590,0.000004138,0.000170921,1
actual,49,99,nb,0,512,768,0.064217904,0.000125426,0.000005360,0.000186449,1
warmup,0,0,nb,0,512,1024,0.076469883,0.000149355,0.000008526,0.000216936,1
warmup,1,1,nb,0,512,1024,0.077585429,0.000151534,0.000005259,0.000223628,1
warmup,2,2,nb,0,512,1024,0.076732392,0.000149868,0.000010300,0.000206163,1
warmup,3,3,nb,0,512,1024,0.077088507,0.000150563,0.000005561,0.000210234,1
warmup,4,4,nb,0,512,1024,0.074086141,0.000144699,0.000004368,0.000205552,1
warmup,5,5,nb,0,512,1024,0.077879417,0.000152108,0.000005691,0.000217244,1
warmup,6,6,nb,0,512,1024,0.072728964,0.000142049,0.000004098,0.000202227,1
warmup,7,7,nb,0,512,1024,0.076306527,0.000149036,0.000005400,0.000205936,1
warmup,8,8,nb,0,512,1024,0.073415630,0.000143390,0.000004238,0.000208149,1
warmup,9,9,nb,0,512,1024,0.079220988,0.000154728,0.000007393,0.000222396,1
warmup,10,10,nb,0,512,1024,0.075696045,0.000147844,0.000005690,0.000207508,1
warmup,11,11,nb,0,512,1024,0.081466340,0.000159114,0.000007143,0.000223138,1
warmup,12,12,nb,0,512,1024,0.072818993,0.000142225,0.000009778,0.000200946,1
warmup,13,13,nb,0,512,1024,0.075837127,0.000148119,0.000005180,0.000207086,1
warmup,14,14,nb,0,512,1024,0.075577530,0.000147612,0.000003817,0.000219221,1
warmup,15,15,nb,0,512,1024,0.077403263,0.000151178,0.000005480,0.000208530,1
warmup,16,16,nb,0,512,1024,0.073913889,0.000144363,0.000005581,0.000218839,1
warmup,17,17,nb,0,512,1024,0.078756253,0.000153821,0.000015239,0.000216495,1
warmup,18,18,nb,0,512,1024,0.072242928,0.000141099,0.000008887,0.000200725,1
warmup,19,19,nb,0,512,1024,0.077530544,0.000151427,0.000007184,0.000206536,1
warmup,20,20,nb,0,512,1024,0.071546381,0.000139739,0.000004008,0.000200714,1
warmup,21,21,nb,0,512,1024,0.077019327,0.000150428,0.000005380,0.000209984,1
warmup,22,22,nb,0,512,1024,0.071973882,0.000140574,0.000003857,0.000205405,1
warmup,23,23,nb,0,512,1024,0.077770424,0.000151895,0.000005591,0.000216104,1
warmup,24,24,nb,0,512,1024,0.072018378,0.000140661,0.000004228,0.000200543,1
warmup,25,25,nb,0,512,1024,0.077476208,0.000151321,0.000005490,0.000221244,1
warmup,26,26,nb,0,512,1024,0.074035373,0.000144600,0.000005410,0.000210622,1
warmup,27,27,nb,0,512,1024,0.074400774,0.000145314,0.000005069,0.000209011,1
warmup,28,28,nb,0,512,1024,0.076097107,0.000148627,0.000004088,0.000212074,1
warmup,29,29,nb,0,512,1024,0.077442106,0.000151254,0.000007544,0.000212887,1
warmup,30,30,nb,0,512,1024,0.074380624,0.000145275,0.000009047,0.000204533,1
warmup,31,31,nb,0,512,1024,0.081618108,0.000159410,0.000008897,0.000223298,1
warmup,32,32,nb,0,512,1024,0.076294923,0.000149014,0.000004107,0.000209410,1
warmup,33,33,nb,0,512,1024,0.075458315,0.000147380,0.000007524,0.000205723,1
warmup,34,34,nb,0,512,1024,0.072394035,0.000141395,0.000004117,0.000204352,1
warmup,35,35,nb,0,512,1024,0.073328963,0.000143221,0.000005500,0.000202848,1
warmup,36,36,nb,0,512,1024,0.072523053,0.000141647,0.000008726,0.000204541,1
warmup,37,37,nb,0,512,1024,0.078918119,0.000154137,0.000009308,0.000215421,1
warmup,38,38,nb,0,512,1024,0.072804303,0.000142196,0.000008917,0.000200162,1
warmup,39,39,nb,0,512,1024,0.077737038,0.000151830,0.000007664,0.000211345,1
warmup,40,40,nb,0,512,1024,0.072318357,0.000141247,0.000004037,0.000201537,1
warmup,41,41,nb,0,512,1024,0.079284266,0.000154852,0.000005420,0.000219271,1
warmup,42,42,nb,0,512,1024,0.077225508,0.000150831,0.000004047,0.000213619,1
warmup,43,43,nb,0,512,1024,0.079420007,0.000155117,0.000005320,0.000218226,1
warmup,44,44,nb,0,512,1024,0.071722050,0.000140082,0.000008677,0.000199383,1
warmup,45,45,nb,0,512,1024,0.074276880,0.000145072,0.000005490,0.000203321,1
warmup,46,46,nb,0,512,1024,0.072112559,0.000140845,0.000008836,0.000205382,1
warmup,47,47,nb,0,512,1024,0.078247883,0.000152828,0.000005199,0.000216736,1
warmup,48,48,nb,0,512,1024,0.071511648,0.000139671,0.000005540,0.000197890,1
warmup,49,49,nb,0,512,1024,0.077966732,0.000152279,0.000009288,0.000217427,1
actual,0,50,nb,0,512,1024,0.077376003,0.000151125,0.000008606,0.000215213,1
actual,1,51,nb,0,512,1024,0.078504791,0.000153330,0.000005150,0.000214409,1
actual,2,52,nb,0,512,1024,0.072348461,0.000141306,0.000009768,0.000205082,1
actual,3,53,nb,0,512,1024,0.078025914,0.000152394,0.000005350,0.000217747,1
actual,4,54,nb,0,512,1024,0.077464533,0.000151298,0.000005009,0.000218048,1
actual,5,55,nb,0,512,1024,0.078031088,0.000152404,0.000009447,0.000224140,1
actual,6,56,nb,0,512,1024,0.071042847,0.000138756,0.000004779,0.000196465,1
actual,7,57,nb,0,512,1024,0.078186732,0.000152708,0.000016601,0.000220673,1
actual,8,58,nb,0,512,1024,0.073091903,0.000142758,0.000003867,0.000209820,1
actual,9,59,nb,0,512,1024,0.078920807,0.000154142,0.000013175,0.000214419,1
actual,10,60,nb,0,512,1024,0.074519886,0.000145547,0.000011502,0.000209350,1
actual,11,61,nb,0,512,1024,0.075988670,0.000148415,0.000005711,0.000206747,1
actual,12,62,nb,0,512,1024,0.073797929,0.000144137,0.000004058,0.000203429,1
actual,13,63,nb,0,512,1024,0.076451478,0.000149319,0.000007704,0.000212989,1
actual,14,64,nb,0,512,1024,0.071854948,0.000140342,0.000004158,0.000200435,1
actual,15,65,nb,0,512,1024,0.081126226,0.000158450,0.000009067,0.000219330,1
actual,16,66,nb,0,512,1024,0.075568552,0.000147595,0.000008596,0.000213197,1
actual,17,67,nb,0,512,1024,0.078840742,0.000153986,0.000013476,0.000219238,1
actual,18,68,nb,0,512,1024,0.072093792,0.000140808,0.000009488,0.000197237,1
actual,19,69,nb,0,512,1024,0.077075711,0.000150538,0.000005160,0.000207176,1
actual,20,70,nb,0,512,1024,0.072931940,0.000142445,0.000004067,0.000204122,1
actual,21,71,nb,0,512,1024,0.080343165,0.000156920,0.000013926,0.000224170,1
actual,22,72,nb,0,512,1024,0.074897346,0.000146284,0.000003878,0.000209292,1
actual,23,73,nb,0,512,1024,0.074989434,0.000146464,0.000005290,0.000206845,1
actual,24,74,nb,0,512,1024,0.074223539,0.000144968,0.000004128,0.000208769,1
actual,25,75,nb,0,512,1024,0.077295970,0.000150969,0.000005009,0.000208568,1
actual,26,76,nb,0,512,1024,0.072942115,0.000142465,0.000004208,0.000205224,1
actual,27,77,nb,0,512,1024,0.076362751,0.000149146,0.000005270,0.000214008,1
actual,28,78,nb,0,512,1024,0.074372461,0.000145259,0.000005901,0.000213547,1
actual,29,79,nb,0,512,1024,0.078798223,0.000153903,0.000009748,0.000213146,1
actual,30,80,nb,0,512,1024,0.073479892,0.000143515,0.000004890,0.000204241,1
actual,31,81,nb,0,512,1024,0.077816462,0.000151985,0.000010660,0.000229058,1
actual,32,82,nb,0,512,1024,0.074350616,0.000145216,0.000003937,0.000222987,1
actual,33,83,nb,0,512,1024,0.075708477,0.000147868,0.000005381,0.000212184,1
actual,34,84,nb,0,512,1024,0.074336575,0.000145189,0.000003977,0.000209830,1
actual,35,85,nb,0,512,1024,0.077493049,0.000151354,0.000005691,0.000211024,1
actual,36,86,nb,0,512,1024,0.073415075,0.000143389,0.000003987,0.000204170,1
actual,37,87,nb,0,512,1024,0.076015005,0.000148467,0.000005160,0.000208531,1
actual,38,88,nb,0,512,1024,0.078573412,0.000153464,0.000005180,0.000223378,1
actual,39,89,nb,0,512,1024,0.076625389,0.000149659,0.000005330,0.000214461,1
actual,40,90,nb,0,512,1024,0.073074582,0.000142724,0.000008626,0.000208901,1
actual,41,91,nb,0,512,1024,0.077207320,0.000150796,0.000005830,0.000214098,1
actual,42,92,nb,0,512,1024,0.075108683,0.000146697,0.000004238,0.000218428,1
actual,43,93,nb,0,512,1024,0.073974494,0.000144481,0.000005640,0.000203208,1
actual,44,94,nb,0,512,1024,0.074475686,0.000145460,0.000008726,0.000203671,1
actual,45,95,nb,0,512,1024,0.077604022,0.000151570,0.000011762,0.000209893,1
actual,46,96,nb,0,512,1024,0.071199776,0.000139062,0.000003867,0.000201014,1
actual,47,97,nb,0,512,1024,0.078146622,0.000152630,0.000005621,0.000212535,1
actual,48,98,nb,0,512,1024,0.077275194,0.000150928,0.000005380,0.000220693,1
actual,49,99,nb,0,512,1024,0.076849490,0.000150097,0.000005300,0.000215182,1
warmup,0,0,nb,0,512,1536,0.071815332,0.000140264,0.000005350,0.000200563,1
warmup,1,1,nb,0,512,1536,0.072066467,0.000140755,0.000018726,0.000206627,1
warmup,2,2,nb,0,512,1536,0.069014951,0.000134795,0.000008796,0.000206324,1
warmup,3,3,nb,0,512,1536,0.072485140,0.000141573,0.000007624,0.000200976,1
warmup,4,4,nb,0,512,1536,0.066667941,0.000130211,0.000008766,0.000193741,1
warmup,5,5,nb,0,512,1536,0.068772774,0.000134322,0.000015098,0.000196015,1
warmup,6,6,nb,0,512,1536,0.070132885,0.000136978,0.000004078,0.000199491,1
warmup,7,7,nb,0,512,1536,0.068926030,0.000134621,0.000015829,0.000197821,1
warmup,8,8,nb,0,512,1536,0.070614622,0.000137919,0.000011823,0.000203208,1
warmup,9,9,nb,0,512,1536,0.073152988,0.000142877,0.000007645,0.000205004,1
warmup,10,10,nb,0,512,1536,0.071718574,0.000140075,0.000008525,0.000210635,1
warmup,11,11,nb,0,512,1536,0.071052323,0.000138774,0.000005560,0.000201898,1
warmup,12,12,nb,0,512,1536,0.066118590,0.000129138,0.000011121,0.000186718,1
warmup,13,13,nb,0,512,1536,0.070011910,0.000136742,0.000004459,0.000201347,1
warmup,14,14,nb,0,512,1536,0.068139511,0.000133085,0.000009127,0.000197768,1
warmup,15,15,nb,0,512,1536,0.074001042,0.000144533,0.000005380,0.000207827,1
warmup,16,16,nb,0,512,1536,0.064276196,0.000125539,0.000005661,0.000185385,1
warmup,17,17,nb,0,512,1536,0.070251139,0.000137209,0.000005871,0.000214609,1
warmup,18,18,nb,0,512,1536,0.065043774,0.000127039,0.000004238,0.000189755,1
warmup,19,19,nb,0,512,1536,0.072800719,0.000142189,0.000005831,0.000211744,1
warmup,20,20,nb,0,512,1536,0.072142546,0.000140903,0.000005300,0.000210251,1
warmup,21,21,nb,0,512,1536,0.073607728,0.000143765,0.000005620,0.000212165,1
warmup,22,22,nb,0,512,1536,0.067798208,0.000132418,0.000005551,0.000198179,1
warmup,23,23,nb,0,512,1536,0.072526174,0.000141653,0.000009658,0.000205345,1
warmup,24,24,nb,0,512,1536,0.069262807,0.000135279,0.000004258,0.000203329,1
warmup,25,25,nb,0,512,1536,0.072072216,0.000140766,0.000005350,0.000199053,1
warmup,26,26,nb,0,512,1536,0.070923652,0.000138523,0.000014538,0.000213787,1
warmup,27,27,nb,0,512,1536,0.073609435,0.000143768,0.000007675,0.000208500,1
warmup,28,28,nb,0,512,1536,0.069637409,0.000136011,0.000009809,0.000199954,1
warmup,29,29,nb,0,512,1536,0.073452810,0.000143463,0.000007664,0.000203028,1
warmup,30,30,nb,0,512,1536,0.067460072,0.000131758,0.000004098,0.000192120,1
warmup,31,31,nb,0,512,1536,0.073155186,0.000142881,0.000005481,0.000203191,1
warmup,32,32,nb,0,512,1536,0.071485108,0.000139619,0.000003937,0.000199000,1
warmup,33,33,nb,0,512,1536,0.074176574,0.000144876,0.000005791,0.000214940,1
warmup,34,34,nb,0,512,1536,0.067285477,0.000131417,0.000004298,0.000198860,1
warmup,35,35,nb,0,512,1536,0.071570789,0.000139787,0.000011401,0.000208020,1
warmup,36,36,nb,0,512,1536,0.066358498,0.000129606,0.000005690,0.000192168,1
warmup,37,37,nb,0,512,1536,0.068120913,0.000133049,0.000004258,0.000195887,1
warmup,38,38,nb,0,512,1536,0.067132262,0.000131118,0.000004288,0.000201385,1
warmup,39,39,nb,0,512,1536,0.074299264,0.000145116,0.000007925,0.000217895,1
warmup,40,40,nb,0,512,1536,0.063486526,0.000123997,0.000004949,0.000187280,1
warmup,41,41,nb,0,512,1536,0.071903451,0.000140436,0.000011552,0.000209653,1
warmup,42,42,nb,0,512,1536,0.070698791,0.000138084,0.000009067,0.000206807,1
warmup,43,43,nb,0,512,1536,0.070324064,0.000137352,0.000005791,0.000198762,1
warmup,44,44,nb,0,512,1536,0.065589802,0.000128105,0.000004028,0.000191919,1
warmup,45,45,nb,0,512,1536,0.071991914,0.000140609,0.000005861,0.000224792,1
warmup,46,46,nb,0,512,1536,0.069044312,0.000134852,0.000009899,0.000206975,1
warmup,47,47,nb,0,512,1536,0.070215813,0.000137140,0.000005881,0.000209921,1
warmup,48,48,nb,0,512,1536,0.066681603,0.000130238,0.000008987,0.000195145,1
warmup,49,49,nb,0,512,1536,0.073875938,0.000144289,0.000005350,0.000209641,1
actual,0,50,nb,0,512,1536,0.069880961,0.000136486,0.000003847,0.000203478,1
actual,1,51,nb,0,512,1536,0.067382503,0.000131606,0.000011431,0.000194394,1
actual,2,52,nb,0,512,1536,0.069539848,0.000135820,0.000009718,0.000199143,1
actual,3,53,nb,0,512,1536,0.074185228,0.000144893,0.000007193,0.000205986,1
actual,4,54,nb,0,512,1536,0.069074490,0.000134911,0.000006111,0.000200784,1
actual,5,55,nb,0,512,1536,0.072743804,0.000142078,0.000009858,0.000211383,1
actual,6,56,nb,0,512,1536,0.064397485,0.000125776,0.000004118,0.000192799,1
actual,7,57,nb,0,512,1536,0.069608188,0.000135953,0.000005300,0.000197498,1
actual,8,58,nb,0,512,1536,0.068034284,0.000132879,0.000008756,0.000201355,1
actual,9,59,nb,0,512,1536,0.072214010,0.000141043,0.000005951,0.000213538,1
actual,10,60,nb,0,512,1536,0.068314359,0.000133426,0.000008416,0.000200744,1
actual,11,61,nb,0,512,1536,0.074908055,0.000146305,0.000005821,0.000214599,1
actual,12,62,nb,0,512,1536,0.068589749,0.000133964,0.000008686,0.000201898,1
actual,13,63,nb,0,512,1536,0.070372681,0.000137447,0.000005851,0.000204460,1
actual,14,64,nb,0,512,1536,0.068002126,0.000132817,0.000005731,0.000197630,1
actual,15,65,nb,0,512,1536,0.070905891,0.000138488,0.000007063,0.000202667,1
actual,16,66,nb,0,512,1536,0.067757893,0.000132340,0.000004167,0.000193119,1
actual,17,67,nb,0,512,1536,0.072841296,0.000142268,0.000005400,0.000211513,1
actual,18,68,nb,0,512,1536,0.072448910,0.000141502,0.000008856,0.000202048,1
actual,19,69,nb,0,512,1536,0.067726225,0.000132278,0.000009758,0.000202927,1
actual,20,70,nb,0,512,1536,0.068300858,0.000133400,0.000010079,0.000211754,1
actual,21,71,nb,0,512,1536,0.069124925,0.000135010,0.000005421,0.000194524,1
actual,22,72,nb,0,512,1536,0.067267485,0.000131382,0.000004258,0.000192538,1
actual,23,73,nb,0,512,1536,0.072011824,0.000140648,0.000020649,0.000203468,1
actual,24,74,nb,0,512,1536,0.065818110,0.000128551,0.000008606,0.000198101,1
actual,25,75,nb,0,512,1536,0.080617760,0.000157457,0.000009658,0.000217064,1
actual,26,76,nb,0,512,1536,0.070279207,0.000137264,0.000004288,0.000209901,1
actual,27,77,nb,0,512,1536,0.072494898,0.000141592,0.000009238,0.000198231,1
actual,28,78,nb,0,512,1536,0.075957230,0.000148354,0.000005871,0.000216062,1
actual,29,79,nb,0,512,1536,0.070885503,0.000138448,0.000005220,0.000204082,1
actual,30,80,nb,0,512,1536,0.063403296,0.000123835,0.000005510,0.000181801,1
actual,31,81,nb,0,512,1536,0.074114907,0.000144756,0.000009498,0.000219939,1
actual,32,82,nb,0,512,1536,0.070406704,0.000137513,0.000009117,0.000202339,1
actual,33,83,nb,0,512,1536,0.072533943,0.000141668,0.000010299,0.000212526,1
actual,34,84,nb,0,512,1536,0.071095311,0.000138858,0.000004258,0.000208468,1
actual,35,85,nb,0,512,1536,0.072310235,0.000141231,0.000007794,0.000206103,1
actual,36,86,nb,0,512,1536,0.070115309,0.000136944,0.000005320,0.000198251,1
actual,37,87,nb,0,512,1536,0.069299336,0.000135350,0.000013245,0.000194474,1
actual,38,88,nb,0,512,1536,0.067853586,0.000132527,0.000003938,0.000192651,1
actual,39,89,nb,0,512,1536,0.071772580,0.000140181,0.000005831,0.000214689,1
actual,40,90,nb,0,512,1536,0.067314767,0.000131474,0.000004007,0.000195013,1
actual,41,91,nb,0,512,1536,0.068188910,0.000133181,0.000004117,0.000200974,1
actual,42,92,nb,0,512,1536,0.066269816,0.000129433,0.000008045,0.000185377,1
actual,43,93,nb,0,512,1536,0.073721832,0.000143988,0.000013305,0.000216623,1
actual,44,94,nb,0,512,1536,0.070815646,0.000138312,0.000004107,0.000209750,1
actual,45,95,nb,0,512,1536,0.075352787,0.000147173,0.000005189,0.000211123,1
actual,46,96,nb,0,512,1536,0.071461227,0.000139573,0.000005570,0.000200153,1
actual,47,97,nb,0,512,1536,0.071245116,0.000139151,0.000005410,0.000210812,1
actual,48,98,nb,0,512,1536,0.067817283,0.000132456,0.000004058,0.000194615,1
actual,49,99,nb,0,512,1536,0.069810691,0.000136349,0.000016982,0.000199253,1
warmup,0,0,nb,0,512,2048,0.070118023,0.000136949,0.000005690,0.000205302,1
warmup,1,1,nb,0,512,2048,0.071792774,0.000140220,0.000016782,0.000203939,1
warmup,2,2,nb,0,512,2048,0.068118032,0.000133043,0.000004098,0.000194834,1
warmup,3,3,nb,0,512,2048,0.077032956,0.000150455,0.000009488,0.000217044,1
warmup,4,4,nb,0,512,2048,0.067540688,0.000131915,0.000007454,0.000195383,1
warmup,5,5,nb,0,512,2048,0.073468910,0.000143494,0.000005500,0.000205234,1
warmup,6,6,nb,0,512,2048,0.070151610,0.000137015,0.000011742,0.000200624,1
warmup,7,7,nb,0,512,2048,0.073492054,0.000143539,0.000011391,0.000203418,1
warmup,8,8,nb,0,512,2048,0.070440128,0.000137578,0.000009598,0.000202700,1
warmup,9,9,nb,0,512,2048,0.070912213,0.000138500,0.000004208,0.000197500,1
warmup,10,10,nb,0,512,2048,0.071830793,0.000140295,0.000005942,0.000210913,1
warmup,11,11,nb,0,512,2048,0.067148503,0.000131149,0.000009608,0.000187712,1
warmup,12,12,nb,0,512,2048,0.070967557,0.000138609,0.000009949,0.000204643,1
warmup,13,13,nb,0,512,2048,0.073157498,0.000142886,0.000009558,0.000213961,1
warmup,14,14,nb,0,512,2048,0.073385967,0.000143332,0.000010450,0.000213157,1
warmup,15,15,nb,0,512,2048,0.074357603,0.000145230,0.000013244,0.000216012,1
warmup,16,16,nb,0,512,2048,0.067487342,0.000131811,0.000005460,0.000195907,1
warmup,17,17,nb,0,512,2048,0.072970830,0.000142521,0.000009548,0.000212776,1
warmup,18,18,nb,0,512,2048,0.070154398,0.000137020,0.000008936,0.000204924,1
warmup,19,19,nb,0,512,2048,0.070864610,0.000138407,0.000010961,0.000209420,1
warmup,20,20,nb,0,512,2048,0.072610245,0.000141817,0.000010229,0.000205482,1
warmup,21,21,nb,0,512,2048,0.070165883,0.000137043,0.000005571,0.000198680,1
warmup,22,22,nb,0,512,2048,0.068126404,0.000133059,0.000005561,0.000199812,1
warmup,23,23,nb,0,512,2048,0.070772930,0.000138228,0.000005340,0.000199554,1
warmup,24,24,nb,0,512,2048,0.071016374,0.000138704,0.000005901,0.000200153,1
warmup,25,25,nb,0,512,2048,0.070503418,0.000137702,0.000005540,0.000205623,1
warmup,26,26,nb,0,512,2048,0.070181918,0.000137074,0.000011822,0.000201177,1
warmup,27,27,nb,0,512,2048,0.073500692,0.000143556,0.000015559,0.000208147,1
warmup,28,28,nb,0,512,2048,0.071415008,0.000139482,0.000004127,0.000199561,1
warmup,29,29,nb,0,512,2048,0.072367175,0.000141342,0.000005520,0.000201867,1
warmup,30,30,nb,0,512,2048,0.070721411,0.000138128,0.000005651,0.000208217,1
warmup,31,31,nb,0,512,2048,0.071959035,0.000140545,0.000005891,0.000207318,1
warmup,32,32,nb,0,512,2048,0.076183853,0.000148797,0.000005991,0.000236814,1
warmup,33,33,nb,0,512,2048,0.070552084,0.000137797,0.000019266,0.000198950,1
warmup,34,34,nb,0,512,2048,0.068604960,0.000133994,0.000004469,0.000196628,1
warmup,35,35,nb,0,512,2048,0.074597919,0.000145699,0.000005431,0.000210732,1
warmup,36,36,nb,0,512,2048,0.067936610,0.000132689,0.000004268,0.000203719,1
warmup,37,37,nb,0,512,2048,0.073261840,0.000143090,0.000007865,0.000210983,1
warmup,38,38,nb,0,512,2048,0.063239414,0.000123514,0.000005119,0.000188964,1
warmup,39,39,nb,0,512,2048,0.071104911,0.000138877,0.000009357,0.000207236,1
warmup,40,40,nb,0,512,2048,0.069038645,0.000134841,0.000005811,0.000213547,1
warmup,41,41,nb,0,512,2048,0.069362419,0.000135473,0.000005580,0.000199751,1
warmup,42,42,nb,0,512,2048,0.067912752,0.000132642,0.000004208,0.000195594,1
warmup,43,43,nb,0,512,2048,0.073348718,0.000143259,0.000007965,0.000208778,1
warmup,44,44,nb,0,512,2048,0.070393674,0.000137488,0.000008736,0.000210221,1
warmup,45,45,nb,0,512,2048,0.070708478,0.000138102,0.000012132,0.000203599,1
warmup,46,46,nb,0,512,2048,0.065729110,0.000128377,0.000004158,0.000195065,1
warmup,47,47,nb,0,512,2048,0.068339261,0.000133475,0.000013706,0.000194995,1
warmup,48,48,nb,0,512,2048,0.067918172,0.000132653,0.000009919,0.000197407,1
warmup,49,49,nb,0,512,2048,0.072125581,0.000140870,0.000009778,0.000211436,1
actual,0,50,nb,0,512,2048,0.070059017,0.000136834,0.000004238,0.000200004,1
actual,1,51,nb,0,512,2048,0.070422283,0.000137544,0.000005761,0.000205472,1
actual,2,52,nb,0,512,2048,0.064648503,0.000126267,0.000009237,0.000190605,1
actual,3,53,nb,0,512,2048,0.067653419,0.000132136,0.000005591,0.000201768,1
actual,4,54,nb,0,512,2048,0.070513809,0.000137722,0.000010069,0.000210331,1
actual,5,55,nb,0,512,2048,0.075934809,0.000148310,0.000010319,0.000216323,1
actual,6,56,nb,0,512,2048,0.072405919,0.000141418,0.000009688,0.000208939,1
actual,7,57,nb,0,512,2048,0.073173493,0.000142917,0.000007704,0.000208831,1
actual,8,58,nb,0,512,2048,0.069897646,0.000136519,0.000008767,0.000213387,1
actual,9,59,nb,0,512,2048,0.070727718,0.000138140,0.000013776,0.000203571,1
actual,10,60,nb,0,512,2048,0.066324507,0.000129540,0.000011411,0.000206965,1
actual,11,61,nb,0,512,2048,0.071706549,0.000140052,0.000006282,0.000205191,1
actual,12,62,nb,0,512,2048,0.070174238,0.000137059,0.000004358,0.000200303,1
actual,13,63,nb,0,512,2048,0.074996362,0.000146477,0.000012523,0.000215761,1
actual,14,64,nb,0,512,2048,0.070092068,0.000136899,0.000009057,0.000201304,1
actual,15,65,nb,0,512,2048,0.071444699,0.000139540,0.000011933,0.000203140,1
actual,16,66,nb,0,512,2048,0.071881437,0.000140393,0.000013075,0.000201004,1
actual,17,67,nb,0,512,2048,0.071956783,0.000140541,0.000009849,0.000209650,1
actual,18,68,nb,0,512,2048,0.067402368,0.000131645,0.000004569,0.000195526,1
actual,19,69,nb,0,512,2048,0.073569646,0.000143691,0.000005550,0.000202299,1
actual,20,70,nb,0,512,2048,0.071001093,0.000138674,0.000004198,0.000212576,1
actual,21,71,nb,0,512,2048,0.074729128,0.000145955,0.000007784,0.000208559,1
actual,22,72,nb,0,512,2048,0.069177387,0.000135112,0.000004228,0.000195394,1
actual,23,73,nb,0,512,2048,0.071789179,0.000140213,0.000019256,0.000197650,1
actual,24,74,nb,0,512,2048,0.066479695,0.000129843,0.000011682,0.000203702,1
actual,25,75,nb,0,512,2048,0.074110171,0.000144746,0.000005420,0.000206726,1
actual,26,76,nb,0,512,2048,0.069012561,0.000134790,0.000004098,0.000197097,1
actual,27,77,nb,0,512,2048,0.070579371,0.000137850,0.000012874,0.000200884,1
actual,28,78,nb,0,512,2048,0.068169748,0.000133144,0.000004268,0.000193933,1
actual,29,79,nb,0,512,2048,0.074644372,0.000145790,0.000005520,0.000212285,1
actual,30,80,nb,0,512,2048,0.064926996,0.000126811,0.000005240,0.000192708,1
actual,31,81,nb,0,512,2048,0.070467404,0.000137632,0.000015058,0.000210211,1
actual,32,82,nb,0,512,2048,0.070119635,0.000136952,0.000010069,0.000206183,1
actual,33,83,nb,0,512,2048,0.074509720,0.000145527,0.000005610,0.000206586,1
actual,34,84,nb,0,512,2048,0.068470567,0.000133732,0.000005531,0.000201597,1
actual,35,85,nb,0,512,2048,0.070675839,0.000138039,0.000005550,0.000203589,1
actual,36,86,nb,0,512,2048,0.067650044,0.000132129,0.000005440,0.000188391,1
actual,37,87,nb,0,512,2048,0.075500519,0.000147462,0.000009778,0.000209871,1
actual,38,88,nb,0,512,2048,0.062820744,0.000122697,0.000004148,0.000191757,1
actual,39,89,nb,0,512,2048,0.071452472,0.000139556,0.000005560,0.000197650,1
actual,40,90,nb,0,512,2048,0.070891660,0.000138460,0.000010169,0.000206494,1
actual,41,91,nb,0,512,2048,0.072938552,0.000142458,0.000009228,0.000212257,1
actual,42,92,nb,0,512,2048,0.065427608,0.000127788,0.000004198,0.000193673,1
actual,43,93,nb,0,512,2048,0.071348041,0.000139352,0.000010039,0.000201147,1
actual,44,94,nb,0,512,2048,0.067942891,0.000132701,0.000010670,0.000202417,1
actual,45,95,nb,0,512,2048,0.069988515,0.000136696,0.000007534,0.000214269,1
actual,46,96,nb,0,512,2048,0.065043097,0.000127037,0.000004108,0.000193041,1
actual,47,97,nb,0,512,2048,0.069563882,0.000135867,0.000004318,0.000195473,1
actual,48,98,nb,0,512,2048,0.071761656,0.000140159,0.000008656,0.000211283,1
actual,49,99,nb,0,512,2048,0.073136808,0.000142845,0.000015258,0.000206046,1
warmup,0,0,nb,0,512,3072,0.067889176,0.000132596,0.000004839,0.000195984,1
warmup,1,1,nb,0,512,3072,0.075436346,0.000147337,0.000006302,0.000224378,1
warmup,2,2,nb,0,512,3072,0.067830645,0.000132482,0.000011341,0.000201247,1
warmup,3,3,nb,0,512,3072,0.075792927,0.000148033,0.000010319,0.000217406,1
warmup,4,4,nb,0,512,3072,0.068206987,0.000133217,0.000008526,0.000200212,1
warmup,5,5,nb,0,512,3072,0.073226442,0.000143020,0.000007063,0.000210742,1
warmup,6,6,nb,0,512,3072,0.067648331,0.000132126,0.000004729,0.000196619,1
warmup,7,7,nb,0,512,3072,0.073626444,0.000143802,0.000007354,0.000205575,1
warmup,8,8,nb,0,512,3072,0.074939596,0.000146366,0.000009077,0.000210334,1
warmup,9,9,nb,0,512,3072,0.071957126,0.000140541,0.000013896,0.000199311,1
warmup,10,10,nb,0,512,3072,0.071925059,0.000140479,0.000006291,0.000212428,1
warmup,11,11,nb,0,512,3072,0.072511611,0.000141624,0.000005811,0.000205865,1
warmup,12,12,nb,0,512,3072,0.069166423,0.000135091,0.000004719,0.000198680,1
warmup,13,13,nb,0,512,3072,0.071887967,0.000140406,0.000006061,0.000214189,1
warmup,14,14,nb,0,512,3072,0.071977354,0.000140581,0.000006181,0.000212836,1
warmup,15,15,nb,0,512,3072,0.076548556,0.000149509,0.000014497,0.000209760,1
warmup,16,16,nb,0,512,3072,0.073243328,0.000143053,0.000009217,0.000204172,1
warmup,17,17,nb,0,512,3072,0.076464882,0.000149345,0.000009768,0.000226171,1
warmup,18,18,nb,0,512,3072,0.069225673,0.000135206,0.000004799,0.000200385,1
warmup,19,19,nb,0,512,3072,0.070925072,0.000138526,0.000004438,0.000208941,1
warmup,20,20,nb,0,512,3072,0.071648063,0.000139938,0.000009006,0.000207115,1
warmup,21,21,nb,0,512,3072,0.071478873,0.000139607,0.000012013,0.000215483,1
warmup,22,22,nb,0,512,3072,0.067679376,0.000132186,0.000008065,0.000200683,1
warmup,23,23,nb,0,512,3072,0.071462491,0.000139575,0.000005961,0.000199531,1
warmup,24,24,nb,0,512,3072,0.064750633,0.000126466,0.000005150,0.000188523,1
warmup,25,25,nb,0,512,3072,0.072130408,0.000140880,0.000006091,0.000204361,1
warmup,26,26,nb,0,512,3072,0.071263311,0.000139186,0.000006332,0.000214098,1
warmup,27,27,nb,0,512,3072,0.071350757,0.000139357,0.000011792,0.000196197,1
warmup,28,28,nb,0,512,3072,0.069774500,0.000136278,0.000006522,0.000212466,1
warmup,29,29,nb,0,512,3072,0.077437074,0.000151244,0.000006092,0.000220660,1
warmup,30,30,nb,0,512,3072,0.071872909,0.000140377,0.000004478,0.000204671,1
warmup,31,31,nb,0,512,3072,0.071926424,0.000140481,0.000009929,0.000200193,1
warmup,32,32,nb,0,512,3072,0.066359220,0.000129608,0.000009317,0.000196335,1
warmup,33,33,nb,0,512,3072,0.074195916,0.000144914,0.000008676,0.000215512,1
warmup,34,34,nb,0,512,3072,0.070754738,0.000138193,0.000009779,0.000206657,1
warmup,35,35,nb,0,512,3072,0.074706910,0.000145912,0.000006161,0.000215964,1
warmup,36,36,nb,0,512,3072,0.074698986,0.000145896,0.000010539,0.000215351,1
warmup,37,37,nb,0,512,3072,0.075876964,0.000148197,0.000011241,0.000220932,1
warmup,38,38,nb,0,512,3072,0.069927261,0.000136577,0.000005240,0.000203930,1
warmup,39,39,nb,0,512,3072,0.073320996,0.000143205,0.000010670,0.000219348,1
warmup,40,40,nb,0,512,3072,0.066774504,0.000130419,0.000004919,0.000198259,1
warmup,41,41,nb,0,512,3072,0.076728301,0.000149860,0.000005921,0.000225439,1
warmup,42,42,nb,0,512,3072,0.075213062,0.000146901,0.000006121,0.000215954,1
warmup,43,43,nb,0,512,3072,0.070414671,0.000137529,0.000012233,0.000202859,1
warmup,44,44,nb,0,512,3072,0.071412237,0.000139477,0.000012543,0.000206684,1
warmup,45,45,nb,0,512,3072,0.071041086,0.000138752,0.000016340,0.000196726,1
warmup,46,46,nb,0,512,3072,0.067268165,0.000131383,0.000007283,0.000185796,1
warmup,47,47,nb,0,512,3072,0.075644312,0.000147743,0.000010289,0.000212698,1
warmup,48,48,nb,0,512,3072,0.068802546,0.000134380,0.000005350,0.000204684,1
warmup,49,49,nb,0,512,3072,0.072560795,0.000141720,0.000010450,0.000212545,1
actual,0,50,nb,0,512,3072,0.075973665,0.000148386,0.000011010,0.000218848,1
actual,1,51,nb,0,512,3072,0.074703479,0.000145905,0.000006612,0.000207909,1
actual,2,52,nb,0,512,3072,0.068266191,0.000133332,0.000005240,0.000201144,1
actual,3,53,nb,0,512,3072,0.075884890,0.000148213,0.000008416,0.000220841,1
actual,4,54,nb,0,512,3072,0.067463788,0.000131765,0.000004669,0.000202166,1
actual,5,55,nb,0,512,3072,0.076479110,0.000149373,0.000012704,0.000222675,1
actual,6,56,nb,0,512,3072,0.071653047,0.000139947,0.000006793,0.000205853,1
actual,7,57,nb,0,512,3072,0.074317243,0.000145151,0.000013224,0.000221244,1
actual,8,58,nb,0,512,3072,0.070943493,0.000138562,0.000006132,0.000208981,1
actual,9,59,nb,0,512,3072,0.069902717,0.000136529,0.000011993,0.000194113,1
actual,10,60,nb,0,512,3072,0.070003445,0.000136725,0.000010830,0.000194995,1
actual,11,61,nb,0,512,3072,0.070699409,0.000138085,0.000005811,0.000198249,1
actual,12,62,nb,0,512,3072,0.072132057,0.000140883,0.000006231,0.000209801,1
actual,13,63,nb,0,512,3072,0.070880556,0.000138439,0.000017493,0.000196178,1
actual,14,64,nb,0,512,3072,0.065805065,0.000128526,0.000004599,0.000196137,1
actual,15,65,nb,0,512,3072,0.072330365,0.000141270,0.000005911,0.000214389,1
actual,16,66,nb,0,512,3072,0.069643201,0.000136022,0.000010449,0.000199030,1
actual,17,67,nb,0,512,3072,0.074398278,0.000145309,0.000005981,0.000227684,1
actual,18,68,nb,0,512,3072,0.070538656,0.000137771,0.000004539,0.000209172,1
actual,19,69,nb,0,512,3072,0.076358982,0.000149139,0.000010559,0.000215752,1
actual,20,70,nb,0,512,3072,0.072710777,0.000142013,0.000009277,0.000210214,1
actual,21,71,nb,0,512,3072,0.068106952,0.000133021,0.000014727,0.000200114,1
actual,22,72,nb,0,512,3072,0.067358475,0.000131560,0.000005019,0.000198650,1
actual,23,73,nb,0,512,3072,0.073729575,0.000144003,0.000009257,0.000212976,1
actual,24,74,nb,0,512,3072,0.070232868,0.000137174,0.000012884,0.000205092,1
actual,25,75,nb,0,512,3072,0.074114488,0.000144755,0.000006021,0.000201956,1
actual,26,76,nb,0,512,3072,0.071159912,0.000138984,0.000010229,0.000204841,1
actual,27,77,nb,0,512,3072,0.073409782,0.000143378,0.000008085,0.000216543,1
actual,28,78,nb,0,512,3072,0.068116232,0.000133040,0.000006372,0.000200724,1
actual,29,79,nb,0,512,3072,0.074668782,0.000145837,0.000008336,0.000214840,1
actual,30,80,nb,0,512,3072,0.070203650,0.000137117,0.000004619,0.000209712,1
actual,31,81,nb,0,512,3072,0.072440449,0.000141485,0.000005771,0.000200974,1
actual,32,82,nb,0,512,3072,0.072190799,0.000140998,0.000009227,0.000203508,1
actual,33,83,nb,0,512,3072,0.071107171,0.000138881,0.000006211,0.000204461,1
actual,34,84,nb,0,512,3072,0.067035372,0.000130928,0.000004969,0.000198120,1
actual,35,85,nb,0,512,3072,0.071602309,0.000139848,0.000008105,0.000211804,1
actual,36,86,nb,0,512,3072,0.068094715,0.000132997,0.000009688,0.000199153,1
actual,37,87,nb,0,512,3072,0.075252728,0.000146978,0.000013345,0.000215101,1
actual,38,88,nb,0,512,3072,0.069940015,0.000136602,0.000006091,0.000196739,1
actual,39,89,nb,0,512,3072,0.072590721,0.000141779,0.000005851,0.000205064,1
actual,40,90,nb,0,512,3072,0.067336106,0.000131516,0.000004588,0.000193843,1
actual,41,91,nb,0,512,3072,0.069019775,0.000134804,0.000011682,0.000189134,1
actual,42,92,nb,0,512,3072,0.069002787,0.000134771,0.000007384,0.000195324,1
actual,43,93,nb,0,512,3072,0.079730947,0.000155725,0.000017413,0.000219708,1
actual,44,94,nb,0,512,3072,0.069613366,0.000135964,0.000008946,0.000197187,1
actual,45,95,nb,0,512,3072,0.074503124,0.000145514,0.000005911,0.000206234,1
actual,46,96,nb,0,512,3072,0.071382441,0.000139419,0.000006141,0.000210955,1
actual,47,97,nb,0,512,3072,0.069420626,0.000135587,0.000005781,0.000197229,1
actual,48,98,nb,0,512,3072,0.067333929,0.000131512,0.000004819,0.000209059,1
actual,49,99,nb,0,512,3072,0.071010363,0.000138692,0.000014757,0.000207839,1
warmup,0,0,nb,0,512,4096,0.070792698,0.000138267,0.000010520,0.000206785,1
warmup,1,1,nb,0,512,4096,0.072774843,0.000142138,0.000007414,0.000211974,1
warmup,2,2,nb,0,512,4096,0.070626946,0.000137943,0.000005120,0.000208648,1
warmup,3,3,nb,0,512,4096,0.076109415,0.000148651,0.000021040,0.000222454,1
warmup,4,4,nb,0,512,4096,0.070317128,0.000137338,0.000004919,0.000206507,1
warmup,5,5,nb,0,512,4096,0.073619048,0.000143787,0.000006663,0.000208758,1
warmup,6,6,nb,0,512,4096,0.071743035,0.000140123,0.000012453,0.000203418,1
warmup,7,7,nb,0,512,4096,0.072403709,0.000141413,0.000006252,0.000212867,1
warmup,8,8,nb,0,512,4096,0.071839769,0.000140312,0.000010329,0.000204102,1
warmup,9,9,nb,0,512,4096,0.075215062,0.000146904,0.000012223,0.000220130,1
warmup,10,10,nb,0,512,4096,0.069670480,0.000136075,0.000010349,0.000204069,1
warmup,11,11,nb,0,512,4096,0.073087631,0.000142749,0.000010519,0.000213788,1
warmup,12,12,nb,0,512,4096,0.068041500,0.000132894,0.000009759,0.000205182,1
warmup,13,13,nb,0,512,4096,0.070679614,0.000138046,0.000008696,0.000195313,1
warmup,14,14,nb,0,512,4096,0.067253725,0.000131355,0.000009959,0.000194872,1
warmup,15,15,nb,0,512,4096,0.073450423,0.000143458,0.000006402,0.000208758,1
warmup,16,16,nb,0,512,4096,0.068447231,0.000133686,0.000008786,0.000209252,1
warmup,17,17,nb,0,512,4096,0.070931239,0.000138538,0.000013465,0.000196238,1
warmup,18,18,nb,0,512,4096,0.068793110,0.000134362,0.000005490,0.000198582,1
warmup,19,19,nb,0,512,4096,0.072599868,0.000141797,0.000007103,0.000218096,1
warmup,20,20,nb,0,512,4096,0.068730545,0.000134239,0.000004809,0.000200353,1
warmup,21,21,nb,0,512,4096,0.072488346,0.000141579,0.000006272,0.000209089,1
warmup,22,22,nb,0,512,4096,0.070803808,0.000138289,0.000009338,0.000204383,1
warmup,23,23,nb,0,512,4096,0.073782331,0.000144106,0.000014417,0.000210373,1
warmup,24,24,nb,0,512,4096,0.069577498,0.000135894,0.000006312,0.000203208,1
warmup,25,25,nb,0,512,4096,0.075153716,0.000146785,0.000006702,0.000212766,1
warmup,26,26,nb,0,512,4096,0.069765300,0.000136260,0.000011421,0.000194704,1
warmup,27,27,nb,0,512,4096,0.074374202,0.000145262,0.000012704,0.000213667,1
warmup,28,28,nb,0,512,4096,0.073224683,0.000143017,0.000008957,0.000210391,1
warmup,29,29,nb,0,512,4096,0.072280512,0.000141173,0.000012163,0.000207759,1
warmup,30,30,nb,0,512,4096,0.074456215,0.000145422,0.000004809,0.000216656,1
warmup,31,31,nb,0,512,4096,0.075293182,0.000147057,0.000006442,0.000216824,1
warmup,32,32,nb,0,512,4096,0.073517852,0.000143590,0.000007615,0.000212846,1
warmup,33,33,nb,0,512,4096,0.073648186,0.000143844,0.000007574,0.000206938,1
warmup,34,34,nb,0,512,4096,0.070310498,0.000137325,0.000004900,0.000198532,1
warmup,35,35,nb,0,512,4096,0.073764966,0.000144072,0.000014797,0.000205693,1
warmup,36,36,nb,0,512,4096,0.074624061,0.000145750,0.000010449,0.000213921,1
warmup,37,37,nb,0,512,4096,0.075239230,0.000146952,0.000012323,0.000224658,1
warmup,38,38,nb,0,512,4096,0.073165533,0.000142901,0.000006362,0.000206495,1
warmup,39,39,nb,0,512,4096,0.072792663,0.000142173,0.000006653,0.000207937,1
warmup,40,40,nb,0,512,4096,0.070977682,0.000138628,0.000006823,0.000207987,1
warmup,41,41,nb,0,512,4096,0.075585613,0.000147628,0.000013826,0.000218446,1
warmup,42,42,nb,0,512,4096,0.066808035,0.000130484,0.000009819,0.000198971,1
warmup,43,43,nb,0,512,4096,0.074912069,0.000146313,0.000010320,0.000215350,1
warmup,44,44,nb,0,512,4096,0.066316069,0.000129524,0.000004819,0.000197347,1
warmup,45,45,nb,0,512,4096,0.075642404,0.000147739,0.000006232,0.000226231,1
warmup,46,46,nb,0,512,4096,0.066919270,0.000130702,0.000005561,0.000204040,1
warmup,47,47,nb,0,512,4096,0.068050864,0.000132912,0.000008476,0.000188843,1
warmup,48,48,nb,0,512,4096,0.064843544,0.000126648,0.000004920,0.000185297,1
warmup,49,49,nb,0,512,4096,0.077939512,0.000152226,0.000010069,0.000219228,1
actual,0,50,nb,0,512,4096,0.071889283,0.000140409,0.000006592,0.000208460,1
actual,1,51,nb,0,512,4096,0.074484209,0.000145477,0.000019115,0.000255137,1
actual,2,52,nb,0,512,4096,0.071859145,0.000140350,0.000010670,0.000204593,1
actual,3,53,nb,0,512,4096,0.070098803,0.000136912,0.000014367,0.000203298,1
actual,4,54,nb,0,512,4096,0.066457564,0.000129800,0.000005180,0.000201314,1
actual,5,55,nb,0,512,4096,0.074886847,0.000146263,0.000006552,0.000222223,1
actual,6,56,nb,0,512,4096,0.068329018,0.000133455,0.000008667,0.000198913,1
actual,7,57,nb,0,512,4096,0.078101988,0.000152543,0.000016972,0.000221653,1
actual,8,58,nb,0,512,4096,0.073032740,0.000142642,0.000009047,0.000218960,1
actual,9,59,nb,0,512,4096,0.075054139,0.000146590,0.000006122,0.000210592,1
actual,10,60,nb,0,512,4096,0.066614229,0.000130106,0.000009989,0.000202136,1
actual,11,61,nb,0,512,4096,0.072013672,0.000140652,0.000006372,0.000204140,1
actual,12,62,nb,0,512,4096,0.070147799,0.000137007,0.000010961,0.000207276,1
actual,13,63,nb,0,512,4096,0.076171131,0.000148772,0.000006452,0.000227003,1
actual,14,64,nb,0,512,4096,0.068310891,0.000133420,0.000006232,0.000197538,1
actual,15,65,nb,0,512,4096,0.073524899,0.000143603,0.000009327,0.000217607,1
actual,16,66,nb,0,512,4096,0.067872972,0.000132564,0.000009387,0.000206586,1
actual,17,67,nb,0,512,4096,0.072695059,0.000141983,0.000015649,0.000207507,1
actual,18,68,nb,0,512,4096,0.071230509,0.000139122,0.000010640,0.000204533,1
actual,19,69,nb,0,512,4096,0.074988546,0.000146462,0.000006292,0.000212937,1
actual,20,70,nb,0,512,4096,0.067860697,0.000132540,0.000006322,0.000195536,1
actual,21,71,nb,0,512,4096,0.072457488,0.000141519,0.000020949,0.000209833,1
actual,22,72,nb,0,512,4096,0.068732810,0.000134244,0.000004719,0.000200373,1
actual,23,73,nb,0,512,4096,0.072349983,0.000141309,0.000013906,0.000207378,1
actual,24,74,nb,0,512,4096,0.069199219,0.000135155,0.000005631,0.000207256,1
actual,25,75,nb,0,512,4096,0.074855935,0.000146203,0.000005911,0.000209883,1
actual,26,76,nb,0,512,4096,0.067519638,0.000131874,0.000005029,0.000196618,1
actual,27,77,nb,0,512,4096,0.075337350,0.000147143,0.000010029,0.000209440,1
actual,28,78,nb,0,512,4096,0.070284454,0.000137274,0.000009428,0.000201617,1
actual,29,79,nb,0,512,4096,0.076976866,0.000150345,0.000016381,0.000218597,1
actual,30,80,nb,0,512,4096,0.070924582,0.000138525,0.000004608,0.000202477,1
actual,31,81,nb,0,512,4096,0.073584835,0.000143720,0.000013716,0.000211496,1
actual,32,82,nb,0,512,4096,0.071716167,0.000140071,0.000006402,0.000218477,1
actual,33,83,nb,0,512,4096,0.073977208,0.000144487,0.000016261,0.000211025,1
actual,34,84,nb,0,512,4096,0.070954618,0.000138583,0.000010700,0.000201185,1
actual,35,85,nb,0,512,4096,0.072479413,0.000141561,0.000014247,0.000213788,1
actual,36,86,nb,0,512,4096,0.073746620,0.000144036,0.000004909,0.000213848,1
actual,37,87,nb,0,512,4096,0.079460535,0.000155196,0.000008897,0.000225800,1
actual,38,88,nb,0,512,4096,0.071639253,0.000139920,0.000010540,0.000211523,1
actual,39,89,nb,0,512,4096,0.073377514,0.000143315,0.000006232,0.000210865,1
actual,40,90,nb,0,512,4096,0.072121307,0.000140862,0.000009217,0.000205855,1
actual,41,91,nb,0,512,4096,0.069169579,0.000135097,0.000009478,0.000196115,1
actual,42,92,nb,0,512,4096,0.073001246,0.000142581,0.000015008,0.000209439,1
actual,43,93,nb,0,512,4096,0.073650467,0.000143849,0.000009989,0.000218397,1
actual,44,94,nb,0,512,4096,0.069457960,0.000135660,0.000006282,0.000210261,1
actual,45,95,nb,0,512,4096,0.076053882,0.000148543,0.000012163,0.000223358,1
actual,46,96,nb,0,512,4096,0.066012832,0.000128931,0.000010068,0.000189354,1
actual,47,97,nb,0,512,4096,0.071421967,0.000139496,0.000007484,0.000203519,1
actual,48,98,nb,0,512,4096,0.070026331,0.000136770,0.000005170,0.000210672,1
actual,49,99,nb,0,512,4096,0.075163338,0.000146803,0.000010029,0.000210935,1
warmup,0,0,nb,0,512,6144,0.069509869,0.000135761,0.000009488,0.000207139,1
warmup,1,1,nb,0,512,6144,0.071736639,0.000140111,0.000016932,0.000196468,1
warmup,2,2,nb,0,512,6144,0.071306883,0.000139271,0.000005520,0.000207416,1
warmup,3,3,nb,0,512,6144,0.077366444,0.000151106,0.000011321,0.000225062,1
warmup,4,4,nb,0,512,6144,0.072243111,0.000141100,0.000010549,0.000204894,1
warmup,5,5,nb,0,512,6144,0.073317394,0.000143198,0.000013325,0.000208438,1
warmup,6,6,nb,0,512,6144,0.073426312,0.000143411,0.000005871,0.000218957,1
warmup,7,7,nb,0,512,6144,0.076747607,0.000149898,0.000010680,0.000216125,1
warmup,8,8,nb,0,512,6144,0.074855681,0.000146203,0.000011121,0.000218066,1
warmup,9,9,nb,0,512,6144,0.072821295,0.000142229,0.000005320,0.000210191,1
warmup,10,10,nb,0,512,6144,0.071623097,0.000139889,0.000011561,0.000203591,1
warmup,11,11,nb,0,512,6144,0.076414565,0.000149247,0.000006602,0.000211884,1
warmup,12,12,nb,0,512,6144,0.072313253,0.000141237,0.000010910,0.000211746,1
warmup,13,13,nb,0,512,6144,0.077189916,0.000150762,0.000014417,0.000218199,1
warmup,14,14,nb,0,512,6144,0.073860351,0.000144258,0.000008666,0.000205815,1
warmup,15,15,nb,0,512,6144,0.075221116,0.000146916,0.000013125,0.000222043,1
warmup,16,16,nb,0,512,6144,0.069147005,0.000135053,0.000005270,0.000207957,1
warmup,17,17,nb,0,512,6144,0.074060126,0.000144649,0.000006973,0.000215404,1
warmup,18,18,nb,0,512,6144,0.069715155,0.000136162,0.000005220,0.000203412,1
warmup,19,19,nb,0,512,6144,0.073386872,0.000143334,0.000018675,0.000205935,1
warmup,20,20,nb,0,512,6144,0.072264747,0.000141142,0.000009858,0.000204943,1
warmup,21,21,nb,0,512,6144,0.083247281,0.000162592,0.000009628,0.000232512,1
warmup,22,22,nb,0,512,6144,0.072054807,0.000140732,0.000006722,0.000216686,1
warmup,23,23,nb,0,512,6144,0.072773544,0.000142136,0.000008747,0.000201577,1
warmup,24,24,nb,0,512,6144,0.070072529,0.000136860,0.000005621,0.000203970,1
warmup,25,25,nb,0,512,6144,0.076725911,0.000149855,0.000006983,0.000217355,1
warmup,26,26,nb,0,512,6144,0.072550306,0.000141700,0.000005420,0.000220009,1
warmup,27,27,nb,0,512,6144,0.077571732,0.000151507,0.000017212,0.000212626,1
warmup,28,28,nb,0,512,6144,0.071887424,0.000140405,0.000011461,0.000216165,1
warmup,29,29,nb,0,512,6144,0.072444394,0.000141493,0.000008406,0.000203140,1
warmup,30,30,nb,0,512,6144,0.075071736,0.000146624,0.000011151,0.000221422,1
warmup,31,31,nb,0,512,6144,0.075387610,0.000147241,0.000008506,0.000211687,1
warmup,32,32,nb,0,512,6144,0.068701013,0.000134182,0.000010189,0.000203731,1
warmup,33,33,nb,0,512,6144,0.073491892,0.000143539,0.000008997,0.000219011,1
warmup,34,34,nb,0,512,6144,0.069102181,0.000134965,0.000009268,0.000201837,1
warmup,35,35,nb,0,512,6144,0.076549203,0.000149510,0.000014617,0.000220941,1
warmup,36,36,nb,0,512,6144,0.067908934,0.000132635,0.000006933,0.000200937,1
warmup,37,37,nb,0,512,6144,0.074195679,0.000144913,0.000010520,0.000211576,1
warmup,38,38,nb,0,512,6144,0.070191028,0.000137092,0.000013395,0.000201197,1
warmup,39,39,nb,0,512,6144,0.075346352,0.000147161,0.000013034,0.000220272,1
warmup,40,40,nb,0,512,6144,0.068844282,0.000134461,0.000005340,0.000203672,1
warmup,41,41,nb,0,512,6144,0.072663229,0.000141920,0.000006883,0.000205565,1
warmup,42,42,nb,0,512,6144,0.071324614,0.000139306,0.000007173,0.000205062,1
warmup,43,43,nb,0,512,6144,0.072702498,0.000141997,0.000009097,0.000205713,1
warmup,44,44,nb,0,512,6144,0.070738873,0.000138162,0.000009809,0.000201938,1
warmup,45,45,nb,0,512,6144,0.075728742,0.000147908,0.000006792,0.000218546,1
warmup,46,46,nb,0,512,6144,0.072757823,0.000142105,0.000013936,0.000201447,1
warmup,47,47,nb,0,512,6144,0.076240703,0.000148908,0.000019366,0.000219361,1
warmup,48,48,nb,0,512,6144,0.074239629,0.000144999,0.000005461,0.000212155,1
warmup,49,49,nb,0,512,6144,0.071798595,0.000140232,0.000009488,0.000205395,1
actual,0,50,nb,0,512,6144,0.072279015,0.000141170,0.000008036,0.000207759,1
actual,1,51,nb,0,512,6144,0.072513925,0.000141629,0.000012754,0.000209673,1
actual,2,52,nb,0,512,6144,0.071228863,0.000139119,0.000010921,0.000203711,1
actual,3,53,nb,0,512,6144,0.076956256,0.000150305,0.000013966,0.000224949,1
actual,4,54,nb,0,512,6144,0.072052967,0.000140728,0.000010149,0.000206607,1
actual,5,55,nb,0,512,6144,0.072893385,0.000142370,0.000011321,0.000215031,1
actual,6,56,nb,0,512,6144,0.068629957,0.000134043,0.000010831,0.000205004,1
actual,7,57,nb,0,512,6144,0.076190329,0.000148809,0.000011221,0.000210524,1
actual,8,58,nb,0,512,6144,0.072631480,0.000141858,0.000005140,0.000198780,1
actual,9,59,nb,0,512,6144,0.073269902,0.000143105,0.000016260,0.000206416,1
actual,10,60,nb,0,512,6144,0.071184114,0.000139031,0.000011251,0.000214863,1
actual,11,61,nb,0,512,6144,0.076624000,0.000149656,0.000014577,0.000217785,1
actual,12,62,nb,0,512,6144,0.068873689,0.000134519,0.000011813,0.000200676,1
actual,13,63,nb,0,512,6144,0.073449943,0.000143457,0.000013044,0.000214319,1
actual,14,64,nb,0,512,6144,0.069878129,0.000136481,0.000005300,0.000200225,1
actual,15,65,nb,0,512,6144,0.079312492,0.000154907,0.000006803,0.000215233,1
actual,16,66,nb,0,512,6144,0.072162688,0.000140943,0.000011272,0.000203782,1
actual,17,67,nb,0,512,6144,0.075394499,0.000147255,0.000011110,0.000213317,1
actual,18,68,nb,0,512,6144,0.071272778,0.000139205,0.000009778,0.000205442,1
actual,19,69,nb,0,512,6144,0.071080115,0.000138828,0.000013976,0.000198000,1
actual,20,70,nb,0,512,6144,0.071695594,0.000140030,0.000007273,0.000219569,1
actual,21,71,nb,0,512,6144,0.077009280,0.000150409,0.000020648,0.000219932,1
actual,22,72,nb,0,512,6144,0.068727474,0.000134233,0.000009317,0.000199693,1
actual,23,73,nb,0,512,6144,0.076843044,0.000150084,0.000008817,0.000213447,1
actual,24,74,nb,0,512,6144,0.069401137,0.000135549,0.000013586,0.000197400,1
actual,25,75,nb,0,512,6144,0.070100415,0.000136915,0.000006472,0.000198141,1
actual,26,76,nb,0,512,6144,0.069787202,0.000136303,0.000006983,0.000196237,1
actual,27,77,nb,0,512,6144,0.076855794,0.000150109,0.000006703,0.000222404,1
actual,28,78,nb,0,512,6144,0.070707885,0.000138101,0.000008536,0.000201566,1
actual,29,79,nb,0,512,6144,0.074562026,0.000145629,0.000006853,0.000218559,1
actual,30,80,nb,0,512,6144,0.070493097,0.000137682,0.000005219,0.000207419,1
actual,31,81,nb,0,512,6144,0.071604473,0.000139852,0.000017483,0.000199681,1
actual,32,82,nb,0,512,6144,0.071720531,0.000140079,0.000010279,0.000206286,1
actual,33,83,nb,0,512,6144,0.075269054,0.000147010,0.000012032,0.000225280,1
actual,34,84,nb,0,512,6144,0.070597472,0.000137886,0.000005230,0.000209803,1
actual,35,85,nb,0,512,6144,0.078192309,0.000152719,0.000010710,0.000227604,1
actual,36,86,nb,0,512,6144,0.069820405,0.000136368,0.000006733,0.000208889,1
actual,37,87,nb,0,512,6144,0.073717945,0.000143980,0.000017312,0.000205452,1
actual,38,88,nb,0,512,6144,0.068693746,0.000134167,0.000006783,0.000189505,1
actual,39,89,nb,0,512,6144,0.071813491,0.000140261,0.000016822,0.000204683,1
actual,40,90,nb,0,512,6144,0.074501358,0.000145510,0.000011061,0.000212057,1
actual,41,91,nb,0,512,6144,0.074462806,0.000145435,0.000013645,0.000216095,1
actual,42,92,nb,0,512,6144,0.072024029,0.000140672,0.000005230,0.000210484,1
actual,43,93,nb,0,512,6144,0.072421463,0.000141448,0.000008436,0.000204142,1
actual,44,94,nb,0,512,6144,0.071704246,0.000140047,0.000010029,0.000208611,1
actual,45,95,nb,0,512,6144,0.075386605,0.000147239,0.000020448,0.000221102,1
actual,46,96,nb,0,512,6144,0.074970465,0.000146427,0.000010239,0.000207238,1
actual,47,97,nb,0,512,6144,0.075965397,0.000148370,0.000012694,0.000225543,1
actual,48,98,nb,0,512,6144,0.069520656,0.000135783,0.000006582,0.000196957,1
actual,49,99,nb,0,512,6144,0.074775432,0.000146046,0.000017423,0.000215651,1
warmup,0,0,nb,0,512,8192,0.088427318,0.000172710,0.000058499,0.000248325,1
warmup,1,1,nb,0,512,8192,0.079564558,0.000155400,0.000029736,0.000234088,1
warmup,2,2,nb,0,512,8192,0.077720176,0.000151797,0.000029796,0.000234368,1
warmup,3,3,nb,0,512,8192,0.075739697,0.000147929,0.000034003,0.000222086,1
warmup,4,4,nb,0,512,8192,0.079343035,0.000154967,0.000024486,0.000248715,1
warmup,5,5,nb,0,512,8192,0.078503101,0.000153326,0.000032901,0.000232415,1
warmup,6,6,nb,0,512,8192,0.085034590,0.000166083,0.000024636,0.000252142,1
warmup,7,7,nb,0,512,8192,0.081484514,0.000159149,0.000023725,0.000238547,1
warmup,8,8,nb,0,512,8192,0.077554079,0.000151473,0.000024405,0.000229991,1
warmup,9,9,nb,0,512,8192,0.078945696,0.000154191,0.000021861,0.000229259,1
warmup,10,10,nb,0,512,8192,0.075410515,0.000147286,0.000023404,0.000220733,1
warmup,11,11,nb,0,512,8192,0.080219934,0.000156680,0.000025908,0.000234078,1
warmup,12,12,nb,0,512,8192,0.074994577,0.000146474,0.000023284,0.000219501,1
warmup,13,13,nb,0,512,8192,0.077584697,0.000151533,0.000022993,0.000226375,1
warmup,14,14,nb,0,512,8192,0.072061384,0.000140745,0.000022151,0.000219450,1
warmup,15,15,nb,0,512,8192,0.079275943,0.000154836,0.000031028,0.000224300,1
warmup,16,16,nb,0,512,8192,0.072266974,0.000141146,0.000022242,0.000222546,1
warmup,17,17,nb,0,512,8192,0.077441445,0.000151253,0.000028002,0.000228197,1
warmup,18,18,nb,0,512,8192,0.075390594,0.000147247,0.000019526,0.000230371,1
warmup,19,19,nb,0,512,8192,0.079883569,0.000156023,0.000021070,0.000220082,1
warmup,20,20,nb,0,512,8192,0.079488177,0.000155250,0.000021099,0.000238777,1
warmup,21,21,nb,0,512,8192,0.081068961,0.000158338,0.000027371,0.000231113,1
warmup,22,22,nb,0,512,8192,0.082327207,0.000160795,0.000029665,0.000236152,1
warmup,23,23,nb,0,512,8192,0.080931612,0.000158070,0.000026840,0.000249076,1
warmup,24,24,nb,0,512,8192,0.075971596,0.000148382,0.000024786,0.000224820,1
warmup,25,25,nb,0,512,8192,0.082255167,0.000160655,0.000026590,0.000248997,1
warmup,26,26,nb,0,512,8192,0.077452861,0.000151275,0.000023123,0.000224571,1
warmup,27,27,nb,0,512,8192,0.077221207,0.000150823,0.000020759,0.000232246,1
warmup,28,28,nb,0,512,8192,0.078908891,0.000154119,0.000032851,0.000211766,1
warmup,29,29,nb,0,512,8192,0.081663113,0.000159498,0.000031860,0.000235852,1
warmup,30,30,nb,0,512,8192,0.073453531,0.000143464,0.000025718,0.000215594,1
warmup,31,31,nb,0,512,8192,0.076677137,0.000149760,0.000024045,0.000225532,1
warmup,32,32,nb,0,512,8192,0.073014240,0.000142606,0.000021921,0.000238066,1
warmup,33,33,nb,0,512,8192,0.077466590,0.000151302,0.000028333,0.000235181,1
warmup,34,34,nb,0,512,8192,0.075834557,0.000148114,0.000022683,0.000227325,1
warmup,35,35,nb,0,512,8192,0.076673471,0.000149753,0.000028804,0.000234940,1
warmup,36,36,nb,0,512,8192,0.074995656,0.000146476,0.000021721,0.000214312,1
warmup,37,37,nb,0,512,8192,0.080989150,0.000158182,0.000026871,0.000254476,1
warmup,38,38,nb,0,512,8192,0.078178059,0.000152692,0.000026118,0.000229961,1
warmup,39,39,nb,0,512,8192,0.077714207,0.000151786,0.000032641,0.000239168,1
warmup,40,40,nb,0,512,8192,0.075817025,0.000148080,0.000024075,0.000226153,1
warmup,41,41,nb,0,512,8192,0.076417320,0.000149253,0.000027512,0.000215384,1
warmup,42,42,nb,0,512,8192,0.076949955,0.000150293,0.000025578,0.000210104,1
warmup,43,43,nb,0,512,8192,0.077783936,0.000151922,0.000026109,0.000218048,1
warmup,44,44,nb,0,512,8192,0.078391155,0.000153108,0.000027471,0.000223348,1
warmup,45,45,nb,0,512,8192,0.076084093,0.000148602,0.000026710,0.000228067,1
warmup,46,46,nb,0,512,8192,0.073709062,0.000143963,0.000018454,0.000219271,1
warmup,47,47,nb,0,512,8192,0.078114690,0.000152568,0.000020799,0.000223658,1
warmup,48,48,nb,0,512,8192,0.076460420,0.000149337,0.000023885,0.000221365,1
warmup,49,49,nb,0,512,8192,0.077257226,0.000150893,0.000030197,0.000223849,1
actual,0,50,nb,0,512,8192,0.078149146,0.000152635,0.000029035,0.000216335,1
actual,1,51,nb,0,512,8192,0.078056203,0.000152454,0.000023644,0.000218630,1
actual,2,52,nb,0,512,8192,0.075604856,0.000147666,0.000021180,0.000222116,1
actual,3,53,nb,0,512,8192,0.079610865,0.000155490,0.000029466,0.000237184,1
actual,4,54,nb,0,512,8192,0.077628899,0.000151619,0.000031870,0.000237304,1
actual,5,55,nb,0,512,8192,0.079965390,0.000156182,0.000025117,0.000238557,1
actual,6,56,nb,0,512,8192,0.077333942,0.000151043,0.000025247,0.000228177,1
actual,7,57,nb,0,512,8192,0.081032699,0.000158267,0.000020990,0.000224189,1
actual,8,58,nb,0,512,8192,0.073531201,0.000143616,0.000022712,0.000217266,1
actual,9,59,nb,0,512,8192,0.078839273,0.000153983,0.000022533,0.000220512,1
actual,10,60,nb,0,512,8192,0.078744273,0.000153797,0.000020599,0.000235802,1
actual,11,61,nb,0,512,8192,0.081163689,0.000158523,0.000024827,0.000241472,1
actual,12,62,nb,0,512,8192,0.078336851,0.000153002,0.000026370,0.000216956,1
actual,13,63,nb,0,512,8192,0.078359190,0.000153045,0.000025568,0.000222296,1
actual,14,64,nb,0,512,8192,0.076739596,0.000149882,0.000026409,0.000216416,1
actual,15,65,nb,0,512,8192,0.080272873,0.000156783,0.000022432,0.000248615,1
actual,16,66,nb,0,512,8192,0.077819552,0.000151991,0.000022031,0.000224732,1
actual,17,67,nb,0,512,8192,0.083827904,0.000163726,0.000023214,0.000241553,1
actual,18,68,nb,0,512,8192,0.078986537,0.000154271,0.000025708,0.000229179,1
actual,19,69,nb,0,512,8192,0.078475039,0.000153272,0.000033112,0.000224741,1
actual,20,70,nb,0,512,8192,0.078056996,0.000152455,0.000020829,0.000230882,1
actual,21,71,nb,0,512,8192,0.080176925,0.000156596,0.000031339,0.000249156,1
actual,22,72,nb,0,512,8192,0.076207227,0.000148842,0.000025688,0.000215293,1
actual,23,73,nb,0,512,8192,0.082009490,0.000160175,0.000025187,0.000239909,1
actual,24,74,nb,0,512,8192,0.077259322,0.000150897,0.000026680,0.000226083,1
actual,25,75,nb,0,512,8192,0.079383831,0.000155047,0.000029436,0.000234970,1
actual,26,76,nb,0,512,8192,0.076681175,0.000149768,0.000020078,0.000242244,1
actual,27,77,nb,0,512,8192,0.079154410,0.000154598,0.000021831,0.000229200,1
actual,28,78,nb,0,512,8192,0.075906819,0.000148256,0.000023494,0.000210414,1
actual,29,79,nb,0,512,8192,0.080406699,0.000157044,0.000028033,0.000246051,1
actual,30,80,nb,0,512,8192,0.072383950,0.000141375,0.000022943,0.000216295,1
actual,31,81,nb,0,512,8192,0.080845032,0.000157900,0.000019957,0.000233316,1
actual,32,82,nb,0,512,8192,0.076554691,0.000149521,0.000016531,0.000223648,1
actual,33,83,nb,0,512,8192,0.080905387,0.000158018,0.000027742,0.000236383,1
actual,34,84,nb,0,512,8192,0.074555471,0.000145616,0.000030446,0.000226023,1
actual,35,85,nb,0,512,8192,0.078996460,0.000154290,0.000022923,0.000227165,1
actual,36,86,nb,0,512,8192,0.077884125,0.000152117,0.000027872,0.000218398,1
actual,37,87,nb,0,512,8192,0.079002475,0.000154302,0.000035987,0.000235862,1
actual,38,88,nb,0,512,8192,0.079172528,0.000154634,0.000025938,0.000227055,1
actual,39,89,nb,0,512,8192,0.080745793,0.000157707,0.000032881,0.000221755,1
actual,40,90,nb,0,512,8192,0.073680550,0.000143907,0.000026239,0.000223218,1
actual,41,91,nb,0,512,8192,0.078518187,0.000153356,0.000023594,0.000236082,1
actual,42,92,nb,0,512,8192,0.079137077,0.000154565,0.000020338,0.000223769,1
actual,43,93,nb,0,512,8192,0.082052503,0.000160259,0.000027090,0.000245660,1
actual,44,94,nb,0,512,8192,0.073100701,0.000142775,0.000023323,0.000218839,1
actual,45,95,nb,0,512,8192,0.079603810,0.000155476,0.000029084,0.000237625,1
actual,46,96,nb,0,512,8192,0.075697855,0.000147847,0.000021250,0.000222667,1
actual,47,97,nb,0,512,8192,0.078103230,0.000152545,0.000030447,0.000232746,1
actual,48,98,nb,0,512,8192,0.075210563,0.000146896,0.000025177,0.000214932,1
actual,49,99,nb,0,512,8192,0.082154958,0.000160459,0.000031980,0.000245931,1
warmup,0,0,nb,0,512,12288,1.003821816,0.001960589,0.001762952,0.003022593,1
warmup,1,1,nb,0,512,12288,0.244003178,0.000476569,0.000372498,0.000635292,1
warmup,2,2,nb,0,512,12288,0.273012001,0.000533227,0.000383530,0.000976487,1
warmup,3,3,nb,0,512,12288,0.244300675,0.000477150,0.000387196,0.000706353,1
warmup,4,4,nb,0,512,12288,0.236661412,0.000462229,0.000388678,0.000604260,1
warmup,5,5,nb,0,512,12288,0.238354042,0.000465535,0.000388669,0.000604401,1
warmup,6,6,nb,0,512,12288,0.256972388,0.000501899,0.000343282,0.000674539,1
warmup,7,7,nb,0,512,12288,0.239005766,0.000466808,0.000375693,0.000647655,1
warmup,8,8,nb,0,512,12288,0.236375825,0.000461672,0.000373209,0.000637511,1
warmup,9,9,nb,0,512,12288,0.242917845,0.000474449,0.000396534,0.000627663,1
warmup,10,10,nb,0,512,12288,0.232106896,0.000453334,0.000365664,0.000631492,1
warmup,11,11,nb,0,512,12288,0.235644996,0.000460244,0.000380414,0.000604229,1
warmup,12,12,nb,0,512,12288,0.235352569,0.000459673,0.000374732,0.000638788,1
warmup,13,13,nb,0,512,12288,0.236221233,0.000461370,0.000377989,0.000629197,1
warmup,14,14,nb,0,512,12288,0.230477214,0.000450151,0.000363841,0.000620788,1
warmup,15,15,nb,0,512,12288,0.229833156,0.000448893,0.000354615,0.000637094,1
warmup,16,16,nb,0,512,12288,0.232103074,0.000453326,0.000372698,0.000627657,1
warmup,17,17,nb,0,512,12288,0.236660394,0.000462227,0.000379411,0.000650698,1
warmup,18,18,nb,0,512,12288,0.228583217,0.000446452,0.000373100,0.000631680,1
warmup,19,19,nb,0,512,12288,0.228101405,0.000445511,0.000369572,0.000628776,1
warmup,20,20,nb,0,512,12288,0.230175330,0.000449561,0.000370524,0.000629137,1
warmup,21,21,nb,0,512,12288,0.226373979,0.000442137,0.000351288,0.000651388,1
warmup,22,22,nb,0,512,12288,0.232311062,0.000453733,0.000378009,0.000603331,1
warmup,23,23,nb,0,512,12288,0.233659316,0.000456366,0.000379512,0.000611273,1
warmup,24,24,nb,0,512,12288,0.235352203,0.000459672,0.000382927,0.000631934,1
warmup,25,25,nb,0,512,12288,0.231984988,0.000453096,0.000363992,0.000644987,1
warmup,26,26,nb,0,512,12288,0.230348180,0.000449899,0.000372408,0.000606024,1
warmup,27,27,nb,0,512,12288,0.237303990,0.000463484,0.000384510,0.000618666,1
warmup,28,28,nb,0,512,12288,0.233690403,0.000456427,0.000377037,0.000640990,1
warmup,29,29,nb,0,512,12288,0.232052734,0.000453228,0.000376637,0.000640035,1
warmup,30,30,nb,0,512,12288,0.229739192,0.000448709,0.000345978,0.000616625,1
warmup,31,31,nb,0,512,12288,0.232229198,0.000453573,0.000368881,0.000599132,1
warmup,32,32,nb,0,512,12288,0.239812301,0.000468383,0.000383518,0.000641130,1
warmup,33,33,nb,0,512,12288,0.230659483,0.000450507,0.000361858,0.000638262,1
warmup,34,34,nb,0,512,12288,0.235874847,0.000460693,0.000375915,0.000637961,1
warmup,35,35,nb,0,512,12288,0.233408420,0.000455876,0.000378349,0.000599722,1
warmup,36,36,nb,0,512,12288,0.231384867,0.000451924,0.000374602,0.000615513,1
warmup,37,37,nb,0,512,12288,0.234720396,0.000458438,0.000380323,0.000644954,1
warmup,38,38,nb,0,512,12288,0.233420111,0.000455899,0.000375655,0.000623018,1
warmup,39,39,nb,0,512,12288,0.231523725,0.000452195,0.000371145,0.000606827,1
warmup,40,40,nb,0,512,12288,0.232774364,0.000454637,0.000373770,0.000610272,1
warmup,41,41,nb,0,512,12288,0.243254945,0.000475107,0.000398047,0.000650795,1
warmup,42,42,nb,0,512,12288,0.227024681,0.000443408,0.000362097,0.000617013,1
warmup,43,43,nb,0,512,12288,0.235484984,0.000459932,0.000378649,0.000628238,1
warmup,44,44,nb,0,512,12288,0.233511871,0.000456078,0.000375343,0.000628637,1
warmup,45,45,nb,0,512,12288,0.229706725,0.000448646,0.000362420,0.000621015,1
warmup,46,46,nb,0,512,12288,0.232566222,0.000454231,0.000382105,0.000601558,1
warmup,47,47,nb,0,512,12288,0.234843232,0.000458678,0.000382818,0.000628838,1
warmup,48,48,nb,0,512,12288,0.227737352,0.000444800,0.000366577,0.000615479,1
warmup,49,49,nb,0,512,12288,0.226964551,0.000443290,0.000358973,0.000642141,1
actual,0,50,nb,0,512,12288,0.225926720,0.000441263,0.000360867,0.000601764,1
actual,1,51,nb,0,512,12288,0.234662371,0.000458325,0.000384416,0.000636542,1
actual,2,52,nb,0,512,12288,0.235856226,0.000460657,0.000378398,0.000619770,1
actual,3,53,nb,0,512,12288,0.234207289,0.000457436,0.000377457,0.000639224,1
actual,4,54,nb,0,512,12288,0.228422575,0.000446138,0.000364864,0.000607744,1
actual,5,55,nb,0,512,12288,0.229009184,0.000447284,0.000373921,0.000615283,1
actual,6,56,nb,0,512,12288,0.227452579,0.000444243,0.000363139,0.000659856,1
actual,7,57,nb,0,512,12288,0.228849783,0.000446972,0.000366256,0.000614588,1
actual,8,58,nb,0,512,12288,0.231321294,0.000451799,0.000375432,0.000631221,1
actual,9,59,nb,0,512,12288,0.230383236,0.000449967,0.000380653,0.000629476,1
actual,10,60,nb,0,512,12288,0.239146920,0.000467084,0.000388387,0.000629859,1
actual,11,61,nb,0,512,12288,0.226904230,0.000443172,0.000354334,0.000620300,1
actual,12,62,nb,0,512,12288,0.229879822,0.000448984,0.000351719,0.000619557,1
actual,13,63,nb,0,512,12288,0.227925723,0.000445167,0.000356358,0.000642450,1
actual,14,64,nb,0,512,12288,0.230411861,0.000450023,0.000369503,0.000625530,1
actual,15,65,nb,0,512,12288,0.236629811,0.000462168,0.000381674,0.000620994,1
actual,16,66,nb,0,512,12288,0.232752403,0.000454595,0.000377997,0.000646858,1
actual,17,67,nb,0,512,12288,0.228389032,0.000446072,0.000367648,0.000610791,1
actual,18,68,nb,0,512,12288,0.228882962,0.000447037,0.000361577,0.000618069,1
actual,19,69,nb,0,512,12288,0.233542681,0.000456138,0.000374402,0.000626160,1
actual,20,70,nb,0,512,12288,0.229492019,0.000448227,0.000353292,0.000625530,1
actual,21,71,nb,0,512,12288,0.232482282,0.000454067,0.000369663,0.000647683,1
actual,22,72,nb,0,512,12288,0.230814000,0.000450809,0.000359924,0.000642773,1
actual,23,73,nb,0,512,12288,0.231923985,0.000452977,0.000381785,0.000622793,1
actual,24,74,nb,0,512,12288,0.230168238,0.000449547,0.000361998,0.000633787,1
actual,25,75,nb,0,512,12288,0.231622829,0.000452388,0.000371797,0.000638758,1
actual,26,76,nb,0,512,12288,0.229521509,0.000448284,0.000367850,0.000630422,1
actual,27,77,nb,0,512,12288,0.230711754,0.000450609,0.000365344,0.000610173,1
actual,28,78,nb,0,512,12288,0.225978372,0.000441364,0.000358512,0.000599802,1
actual,29,79,nb,0,512,12288,0.231558251,0.000452262,0.000378248,0.000604582,1
actual,30,80,nb,0,512,12288,0.236554021,0.000462020,0.000368400,0.000643642,1
actual,31,81,nb,0,512,12288,0.226607224,0.000442592,0.000362199,0.000620094,1
actual,32,82,nb,0,512,12288,0.228726780,0.000446732,0.000364343,0.000607007,1
actual,33,83,nb,0,512,12288,0.227723361,0.000444772,0.000365456,0.000642984,1
actual,34,84,nb,0,512,12288,0.232022530,0.000453169,0.000372358,0.000618797,1
actual,35,85,nb,0,512,12288,0.228491189,0.000446272,0.000360676,0.000619272,1
actual,36,86,nb,0,512,12288,0.232120510,0.000453360,0.000369853,0.000622383,1
actual,37,87,nb,0,512,12288,0.229135142,0.000447530,0.000363882,0.000608489,1
actual,38,88,nb,0,512,12288,0.232494750,0.000454091,0.000367468,0.000639838,1
actual,39,89,nb,0,512,12288,0.234862523,0.000458716,0.000375203,0.000641020,1
actual,40,90,nb,0,512,12288,0.233313728,0.000455691,0.000381944,0.000626784,1
actual,41,91,nb,0,512,12288,0.233604639,0.000456259,0.000382547,0.000641777,1
actual,42,92,nb,0,512,12288,0.228930927,0.000447131,0.000361737,0.000629952,1
actual,43,93,nb,0,512,12288,0.229535525,0.000448312,0.000364512,0.000639606,1
actual,44,94,nb,0,512,12288,0.224529921,0.000438535,0.000347531,0.000609581,1
actual,45,95,nb,0,512,12288,0.232100293,0.000453321,0.000375844,0.000633666,1
actual,46,96,nb,0,512,12288,0.229697554,0.000448628,0.000349485,0.000655305,1
actual,47,97,nb,0,512,12288,0.228326200,0.000445950,0.000361618,0.000627244,1
actual,48,98,nb,0,512,12288,0.234469959,0.000457949,0.000379732,0.000610449,1
actual,49,99,nb,0,512,12288,0.233688317,0.000456422,0.000379662,0.000617893,1
warmup,0,0,nb,0,512,16384,0.259949330,0.000507714,0.000417493,0.000700071,1
warmup,1,1,nb,0,512,16384,0.255834778,0.000499677,0.000416410,0.000694418,1
warmup,2,2,nb,0,512,16384,0.251211366,0.000490647,0.000407544,0.000694228,1
warmup,3,3,nb,0,512,16384,0.248270801,0.000484904,0.000397565,0.000693870,1
warmup,4,4,nb,0,512,16384,0.257379237,0.000502694,0.000401432,0.000713404,1
warmup,5,5,nb,0,512,16384,0.248454886,0.000485263,0.000397496,0.000721504,1
warmup,6,6,nb,0,512,16384,0.252714788,0.000493584,0.000404016,0.000694268,1
warmup,7,7,nb,0,512,16384,0.256337646,0.000500659,0.000412252,0.000696514,1
warmup,8,8,nb,0,512,16384,0.249842872,0.000487974,0.000404257,0.000680994,1
warmup,9,9,nb,0,512,16384,0.253642411,0.000495395,0.000417413,0.000688397,1
warmup,10,10,nb,0,512,16384,0.252886792,0.000493920,0.000415178,0.000702936,1
warmup,11,11,nb,0,512,16384,0.250075990,0.000488430,0.000393657,0.000691986,1
warmup,12,12,nb,0,512,16384,0.251777408,0.000491753,0.000404899,0.000679969,1
warmup,13,13,nb,0,512,16384,0.253089282,0.000494315,0.000404167,0.000686455,1
warmup,14,14,nb,0,512,16384,0.257412517,0.000502759,0.000422741,0.000678122,1
warmup,15,15,nb,0,512,16384,0.252715176,0.000493584,0.000408616,0.000677274,1
warmup,16,16,nb,0,512,16384,0.248358456,0.000485075,0.000390040,0.000675313,1
warmup,17,17,nb,0,512,16384,0.254913199,0.000497877,0.000420548,0.000733953,1
warmup,18,18,nb,0,512,16384,0.252375807,0.000492921,0.000409057,0.000706249,1
warmup,19,19,nb,0,512,16384,0.248542631,0.000485435,0.000401793,0.000692586,1
warmup,20,20,nb,0,512,16384,0.248006512,0.000484388,0.000395932,0.000687906,1
warmup,21,21,nb,0,512,16384,0.254648269,0.000497360,0.000411282,0.000699309,1
warmup,22,22,nb,0,512,16384,0.253678879,0.000495467,0.000413395,0.000691317,1
warmup,23,23,nb,0,512,16384,0.254716662,0.000497493,0.000412552,0.000691387,1
warmup,24,24,nb,0,512,16384,0.251392519,0.000491001,0.000398605,0.000707447,1
warmup,25,25,nb,0,512,16384,0.261050203,0.000509864,0.000414377,0.000733091,1
warmup,26,26,nb,0,512,16384,0.255194536,0.000498427,0.000421530,0.000674020,1
warmup,27,27,nb,0,512,16384,0.248589566,0.000485526,0.000390291,0.000671129,1
warmup,28,28,nb,0,512,16384,0.249067113,0.000486459,0.000400811,0.000690325,1
warmup,29,29,nb,0,512,16384,0.246049559,0.000480566,0.000390220,0.000718863,1
warmup,30,30,nb,0,512,16384,0.251536171,0.000491282,0.000410319,0.000697806,1
warmup,31,31,nb,0,512,16384,0.251301991,0.000490824,0.000410559,0.000683572,1
warmup,32,32,nb,0,512,16384,0.250419183,0.000489100,0.000402784,0.000677137,1
warmup,33,33,nb,0,512,16384,0.255051892,0.000498148,0.000415249,0.000683458,1
warmup,34,34,nb,0,512,16384,0.249796665,0.000487884,0.000399089,0.000688237,1
warmup,35,35,nb,0,512,16384,0.252517219,0.000493198,0.000412605,0.000679482,1
warmup,36,36,nb,0,512,16384,0.249676622,0.000487650,0.000409907,0.000687560,1
warmup,37,37,nb,0,512,16384,0.249637060,0.000487572,0.000406831,0.000679081,1
warmup,38,38,nb,0,512,16384,0.247885863,0.000484152,0.000393517,0.000685480,1
warmup,39,39,nb,0,512,16384,0.247820639,0.000484025,0.000393446,0.000673219,1
warmup,40,40,nb,0,512,16384,0.249722384,0.000487739,0.000390593,0.000709498,1
warmup,41,41,nb,0,512,16384,0.246948226,0.000482321,0.000389589,0.000657763,1
warmup,42,42,nb,0,512,16384,0.249086229,0.000486497,0.000399810,0.000685041,1
warmup,43,43,nb,0,512,16384,0.255644505,0.000499306,0.000407913,0.000698675,1
warmup,44,44,nb,0,512,16384,0.248697938,0.000485738,0.000396914,0.000696611,1
warmup,45,45,nb,0,512,16384,0.249799675,0.000487890,0.000407353,0.000659126,1
warmup,46,46,nb,0,512,16384,0.253604584,0.000495321,0.000408987,0.000665963,1
warmup,47,47,nb,0,512,16384,0.251973876,0.000492136,0.000413605,0.000679572,1
warmup,48,48,nb,0,512,16384,0.255990352,0.000499981,0.000423113,0.000685193,1
warmup,49,49,nb,0,512,16384,0.249862656,0.000488013,0.000404188,0.000686802,1
actual,0,50,nb,0,512,16384,0.251766956,0.000491732,0.000407624,0.000684494,1
actual,1,51,nb,0,512,16384,0.255044624,0.000498134,0.000411870,0.000671138,1
actual,2,52,nb,0,512,16384,0.250533328,0.000489323,0.000402906,0.000664583,1
actual,3,53,nb,0,512,16384,0.249512906,0.000487330,0.000401022,0.000681676,1
actual,4,54,nb,0,512,16384,0.254872568,0.000497798,0.000411793,0.000663452,1
actual,5,55,nb,0,512,16384,0.250950527,0.000490138,0.000398588,0.000690990,1
actual,6,56,nb,0,512,16384,0.253476559,0.000495071,0.000416972,0.000685062,1
actual,7,57,nb,0,512,16384,0.254045746,0.000496183,0.000415479,0.000680721,1
actual,8,58,nb,0,512,16384,0.255426885,0.000498881,0.000412963,0.000676239,1
actual,9,59,nb,0,512,16384,0.243004311,0.000474618,0.000385942,0.000692193,1
actual,10,60,nb,0,512,16384,0.244038179,0.000476637,0.000388047,0.000696102,1
actual,11,61,nb,0,512,16384,0.249397599,0.000487105,0.000407604,0.000690169,1
actual,12,62,nb,0,512,16384,0.249299284,0.000486913,0.000406071,0.000655606,1
actual,13,63,nb,0,512,16384,0.250976628,0.000490189,0.000402724,0.000682380,1
actual,14,64,nb,0,512,16384,0.255269659,0.000498574,0.000415533,0.000674079,1
actual,15,65,nb,0,512,16384,0.253575559,0.000495265,0.000421289,0.000696851,1
actual,16,66,nb,0,512,16384,0.249679076,0.000487654,0.000402083,0.000676855,1
actual,17,67,nb,0,512,16384,0.249407689,0.000487124,0.000394670,0.000677969,1
actual,18,68,nb,0,512,16384,0.248841014,0.000486018,0.000402024,0.000679424,1
actual,19,69,nb,0,512,16384,0.252870282,0.000493887,0.000411330,0.000681969,1
actual,20,70,nb,0,512,16384,0.247593538,0.000483581,0.000391323,0.000671044,1
actual,21,71,nb,0,512,16384,0.253797831,0.000495699,0.000416762,0.000691956,1
actual,22,72,nb,0,512,16384,0.245376275,0.000479251,0.000392355,0.000707373,1
actual,23,73,nb,0,512,16384,0.250205737,0.000488683,0.000398087,0.000703724,1
actual,24,74,nb,0,512,16384,0.248465616,0.000485284,0.000398516,0.000681707,1
actual,25,75,nb,0,512,16384,0.252522399,0.000493208,0.000415848,0.000668834,1
actual,26,76,nb,0,512,16384,0.252621777,0.000493402,0.000408226,0.000683205,1
actual,27,77,nb,0,512,16384,0.252730333,0.000493614,0.000411902,0.000690851,1
actual,28,78,nb,0,512,16384,0.249068605,0.000486462,0.000398667,0.000663761,1
actual,29,79,nb,0,512,16384,0.256065830,0.000500129,0.000411300,0.000686905,1
actual,30,80,nb,0,512,16384,0.253654388,0.000495419,0.000415169,0.000691291,1
actual,31,81,nb,0,512,16384,0.251958410,0.000492106,0.000401042,0.000697766,1
actual,32,82,nb,0,512,16384,0.248402399,0.000485161,0.000396964,0.000711759,1
actual,33,83,nb,0,512,16384,0.255203328,0.000498444,0.000413957,0.000686654,1
actual,34,84,nb,0,512,16384,0.256781854,0.000501527,0.000411021,0.000702772,1
actual,35,85,nb,0,512,16384,0.245593023,0.000479674,0.000395852,0.000676616,1
actual,36,86,nb,0,512,16384,0.248571581,0.000485491,0.000394760,0.000691613,1
actual,37,87,nb,0,512,16384,0.251084153,0.000490399,0.000381135,0.000699369,1
actual,38,88,nb,0,512,16384,0.249666570,0.000487630,0.000397054,0.000683807,1
actual,39,89,nb,0,512,16384,0.249230734,0.000486779,0.000404087,0.000686625,1
actual,40,90,nb,0,512,16384,0.252542331,0.000493247,0.000419436,0.000675421,1
actual,41,91,nb,0,512,16384,0.246384437,0.000481220,0.000382176,0.000696592,1
actual,42,92,nb,0,512,16384,0.248199512,0.000484765,0.000392455,0.000729226,1
actual,43,93,nb,0,512,16384,0.250501249,0.000489260,0.000414436,0.000670436,1
actual,44,94,nb,0,512,16384,0.257019586,0.000501991,0.000418845,0.000695171,1
actual,45,95,nb,0,512,16384,0.253286775,0.000494701,0.000398616,0.000670876,1
actual,46,96,nb,0,512,16384,0.250613050,0.000489479,0.000413544,0.000681253,1
actual,47,97,nb,0,512,16384,0.259320029,0.000506484,0.000403817,0.000735177,1
actual,48,98,nb,0,512,16384,0.251686561,0.000491575,0.000406022,0.000694697,1
actual,49,99,nb,0,512,16384,0.255471347,0.000498967,0.000413354,0.000664431,1
warmup,0,0,nb,0,512,24576,0.252022658,0.000492232,0.000380413,0.000698245,1
warmup,1,1,nb,0,512,24576,0.255888569,0.000499782,0.000404047,0.000695714,1
warmup,2,2,nb,0,512,24576,0.291825581,0.000569972,0.000357760,0.000766201,1
warmup,3,3,nb,0,512,24576,0.254479940,0.000497031,0.000411100,0.000704508,1
warmup,4,4,nb,0,512,24576,0.250794333,0.000489833,0.000407273,0.000715927,1
warmup,5,5,nb,0,512,24576,0.248898073,0.000486129,0.000387436,0.000718151,1
warmup,6,6,nb,0,512,24576,0.254551964,0.000497172,0.000410799,0.000720648,1
warmup,7,7,nb,0,512,24576,0.253659855,0.000495429,0.000398909,0.000740546,1
warmup,8,8,nb,0,512,24576,0.253355552,0.000494835,0.000394941,0.000717971,1
warmup,9,9,nb,0,512,24576,0.250058213,0.000488395,0.000405902,0.000712232,1
warmup,10,10,nb,0,512,24576,0.254796361,0.000497649,0.000404828,0.000698847,1
warmup,11,11,nb,0,512,24576,0.246749868,0.000481933,0.000399530,0.000693918,1
warmup,12,12,nb,0,512,24576,0.256132170,0.000500258,0.000425316,0.000705731,1
warmup,13,13,nb,0,512,24576,0.250107153,0.000488491,0.000402033,0.000719193,1
warmup,14,14,nb,0,512,24576,0.249577014,0.000487455,0.000401753,0.000700298,1
warmup,15,15,nb,0,512,24576,0.254730734,0.000497521,0.000402444,0.000709997,1
warmup,16,16,nb,0,512,24576,0.253139212,0.000494413,0.000389199,0.000705648,1
warmup,17,17,nb,0,512,24576,0.251836094,0.000491867,0.000366085,0.000718041,1
warmup,18,18,nb,0,512,24576,0.249342121,0.000486996,0.000393649,0.000769257,1
warmup,19,19,nb,0,512,24576,0.252833168,0.000493815,0.000417091,0.000708074,1
warmup,20,20,nb,0,512,24576,0.251952322,0.000492094,0.000409968,0.000676744,1
warmup,21,21,nb,0,512,24576,0.253471589,0.000495062,0.000409808,0.000680908,1
warmup,22,22,nb,0,512,24576,0.253003791,0.000494148,0.000416720,0.000683890,1
warmup,23,23,nb,0,512,24576,0.250920762,0.000490080,0.000404198,0.000707822,1
warmup,24,24,nb,0,512,24576,0.251205785,0.000490636,0.000401532,0.000738666,1
warmup,25,25,nb,0,512,24576,0.248720917,0.000485783,0.000405138,0.000714354,1
warmup,26,26,nb,0,512,24576,0.257574827,0.000503076,0.000405201,0.000713524,1
warmup,27,27,nb,0,512,24576,0.251696121,0.000491594,0.000405601,0.000716759,1
warmup,28,28,nb,0,512,24576,0.251727273,0.000491655,0.000408925,0.000679885,1
warmup,29,29,nb,0,512,24576,0.248987737,0.000486304,0.000401331,0.000683392,1
warmup,30,30,nb,0,512,24576,0.256535138,0.000501045,0.000421491,0.000705217,1
warmup,31,31,nb,0,512,24576,0.245887236,0.000480249,0.000390361,0.000693211,1
warmup,32,32,nb,0,512,24576,0.244850547,0.000478224,0.000390001,0.000674351,1
warmup,33,33,nb,0,512,24576,0.247380334,0.000483165,0.000398517,0.000687319,1
warmup,34,34,nb,0,512,24576,0.249263989,0.000486844,0.000401211,0.000696141,1
warmup,35,35,nb,0,512,24576,0.253007468,0.000494155,0.000411091,0.000737190,1
warmup,36,36,nb,0,512,24576,0.251700511,0.000491603,0.000401884,0.000682381,1
warmup,37,37,nb,0,512,24576,0.255107418,0.000498257,0.000407755,0.000715076,1
warmup,38,38,nb,0,512,24576,0.250436007,0.000489133,0.000391714,0.000717170,1
warmup,39,39,nb,0,512,24576,0.250425725,0.000489113,0.000411681,0.000676219,1
warmup,40,40,nb,0,512,24576,0.256488123,0.000500953,0.000417060,0.000705539,1
warmup,41,41,nb,0,512,24576,0.251030814,0.000490295,0.000402334,0.000708014,1
warmup,42,42,nb,0,512,24576,0.246210727,0.000480880,0.000390231,0.000675211,1
warmup,43,43,nb,0,512,24576,0.248983712,0.000486296,0.000404648,0.000692345,1
warmup,44,44,nb,0,512,24576,0.252536052,0.000493234,0.000399530,0.000706142,1
warmup,45,45,nb,0,512,24576,0.249616936,0.000487533,0.000399088,0.000684358,1
warmup,46,46,nb,0,512,24576,0.249449330,0.000487206,0.000408334,0.000678673,1
warmup,47,47,nb,0,512,24576,0.253039721,0.000494218,0.000422602,0.000695324,1
warmup,48,48,nb,0,512,24576,0.250314774,0.000488896,0.000408697,0.000697893,1
warmup,49,49,nb,0,512,24576,0.250391575,0.000489046,0.000403197,0.000721427,1
actual,0,50,nb,0,512,24576,0.249803011,0.000487897,0.000402132,0.000679179,1
actual,1,51,nb,0,512,24576,0.250277693,0.000488824,0.000402404,0.000707643,1
actual,2,52,nb,0,512,24576,0.262200080,0.000512110,0.000418805,0.000720746,1
actual,3,53,nb,0,512,24576,0.250965721,0.000490167,0.000402834,0.000676514,1
actual,4,54,nb,0,512,24576,0.245065914,0.000478644,0.000394891,0.000711098,1
actual,5,55,nb,0,512,24576,0.264262520,0.000516138,0.000428693,0.000699910,1
actual,6,56,nb,0,512,24576,0.252165434,0.000492511,0.000401421,0.000693154,1
actual,7,57,nb,0,512,24576,0.249346671,0.000487005,0.000397526,0.000707061,1
actual,8,58,nb,0,512,24576,0.252562180,0.000493286,0.000405689,0.000691096,1
actual,9,59,nb,0,512,24576,0.276909689,0.000540839,0.000341230,0.000730155,1
actual,10,60,nb,0,512,24576,0.252919908,0.000493984,0.000413905,0.000667469,1
actual,11,61,nb,0,512,24576,0.248557472,0.000485464,0.000405608,0.000710788,1
actual,12,62,nb,0,512,24576,0.248673457,0.000485690,0.000399308,0.000703905,1
actual,13,63,nb,0,512,24576,0.247671877,0.000483734,0.000403685,0.000714935,1
actual,14,64,nb,0,512,24576,0.241154139,0.000471004,0.000374222,0.000691291,1
actual,15,65,nb,0,512,24576,0.255761661,0.000499534,0.000419657,0.000712362,1
actual,16,66,nb,0,512,24576,0.249467232,0.000487241,0.000408405,0.000662127,1
actual,17,67,nb,0,512,24576,0.247482415,0.000483364,0.000383117,0.000686378,1
actual,18,68,nb,0,512,24576,0.249826849,0.000487943,0.000405991,0.000692635,1
actual,19,69,nb,0,512,24576,0.251272371,0.000490766,0.000392315,0.000661441,1
actual,20,70,nb,0,512,24576,0.254434421,0.000496942,0.000408286,0.000689233,1
actual,21,71,nb,0,512,24576,0.249342442,0.000486997,0.000406492,0.000684639,1
actual,22,72,nb,0,512,24576,0.254125861,0.000496340,0.000412784,0.000692094,1
actual,23,73,nb,0,512,24576,0.257543625,0.000503015,0.000415994,0.000688381,1
actual,24,74,nb,0,512,24576,0.249563950,0.000487430,0.000393115,0.000691402,1
actual,25,75,nb,0,512,24576,0.244460115,0.000477461,0.000395500,0.000710887,1
actual,26,76,nb,0,512,24576,0.254275261,0.000496631,0.000407555,0.000687290,1
actual,27,77,nb,0,512,24576,0.249695596,0.000487687,0.000393338,0.000690772,1
actual,28,78,nb,0,512,24576,0.249538129,0.000487379,0.000410500,0.000671293,1
actual,29,79,nb,0,512,24576,0.252520952,0.000493205,0.000415499,0.000647310,1
actual,30,80,nb,0,512,24576,0.256463151,0.000500905,0.000409668,0.000721820,1
actual,31,81,nb,0,512,24576,0.248261502,0.000484886,0.000403045,0.000692664,1
actual,32,82,nb,0,512,24576,0.249602182,0.000487504,0.000411942,0.000688319,1
actual,33,83,nb,0,512,24576,0.256054521,0.000500106,0.000406291,0.000729829,1
actual,34,84,nb,0,512,24576,0.251760790,0.000491720,0.000411821,0.000681244,1
actual,35,85,nb,0,512,24576,0.244944767,0.000478408,0.000389470,0.000688996,1
actual,36,86,nb,0,512,24576,0.247813001,0.000484010,0.000392525,0.000678449,1
actual,37,87,nb,0,512,24576,0.248696078,0.000485735,0.000404508,0.000699012,1
actual,38,88,nb,0,512,24576,0.248743476,0.000485827,0.000394871,0.000691982,1
actual,39,89,nb,0,512,24576,0.248482846,0.000485318,0.000404617,0.000677651,1
actual,40,90,nb,0,512,24576,0.248419806,0.000485195,0.000387517,0.000688872,1
actual,41,91,nb,0,512,24576,0.251209774,0.000490644,0.000408014,0.000698434,1
actual,42,92,nb,0,512,24576,0.251669707,0.000491542,0.000393689,0.000711240,1
actual,43,93,nb,0,512,24576,0.249271133,0.000486858,0.000408455,0.000689126,1
actual,44,94,nb,0,512,24576,0.254896422,0.000497845,0.000415459,0.000722009,1
actual,45,95,nb,0,512,24576,0.249966137,0.000488215,0.000394219,0.000764514,1
actual,46,96,nb,0,512,24576,0.278326598,0.000543607,0.000434354,0.000773391,1
actual,47,97,nb,0,512,24576,0.245513125,0.000479518,0.000382296,0.000708683,1
actual,48,98,nb,0,512,24576,0.250319921,0.000488906,0.000395422,0.000689628,1
actual,49,99,nb,0,512,24576,0.248247150,0.000484858,0.000404528,0.000686463,1
warmup,0,0,nb,0,512,32768,0.278937961,0.000544801,0.000454962,0.000724038,1
warmup,1,1,nb,0,512,32768,0.277829850,0.000542636,0.000446638,0.000753068,1
warmup,2,2,nb,0,512,32768,0.275840494,0.000538751,0.000440727,0.000731563,1
warmup,3,3,nb,0,512,32768,0.275078774,0.000537263,0.000444383,0.000762490,1
warmup,4,4,nb,0,512,32768,0.276445791,0.000539933,0.000445626,0.000736335,1
warmup,5,5,nb,0,512,32768,0.274278908,0.000535701,0.000443121,0.000755372,1
warmup,6,6,nb,0,512,32768,0.272536609,0.000532298,0.000430506,0.000718829,1
warmup,7,7,nb,0,512,32768,0.273041675,0.000533285,0.000446527,0.000730077,1
warmup,8,8,nb,0,512,32768,0.282964233,0.000552665,0.000464712,0.000732612,1
warmup,9,9,nb,0,512,32768,0.278722476,0.000544380,0.000462317,0.000746088,1
warmup,10,10,nb,0,512,32768,0.276343568,0.000539734,0.000447518,0.000747370,1
warmup,11,11,nb,0,512,32768,0.278960153,0.000544844,0.000456675,0.000778818,1
warmup,12,12,nb,0,512,32768,0.278192978,0.000543346,0.000454731,0.000776099,1
warmup,13,13,nb,0,512,32768,0.270344275,0.000528016,0.000442348,0.000718357,1
warmup,14,14,nb,0,512,32768,0.268022316,0.000523481,0.000426650,0.000766791,1
warmup,15,15,nb,0,512,32768,0.280009311,0.000546893,0.000451688,0.000737163,1
warmup,16,16,nb,0,512,32768,0.271792419,0.000530845,0.000442197,0.000741311,1
warmup,17,17,nb,0,512,32768,0.275070771,0.000537248,0.000443190,0.000791231,1
warmup,18,18,nb,0,512,32768,0.281199364,0.000549218,0.000451256,0.000757587,1
warmup,19,19,nb,0,512,32768,0.274293916,0.000535730,0.000451636,0.000739401,1
warmup,20,20,nb,0,512,32768,0.273014806,0.000533232,0.000438701,0.000721720,1
warmup,21,21,nb,0,512,32768,0.272952162,0.000533110,0.000440595,0.000756193,1
warmup,22,22,nb,0,512,32768,0.274356886,0.000535853,0.000454211,0.000732119,1
warmup,23,23,nb,0,512,32768,0.273217509,0.000533628,0.000435005,0.000736115,1
warmup,24,24,nb,0,512,32768,0.274709814,0.000536543,0.000444282,0.000744482,1
warmup,25,25,nb,0,512,32768,0.278328113,0.000543610,0.000456453,0.000747736,1
warmup,26,26,nb,0,512,32768,0.269963646,0.000527273,0.000435756,0.000757461,1
warmup,27,27,nb,0,512,32768,0.283033947,0.000552801,0.000464399,0.000790839,1
warmup,28,28,nb,0,512,32768,0.269822686,0.000526997,0.000444444,0.000740118,1
warmup,29,29,nb,0,512,32768,0.272827298,0.000532866,0.000440165,0.000758656,1
warmup,30,30,nb,0,512,32768,0.274708349,0.000536540,0.000442549,0.000754465,1
warmup,31,31,nb,0,512,32768,0.273868114,0.000534899,0.000449322,0.000745102,1
warmup,32,32,nb,0,512,32768,0.274697628,0.000536519,0.000451366,0.000742934,1
warmup,33,33,nb,0,512,32768,0.279835093,0.000546553,0.000447057,0.000738466,1
warmup,34,34,nb,0,512,32768,0.272690322,0.000532598,0.000450375,0.000727621,1
warmup,35,35,nb,0,512,32768,0.274839693,0.000536796,0.000450714,0.000755743,1
warmup,36,36,nb,0,512,32768,0.276258675,0.000539568,0.000447058,0.000776452,1
warmup,37,37,nb,0,512,32768,0.267747751,0.000522945,0.000440184,0.000716351,1
warmup,38,38,nb,0,512,32768,0.272919747,0.000533046,0.000448080,0.000724994,1
warmup,39,39,nb,0,512,32768,0.273709179,0.000534588,0.000443332,0.000747095,1
warmup,40,40,nb,0,512,32768,0.271202053,0.000529692,0.000443642,0.000742128,1
warmup,41,41,nb,0,512,32768,0.271198705,0.000529685,0.000444704,0.000720429,1
warmup,42,42,nb,0,512,32768,0.274690371,0.000536505,0.000439714,0.000724935,1
warmup,43,43,nb,0,512,32768,0.273426920,0.000534037,0.000448772,0.000743951,1
warmup,44,44,nb,0,512,32768,0.272982185,0.000533168,0.000444604,0.000715219,1
warmup,45,45,nb,0,512,32768,0.281897957,0.000550582,0.000461294,0.000743559,1
warmup,46,46,nb,0,512,32768,0.280470245,0.000547793,0.000459930,0.000755805,1
warmup,47,47,nb,0,512,32768,0.276059140,0.000539178,0.000448610,0.000712546,1
warmup,48,48,nb,0,512,32768,0.272237902,0.000531715,0.000443981,0.000767655,1
warmup,49,49,nb,0,512,32768,0.283046672,0.000552826,0.000463598,0.000754495,1
actual,0,50,nb,0,512,32768,0.272681672,0.000532581,0.000449883,0.000736392,1
actual,1,51,nb,0,512,32768,0.273391686,0.000533968,0.000428292,0.000710991,1
actual,2,52,nb,0,512,32768,0.280813754,0.000548464,0.000463526,0.000751006,1
actual,3,53,nb,0,512,32768,0.271005541,0.000529308,0.000441276,0.000728010,1
actual,4,54,nb,0,512,32768,0.270629443,0.000528573,0.000442610,0.000725912,1
actual,5,55,nb,0,512,32768,0.274553851,0.000536238,0.000433081,0.000742136,1
actual,6,56,nb,0,512,32768,0.282792464,0.000552329,0.000470782,0.000714196,1
actual,7,57,nb,0,512,32768,0.269753013,0.000526861,0.000426609,0.000732582,1
actual,8,58,nb,0,512,32768,0.277067585,0.000541148,0.000402214,0.000722880,1
actual,9,59,nb,0,512,32768,0.279726371,0.000546341,0.000460852,0.000744094,1
actual,10,60,nb,0,512,32768,0.274427600,0.000535991,0.000446436,0.000749169,1
actual,11,61,nb,0,512,32768,0.273495682,0.000534171,0.000440245,0.000709213,1
actual,12,62,nb,0,512,32768,0.277991927,0.000542953,0.000446747,0.000723156,1
actual,13,63,nb,0,512,32768,0.275065961,0.000537238,0.000435716,0.000739487,1
actual,14,64,nb,0,512,32768,0.279121721,0.000545160,0.000452697,0.000727051,1
actual,15,65,nb,0,512,32768,0.273865104,0.000534893,0.000444673,0.000795943,1
actual,16,66,nb,0,512,32768,0.268683106,0.000524772,0.000436928,0.000741394,1
actual,17,67,nb,0,512,32768,0.274761308,0.000536643,0.000447608,0.000730851,1
actual,18,68,nb,0,512,32768,0.274070766,0.000535294,0.000449353,0.000742279,1
actual,19,69,nb,0,512,32768,0.282989117,0.000552713,0.000458007,0.000772043,1
actual,20,70,nb,0,512,32768,0.272228537,0.000531696,0.000445784,0.000746314,1
actual,21,71,nb,0,512,32768,0.269668349,0.000526696,0.000441478,0.000713156,1
actual,22,72,nb,0,512,32768,0.273695305,0.000534561,0.000441759,0.000736457,1
actual,23,73,nb,0,512,32768,0.275996782,0.000539056,0.000443431,0.000720221,1
actual,24,74,nb,0,512,32768,0.277807924,0.000542594,0.000440586,0.000753196,1
actual,25,75,nb,0,512,32768,0.271253777,0.000529793,0.000423353,0.000753948,1
actual,26,76,nb,0,512,32768,0.272939404,0.000533085,0.000445626,0.000729447,1
actual,27,77,nb,0,512,32768,0.271660323,0.000530587,0.000441307,0.000735780,1
actual,28,78,nb,0,512,32768,0.282726304,0.000552200,0.000456555,0.000746905,1
actual,29,79,nb,0,512,32768,0.273463112,0.000534108,0.000437850,0.000747402,1
actual,30,80,nb,0,512,32768,0.275549354,0.000538182,0.000452688,0.000729073,1
actual,31,81,nb,0,512,32768,0.273081057,0.000533361,0.000447359,0.000759799,1
actual,32,82,nb,0,512,32768,0.284044169,0.000554774,0.000458390,0.000804466,1
actual,33,83,nb,0,512,32768,0.269733423,0.000526823,0.000433743,0.000711946,1
actual,34,84,nb,0,512,32768,0.273755609,0.000534679,0.000447418,0.000731332,1
actual,35,85,nb,0,512,32768,0.282898816,0.000552537,0.000464009,0.000758559,1
actual,36,86,nb,0,512,32768,0.273865271,0.000534893,0.000433332,0.000737678,1
actual,37,87,nb,0,512,32768,0.267505858,0.000522472,0.000435696,0.000750672,1
actual,38,88,nb,0,512,32768,0.268251885,0.000523929,0.000431861,0.000735173,1
actual,39,89,nb,0,512,32768,0.276010009,0.000539082,0.000438621,0.000749025,1
actual,40,90,nb,0,512,32768,0.275256499,0.000537610,0.000443069,0.000747746,1
actual,41,91,nb,0,512,32768,0.269159409,0.000525702,0.000439995,0.000706565,1
actual,42,92,nb,0,512,32768,0.269062124,0.000525512,0.000429689,0.000747553,1
actual,43,93,nb,0,512,32768,0.272669731,0.000532558,0.000437981,0.000743077,1
actual,44,94,nb,0,512,32768,0.278815631,0.000544562,0.000460293,0.000728763,1
actual,45,95,nb,0,512,32768,0.281512590,0.000549829,0.000461143,0.000752811,1
actual,46,96,nb,0,512,32768,0.274642150,0.000536410,0.000448530,0.000753472,1
actual,47,97,nb,0,512,32768,0.270221360,0.000527776,0.000442880,0.000726879,1
actual,48,98,nb,0,512,32768,0.273385591,0.000533956,0.000449412,0.000718518,1
actual,49,99,nb,0,512,32768,0.272047328,0.000531342,0.000452716,0.000724884,1
warmup,0,0,nb,0,512,49152,0.281508843,0.000549822,0.000457697,0.000747806,1
warmup,1,1,nb,0,512,49152,0.276595512,0.000540226,0.000444864,0.000786324,1
warmup,2,2,nb,0,512,49152,0.279029836,0.000544980,0.000454521,0.000759409,1
warmup,3,3,nb,0,512,49152,0.283429231,0.000553573,0.000464870,0.000767453,1
warmup,4,4,nb,0,512,49152,0.277645858,0.000542277,0.000441878,0.000713347,1
warmup,5,5,nb,0,512,49152,0.277980971,0.000542932,0.000464159,0.000773471,1
warmup,6,6,nb,0,512,49152,0.281293764,0.000549402,0.000439633,0.000770170,1
warmup,7,7,nb,0,512,49152,0.279002494,0.000544927,0.000462938,0.000736998,1
warmup,8,8,nb,0,512,49152,0.277221520,0.000541448,0.000449484,0.000762333,1
warmup,9,9,nb,0,512,49152,0.280815183,0.000548467,0.000420778,0.000773425,1
warmup,10,10,nb,0,512,49152,0.277770277,0.000542520,0.000453960,0.000721280,1
warmup,11,11,nb,0,512,49152,0.280900663,0.000548634,0.000452257,0.000799317,1
warmup,12,12,nb,0,512,49152,0.289050938,0.000564553,0.000477935,0.000787180,1
warmup,13,13,nb,0,512,49152,0.275060375,0.000537227,0.000444413,0.000745573,1
warmup,14,14,nb,0,512,49152,0.274057080,0.000535268,0.000445175,0.000724636,1
warmup,15,15,nb,0,512,49152,0.275944839,0.000538955,0.000442218,0.000731177,1
warmup,16,16,nb,0,512,49152,0.284704484,0.000556063,0.000453699,0.000758813,1
warmup,17,17,nb,0,512,49152,0.278992886,0.000544908,0.000452357,0.000726223,1
warmup,18,18,nb,0,512,49152,0.275846269,0.000538762,0.000440766,0.000735236,1
warmup,19,19,nb,0,512,49152,0.280725790,0.000548293,0.000447849,0.001005657,1
warmup,20,20,nb,0,512,49152,0.276482805,0.000540005,0.000451675,0.000756705,1
warmup,21,21,nb,0,512,49152,0.274355864,0.000535851,0.000450284,0.000724747,1
warmup,22,22,nb,0,512,49152,0.282402252,0.000551567,0.000466573,0.000741935,1
warmup,23,23,nb,0,512,49152,0.279100714,0.000545119,0.000446726,0.000727393,1
warmup,24,24,nb,0,512,49152,0.272758810,0.000532732,0.000442218,0.000757965,1
warmup,25,25,nb,0,512,49152,0.277228049,0.000541461,0.000453139,0.000766101,1
warmup,26,26,nb,0,512,49152,0.277552032,0.000542094,0.000454245,0.000737273,1
warmup,27,27,nb,0,512,49152,0.277590597,0.000542169,0.000443792,0.000744472,1
warmup,28,28,nb,0,512,49152,0.276949827,0.000540918,0.000438050,0.000746236,1
warmup,29,29,nb,0,512,49152,0.277557221,0.000542104,0.000444813,0.000747640,1
warmup,30,30,nb,0,512,49152,0.284071854,0.000554828,0.000474779,0.000748107,1
warmup,31,31,nb,0,512,49152,0.276824725,0.000540673,0.000445705,0.000748505,1
warmup,32,32,nb,0,512,49152,0.275292050,0.000537680,0.000450915,0.000744491,1
warmup,33,33,nb,0,512,49152,0.283900170,0.000554493,0.000457397,0.000757554,1
warmup,34,34,nb,0,512,49152,0.273821727,0.000534808,0.000433582,0.000761051,1
warmup,35,35,nb,0,512,49152,0.275808932,0.000538689,0.000454212,0.000754308,1
warmup,36,36,nb,0,512,49152,0.275720528,0.000538517,0.000376445,0.000752966,1
warmup,37,37,nb,0,512,49152,0.275774990,0.000538623,0.000449602,0.000757127,1
warmup,38,38,nb,0,512,49152,0.283328939,0.000553377,0.000454753,0.000762530,1
warmup,39,39,nb,0,512,49152,0.288961620,0.000564378,0.000475781,0.000738409,1
warmup,40,40,nb,0,512,49152,0.273166310,0.000533528,0.000447468,0.000748208,1
warmup,41,41,nb,0,512,49152,0.281662042,0.000550121,0.000454341,0.000770649,1
warmup,42,42,nb,0,512,49152,0.276785370,0.000540596,0.000450353,0.000761492,1
warmup,43,43,nb,0,512,49152,0.281684292,0.000550165,0.000456925,0.000756425,1
warmup,44,44,nb,0,512,49152,0.280486786,0.000547826,0.000454852,0.000759380,1
warmup,45,45,nb,0,512,49152,0.275874826,0.000538818,0.000457217,0.000742968,1
warmup,46,46,nb,0,512,49152,0.283949548,0.000554589,0.000464019,0.000748660,1
warmup,47,47,nb,0,512,49152,0.275318141,0.000537731,0.000449742,0.000715957,1
warmup,48,48,nb,0,512,49152,0.293926393,0.000574075,0.000476823,0.000739432,1
warmup,49,49,nb,0,512,49152,0.276193164,0.000539440,0.000426069,0.000760424,1
actual,0,50,nb,0,512,49152,0.274884623,0.000536884,0.000451576,0.000760931,1
actual,1,51,nb,0,512,49152,0.279587831,0.000546070,0.000453609,0.000780227,1
actual,2,52,nb,0,512,49152,0.285746173,0.000558098,0.000475452,0.000751296,1
actual,3,53,nb,0,512,49152,0.276863872,0.000540750,0.000454170,0.000760370,1
actual,4,54,nb,0,512,49152,0.275873940,0.000538816,0.000432930,0.000734827,1
actual,5,55,nb,0,512,49152,0.278852543,0.000544634,0.000439012,0.000767092,1
actual,6,56,nb,0,512,49152,0.273031675,0.000533265,0.000437699,0.000730220,1
actual,7,57,nb,0,512,49152,0.275848025,0.000538766,0.000448199,0.000749654,1
actual,8,58,nb,0,512,49152,0.277685385,0.000542354,0.000448319,0.000813673,1
actual,9,59,nb,0,512,49152,0.276120255,0.000539297,0.000450684,0.000779776,1
actual,10,60,nb,0,512,49152,0.285105851,0.000556847,0.000466925,0.000756222,1
actual,11,61,nb,0,512,49152,0.285439960,0.000557500,0.000465993,0.000727915,1
actual,12,62,nb,0,512,49152,0.278112997,0.000543189,0.000448280,0.000771330,1
actual,13,63,nb,0,512,49152,0.279167530,0.000545249,0.000460362,0.000746781,1
actual,14,64,nb,0,512,49152,0.278834231,0.000544598,0.000432630,0.000751547,1
actual,15,65,nb,0,512,49152,0.272158528,0.000531560,0.000449882,0.000734046,1
actual,16,66,nb,0,512,49152,0.277575691,0.000542140,0.000454633,0.000756434,1
actual,17,67,nb,0,512,49152,0.274492708,0.000536119,0.000449270,0.000781569,1
actual,18,68,nb,0,512,49152,0.279408924,0.000545721,0.000457418,0.000767894,1
actual,19,69,nb,0,512,49152,0.273988308,0.000535133,0.000433822,0.000766034,1
actual,20,70,nb,0,512,49152,0.276056664,0.000539173,0.000455623,0.000730713,1
actual,21,71,nb,0,512,49152,0.279038666,0.000544997,0.000452156,0.000762674,1
actual,22,72,nb,0,512,49152,0.273880511,0.000534923,0.000454681,0.000727795,1
actual,23,73,nb,0,512,49152,0.276009298,0.000539081,0.000456008,0.000721523,1
actual,24,74,nb,0,512,49152,0.280547159,0.000547944,0.000450143,0.000752896,1
actual,25,75,nb,0,512,49152,0.275703397,0.000538483,0.000448941,0.000751954,1
actual,26,76,nb,0,512,49152,0.277693884,0.000542371,0.000445655,0.000742446,1
actual,27,77,nb,0,512,49152,0.270966723,0.000529232,0.000435156,0.000740858,1
actual,28,78,nb,0,512,49152,0.282137701,0.000551050,0.000456556,0.000751926,1
actual,29,79,nb,0,512,49152,0.279596226,0.000546086,0.000454851,0.000752408,1
actual,30,80,nb,0,512,49152,0.281292212,0.000549399,0.000463438,0.000791051,1
actual,31,81,nb,0,512,49152,0.281299322,0.000549413,0.000458098,0.000732332,1
actual,32,82,nb,0,512,49152,0.277256659,0.000541517,0.000449414,0.000754622,1
actual,33,83,nb,0,512,49152,0.273843771,0.000534851,0.000449672,0.000746424,1
actual,34,84,nb,0,512,49152,0.279945261,0.000546768,0.000459561,0.000746350,1
actual,35,85,nb,0,512,49152,0.271831288,0.000530920,0.000441267,0.000754766,1
actual,36,86,nb,0,512,49152,0.276244840,0.000539541,0.000452427,0.000778474,1
actual,37,87,nb,0,512,49152,0.275076701,0.000537259,0.000443931,0.000756939,1
actual,38,88,nb,0,512,49152,0.286586965,0.000559740,0.000478056,0.000753619,1
actual,39,89,nb,0,512,49152,0.274188021,0.000535523,0.000440265,0.000750662,1
actual,40,90,nb,0,512,49152,0.286999327,0.000560546,0.000470882,0.000738581,1
actual,41,91,nb,0,512,49152,0.278611110,0.000544162,0.000450955,0.000748568,1
actual,42,92,nb,0,512,49152,0.273504459,0.000534188,0.000356978,0.000715451,1
actual,43,93,nb,0,512,49152,0.274379462,0.000535897,0.000453599,0.000753677,1
actual,44,94,nb,0,512,49152,0.274679832,0.000536484,0.000445685,0.000754018,1
actual,45,95,nb,0,512,49152,0.276475701,0.000539992,0.000442800,0.000774566,1
actual,46,96,nb,0,512,49152,0.272054717,0.000531357,0.000444161,0.000718337,1
actual,47,97,nb,0,512,49152,0.274520247,0.000536172,0.000446857,0.000740336,1
actual,48,98,nb,0,512,49152,0.276213565,0.000539480,0.000451165,0.000756673,1
actual,49,99,nb,0,512,49152,0.276394567,0.000539833,0.000457306,0.000748813,1
warmup,0,0,nb,0,512,65536,0.300645922,0.000587199,0.000482045,0.001002047,1
warmup,1,1,nb,0,512,65536,0.288712769,0.000563892,0.000453628,0.000750858,1
warmup,2,2,nb,0,512,65536,0.291582496,0.000569497,0.000426700,0.000767260,1
warmup,3,3,nb,0,512,65536,0.287190933,0.000560920,0.000469670,0.000732069,1
warmup,4,4,nb,0,512,65536,0.293582203,0.000573403,0.000483295,0.000738263,1
warmup,5,5,nb,0,512,65536,0.287970745,0.000562443,0.000480771,0.000767066,1
warmup,6,6,nb,0,512,65536,0.289440006,0.000565313,0.000478176,0.000798794,1
warmup,7,7,nb,0,512,65536,0.301766626,0.000589388,0.000437601,0.000783654,1
warmup,8,8,nb,0,512,65536,0.285685908,0.000557980,0.000473757,0.000760901,1
warmup,9,9,nb,0,512,65536,0.286699783,0.000559961,0.000465794,0.000779566,1
warmup,10,10,nb,0,512,65536,0.295237228,0.000576635,0.000491460,0.000774158,1
warmup,11,11,nb,0,512,65536,0.283385973,0.000553488,0.000446315,0.000727343,1
warmup,12,12,nb,0,512,65536,0.288002160,0.000562504,0.000472705,0.000766391,1
warmup,13,13,nb,0,512,65536,0.288253968,0.000562996,0.000472113,0.000763456,1
warmup,14,14,nb,0,512,65536,0.281480459,0.000549767,0.000458699,0.000745893,1
warmup,15,15,nb,0,512,65536,0.286161016,0.000558908,0.000474286,0.000748880,1
warmup,16,16,nb,0,512,65536,0.280985577,0.000548800,0.000457266,0.000768145,1
warmup,17,17,nb,0,512,65536,0.285141363,0.000556917,0.000461054,0.000764890,1
warmup,18,18,nb,0,512,65536,0.285312542,0.000557251,0.000466905,0.000738492,1
warmup,19,19,nb,0,512,65536,0.289337438,0.000565112,0.000485968,0.000744947,1
warmup,20,20,nb,0,512,65536,0.284868443,0.000556384,0.000470061,0.000775729,1
warmup,21,21,nb,0,512,65536,0.282272407,0.000551313,0.000456234,0.000766051,1
warmup,22,22,nb,0,512,65536,0.289294821,0.000565029,0.000481042,0.000802188,1
warmup,23,23,nb,0,512,65536,0.280599399,0.000548046,0.000448419,0.000741869,1
warmup,24,24,nb,0,512,65536,0.283353847,0.000553425,0.000468959,0.000726497,1
warmup,25,25,nb,0,512,65536,0.294494915,0.000575185,0.000493546,0.000765541,1
warmup,26,26,nb,0,512,65536,0.289955014,0.000566318,0.000474347,0.000769078,1
warmup,27,27,nb,0,512,65536,0.282064977,0.000550908,0.000463380,0.000777822,1
warmup,28,28,nb,0,512,65536,0.284935633,0.000556515,0.000464271,0.000734635,1
warmup,29,29,nb,0,512,65536,0.285295113,0.000557217,0.000466915,0.000728706,1
warmup,30,30,nb,0,512,65536,0.284647553,0.000555952,0.000479189,0.000745613,1
warmup,31,31,nb,0,512,65536,0.290309975,0.000567012,0.000471784,0.000750624,1
warmup,32,32,nb,0,512,65536,0.287805789,0.000562121,0.000472006,0.000744440,1
warmup,33,33,nb,0,512,65536,0.289009832,0.000564472,0.000478105,0.000731678,1
warmup,34,34,nb,0,512,65536,0.286867154,0.000560287,0.000474779,0.000770699,1
warmup,35,35,nb,0,512,65536,0.287006907,0.000560560,0.000476643,0.000776636,1
warmup,36,36,nb,0,512,65536,0.286211770,0.000559007,0.000474989,0.000769356,1
warmup,37,37,nb,0,512,65536,0.290525247,0.000567432,0.000436197,0.000765126,1
warmup,38,38,nb,0,512,65536,0.289824525,0.000566064,0.000469268,0.000743805,1
warmup,39,39,nb,0,512,65536,0.288171687,0.000562835,0.000482595,0.000749952,1
warmup,40,40,nb,0,512,65536,0.282612925,0.000551978,0.000455673,0.000730957,1
warmup,41,41,nb,0,512,65536,0.294882897,0.000575943,0.000496321,0.000768886,1
warmup,42,42,nb,0,512,65536,0.283703459,0.000554108,0.000425496,0.000788056,1
warmup,43,43,nb,0,512,65536,0.296481001,0.000579064,0.000494296,0.000757340,1
warmup,44,44,nb,0,512,65536,0.290160292,0.000566719,0.000469810,0.000760660,1
warmup,45,45,nb,0,512,65536,0.285539253,0.000557694,0.000463127,0.000791669,1
warmup,46,46,nb,0,512,65536,0.284702306,0.000556059,0.000462626,0.000755935,1
warmup,47,47,nb,0,512,65536,0.288749817,0.000563964,0.000481852,0.000773504,1
warmup,48,48,nb,0,512,65536,0.283067657,0.000552867,0.000458037,0.000719737,1
warmup,49,49,nb,0,512,65536,0.288033322,0.000562565,0.000461262,0.000777955,1
actual,0,50,nb,0,512,65536,0.288263390,0.000563014,0.000474649,0.000754443,1
actual,1,51,nb,0,512,65536,0.285053447,0.000556745,0.000463118,0.000776437,1
actual,2,52,nb,0,512,65536,0.288345799,0.000563175,0.000475631,0.000738310,1
actual,3,53,nb,0,512,65536,0.287314896,0.000561162,0.000474769,0.000794183,1
actual,4,54,nb,0,512,65536,0.290783313,0.000567936,0.000484077,0.000779517,1
actual,5,55,nb,0,512,65536,0.290127850,0.000566656,0.000478997,0.000751042,1
actual,6,56,nb,0,512,65536,0.283795691,0.000554288,0.000470533,0.000757911,1
actual,7,57,nb,0,512,65536,0.283251947,0.000553226,0.000465672,0.000769022,1
actual,8,58,nb,0,512,65536,0.281040767,0.000548908,0.000464340,0.000755501,1
actual,9,59,nb,0,512,65536,0.293545535,0.000573331,0.000471383,0.000788184,1
actual,10,60,nb,0,512,65536,0.288869737,0.000564199,0.000473938,0.000778764,1
actual,11,61,nb,0,512,65536,0.282493632,0.000551745,0.000463158,0.000723883,1
actual,12,62,nb,0,512,65536,0.287311985,0.000561156,0.000474748,0.000756663,1
actual,13,63,nb,0,512,65536,0.286618937,0.000559803,0.000474590,0.000778714,1
actual,14,64,nb,0,512,65536,0.282213133,0.000551198,0.000459321,0.000760109,1
actual,15,65,nb,0,512,65536,0.285165635,0.000556964,0.000466103,0.000750624,1
actual,16,66,nb,0,512,65536,0.293279870,0.000572812,0.000488635,0.000740688,1
actual,17,67,nb,0,512,65536,0.280011400,0.000546897,0.000404528,0.000759956,1
actual,18,68,nb,0,512,65536,0.286697890,0.000559957,0.000468347,0.000775649,1
actual,19,69,nb,0,512,65536,0.296010424,0.000578145,0.000483716,0.000763156,1
actual,20,70,nb,0,512,65536,0.288464043,0.000563406,0.000473416,0.000804463,1
actual,21,71,nb,0,512,65536,0.288533782,0.000563543,0.000476182,0.000776742,1
actual,22,72,nb,0,512,65536,0.287805169,0.000562119,0.000472746,0.000788913,1
actual,23,73,nb,0,512,65536,0.291109167,0.000568573,0.000491200,0.000787872,1
actual,24,74,nb,0,512,65536,0.286982153,0.000560512,0.000476282,0.000738782,1
actual,25,75,nb,0,512,65536,0.283214663,0.000553154,0.000462907,0.000777532,1
actual,26,76,nb,0,512,65536,0.292031142,0.000570373,0.000473738,0.000841175,1
actual,27,77,nb,0,512,65536,0.284238909,0.000555154,0.000472506,0.000785056,1
actual,28,78,nb,0,512,65536,0.289528142,0.000565485,0.000475360,0.000818569,1
actual,29,79,nb,0,512,65536,0.284174284,0.000555028,0.000438512,0.000749932,1
actual,30,80,nb,0,512,65536,0.286206414,0.000558997,0.000472475,0.000782080,1
actual,31,81,nb,0,512,65536,0.285462858,0.000557545,0.000466434,0.000775809,1
actual,32,82,nb,0,512,65536,0.289915887,0.000566242,0.000469559,0.000770519,1
actual,33,83,nb,0,512,65536,0.286430711,0.000559435,0.000477324,0.000826225,1
actual,34,84,nb,0,512,65536,0.285598105,0.000557809,0.000463487,0.000739292,1
actual,35,85,nb,0,512,65536,0.287530122,0.000561582,0.000471853,0.000739223,1
actual,36,86,nb,0,512,65536,0.283791547,0.000554280,0.000478004,0.000750378,1
actual,37,87,nb,0,512,65536,0.289805279,0.000566026,0.000481562,0.000740749,1
actual,38,88,nb,0,512,65536,0.290450202,0.000567286,0.000481322,0.000776610,1
actual,39,89,nb,0,512,65536,0.284529315,0.000555721,0.000464931,0.000779446,1
actual,40,90,nb,0,512,65536,0.289333398,0.000565104,0.000451387,0.000785948,1
actual,41,91,nb,0,512,65536,0.294869757,0.000575917,0.000482744,0.000797276,1
actual,42,92,nb,0,512,65536,0.285184377,0.000557001,0.000475120,0.000779295,1
actual,43,93,nb,0,512,65536,0.285677106,0.000557963,0.000470700,0.000757506,1
actual,44,94,nb,0,512,65536,0.287913786,0.000562332,0.000479958,0.000811916,1
actual,45,95,nb,0,512,65536,0.281683313,0.000550163,0.000472045,0.000736186,1
actual,46,96,nb,0,512,65536,0.282607328,0.000551967,0.000457166,0.000778513,1
actual,47,97,nb,0,512,65536,0.295677995,0.000577496,0.000494165,0.000795520,1
actual,48,98,nb,0,512,65536,0.279896166,0.000546672,0.000391563,0.000771030,1
actual,49,99,nb,0,512,65536,0.283199571,0.000553124,0.000467777,0.000737910,1
warmup,0,0,nb,0,512,98304,0.324050195,0.000632911,0.000527808,0.000849521,1
warmup,1,1,nb,0,512,98304,0.317665343,0.000620440,0.000491713,0.000907900,1
warmup,2,2,nb,0,512,98304,0.315404341,0.000616024,0.000522840,0.000865161,1
warmup,3,3,nb,0,512,98304,0.321044481,0.000627040,0.000536733,0.000854340,1
warmup,4,4,nb,0,512,98304,0.325086532,0.000634935,0.000523771,0.000827165,1
warmup,5,5,nb,0,512,98304,0.324935464,0.000634640,0.000539942,0.000884271,1
warmup,6,6,nb,0,512,98304,0.319201211,0.000623440,0.000504866,0.000878020,1
warmup,7,7,nb,0,512,98304,0.312527095,0.000610404,0.000513411,0.000813229,1
warmup,8,8,nb,0,512,98304,0.320971380,0.000626897,0.000526925,0.000870299,1
warmup,9,9,nb,0,512,98304,0.316795314,0.000618741,0.000514993,0.000851300,1
warmup,10,10,nb,0,512,98304,0.317237747,0.000619605,0.000525393,0.000824203,1
warmup,11,11,nb,0,512,98304,0.320957436,0.000626870,0.000536166,0.000825955,1
warmup,12,12,nb,0,512,98304,0.319209959,0.000623457,0.000469408,0.000872752,1
warmup,13,13,nb,0,512,98304,0.329186862,0.000642943,0.000538920,0.000876750,1
warmup,14,14,nb,0,512,98304,0.319636185,0.000624289,0.000522277,0.000851631,1
warmup,15,15,nb,0,512,98304,0.322771509,0.000630413,0.000530612,0.000878773,1
warmup,16,16,nb,0,512,98304,0.322474861,0.000629834,0.000537095,0.000835420,1
warmup,17,17,nb,0,512,98304,0.329338431,0.000643239,0.000553605,0.000835720,1
warmup,18,18,nb,0,512,98304,0.322968371,0.000630798,0.000534144,0.000881847,1
warmup,19,19,nb,0,512,98304,0.316258410,0.000617692,0.000523200,0.000866758,1
warmup,20,20,nb,0,512,98304,0.316545119,0.000618252,0.000526009,0.000835472,1
warmup,21,21,nb,0,512,98304,0.318605166,0.000622276,0.000517979,0.000888814,1
warmup,22,22,nb,0,512,98304,0.325992033,0.000636703,0.000541364,0.000914139,1
warmup,23,23,nb,0,512,98304,0.327368554,0.000639392,0.000547255,0.000854740,1
warmup,24,24,nb,0,512,98304,0.322564880,0.000630010,0.000538617,0.000861740,1
warmup,25,25,nb,0,512,98304,0.321220444,0.000627384,0.000528480,0.000849892,1
warmup,26,26,nb,0,512,98304,0.319142868,0.000623326,0.000507270,0.000812347,1
warmup,27,27,nb,0,512,98304,0.318642174,0.000622348,0.000523110,0.000851985,1
warmup,28,28,nb,0,512,98304,0.327902021,0.000640434,0.000534780,0.000885356,1
warmup,29,29,nb,0,512,98304,0.320791245,0.000626545,0.000526456,0.000874743,1
warmup,30,30,nb,0,512,98304,0.321597100,0.000628119,0.000532377,0.000850308,1
warmup,31,31,nb,0,512,98304,0.312440225,0.000610235,0.000518248,0.000832449,1
warmup,32,32,nb,0,512,98304,0.316674873,0.000618506,0.000518860,0.000860317,1
warmup,33,33,nb,0,512,98304,0.328961376,0.000642503,0.000547003,0.000891688,1
warmup,34,34,nb,0,512,98304,0.328602886,0.000641803,0.000551675,0.000853218,1
warmup,35,35,nb,0,512,98304,0.322527495,0.000629937,0.000533098,0.000839958,1
warmup,36,36,nb,0,512,98304,0.320936644,0.000626829,0.000530995,0.000865341,1
warmup,37,37,nb,0,512,98304,0.315758796,0.000616716,0.000520234,0.000890942,1
warmup,38,38,nb,0,512,98304,0.314169688,0.000613613,0.000505450,0.000826876,1
warmup,39,39,nb,0,512,98304,0.329010550,0.000642599,0.000557624,0.000849090,1
warmup,40,40,nb,0,512,98304,0.317568642,0.000620251,0.000513433,0.000851284,1
warmup,41,41,nb,0,512,98304,0.326723899,0.000638133,0.000539652,0.000870786,1
warmup,42,42,nb,0,512,98304,0.326683111,0.000638053,0.000541993,0.000862470,1
warmup,43,43,nb,0,512,98304,0.324327701,0.000633453,0.000539941,0.000850538,1
warmup,44,44,nb,0,512,98304,0.322651950,0.000630180,0.000533538,0.000831042,1
warmup,45,45,nb,0,512,98304,0.320154463,0.000625302,0.000502883,0.000897229,1
warmup,46,46,nb,0,512,98304,0.318429110,0.000621932,0.000530683,0.000867755,1
warmup,47,47,nb,0,512,98304,0.317389637,0.000619902,0.000418784,0.000887142,1
warmup,48,48,nb,0,512,98304,0.315401989,0.000616020,0.000515774,0.000866332,1
warmup,49,49,nb,0,512,98304,0.327900770,0.000640431,0.000535053,0.000877331,1
actual,0,50,nb,0,512,98304,0.324631837,0.000634047,0.000533828,0.000869358,1
actual,1,51,nb,0,512,98304,0.316668960,0.000618494,0.000512580,0.000855913,1
actual,2,52,nb,0,512,98304,0.322269809,0.000629433,0.000533207,0.000867159,1
actual,3,53,nb,0,512,98304,0.331747832,0.000647945,0.000421661,0.000870675,1
actual,4,54,nb,0,512,98304,0.314401908,0.000614066,0.000528179,0.000842814,1
actual,5,55,nb,0,512,98304,0.317373894,0.000619871,0.000526685,0.000903202,1
actual,6,56,nb,0,512,98304,0.322145580,0.000629191,0.000479870,0.000830112,1
actual,7,57,nb,0,512,98304,0.321376571,0.000627689,0.000524371,0.000853935,1
actual,8,58,nb,0,512,98304,0.317120533,0.000619376,0.000517309,0.000820084,1
actual,9,59,nb,0,512,98304,0.313021144,0.000611369,0.000510416,0.000811498,1
actual,10,60,nb,0,512,98304,0.316147197,0.000617475,0.000528480,0.000845183,1
actual,11,61,nb,0,512,98304,0.324987191,0.000634741,0.000535241,0.000867900,1
actual,12,62,nb,0,512,98304,0.316170537,0.000617521,0.000528500,0.000806821,1
actual,13,63,nb,0,512,98304,0.319955395,0.000624913,0.000523191,0.000854150,1
actual,14,64,nb,0,512,98304,0.324641077,0.000634065,0.000544739,0.000844647,1
actual,15,65,nb,0,512,98304,0.311149402,0.000607714,0.000513652,0.000837298,1
actual,16,66,nb,0,512,98304,0.317345497,0.000619815,0.000518537,0.000843065,1
actual,17,67,nb,0,512,98304,0.325178240,0.000635114,0.000532776,0.000891354,1
actual,18,68,nb,0,512,98304,0.321606892,0.000628138,0.000532466,0.000870099,1
actual,19,69,nb,0,512,98304,0.319409847,0.000623847,0.000519351,0.000832008,1
actual,20,70,nb,0,512,98304,0.326408314,0.000637516,0.000549207,0.000897932,1
actual,21,71,nb,0,512,98304,0.317822240,0.000620747,0.000529580,0.000874137,1
actual,22,72,nb,0,512,98304,0.322704508,0.000630282,0.000516866,0.000826265,1
actual,23,73,nb,0,512,98304,0.317560522,0.000620235,0.000521416,0.000845028,1
actual,24,74,nb,0,512,98304,0.325595410,0.000635929,0.000541748,0.000857902,1
actual,25,75,nb,0,512,98304,0.321831161,0.000628576,0.000525133,0.000869534,1
actual,26,76,nb,0,512,98304,0.312902223,0.000611137,0.000512864,0.000813993,1
actual,27,77,nb,0,512,98304,0.315483389,0.000616178,0.000521947,0.000883654,1
actual,28,78,nb,0,512,98304,0.323728304,0.000632282,0.000533589,0.000889671,1
actual,29,79,nb,0,512,98304,0.319629561,0.000624276,0.000520615,0.000830330,1
actual,30,80,nb,0,512,98304,0.319326977,0.000623686,0.000530704,0.000869002,1
actual,31,81,nb,0,512,98304,0.326326977,0.000637357,0.000535162,0.000891527,1
actual,32,82,nb,0,512,98304,0.317295635,0.000619718,0.000529169,0.000831656,1
actual,33,83,nb,0,512,98304,0.327518422,0.000639684,0.000548226,0.000892279,1
actual,34,84,nb,0,512,98304,0.312892053,0.000611117,0.000514753,0.000820805,1
actual,35,85,nb,0,512,98304,0.316764304,0.000618680,0.000527177,0.000860672,1
actual,36,86,nb,0,512,98304,0.314556222,0.000614368,0.000518872,0.000808897,1
actual,37,87,nb,0,512,98304,0.343731060,0.000671350,0.000585015,0.000846313,1
actual,38,88,nb,0,512,98304,0.315314926,0.000615849,0.000379180,0.000865460,1
actual,39,89,nb,0,512,98304,0.326562365,0.000637817,0.000545001,0.000878551,1
actual,40,90,nb,0,512,98304,0.311018278,0.000607458,0.000511578,0.000813749,1
actual,41,91,nb,0,512,98304,0.326331675,0.000637367,0.000535914,0.000865776,1
actual,42,92,nb,0,512,98304,0.323575788,0.000631984,0.000528762,0.000851269,1
actual,43,93,nb,0,512,98304,0.313743761,0.000612781,0.000486870,0.000857770,1
actual,44,94,nb,0,512,98304,0.316572150,0.000618305,0.000521196,0.000852045,1
actual,45,95,nb,0,512,98304,0.316309085,0.000617791,0.000523100,0.000842593,1
actual,46,96,nb,0,512,98304,0.315875595,0.000616945,0.000522919,0.000864574,1
actual,47,97,nb,0,512,98304,0.331356936,0.000647182,0.000502111,0.000855115,1
actual,48,98,nb,0,512,98304,0.326793405,0.000638268,0.000553937,0.000837514,1
actual,49,99,nb,0,512,98304,0.315772642,0.000616743,0.000514884,0.000826183,1
warmup,0,0,nb,0,512,131072,0.360494769,0.000704091,0.000568042,0.000957859,1
warmup,1,1,nb,0,512,131072,0.358060032,0.000699336,0.000585940,0.000931271,1
warmup,2,2,nb,0,512,131072,0.351697018,0.000686908,0.000573153,0.000957290,1
warmup,3,3,nb,0,512,131072,0.359698918,0.000702537,0.000596559,0.000952238,1
warmup,4,4,nb,0,512,131072,0.346026846,0.000675834,0.000565671,0.000905611,1
warmup,5,5,nb,0,512,131072,0.360414867,0.000703935,0.000601960,0.000897939,1
warmup,6,6,nb,0,512,131072,0.355892627,0.000695103,0.000587981,0.000941217,1
warmup,7,7,nb,0,512,131072,0.352480741,0.000688439,0.000577099,0.000926869,1
warmup,8,8,nb,0,512,131072,0.357491505,0.000698226,0.000590986,0.000903991,1
warmup,9,9,nb,0,512,131072,0.351062180,0.000685668,0.000584324,0.000887470,1
warmup,10,10,nb,0,512,131072,0.355772130,0.000694867,0.000592108,0.000875617,1
warmup,11,11,nb,0,512,131072,0.351620171,0.000686758,0.000587051,0.000905033,1
warmup,12,12,nb,0,512,131072,0.355963028,0.000695240,0.000587068,0.000908717,1
warmup,13,13,nb,0,512,131072,0.355134749,0.000693623,0.000587489,0.000876392,1
warmup,14,14,nb,0,512,131072,0.350449456,0.000684472,0.000568498,0.000903459,1
warmup,15,15,nb,0,512,131072,0.359677292,0.000702495,0.000600394,0.000928707,1
warmup,16,16,nb,0,512,131072,0.355845507,0.000695011,0.000594222,0.000952433,1
warmup,17,17,nb,0,512,131072,0.359220061,0.000701602,0.000585757,0.000918778,1
warmup,18,18,nb,0,512,131072,0.359984732,0.000703095,0.000603649,0.000915723,1
warmup,19,19,nb,0,512,131072,0.355963632,0.000695241,0.000592199,0.000953172,1
warmup,20,20,nb,0,512,131072,0.362807016,0.000708607,0.000611774,0.000919805,1
warmup,21,21,nb,0,512,131072,0.352841277,0.000689143,0.000581577,0.000911722,1
warmup,22,22,nb,0,512,131072,0.357025053,0.000697315,0.000585657,0.000908960,1
warmup,23,23,nb,0,512,131072,0.351700088,0.000686914,0.000585245,0.000954868,1
warmup,24,24,nb,0,512,131072,0.361738785,0.000706521,0.000597147,0.000983062,1
warmup,25,25,nb,0,512,131072,0.351668459,0.000686852,0.000573101,0.000915590,1
warmup,26,26,nb,0,512,131072,0.357782207,0.000698793,0.000591020,0.000977268,1
warmup,27,27,nb,0,512,131072,0.359794022,0.000702723,0.000599404,0.000940115,1
warmup,28,28,nb,0,512,131072,0.350226013,0.000684035,0.000581817,0.000920910,1
warmup,29,29,nb,0,512,131072,0.358139057,0.000699490,0.000593834,0.000926182,1
warmup,30,30,nb,0,512,131072,0.350933722,0.000685417,0.000581517,0.000943474,1
warmup,31,31,nb,0,512,131072,0.349309515,0.000682245,0.000579675,0.000989220,1
warmup,32,32,nb,0,512,131072,0.355904163,0.000695125,0.000588394,0.000921855,1
warmup,33,33,nb,0,512,131072,0.346183314,0.000676139,0.000571672,0.000911502,1
warmup,34,34,nb,0,512,131072,0.363420645,0.000709806,0.000596598,0.000932331,1
warmup,35,35,nb,0,512,131072,0.354880239,0.000693125,0.000584495,0.000958885,1
warmup,36,36,nb,0,512,131072,0.347719746,0.000679140,0.000573142,0.000922646,1
warmup,37,37,nb,0,512,131072,0.355072507,0.000693501,0.000594102,0.000976155,1
warmup,38,38,nb,0,512,131072,0.348804955,0.000681260,0.000563404,0.000939404,1
warmup,39,39,nb,0,512,131072,0.359861215,0.000702854,0.000591297,0.000940857,1
warmup,40,40,nb,0,512,131072,0.348749418,0.000681151,0.000560100,0.000958191,1
warmup,41,41,nb,0,512,131072,0.356974390,0.000697216,0.000588270,0.000935570,1
warmup,42,42,nb,0,512,131072,0.353599622,0.000690624,0.000594114,0.000878164,1
warmup,43,43,nb,0,512,131072,0.353289364,0.000690018,0.000586257,0.000979584,1
warmup,44,44,nb,0,512,131072,0.346459463,0.000676679,0.000573554,0.000930748,1
warmup,45,45,nb,0,512,131072,0.345714873,0.000675224,0.000574945,0.000932059,1
warmup,46,46,nb,0,512,131072,0.359782261,0.000702700,0.000592401,0.000915581,1
warmup,47,47,nb,0,512,131072,0.349340249,0.000682305,0.000575688,0.000957348,1
warmup,48,48,nb,0,512,131072,0.353768467,0.000690954,0.000581507,0.000952141,1
warmup,49,49,nb,0,512,131072,0.353844812,0.000691103,0.000579404,0.000950648,1
actual,0,50,nb,0,512,131072,0.355773870,0.000694871,0.000592561,0.000932717,1
actual,1,51,nb,0,512,131072,0.355533817,0.000694402,0.000595816,0.000909231,1
actual,2,52,nb,0,512,131072,0.357475400,0.000698194,0.000591811,0.000974863,1
actual,3,53,nb,0,512,131072,0.354159050,0.000691717,0.000576459,0.000950936,1
actual,4,54,nb,0,512,131072,0.358823473,0.000700827,0.000593711,0.000969223,1
actual,5,55,nb,0,512,131072,0.359846354,0.000702825,0.000598332,0.000991674,1
actual,6,56,nb,0,512,131072,0.356877600,0.000697027,0.000579885,0.000920513,1
actual,7,57,nb,0,512,131072,0.351045278,0.000685635,0.000572943,0.000946106,1
actual,8,58,nb,0,512,131072,0.348201134,0.000680080,0.000565970,0.000900263,1
actual,9,59,nb,0,512,131072,0.356653528,0.000696589,0.000595434,0.000923639,1
actual,10,60,nb,0,512,131072,0.345913096,0.000675612,0.000572733,0.000961411,1
actual,11,61,nb,0,512,131072,0.363583430,0.000710124,0.000577443,0.000962738,1
actual,12,62,nb,0,512,131072,0.344911565,0.000673655,0.000565691,0.000933373,1
actual,13,63,nb,0,512,131072,0.355116705,0.000693587,0.000591326,0.000926499,1
actual,14,64,nb,0,512,131072,0.353133834,0.000689715,0.000582120,0.000944165,1
actual,15,65,nb,0,512,131072,0.344159393,0.000672186,0.000573035,0.000909801,1
actual,16,66,nb,0,512,131072,0.359817333,0.000702768,0.000602126,0.000924609,1
actual,17,67,nb,0,512,131072,0.353223080,0.000689889,0.000594375,0.000895875,1
actual,18,68,nb,0,512,131072,0.357834729,0.000698896,0.000598380,0.000927602,1
actual,19,69,nb,0,512,131072,0.345532903,0.000674869,0.000560870,0.000920630,1
actual,20,70,nb,0,512,131072,0.354140416,0.000691680,0.000579574,0.000969185,1
actual,21,71,nb,0,512,131072,0.356414249,0.000696122,0.000591036,0.000920902,1
actual,22,72,nb,0,512,131072,0.350796450,0.000685149,0.000574885,0.000944887,1
actual,23,73,nb,0,512,131072,0.348471059,0.000680608,0.000578184,0.000907214,1
actual,24,74,nb,0,512,131072,0.351536063,0.000686594,0.000577493,0.000975945,1
actual,25,75,nb,0,512,131072,0.350772407,0.000685102,0.000574787,0.000945165,1
actual,26,76,nb,0,512,131072,0.360876427,0.000704837,0.000597499,0.000914270,1
actual,27,77,nb,0,512,131072,0.354593181,0.000692565,0.000586528,0.000991437,1
actual,28,78,nb,0,512,131072,0.351261907,0.000686058,0.000575952,0.000915070,1
actual,29,79,nb,0,512,131072,0.349777950,0.000683160,0.000572771,0.000935569,1
actual,30,80,nb,0,512,131072,0.352741437,0.000688948,0.000588123,0.000979431,1
actual,31,81,nb,0,512,131072,0.356573580,0.000696433,0.000592211,0.000907547,1
actual,32,82,nb,0,512,131072,0.354516701,0.000692415,0.000591426,0.000925533,1
actual,33,83,nb,0,512,131072,0.357276614,0.000697806,0.000583572,0.000937666,1
actual,34,84,nb,0,512,131072,0.357374060,0.000697996,0.000596247,0.000920660,1
actual,35,85,nb,0,512,131072,0.348005689,0.000679699,0.000567343,0.000916010,1
actual,36,86,nb,0,512,131072,0.355485436,0.000694307,0.000582530,0.000962271,1
actual,37,87,nb,0,512,131072,0.355823449,0.000694968,0.000593174,0.000930840,1
actual,38,88,nb,0,512,131072,0.358665405,0.000700518,0.000583151,0.000915662,1
actual,39,89,nb,0,512,131072,0.351354714,0.000686240,0.000579674,0.000930449,1
actual,40,90,nb,0,512,131072,0.346492999,0.000676744,0.000568615,0.000931051,1
actual,41,91,nb,0,512,131072,0.353634782,0.000690693,0.000588113,0.000918680,1
actual,42,92,nb,0,512,131072,0.346983838,0.000677703,0.000577913,0.000897628,1
actual,43,93,nb,0,512,131072,0.356318269,0.000695934,0.000590926,0.000920479,1
actual,44,94,nb,0,512,131072,0.353349310,0.000690135,0.000583242,0.000896318,1
actual,45,95,nb,0,512,131072,0.355378152,0.000694098,0.000590347,0.000914711,1
actual,46,96,nb,0,512,131072,0.356174861,0.000695654,0.000587069,0.000969142,1
actual,47,97,nb,0,512,131072,0.358270129,0.000699746,0.000591647,0.000917542,1
actual,48,98,nb,0,512,131072,0.354635067,0.000692647,0.000586579,0.000893781,1
actual,49,99,nb,0,512,131072,0.354411569,0.000692210,0.000573423,0.000928715,1
warmup,0,0,nb,0,512,196608,0.421508127,0.000823258,0.000690062,0.001070698,1
warmup,1,1,nb,0,512,196608,0.406701556,0.000794339,0.000662132,0.001080789,1
warmup,2,2,nb,0,512,196608,0.410970337,0.000802676,0.000681226,0.001134554,1
warmup,3,3,nb,0,512,196608,0.420930546,0.000822130,0.000674895,0.001143469,1
warmup,4,4,nb,0,512,196608,0.421117519,0.000822495,0.000685132,0.001178900,1
warmup,5,5,nb,0,512,196608,0.409132487,0.000799087,0.000667818,0.001130962,1
warmup,6,6,nb,0,512,196608,0.403515344,0.000788116,0.000652771,0.001098271,1
warmup,7,7,nb,0,512,196608,0.407323518,0.000795554,0.000669352,0.001086158,1
warmup,8,8,nb,0,512,196608,0.418011310,0.000816428,0.000670987,0.001129953,1
warmup,9,9,nb,0,512,196608,0.411088076,0.000802906,0.000663010,0.001123508,1
warmup,10,10,nb,0,512,196608,0.404593288,0.000790221,0.000667329,0.001068678,1
warmup,11,11,nb,0,512,196608,0.405214547,0.000791435,0.000651259,0.001081539,1
warmup,12,12,nb,0,512,196608,0.412640641,0.000805939,0.000682648,0.001085851,1
warmup,13,13,nb,0,512,196608,0.410192505,0.000801157,0.000667608,0.001081067,1
warmup,14,14,nb,0,512,196608,0.412438851,0.000805545,0.000669602,0.001118784,1
warmup,15,15,nb,0,512,196608,0.406277086,0.000793510,0.000654975,0.001059173,1
warmup,16,16,nb,0,512,196608,0.412873240,0.000806393,0.000664232,0.001026783,1
warmup,17,17,nb,0,512,196608,0.413328452,0.000807282,0.000678432,0.001092430,1
warmup,18,18,nb,0,512,196608,0.407553784,0.000796003,0.000666438,0.001063549,1
warmup,19,19,nb,0,512,196608,0.406877032,0.000794682,0.000679953,0.001040203,1
warmup,20,20,nb,0,512,196608,0.408554662,0.000797958,0.000656077,0.001134421,1
warmup,21,21,nb,0,512,196608,0.410535482,0.000801827,0.000666279,0.001067141,1
warmup,22,22,nb,0,512,196608,0.406709844,0.000794355,0.000669242,0.001064721,1
warmup,23,23,nb,0,512,196608,0.401866010,0.000784895,0.000661320,0.001087068,1
warmup,24,24,nb,0,512,196608,0.406789682,0.000794511,0.000673069,0.001044250,1
warmup,25,25,nb,0,512,196608,0.410635218,0.000802022,0.000666227,0.001073615,1
warmup,26,26,nb,0,512,196608,0.411124309,0.000802977,0.000672517,0.001057621,1
warmup,27,27,nb,0,512,196608,0.398400968,0.000778127,0.000654816,0.001051056,1
warmup,28,28,nb,0,512,196608,0.404113994,0.000789285,0.000667902,0.001047929,1
warmup,29,29,nb,0,512,196608,0.410946974,0.000802631,0.000658203,0.001120819,1
warmup,30,30,nb,0,512,196608,0.407595512,0.000796085,0.000661677,0.001141665,1
warmup,31,31,nb,0,512,196608,0.410484124,0.000801727,0.000657078,0.001038909,1
warmup,32,32,nb,0,512,196608,0.410960139,0.000802657,0.000672951,0.001067118,1
warmup,33,33,nb,0,512,196608,0.405213455,0.000791433,0.000670625,0.001038411,1
warmup,34,34,nb,0,512,196608,0.399648430,0.000780563,0.000634120,0.001096453,1
warmup,35,35,nb,0,512,196608,0.408166172,0.000797200,0.000666207,0.001145733,1
warmup,36,36,nb,0,512,196608,0.402987142,0.000787084,0.000653622,0.001074749,1
warmup,37,37,nb,0,512,196608,0.408738116,0.000798317,0.000663864,0.001126627,1
warmup,38,38,nb,0,512,196608,0.409492135,0.000799789,0.000668369,0.001098492,1
warmup,39,39,nb,0,512,196608,0.409073041,0.000798971,0.000675414,0.001096095,1
warmup,40,40,nb,0,512,196608,0.413879134,0.000808358,0.000678482,0.001094224,1
warmup,41,41,nb,0,512,196608,0.402272405,0.000785688,0.000670013,0.001114862,1
warmup,42,42,nb,0,512,196608,0.405580237,0.000792149,0.000668240,0.001031913,1
warmup,43,43,nb,0,512,196608,0.413771461,0.000808147,0.000661526,0.001138709,1
warmup,44,44,nb,0,512,196608,0.414063162,0.000808717,0.000663641,0.001069941,1
warmup,45,45,nb,0,512,196608,0.412330562,0.000805333,0.000668531,0.001057862,1
warmup,46,46,nb,0,512,196608,0.410211553,0.000801194,0.000670525,0.001129091,1
warmup,47,47,nb,0,512,196608,0.410686276,0.000802122,0.000673692,0.001044097,1
warmup,48,48,nb,0,512,196608,0.406731342,0.000794397,0.000653295,0.001098970,1
warmup,49,49,nb,0,512,196608,0.408852569,0.000798540,0.000668490,0.001090074,1
actual,0,50,nb,0,512,196608,0.402171152,0.000785491,0.000648823,0.001083905,1
actual,1,51,nb,0,512,196608,0.411239714,0.000803203,0.000673633,0.001091036,1
actual,2,52,nb,0,512,196608,0.402055173,0.000785264,0.000662659,0.001081648,1
actual,3,53,nb,0,512,196608,0.411985520,0.000804659,0.000670894,0.001134444,1
actual,4,54,nb,0,512,196608,0.413115985,0.000806867,0.000672738,0.001020965,1
actual,5,55,nb,0,512,196608,0.401185593,0.000783566,0.000648162,0.001083213,1
actual,6,56,nb,0,512,196608,0.405165375,0.000791339,0.000667228,0.001053007,1
actual,7,57,nb,0,512,196608,0.418548432,0.000817477,0.000690324,0.001066166,1
actual,8,58,nb,0,512,196608,0.406727350,0.000794389,0.000676946,0.001047969,1
actual,9,59,nb,0,512,196608,0.408247038,0.000797357,0.000671456,0.001044034,1
actual,10,60,nb,0,512,196608,0.406644874,0.000794228,0.000665247,0.001088593,1
actual,11,61,nb,0,512,196608,0.410044680,0.000800869,0.000668611,0.001090068,1
actual,12,62,nb,0,512,196608,0.407556551,0.000796009,0.000658853,0.001101272,1
actual,13,63,nb,0,512,196608,0.407338405,0.000795583,0.000667842,0.001019186,1
actual,14,64,nb,0,512,196608,0.399525352,0.000780323,0.000657188,0.001130073,1
actual,15,65,nb,0,512,196608,0.416275466,0.000813038,0.000674725,0.001154402,1
actual,16,66,nb,0,512,196608,0.408245638,0.000797355,0.000677770,0.001055624,1
actual,17,67,nb,0,512,196608,0.417251718,0.000814945,0.000678149,0.001077961,1
actual,18,68,nb,0,512,196608,0.403041029,0.000787190,0.000655268,0.001065460,1
actual,19,69,nb,0,512,196608,0.408674481,0.000798192,0.000667582,0.001066852,1
actual,20,70,nb,0,512,196608,0.404225527,0.000789503,0.000662673,0.001078519,1
actual,21,71,nb,0,512,196608,0.403394682,0.000787880,0.000663280,0.001071924,1
actual,22,72,nb,0,512,196608,0.413804000,0.000808211,0.000670003,0.001079362,1
actual,23,73,nb,0,512,196608,0.409474513,0.000799755,0.000661130,0.001070228,1
actual,24,74,nb,0,512,196608,0.410559144,0.000801873,0.000668991,0.001112640,1
actual,25,75,nb,0,512,196608,0.413862493,0.000808325,0.000684381,0.001025954,1
actual,26,76,nb,0,512,196608,0.407094078,0.000795106,0.000669194,0.001073332,1
actual,27,77,nb,0,512,196608,0.410430052,0.000801621,0.000667418,0.001048892,1
actual,28,78,nb,0,512,196608,0.415169281,0.000810878,0.000682470,0.001118299,1
actual,29,79,nb,0,512,196608,0.407738908,0.000796365,0.000658174,0.001093364,1
actual,30,80,nb,0,512,196608,0.394915588,0.000771320,0.000640879,0.001057756,1
actual,31,81,nb,0,512,196608,0.398907343,0.000779116,0.000654434,0.001088405,1
actual,32,82,nb,0,512,196608,0.408308271,0.000797477,0.000673234,0.001137346,1
actual,33,83,nb,0,512,196608,0.410583283,0.000801920,0.000679464,0.001086629,1
actual,34,84,nb,0,512,196608,0.410992809,0.000802720,0.000677507,0.001126526,1
actual,35,85,nb,0,512,196608,0.399758866,0.000780779,0.000646770,0.001121577,1
actual,36,86,nb,0,512,196608,0.411479563,0.000803671,0.000681005,0.001083563,1
actual,37,87,nb,0,512,196608,0.405718460,0.000792419,0.000668181,0.001144150,1
actual,38,88,nb,0,512,196608,0.414903254,0.000810358,0.000681495,0.001071260,1
actual,39,89,nb,0,512,196608,0.409341834,0.000799496,0.000678550,0.001070041,1
actual,40,90,nb,0,512,196608,0.409174269,0.000799168,0.000662919,0.001066004,1
actual,41,91,nb,0,512,196608,0.406959917,0.000794844,0.000655760,0.001115917,1
actual,42,92,nb,0,512,196608,0.410786591,0.000802318,0.000658124,0.001060904,1
actual,43,93,nb,0,512,196608,0.408630553,0.000798107,0.000673122,0.001117095,1
actual,44,94,nb,0,512,196608,0.411285408,0.000803292,0.000669605,0.001091557,1
actual,45,95,nb,0,512,196608,0.406361346,0.000793675,0.000664154,0.001113728,1
actual,46,96,nb,0,512,196608,0.408525108,0.000797901,0.000673449,0.001020318,1
actual,47,97,nb,0,512,196608,0.403828312,0.000788727,0.000656558,0.001070702,1
actual,48,98,nb,0,512,196608,0.402273607,0.000785691,0.000641352,0.001100635,1
actual,49,99,nb,0,512,196608,0.396115936,0.000773664,0.000647451,0.001062614,1
warmup,0,0,nb,0,512,262144,0.483591400,0.000944514,0.000769022,0.001301479,1
warmup,1,1,nb,0,512,262144,0.478615388,0.000934796,0.000784990,0.001317087,1
warmup,2,2,nb,0,512,262144,0.483238854,0.000943826,0.000771192,0.001274951,1
warmup,3,3,nb,0,512,262144,0.475348958,0.000928416,0.000774191,0.001327432,1
warmup,4,4,nb,0,512,262144,0.470331643,0.000918616,0.000748992,0.001310601,1
warmup,5,5,nb,0,512,262144,0.478839737,0.000935234,0.000770324,0.001296367,1
warmup,6,6,nb,0,512,262144,0.465252066,0.000908695,0.000773271,0.001271003,1
warmup,7,7,nb,0,512,262144,0.465962661,0.000910083,0.000765505,0.001280284,1
warmup,8,8,nb,0,512,262144,0.469780129,0.000917539,0.000765823,0.001186752,1
warmup,9,9,nb,0,512,262144,0.473923199,0.000925631,0.000772629,0.001347626,1
warmup,10,10,nb,0,512,262144,0.475886526,0.000929466,0.000767760,0.001386908,1
warmup,11,11,nb,0,512,262144,0.468731031,0.000915490,0.000768780,0.001288214,1
warmup,12,12,nb,0,512,262144,0.464120864,0.000906486,0.000745648,0.001180352,1
warmup,13,13,nb,0,512,262144,0.467130551,0.000912364,0.000752426,0.001320795,1
warmup,14,14,nb,0,512,262144,0.463037076,0.000904369,0.000760195,0.001221662,1
warmup,15,15,nb,0,512,262144,0.475200846,0.000928127,0.000767396,0.001387178,1
warmup,16,16,nb,0,512,262144,0.464117928,0.000906480,0.000754554,0.001285247,1
warmup,17,17,nb,0,512,262144,0.471273737,0.000920457,0.000755306,0.001323194,1
warmup,18,18,nb,0,512,262144,0.470728660,0.000919392,0.000768502,0.001326491,1
warmup,19,19,nb,0,512,262144,0.468560406,0.000915157,0.000759233,0.001273615,1
warmup,20,20,nb,0,512,262144,0.467655407,0.000913389,0.000755974,0.001320159,1
warmup,21,21,nb,0,512,262144,0.466712674,0.000911548,0.000763299,0.001217137,1
warmup,22,22,nb,0,512,262144,0.478650302,0.000934864,0.000793067,0.001217767,1
warmup,23,23,nb,0,512,262144,0.468016009,0.000914094,0.000771897,0.001273816,1
warmup,24,24,nb,0,512,262144,0.467294740,0.000912685,0.000760446,0.001299791,1
warmup,25,25,nb,0,512,262144,0.468174372,0.000914403,0.000756845,0.001279015,1
warmup,26,26,nb,0,512,262144,0.469963278,0.000917897,0.000728964,0.001276686,1
warmup,27,27,nb,0,512,262144,0.474031715,0.000925843,0.000761074,0.001309261,1
warmup,28,28,nb,0,512,262144,0.464827055,0.000907865,0.000754835,0.001265521,1
warmup,29,29,nb,0,512,262144,0.469570136,0.000917129,0.000766647,0.001336273,1
warmup,30,30,nb,0,512,262144,0.462302263,0.000902934,0.000762340,0.001239522,1
warmup,31,31,nb,0,512,262144,0.468876832,0.000915775,0.000756850,0.001309238,1
warmup,32,32,nb,0,512,262144,0.468497060,0.000915033,0.000768689,0.001338864,1
warmup,33,33,nb,0,512,262144,0.467695415,0.000913468,0.000754805,0.001275460,1
warmup,34,34,nb,0,512,262144,0.466445484,0.000911026,0.000754233,0.001232901,1
warmup,35,35,nb,0,512,262144,0.465273379,0.000908737,0.000754445,0.001301809,1
warmup,36,36,nb,0,512,262144,0.468005729,0.000914074,0.000766425,0.001290596,1
warmup,37,37,nb,0,512,262144,0.469253202,0.000916510,0.000742771,0.001347565,1
warmup,38,38,nb,0,512,262144,0.466960528,0.000912032,0.000756318,0.001299876,1
warmup,39,39,nb,0,512,262144,0.465932919,0.000910025,0.000756248,0.001265673,1
warmup,40,40,nb,0,512,262144,0.471262227,0.000920434,0.000772043,0.001310704,1
warmup,41,41,nb,0,512,262144,0.472560580,0.000922970,0.000775454,0.001289455,1
warmup,42,42,nb,0,512,262144,0.468734801,0.000915498,0.000755906,0.001252226,1
warmup,43,43,nb,0,512,262144,0.464030645,0.000906310,0.000752521,0.001211279,1
warmup,44,44,nb,0,512,262144,0.469362851,0.000916724,0.000762981,0.001272052,1
warmup,45,45,nb,0,512,262144,0.465913202,0.000909987,0.000758340,0.001325288,1
warmup,46,46,nb,0,512,262144,0.470403742,0.000918757,0.000765483,0.001209864,1
warmup,47,47,nb,0,512,262144,0.463147766,0.000904585,0.000754082,0.001275442,1
warmup,48,48,nb,0,512,262144,0.464242985,0.000906725,0.000750306,0.001327572,1
warmup,49,49,nb,0,512,262144,0.465482304,0.000909145,0.000727153,0.001265501,1
actual,0,50,nb,0,512,262144,0.468244834,0.000914541,0.000753142,0.001294330,1
actual,1,51,nb,0,512,262144,0.468678334,0.000915387,0.000767057,0.001331550,1
actual,2,52,nb,0,512,262144,0.466240931,0.000910627,0.000762331,0.001278882,1
actual,3,53,nb,0,512,262144,0.472126791,0.000922123,0.000772166,0.001325048,1
actual,4,54,nb,0,512,262144,0.468249429,0.000914550,0.000750487,0.001254252,1
actual,5,55,nb,0,512,262144,0.464975260,0.000908155,0.000751076,0.001253629,1
actual,6,56,nb,0,512,262144,0.485597229,0.000948432,0.000764283,0.001250091,1
actual,7,57,nb,0,512,262144,0.472464958,0.000922783,0.000768470,0.001252459,1
actual,8,58,nb,0,512,262144,0.464481804,0.000907191,0.000769062,0.001243039,1
actual,9,59,nb,0,512,262144,0.468056832,0.000914174,0.000749105,0.001332141,1
actual,10,60,nb,0,512,262144,0.465541433,0.000909261,0.000769199,0.001218375,1
actual,11,61,nb,0,512,262144,0.466295995,0.000910734,0.000763660,0.001327763,1
actual,12,62,nb,0,512,262144,0.464719939,0.000907656,0.000766909,0.001212795,1
actual,13,63,nb,0,512,262144,0.473938743,0.000925662,0.000770200,0.001324061,1
actual,14,64,nb,0,512,262144,0.468550704,0.000915138,0.000760997,0.001296425,1
actual,15,65,nb,0,512,262144,0.479793180,0.000937096,0.000758668,0.001273872,1
actual,16,66,nb,0,512,262144,0.470359066,0.000918670,0.000768327,0.001347437,1
actual,17,67,nb,0,512,262144,0.470982732,0.000919888,0.000763821,0.001329506,1
actual,18,68,nb,0,512,262144,0.470368174,0.000918688,0.000756328,0.001296948,1
actual,19,69,nb,0,512,262144,0.469480886,0.000916955,0.000768246,0.001337305,1
actual,20,70,nb,0,512,262144,0.470561171,0.000919065,0.000765742,0.001306383,1
actual,21,71,nb,0,512,262144,0.467199929,0.000912500,0.000763810,0.001248625,1
actual,22,72,nb,0,512,262144,0.464820918,0.000907853,0.000757649,0.001299259,1
actual,23,73,nb,0,512,262144,0.467320133,0.000912735,0.000748894,0.001326945,1
actual,24,74,nb,0,512,262144,0.463884926,0.000906025,0.000751655,0.001223289,1
actual,25,75,nb,0,512,262144,0.466984346,0.000912079,0.000757887,0.001291505,1
actual,26,76,nb,0,512,262144,0.467747147,0.000913569,0.000751750,0.001350530,1
actual,27,77,nb,0,512,262144,0.468977072,0.000915971,0.000764721,0.001342410,1
actual,28,78,nb,0,512,262144,0.469527448,0.000917046,0.000757340,0.001258228,1
actual,29,79,nb,0,512,262144,0.465482426,0.000909145,0.000750836,0.001319951,1
actual,30,80,nb,0,512,262144,0.471141661,0.000920199,0.000769022,0.001270649,1
actual,31,81,nb,0,512,262144,0.465107750,0.000908414,0.000763520,0.001235340,1
actual,32,82,nb,0,512,262144,0.467762324,0.000913598,0.000770214,0.001234122,1
actual,33,83,nb,0,512,262144,0.466405605,0.000910948,0.000761045,0.001237384,1
actual,34,84,nb,0,512,262144,0.468567379,0.000915171,0.000744095,0.001285639,1
actual,35,85,nb,0,512,262144,0.466191318,0.000910530,0.000755727,0.001287688,1
actual,36,86,nb,0,512,262144,0.466095165,0.000910342,0.000744053,0.001281673,1
actual,37,87,nb,0,512,262144,0.470582810,0.000919107,0.000744624,0.001278203,1
actual,38,88,nb,0,512,262144,0.468750795,0.000915529,0.000773460,0.001301589,1
actual,39,89,nb,0,512,262144,0.464596180,0.000907414,0.000750497,0.001307996,1
actual,40,90,nb,0,512,262144,0.468935338,0.000915889,0.000759633,0.001288757,1
actual,41,91,nb,0,512,262144,0.468357300,0.000914760,0.000759824,0.001332071,1
actual,42,92,nb,0,512,262144,0.474699448,0.000927147,0.000786492,0.001305752,1
actual,43,93,nb,0,512,262144,0.470713857,0.000919363,0.000753663,0.001355859,1
actual,44,94,nb,0,512,262144,0.468661570,0.000915355,0.000762488,0.001328464,1
actual,45,95,nb,0,512,262144,0.468113976,0.000914285,0.000739917,0.001316051,1
actual,46,96,nb,0,512,262144,0.471201530,0.000920315,0.000758231,0.001249893,1
actual,47,97,nb,0,512,262144,0.466044881,0.000910244,0.000753523,0.001302596,1
actual,48,98,nb,0,512,262144,0.467580487,0.000913243,0.000753903,0.001267357,1
actual,49,99,nb,0,512,262144,0.481361090,0.000940158,0.000777294,0.001287284,1
warmup,0,0,nb,0,512,393216,0.619202792,0.001209380,0.000998743,0.001691623,1
warmup,1,1,nb,0,512,393216,0.607522804,0.001186568,0.000971078,0.001688661,1
warmup,2,2,nb,0,512,393216,0.586151586,0.001144827,0.000932699,0.001633979,1
warmup,3,3,nb,0,512,393216,0.588911789,0.001150218,0.000949350,0.001622397,1
warmup,4,4,nb,0,512,393216,0.588369721,0.001149160,0.000946433,0.001674735,1
warmup,5,5,nb,0,512,393216,0.586946657,0.001146380,0.000941540,0.001694137,1
warmup,6,6,nb,0,512,393216,0.581326721,0.001135404,0.000956172,0.001581912,1
warmup,7,7,nb,0,512,393216,0.582500099,0.001137696,0.000939120,0.001598953,1
warmup,8,8,nb,0,512,393216,0.576529915,0.001126035,0.000930645,0.001527526,1
warmup,9,9,nb,0,512,393216,0.579873933,0.001132566,0.000932225,0.001547490,1
warmup,10,10,nb,0,512,393216,0.582682310,0.001138051,0.000938740,0.001682878,1
warmup,11,11,nb,0,512,393216,0.580676204,0.001134133,0.000944490,0.001624872,1
warmup,12,12,nb,0,512,393216,0.581284655,0.001135322,0.000912310,0.001588390,1
warmup,13,13,nb,0,512,393216,0.580645894,0.001134074,0.000942604,0.001627346,1
warmup,14,14,nb,0,512,393216,0.577448955,0.001127830,0.000955331,0.001640370,1
warmup,15,15,nb,0,512,393216,0.579263346,0.001131374,0.000937756,0.001627206,1
warmup,16,16,nb,0,512,393216,0.585292805,0.001143150,0.000946454,0.001638427,1
warmup,17,17,nb,0,512,393216,0.581165713,0.001135089,0.000947716,0.001549862,1
warmup,18,18,nb,0,512,393216,0.579096318,0.001131047,0.000918332,0.001670868,1
warmup,19,19,nb,0,512,393216,0.578814251,0.001130497,0.000948719,0.001610584,1
warmup,20,20,nb,0,512,393216,0.580921667,0.001134613,0.000934712,0.001563327,1
warmup,21,21,nb,0,512,393216,0.571849657,0.001116894,0.000892233,0.001566563,1
warmup,22,22,nb,0,512,393216,0.577076841,0.001127103,0.000936746,0.001583945,1
warmup,23,23,nb,0,512,393216,0.581585808,0.001135910,0.000914111,0.001508978,1
warmup,24,24,nb,0,512,393216,0.577222818,0.001127388,0.000939519,0.001595388,1
warmup,25,25,nb,0,512,393216,0.574730635,0.001122521,0.000918101,0.001615534,1
warmup,26,26,nb,0,512,393216,0.580106570,0.001133021,0.000947617,0.001556895,1
warmup,27,27,nb,0,512,393216,0.579181567,0.001131214,0.000931909,0.001638587,1
warmup,28,28,nb,0,512,393216,0.576786293,0.001126536,0.000918441,0.001536113,1
warmup,29,29,nb,0,512,393216,0.568692173,0.001110727,0.000935755,0.001596068,1
warmup,30,30,nb,0,512,393216,0.575126947,0.001123295,0.000945798,0.001556344,1
warmup,31,31,nb,0,512,393216,0.573130964,0.001119396,0.000912879,0.001535151,1
warmup,32,32,nb,0,512,393216,0.577285618,0.001127511,0.000931165,0.001586377,1
warmup,33,33,nb,0,512,393216,0.581311250,0.001135374,0.000933049,0.001607320,1
warmup,34,34,nb,0,512,393216,0.583284330,0.001139227,0.000935424,0.001662091,1
warmup,35,35,nb,0,512,393216,0.576451375,0.001125882,0.000930329,0.001526368,1
warmup,36,36,nb,0,512,393216,0.583404515,0.001139462,0.000932750,0.001652033,1
warmup,37,37,nb,0,512,393216,0.574698056,0.001122457,0.000939983,0.001628709,1
warmup,38,38,nb,0,512,393216,0.575507445,0.001124038,0.000931588,0.001541473,1
warmup,39,39,nb,0,512,393216,0.581525301,0.001135792,0.000925575,0.001563183,1
warmup,40,40,nb,0,512,393216,0.579178860,0.001131209,0.000941764,0.001677971,1
warmup,41,41,nb,0,512,393216,0.573446245,0.001120012,0.000920426,0.001517522,1
warmup,42,42,nb,0,512,393216,0.577577808,0.001128082,0.000931664,0.001645280,1
warmup,43,43,nb,0,512,393216,0.573151840,0.001119437,0.000928010,0.001624231,1
warmup,44,44,nb,0,512,393216,0.577346131,0.001127629,0.000943870,0.001575079,1
warmup,45,45,nb,0,512,393216,0.578658123,0.001130192,0.000914311,0.001557337,1
warmup,46,46,nb,0,512,393216,0.582236195,0.001137180,0.000924153,0.001693400,1
warmup,47,47,nb,0,512,393216,0.578515783,0.001129914,0.000927730,0.001557333,1
warmup,48,48,nb,0,512,393216,0.583451791,0.001139554,0.000938229,0.001638226,1
warmup,49,49,nb,0,512,393216,0.574147892,0.001121383,0.000901911,0.001619362,1
actual,0,50,nb,0,512,393216,0.573656674,0.001120423,0.000921648,0.001606408,1
actual,1,51,nb,0,512,393216,0.577466679,0.001127865,0.000937027,0.001559911,1
actual,2,52,nb,0,512,393216,0.578852871,0.001130572,0.000916448,0.001555482,1
actual,3,53,nb,0,512,393216,0.580399918,0.001133594,0.000926677,0.001562883,1
actual,4,54,nb,0,512,393216,0.588329244,0.001149081,0.000949260,0.001604243,1
actual,5,55,nb,0,512,393216,0.575581742,0.001124183,0.000937755,0.001542014,1
actual,6,56,nb,0,512,393216,0.581692253,0.001136118,0.000950950,0.001558859,1
actual,7,57,nb,0,512,393216,0.579659545,0.001132148,0.000911689,0.001644739,1
actual,8,58,nb,0,512,393216,0.574022473,0.001121138,0.000918961,0.001597361,1
actual,9,59,nb,0,512,393216,0.577109749,0.001127167,0.000926768,0.001583765,1
actual,10,60,nb,0,512,393216,0.574941655,0.001122933,0.000922780,0.001582032,1
actual,11,61,nb,0,512,393216,0.575081630,0.001123206,0.000930242,0.001505206,1
actual,12,62,nb,0,512,393216,0.583132123,0.001138930,0.000945410,0.001577334,1
actual,13,63,nb,0,512,393216,0.573335123,0.001119795,0.000925080,0.001579677,1
actual,14,64,nb,0,512,393216,0.576925694,0.001126808,0.000927517,0.001560792,1
actual,15,65,nb,0,512,393216,0.577390201,0.001127715,0.000939972,0.001627077,1
actual,16,66,nb,0,512,393216,0.577028780,0.001127009,0.000919283,0.001647454,1
actual,17,67,nb,0,512,393216,0.576957450,0.001126870,0.000929493,0.001623779,1
actual,18,68,nb,0,512,393216,0.578433481,0.001129753,0.000924573,0.001595507,1
actual,19,69,nb,0,512,393216,0.583612874,0.001139869,0.000934292,0.001582453,1
actual,20,70,nb,0,512,393216,0.585467475,0.001143491,0.000969268,0.001603001,1
actual,21,71,nb,0,512,393216,0.576191156,0.001125373,0.000929072,0.001607078,1
actual,22,72,nb,0,512,393216,0.580455521,0.001133702,0.000918342,0.001624541,1
actual,23,73,nb,0,512,393216,0.575915891,0.001124836,0.000921507,0.001562094,1
actual,24,74,nb,0,512,393216,0.575789204,0.001124588,0.000930424,0.001582794,1
actual,25,75,nb,0,512,393216,0.578006767,0.001128919,0.000935622,0.001607510,1
actual,26,76,nb,0,512,393216,0.589078672,0.001150544,0.000961781,0.001671118,1
actual,27,77,nb,0,512,393216,0.580030874,0.001132873,0.000938597,0.001656271,1
actual,28,78,nb,0,512,393216,0.576774144,0.001126512,0.000928480,0.001583946,1
actual,29,79,nb,0,512,393216,0.572921994,0.001118988,0.000917821,0.001609804,1
actual,30,80,nb,0,512,393216,0.577293153,0.001127526,0.000943616,0.001645821,1
actual,31,81,nb,0,512,393216,0.581454531,0.001135653,0.000918482,0.001547224,1
actual,32,82,nb,0,512,393216,0.582145816,0.001137004,0.000947096,0.001678341,1
actual,33,83,nb,0,512,393216,0.579288761,0.001131423,0.000929753,0.001677951,1
actual,34,84,nb,0,512,393216,0.575687984,0.001124391,0.000925134,0.001606307,1
actual,35,85,nb,0,512,393216,0.574788465,0.001122634,0.000936356,0.001546422,1
actual,36,86,nb,0,512,393216,0.577244494,0.001127431,0.000933321,0.001592031,1
actual,37,87,nb,0,512,393216,0.577051953,0.001127055,0.000934252,0.001637516,1
actual,38,88,nb,0,512,393216,0.576692294,0.001126352,0.000943329,0.001518563,1
actual,39,89,nb,0,512,393216,0.577431674,0.001127796,0.000931788,0.001606677,1
actual,40,90,nb,0,512,393216,0.574504077,0.001122078,0.000928616,0.001583596,1
actual,41,91,nb,0,512,393216,0.575671320,0.001124358,0.000927726,0.001620614,1
actual,42,92,nb,0,512,393216,0.576615473,0.001126202,0.000939379,0.001628659,1
actual,43,93,nb,0,512,393216,0.575991285,0.001124983,0.000945067,0.001544232,1
actual,44,94,nb,0,512,393216,0.580300660,0.001133400,0.000941181,0.001596940,1
actual,45,95,nb,0,512,393216,0.576525909,0.001126027,0.000945794,0.001594635,1
actual,46,96,nb,0,512,393216,0.580518259,0.001133825,0.000943289,0.001633288,1
actual,47,97,nb,0,512,393216,0.575713890,0.001124441,0.000935132,0.001516396,1
actual,48,98,nb,0,512,393216,0.579006502,0.001130872,0.000945743,0.001607055,1
actual,49,99,nb,0,512,393216,0.577804068,0.001128524,0.000929020,0.001673161,1
warmup,0,0,nb,0,512,524288,11.959409204,0.023358221,0.021772650,0.024952396,1
warmup,1,1,nb,0,512,524288,11.044132782,0.021570572,0.020299684,0.022810588,1
warmup,2,2,nb,0,512,524288,11.000408659,0.021485173,0.020052620,0.022911728,1
warmup,3,3,nb,0,512,524288,11.033614210,0.021550028,0.020294881,0.023017474,1
warmup,4,4,nb,0,512,524288,11.043676489,0.021569681,0.020275398,0.022837279,1
warmup,5,5,nb,0,512,524288,10.998455375,0.021481358,0.020161193,0.022776224,1
warmup,6,6,nb,0,512,524288,10.980931821,0.021447132,0.020159591,0.022917238,1
warmup,7,7,nb,0,512,524288,11.027589751,0.021538261,0.020173728,0.022797264,1
warmup,8,8,nb,0,512,524288,10.985223363,0.021455514,0.020253493,0.022906729,1
warmup,9,9,nb,0,512,524288,11.010524283,0.021504930,0.020245621,0.022913201,1
warmup,10,10,nb,0,512,524288,11.010315653,0.021504523,0.020171253,0.023364156,1
warmup,11,11,nb,0,512,524288,11.044742822,0.021571763,0.020350405,0.023389384,1
warmup,12,12,nb,0,512,524288,10.994341982,0.021473324,0.020210295,0.023220121,1
warmup,13,13,nb,0,512,524288,10.999000749,0.021482423,0.020210346,0.022957825,1
warmup,14,14,nb,0,512,524288,10.995928597,0.021476423,0.020245993,0.023019486,1
warmup,15,15,nb,0,512,524288,11.014029625,0.021511777,0.020257474,0.023168765,1
warmup,16,16,nb,0,512,524288,10.954562155,0.021395629,0.020074371,0.023053273,1
warmup,17,17,nb,0,512,524288,10.996235554,0.021477023,0.020273079,0.023041833,1
warmup,18,18,nb,0,512,524288,11.001179579,0.021486679,0.020278984,0.023196336,1
warmup,19,19,nb,0,512,524288,10.980613292,0.021446510,0.020069071,0.023034979,1
warmup,20,20,nb,0,512,524288,10.979344253,0.021444032,0.020067749,0.023021264,1
warmup,21,21,nb,0,512,524288,10.977318704,0.021440076,0.020285634,0.022894716,1
warmup,22,22,nb,0,512,524288,10.969120517,0.021424064,0.020256903,0.022968151,1
warmup,23,23,nb,0,512,524288,10.968226450,0.021422317,0.020222128,0.022889095,1
warmup,24,24,nb,0,512,524288,10.944177809,0.021375347,0.019958783,0.022695707,1
warmup,25,25,nb,0,512,524288,10.982203401,0.021449616,0.020277421,0.023047368,1
warmup,26,26,nb,0,512,524288,10.995734815,0.021476045,0.020193915,0.023163926,1
warmup,27,27,nb,0,512,524288,11.005524807,0.021495166,0.020343863,0.023145637,1
warmup,28,28,nb,0,512,524288,10.995497353,0.021475581,0.020129394,0.023212337,1
warmup,29,29,nb,0,512,524288,11.081268175,0.021643102,0.020042561,0.024402512,1
warmup,30,30,nb,0,512,524288,10.992335217,0.021469405,0.020202300,0.023078356,1
warmup,31,31,nb,0,512,524288,11.007051095,0.021498147,0.020285137,0.023095108,1
warmup,32,32,nb,0,512,524288,10.987102079,0.021459184,0.020291078,0.022952725,1
warmup,33,33,nb,0,512,524288,10.978790698,0.021442951,0.019981295,0.023026359,1
warmup,34,34,nb,0,512,524288,11.018055237,0.021519639,0.020274863,0.023335753,1
warmup,35,35,nb,0,512,524288,11.007492147,0.021499008,0.020244039,0.023058133,1
warmup,36,36,nb,0,512,524288,10.999804322,0.021483993,0.020138150,0.023106549,1
warmup,37,37,nb,0,512,524288,10.992572931,0.021469869,0.020266411,0.023043045,1
warmup,38,38,nb,0,512,524288,10.984139115,0.021453397,0.020059753,0.023150912,1
warmup,39,39,nb,0,512,524288,11.005658662,0.021495427,0.020217539,0.023292266,1
warmup,40,40,nb,0,512,524288,10.994410891,0.021473459,0.020094388,0.023268913,1
warmup,41,41,nb,0,512,524288,10.996743869,0.021478015,0.020169059,0.023059105,1
warmup,42,42,nb,0,512,524288,10.989044136,0.021462977,0.020288652,0.023042743,1
warmup,43,43,nb,0,512,524288,10.987860179,0.021460664,0.020161986,0.023036252,1
warmup,44,44,nb,0,512,524288,10.952833332,0.021392253,0.020031691,0.022998942,1
warmup,45,45,nb,0,512,524288,11.010943247,0.021505749,0.020065233,0.023170779,1
warmup,46,46,nb,0,512,524288,10.969343770,0.021424500,0.020129083,0.023010644,1
warmup,47,47,nb,0,512,524288,11.014647396,0.021512983,0.020323835,0.023230451,1
warmup,48,48,nb,0,512,524288,10.980611275,0.021446506,0.020248754,0.022951943,1
warmup,49,49,nb,0,512,524288,10.990802441,0.021466411,0.020322313,0.022998702,1
actual,0,50,nb,0,512,524288,10.994856345,0.021474329,0.020111831,0.023185497,1
actual,1,51,nb,0,512,524288,10.980993060,0.021447252,0.020248473,0.023048986,1
actual,2,52,nb,0,512,524288,10.999188175,0.021482789,0.020256468,0.023138879,1
actual,3,53,nb,0,512,524288,10.995800449,0.021476173,0.020244016,0.023054361,1
actual,4,54,nb,0,512,524288,11.013248555,0.021510251,0.020274523,0.023154519,1
actual,5,55,nb,0,512,524288,10.987170702,0.021459318,0.020194332,0.023100001,1
actual,6,56,nb,0,512,524288,10.983291741,0.021451742,0.020057559,0.023171881,1
actual,7,57,nb,0,512,524288,10.964108852,0.021414275,0.020240018,0.022924488,1
actual,8,58,nb,0,512,524288,10.988622446,0.021462153,0.020174218,0.023110527,1
actual,9,59,nb,0,512,524288,11.008523734,0.021501023,0.020115765,0.023078998,1
actual,10,60,nb,0,512,524288,10.962719803,0.021411562,0.020217920,0.023089617,1
actual,11,61,nb,0,512,524288,10.982497128,0.021450190,0.020225751,0.023025538,1
actual,12,62,nb,0,512,524288,10.978455967,0.021442297,0.020221042,0.023047108,1
actual,13,63,nb,0,512,524288,10.989266392,0.021463411,0.020108365,0.023109494,1
actual,14,64,nb,0,512,524288,11.005841286,0.021495784,0.020215822,0.023030587,1
actual,15,65,nb,0,512,524288,10.963553834,0.021413191,0.020229602,0.022825927,1
actual,16,66,nb,0,512,524288,10.975541120,0.021436604,0.020062348,0.023054311,1
actual,17,67,nb,0,512,524288,10.965603815,0.021417195,0.020236043,0.022890705,1
actual,18,68,nb,0,512,524288,10.983015553,0.021451202,0.020182303,0.022961377,1
actual,19,69,nb,0,512,524288,10.987549686,0.021460058,0.020122440,0.023060864,1
actual,20,70,nb,0,512,524288,10.974920607,0.021435392,0.020233088,0.023071613,1
actual,21,71,nb,0,512,524288,10.978405220,0.021442198,0.020325128,0.023044442,1
actual,22,72,nb,0,512,524288,10.971146202,0.021428020,0.020118711,0.023108112,1
actual,23,73,nb,0,512,524288,10.987724365,0.021460399,0.020162085,0.023073788,1
actual,24,74,nb,0,512,524288,10.993448653,0.021471579,0.020288229,0.023052883,1
actual,25,75,nb,0,512,524288,10.973860943,0.021433322,0.020137515,0.022963546,1
actual,26,76,nb,0,512,524288,10.989748047,0.021464352,0.020275378,0.023004679,1
actual,27,77,nb,0,512,524288,10.979379733,0.021444101,0.020213788,0.022966952,1
actual,28,78,nb,0,512,524288,10.990270696,0.021465372,0.020190144,0.023062447,1
actual,29,79,nb,0,512,524288,10.981711657,0.021448656,0.020172020,0.022923861,1
actual,30,80,nb,0,512,524288,10.960585859,0.021407394,0.020179895,0.022985777,1
actual,31,81,nb,0,512,524288,10.987873918,0.021460691,0.020184844,0.022986207,1
actual,32,82,nb,0,512,524288,10.974986375,0.021435520,0.020148169,0.022994062,1
actual,33,83,nb,0,512,524288,11.002373332,0.021489010,0.020209862,0.023105917,1
actual,34,84,nb,0,512,524288,10.956340067,0.021399102,0.020114106,0.022902751,1
actual,35,85,nb,0,512,524288,10.993113352,0.021470925,0.020180747,0.023026834,1
actual,36,86,nb,0,512,524288,10.947526617,0.021381888,0.020062689,0.023059576,1
actual,37,87,nb,0,512,524288,10.991978144,0.021468707,0.020191727,0.023251179,1
actual,38,88,nb,0,512,524288,10.994635102,0.021473897,0.020279431,0.023105211,1
actual,39,89,nb,0,512,524288,10.963006893,0.021412123,0.020054264,0.022954184,1
actual,40,90,nb,0,512,524288,10.985146926,0.021455365,0.020119836,0.023077325,1
actual,41,91,nb,0,512,524288,10.987140186,0.021459258,0.020191310,0.023014097,1
actual,42,92,nb,0,512,524288,10.974718131,0.021434996,0.020110669,0.023058328,1
actual,43,93,nb,0,512,524288,10.990740631,0.021466290,0.020238505,0.023007724,1
actual,44,94,nb,0,512,524288,10.998821849,0.021482074,0.020132219,0.023065853,1
actual,45,95,nb,0,512,524288,11.001035121,0.021486397,0.020041169,0.023229178,1
actual,46,96,nb,0,512,524288,10.992986351,0.021470676,0.020190034,0.023099881,1
actual,47,97,nb,0,512,524288,10.978947495,0.021443257,0.020075372,0.022953056,1
actual,48,98,nb,0,512,524288,10.984191461,0.021453499,0.020190245,0.023000711,1
actual,49,99,nb,0,512,524288,10.989989373,0.021464823,0.020290513,0.023089101,1
warmup,0,0,nb,0,512,786432,10.371658438,0.020257145,0.018799530,0.022208481,1
warmup,1,1,nb,0,512,786432,10.351274475,0.020217333,0.018669035,0.022274896,1
warmup,2,2,nb,0,512,786432,10.342656874,0.020200502,0.018761940,0.022186179,1
warmup,3,3,nb,0,512,786432,10.314186283,0.020144895,0.018803517,0.022028333,1
warmup,4,4,nb,0,512,786432,10.333680566,0.020182970,0.018870053,0.022028464,1
warmup,5,5,nb,0,512,786432,10.342739516,0.020200663,0.018794130,0.022079548,1
warmup,6,6,nb,0,512,786432,10.319830695,0.020155919,0.018842942,0.022008695,1
warmup,7,7,nb,0,512,786432,10.333103829,0.020181843,0.018701947,0.022002856,1
warmup,8,8,nb,0,512,786432,10.333951637,0.020183499,0.018648227,0.021966938,1
warmup,9,9,nb,0,512,786432,10.316445689,0.020149308,0.018638818,0.022045605,1
warmup,10,10,nb,0,512,786432,10.350011926,0.020214867,0.018731343,0.022027671,1
warmup,11,11,nb,0,512,786432,10.325384448,0.020166766,0.018648968,0.021893802,1
warmup,12,12,nb,0,512,786432,10.299233398,0.020115690,0.018697158,0.021915712,1
warmup,13,13,nb,0,512,786432,10.328889270,0.020173612,0.018727926,0.022029525,1
warmup,14,14,nb,0,512,786432,10.308865840,0.020134504,0.018695245,0.022015229,1
warmup,15,15,nb,0,512,786432,10.352603273,0.020219928,0.018734408,0.021987738,1
warmup,16,16,nb,0,512,786432,10.325221417,0.020166448,0.018689965,0.021905764,1
warmup,17,17,nb,0,512,786432,10.316334100,0.020149090,0.018708219,0.021997185,1
warmup,18,18,nb,0,512,786432,10.329956644,0.020175697,0.018757551,0.021938605,1
warmup,19,19,nb,0,512,786432,10.335479980,0.020186484,0.018808847,0.021987034,1
warmup,20,20,nb,0,512,786432,10.296029069,0.020109432,0.018597803,0.021954365,1
warmup,21,21,nb,0,512,786432,10.329833715,0.020175456,0.018709581,0.021991664,1
warmup,22,22,nb,0,512,786432,10.326129514,0.020168222,0.018663515,0.022004028,1
warmup,23,23,nb,0,512,786432,10.336920987,0.020189299,0.018684325,0.021962028,1
warmup,24,24,nb,0,512,786432,10.321755777,0.020159679,0.018721403,0.021980634,1
warmup,25,25,nb,0,512,786432,10.349287305,0.020213452,0.018711255,0.022019727,1
warmup,26,26,nb,0,512,786432,10.336557202,0.020188588,0.018800954,0.021923525,1
warmup,27,27,nb,0,512,786432,10.303800444,0.020124610,0.018714210,0.021729174,1
warmup,28,28,nb,0,512,786432,10.310029459,0.020136776,0.018767340,0.021904502,1
warmup,29,29,nb,0,512,786432,10.346378659,0.020207771,0.018824087,0.021937905,1
warmup,30,30,nb,0,512,786432,10.348364743,0.020211650,0.018823555,0.021907335,1
warmup,31,31,nb,0,512,786432,10.340891734,0.020197054,0.018808938,0.021945757,1
warmup,32,32,nb,0,512,786432,10.321161070,0.020158518,0.018687631,0.022016420,1
warmup,33,33,nb,0,512,786432,10.332290801,0.020180255,0.018724500,0.022039684,1
warmup,34,34,nb,0,512,786432,10.349966359,0.020214778,0.018835619,0.022370503,1
warmup,35,35,nb,0,512,786432,10.348354546,0.020211630,0.018835889,0.021950558,1
warmup,36,36,nb,0,512,786432,10.320536712,0.020157298,0.018757441,0.022002735,1
warmup,37,37,nb,0,512,786432,10.344834953,0.020204756,0.018847421,0.021899552,1
warmup,38,38,nb,0,512,786432,10.351611595,0.020217991,0.018792127,0.022135182,1
warmup,39,39,nb,0,512,786432,10.349914223,0.020214676,0.018824238,0.021972820,1
warmup,40,40,nb,0,512,786432,10.315366706,0.020147201,0.018776838,0.022024386,1
warmup,41,41,nb,0,512,786432,10.340073630,0.020195456,0.018902905,0.022025398,1
warmup,42,42,nb,0,512,786432,10.324354517,0.020164755,0.018756780,0.022042581,1
warmup,43,43,nb,0,512,786432,10.364744061,0.020243641,0.018845567,0.021946761,1
warmup,44,44,nb,0,512,786432,10.309302884,0.020135357,0.018779694,0.021974333,1
warmup,45,45,nb,0,512,786432,10.314551543,0.020145608,0.018798759,0.021952903,1
warmup,46,46,nb,0,512,786432,10.320770564,0.020157755,0.018795282,0.021927024,1
warmup,47,47,nb,0,512,786432,10.336046515,0.020187591,0.018822664,0.021994791,1
warmup,48,48,nb,0,512,786432,10.312485503,0.020141573,0.018844535,0.021902097,1
warmup,49,49,nb,0,512,786432,10.343015556,0.020201202,0.018856909,0.021960996,1
actual,0,50,nb,0,512,786432,10.309099403,0.020134960,0.018755038,0.021882648,1
actual,1,51,nb,0,512,786432,10.338627997,0.020192633,0.018749436,0.021979642,1
actual,2,52,nb,0,512,786432,10.316104981,0.020148643,0.018739468,0.021977919,1
actual,3,53,nb,0,512,786432,10.343200615,0.020201564,0.018844875,0.022024837,1
actual,4,54,nb,0,512,786432,10.357960848,0.020230392,0.018778671,0.021919099,1
actual,5,55,nb,0,512,786432,10.330228647,0.020176228,0.018825610,0.021991765,1
actual,6,56,nb,0,512,786432,10.336525988,0.020188527,0.018828505,0.021863462,1
actual,7,57,nb,0,512,786432,10.298063531,0.020113405,0.018748344,0.021905132,1
actual,8,58,nb,0,512,786432,10.307827319,0.020132475,0.018863301,0.021984361,1
actual,9,59,nb,0,512,786432,10.333580481,0.020182774,0.018808077,0.021985942,1
actual,10,60,nb,0,512,786432,10.332195910,0.020180070,0.018871965,0.021970323,1
actual,11,61,nb,0,512,786432,10.331257680,0.020178238,0.018809530,0.022053251,1
actual,12,62,nb,0,512,786432,10.326497597,0.020168941,0.018699714,0.021978691,1
actual,13,63,nb,0,512,786432,10.315106693,0.020146693,0.018811093,0.021973650,1
actual,14,64,nb,0,512,786432,10.330937568,0.020177612,0.018844235,0.021985513,1
actual,15,65,nb,0,512,786432,10.324003694,0.020164070,0.018775736,0.022018976,1
actual,16,66,nb,0,512,786432,10.313757251,0.020144057,0.018824246,0.022025999,1
actual,17,67,nb,0,512,786432,10.310782607,0.020138247,0.018819899,0.021961047,1
actual,18,68,nb,0,512,786432,10.339220796,0.020193791,0.018689114,0.021966317,1
actual,19,69,nb,0,512,786432,10.355686490,0.020225950,0.018794560,0.022032401,1
actual,20,70,nb,0,512,786432,10.317031132,0.020150451,0.018742995,0.021975474,1
actual,21,71,nb,0,512,786432,10.322356553,0.020160853,0.018810471,0.021881048,1
actual,22,72,nb,0,512,786432,10.336266881,0.020188021,0.018857719,0.021912296,1
actual,23,73,nb,0,512,786432,10.363061252,0.020240354,0.018922571,0.021982238,1
actual,24,74,nb,0,512,786432,10.337301248,0.020190042,0.018809139,0.021986195,1
actual,25,75,nb,0,512,786432,10.328781764,0.020173402,0.018802607,0.022024386,1
actual,26,76,nb,0,512,786432,10.326674432,0.020169286,0.018822233,0.022028252,1
actual,27,77,nb,0,512,786432,10.330293881,0.020176355,0.018885401,0.022031728,1
actual,28,78,nb,0,512,786432,10.317094944,0.020150576,0.018787268,0.021882288,1
actual,29,79,nb,0,512,786432,10.342632163,0.020200453,0.018855366,0.021938715,1
actual,30,80,nb,0,512,786432,10.350653519,0.020216120,0.018793930,0.021983189,1
actual,31,81,nb,0,512,786432,10.358267577,0.020230991,0.018763031,0.022044973,1
actual,32,82,nb,0,512,786432,10.300410585,0.020117989,0.018676981,0.021916903,1
actual,33,83,nb,0,512,786432,10.334989825,0.020185527,0.018786055,0.022021120,1
actual,34,84,nb,0,512,786432,10.313929401,0.020144393,0.018842931,0.022019545,1
actual,35,85,nb,0,512,786432,10.369634267,0.020253192,0.018832493,0.022043532,1
actual,36,86,nb,0,512,786432,10.345460806,0.020205978,0.018786726,0.021882961,1
actual,37,87,nb,0,512,786432,10.348268859,0.020211463,0.018779953,0.022062215,1
actual,38,88,nb,0,512,786432,10.349022314,0.020212934,0.018823957,0.022016852,1
actual,39,89,nb,0,512,786432,10.354092650,0.020222837,0.018863711,0.022079259,1
actual,40,90,nb,0,512,786432,10.321178661,0.020158552,0.018795022,0.022009688,1
actual,41,91,nb,0,512,786432,10.318139527,0.020152616,0.018821522,0.021896637,1
actual,42,92,nb,0,512,786432,10.354273480,0.020223190,0.018704663,0.022017453,1
actual,43,93,nb,0,512,786432,10.341782297,0.020198794,0.018821712,0.021934026,1
actual,44,94,nb,0,512,786432,10.326431404,0.020168811,0.018695816,0.021988960,1
actual,45,95,nb,0,512,786432,10.322972753,0.020162056,0.018833294,0.021974774,1
actual,46,96,nb,0,512,786432,10.356485952,0.020227512,0.018856487,0.021954826,1
actual,47,97,nb,0,512,786432,10.344302741,0.020203716,0.018815321,0.022038543,1
actual,48,98,nb,0,512,786432,10.324269105,0.020164588,0.018833724,0.022153328,1
actual,49,99,nb,0,512,786432,10.346909445,0.020208808,0.018758443,0.021990601,1
warmup,0,0,nb,0,512,1048576,10.423836675,0.020359056,0.019007025,0.022303669,1
warmup,1,1,nb,0,512,1048576,10.458381724,0.020426527,0.019050351,0.022845644,1
warmup,2,2,nb,0,512,1048576,10.431387702,0.020373804,0.018998890,0.022232847,1
warmup,3,3,nb,0,512,1048576,10.415439667,0.020342656,0.018982403,0.022168396,1
warmup,4,4,nb,0,512,1048576,10.399016697,0.020310579,0.018999235,0.022169228,1
warmup,5,5,nb,0,512,1048576,10.433627674,0.020378179,0.019017219,0.022229120,1
warmup,6,6,nb,0,512,1048576,10.373364814,0.020260478,0.018974895,0.022190988,1
warmup,7,7,nb,0,512,1048576,10.405806181,0.020323840,0.018911360,0.022214440,1
warmup,8,8,nb,0,512,1048576,10.390147424,0.020293257,0.019039901,0.022197902,1
warmup,9,9,nb,0,512,1048576,10.429636436,0.020370384,0.019045882,0.022226014,1
warmup,10,10,nb,0,512,1048576,10.374748979,0.020263182,0.018969440,0.022174407,1
warmup,11,11,nb,0,512,1048576,10.443934715,0.020398310,0.019039019,0.022305212,1
warmup,12,12,nb,0,512,1048576,10.385441796,0.020284066,0.018992432,0.022185508,1
warmup,13,13,nb,0,512,1048576,10.395918919,0.020304529,0.018997411,0.022245019,1
warmup,14,14,nb,0,512,1048576,10.393665459,0.020300128,0.018985520,0.022303759,1
warmup,15,15,nb,0,512,1048576,10.398096741,0.020308783,0.019033428,0.022234419,1
warmup,16,16,nb,0,512,1048576,10.411002199,0.020333989,0.019040532,0.022286126,1
warmup,17,17,nb,0,512,1048576,10.401116772,0.020314681,0.018983766,0.022147557,1
warmup,18,18,nb,0,512,1048576,10.426373226,0.020364010,0.019045266,0.022252142,1
warmup,19,19,nb,0,512,1048576,10.415618053,0.020343004,0.019016016,0.022190107,1
warmup,20,20,nb,0,512,1048576,10.394869120,0.020302479,0.019020425,0.022135414,1
warmup,21,21,nb,0,512,1048576,10.401950856,0.020316310,0.018986280,0.022199725,1
warmup,22,22,nb,0,512,1048576,10.397503662,0.020307624,0.019050180,0.022195486,1
warmup,23,23,nb,0,512,1048576,10.433986783,0.020378880,0.019045152,0.022179867,1
warmup,24,24,nb,0,512,1048576,10.417627770,0.020346929,0.018979978,0.022231374,1
warmup,25,25,nb,0,512,1048576,10.415879964,0.020343516,0.018997381,0.022181070,1
warmup,26,26,nb,0,512,1048576,10.374744096,0.020263172,0.018907814,0.022231845,1
warmup,27,27,nb,0,512,1048576,10.417992616,0.020347642,0.019035222,0.022195857,1
warmup,28,28,nb,0,512,1048576,10.413661155,0.020339182,0.019013191,0.022249518,1
warmup,29,29,nb,0,512,1048576,10.413492527,0.020338853,0.019014694,0.022296866,1
warmup,30,30,nb,0,512,1048576,10.401191614,0.020314827,0.018941286,0.022205215,1
warmup,31,31,nb,0,512,1048576,10.401967876,0.020316344,0.019062863,0.022169136,1
warmup,32,32,nb,0,512,1048576,10.396334820,0.020305341,0.019005737,0.022260739,1
warmup,33,33,nb,0,512,1048576,10.417016578,0.020345736,0.019034711,0.022214291,1
warmup,34,34,nb,0,512,1048576,10.410902168,0.020333793,0.019037126,0.022205225,1
warmup,35,35,nb,0,512,1048576,10.412037940,0.020336012,0.018857069,0.022177132,1
warmup,36,36,nb,0,512,1048576,10.395771440,0.020304241,0.018959019,0.022155331,1
warmup,37,37,nb,0,512,1048576,10.365074235,0.020244286,0.018930356,0.022138801,1
warmup,38,38,nb,0,512,1048576,10.375449861,0.020264551,0.019076443,0.022223900,1
warmup,39,39,nb,0,512,1048576,10.423757194,0.020358901,0.018992612,0.022252663,1
warmup,40,40,nb,0,512,1048576,10.395398608,0.020303513,0.018969740,0.022282259,1
warmup,41,41,nb,0,512,1048576,10.399288483,0.020311110,0.019021276,0.022220173,1
warmup,42,42,nb,0,512,1048576,10.347336386,0.020209641,0.018913384,0.022151183,1
warmup,43,43,nb,0,512,1048576,10.370804989,0.020255478,0.019051483,0.022190557,1
warmup,44,44,nb,0,512,1048576,10.390890806,0.020294709,0.019087229,0.022196147,1
warmup,45,45,nb,0,512,1048576,10.368913471,0.020251784,0.018980480,0.022319949,1
warmup,46,46,nb,0,512,1048576,10.452794963,0.020415615,0.019002868,0.022277351,1
warmup,47,47,nb,0,512,1048576,10.428166093,0.020367512,0.018966813,0.022240381,1
warmup,48,48,nb,0,512,1048576,10.400656423,0.020313782,0.019002441,0.022183022,1
warmup,49,49,nb,0,512,1048576,10.386778137,0.020286676,0.019006007,0.022375614,1
actual,0,50,nb,0,512,1048576,10.391962915,0.020296803,0.019038869,0.022215785,1
actual,1,51,nb,0,512,1048576,10.383206755,0.020279701,0.019041754,0.022197059,1
actual,2,52,nb,0,512,1048576,10.407318461,0.020326794,0.019057624,0.022228929,1
actual,3,53,nb,0,512,1048576,10.403228912,0.020318806,0.018924915,0.022259676,1
actual,4,54,nb,0,512,1048576,10.366805006,0.020247666,0.018880642,0.022176311,1
actual,5,55,nb,0,512,1048576,10.421463329,0.020354421,0.018861336,0.022231894,1
actual,6,56,nb,0,512,1048576,10.404965210,0.020322198,0.018844435,0.022187001,1
actual,7,57,nb,0,512,1048576,10.424742979,0.020360826,0.018937038,0.022255449,1
actual,8,58,nb,0,512,1048576,10.392460282,0.020297774,0.018863321,0.022203099,1
actual,9,59,nb,0,512,1048576,10.442464375,0.020395438,0.019041024,0.022244779,1
actual,10,60,nb,0,512,1048576,10.411026604,0.020334036,0.018961835,0.022188644,1
actual,11,61,nb,0,512,1048576,10.394297865,0.020301363,0.018962246,0.022126277,1
actual,12,62,nb,0,512,1048576,10.393170636,0.020299161,0.018946446,0.022162605,1
actual,13,63,nb,0,512,1048576,10.406884482,0.020325946,0.018847770,0.022319940,1
actual,14,64,nb,0,512,1048576,10.368341834,0.020250668,0.018892705,0.022176171,1
actual,15,65,nb,0,512,1048576,10.418946687,0.020349505,0.018957938,0.022226895,1
actual,16,66,nb,0,512,1048576,10.381954271,0.020277254,0.018874030,0.022228077,1
actual,17,67,nb,0,512,1048576,10.413148960,0.020338182,0.018811873,0.022199614,1
actual,18,68,nb,0,512,1048576,10.389360701,0.020291720,0.018820490,0.022248837,1
actual,19,69,nb,0,512,1048576,10.402921075,0.020318205,0.018896432,0.022220162,1
actual,20,70,nb,0,512,1048576,10.426163863,0.020363601,0.019045882,0.022225081,1
actual,21,71,nb,0,512,1048576,10.418545844,0.020348722,0.018992983,0.022186209,1
actual,22,72,nb,0,512,1048576,10.407820599,0.020327775,0.018956775,0.022208530,1
actual,23,73,nb,0,512,1048576,10.453369820,0.020416738,0.018936006,0.022264044,1
actual,24,74,nb,0,512,1048576,10.397062071,0.020306762,0.018833254,0.022233156,1
actual,25,75,nb,0,512,1048576,10.412888439,0.020337673,0.018940956,0.022230883,1
actual,26,76,nb,0,512,1048576,10.393543933,0.020299890,0.019078002,0.022207758,1
actual,27,77,nb,0,512,1048576,10.407988870,0.020328103,0.018952457,0.022221565,1
actual,28,78,nb,0,512,1048576,10.413892595,0.020339634,0.018953007,0.022225944,1
actual,29,79,nb,0,512,1048576,10.452989587,0.020415995,0.018886282,0.022261889,1
actual,30,80,nb,0,512,1048576,10.402051610,0.020316507,0.018920387,0.022191419,1
actual,31,81,nb,0,512,1048576,10.363987207,0.020242163,0.018849364,0.022113761,1
actual,32,82,nb,0,512,1048576,10.381708277,0.020276774,0.018893697,0.022194454,1
actual,33,83,nb,0,512,1048576,10.371765016,0.020257354,0.018881765,0.022179727,1
actual,34,84,nb,0,512,1048576,10.412015242,0.020335967,0.018899428,0.022223469,1
actual,35,85,nb,0,512,1048576,10.398238353,0.020309059,0.019092722,0.022192561,1
actual,36,86,nb,0,512,1048576,10.427155176,0.020365537,0.018996279,0.022247254,1
actual,37,87,nb,0,512,1048576,10.409496257,0.020331047,0.019028920,0.022273863,1
actual,38,88,nb,0,512,1048576,10.428800195,0.020368750,0.018991400,0.022203862,1
actual,39,89,nb,0,512,1048576,10.413803923,0.020339461,0.019014153,0.022270618,1
actual,40,90,nb,0,512,1048576,10.397761048,0.020308127,0.019076388,0.022190085,1
actual,41,91,nb,0,512,1048576,10.409597597,0.020331245,0.019049712,0.022298278,1
actual,42,92,nb,0,512,1048576,10.428500199,0.020368164,0.019058326,0.022252733,1
actual,43,93,nb,0,512,1048576,10.443564232,0.020397586,0.018954511,0.022272872,1
actual,44,94,nb,0,512,1048576,10.454445835,0.020418840,0.019017629,0.022248646,1
actual,45,95,nb,0,512,1048576,10.453438299,0.020416872,0.019042325,0.022281588,1
actual,46,96,nb,0,512,1048576,10.431724920,0.020374463,0.019001479,0.022121697,1
actual,47,97,nb,0,512,1048576,10.441289250,0.020393143,0.018894068,0.022250167,1
actual,48,98,nb,0,512,1048576,10.384523302,0.020282272,0.018894859,0.022218980,1
actual,49,99,nb,0,512,1048576,10.403486975,0.020319310,0.019066670,0.022140873,1
warmup,0,0,nb,0,512,1572864,10.709536396,0.020917063,0.019432129,0.023053557,1
warmup,1,1,nb,0,512,1572864,10.702136250,0.020902610,0.019534396,0.023110785,1
warmup,2,2,nb,0,512,1572864,10.595311377,0.020693968,0.019378881,0.022756487,1
warmup,3,3,nb,0,512,1572864,10.654861663,0.020810277,0.019471934,0.022903813,1
warmup,4,4,nb,0,512,1572864,10.635884492,0.020773212,0.019432056,0.022828773,1
warmup,5,5,nb,0,512,1572864,10.651342503,0.020803403,0.019341900,0.022785572,1
warmup,6,6,nb,0,512,1572864,10.656401149,0.020813283,0.019399861,0.022895763,1
warmup,7,7,nb,0,512,1572864,10.696271998,0.020891156,0.019381474,0.022915966,1
warmup,8,8,nb,0,512,1572864,10.689752389,0.020878423,0.019360305,0.022936745,1
warmup,9,9,nb,0,512,1572864,10.696427914,0.020891461,0.019398880,0.022824896,1
warmup,10,10,nb,0,512,1572864,10.660546184,0.020821379,0.019461053,0.022823263,1
warmup,11,11,nb,0,512,1572864,10.725319609,0.020947890,0.019516530,0.022935062,1
warmup,12,12,nb,0,512,1572864,10.702712456,0.020903735,0.019369081,0.022832770,1
warmup,13,13,nb,0,512,1572864,10.660298990,0.020820896,0.019416553,0.022852838,1
warmup,14,14,nb,0,512,1572864,10.666680727,0.020833361,0.019390251,0.022869032,1
warmup,15,15,nb,0,512,1572864,10.655622861,0.020811763,0.019405439,0.022894315,1
warmup,16,16,nb,0,512,1572864,10.648602282,0.020798051,0.019489096,0.022834533,1
warmup,17,17,nb,0,512,1572864,10.658674696,0.020817724,0.019449414,0.022849366,1
warmup,18,18,nb,0,512,1572864,10.639882976,0.020781021,0.019391744,0.022835264,1
warmup,19,19,nb,0,512,1572864,10.624466134,0.020750910,0.019482959,0.022862696,1
warmup,20,20,nb,0,512,1572864,10.681288674,0.020861892,0.019488507,0.022909483,1
warmup,21,21,nb,0,512,1572864,10.666967367,0.020833921,0.019325168,0.022874458,1
warmup,22,22,nb,0,512,1572864,10.696457381,0.020891518,0.019470391,0.022960363,1
warmup,23,23,nb,0,512,1572864,10.662365880,0.020824933,0.019393046,0.022891119,1
warmup,24,24,nb,0,512,1572864,10.702623455,0.020903561,0.019466098,0.022914523,1
warmup,25,25,nb,0,512,1572864,10.683139504,0.020865507,0.019465311,0.022893929,1
warmup,26,26,nb,0,512,1572864,10.683872118,0.020866938,0.019373291,0.022894731,1
warmup,27,27,nb,0,512,1572864,10.661459447,0.020823163,0.019380834,0.022819375,1
warmup,28,28,nb,0,512,1572864,10.686284490,0.020871649,0.019347308,0.022967953,1
warmup,29,29,nb,0,512,1572864,10.637321669,0.020776019,0.019473616,0.022927407,1
warmup,30,30,nb,0,512,1572864,10.642150644,0.020785450,0.019477178,0.022833682,1
warmup,31,31,nb,0,512,1572864,10.660769962,0.020821816,0.019505351,0.022921977,1
warmup,32,32,nb,0,512,1572864,10.648015681,0.020796906,0.019338556,0.022799027,1
warmup,33,33,nb,0,512,1572864,10.630443187,0.020762584,0.019352209,0.022798156,1
warmup,34,34,nb,0,512,1572864,10.670424287,0.020840672,0.019442568,0.022852678,1
warmup,35,35,nb,0,512,1572864,10.641270103,0.020783731,0.019458243,0.022795710,1
warmup,36,36,nb,0,512,1572864,10.682211953,0.020863695,0.019483127,0.022915329,1
warmup,37,37,nb,0,512,1572864,10.682759201,0.020864764,0.019439017,0.022894219,1
warmup,38,38,nb,0,512,1572864,10.632816483,0.020767220,0.019363310,0.022816329,1
warmup,39,39,nb,0,512,1572864,10.691213047,0.020881275,0.019417509,0.023009080,1
warmup,40,40,nb,0,512,1572864,10.664102731,0.020828326,0.019330179,0.022911597,1
warmup,41,41,nb,0,512,1572864,10.680891909,0.020861117,0.019311435,0.022911107,1
warmup,42,42,nb,0,512,1572864,10.683905738,0.020867003,0.019382338,0.022994844,1
warmup,43,43,nb,0,512,1572864,10.647605156,0.020796104,0.019421642,0.022896951,1
warmup,44,44,nb,0,512,1572864,10.663604790,0.020827353,0.019340054,0.022961611,1
warmup,45,45,nb,0,512,1572864,10.637994714,0.020777333,0.019384292,0.022912630,1
warmup,46,46,nb,0,512,1572864,10.674470888,0.020848576,0.019364241,0.022926916,1
warmup,47,47,nb,0,512,1572864,10.621501615,0.020745120,0.019425006,0.022949198,1
warmup,48,48,nb,0,512,1572864,10.607408840,0.020717595,0.019478668,0.022829634,1
warmup,49,49,nb,0,512,1572864,10.655723933,0.020811961,0.019412111,0.022822210,1
actual,0,50,nb,0,512,1572864,10.670463576,0.020840749,0.019357862,0.022835435,1
actual,1,51,nb,0,512,1572864,10.683951260,0.020867092,0.019380292,0.022807663,1
actual,2,52,nb,0,512,1572864,10.658184776,0.020816767,0.019360425,0.022828601,1
actual,3,53,nb,0,512,1572864,10.665684196,0.020831414,0.019421168,0.022977060,1
actual,4,54,nb,0,512,1572864,10.708249689,0.020914550,0.019430045,0.022882898,1
actual,5,55,nb,0,512,1572864,10.665957963,0.020831949,0.019404968,0.022889366,1
actual,6,56,nb,0,512,1572864,10.643444451,0.020787977,0.019462223,0.022979575,1
actual,7,57,nb,0,512,1572864,10.649470552,0.020799747,0.019326113,0.022804677,1
actual,8,58,nb,0,512,1572864,10.652718967,0.020806092,0.019441126,0.022942987,1
actual,9,59,nb,0,512,1572864,10.671528386,0.020842829,0.019416141,0.022934079,1
actual,10,60,nb,0,512,1572864,10.693505460,0.020885753,0.019409574,0.023174374,1
actual,11,61,nb,0,512,1572864,10.662635784,0.020825461,0.019434453,0.022811115,1
actual,12,62,nb,0,512,1572864,10.661153501,0.020822565,0.019431678,0.022919652,1
actual,13,63,nb,0,512,1572864,10.718102995,0.020933795,0.019452067,0.022967713,1
actual,14,64,nb,0,512,1572864,10.667487061,0.020834936,0.019359345,0.022962964,1
actual,15,65,nb,0,512,1572864,10.659966770,0.020820248,0.019404367,0.022765124,1
actual,16,66,nb,0,512,1572864,10.662984661,0.020826142,0.019339515,0.022955520,1
actual,17,67,nb,0,512,1572864,10.696483048,0.020891568,0.019465246,0.022920935,1
actual,18,68,nb,0,512,1572864,10.664587237,0.020829272,0.019402364,0.022835505,1
actual,19,69,nb,0,512,1572864,10.672047895,0.020843844,0.019324457,0.022909413,1
actual,20,70,nb,0,512,1572864,10.696069100,0.020890760,0.019278589,0.022944740,1
actual,21,71,nb,0,512,1572864,10.656305102,0.020813096,0.019340676,0.022873687,1
actual,22,72,nb,0,512,1572864,10.651102142,0.020802934,0.019373817,0.022887472,1
actual,23,73,nb,0,512,1572864,10.688338202,0.020875661,0.019447197,0.022930613,1
actual,24,74,nb,0,512,1572864,10.679432225,0.020858266,0.019384668,0.022877027,1
actual,25,75,nb,0,512,1572864,10.677817501,0.020855112,0.019471428,0.022913772,1
actual,26,76,nb,0,512,1572864,10.650896973,0.020802533,0.019292995,0.022823563,1
actual,27,77,nb,0,512,1572864,10.632780859,0.020767150,0.019329814,0.022909563,1
actual,28,78,nb,0,512,1572864,10.657246984,0.020814936,0.019313735,0.022923965,1
actual,29,79,nb,0,512,1572864,10.631318285,0.020764294,0.019347148,0.022923831,1
actual,30,80,nb,0,512,1572864,10.641927300,0.020785014,0.019267202,0.022867956,1
actual,31,81,nb,0,512,1572864,10.674023637,0.020847702,0.019335989,0.022880821,1
actual,32,82,nb,0,512,1572864,10.681512548,0.020862329,0.019406280,0.022992720,1
actual,33,83,nb,0,512,1572864,10.663785463,0.020827706,0.019323257,0.022960991,1
actual,34,84,nb,0,512,1572864,10.661280887,0.020822814,0.019334326,0.022901980,1
actual,35,85,nb,0,512,1572864,10.676323552,0.020852194,0.019382416,0.022907450,1
actual,36,86,nb,0,512,1572864,10.676853546,0.020853230,0.019301983,0.022877514,1
actual,37,87,nb,0,512,1572864,10.706620287,0.020911368,0.019408818,0.022893995,1
actual,38,88,nb,0,512,1572864,10.626654762,0.020755185,0.019416921,0.022812733,1
actual,39,89,nb,0,512,1572864,10.653191164,0.020807014,0.019386544,0.022847829,1
actual,40,90,nb,0,512,1572864,10.676445466,0.020852433,0.019488655,0.022954077,1
actual,41,91,nb,0,512,1572864,10.655004280,0.020810555,0.019448943,0.022975337,1
actual,42,92,nb,0,512,1572864,10.658066934,0.020816537,0.019333565,0.022876432,1
actual,43,93,nb,0,512,1572864,10.646390361,0.020793731,0.019391714,0.022903552,1
actual,44,94,nb,0,512,1572864,10.667880379,0.020835704,0.019304447,0.022906878,1
actual,45,95,nb,0,512,1572864,10.644056199,0.020789172,0.019397136,0.022939690,1
actual,46,96,nb,0,512,1572864,10.646408032,0.020793766,0.019382336,0.022963855,1
actual,47,97,nb,0,512,1572864,10.675269399,0.020850136,0.019301454,0.022911287,1
actual,48,98,nb,0,512,1572864,10.707683742,0.020913445,0.019358681,0.022918620,1
actual,49,99,nb,0,512,1572864,10.708433851,0.020914910,0.019429964,0.022938158,1
warmup,0,0,nb,0,512,2097152,11.002086581,0.021488450,0.019932248,0.023882405,1
warmup,1,1,nb,0,512,2097152,11.074397983,0.021629684,0.019790131,0.024419382,1
warmup,2,2,nb,0,512,2097152,10.950992784,0.021388658,0.019697808,0.023702529,1
warmup,3,3,nb,0,512,2097152,11.025200047,0.021533594,0.019694361,0.023792808,1
warmup,4,4,nb,0,512,2097152,11.029273259,0.021541549,0.019735417,0.023857359,1
warmup,5,5,nb,0,512,2097152,11.077228044,0.021635211,0.019736100,0.024144688,1
warmup,6,6,nb,0,512,2097152,11.029573459,0.021542136,0.019741450,0.024146592,1
warmup,7,7,nb,0,512,2097152,11.057449353,0.021596581,0.019699451,0.023962127,1
warmup,8,8,nb,0,512,2097152,11.037879844,0.021558359,0.019759303,0.023725782,1
warmup,9,9,nb,0,512,2097152,11.076596587,0.021633978,0.019739966,0.024255475,1
warmup,10,10,nb,0,512,2097152,11.006199036,0.021496482,0.019653054,0.023854734,1
warmup,11,11,nb,0,512,2097152,11.038667556,0.021559898,0.019650449,0.024100485,1
warmup,12,12,nb,0,512,2097152,10.996453053,0.021477447,0.019678973,0.023768973,1
warmup,13,13,nb,0,512,2097152,11.016930817,0.021517443,0.019708117,0.023823836,1
warmup,14,14,nb,0,512,2097152,11.061252050,0.021604008,0.019677840,0.024074157,1
warmup,15,15,nb,0,512,2097152,10.935557307,0.021358510,0.019715901,0.023795072,1
warmup,16,16,nb,0,512,2097152,11.040563083,0.021563600,0.019690253,0.024063006,1
warmup,17,17,nb,0,512,2097152,11.004858335,0.021493864,0.019679143,0.023899588,1
warmup,18,18,nb,0,512,2097152,10.945097373,0.021377143,0.019727564,0.023803378,1
warmup,19,19,nb,0,512,2097152,10.923601383,0.021335159,0.019686336,0.023798740,1
warmup,20,20,nb,0,512,2097152,11.045054913,0.021572373,0.019683411,0.024107188,1
warmup,21,21,nb,0,512,2097152,11.036184698,0.021555048,0.019638787,0.023946788,1
warmup,22,22,nb,0,512,2097152,11.023645698,0.021530558,0.019806102,0.023916512,1
warmup,23,23,nb,0,512,2097152,11.017069192,0.021517713,0.019720821,0.023719070,1
warmup,24,24,nb,0,512,2097152,11.293508153,0.022057633,0.019785482,0.026623401,1
warmup,25,25,nb,0,512,2097152,11.085240793,0.021650861,0.019700132,0.024136753,1
warmup,26,26,nb,0,512,2097152,11.014518338,0.021512731,0.019700072,0.023821902,1
warmup,27,27,nb,0,512,2097152,11.011137546,0.021506128,0.020035852,0.023839465,1
warmup,28,28,nb,0,512,2097152,10.951387578,0.021389429,0.019760075,0.023783781,1
warmup,29,29,nb,0,512,2097152,10.957137061,0.021400658,0.019637124,0.023794592,1
warmup,30,30,nb,0,512,2097152,10.958911095,0.021404123,0.019655287,0.023815600,1
warmup,31,31,nb,0,512,2097152,11.011485649,0.021506808,0.019752530,0.023796325,1
warmup,32,32,nb,0,512,2097152,10.966571102,0.021419084,0.019696525,0.023714091,1
warmup,33,33,nb,0,512,2097152,11.049184806,0.021580439,0.019700323,0.024171518,1
warmup,34,34,nb,0,512,2097152,11.031068292,0.021545055,0.019806282,0.024046685,1
warmup,35,35,nb,0,512,2097152,10.961436144,0.021409055,0.019684433,0.023787728,1
warmup,36,36,nb,0,512,2097152,10.939482630,0.021366177,0.019710040,0.023726224,1
warmup,37,37,nb,0,512,2097152,11.018490070,0.021520488,0.019676448,0.024011148,1
warmup,38,38,nb,0,512,2097152,10.987944885,0.021460830,0.019789029,0.023833627,1
warmup,39,39,nb,0,512,2097152,10.969808738,0.021425408,0.019733054,0.023860084,1
warmup,40,40,nb,0,512,2097152,10.940627494,0.021368413,0.019763461,0.023776337,1
warmup,41,41,nb,0,512,2097152,11.033744676,0.021550283,0.019677449,0.024155980,1
warmup,42,42,nb,0,512,2097152,10.940861995,0.021368871,0.019782857,0.023811303,1
warmup,43,43,nb,0,512,2097152,10.972285502,0.021430245,0.019698729,0.023846037,1
warmup,44,44,nb,0,512,2097152,10.961745506,0.021409659,0.019630011,0.023833184,1
warmup,45,45,nb,0,512,2097152,11.016339568,0.021516288,0.019723817,0.023835568,1
warmup,46,46,nb,0,512,2097152,10.952336747,0.021391283,0.019942026,0.023805031,1
warmup,47,47,nb,0,512,2097152,11.032084475,0.021547040,0.019783879,0.023995850,1
warmup,48,48,nb,0,512,2097152,11.045121445,0.021572503,0.019776264,0.024227293,1
warmup,49,49,nb,0,512,2097152,11.054792684,0.021591392,0.019714149,0.024256147,1
actual,0,50,nb,0,512,2097152,11.023097524,0.021529487,0.019632886,0.023806824,1
actual,1,51,nb,0,512,2097152,11.066653463,0.021614558,0.019752501,0.023893486,1
actual,2,52,nb,0,512,2097152,10.929242620,0.021346177,0.019678952,0.023840136,1
actual,3,53,nb,0,512,2097152,11.061378325,0.021604255,0.019644928,0.023979339,1
actual,4,54,nb,0,512,2097152,11.001219925,0.021486758,0.019617698,0.024010307,1
actual,5,55,nb,0,512,2097152,11.050704122,0.021583406,0.019808035,0.024146843,1
actual,6,56,nb,0,512,2097152,10.934662384,0.021356762,0.019716382,0.023788369,1
actual,7,57,nb,0,512,2097152,11.024331742,0.021531898,0.019727944,0.023840407,1
actual,8,58,nb,0,512,2097152,10.983419632,0.021451991,0.019701544,0.023846790,1
actual,9,59,nb,0,512,2097152,11.015917464,0.021515464,0.019653694,0.023790737,1
actual,10,60,nb,0,512,2097152,10.923426322,0.021334817,0.019696105,0.023738407,1
actual,11,61,nb,0,512,2097152,11.025993160,0.021535143,0.019759143,0.023802496,1
actual,12,62,nb,0,512,2097152,10.985864614,0.021456767,0.019835717,0.023849835,1
actual,13,63,nb,0,512,2097152,11.026479805,0.021536093,0.019802033,0.023981553,1
actual,14,64,nb,0,512,2097152,10.976251778,0.021437992,0.019832209,0.023810892,1
actual,15,65,nb,0,512,2097152,11.012552644,0.021508892,0.019803355,0.023839615,1
actual,16,66,nb,0,512,2097152,11.065506836,0.021612318,0.019791584,0.024045642,1
actual,17,67,nb,0,512,2097152,11.049037828,0.021580152,0.019829165,0.024209579,1
actual,18,68,nb,0,512,2097152,11.034876166,0.021552493,0.019674183,0.024118098,1
actual,19,69,nb,0,512,2097152,11.075483568,0.021631804,0.019638756,0.024175125,1
actual,20,70,nb,0,512,2097152,11.081342635,0.021643247,0.019700041,0.024028310,1
actual,21,71,nb,0,512,2097152,10.996125228,0.021476807,0.019808606,0.023749377,1
actual,22,72,nb,0,512,2097152,10.955430822,0.021397326,0.019717294,0.023739979,1
actual,23,73,nb,0,512,2097152,11.085053644,0.021650495,0.019755376,0.024199611,1
actual,24,74,nb,0,512,2097152,10.956402403,0.021399223,0.019735498,0.023859292,1
actual,25,75,nb,0,512,2097152,11.079600234,0.021639844,0.019756518,0.024251708,1
actual,26,76,nb,0,512,2097152,10.938403372,0.021364069,0.019779932,0.023834937,1
actual,27,77,nb,0,512,2097152,10.972740560,0.021431134,0.019731371,0.023740730,1
actual,28,78,nb,0,512,2097152,11.085198074,0.021650777,0.019752230,0.024190714,1
actual,29,79,nb,0,512,2097152,11.037391676,0.021557406,0.019732613,0.023819849,1
actual,30,80,nb,0,512,2097152,11.034957236,0.021552651,0.019697777,0.023822424,1
actual,31,81,nb,0,512,2097152,11.039373070,0.021561276,0.019771586,0.023882048,1
actual,32,82,nb,0,512,2097152,10.991940740,0.021468634,0.019852568,0.023784152,1
actual,33,83,nb,0,512,2097152,11.043884596,0.021570087,0.019770895,0.023732034,1
actual,34,84,nb,0,512,2097152,11.008742105,0.021501449,0.019812814,0.023875665,1
actual,35,85,nb,0,512,2097152,10.996717503,0.021477964,0.019697276,0.023817755,1
actual,36,86,nb,0,512,2097152,11.043381113,0.021569104,0.019821860,0.024183962,1
actual,37,87,nb,0,512,2097152,10.950088634,0.021386892,0.019782627,0.023748265,1
actual,38,88,nb,0,512,2097152,11.056170399,0.021594083,0.019741681,0.023881868,1
actual,39,89,nb,0,512,2097152,10.994341009,0.021473322,0.019791123,0.023748525,1
actual,40,90,nb,0,512,2097152,11.028968041,0.021540953,0.019774611,0.024094134,1
actual,41,91,nb,0,512,2097152,11.094060900,0.021668088,0.019790852,0.024044961,1
actual,42,92,nb,0,512,2097152,10.963516164,0.021413118,0.019735157,0.023931388,1
actual,43,93,nb,0,512,2097152,11.057741917,0.021597152,0.019727884,0.024201965,1
actual,44,94,nb,0,512,2097152,11.050337740,0.021582691,0.019816281,0.024142594,1
actual,45,95,nb,0,512,2097152,11.065043233,0.021611413,0.019815468,0.024012260,1
actual,46,96,nb,0,512,2097152,11.052717782,0.021587339,0.019757509,0.024042607,1
actual,47,97,nb,0,512,2097152,11.004155084,0.021492490,0.019726151,0.023704232,1
actual,48,98,nb,0,512,2097152,11.040396406,0.021563274,0.019739496,0.024093963,1
actual,49,99,nb,0,512,2097152,11.094246608,0.021668450,0.019752881,0.024051474,1
warmup,0,0,nb,0,512,3145728,11.376775253,0.022220264,0.020152124,0.025091470,1
warmup,1,1,nb,0,512,3145728,11.272198030,0.022016012,0.020055904,0.024483541,1
warmup,2,2,nb,0,512,3145728,11.292269525,0.022055214,0.020141356,0.024796077,1
warmup,3,3,nb,0,512,3145728,11.697509276,0.022846698,0.020066734,0.026252745,1
warmup,4,4,nb,0,512,3145728,11.319754278,0.022108895,0.020296464,0.024730395,1
warmup,5,5,nb,0,512,3145728,11.336930736,0.022142443,0.020101339,0.025009415,1
warmup,6,6,nb,0,512,3145728,11.301350339,0.022072950,0.020152064,0.024770368,1
warmup,7,7,nb,0,512,3145728,11.273625992,0.022018801,0.020058218,0.024439929,1
warmup,8,8,nb,0,512,3145728,11.333075066,0.022134912,0.020241081,0.024951348,1
warmup,9,9,nb,0,512,3145728,11.314454371,0.022098544,0.020123701,0.024489633,1
warmup,10,10,nb,0,512,3145728,11.263137007,0.021998314,0.020129657,0.024472410,1
warmup,11,11,nb,0,512,3145728,11.364791970,0.022196859,0.020202038,0.024988737,1
warmup,12,12,nb,0,512,3145728,11.252694228,0.021977918,0.020124302,0.024473002,1
warmup,13,13,nb,0,512,3145728,11.276542437,0.022024497,0.020136114,0.024541640,1
warmup,14,14,nb,0,512,3145728,11.335127510,0.022138921,0.020243265,0.024875715,1
warmup,15,15,nb,0,512,3145728,11.276155459,0.022023741,0.020102431,0.024579973,1
warmup,16,16,nb,0,512,3145728,11.305805626,0.022081652,0.020167413,0.024449708,1
warmup,17,17,nb,0,512,3145728,11.301614764,0.022073466,0.020096019,0.024694687,1
warmup,18,18,nb,0,512,3145728,11.284954303,0.022040926,0.020265737,0.024470748,1
warmup,19,19,nb,0,512,3145728,11.285547880,0.022042086,0.020123651,0.024606652,1
warmup,20,20,nb,0,512,3145728,11.323412715,0.022116040,0.020184214,0.024622341,1
warmup,21,21,nb,0,512,3145728,11.338180172,0.022144883,0.020133420,0.024657447,1
warmup,22,22,nb,0,512,3145728,11.243350535,0.021959669,0.020204529,0.024472241,1
warmup,23,23,nb,0,512,3145728,11.477986941,0.022417943,0.020131335,0.025746194,1
warmup,24,24,nb,0,512,3145728,11.406276135,0.022277883,0.020122529,0.024907074,1
warmup,25,25,nb,0,512,3145728,11.351319926,0.022170547,0.020075242,0.024747581,1
warmup,26,26,nb,0,512,3145728,11.342205389,0.022152745,0.020134403,0.024567864,1
warmup,27,27,nb,0,512,3145728,11.339212659,0.022146900,0.020140623,0.024973889,1
warmup,28,28,nb,0,512,3145728,11.288896318,0.022048626,0.020194099,0.024594029,1
warmup,29,29,nb,0,512,3145728,11.356761426,0.022181175,0.020126066,0.025008734,1
warmup,30,30,nb,0,512,3145728,11.332587625,0.022133960,0.020181632,0.024976434,1
warmup,31,31,nb,0,512,3145728,11.262565083,0.021997197,0.020193875,0.024480647,1
warmup,32,32,nb,0,512,3145728,11.321560130,0.022112422,0.020054691,0.025126415,1
warmup,33,33,nb,0,512,3145728,11.341978557,0.022152302,0.020117919,0.024958421,1
warmup,34,34,nb,0,512,3145728,11.322054598,0.022113388,0.020209674,0.024835450,1
warmup,35,35,nb,0,512,3145728,11.257589651,0.021987480,0.020100257,0.024430182,1
warmup,36,36,nb,0,512,3145728,11.264216828,0.022000423,0.020107771,0.024460659,1
warmup,37,37,nb,0,512,3145728,11.329439865,0.022127812,0.019969702,0.024664991,1
warmup,38,38,nb,0,512,3145728,11.250065149,0.021972783,0.020102421,0.024417097,1
warmup,39,39,nb,0,512,3145728,11.324763689,0.022118679,0.020141825,0.024713182,1
warmup,40,40,nb,0,512,3145728,11.269057991,0.022009879,0.020206446,0.024504611,1
warmup,41,41,nb,0,512,3145728,11.278531020,0.022028381,0.019991770,0.024786137,1
warmup,42,42,nb,0,512,3145728,11.319560322,0.022108516,0.020087302,0.024591724,1
warmup,43,43,nb,0,512,3145728,11.324078584,0.022117341,0.020188428,0.025076952,1
warmup,44,44,nb,0,512,3145728,11.202998354,0.021880856,0.020148076,0.024511804,1
warmup,45,45,nb,0,512,3145728,11.290178733,0.022051130,0.020044903,0.024525370,1
warmup,46,46,nb,0,512,3145728,11.288168220,0.022047204,0.020054561,0.024758717,1
warmup,47,47,nb,0,512,3145728,11.305750143,0.022081543,0.020060111,0.024504671,1
warmup,48,48,nb,0,512,3145728,11.331799885,0.022132422,0.020262080,0.024703263,1
warmup,49,49,nb,0,512,3145728,11.310575455,0.022090968,0.020111197,0.024716999,1
actual,0,50,nb,0,512,3145728,11.244223329,0.021961374,0.020144961,0.024459987,1
actual,1,51,nb,0,512,3145728,11.259868826,0.021991931,0.019931971,0.024841041,1
actual,2,52,nb,0,512,3145728,11.232708575,0.021938884,0.020098293,0.024349600,1
actual,3,53,nb,0,512,3145728,11.302737192,0.022075659,0.020041386,0.024689477,1
actual,4,54,nb,0,512,3145728,11.285401253,0.022041799,0.020180027,0.024393633,1
actual,5,55,nb,0,512,3145728,11.246216345,0.021965266,0.020087263,0.024419632,1
actual,6,56,nb,0,512,3145728,11.296925873,0.022064308,0.020185467,0.024676352,1
actual,7,57,nb,0,512,3145728,11.257786448,0.021987864,0.020128085,0.024551729,1
actual,8,58,nb,0,512,3145728,11.306055669,0.022082140,0.020176442,0.024813168,1
actual,9,59,nb,0,512,3145728,11.320416591,0.022110189,0.020162423,0.024874463,1
actual,10,60,nb,0,512,3145728,11.224887535,0.021923608,0.020167939,0.024454958,1
actual,11,61,nb,0,512,3145728,11.305436123,0.022080930,0.020151105,0.024520230,1
actual,12,62,nb,0,512,3145728,11.307797302,0.022085542,0.020113372,0.024733801,1
actual,13,63,nb,0,512,3145728,11.295604574,0.022061728,0.020181860,0.024844748,1
actual,14,64,nb,0,512,3145728,11.287586104,0.022046067,0.020203811,0.024789223,1
actual,15,65,nb,0,512,3145728,11.327104685,0.022123251,0.020085049,0.024890062,1
actual,16,66,nb,0,512,3145728,11.304098625,0.022078318,0.020026388,0.025001050,1
actual,17,67,nb,0,512,3145728,11.302600562,0.022075392,0.020158065,0.024634084,1
actual,18,68,nb,0,512,3145728,11.283602016,0.022038285,0.020099706,0.024744380,1
actual,19,69,nb,0,512,3145728,11.285372678,0.022041744,0.020123350,0.024518938,1
actual,20,70,nb,0,512,3145728,11.264741614,0.022001448,0.020143751,0.024409001,1
actual,21,71,nb,0,512,3145728,11.293979391,0.022058553,0.020067024,0.024512036,1
actual,22,72,nb,0,512,3145728,11.283572296,0.022038227,0.020191989,0.024531622,1
actual,23,73,nb,0,512,3145728,11.249761930,0.021972191,0.020144766,0.024394535,1
actual,24,74,nb,0,512,3145728,11.252499929,0.021977539,0.020096442,0.024678386,1
actual,25,75,nb,0,512,3145728,11.302575866,0.022075343,0.020126652,0.024465087,1
actual,26,76,nb,0,512,3145728,11.301729141,0.022073690,0.020127007,0.025080087,1
actual,27,77,nb,0,512,3145728,11.220507565,0.021915054,0.020258153,0.024413671,1
actual,28,78,nb,0,512,3145728,11.257154912,0.021986631,0.020146820,0.024424601,1
actual,29,79,nb,0,512,3145728,11.254207664,0.021980874,0.020176786,0.024463584,1
actual,30,80,nb,0,512,3145728,11.276619911,0.022024648,0.020188327,0.024484214,1
actual,31,81,nb,0,512,3145728,11.218297238,0.021910737,0.020153653,0.024412298,1
actual,32,82,nb,0,512,3145728,11.294823364,0.022060202,0.020188582,0.024570525,1
actual,33,83,nb,0,512,3145728,11.332578780,0.022133943,0.020135704,0.024887447,1
actual,34,84,nb,0,512,3145728,11.244168839,0.021961267,0.020079347,0.024347757,1
actual,35,85,nb,0,512,3145728,11.287294415,0.022045497,0.020234544,0.024546560,1
actual,36,86,nb,0,512,3145728,11.284037411,0.022039136,0.020152458,0.024768916,1
actual,37,87,nb,0,512,3145728,11.325114941,0.022119365,0.020240894,0.024683015,1
actual,38,88,nb,0,512,3145728,11.293677322,0.022057964,0.020033495,0.024909469,1
actual,39,89,nb,0,512,3145728,11.268363231,0.022008522,0.020149876,0.024554394,1
actual,40,90,nb,0,512,3145728,11.300244020,0.022070789,0.020054060,0.024948091,1
actual,41,91,nb,0,512,3145728,11.322154462,0.022113583,0.020094849,0.024959883,1
actual,42,92,nb,0,512,3145728,11.268408362,0.022008610,0.020094787,0.024384697,1
actual,43,93,nb,0,512,3145728,11.294145166,0.022058877,0.020095223,0.024994758,1
actual,44,94,nb,0,512,3145728,11.275811394,0.022023069,0.020153792,0.024584911,1
actual,45,95,nb,0,512,3145728,11.298125292,0.022066651,0.020135757,0.024556999,1
actual,46,96,nb,0,512,3145728,11.279459005,0.022030193,0.020098424,0.024564663,1
actual,47,97,nb,0,512,3145728,11.255679378,0.021983749,0.020105252,0.024694096,1
actual,48,98,nb,0,512,3145728,11.300143984,0.022070594,0.020184307,0.024957999,1
actual,49,99,nb,0,512,3145728,11.318716484,0.022106868,0.020171427,0.024784785,1
warmup,0,0,nb,0,512,4194304,12.417928231,0.024253766,0.022329534,0.026503549,1
warmup,1,1,nb,0,512,4194304,12.417479369,0.024252889,0.022405295,0.026382343,1
warmup,2,2,nb,0,512,4194304,12.378693969,0.024177137,0.022298105,0.026230640,1
warmup,3,3,nb,0,512,4194304,12.405113076,0.024228736,0.022212074,0.026230850,1
warmup,4,4,nb,0,512,4194304,12.388345762,0.024195988,0.022297885,0.026208528,1
warmup,5,5,nb,0,512,4194304,12.400074683,0.024218896,0.022353800,0.026156180,1
warmup,6,6,nb,0,512,4194304,12.389650996,0.024198537,0.022400477,0.026212976,1
warmup,7,7,nb,0,512,4194304,12.401639446,0.024221952,0.022241319,0.026310248,1
warmup,8,8,nb,0,512,4194304,12.407810270,0.024234004,0.022264212,0.026242342,1
warmup,9,9,nb,0,512,4194304,12.389738594,0.024198708,0.022372074,0.026223967,1
warmup,10,10,nb,0,512,4194304,12.375381702,0.024170667,0.022325186,0.026185946,1
warmup,11,11,nb,0,512,4194304,12.387946503,0.024195208,0.022296312,0.026263521,1
warmup,12,12,nb,0,512,4194304,12.368907329,0.024158022,0.022204270,0.026245988,1
warmup,13,13,nb,0,512,4194304,12.376272717,0.024172408,0.022255556,0.026232162,1
warmup,14,14,nb,0,512,4194304,12.391681234,0.024202502,0.022483442,0.026213558,1
warmup,15,15,nb,0,512,4194304,12.402106948,0.024222865,0.022205101,0.026248733,1
warmup,16,16,nb,0,512,4194304,12.343020628,0.024107462,0.022266987,0.025627105,1
warmup,17,17,nb,0,512,4194304,12.400901123,0.024220510,0.022343591,0.026218336,1
warmup,18,18,nb,0,512,4194304,12.327983482,0.024078093,0.022338961,0.025656310,1
warmup,19,19,nb,0,512,4194304,12.411617461,0.024241440,0.022265084,0.026279320,1
warmup,20,20,nb,0,512,4194304,12.370333532,0.024160808,0.022188611,0.026272568,1
warmup,21,21,nb,0,512,4194304,12.381918863,0.024183435,0.022325416,0.026283169,1
warmup,22,22,nb,0,512,4194304,12.395201666,0.024209378,0.022318754,0.026189573,1
warmup,23,23,nb,0,512,4194304,12.395400219,0.024209766,0.022314015,0.026321069,1
warmup,24,24,nb,0,512,4194304,12.389763065,0.024198756,0.022170827,0.026264583,1
warmup,25,25,nb,0,512,4194304,12.386711649,0.024192796,0.022257790,0.026208559,1
warmup,26,26,nb,0,512,4194304,12.399009473,0.024216815,0.022281063,0.026244025,1
warmup,27,27,nb,0,512,4194304,12.384460013,0.024188398,0.022232152,0.026190093,1
warmup,28,28,nb,0,512,4194304,12.364051907,0.024148539,0.022371883,0.026218548,1
warmup,29,29,nb,0,512,4194304,12.373870367,0.024167716,0.022372244,0.026198700,1
warmup,30,30,nb,0,512,4194304,12.352756598,0.024126478,0.022358789,0.026197918,1
warmup,31,31,nb,0,512,4194304,12.350414057,0.024121902,0.022320838,0.026271627,1
warmup,32,32,nb,0,512,4194304,12.345793445,0.024112878,0.022240458,0.026311310,1
warmup,33,33,nb,0,512,4194304,12.364889026,0.024150174,0.022392181,0.026274401,1
warmup,34,34,nb,0,512,4194304,12.371987886,0.024164039,0.022298496,0.026330697,1
warmup,35,35,nb,0,512,4194304,12.360262063,0.024141137,0.022277748,0.026332200,1
warmup,36,36,nb,0,512,4194304,12.350859203,0.024122772,0.022259663,0.026242792,1
warmup,37,37,nb,0,512,4194304,12.336958985,0.024095623,0.022352957,0.026153264,1
warmup,38,38,nb,0,512,4194304,12.343605894,0.024108605,0.022349091,0.026118370,1
warmup,39,39,nb,0,512,4194304,12.348487874,0.024118140,0.022213236,0.026173793,1
warmup,40,40,nb,0,512,4194304,12.385508614,0.024190447,0.022267237,0.026239967,1
warmup,41,41,nb,0,512,4194304,12.332251157,0.024086428,0.022245597,0.026295852,1
warmup,42,42,nb,0,512,4194304,12.323346114,0.024069035,0.022331498,0.026238544,1
warmup,43,43,nb,0,512,4194304,12.365320374,0.024151016,0.022332280,0.026273430,1
warmup,44,44,nb,0,512,4194304,12.390728930,0.024200642,0.022353649,0.026306432,1
warmup,45,45,nb,0,512,4194304,12.348095868,0.024117375,0.022183361,0.025968008,1
warmup,46,46,nb,0,512,4194304,12.331277038,0.024084525,0.022216392,0.026194121,1
warmup,47,47,nb,0,512,4194304,12.359240915,0.024139142,0.022237442,0.026245647,1
warmup,48,48,nb,0,512,4194304,12.351743383,0.024124499,0.022259964,0.026276506,1
warmup,49,49,nb,0,512,4194304,12.362129453,0.024144784,0.022337910,0.026332350,1
actual,0,50,nb,0,512,4194304,12.351339568,0.024123710,0.022390036,0.026282486,1
actual,1,51,nb,0,512,4194304,12.389747940,0.024198726,0.022202286,0.026317232,1
actual,2,52,nb,0,512,4194304,12.370717977,0.024161559,0.022236359,0.026270474,1
actual,3,53,nb,0,512,4194304,12.335232571,0.024092251,0.022220781,0.026271005,1
actual,4,54,nb,0,512,4194304,12.327720541,0.024077579,0.022287646,0.026217986,1
actual,5,55,nb,0,512,4194304,12.357182910,0.024135123,0.022170006,0.026185345,1
actual,6,56,nb,0,512,4194304,12.357551719,0.024135843,0.022215361,0.026201886,1
actual,7,57,nb,0,512,4194304,12.339537468,0.024100659,0.022305088,0.026198750,1
actual,8,58,nb,0,512,4194304,12.334810289,0.024091426,0.022368718,0.026176238,1
actual,9,59,nb,0,512,4194304,12.339643646,0.024100866,0.022297004,0.026161480,1
actual,10,60,nb,0,512,4194304,12.353358036,0.024127652,0.022297705,0.026251348,1
actual,11,61,nb,0,512,4194304,12.324502187,0.024071293,0.022307523,0.026193651,1
actual,12,62,nb,0,512,4194304,12.367423807,0.024155125,0.022230969,0.026220691,1
actual,13,63,nb,0,512,4194304,12.339760740,0.024101095,0.022161168,0.026255336,1
actual,14,64,nb,0,512,4194304,12.356370473,0.024133536,0.022433168,0.026274572,1
actual,15,65,nb,0,512,4194304,12.381838567,0.024183278,0.022405066,0.026230139,1
actual,16,66,nb,0,512,4194304,12.399258001,0.024217301,0.022302304,0.026162792,1
actual,17,67,nb,0,512,4194304,12.372696191,0.024165422,0.022225069,0.026324566,1
actual,18,68,nb,0,512,4194304,12.377002996,0.024173834,0.022275153,0.026275313,1
actual,19,69,nb,0,512,4194304,12.347634880,0.024116474,0.022362146,0.026212806,1
actual,20,70,nb,0,512,4194304,12.365612913,0.024151588,0.022353599,0.026228896,1
actual,21,71,nb,0,512,4194304,12.337953967,0.024097566,0.022302143,0.026250907,1
actual,22,72,nb,0,512,4194304,12.354077498,0.024129058,0.022312613,0.026242061,1
actual,23,73,nb,0,512,4194304,12.338548752,0.024098728,0.022236910,0.026283217,1
actual,24,74,nb,0,512,4194304,12.356682706,0.024134146,0.022237587,0.026117278,1
actual,25,75,nb,0,512,4194304,12.367435130,0.024155147,0.022270653,0.026235679,1
actual,26,76,nb,0,512,4194304,12.361259302,0.024143085,0.022216983,0.026172450,1
actual,27,77,nb,0,512,4194304,12.385523340,0.024190475,0.022266396,0.026263080,1
actual,28,78,nb,0,512,4194304,12.385595819,0.024190617,0.022502198,0.026242932,1
actual,29,79,nb,0,512,4194304,12.367509840,0.024155293,0.022264823,0.026242703,1
actual,30,80,nb,0,512,4194304,12.348004544,0.024117196,0.022125823,0.026251349,1
actual,31,81,nb,0,512,4194304,12.361824825,0.024144189,0.022315247,0.026394717,1
actual,32,82,nb,0,512,4194304,12.363242471,0.024146958,0.022291072,0.026233355,1
actual,33,83,nb,0,512,4194304,12.351892468,0.024124790,0.022179955,0.026244656,1
actual,34,84,nb,0,512,4194304,12.344389537,0.024110136,0.022230489,0.026266166,1
actual,35,85,nb,0,512,4194304,12.564141557,0.024539339,0.022337269,0.028403464,1
actual,36,86,nb,0,512,4194304,12.368863532,0.024157937,0.022215440,0.026219599,1
actual,37,87,nb,0,512,4194304,12.367558513,0.024155388,0.022215390,0.026247822,1
actual,38,88,nb,0,512,4194304,12.379417365,0.024178550,0.022279280,0.026212415,1
actual,39,89,nb,0,512,4194304,12.382406736,0.024184388,0.022520431,0.026246449,1
actual,40,90,nb,0,512,4194304,12.354207204,0.024129311,0.022403753,0.026180185,1
actual,41,91,nb,0,512,4194304,12.365398956,0.024151170,0.022261707,0.026201835,1
actual,42,92,nb,0,512,4194304,12.385330395,0.024190098,0.022349471,0.026169936,1
actual,43,93,nb,0,512,4194304,12.383242304,0.024186020,0.022327200,0.026240418,1
actual,44,94,nb,0,512,4194304,12.382424331,0.024184423,0.022402261,0.026174735,1
actual,45,95,nb,0,512,4194304,12.468468150,0.024352477,0.022442180,0.026739850,1
actual,46,96,nb,0,512,4194304,12.478843192,0.024372741,0.022406568,0.026717479,1
actual,47,97,nb,0,512,4194304,12.505925773,0.024425636,0.022562750,0.026794212,1
actual,48,98,nb,0,512,4194304,12.356033326,0.024132878,0.022381180,0.026263401,1
actual,49,99,nb,0,512,4194304,12.391218649,0.024201599,0.022386049,0.026200323,1
warmup,0,0,nb,0,512,6291456,13.336231729,0.026047328,0.023810195,0.028701931,1
warmup,1,1,nb,0,512,6291456,13.344670488,0.026063810,0.023879665,0.028668569,1
warmup,2,2,nb,0,512,6291456,13.323366558,0.026022200,0.023700561,0.028685070,1
warmup,3,3,nb,0,512,6291456,13.347598414,0.026069528,0.023243676,0.028666655,1
warmup,4,4,nb,0,512,6291456,13.335475196,0.026045850,0.023723633,0.028675472,1
warmup,5,5,nb,0,512,6291456,13.340290448,0.026055255,0.023749380,0.028670623,1
warmup,6,6,nb,0,512,6291456,13.343348566,0.026061228,0.023805636,0.028739562,1
warmup,7,7,nb,0,512,6291456,13.353791718,0.026081624,0.023905926,0.028694238,1
warmup,8,8,nb,0,512,6291456,13.342308964,0.026059197,0.023710448,0.028720938,1
warmup,9,9,nb,0,512,6291456,13.345766720,0.026065951,0.023745755,0.028711450,1
warmup,10,10,nb,0,512,6291456,13.510482537,0.026387661,0.023872862,0.028744441,1
warmup,11,11,nb,0,512,6291456,13.406511186,0.026184592,0.023928185,0.028885115,1
warmup,12,12,nb,0,512,6291456,13.409167473,0.026189780,0.023961748,0.028829640,1
warmup,13,13,nb,0,512,6291456,13.413936448,0.026199095,0.023863485,0.028792160,1
warmup,14,14,nb,0,512,6291456,13.523487573,0.026413062,0.023939366,0.031392799,1
warmup,15,15,nb,0,512,6291456,13.367387620,0.026108179,0.023745514,0.028748298,1
warmup,16,16,nb,0,512,6291456,13.356954847,0.026087802,0.023898450,0.028697162,1
warmup,17,17,nb,0,512,6291456,13.369128332,0.026111579,0.023813270,0.028714906,1
warmup,18,18,nb,0,512,6291456,13.337444971,0.026049697,0.023794796,0.028716620,1
warmup,19,19,nb,0,512,6291456,13.379748670,0.026132322,0.023781521,0.028723983,1
warmup,20,20,nb,0,512,6291456,13.346796427,0.026067962,0.023724334,0.028678789,1
warmup,21,21,nb,0,512,6291456,13.372692681,0.026118540,0.023868003,0.028748779,1
warmup,22,22,nb,0,512,6291456,13.347326508,0.026068997,0.023685632,0.028697514,1
warmup,23,23,nb,0,512,6291456,13.391032163,0.026154360,0.024065291,0.028633123,1
warmup,24,24,nb,0,512,6291456,13.364902490,0.026103325,0.023720367,0.028712381,1
warmup,25,25,nb,0,512,6291456,13.331619622,0.026038320,0.023755873,0.028732969,1
warmup,26,26,nb,0,512,6291456,13.336982741,0.026048794,0.023295391,0.028752527,1
warmup,27,27,nb,0,512,6291456,13.336717870,0.026048277,0.023681915,0.028719665,1
warmup,28,28,nb,0,512,6291456,13.351750377,0.026077637,0.023720768,0.028756314,1
warmup,29,29,nb,0,512,6291456,13.393202008,0.026158598,0.023863314,0.028748218,1
warmup,30,30,nb,0,512,6291456,13.356042640,0.026086021,0.023821576,0.028688336,1
warmup,31,31,nb,0,512,6291456,13.349193849,0.026072644,0.023672918,0.028773014,1
warmup,32,32,nb,0,512,6291456,13.354935238,0.026083858,0.023760892,0.028744240,1
warmup,33,33,nb,0,512,6291456,13.366613619,0.026106667,0.023725837,0.028843928,1
warmup,34,34,nb,0,512,6291456,13.351820135,0.026077774,0.023784778,0.028714626,1
warmup,35,35,nb,0,512,6291456,13.365706248,0.026104895,0.023798152,0.028716749,1
warmup,36,36,nb,0,512,6291456,13.357943593,0.026089734,0.023784116,0.028791289,1
warmup,37,37,nb,0,512,6291456,13.360845283,0.026095401,0.023853826,0.028758007,1
warmup,38,38,nb,0,512,6291456,13.367410413,0.026108223,0.023860499,0.028746996,1
warmup,39,39,nb,0,512,6291456,13.359469516,0.026092714,0.023868694,0.028732739,1
warmup,40,40,nb,0,512,6291456,13.355993887,0.026085926,0.023840872,0.028680261,1
warmup,41,41,nb,0,512,6291456,13.346112326,0.026066626,0.023772935,0.028796509,1
warmup,42,42,nb,0,512,6291456,13.355627781,0.026085211,0.023776822,0.028760441,1
warmup,43,43,nb,0,512,6291456,13.360429971,0.026094590,0.023863284,0.028688376,1
warmup,44,44,nb,0,512,6291456,13.341940606,0.026058478,0.023861641,0.028682866,1
warmup,45,45,nb,0,512,6291456,13.332486166,0.026040012,0.023789957,0.028629266,1
warmup,46,46,nb,0,512,6291456,13.332084454,0.026039227,0.023614949,0.028675763,1
warmup,47,47,nb,0,512,6291456,13.321204399,0.026017977,0.023770501,0.028743620,1
warmup,48,48,nb,0,512,6291456,13.358769380,0.026091346,0.023727169,0.028728611,1
warmup,49,49,nb,0,512,6291456,13.356311939,0.026086547,0.023732960,0.028767323,1
actual,0,50,nb,0,512,6291456,13.333205440,0.026041417,0.023687625,0.028690861,1
actual,1,51,nb,0,512,6291456,13.341865152,0.026058330,0.023774508,0.028735885,1
actual,2,52,nb,0,512,6291456,13.351823739,0.026077781,0.023763928,0.028764108,1
actual,3,53,nb,0,512,6291456,13.348417507,0.026071128,0.023757226,0.028722190,1
actual,4,54,nb,0,512,6291456,13.325129543,0.026025644,0.023650467,0.028700830,1
actual,5,55,nb,0,512,6291456,13.337780247,0.026050352,0.023755112,0.028637191,1
actual,6,56,nb,0,512,6291456,13.327666367,0.026030598,0.023747097,0.028787672,1
actual,7,57,nb,0,512,6291456,13.353629802,0.026081308,0.023751584,0.028743890,1
actual,8,58,nb,0,512,6291456,13.346572100,0.026067524,0.023645627,0.028709776,1
actual,9,59,nb,0,512,6291456,13.362864262,0.026099344,0.023791109,0.028707082,1
actual,10,60,nb,0,512,6291456,13.364124370,0.026101805,0.023752587,0.028734513,1
actual,11,61,nb,0,512,6291456,13.334910013,0.026044746,0.023773847,0.028735234,1
actual,12,62,nb,0,512,6291456,13.329033030,0.026033268,0.023692916,0.028734583,1
actual,13,63,nb,0,512,6291456,13.359371616,0.026092523,0.023868604,0.028768476,1
actual,14,64,nb,0,512,6291456,13.348157721,0.026070621,0.023850955,0.028721498,1
actual,15,65,nb,0,512,6291456,13.363505436,0.026100597,0.023832881,0.028678538,1
actual,16,66,nb,0,512,6291456,13.363927678,0.026101421,0.024008353,0.028736716,1
actual,17,67,nb,0,512,6291456,13.352170756,0.026078459,0.023950432,0.028686373,1
actual,18,68,nb,0,512,6291456,13.360280518,0.026094298,0.023920445,0.028698264,1
actual,19,69,nb,0,512,6291456,13.351480865,0.026077111,0.023815980,0.028770470,1
actual,20,70,nb,0,512,6291456,13.351880019,0.026077891,0.023834254,0.028719064,1
actual,21,71,nb,0,512,6291456,13.369184984,0.026111689,0.024031296,0.028712411,1
actual,22,72,nb,0,512,6291456,13.339969343,0.026054628,0.023694521,0.028695720,1
actual,23,73,nb,0,512,6291456,13.373617154,0.026120346,0.024077568,0.028695409,1
actual,24,74,nb,0,512,6291456,13.360064475,0.026093876,0.024055227,0.028700138,1
actual,25,75,nb,0,512,6291456,13.372338740,0.026117849,0.023984627,0.028790727,1
actual,26,76,nb,0,512,6291456,13.358440762,0.026090705,0.023874209,0.028681834,1
actual,27,77,nb,0,512,6291456,13.364696944,0.026102924,0.024084973,0.028738531,1
actual,28,78,nb,0,512,6291456,13.695316648,0.026748665,0.023986662,0.030586081,1
actual,29,79,nb,0,512,6291456,13.334368744,0.026043689,0.023841368,0.028776260,1
actual,30,80,nb,0,512,6291456,13.355395640,0.026084757,0.024040311,0.028748038,1
actual,31,81,nb,0,512,6291456,13.348149707,0.026070605,0.024002379,0.028691973,1
actual,32,82,nb,0,512,6291456,13.357146602,0.026088177,0.023901570,0.028644845,1
actual,33,83,nb,0,512,6291456,13.349283982,0.026072820,0.024038297,0.028710407,1
actual,34,84,nb,0,512,6291456,13.886757281,0.027122573,0.023927970,0.033401043,1
actual,35,85,nb,0,512,6291456,13.380964877,0.026134697,0.024103069,0.028728291,1
actual,36,86,nb,0,512,6291456,13.360034848,0.026093818,0.024042784,0.028689188,1
actual,37,87,nb,0,512,6291456,13.367397865,0.026108199,0.024076638,0.028729673,1
actual,38,88,nb,0,512,6291456,13.361468719,0.026096619,0.023991890,0.028719524,1
actual,39,89,nb,0,512,6291456,13.366315036,0.026106084,0.024066482,0.028749982,1
actual,40,90,nb,0,512,6291456,13.376474621,0.026125927,0.023795482,0.028775028,1
actual,41,91,nb,0,512,6291456,13.388458529,0.026149333,0.023986499,0.028768396,1
actual,42,92,nb,0,512,6291456,13.365962372,0.026105395,0.023855844,0.028699788,1
actual,43,93,nb,0,512,6291456,13.357653852,0.026089168,0.023992050,0.028732829,1
actual,44,94,nb,0,512,6291456,13.355723140,0.026085397,0.023887625,0.028736877,1
actual,45,95,nb,0,512,6291456,13.278953510,0.025935456,0.024028731,0.027492466,1
actual,46,96,nb,0,512,6291456,13.346937367,0.026068237,0.023824475,0.028721188,1
actual,47,97,nb,0,512,6291456,13.352177578,0.026078472,0.023879909,0.028728591,1
actual,48,98,nb,0,512,6291456,13.370223446,0.026113718,0.023855655,0.028722570,1
actual,49,99,nb,0,512,6291456,13.375285405,0.026123604,0.023885340,0.028775820,1
warmup,0,0,nb,0,512,8388608,14.939103220,0.029177936,0.026261145,0.031825223,1
warmup,1,1,nb,0,512,8388608,14.925005523,0.029150401,0.026217555,0.031779107,1
warmup,2,2,nb,0,512,8388608,14.923128399,0.029146735,0.026190943,0.031830573,1
warmup,3,3,nb,0,512,8388608,14.925224300,0.029150829,0.026234746,0.031775079,1
warmup,4,4,nb,0,512,8388608,14.924316689,0.029149056,0.026274550,0.031665374,1
warmup,5,5,nb,0,512,8388608,14.897537469,0.029096753,0.026269940,0.031736257,1
warmup,6,6,nb,0,512,8388608,14.935448278,0.029170797,0.026195241,0.031696403,1
warmup,7,7,nb,0,512,8388608,14.912354677,0.029125693,0.026223473,0.031658351,1
warmup,8,8,nb,0,512,8388608,14.917209799,0.029135175,0.026153214,0.031704368,1
warmup,9,9,nb,0,512,8388608,14.905173840,0.029111668,0.026258549,0.031675473,1
warmup,10,10,nb,0,512,8388608,14.911320797,0.029123673,0.026123607,0.031676394,1
warmup,11,11,nb,0,512,8388608,14.897379847,0.029096445,0.026272996,0.031690982,1
warmup,12,12,nb,0,512,8388608,14.913882675,0.029128677,0.026247829,0.031649865,1
warmup,13,13,nb,0,512,8388608,14.914155008,0.029129209,0.026233332,0.031716971,1
warmup,14,14,nb,0,512,8388608,14.913223881,0.029127390,0.026169944,0.031779238,1
warmup,15,15,nb,0,512,8388608,14.922056355,0.029144641,0.026123626,0.031699919,1
warmup,16,16,nb,0,512,8388608,14.912945823,0.029126847,0.026143737,0.031693497,1
warmup,17,17,nb,0,512,8388608,14.959486411,0.029217747,0.026290049,0.031794255,1
warmup,18,18,nb,0,512,8388608,14.938714592,0.029177177,0.026249174,0.031680523,1
warmup,19,19,nb,0,512,8388608,14.920355732,0.029141320,0.026178129,0.031728081,1
warmup,20,20,nb,0,512,8388608,14.939601981,0.029178910,0.026283820,0.031723122,1
warmup,21,21,nb,0,512,8388608,14.966542732,0.029231529,0.026285760,0.031881599,1
warmup,22,22,nb,0,512,8388608,14.903365799,0.029108136,0.026179994,0.031692235,1
warmup,23,23,nb,0,512,8388608,14.923953622,0.029148347,0.026204198,0.031706972,1
warmup,24,24,nb,0,512,8388608,14.917112564,0.029134985,0.026243831,0.031723313,1
warmup,25,25,nb,0,512,8388608,14.940907364,0.029181460,0.026216323,0.031683307,1
warmup,26,26,nb,0,512,8388608,14.930257172,0.029160659,0.026347730,0.031630078,1
warmup,27,27,nb,0,512,8388608,14.923373711,0.029147214,0.026318535,0.031792823,1
warmup,28,28,nb,0,512,8388608,14.939640215,0.029178985,0.026222615,0.031805697,1
warmup,29,29,nb,0,512,8388608,14.935182894,0.029170279,0.026361132,0.031661126,1
warmup,30,30,nb,0,512,8388608,14.915860418,0.029132540,0.026143877,0.031709717,1
warmup,31,31,nb,0,512,8388608,14.923529966,0.029147519,0.026340133,0.031725316,1
warmup,32,32,nb,0,512,8388608,14.910510012,0.029122090,0.026209199,0.031818821,1
warmup,33,33,nb,0,512,8388608,14.938204553,0.029176181,0.026247010,0.031722381,1
warmup,34,34,nb,0,512,8388608,14.934511311,0.029168967,0.026295240,0.031823560,1
warmup,35,35,nb,0,512,8388608,14.923815010,0.029148076,0.026333570,0.031759651,1
warmup,36,36,nb,0,512,8388608,14.931303549,0.029162702,0.026335774,0.031819823,1
warmup,37,37,nb,0,512,8388608,14.933358056,0.029166715,0.026245707,0.031684059,1
warmup,38,38,nb,0,512,8388608,14.935067188,0.029170053,0.026374426,0.031770420,1
warmup,39,39,nb,0,512,8388608,14.918500060,0.029137695,0.026339972,0.031829200,1
warmup,40,40,nb,0,512,8388608,14.939718898,0.029179138,0.026363075,0.031737890,1
warmup,41,41,nb,0,512,8388608,14.945206705,0.029189857,0.026203028,0.031766463,1
warmup,42,42,nb,0,512,8388608,14.943507605,0.029186538,0.026277605,0.031755032,1
warmup,43,43,nb,0,512,8388608,14.940068531,0.029179821,0.026231842,0.031750673,1
warmup,44,44,nb,0,512,8388608,14.925228653,0.029150837,0.026274419,0.031779688,1
warmup,45,45,nb,0,512,8388608,14.947638897,0.029194607,0.026301951,0.031807170,1
warmup,46,46,nb,0,512,8388608,14.924561555,0.029149534,0.026385858,0.031793033,1
warmup,47,47,nb,0,512,8388608,14.904782856,0.029110904,0.026240846,0.031737830,1
warmup,48,48,nb,0,512,8388608,14.962897737,0.029224410,0.026238955,0.031884234,1
warmup,49,49,nb,0,512,8388608,14.933409529,0.029166815,0.026253100,0.031791650,1
actual,0,50,nb,0,512,8388608,14.927928605,0.029156111,0.026257189,0.031823179,1
actual,1,51,nb,0,512,8388608,14.914972671,0.029130806,0.026195962,0.031728732,1
actual,2,52,nb,0,512,8388608,14.924699964,0.029149805,0.026158975,0.031842265,1
actual,3,53,nb,0,512,8388608,14.891369790,0.029084707,0.026247899,0.031704248,1
actual,4,54,nb,0,512,8388608,14.908570698,0.029118302,0.026273770,0.031673420,1
actual,5,55,nb,0,512,8388608,14.944760588,0.029188986,0.026329175,0.031860369,1
actual,6,56,nb,0,512,8388608,14.920230425,0.029141075,0.026181735,0.031786361,1
actual,7,57,nb,0,512,8388608,14.923492268,0.029147446,0.026306469,0.031793744,1
actual,8,58,nb,0,512,8388608,14.927252791,0.029154791,0.026212015,0.031765110,1
actual,9,59,nb,0,512,8388608,14.917775352,0.029136280,0.026195234,0.031706160,1
actual,10,60,nb,0,512,8388608,14.924534835,0.029149482,0.026086299,0.031711361,1
actual,11,61,nb,0,512,8388608,14.932629778,0.029165293,0.026328393,0.031691303,1
actual,12,62,nb,0,512,8388608,14.916420722,0.029133634,0.026212836,0.031741767,1
actual,13,63,nb,0,512,8388608,14.931434047,0.029162957,0.026313312,0.031729925,1
actual,14,64,nb,0,512,8388608,14.967249983,0.029232910,0.026248090,0.031788194,1
actual,15,65,nb,0,512,8388608,14.950881232,0.029200940,0.026181785,0.031802060,1
actual,16,66,nb,0,512,8388608,14.928431701,0.029157093,0.026145747,0.031811106,1
actual,17,67,nb,0,512,8388608,14.936388666,0.029172634,0.026378173,0.031784437,1
actual,18,68,nb,0,512,8388608,14.922775403,0.029146046,0.026114501,0.031745725,1
actual,19,69,nb,0,512,8388608,14.908078246,0.029117340,0.026260202,0.031734674,1
actual,20,70,nb,0,512,8388608,14.936324359,0.029172509,0.026280593,0.031754581,1
actual,21,71,nb,0,512,8388608,14.931592321,0.029163266,0.026189520,0.031833759,1
actual,22,72,nb,0,512,8388608,14.920719559,0.029142030,0.026176157,0.031748048,1
actual,23,73,nb,0,512,8388608,14.931526885,0.029163138,0.026334822,0.031699377,1
actual,24,74,nb,0,512,8388608,14.917843438,0.029136413,0.026258660,0.031654103,1
actual,25,75,nb,0,512,8388608,14.903146334,0.029107708,0.026340222,0.031758618,1
actual,26,76,nb,0,512,8388608,14.921304101,0.029143172,0.026262339,0.031733913,1
actual,27,77,nb,0,512,8388608,14.915600699,0.029132033,0.026283226,0.031653021,1
actual,28,78,nb,0,512,8388608,14.939098149,0.029177926,0.026267569,0.031757276,1
actual,29,79,nb,0,512,8388608,14.905336018,0.029111984,0.026198928,0.031739603,1
actual,30,80,nb,0,512,8388608,14.922974925,0.029146435,0.026222654,0.031757947,1
actual,31,81,nb,0,512,8388608,14.919188118,0.029139039,0.026262359,0.031764118,1
actual,32,82,nb,0,512,8388608,14.942562704,0.029184693,0.026189993,0.031759831,1
actual,33,83,nb,0,512,8388608,14.912260987,0.029125510,0.026324485,0.031819783,1
actual,34,84,nb,0,512,8388608,15.263033279,0.029810612,0.026299296,0.036349455,1
actual,35,85,nb,0,512,8388608,15.030554754,0.029356552,0.026211904,0.032992388,1
actual,36,86,nb,0,512,8388608,15.032202369,0.029359770,0.026273387,0.032752611,1
actual,37,87,nb,0,512,8388608,15.052519375,0.029399452,0.026293094,0.032887773,1
actual,38,88,nb,0,512,8388608,15.052261804,0.029398949,0.026265663,0.032959657,1
actual,39,89,nb,0,512,8388608,15.040184507,0.029375360,0.026331850,0.032795120,1
actual,40,90,nb,0,512,8388608,15.129752215,0.029550297,0.026219068,0.032911928,1
actual,41,91,nb,0,512,8388608,15.031343412,0.029358093,0.026279790,0.032772818,1
actual,42,92,nb,0,512,8388608,15.030116355,0.029355696,0.026262256,0.032978172,1
actual,43,93,nb,0,512,8388608,15.013177741,0.029322613,0.026238114,0.032674835,1
actual,44,94,nb,0,512,8388608,15.031221688,0.029357855,0.026255804,0.032959056,1
actual,45,95,nb,0,512,8388608,15.050455583,0.029395421,0.026361025,0.032757590,1
actual,46,96,nb,0,512,8388608,15.046683922,0.029388055,0.026179361,0.032980356,1
actual,47,97,nb,0,512,8388608,15.007014525,0.029310575,0.026195161,0.032762499,1
actual,48,98,nb,0,512,8388608,15.022793060,0.029341393,0.026164925,0.032901529,1
actual,49,99,nb,0,512,8388608,14.957549296,0.029213963,0.026214396,0.032160065,1
warmup,0,0,nb,0,512,12582912,17.152103941,0.033500203,0.028862283,0.037749243,1
warmup,1,1,nb,0,512,12582912,17.047028004,0.033294977,0.028562264,0.037694010,1
warmup,2,2,nb,0,512,12582912,16.996999509,0.033197265,0.028696316,0.036899498,1
warmup,3,3,nb,0,512,12582912,17.030863005,0.033263404,0.028620360,0.037155977,1
warmup,4,4,nb,0,512,12582912,17.010960813,0.033224533,0.028691683,0.036888678,1
warmup,5,5,nb,0,512,12582912,17.090842988,0.033380553,0.029104448,0.037027838,1
warmup,6,6,nb,0,512,12582912,17.031123103,0.033263912,0.029512094,0.036269733,1
warmup,7,7,nb,0,512,12582912,17.030995656,0.033263663,0.029240354,0.036229050,1
warmup,8,8,nb,0,512,12582912,17.017598376,0.033237497,0.029435759,0.036170029,1
warmup,9,9,nb,0,512,12582912,17.001608286,0.033206266,0.029434147,0.036172003,1
warmup,10,10,nb,0,512,12582912,17.052140408,0.033304962,0.029334069,0.036396980,1
warmup,11,11,nb,0,512,12582912,17.043483773,0.033288054,0.029144834,0.036607823,1
warmup,12,12,nb,0,512,12582912,17.029365804,0.033260480,0.029539364,0.036411848,1
warmup,13,13,nb,0,512,12582912,17.022526546,0.033247122,0.029364075,0.036376652,1
warmup,14,14,nb,0,512,12582912,17.029642568,0.033261021,0.029448704,0.036386150,1
warmup,15,15,nb,0,512,12582912,17.046669552,0.033294276,0.029470676,0.036371543,1
warmup,16,16,nb,0,512,12582912,17.044474211,0.033289989,0.029518445,0.036312122,1
warmup,17,17,nb,0,512,12582912,17.048388808,0.033297634,0.029560595,0.036414232,1
warmup,18,18,nb,0,512,12582912,17.060535047,0.033321358,0.029526991,0.036413030,1
warmup,19,19,nb,0,512,12582912,17.057924849,0.033316259,0.029447903,0.036536230,1
warmup,20,20,nb,0,512,12582912,17.051939385,0.033304569,0.029442502,0.036511344,1
warmup,21,21,nb,0,512,12582912,17.004851980,0.033212602,0.029222530,0.036272869,1
warmup,22,22,nb,0,512,12582912,17.032743647,0.033267077,0.029397808,0.036431575,1
warmup,23,23,nb,0,512,12582912,17.035155903,0.033271789,0.029361011,0.036437976,1
warmup,24,24,nb,0,512,12582912,17.045356973,0.033291713,0.029376460,0.036418491,1
warmup,25,25,nb,0,512,12582912,17.026093060,0.033254088,0.029396188,0.036409594,1
warmup,26,26,nb,0,512,12582912,17.053264713,0.033307158,0.029551227,0.036438027,1
warmup,27,27,nb,0,512,12582912,16.998289638,0.033199784,0.029444989,0.036553272,1
warmup,28,28,nb,0,512,12582912,17.064866411,0.033329817,0.029446521,0.036433979,1
warmup,29,29,nb,0,512,12582912,17.067136735,0.033334251,0.029416215,0.036507877,1
warmup,30,30,nb,0,512,12582912,17.046519306,0.033293983,0.029412298,0.036280813,1
warmup,31,31,nb,0,512,12582912,17.043706159,0.033288489,0.029505803,0.036463334,1
warmup,32,32,nb,0,512,12582912,17.034717390,0.033270932,0.027682789,0.036383646,1
warmup,33,33,nb,0,512,12582912,17.077550040,0.033354590,0.029447053,0.036450209,1
warmup,34,34,nb,0,512,12582912,17.043402400,0.033287895,0.029384937,0.036458495,1
warmup,35,35,nb,0,512,12582912,17.018062451,0.033238403,0.029346274,0.036429421,1
warmup,36,36,nb,0,512,12582912,17.088128048,0.033375250,0.029359740,0.036341577,1
warmup,37,37,nb,0,512,12582912,17.057921910,0.033316254,0.029446351,0.036360292,1
warmup,38,38,nb,0,512,12582912,17.092660761,0.033384103,0.029367734,0.036233473,1
warmup,39,39,nb,0,512,12582912,17.151653233,0.033499323,0.029440009,0.036554787,1
warmup,40,40,nb,0,512,12582912,17.192679284,0.033579452,0.029407008,0.036708506,1
warmup,41,41,nb,0,512,12582912,17.137952506,0.033472563,0.029347316,0.036425796,1
warmup,42,42,nb,0,512,12582912,17.147419089,0.033491053,0.029427045,0.036477072,1
warmup,43,43,nb,0,512,12582912,17.131966770,0.033460873,0.029437415,0.036424362,1
warmup,44,44,nb,0,512,12582912,17.152383744,0.033500750,0.029482629,0.036507208,1
warmup,45,45,nb,0,512,12582912,17.107771828,0.033413617,0.029353458,0.036332310,1
warmup,46,46,nb,0,512,12582912,17.135264092,0.033467313,0.029409081,0.036419183,1
warmup,47,47,nb,0,512,12582912,17.113441980,0.033424691,0.029418219,0.036419713,1
warmup,48,48,nb,0,512,12582912,17.151313927,0.033498660,0.029286001,0.036583030,1
warmup,49,49,nb,0,512,12582912,17.111318851,0.033420545,0.029378184,0.036465178,1
actual,0,50,nb,0,512,12582912,17.088959243,0.033376874,0.029368756,0.036568641,1
actual,1,51,nb,0,512,12582912,17.060527588,0.033321343,0.029381951,0.036180246,1
actual,2,52,nb,0,512,12582912,17.029369220,0.033260487,0.029488720,0.036400457,1
actual,3,53,nb,0,512,12582912,17.063228500,0.033326618,0.029467491,0.036218895,1
actual,4,54,nb,0,512,12582912,17.079609800,0.033358613,0.029478933,0.036559413,1
actual,5,55,nb,0,512,12582912,17.030603892,0.033262898,0.029481988,0.036340926,1
actual,6,56,nb,0,512,12582912,17.082408047,0.033364078,0.029392450,0.036499883,1
actual,7,57,nb,0,512,12582912,17.082509712,0.033364277,0.029380709,0.036462041,1
actual,8,58,nb,0,512,12582912,17.035874221,0.033273192,0.029373816,0.036469767,1
actual,9,59,nb,0,512,12582912,17.431042691,0.034045005,0.029411947,0.040123182,1
actual,10,60,nb,0,512,12582912,17.048755764,0.033298351,0.029424931,0.036268419,1
actual,11,61,nb,0,512,12582912,17.103840690,0.033405939,0.029433668,0.036716728,1
actual,12,62,nb,0,512,12582912,17.038836964,0.033278978,0.029473823,0.036611079,1
actual,13,63,nb,0,512,12582912,17.020282260,0.033242739,0.029430251,0.036463885,1
actual,14,64,nb,0,512,12582912,17.028504382,0.033258798,0.029398381,0.036416927,1
actual,15,65,nb,0,512,12582912,17.032698968,0.033266990,0.029358978,0.036356503,1
actual,16,66,nb,0,512,12582912,17.023543418,0.033249108,0.029393402,0.036448496,1
actual,17,67,nb,0,512,12582912,17.024191930,0.033250375,0.029423619,0.036337329,1
actual,18,68,nb,0,512,12582912,17.047623724,0.033296140,0.029347566,0.036462623,1
actual,19,69,nb,0,512,12582912,17.025417361,0.033252768,0.029332789,0.036416297,1
actual,20,70,nb,0,512,12582912,17.039950562,0.033281153,0.029400085,0.036436434,1
actual,21,71,nb,0,512,12582912,17.035408875,0.033272283,0.029425542,0.036375070,1
actual,22,72,nb,0,512,12582912,16.998483220,0.033200163,0.029328150,0.036453346,1
actual,23,73,nb,0,512,12582912,17.035910559,0.033273263,0.029392631,0.036410776,1
actual,24,74,nb,0,512,12582912,17.047280431,0.033295470,0.029365731,0.036599328,1
actual,25,75,nb,0,512,12582912,17.011693321,0.033225964,0.029448365,0.036210069,1
actual,26,76,nb,0,512,12582912,17.062979777,0.033326132,0.029406987,0.036606802,1
actual,27,77,nb,0,512,12582912,17.029348942,0.033260447,0.029386259,0.036279098,1
actual,28,78,nb,0,512,12582912,17.001855658,0.033206749,0.029301871,0.036258620,1
actual,29,79,nb,0,512,12582912,17.014579757,0.033231601,0.029457141,0.036432225,1
actual,30,80,nb,0,512,12582912,17.014497764,0.033231441,0.029274851,0.036493000,1
actual,31,81,nb,0,512,12582912,17.036368760,0.033274158,0.029520721,0.036381019,1
actual,32,82,nb,0,512,12582912,17.025811728,0.033253539,0.029354439,0.036383464,1
actual,33,83,nb,0,512,12582912,17.021199318,0.033244530,0.029358808,0.036373506,1
actual,34,84,nb,0,512,12582912,17.045101083,0.033291213,0.029416325,0.036371341,1
actual,35,85,nb,0,512,12582912,17.049853615,0.033300495,0.029386740,0.036447324,1
actual,36,86,nb,0,512,12582912,17.035989997,0.033273418,0.029313994,0.036467001,1
actual,37,87,nb,0,512,12582912,17.004506553,0.033211927,0.029524287,0.036290411,1
actual,38,88,nb,0,512,12582912,17.022303405,0.033246686,0.029341425,0.036474395,1
actual,39,89,nb,0,512,12582912,17.029004998,0.033259775,0.029412819,0.036463093,1
actual,40,90,nb,0,512,12582912,17.022215790,0.033246515,0.029487278,0.036432878,1
actual,41,91,nb,0,512,12582912,16.992387351,0.033188257,0.029478362,0.036392883,1
actual,42,92,nb,0,512,12582912,17.037745792,0.033276847,0.029456631,0.036485445,1
actual,43,93,nb,0,512,12582912,17.037158444,0.033275700,0.029465757,0.036436213,1
actual,44,94,nb,0,512,12582912,17.047619243,0.033296131,0.029464405,0.036412249,1
actual,45,95,nb,0,512,12582912,17.739252817,0.034646978,0.031625248,0.038084859,1
actual,46,96,nb,0,512,12582912,17.025061703,0.033252074,0.029387521,0.036421787,1
actual,47,97,nb,0,512,12582912,17.025646081,0.033253215,0.029427406,0.036441784,1
actual,48,98,nb,0,512,12582912,17.028814979,0.033259404,0.029403319,0.036295210,1
actual,49,99,nb,0,512,12582912,17.056944124,0.033314344,0.029467751,0.036475156,1
warmup,0,0,nb,0,512,16777216,20.658866807,0.040349349,0.034473671,0.044236304,1
warmup,1,1,nb,0,512,16777216,20.669439517,0.040369999,0.034513365,0.043970245,1
warmup,2,2,nb,0,512,16777216,20.705831613,0.040441077,0.034478330,0.043977791,1
warmup,3,3,nb,0,512,16777216,20.668586629,0.040368333,0.034564601,0.043826948,1
warmup,4,4,nb,0,512,16777216,20.635328692,0.040303376,0.034448554,0.043923569,1
warmup,5,5,nb,0,512,16777216,20.636383607,0.040305437,0.034387679,0.044023685,1
warmup,6,6,nb,0,512,16777216,20.658588488,0.040348806,0.034357443,0.043837797,1
warmup,7,7,nb,0,512,16777216,20.627828391,0.040288727,0.034389392,0.043906014,1
warmup,8,8,nb,0,512,16777216,20.694907220,0.040419741,0.034291890,0.044247364,1
warmup,9,9,nb,0,512,16777216,20.670482254,0.040372036,0.034375346,0.044087215,1
warmup,10,10,nb,0,512,16777216,20.654916732,0.040341634,0.034358865,0.043917636,1
warmup,11,11,nb,0,512,16777216,20.661187734,0.040353882,0.034477127,0.044014929,1
warmup,12,12,nb,0,512,16777216,20.665907444,0.040363100,0.034404430,0.043969994,1
warmup,13,13,nb,0,512,16777216,20.711246067,0.040451652,0.034494951,0.043953886,1
warmup,14,14,nb,0,512,16777216,20.694171346,0.040418303,0.034487577,0.043856203,1
warmup,15,15,nb,0,512,16777216,20.651249455,0.040334472,0.034349908,0.043791292,1
warmup,16,16,nb,0,512,16777216,20.688276431,0.040406790,0.034452852,0.044211948,1
warmup,17,17,nb,0,512,16777216,20.645986048,0.040324192,0.034576904,0.043905244,1
warmup,18,18,nb,0,512,16777216,20.624900096,0.040283008,0.034288623,0.043871290,1
warmup,19,19,nb,0,512,16777216,20.682999093,0.040396483,0.034391296,0.044212700,1
warmup,20,20,nb,0,512,16777216,20.717605185,0.040464073,0.034316706,0.044401373,1
warmup,21,21,nb,0,512,16777216,20.714452386,0.040457915,0.034214744,0.044077295,1
warmup,22,22,nb,0,512,16777216,20.652902529,0.040337700,0.034189337,0.044000143,1
warmup,23,23,nb,0,512,16777216,20.717592777,0.040464048,0.034497195,0.044100890,1
warmup,24,24,nb,0,512,16777216,20.672510811,0.040375998,0.034430008,0.044073208,1
warmup,25,25,nb,0,512,16777216,20.695399155,0.040420701,0.034467579,0.044328366,1
warmup,26,26,nb,0,512,16777216,20.708250239,0.040445801,0.034394181,0.044274174,1
warmup,27,27,nb,0,512,16777216,20.669920633,0.040370939,0.034483208,0.044076796,1
warmup,28,28,nb,0,512,16777216,20.663185842,0.040357785,0.034364235,0.044212108,1
warmup,29,29,nb,0,512,16777216,20.677678048,0.040386090,0.034326123,0.044015429,1
warmup,30,30,nb,0,512,16777216,20.704795250,0.040439053,0.034282933,0.044180549,1
warmup,31,31,nb,0,512,16777216,20.671095609,0.040373234,0.034375156,0.043957000,1
warmup,32,32,nb,0,512,16777216,20.699625997,0.040428957,0.034357613,0.044051298,1
warmup,33,33,nb,0,512,16777216,20.613314035,0.040260379,0.034317108,0.043783227,1
warmup,34,34,nb,0,512,16777216,20.669465273,0.040370049,0.034478480,0.043899323,1
warmup,35,35,nb,0,512,16777216,20.679077002,0.040388822,0.034439226,0.044174289,1
warmup,36,36,nb,0,512,16777216,20.682404326,0.040395321,0.034303451,0.043952993,1
warmup,37,37,nb,0,512,16777216,20.640875693,0.040314210,0.034338077,0.043852406,1
warmup,38,38,nb,0,512,16777216,20.691242457,0.040412583,0.034465004,0.044056467,1
warmup,39,39,nb,0,512,16777216,20.656784522,0.040345282,0.034267704,0.044010011,1
warmup,40,40,nb,0,512,16777216,20.648984080,0.040330047,0.034379284,0.044032101,1
warmup,41,41,nb,0,512,16777216,20.636924102,0.040306492,0.034268496,0.043896308,1
warmup,42,42,nb,0,512,16777216,20.625896708,0.040284955,0.034251293,0.043753780,1
warmup,43,43,nb,0,512,16777216,20.647056499,0.040326282,0.034346071,0.043820183,1
warmup,44,44,nb,0,512,16777216,20.701909198,0.040433416,0.034252105,0.043915061,1
warmup,45,45,nb,0,512,16777216,20.629158269,0.040291325,0.034356831,0.043684600,1
warmup,46,46,nb,0,512,16777216,20.710246763,0.040449701,0.034431662,0.043978723,1
warmup,47,47,nb,0,512,16777216,20.633614338,0.040300028,0.034405644,0.043919061,1
warmup,48,48,nb,0,512,16777216,20.638529560,0.040309628,0.034412536,0.043836254,1
warmup,49,49,nb,0,512,16777216,20.592540380,0.040219805,0.034407034,0.043716831,1
actual,0,50,nb,0,512,16777216,20.642135771,0.040316671,0.034397587,0.043800858,1
actual,1,51,nb,0,512,16777216,20.629309877,0.040291621,0.034378541,0.043731409,1
actual,2,52,nb,0,512,16777216,20.672251186,0.040375491,0.034327005,0.044175800,1
actual,3,53,nb,0,512,16777216,20.684178791,0.040398787,0.034443884,0.044177845,1
actual,4,54,nb,0,512,16777216,20.667982282,0.040367153,0.034446509,0.044030818,1
actual,5,55,nb,0,512,16777216,20.739933138,0.040507682,0.034338386,0.044357000,1
actual,6,56,nb,0,512,16777216,20.630262887,0.040293482,0.034188244,0.043826827,1
actual,7,57,nb,0,512,16777216,20.608247901,0.040250484,0.034356130,0.043838649,1
actual,8,58,nb,0,512,16777216,20.647728240,0.040327594,0.034461968,0.043894524,1
actual,9,59,nb,0,512,16777216,20.682561116,0.040395627,0.034518714,0.043872984,1
actual,10,60,nb,0,512,16777216,20.679135991,0.040388937,0.034429547,0.043812971,1
actual,11,61,nb,0,512,16777216,20.635709980,0.040304121,0.034518964,0.043795488,1
actual,12,62,nb,0,512,16777216,20.669133968,0.040369402,0.034434206,0.043864068,1
actual,13,63,nb,0,512,16777216,20.681056992,0.040392689,0.034506882,0.043965197,1
actual,14,64,nb,0,512,16777216,20.649732243,0.040331508,0.034523654,0.044091683,1
actual,15,65,nb,0,512,16777216,20.661277117,0.040354057,0.034442191,0.044013376,1
actual,16,66,nb,0,512,16777216,20.621597646,0.040276558,0.034462058,0.043998768,1
actual,17,67,nb,0,512,16777216,20.614374280,0.040262450,0.034413146,0.043835322,1
actual,18,68,nb,0,512,16777216,20.646374063,0.040324949,0.034626827,0.043881479,1
actual,19,69,nb,0,512,16777216,20.674961016,0.040380783,0.034431160,0.043947394,1
actual,20,70,nb,0,512,16777216,20.643974144,0.040320262,0.034538842,0.043934901,1
actual,21,71,nb,0,512,16777216,20.681271130,0.040393108,0.034383470,0.044145543,1
actual,22,72,nb,0,512,16777216,20.644998290,0.040322262,0.034455196,0.043904372,1
actual,23,73,nb,0,512,16777216,20.644390280,0.040321075,0.034488217,0.043941852,1
actual,24,74,nb,0,512,16777216,20.640813593,0.040314089,0.034458762,0.043952913,1
actual,25,75,nb,0,512,16777216,20.677746166,0.040386223,0.034484710,0.044261901,1
actual,26,76,nb,0,512,16777216,20.663675380,0.040358741,0.034351070,0.044195426,1
actual,27,77,nb,0,512,16777216,20.660453512,0.040352448,0.034456758,0.044152166,1
actual,28,78,nb,0,512,16777216,20.692454590,0.040414950,0.034512262,0.044030277,1
actual,29,79,nb,0,512,16777216,20.648920156,0.040329922,0.034346802,0.043764761,1
actual,30,80,nb,0,512,16777216,20.684613398,0.040399636,0.034577054,0.043945348,1
actual,31,81,nb,0,512,16777216,20.728877683,0.040486089,0.034475714,0.044071285,1
actual,32,82,nb,0,512,16777216,20.612524563,0.040258837,0.034376868,0.043999922,1
actual,33,83,nb,0,512,16777216,20.654135476,0.040340108,0.034344768,0.044143992,1
actual,34,84,nb,0,512,16777216,20.676673401,0.040384128,0.034416944,0.044011103,1
actual,35,85,nb,0,512,16777216,20.689397764,0.040408980,0.034403007,0.044370946,1
actual,36,86,nb,0,512,16777216,20.733985095,0.040496065,0.034523924,0.044265799,1
actual,37,87,nb,0,512,16777216,20.680991467,0.040392561,0.034540005,0.044189105,1
actual,38,88,nb,0,512,16777216,20.691206905,0.040412513,0.034308410,0.044127169,1
actual,39,89,nb,0,512,16777216,20.640084500,0.040312665,0.034467628,0.043967410,1
actual,40,90,nb,0,512,16777216,20.667370659,0.040365958,0.034695646,0.043949616,1
actual,41,91,nb,0,512,16777216,20.640356561,0.040313196,0.034696467,0.043838609,1
actual,42,92,nb,0,512,16777216,20.660777227,0.040353081,0.034369254,0.044089869,1
actual,43,93,nb,0,512,16777216,20.665121606,0.040361566,0.034333296,0.044050325,1
actual,44,94,nb,0,512,16777216,20.695769420,0.040421425,0.034361890,0.044270979,1
actual,45,95,nb,0,512,16777216,20.682916654,0.040396322,0.034463540,0.043988381,1
actual,46,96,nb,0,512,16777216,20.644470187,0.040321231,0.034438254,0.043921325,1
actual,47,97,nb,0,512,16777216,21.110014783,0.041230498,0.034641044,0.045139746,1
actual,48,98,nb,0,512,16777216,20.668639600,0.040368437,0.034524445,0.043907349,1
actual,49,99,nb,0,512,16777216,20.700636691,0.040430931,0.034430489,0.043980855,1
warmup,0,0,nb,0,512,25165824,26.501998341,0.051761716,0.042645362,0.056298478,1
warmup,1,1,nb,0,512,25165824,26.318392947,0.051403111,0.042781858,0.056072157,1
warmup,2,2,nb,0,512,25165824,26.272116789,0.051312728,0.042619964,0.056258585,1
warmup,3,3,nb,0,512,25165824,26.247414055,0.051264481,0.042666912,0.056121356,1
warmup,4,4,nb,0,512,25165824,26.331819116,0.051429334,0.042601169,0.056476922,1
warmup,5,5,nb,0,512,25165824,26.078108353,0.050933805,0.042393536,0.055607515,1
warmup,6,6,nb,0,512,25165824,26.029066477,0.050838020,0.042496881,0.055486482,1
warmup,7,7,nb,0,512,25165824,26.030247274,0.050840327,0.042398636,0.055595937,1
warmup,8,8,nb,0,512,25165824,26.052840631,0.050884454,0.042147498,0.055793571,1
warmup,9,9,nb,0,512,25165824,26.103515245,0.050983428,0.042382105,0.055905241,1
warmup,10,10,nb,0,512,25165824,26.193131108,0.051158459,0.042485773,0.056393757,1
warmup,11,11,nb,0,512,25165824,27.131063885,0.052990359,0.043753651,0.058657410,1
warmup,12,12,nb,0,512,25165824,26.304494725,0.051375966,0.042351952,0.056928969,1
warmup,13,13,nb,0,512,25165824,26.296371422,0.051360100,0.042390795,0.056971078,1
warmup,14,14,nb,0,512,25165824,26.171787204,0.051116772,0.042208473,0.056519492,1
warmup,15,15,nb,0,512,25165824,26.305939423,0.051378788,0.042662524,0.056894214,1
warmup,16,16,nb,0,512,25165824,26.215841261,0.051202815,0.042563528,0.056330017,1
warmup,17,17,nb,0,512,25165824,26.201245338,0.051174307,0.042545645,0.056614471,1
warmup,18,18,nb,0,512,25165824,26.197121093,0.051166252,0.042652837,0.056467474,1
warmup,19,19,nb,0,512,25165824,26.148677201,0.051071635,0.042574265,0.056395841,1
warmup,20,20,nb,0,512,25165824,26.233672257,0.051237641,0.042352773,0.056981008,1
warmup,21,21,nb,0,512,25165824,26.214292266,0.051199790,0.042704961,0.056491760,1
warmup,22,22,nb,0,512,25165824,26.145170648,0.051064786,0.042669577,0.056488815,1
warmup,23,23,nb,0,512,25165824,26.170300113,0.051113867,0.042447931,0.056453609,1
warmup,24,24,nb,0,512,25165824,26.295908700,0.051359197,0.042610226,0.056952093,1
warmup,25,25,nb,0,512,25165824,26.141769346,0.051058143,0.042417030,0.056337181,1
warmup,26,26,nb,0,512,25165824,26.170455971,0.051114172,0.042440358,0.056400048,1
warmup,27,27,nb,0,512,25165824,26.185189111,0.051142947,0.042541768,0.056507559,1
warmup,28,28,nb,0,512,25165824,26.289454683,0.051346591,0.042405793,0.056859269,1
warmup,29,29,nb,0,512,25165824,26.210686162,0.051192746,0.042608179,0.056576409,1
warmup,30,30,nb,0,512,25165824,26.228106982,0.051226771,0.042523754,0.056515745,1
warmup,31,31,nb,0,512,25165824,26.179006713,0.051130872,0.042453222,0.056599702,1
warmup,32,32,nb,0,512,25165824,26.107501225,0.050991213,0.042274287,0.056317966,1
warmup,33,33,nb,0,512,25165824,26.150401726,0.051075003,0.042216729,0.056451214,1
warmup,34,34,nb,0,512,25165824,26.165163896,0.051103836,0.042387344,0.056173003,1
warmup,35,35,nb,0,512,25165824,26.152715511,0.051079522,0.042312138,0.056355656,1
warmup,36,36,nb,0,512,25165824,26.244113633,0.051258034,0.042376828,0.056327593,1
warmup,37,37,nb,0,512,25165824,26.298934707,0.051365107,0.042361089,0.056885268,1
warmup,38,38,nb,0,512,25165824,26.229043071,0.051228600,0.042628029,0.056404136,1
warmup,39,39,nb,0,512,25165824,26.197800856,0.051167580,0.042161224,0.056518690,1
warmup,40,40,nb,0,512,25165824,26.221226927,0.051213334,0.042396345,0.056499435,1
warmup,41,41,nb,0,512,25165824,26.290900501,0.051349415,0.042672293,0.056733143,1
warmup,42,42,nb,0,512,25165824,27.032173534,0.052797214,0.043959138,0.058733607,1
warmup,43,43,nb,0,512,25165824,26.672518584,0.052094763,0.043144889,0.057559551,1
warmup,44,44,nb,0,512,25165824,27.311652743,0.053343072,0.043978342,0.058779385,1
warmup,45,45,nb,0,512,25165824,26.223891499,0.051218538,0.042516376,0.056394809,1
warmup,46,46,nb,0,512,25165824,26.169062465,0.051111450,0.042645619,0.056216264,1
warmup,47,47,nb,0,512,25165824,26.245504000,0.051260750,0.042430088,0.056432640,1
warmup,48,48,nb,0,512,25165824,26.238945374,0.051247940,0.042719150,0.056437048,1
warmup,49,49,nb,0,512,25165824,26.290282172,0.051348207,0.042696769,0.056779108,1
actual,0,50,nb,0,512,25165824,26.229051516,0.051228616,0.042354838,0.056403195,1
actual,1,51,nb,0,512,25165824,26.238418964,0.051246912,0.042701124,0.056520355,1
actual,2,52,nb,0,512,25165824,26.204851318,0.051181350,0.042640981,0.056307696,1
actual,3,53,nb,0,512,25165824,26.182729659,0.051138144,0.042450527,0.056372627,1
actual,4,54,nb,0,512,25165824,26.393214434,0.051549247,0.042489851,0.057041611,1
actual,5,55,nb,0,512,25165824,26.263496407,0.051295891,0.042554602,0.056667920,1
actual,6,56,nb,0,512,25165824,26.266476775,0.051301712,0.042398258,0.056606686,1
actual,7,57,nb,0,512,25165824,26.210436838,0.051192259,0.042677582,0.056496430,1
actual,8,58,nb,0,512,25165824,26.160184739,0.051094111,0.042564971,0.056511157,1
actual,9,59,nb,0,512,25165824,26.190214408,0.051152763,0.042579966,0.056407583,1
actual,10,60,nb,0,512,25165824,26.238991417,0.051248030,0.042309312,0.056388086,1
actual,11,61,nb,0,512,25165824,26.240292222,0.051250571,0.042521110,0.056556401,1
actual,12,62,nb,0,512,25165824,26.215374899,0.051201904,0.042356210,0.056510425,1
actual,13,63,nb,0,512,25165824,26.204535446,0.051180733,0.042530507,0.056534349,1
actual,14,64,nb,0,512,25165824,26.270294867,0.051309170,0.042534905,0.056562753,1
actual,15,65,nb,0,512,25165824,26.081704319,0.050940829,0.042289741,0.055898830,1
actual,16,66,nb,0,512,25165824,26.187618114,0.051147692,0.042228170,0.056435234,1
actual,17,67,nb,0,512,25165824,26.099674190,0.050975926,0.042329456,0.056088375,1
actual,18,68,nb,0,512,25165824,26.185205385,0.051142979,0.042446446,0.056167222,1
actual,19,69,nb,0,512,25165824,26.275804293,0.051319930,0.042449014,0.056651891,1
actual,20,70,nb,0,512,25165824,26.182849968,0.051138379,0.042306957,0.056438020,1
actual,21,71,nb,0,512,25165824,26.471235196,0.051701631,0.043320418,0.056479637,1
actual,22,72,nb,0,512,25165824,26.165670746,0.051104826,0.042478656,0.056438080,1
actual,23,73,nb,0,512,25165824,26.248305553,0.051266222,0.042455507,0.056548256,1
actual,24,74,nb,0,512,25165824,26.216640613,0.051204376,0.042553907,0.056319126,1
actual,25,75,nb,0,512,25165824,26.281330121,0.051330723,0.042464703,0.056865420,1
actual,26,76,nb,0,512,25165824,26.157957197,0.051089760,0.042386303,0.056234979,1
actual,27,77,nb,0,512,25165824,26.359799572,0.051483984,0.042487165,0.056844731,1
actual,28,78,nb,0,512,25165824,26.227046075,0.051224699,0.042414760,0.056692737,1
actual,29,79,nb,0,512,25165824,26.217538640,0.051206130,0.042751889,0.056457376,1
actual,30,80,nb,0,512,25165824,26.354215928,0.051473078,0.042405672,0.057148200,1
actual,31,81,nb,0,512,25165824,26.247691530,0.051265023,0.042472177,0.056578813,1
actual,32,82,nb,0,512,25165824,26.368225391,0.051500440,0.042347103,0.057118214,1
actual,33,83,nb,0,512,25165824,26.228855769,0.051228234,0.042328167,0.056541974,1
actual,34,84,nb,0,512,25165824,26.242916830,0.051255697,0.042375696,0.056637142,1
actual,35,85,nb,0,512,25165824,26.187581342,0.051147620,0.042522852,0.056482122,1
actual,36,86,nb,0,512,25165824,26.343402506,0.051451958,0.042406795,0.057112803,1
actual,37,87,nb,0,512,25165824,26.256847225,0.051282905,0.042636576,0.056745344,1
actual,38,88,nb,0,512,25165824,26.163545872,0.051100676,0.042393175,0.056157405,1
actual,39,89,nb,0,512,25165824,26.187730760,0.051147912,0.042423627,0.056452877,1
actual,40,90,nb,0,512,25165824,26.234782103,0.051239809,0.042344167,0.056580066,1
actual,41,91,nb,0,512,25165824,26.306534326,0.051379950,0.042677262,0.056726030,1
actual,42,92,nb,0,512,25165824,26.089793680,0.050956628,0.042351216,0.056055503,1
actual,43,93,nb,0,512,25165824,26.128831353,0.051032874,0.042198725,0.056102531,1
actual,44,94,nb,0,512,25165824,26.181926932,0.051136576,0.042397066,0.056392855,1
actual,45,95,nb,0,512,25165824,26.196128756,0.051164314,0.042336022,0.056524962,1
actual,46,96,nb,0,512,25165824,26.186707760,0.051145914,0.042329540,0.056327803,1
actual,47,97,nb,0,512,25165824,26.182179408,0.051137069,0.042438163,0.056561962,1
actual,48,98,nb,0,512,25165824,26.189794539,0.051151942,0.042369150,0.056271977,1
actual,49,99,nb,0,512,25165824,26.234564028,0.051239383,0.042563576,0.056475349,1
warmup,0,0,nb,0,512,33554432,33.509787554,0.065448804,0.053441425,0.071786072,1
warmup,1,1,nb,0,512,33554432,33.402901344,0.065240042,0.053485809,0.071689048,1
warmup,2,2,nb,0,512,33554432,34.623728945,0.067624471,0.055749724,0.074415280,1
warmup,3,3,nb,0,512,33554432,33.504571314,0.065438616,0.053789929,0.071883014,1
warmup,4,4,nb,0,512,33554432,33.276412163,0.064992993,0.052966044,0.071791723,1
warmup,5,5,nb,0,512,33554432,33.389924237,0.065214696,0.053419604,0.071534147,1
warmup,6,6,nb,0,512,33554432,33.354133888,0.065144793,0.053050051,0.071419096,1
warmup,7,7,nb,0,512,33554432,33.323655107,0.065085264,0.053215522,0.071259984,1
warmup,8,8,nb,0,512,33554432,33.446660077,0.065325508,0.053572051,0.071613036,1
warmup,9,9,nb,0,512,33554432,33.378087851,0.065191578,0.053244766,0.071584726,1
warmup,10,10,nb,0,512,33554432,33.265259426,0.064971210,0.052909769,0.071903222,1
warmup,11,11,nb,0,512,33554432,33.310305926,0.065059191,0.053027719,0.071870450,1
warmup,12,12,nb,0,512,33554432,33.349549500,0.065135839,0.053233045,0.071580579,1
warmup,13,13,nb,0,512,33554432,33.264446253,0.064969622,0.052976984,0.071126354,1
warmup,14,14,nb,0,512,33554432,33.338664747,0.065114580,0.053200483,0.071602359,1
warmup,15,15,nb,0,512,33554432,34.554480870,0.067489220,0.055580387,0.074018197,1
warmup,16,16,nb,0,512,33554432,33.372726293,0.065181106,0.053226502,0.071865140,1
warmup,17,17,nb,0,512,33554432,33.341825983,0.065120754,0.053213478,0.071614101,1
warmup,18,18,nb,0,512,33554432,33.445598687,0.065323435,0.053611394,0.071635306,1
warmup,19,19,nb,0,512,33554432,33.320088340,0.065078298,0.053184794,0.072013288,1
warmup,20,20,nb,0,512,33554432,33.237551946,0.064917094,0.053005318,0.071250961,1
warmup,21,21,nb,0,512,33554432,33.457752309,0.065347172,0.053577330,0.071600771,1
warmup,22,22,nb,0,512,33554432,33.509828138,0.065448883,0.053726831,0.071826917,1
warmup,23,23,nb,0,512,33554432,33.373213992,0.065182059,0.053444671,0.071541042,1
warmup,24,24,nb,0,512,33554432,33.449469715,0.065330996,0.053487411,0.071548856,1
warmup,25,25,nb,0,512,33554432,33.332913070,0.065103346,0.053398324,0.071387856,1
warmup,26,26,nb,0,512,33554432,33.513842496,0.065456724,0.053706442,0.071736416,1
warmup,27,27,nb,0,512,33554432,33.390357879,0.065215543,0.053406861,0.071656548,1
warmup,28,28,nb,0,512,33554432,33.210187181,0.064863647,0.052837974,0.071492572,1
warmup,29,29,nb,0,512,33554432,33.421645596,0.065276652,0.053428060,0.071580556,1
warmup,30,30,nb,0,512,33554432,33.280531471,0.065001038,0.053185475,0.071379710,1
warmup,31,31,nb,0,512,33554432,33.419958672,0.065273357,0.053351647,0.071956058,1
warmup,32,32,nb,0,512,33554432,33.482396390,0.065395305,0.053732010,0.071744352,1
warmup,33,33,nb,0,512,33554432,33.324241773,0.065086410,0.053204030,0.071752288,1
warmup,34,34,nb,0,512,33554432,33.386404527,0.065207821,0.053412361,0.071798524,1
warmup,35,35,nb,0,512,33554432,33.352818544,0.065142224,0.053299629,0.071478235,1
warmup,36,36,nb,0,512,33554432,33.416558148,0.065266715,0.053445323,0.072085992,1
warmup,37,37,nb,0,512,33554432,33.296484184,0.065032196,0.053032879,0.071815556,1
warmup,38,38,nb,0,512,33554432,33.343146814,0.065123334,0.053210582,0.071605222,1
warmup,39,39,nb,0,512,33554432,33.535112910,0.065498267,0.053801191,0.071843887,1
warmup,40,40,nb,0,512,33554432,33.398033662,0.065230534,0.053539840,0.071668991,1
warmup,41,41,nb,0,512,33554432,33.485810656,0.065401974,0.053551461,0.072104406,1
warmup,42,42,nb,0,512,33554432,33.199502713,0.064842779,0.052905991,0.071438190,1
warmup,43,43,nb,0,512,33554432,33.417359201,0.065268280,0.053441595,0.071640639,1
warmup,44,44,nb,0,512,33554432,33.450077564,0.065332183,0.053498012,0.071794907,1
warmup,45,45,nb,0,512,33554432,33.292904604,0.065025204,0.053077733,0.071354243,1
warmup,46,46,nb,0,512,33554432,33.399382297,0.065233169,0.053477142,0.071818952,1
warmup,47,47,nb,0,512,33554432,33.207034299,0.064857489,0.053042157,0.071046133,1
warmup,48,48,nb,0,512,33554432,33.571992038,0.065570297,0.053766355,0.071815353,1
warmup,49,49,nb,0,512,33554432,33.459890002,0.065351348,0.053695461,0.071839549,1
actual,0,50,nb,0,512,33554432,33.508220104,0.065445742,0.053463226,0.071903130,1
actual,1,51,nb,0,512,33554432,33.359436304,0.065155149,0.053288710,0.071787453,1
actual,2,52,nb,0,512,33554432,33.341899731,0.065120898,0.053055552,0.071670284,1
actual,3,53,nb,0,512,33554432,33.416940967,0.065267463,0.053429984,0.071946541,1
actual,4,54,nb,0,512,33554432,33.425438415,0.065284059,0.053444731,0.071641320,1
actual,5,55,nb,0,512,33554432,33.489715172,0.065409600,0.053867755,0.072030878,1
actual,6,56,nb,0,512,33554432,33.496079736,0.065422031,0.053638355,0.072074149,1
actual,7,57,nb,0,512,33554432,33.515822587,0.065460591,0.053664553,0.071946270,1
actual,8,58,nb,0,512,33554432,33.316671498,0.065071624,0.053200684,0.071686334,1
actual,9,59,nb,0,512,33554432,33.264021783,0.064968793,0.053159988,0.071286276,1
actual,10,60,nb,0,512,33554432,33.525451017,0.065479397,0.053766645,0.071950639,1
actual,11,61,nb,0,512,33554432,33.408656953,0.065251283,0.053598320,0.071701861,1
actual,12,62,nb,0,512,33554432,33.494246248,0.065418450,0.053643153,0.072074601,1
actual,13,63,nb,0,512,33554432,33.519815195,0.065468389,0.053940462,0.071975764,1
actual,14,64,nb,0,512,33554432,33.354531171,0.065145569,0.053322833,0.071427487,1
actual,15,65,nb,0,512,33554432,33.289073969,0.065017723,0.053010667,0.071801189,1
actual,16,66,nb,0,512,33554432,33.270579795,0.064981601,0.053100456,0.071278320,1
actual,17,67,nb,0,512,33554432,33.170571646,0.064786273,0.052736463,0.071812229,1
actual,18,68,nb,0,512,33554432,33.376270271,0.065188028,0.053317853,0.071464900,1
actual,19,69,nb,0,512,33554432,33.240239289,0.064922342,0.052902796,0.071400700,1
actual,20,70,nb,0,512,33554432,33.443223276,0.065318795,0.053494735,0.071580935,1
actual,21,71,nb,0,512,33554432,33.337206106,0.065111731,0.053360013,0.071392025,1
actual,22,72,nb,0,512,33554432,33.519438229,0.065467653,0.053615993,0.071733683,1
actual,23,73,nb,0,512,33554432,33.350404254,0.065137508,0.053151742,0.071643303,1
actual,24,74,nb,0,512,33554432,33.339765410,0.065116729,0.053180185,0.072022252,1
actual,25,75,nb,0,512,33554432,33.330563278,0.065098756,0.053194924,0.071271729,1
actual,26,76,nb,0,512,33554432,33.310487578,0.065059546,0.053140081,0.071484196,1
actual,27,77,nb,0,512,33554432,33.294031347,0.065027405,0.052959863,0.071800768,1
actual,28,78,nb,0,512,33554432,33.386284339,0.065207587,0.053228707,0.071566158,1
actual,29,79,nb,0,512,33554432,33.453748688,0.065339353,0.053576549,0.071798634,1
actual,30,80,nb,0,512,33554432,33.455012775,0.065341822,0.053552123,0.071857013,1
actual,31,81,nb,0,512,33554432,33.375265222,0.065186065,0.053284982,0.071671126,1
actual,32,82,nb,0,512,33554432,33.460386306,0.065352317,0.053449450,0.071932645,1
actual,33,83,nb,0,512,33554432,33.461506928,0.065354506,0.053648844,0.071648901,1
actual,34,84,nb,0,512,33554432,33.368991614,0.065173812,0.053164366,0.071784157,1
actual,35,85,nb,0,512,33554432,33.417101707,0.065267777,0.053520143,0.071617438,1
actual,36,86,nb,0,512,33554432,33.438064428,0.065308720,0.053652140,0.071858256,1
actual,37,87,nb,0,512,33554432,33.407330448,0.065248692,0.053348331,0.071898320,1
actual,38,88,nb,0,512,33554432,33.478383068,0.065387467,0.053700942,0.071820879,1
actual,39,89,nb,0,512,33554432,33.355917806,0.065148277,0.053179825,0.071441024,1
actual,40,90,nb,0,512,33554432,33.371689157,0.065179080,0.053207480,0.071953173,1
actual,41,91,nb,0,512,33554432,33.376224412,0.065187938,0.053176091,0.072127750,1
actual,42,92,nb,0,512,33554432,33.380665889,0.065196613,0.053336092,0.071925952,1
actual,43,93,nb,0,512,33554432,33.436650163,0.065305957,0.053344066,0.072045125,1
actual,44,94,nb,0,512,33554432,33.440962128,0.065314379,0.053516520,0.072131477,1
actual,45,95,nb,0,512,33554432,33.467503585,0.065366218,0.053544802,0.071602329,1
actual,46,96,nb,0,512,33554432,34.462631499,0.067309827,0.055168688,0.074222809,1
actual,47,97,nb,0,512,33554432,33.410703431,0.065255280,0.053370857,0.071775761,1
actual,48,98,nb,0,512,33554432,33.362835848,0.065161789,0.053402135,0.071486279,1
actual,49,99,nb,0,512,33554432,33.395957783,0.065226480,0.053553769,0.071763217,1
