phase,phase_iteration,global_iteration,algorithm,root,nproc,message_size_bytes,time_sum_sec,avg_latency_sec,min_time_sec,max_time_sec,correct
warmup,0,0,scatter_ring_allgather,0,512,2,2.693978660,0.005261677,0.004071976,0.007356030,1
warmup,1,1,scatter_ring_allgather,0,512,2,2.698731100,0.005270959,0.003999191,0.007357174,1
warmup,2,2,scatter_ring_allgather,0,512,2,2.689941085,0.005253791,0.003941180,0.007289280,1
warmup,3,3,scatter_ring_allgather,0,512,2,2.710960024,0.005294844,0.003925744,0.007478200,1
warmup,4,4,scatter_ring_allgather,0,512,2,2.700245220,0.005273916,0.004043735,0.006671823,1
warmup,5,5,scatter_ring_allgather,0,512,2,2.680111797,0.005234593,0.003922527,0.006803246,1
warmup,6,6,scatter_ring_allgather,0,512,2,2.707343397,0.005287780,0.004023775,0.006790614,1
warmup,7,7,scatter_ring_allgather,0,512,2,2.677730144,0.005229942,0.003966409,0.006474113,1
warmup,8,8,scatter_ring_allgather,0,512,2,3.266461577,0.006379808,0.003585287,0.007476096,1
warmup,9,9,scatter_ring_allgather,0,512,2,2.677978160,0.005230426,0.003930251,0.006638281,1
warmup,10,10,scatter_ring_allgather,0,512,2,2.692474103,0.005258738,0.003962773,0.006606791,1
warmup,11,11,scatter_ring_allgather,0,512,2,2.709711654,0.005292406,0.003940140,0.006549779,1
warmup,12,12,scatter_ring_allgather,0,512,2,2.836706451,0.005540442,0.003940429,0.007536229,1
warmup,13,13,scatter_ring_allgather,0,512,2,2.696149515,0.005265917,0.003878434,0.006543894,1
warmup,14,14,scatter_ring_allgather,0,512,2,2.707139080,0.005287381,0.003890275,0.006619615,1
warmup,15,15,scatter_ring_allgather,0,512,2,2.682802479,0.005239849,0.003980882,0.006487228,1
warmup,16,16,scatter_ring_allgather,0,512,2,2.688950396,0.005251856,0.003935930,0.006503298,1
warmup,17,17,scatter_ring_allgather,0,512,2,2.678355828,0.005231164,0.003880699,0.006449812,1
warmup,18,18,scatter_ring_allgather,0,512,2,2.696090105,0.005265801,0.003896929,0.006502851,1
warmup,19,19,scatter_ring_allgather,0,512,2,3.002538677,0.005864333,0.003592346,0.007187277,1
warmup,20,20,scatter_ring_allgather,0,512,2,2.660256561,0.005195814,0.003900634,0.006456480,1
warmup,21,21,scatter_ring_allgather,0,512,2,2.649066432,0.005173958,0.003894613,0.006449457,1
warmup,22,22,scatter_ring_allgather,0,512,2,2.688783859,0.005251531,0.003908251,0.006616699,1
warmup,23,23,scatter_ring_allgather,0,512,2,2.711872333,0.005296626,0.003893510,0.006579725,1
warmup,24,24,scatter_ring_allgather,0,512,2,2.656203200,0.005187897,0.003874437,0.006586453,1
warmup,25,25,scatter_ring_allgather,0,512,2,2.723035548,0.005318429,0.003964617,0.006613003,1
warmup,26,26,scatter_ring_allgather,0,512,2,2.655897388,0.005187300,0.003944748,0.006464666,1
warmup,27,27,scatter_ring_allgather,0,512,2,2.654197891,0.005183980,0.003920343,0.006427797,1
warmup,28,28,scatter_ring_allgather,0,512,2,2.689358562,0.005252653,0.003916854,0.006532537,1
warmup,29,29,scatter_ring_allgather,0,512,2,2.690111741,0.005254124,0.003903500,0.006565108,1
warmup,30,30,scatter_ring_allgather,0,512,2,2.659749335,0.005194823,0.003970526,0.006462872,1
warmup,31,31,scatter_ring_allgather,0,512,2,2.676103505,0.005226765,0.003909351,0.006458668,1
warmup,32,32,scatter_ring_allgather,0,512,2,2.666852835,0.005208697,0.003934520,0.006514599,1
warmup,33,33,scatter_ring_allgather,0,512,2,2.710368985,0.005293689,0.003931382,0.006624905,1
warmup,34,34,scatter_ring_allgather,0,512,2,2.660652411,0.005196587,0.003910883,0.006637559,1
warmup,35,35,scatter_ring_allgather,0,512,2,2.708481356,0.005290003,0.003979684,0.006501098,1
warmup,36,36,scatter_ring_allgather,0,512,2,2.669931242,0.005214709,0.003918758,0.006483742,1
warmup,37,37,scatter_ring_allgather,0,512,2,2.688187956,0.005250367,0.003914672,0.006511333,1
warmup,38,38,scatter_ring_allgather,0,512,2,2.697715737,0.005268976,0.003888261,0.006555380,1
warmup,39,39,scatter_ring_allgather,0,512,2,2.661755492,0.005198741,0.003922735,0.006480986,1
warmup,40,40,scatter_ring_allgather,0,512,2,2.685831343,0.005245764,0.003885446,0.006507435,1
warmup,41,41,scatter_ring_allgather,0,512,2,2.695627944,0.005264898,0.003901496,0.006565770,1
warmup,42,42,scatter_ring_allgather,0,512,2,2.691389407,0.005256620,0.003899592,0.006566526,1
warmup,43,43,scatter_ring_allgather,0,512,2,2.696394786,0.005266396,0.003935630,0.006515094,1
warmup,44,44,scatter_ring_allgather,0,512,2,2.698609178,0.005270721,0.003903720,0.006662906,1
warmup,45,45,scatter_ring_allgather,0,512,2,2.649265666,0.005174347,0.003907088,0.006424170,1
warmup,46,46,scatter_ring_allgather,0,512,2,2.687342561,0.005248716,0.003976557,0.006555806,1
warmup,47,47,scatter_ring_allgather,0,512,2,2.714923390,0.005302585,0.003880316,0.006606301,1
warmup,48,48,scatter_ring_allgather,0,512,2,2.701855179,0.005277061,0.003923537,0.006583714,1
warmup,49,49,scatter_ring_allgather,0,512,2,2.692341540,0.005258480,0.003900185,0.006516106,1
actual,0,50,scatter_ring_allgather,0,512,2,2.696837803,0.005267261,0.003918027,0.006525263,1
actual,1,51,scatter_ring_allgather,0,512,2,4.022368790,0.007856189,0.003909102,0.010653962,1
actual,2,52,scatter_ring_allgather,0,512,2,2.666054086,0.005207137,0.003975216,0.006439438,1
actual,3,53,scatter_ring_allgather,0,512,2,2.697601002,0.005268752,0.003918307,0.006612382,1
actual,4,54,scatter_ring_allgather,0,512,2,2.670941232,0.005216682,0.003905505,0.006587184,1
actual,5,55,scatter_ring_allgather,0,512,2,2.673028355,0.005220759,0.003957413,0.006478732,1
actual,6,56,scatter_ring_allgather,0,512,2,2.671969737,0.005218691,0.003915374,0.006416585,1
actual,7,57,scatter_ring_allgather,0,512,2,2.697834516,0.005269208,0.003935960,0.006506088,1
actual,8,58,scatter_ring_allgather,0,512,2,2.690863958,0.005255594,0.003935890,0.006506644,1
actual,9,59,scatter_ring_allgather,0,512,2,2.671592111,0.005217953,0.003888002,0.006590471,1
actual,10,60,scatter_ring_allgather,0,512,2,2.653824811,0.005183252,0.003968621,0.006426023,1
actual,11,61,scatter_ring_allgather,0,512,2,2.687508387,0.005249040,0.003935249,0.006467821,1
actual,12,62,scatter_ring_allgather,0,512,2,2.687573124,0.005249166,0.003922748,0.006475781,1
actual,13,63,scatter_ring_allgather,0,512,2,2.682421146,0.005239104,0.003944887,0.006461113,1
actual,14,64,scatter_ring_allgather,0,512,2,2.670630771,0.005216076,0.003926835,0.006534537,1
actual,15,65,scatter_ring_allgather,0,512,2,2.666268737,0.005207556,0.003917977,0.006409522,1
actual,16,66,scatter_ring_allgather,0,512,2,2.686518201,0.005247106,0.003934868,0.006591512,1
actual,17,67,scatter_ring_allgather,0,512,2,2.695056958,0.005263783,0.003941603,0.006466239,1
actual,18,68,scatter_ring_allgather,0,512,2,2.667189179,0.005209354,0.003906305,0.006447424,1
actual,19,69,scatter_ring_allgather,0,512,2,2.690142929,0.005254185,0.003946510,0.006462757,1
actual,20,70,scatter_ring_allgather,0,512,2,2.677085612,0.005228683,0.003942474,0.006465567,1
actual,21,71,scatter_ring_allgather,0,512,2,2.673440419,0.005221563,0.003957963,0.006479423,1
actual,22,72,scatter_ring_allgather,0,512,2,2.653400113,0.005182422,0.003901096,0.006478781,1
actual,23,73,scatter_ring_allgather,0,512,2,2.687430806,0.005248888,0.003929668,0.006488284,1
actual,24,74,scatter_ring_allgather,0,512,2,2.697944187,0.005269422,0.003947763,0.006526972,1
actual,25,75,scatter_ring_allgather,0,512,2,2.710509790,0.005293964,0.003894935,0.006638681,1
actual,26,76,scatter_ring_allgather,0,512,2,2.696140051,0.005265899,0.003945879,0.006507230,1
actual,27,77,scatter_ring_allgather,0,512,2,2.727094162,0.005326356,0.003934159,0.006654320,1
actual,28,78,scatter_ring_allgather,0,512,2,2.686971262,0.005247991,0.003939059,0.006501755,1
actual,29,79,scatter_ring_allgather,0,512,2,2.702687233,0.005278686,0.003893351,0.006646436,1
actual,30,80,scatter_ring_allgather,0,512,2,2.670744666,0.005216298,0.003940939,0.006478923,1
actual,31,81,scatter_ring_allgather,0,512,2,2.674655075,0.005223936,0.003951350,0.006504029,1
actual,32,82,scatter_ring_allgather,0,512,2,2.666793712,0.005208581,0.003958444,0.006460908,1
actual,33,83,scatter_ring_allgather,0,512,2,2.706305548,0.005285753,0.003964987,0.006511733,1
actual,34,84,scatter_ring_allgather,0,512,2,2.691362947,0.005256568,0.004007928,0.006508989,1
actual,35,85,scatter_ring_allgather,0,512,2,2.686527568,0.005247124,0.003961911,0.006449221,1
actual,36,86,scatter_ring_allgather,0,512,2,2.667665109,0.005210283,0.003961961,0.006532362,1
actual,37,87,scatter_ring_allgather,0,512,2,2.710090491,0.005293145,0.003950690,0.006505316,1
actual,38,88,scatter_ring_allgather,0,512,2,2.676064633,0.005226689,0.003983118,0.006529787,1
actual,39,89,scatter_ring_allgather,0,512,2,2.699606142,0.005272668,0.003883343,0.006524643,1
actual,40,90,scatter_ring_allgather,0,512,2,2.660455623,0.005196202,0.003941450,0.006401838,1
actual,41,91,scatter_ring_allgather,0,512,2,2.714270718,0.005301310,0.003911165,0.006585872,1
actual,42,92,scatter_ring_allgather,0,512,2,2.696585169,0.005266768,0.003940488,0.006570573,1
actual,43,93,scatter_ring_allgather,0,512,2,2.676375867,0.005227297,0.003946902,0.006555666,1
actual,44,94,scatter_ring_allgather,0,512,2,2.693961341,0.005261643,0.003935379,0.006491611,1
actual,45,95,scatter_ring_allgather,0,512,2,2.680105150,0.005234580,0.003902059,0.006457552,1
actual,46,96,scatter_ring_allgather,0,512,2,2.700727956,0.005274859,0.003980734,0.006554118,1
actual,47,97,scatter_ring_allgather,0,512,2,2.688708432,0.005251384,0.003854069,0.006611710,1
actual,48,98,scatter_ring_allgather,0,512,2,2.685703028,0.005245514,0.003984252,0.006629043,1
actual,49,99,scatter_ring_allgather,0,512,2,2.671153330,0.005217096,0.003928879,0.006393753,1
warmup,0,0,scatter_ring_allgather,0,512,3,2.690879450,0.005255624,0.003950187,0.006527698,1
warmup,1,1,scatter_ring_allgather,0,512,3,2.696251013,0.005266115,0.003929428,0.006540883,1
warmup,2,2,scatter_ring_allgather,0,512,3,2.660027032,0.005195365,0.003924769,0.006493049,1
warmup,3,3,scatter_ring_allgather,0,512,3,2.753222507,0.005377388,0.004039784,0.006683225,1
warmup,4,4,scatter_ring_allgather,0,512,3,2.680624029,0.005235594,0.003900205,0.006516703,1
warmup,5,5,scatter_ring_allgather,0,512,3,2.694446247,0.005262590,0.003892931,0.006535563,1
warmup,6,6,scatter_ring_allgather,0,512,3,2.686335663,0.005246749,0.003940150,0.006482844,1
warmup,7,7,scatter_ring_allgather,0,512,3,2.710214595,0.005293388,0.003989132,0.006499310,1
warmup,8,8,scatter_ring_allgather,0,512,3,2.687423931,0.005248875,0.003903341,0.006516456,1
warmup,9,9,scatter_ring_allgather,0,512,3,2.700430534,0.005274278,0.003927814,0.006599413,1
warmup,10,10,scatter_ring_allgather,0,512,3,2.700970905,0.005275334,0.003945769,0.006542506,1
warmup,11,11,scatter_ring_allgather,0,512,3,2.672944107,0.005220594,0.003930532,0.006465858,1
warmup,12,12,scatter_ring_allgather,0,512,3,2.650205872,0.005176183,0.003939098,0.006441452,1
warmup,13,13,scatter_ring_allgather,0,512,3,2.696358030,0.005266324,0.003879915,0.006579845,1
warmup,14,14,scatter_ring_allgather,0,512,3,2.689183742,0.005252312,0.003943427,0.006494567,1
warmup,15,15,scatter_ring_allgather,0,512,3,2.669575162,0.005214014,0.003933037,0.006476297,1
warmup,16,16,scatter_ring_allgather,0,512,3,2.671128979,0.005217049,0.003933906,0.006523867,1
warmup,17,17,scatter_ring_allgather,0,512,3,2.702202868,0.005277740,0.003879977,0.006609110,1
warmup,18,18,scatter_ring_allgather,0,512,3,2.688902085,0.005251762,0.004022362,0.006430321,1
warmup,19,19,scatter_ring_allgather,0,512,3,2.696956428,0.005267493,0.003919742,0.006517629,1
warmup,20,20,scatter_ring_allgather,0,512,3,2.680866516,0.005236067,0.004012263,0.006467975,1
warmup,21,21,scatter_ring_allgather,0,512,3,2.697648987,0.005268846,0.003917929,0.006550721,1
warmup,22,22,scatter_ring_allgather,0,512,3,2.695715054,0.005265068,0.003936010,0.006502741,1
warmup,23,23,scatter_ring_allgather,0,512,3,2.721185860,0.005314816,0.003916034,0.006639502,1
warmup,24,24,scatter_ring_allgather,0,512,3,2.683624206,0.005241454,0.003981796,0.006506834,1
warmup,25,25,scatter_ring_allgather,0,512,3,2.674776925,0.005224174,0.003905825,0.006420177,1
warmup,26,26,scatter_ring_allgather,0,512,3,2.671812647,0.005218384,0.003928168,0.006446271,1
warmup,27,27,scatter_ring_allgather,0,512,3,2.702745882,0.005278801,0.003891299,0.006637618,1
warmup,28,28,scatter_ring_allgather,0,512,3,2.673945961,0.005222551,0.003914903,0.006476227,1
warmup,29,29,scatter_ring_allgather,0,512,3,2.663079523,0.005201327,0.003964226,0.006423259,1
warmup,30,30,scatter_ring_allgather,0,512,3,2.676428769,0.005227400,0.003931103,0.006454397,1
warmup,31,31,scatter_ring_allgather,0,512,3,2.676065541,0.005226691,0.003950518,0.006535307,1
warmup,32,32,scatter_ring_allgather,0,512,3,2.733090026,0.005338066,0.004104850,0.006662134,1
warmup,33,33,scatter_ring_allgather,0,512,3,2.672380555,0.005219493,0.003959344,0.006508588,1
warmup,34,34,scatter_ring_allgather,0,512,3,2.696757408,0.005267104,0.003953315,0.006511493,1
warmup,35,35,scatter_ring_allgather,0,512,3,2.708983704,0.005290984,0.004038916,0.006613274,1
warmup,36,36,scatter_ring_allgather,0,512,3,2.690602794,0.005255084,0.003917718,0.006527583,1
warmup,37,37,scatter_ring_allgather,0,512,3,2.705832504,0.005284829,0.003892721,0.006580727,1
warmup,38,38,scatter_ring_allgather,0,512,3,2.658484661,0.005192353,0.003997017,0.006547310,1
warmup,39,39,scatter_ring_allgather,0,512,3,2.691140007,0.005256133,0.003931592,0.006568500,1
warmup,40,40,scatter_ring_allgather,0,512,3,2.686487345,0.005247046,0.003938385,0.006469264,1
warmup,41,41,scatter_ring_allgather,0,512,3,2.724969463,0.005322206,0.003961230,0.006568665,1
warmup,42,42,scatter_ring_allgather,0,512,3,2.670397040,0.005215619,0.003974793,0.006553212,1
warmup,43,43,scatter_ring_allgather,0,512,3,2.700896373,0.005275188,0.003900042,0.006550491,1
warmup,44,44,scatter_ring_allgather,0,512,3,2.693216147,0.005260188,0.003883632,0.006557514,1
warmup,45,45,scatter_ring_allgather,0,512,3,2.723978443,0.005320270,0.003889114,0.006700316,1
warmup,46,46,scatter_ring_allgather,0,512,3,2.688516081,0.005251008,0.003924030,0.006554604,1
warmup,47,47,scatter_ring_allgather,0,512,3,2.690621913,0.005255121,0.003931924,0.006486892,1
warmup,48,48,scatter_ring_allgather,0,512,3,2.704173144,0.005281588,0.003973273,0.006616911,1
warmup,49,49,scatter_ring_allgather,0,512,3,2.683495128,0.005241201,0.003903622,0.006492161,1
actual,0,50,scatter_ring_allgather,0,512,3,2.692758082,0.005259293,0.004031947,0.006515521,1
actual,1,51,scatter_ring_allgather,0,512,3,2.702927477,0.005279155,0.003897279,0.006542155,1
actual,2,52,scatter_ring_allgather,0,512,3,2.710108152,0.005293180,0.004035607,0.006520159,1
actual,3,53,scatter_ring_allgather,0,512,3,2.714688366,0.005302126,0.003904041,0.006637729,1
actual,4,54,scatter_ring_allgather,0,512,3,2.696519345,0.005266639,0.004062370,0.006513176,1
actual,5,55,scatter_ring_allgather,0,512,3,2.696292242,0.005266196,0.003927156,0.006530323,1
actual,6,56,scatter_ring_allgather,0,512,3,2.701950509,0.005277247,0.003935519,0.006554033,1
actual,7,57,scatter_ring_allgather,0,512,3,2.702994300,0.005279286,0.003936203,0.006509624,1
actual,8,58,scatter_ring_allgather,0,512,3,2.669097129,0.005213080,0.003977501,0.006527443,1
actual,9,59,scatter_ring_allgather,0,512,3,2.732021525,0.005335980,0.004043504,0.006613073,1
actual,10,60,scatter_ring_allgather,0,512,3,2.704697859,0.005282613,0.003947995,0.006665201,1
actual,11,61,scatter_ring_allgather,0,512,3,2.736112663,0.005343970,0.003942344,0.006664730,1
actual,12,62,scatter_ring_allgather,0,512,3,2.685793002,0.005245689,0.003946440,0.006504264,1
actual,13,63,scatter_ring_allgather,0,512,3,2.696932858,0.005267447,0.003919321,0.006522919,1
actual,14,64,scatter_ring_allgather,0,512,3,2.700413046,0.005274244,0.003916584,0.006532898,1
actual,15,65,scatter_ring_allgather,0,512,3,2.724958988,0.005322186,0.003966670,0.006603295,1
actual,16,66,scatter_ring_allgather,0,512,3,2.697820452,0.005269181,0.003910705,0.006522745,1
actual,17,67,scatter_ring_allgather,0,512,3,2.681346498,0.005237005,0.003957351,0.006665531,1
actual,18,68,scatter_ring_allgather,0,512,3,2.713012735,0.005298853,0.003947614,0.006573564,1
actual,19,69,scatter_ring_allgather,0,512,3,2.712139002,0.005297146,0.003900273,0.006638671,1
actual,20,70,scatter_ring_allgather,0,512,3,2.679999735,0.005234374,0.003917928,0.006477765,1
actual,21,71,scatter_ring_allgather,0,512,3,2.716604988,0.005305869,0.003948235,0.006576494,1
actual,22,72,scatter_ring_allgather,0,512,3,2.695804308,0.005265243,0.003962239,0.006514599,1
actual,23,73,scatter_ring_allgather,0,512,3,2.693095696,0.005259953,0.003893220,0.006538018,1
actual,24,74,scatter_ring_allgather,0,512,3,2.704329412,0.005281893,0.003913898,0.006527353,1
actual,25,75,scatter_ring_allgather,0,512,3,2.669408306,0.005213688,0.003948796,0.006449096,1
actual,26,76,scatter_ring_allgather,0,512,3,2.685330182,0.005244786,0.003921353,0.006510986,1
actual,27,77,scatter_ring_allgather,0,512,3,2.710508138,0.005293961,0.003952624,0.006507591,1
actual,28,78,scatter_ring_allgather,0,512,3,2.708301773,0.005289652,0.003930091,0.006544269,1
actual,29,79,scatter_ring_allgather,0,512,3,2.664248677,0.005203611,0.003931614,0.006469085,1
actual,30,80,scatter_ring_allgather,0,512,3,2.681642150,0.005237582,0.004005353,0.006629052,1
actual,31,81,scatter_ring_allgather,0,512,3,2.700438546,0.005274294,0.003951609,0.006529858,1
actual,32,82,scatter_ring_allgather,0,512,3,2.678644352,0.005231727,0.003964313,0.006504360,1
actual,33,83,scatter_ring_allgather,0,512,3,2.685429568,0.005244980,0.003977741,0.006579911,1
actual,34,84,scatter_ring_allgather,0,512,3,2.703070988,0.005279436,0.003959527,0.006540843,1
actual,35,85,scatter_ring_allgather,0,512,3,2.676707416,0.005227944,0.003914222,0.006491416,1
actual,36,86,scatter_ring_allgather,0,512,3,2.683602667,0.005241411,0.003939297,0.006497581,1
actual,37,87,scatter_ring_allgather,0,512,3,2.723626779,0.005319584,0.003937065,0.006569477,1
actual,38,88,scatter_ring_allgather,0,512,3,2.707781299,0.005288635,0.003923557,0.006569837,1
actual,39,89,scatter_ring_allgather,0,512,3,2.711258727,0.005295427,0.003967139,0.006581915,1
actual,40,90,scatter_ring_allgather,0,512,3,2.659877306,0.005195073,0.003911847,0.006446832,1
actual,41,91,scatter_ring_allgather,0,512,3,2.669107308,0.005213100,0.003895747,0.006405825,1
actual,42,92,scatter_ring_allgather,0,512,3,2.709795748,0.005292570,0.003993971,0.006640204,1
actual,43,93,scatter_ring_allgather,0,512,3,2.766474139,0.005403270,0.004062429,0.006838845,1
actual,44,94,scatter_ring_allgather,0,512,3,2.674245960,0.005223137,0.003938816,0.006495283,1
actual,45,95,scatter_ring_allgather,0,512,3,2.668565380,0.005212042,0.003947133,0.006472811,1
actual,46,96,scatter_ring_allgather,0,512,3,2.668953856,0.005212801,0.003943124,0.006483391,1
actual,47,97,scatter_ring_allgather,0,512,3,2.667169491,0.005209315,0.003963201,0.006419982,1
actual,48,98,scatter_ring_allgather,0,512,3,2.665877131,0.005206791,0.003931051,0.006458053,1
actual,49,99,scatter_ring_allgather,0,512,3,2.676441491,0.005227425,0.003926562,0.006434138,1
warmup,0,0,scatter_ring_allgather,0,512,4,2.695044593,0.005263759,0.003905944,0.006513612,1
warmup,1,1,scatter_ring_allgather,0,512,4,2.698209867,0.005269941,0.003912657,0.006523981,1
warmup,2,2,scatter_ring_allgather,0,512,4,2.687100316,0.005248243,0.003931963,0.006569662,1
warmup,3,3,scatter_ring_allgather,0,512,4,2.662394376,0.005199989,0.003898331,0.006499631,1
warmup,4,4,scatter_ring_allgather,0,512,4,2.667010988,0.005209006,0.003918820,0.006473893,1
warmup,5,5,scatter_ring_allgather,0,512,4,2.716063899,0.005304812,0.003891258,0.006630395,1
warmup,6,6,scatter_ring_allgather,0,512,4,2.661209691,0.005197675,0.003981075,0.006465527,1
warmup,7,7,scatter_ring_allgather,0,512,4,2.723226198,0.005318801,0.003977200,0.006667084,1
warmup,8,8,scatter_ring_allgather,0,512,4,2.690663047,0.005255201,0.003954527,0.006630425,1
warmup,9,9,scatter_ring_allgather,0,512,4,2.717206363,0.005307044,0.003970437,0.006521056,1
warmup,10,10,scatter_ring_allgather,0,512,4,2.684635272,0.005243428,0.003948784,0.006456510,1
warmup,11,11,scatter_ring_allgather,0,512,4,2.665643077,0.005206334,0.003933616,0.006413149,1
warmup,12,12,scatter_ring_allgather,0,512,4,2.667840634,0.005210626,0.003937916,0.006475786,1
warmup,13,13,scatter_ring_allgather,0,512,4,2.652708369,0.005181071,0.003921895,0.006384175,1
warmup,14,14,scatter_ring_allgather,0,512,4,2.719569279,0.005311659,0.004027014,0.006654480,1
warmup,15,15,scatter_ring_allgather,0,512,4,2.671742976,0.005218248,0.003919050,0.006409693,1
warmup,16,16,scatter_ring_allgather,0,512,4,2.676060932,0.005226682,0.004004489,0.006532132,1
warmup,17,17,scatter_ring_allgather,0,512,4,2.722359672,0.005317109,0.004005120,0.006604943,1
warmup,18,18,scatter_ring_allgather,0,512,4,2.718927220,0.005310405,0.003960065,0.006607288,1
warmup,19,19,scatter_ring_allgather,0,512,4,2.712875974,0.005298586,0.004061834,0.006619405,1
warmup,20,20,scatter_ring_allgather,0,512,4,2.696580920,0.005266760,0.003893260,0.006644582,1
warmup,21,21,scatter_ring_allgather,0,512,4,2.691292340,0.005256430,0.003906057,0.006479393,1
warmup,22,22,scatter_ring_allgather,0,512,4,2.660485990,0.005196262,0.003927995,0.006475305,1
warmup,23,23,scatter_ring_allgather,0,512,4,2.674178669,0.005223005,0.003949806,0.006584679,1
warmup,24,24,scatter_ring_allgather,0,512,4,2.697603300,0.005268756,0.003932205,0.006564052,1
warmup,25,25,scatter_ring_allgather,0,512,4,2.669304757,0.005213486,0.003915333,0.006496225,1
warmup,26,26,scatter_ring_allgather,0,512,4,2.702112956,0.005277564,0.003960036,0.006559964,1
warmup,27,27,scatter_ring_allgather,0,512,4,2.712677016,0.005298197,0.003902046,0.006619335,1
warmup,28,28,scatter_ring_allgather,0,512,4,2.686159593,0.005246405,0.003915864,0.006636697,1
warmup,29,29,scatter_ring_allgather,0,512,4,2.660205494,0.005195714,0.003922234,0.006450590,1
warmup,30,30,scatter_ring_allgather,0,512,4,2.670208970,0.005215252,0.003910435,0.006477649,1
warmup,31,31,scatter_ring_allgather,0,512,4,2.696770029,0.005267129,0.003937716,0.006613884,1
warmup,32,32,scatter_ring_allgather,0,512,4,2.709934121,0.005292840,0.003973511,0.006694576,1
warmup,33,33,scatter_ring_allgather,0,512,4,2.677739456,0.005229960,0.003934810,0.006537482,1
warmup,34,34,scatter_ring_allgather,0,512,4,2.693712840,0.005261158,0.003954175,0.006575362,1
warmup,35,35,scatter_ring_allgather,0,512,4,2.686320421,0.005246720,0.003900434,0.006570518,1
warmup,36,36,scatter_ring_allgather,0,512,4,2.696923431,0.005267429,0.003946951,0.006517940,1
warmup,37,37,scatter_ring_allgather,0,512,4,2.732106433,0.005336145,0.003967251,0.006598601,1
warmup,38,38,scatter_ring_allgather,0,512,4,2.661672551,0.005198579,0.003960579,0.006493309,1
warmup,39,39,scatter_ring_allgather,0,512,4,2.707400654,0.005287892,0.003920561,0.006590932,1
warmup,40,40,scatter_ring_allgather,0,512,4,2.710339966,0.005293633,0.003916396,0.006535623,1
warmup,41,41,scatter_ring_allgather,0,512,4,2.716839897,0.005306328,0.003914581,0.006610879,1
warmup,42,42,scatter_ring_allgather,0,512,4,2.671001055,0.005216799,0.003933515,0.006523556,1
warmup,43,43,scatter_ring_allgather,0,512,4,2.703480804,0.005280236,0.003923877,0.006546674,1
warmup,44,44,scatter_ring_allgather,0,512,4,2.692619085,0.005259022,0.003901094,0.006581839,1
warmup,45,45,scatter_ring_allgather,0,512,4,2.668756112,0.005212414,0.003931735,0.006440761,1
warmup,46,46,scatter_ring_allgather,0,512,4,2.683461497,0.005241136,0.003878965,0.006506874,1
warmup,47,47,scatter_ring_allgather,0,512,4,2.693098383,0.005259958,0.003904253,0.006528786,1
warmup,48,48,scatter_ring_allgather,0,512,4,2.691174865,0.005256201,0.003916937,0.006513016,1
warmup,49,49,scatter_ring_allgather,0,512,4,2.672446393,0.005219622,0.003925892,0.006464516,1
actual,0,50,scatter_ring_allgather,0,512,4,2.689933644,0.005253777,0.003931932,0.006509960,1
actual,1,51,scatter_ring_allgather,0,512,4,2.716623544,0.005305905,0.003901026,0.006636727,1
actual,2,52,scatter_ring_allgather,0,512,4,2.670287017,0.005215404,0.003933789,0.006473222,1
actual,3,53,scatter_ring_allgather,0,512,4,2.668172687,0.005211275,0.003906826,0.006453245,1
actual,4,54,scatter_ring_allgather,0,512,4,2.664870385,0.005204825,0.003942352,0.006471148,1
actual,5,55,scatter_ring_allgather,0,512,4,2.688194531,0.005250380,0.003898761,0.006476972,1
actual,6,56,scatter_ring_allgather,0,512,4,2.736969275,0.005345643,0.003999332,0.006753475,1
actual,7,57,scatter_ring_allgather,0,512,4,2.718949293,0.005310448,0.003937185,0.006613469,1
actual,8,58,scatter_ring_allgather,0,512,4,3.051185776,0.005959347,0.004145216,0.007638050,1
actual,9,59,scatter_ring_allgather,0,512,4,2.700043027,0.005273522,0.003899724,0.006509043,1
actual,10,60,scatter_ring_allgather,0,512,4,2.663302821,0.005201763,0.003952230,0.006502196,1
actual,11,61,scatter_ring_allgather,0,512,4,2.669482974,0.005213834,0.003926814,0.006465537,1
actual,12,62,scatter_ring_allgather,0,512,4,2.658974220,0.005193309,0.003922527,0.006461901,1
actual,13,63,scatter_ring_allgather,0,512,4,2.681995702,0.005238273,0.003905014,0.006609126,1
actual,14,64,scatter_ring_allgather,0,512,4,2.680707314,0.005235756,0.003956211,0.006628111,1
actual,15,65,scatter_ring_allgather,0,512,4,2.693964193,0.005261649,0.003925922,0.006505998,1
actual,16,66,scatter_ring_allgather,0,512,4,2.694420910,0.005262541,0.003949405,0.006518006,1
actual,17,67,scatter_ring_allgather,0,512,4,2.715069274,0.005302870,0.003894783,0.006618042,1
actual,18,68,scatter_ring_allgather,0,512,4,2.723694450,0.005319716,0.003920592,0.006624629,1
actual,19,69,scatter_ring_allgather,0,512,4,2.678686278,0.005231809,0.003940992,0.006494792,1
actual,20,70,scatter_ring_allgather,0,512,4,2.664677780,0.005204449,0.003974194,0.006440861,1
actual,21,71,scatter_ring_allgather,0,512,4,2.670329072,0.005215486,0.003899885,0.006512164,1
actual,22,72,scatter_ring_allgather,0,512,4,2.671155233,0.005217100,0.003911757,0.006523556,1
actual,23,73,scatter_ring_allgather,0,512,4,2.708315485,0.005289679,0.003936411,0.006593691,1
actual,24,74,scatter_ring_allgather,0,512,4,2.704367181,0.005281967,0.003905664,0.006570819,1
actual,25,75,scatter_ring_allgather,0,512,4,2.703999613,0.005281249,0.003944797,0.006591463,1
actual,26,76,scatter_ring_allgather,0,512,4,2.676582340,0.005227700,0.003938685,0.006519197,1
actual,27,77,scatter_ring_allgather,0,512,4,2.685544221,0.005245204,0.003893693,0.006476692,1
actual,28,78,scatter_ring_allgather,0,512,4,2.686191276,0.005246467,0.003963574,0.006541610,1
actual,29,79,scatter_ring_allgather,0,512,4,2.705721284,0.005284612,0.003909302,0.006564943,1
actual,30,80,scatter_ring_allgather,0,512,4,2.657795875,0.005191008,0.003938557,0.006398482,1
actual,31,81,scatter_ring_allgather,0,512,4,2.691748835,0.005257322,0.003940719,0.006497822,1
actual,32,82,scatter_ring_allgather,0,512,4,2.687545273,0.005249112,0.003941180,0.006468893,1
actual,33,83,scatter_ring_allgather,0,512,4,2.671614133,0.005217996,0.003915213,0.006520039,1
actual,34,84,scatter_ring_allgather,0,512,4,2.726789023,0.005325760,0.003931734,0.006604547,1
actual,35,85,scatter_ring_allgather,0,512,4,2.690781801,0.005255433,0.003946780,0.006500863,1
actual,36,86,scatter_ring_allgather,0,512,4,2.673463294,0.005221608,0.003957463,0.006605660,1
actual,37,87,scatter_ring_allgather,0,512,4,2.695437488,0.005264526,0.003958282,0.006496309,1
actual,38,88,scatter_ring_allgather,0,512,4,2.696848951,0.005267283,0.003918871,0.006494311,1
actual,39,89,scatter_ring_allgather,0,512,4,2.699241398,0.005271956,0.003896819,0.006513742,1
actual,40,90,scatter_ring_allgather,0,512,4,2.698098772,0.005269724,0.003951600,0.006579545,1
actual,41,91,scatter_ring_allgather,0,512,4,2.705466412,0.005284114,0.003895736,0.006610598,1
actual,42,92,scatter_ring_allgather,0,512,4,2.691967087,0.005257748,0.003912716,0.006597374,1
actual,43,93,scatter_ring_allgather,0,512,4,2.709219051,0.005291443,0.003908939,0.006557925,1
actual,44,94,scatter_ring_allgather,0,512,4,2.761518098,0.005393590,0.004088219,0.006763474,1
actual,45,95,scatter_ring_allgather,0,512,4,2.712451086,0.005297756,0.003923439,0.006530734,1
actual,46,96,scatter_ring_allgather,0,512,4,2.671512552,0.005217798,0.003916323,0.006475466,1
actual,47,97,scatter_ring_allgather,0,512,4,2.723136772,0.005318627,0.003862223,0.006636252,1
actual,48,98,scatter_ring_allgather,0,512,4,2.706443159,0.005286022,0.003932274,0.006540532,1
actual,49,99,scatter_ring_allgather,0,512,4,2.674257949,0.005223160,0.003945009,0.006505382,1
warmup,0,0,scatter_ring_allgather,0,512,6,2.694800183,0.005263282,0.003928356,0.006519913,1
warmup,1,1,scatter_ring_allgather,0,512,6,2.695829094,0.005265291,0.003890698,0.006587566,1
warmup,2,2,scatter_ring_allgather,0,512,6,2.687433024,0.005248893,0.004001473,0.006486607,1
warmup,3,3,scatter_ring_allgather,0,512,6,2.672499163,0.005219725,0.003952664,0.006614225,1
warmup,4,4,scatter_ring_allgather,0,512,6,2.677543085,0.005229576,0.003993047,0.006578208,1
warmup,5,5,scatter_ring_allgather,0,512,6,2.687771250,0.005249553,0.003973964,0.006394935,1
warmup,6,6,scatter_ring_allgather,0,512,6,2.659234306,0.005193817,0.003910104,0.006430752,1
warmup,7,7,scatter_ring_allgather,0,512,6,2.693083105,0.005259928,0.003893522,0.006560475,1
warmup,8,8,scatter_ring_allgather,0,512,6,2.668478803,0.005211873,0.003898060,0.006417532,1
warmup,9,9,scatter_ring_allgather,0,512,6,2.702940967,0.005279182,0.003921883,0.006573980,1
warmup,10,10,scatter_ring_allgather,0,512,6,2.717461661,0.005307542,0.003923317,0.006634669,1
warmup,11,11,scatter_ring_allgather,0,512,6,2.687200690,0.005248439,0.003926242,0.006507681,1
warmup,12,12,scatter_ring_allgather,0,512,6,2.703595838,0.005280461,0.003936002,0.006643359,1
warmup,13,13,scatter_ring_allgather,0,512,6,2.670253814,0.005215339,0.003941643,0.006486035,1
warmup,14,14,scatter_ring_allgather,0,512,6,2.669783360,0.005214421,0.003930871,0.006503628,1
warmup,15,15,scatter_ring_allgather,0,512,6,2.709387496,0.005291772,0.003900495,0.006604306,1
warmup,16,16,scatter_ring_allgather,0,512,6,2.679486672,0.005233372,0.003949037,0.006458689,1
warmup,17,17,scatter_ring_allgather,0,512,6,2.713093963,0.005299012,0.003924518,0.006714462,1
warmup,18,18,scatter_ring_allgather,0,512,6,2.699003993,0.005271492,0.003942645,0.006521381,1
warmup,19,19,scatter_ring_allgather,0,512,6,2.701324336,0.005276024,0.003941210,0.006533538,1
warmup,20,20,scatter_ring_allgather,0,512,6,2.679360902,0.005233127,0.003940479,0.006513868,1
warmup,21,21,scatter_ring_allgather,0,512,6,2.659277475,0.005193901,0.003935332,0.006483792,1
warmup,22,22,scatter_ring_allgather,0,512,6,2.671901691,0.005218558,0.003987107,0.006564672,1
warmup,23,23,scatter_ring_allgather,0,512,6,2.663375590,0.005201905,0.003881029,0.006484913,1
warmup,24,24,scatter_ring_allgather,0,512,6,2.668894540,0.005212685,0.004006474,0.006461910,1
warmup,25,25,scatter_ring_allgather,0,512,6,2.722523057,0.005317428,0.003947464,0.006637208,1
warmup,26,26,scatter_ring_allgather,0,512,6,2.706432845,0.005286002,0.003906386,0.006672153,1
warmup,27,27,scatter_ring_allgather,0,512,6,2.724722689,0.005321724,0.003977038,0.006603875,1
warmup,28,28,scatter_ring_allgather,0,512,6,2.689056109,0.005252063,0.003924037,0.006558010,1
warmup,29,29,scatter_ring_allgather,0,512,6,2.709217442,0.005291440,0.003904011,0.006638220,1
warmup,30,30,scatter_ring_allgather,0,512,6,2.677221961,0.005228949,0.003981315,0.006558060,1
warmup,31,31,scatter_ring_allgather,0,512,6,2.691188066,0.005256227,0.003899834,0.006599468,1
warmup,32,32,scatter_ring_allgather,0,512,6,2.689584379,0.005253094,0.003893342,0.006540331,1
warmup,33,33,scatter_ring_allgather,0,512,6,2.679210665,0.005232833,0.003940411,0.006423369,1
warmup,34,34,scatter_ring_allgather,0,512,6,2.671987294,0.005218725,0.003956961,0.006452513,1
warmup,35,35,scatter_ring_allgather,0,512,6,2.734391385,0.005340608,0.003947274,0.006628237,1
warmup,36,36,scatter_ring_allgather,0,512,6,2.699974982,0.005273389,0.003944438,0.006547205,1
warmup,37,37,scatter_ring_allgather,0,512,6,2.693406388,0.005260559,0.003912428,0.006519813,1
warmup,38,38,scatter_ring_allgather,0,512,6,2.671074562,0.005216943,0.003912047,0.006503608,1
warmup,39,39,scatter_ring_allgather,0,512,6,2.698655419,0.005270811,0.003906507,0.006513802,1
warmup,40,40,scatter_ring_allgather,0,512,6,2.706465007,0.005286064,0.003946983,0.006528174,1
warmup,41,41,scatter_ring_allgather,0,512,6,2.661690966,0.005198615,0.003942183,0.006482139,1
warmup,42,42,scatter_ring_allgather,0,512,6,2.666298837,0.005207615,0.003913991,0.006487989,1
warmup,43,43,scatter_ring_allgather,0,512,6,2.732335749,0.005336593,0.003920813,0.006664960,1
warmup,44,44,scatter_ring_allgather,0,512,6,2.691634818,0.005257099,0.003898320,0.006595230,1
warmup,45,45,scatter_ring_allgather,0,512,6,2.715357070,0.005303432,0.003991848,0.006537807,1
warmup,46,46,scatter_ring_allgather,0,512,6,2.665572723,0.005206197,0.003938387,0.006506263,1
warmup,47,47,scatter_ring_allgather,0,512,6,2.704481059,0.005282190,0.003948504,0.006565309,1
warmup,48,48,scatter_ring_allgather,0,512,6,2.687177794,0.005248394,0.003884444,0.006504424,1
warmup,49,49,scatter_ring_allgather,0,512,6,2.704523848,0.005282273,0.003911777,0.006635174,1
actual,0,50,scatter_ring_allgather,0,512,6,2.661638063,0.005198512,0.003944769,0.006550516,1
actual,1,51,scatter_ring_allgather,0,512,6,2.688461825,0.005250902,0.003977920,0.006414722,1
actual,2,52,scatter_ring_allgather,0,512,6,2.698843353,0.005271178,0.003906577,0.006515124,1
actual,3,53,scatter_ring_allgather,0,512,6,2.688533381,0.005251042,0.003928727,0.006574055,1
actual,4,54,scatter_ring_allgather,0,512,6,2.667430613,0.005209825,0.003970465,0.006474153,1
actual,5,55,scatter_ring_allgather,0,512,6,2.707566022,0.005288215,0.003952551,0.006656344,1
actual,6,56,scatter_ring_allgather,0,512,6,2.682387623,0.005239038,0.003951722,0.006450980,1
actual,7,57,scatter_ring_allgather,0,512,6,2.664001112,0.005203127,0.003959725,0.006422687,1
actual,8,58,scatter_ring_allgather,0,512,6,2.731775900,0.005335500,0.003962952,0.006651866,1
actual,9,59,scatter_ring_allgather,0,512,6,2.663567596,0.005202280,0.003953966,0.006412418,1
actual,10,60,scatter_ring_allgather,0,512,6,2.662074479,0.005199364,0.003955809,0.006454075,1
actual,11,61,scatter_ring_allgather,0,512,6,2.718908963,0.005310369,0.003958454,0.006628793,1
actual,12,62,scatter_ring_allgather,0,512,6,2.682146613,0.005238568,0.003941601,0.006505502,1
actual,13,63,scatter_ring_allgather,0,512,6,2.666533211,0.005208073,0.003960225,0.006458934,1
actual,14,64,scatter_ring_allgather,0,512,6,2.696093256,0.005265807,0.003898261,0.006527237,1
actual,15,65,scatter_ring_allgather,0,512,6,2.717994117,0.005308582,0.003905604,0.006608665,1
actual,16,66,scatter_ring_allgather,0,512,6,2.678012531,0.005230493,0.003944288,0.006449217,1
actual,17,67,scatter_ring_allgather,0,512,6,2.709925780,0.005292824,0.003897258,0.006592224,1
actual,18,68,scatter_ring_allgather,0,512,6,2.711361668,0.005295628,0.003938335,0.006597244,1
actual,19,69,scatter_ring_allgather,0,512,6,2.711859757,0.005296601,0.003917727,0.006604808,1
actual,20,70,scatter_ring_allgather,0,512,6,2.667563594,0.005210085,0.003953094,0.006475596,1
actual,21,71,scatter_ring_allgather,0,512,6,2.681017291,0.005236362,0.003887591,0.006484748,1
actual,22,72,scatter_ring_allgather,0,512,6,2.697766706,0.005269076,0.003964636,0.006519799,1
actual,23,73,scatter_ring_allgather,0,512,6,2.733277335,0.005338432,0.003934359,0.006630816,1
actual,24,74,scatter_ring_allgather,0,512,6,2.691156245,0.005256165,0.003939727,0.006511823,1
actual,25,75,scatter_ring_allgather,0,512,6,2.679230950,0.005232873,0.003917136,0.006530228,1
actual,26,76,scatter_ring_allgather,0,512,6,2.670665484,0.005216144,0.003969987,0.006518706,1
actual,27,77,scatter_ring_allgather,0,512,6,2.694051703,0.005261820,0.003897210,0.006524031,1
actual,28,78,scatter_ring_allgather,0,512,6,2.700413431,0.005274245,0.003923016,0.006532568,1
actual,29,79,scatter_ring_allgather,0,512,6,2.700995684,0.005275382,0.003893601,0.006576404,1
actual,30,80,scatter_ring_allgather,0,512,6,2.711307118,0.005295522,0.003964473,0.006553015,1
actual,31,81,scatter_ring_allgather,0,512,6,2.664820025,0.005204727,0.003929839,0.006436473,1
actual,32,82,scatter_ring_allgather,0,512,6,2.670880492,0.005216563,0.003904763,0.006506615,1
actual,33,83,scatter_ring_allgather,0,512,6,2.693726012,0.005261184,0.003896949,0.006546934,1
actual,34,84,scatter_ring_allgather,0,512,6,2.664939117,0.005204959,0.003924772,0.006514378,1
actual,35,85,scatter_ring_allgather,0,512,6,2.711490355,0.005295880,0.003890074,0.006596993,1
actual,36,86,scatter_ring_allgather,0,512,6,2.710898461,0.005294724,0.003933508,0.006559698,1
actual,37,87,scatter_ring_allgather,0,512,6,2.716018736,0.005304724,0.003988028,0.006564517,1
actual,38,88,scatter_ring_allgather,0,512,6,2.674051097,0.005222756,0.003918087,0.006510120,1
actual,39,89,scatter_ring_allgather,0,512,6,2.742392243,0.005356235,0.003983221,0.006661444,1
actual,40,90,scatter_ring_allgather,0,512,6,2.682321364,0.005238909,0.003947894,0.006539896,1
actual,41,91,scatter_ring_allgather,0,512,6,2.693589595,0.005260917,0.003921964,0.006516867,1
actual,42,92,scatter_ring_allgather,0,512,6,2.688434472,0.005250849,0.003943986,0.006514288,1
actual,43,93,scatter_ring_allgather,0,512,6,2.691180872,0.005256213,0.003925563,0.006558752,1
actual,44,94,scatter_ring_allgather,0,512,6,2.680526857,0.005235404,0.003940191,0.006532202,1
actual,45,95,scatter_ring_allgather,0,512,6,2.702309583,0.005277948,0.003911044,0.006675169,1
actual,46,96,scatter_ring_allgather,0,512,6,2.697101335,0.005267776,0.003914432,0.006583568,1
actual,47,97,scatter_ring_allgather,0,512,6,2.714077377,0.005300932,0.003935439,0.006571210,1
actual,48,98,scatter_ring_allgather,0,512,6,2.694892699,0.005263462,0.003911825,0.006515134,1
actual,49,99,scatter_ring_allgather,0,512,6,2.704040550,0.005281329,0.003982459,0.006468758,1
warmup,0,0,scatter_ring_allgather,0,512,8,2.696456873,0.005266517,0.003938104,0.006495603,1
warmup,1,1,scatter_ring_allgather,0,512,8,2.684678675,0.005243513,0.003897380,0.006496730,1
warmup,2,2,scatter_ring_allgather,0,512,8,2.685146829,0.005244427,0.003923036,0.006492953,1
warmup,3,3,scatter_ring_allgather,0,512,8,2.706801658,0.005286722,0.003950440,0.006547080,1
warmup,4,4,scatter_ring_allgather,0,512,8,2.699291479,0.005272054,0.003945528,0.006510966,1
warmup,5,5,scatter_ring_allgather,0,512,8,2.696144097,0.005265906,0.003910783,0.006575308,1
warmup,6,6,scatter_ring_allgather,0,512,8,2.721086449,0.005314622,0.003935752,0.006598526,1
warmup,7,7,scatter_ring_allgather,0,512,8,2.668122008,0.005211176,0.003967251,0.006503608,1
warmup,8,8,scatter_ring_allgather,0,512,8,2.687829026,0.005249666,0.003907740,0.006549960,1
warmup,9,9,scatter_ring_allgather,0,512,8,2.705130196,0.005283457,0.003963303,0.006496184,1
warmup,10,10,scatter_ring_allgather,0,512,8,2.694103020,0.005261920,0.003991625,0.006530794,1
warmup,11,11,scatter_ring_allgather,0,512,8,2.659772156,0.005194867,0.003990364,0.006428207,1
warmup,12,12,scatter_ring_allgather,0,512,8,2.695938022,0.005265504,0.003906647,0.006507461,1
warmup,13,13,scatter_ring_allgather,0,512,8,2.713855468,0.005300499,0.003961471,0.006625516,1
warmup,14,14,scatter_ring_allgather,0,512,8,2.680979720,0.005236289,0.003952313,0.006467401,1
warmup,15,15,scatter_ring_allgather,0,512,8,2.711400979,0.005295705,0.003900626,0.006655362,1
warmup,16,16,scatter_ring_allgather,0,512,8,2.668929594,0.005212753,0.003929710,0.006482719,1
warmup,17,17,scatter_ring_allgather,0,512,8,2.673606108,0.005221887,0.003915403,0.006578148,1
warmup,18,18,scatter_ring_allgather,0,512,8,2.691289179,0.005256424,0.003903970,0.006547164,1
warmup,19,19,scatter_ring_allgather,0,512,8,2.708944249,0.005290907,0.003952232,0.006525440,1
warmup,20,20,scatter_ring_allgather,0,512,8,2.706348374,0.005285837,0.003925330,0.006553186,1
warmup,21,21,scatter_ring_allgather,0,512,8,2.689244170,0.005252430,0.003907749,0.006513216,1
warmup,22,22,scatter_ring_allgather,0,512,8,2.665272931,0.005205611,0.003913660,0.006441722,1
warmup,23,23,scatter_ring_allgather,0,512,8,2.690258599,0.005254411,0.003934109,0.006500337,1
warmup,24,24,scatter_ring_allgather,0,512,8,2.716646977,0.005305951,0.004025418,0.006573985,1
warmup,25,25,scatter_ring_allgather,0,512,8,2.671905734,0.005218566,0.003887349,0.006433378,1
warmup,26,26,scatter_ring_allgather,0,512,8,2.714200962,0.005301174,0.003910724,0.006577441,1
warmup,27,27,scatter_ring_allgather,0,512,8,2.673922804,0.005222505,0.003916474,0.006491445,1
warmup,28,28,scatter_ring_allgather,0,512,8,2.661279357,0.005197811,0.003941991,0.006430391,1
warmup,29,29,scatter_ring_allgather,0,512,8,2.712346070,0.005297551,0.003913178,0.006567152,1
warmup,30,30,scatter_ring_allgather,0,512,8,2.698356404,0.005270227,0.003904543,0.006521076,1
warmup,31,31,scatter_ring_allgather,0,512,8,2.692259187,0.005258319,0.003914562,0.006619656,1
warmup,32,32,scatter_ring_allgather,0,512,8,2.741736739,0.005354955,0.004009310,0.006642348,1
warmup,33,33,scatter_ring_allgather,0,512,8,2.690730218,0.005255332,0.003883213,0.006526375,1
warmup,34,34,scatter_ring_allgather,0,512,8,2.672292746,0.005219322,0.003928980,0.006449828,1
warmup,35,35,scatter_ring_allgather,0,512,8,2.695918535,0.005265466,0.003960248,0.006465437,1
warmup,36,36,scatter_ring_allgather,0,512,8,2.653626978,0.005182865,0.003952763,0.006418549,1
warmup,37,37,scatter_ring_allgather,0,512,8,2.703495388,0.005280264,0.003925230,0.006572668,1
warmup,38,38,scatter_ring_allgather,0,512,8,2.699443739,0.005272351,0.003911776,0.006537717,1
warmup,39,39,scatter_ring_allgather,0,512,8,2.709515533,0.005292023,0.003899874,0.006619020,1
warmup,40,40,scatter_ring_allgather,0,512,8,2.672501288,0.005219729,0.003928086,0.006426955,1
warmup,41,41,scatter_ring_allgather,0,512,8,2.673070238,0.005220840,0.003920823,0.006505432,1
warmup,42,42,scatter_ring_allgather,0,512,8,2.696380520,0.005266368,0.003932215,0.006505953,1
warmup,43,43,scatter_ring_allgather,0,512,8,2.679028410,0.005232477,0.003899233,0.006458956,1
warmup,44,44,scatter_ring_allgather,0,512,8,2.704723171,0.005282662,0.003979893,0.006508968,1
warmup,45,45,scatter_ring_allgather,0,512,8,2.725759478,0.005323749,0.003980566,0.006720984,1
warmup,46,46,scatter_ring_allgather,0,512,8,2.728786771,0.005329662,0.003974004,0.006671712,1
warmup,47,47,scatter_ring_allgather,0,512,8,2.700576306,0.005274563,0.003942563,0.006545281,1
warmup,48,48,scatter_ring_allgather,0,512,8,2.974926132,0.005810403,0.003937483,0.010174453,1
warmup,49,49,scatter_ring_allgather,0,512,8,2.673794533,0.005222255,0.003952201,0.006541419,1
actual,0,50,scatter_ring_allgather,0,512,8,2.663396349,0.005201946,0.003957712,0.006505762,1
actual,1,51,scatter_ring_allgather,0,512,8,2.684384967,0.005242939,0.003948324,0.006624685,1
actual,2,52,scatter_ring_allgather,0,512,8,2.689411855,0.005252758,0.003904693,0.006494356,1
actual,3,53,scatter_ring_allgather,0,512,8,2.709784362,0.005292548,0.003913770,0.006669889,1
actual,4,54,scatter_ring_allgather,0,512,8,2.675946482,0.005226458,0.003907086,0.006471403,1
actual,5,55,scatter_ring_allgather,0,512,8,2.682525765,0.005239308,0.003889104,0.006491630,1
actual,6,56,scatter_ring_allgather,0,512,8,2.699600989,0.005272658,0.003915693,0.006520454,1
actual,7,57,scatter_ring_allgather,0,512,8,2.685546740,0.005245208,0.004013107,0.006472991,1
actual,8,58,scatter_ring_allgather,0,512,8,2.669674421,0.005214208,0.003949816,0.006528936,1
actual,9,59,scatter_ring_allgather,0,512,8,2.677270134,0.005229043,0.003904413,0.006542742,1
actual,10,60,scatter_ring_allgather,0,512,8,2.713807560,0.005300405,0.003981808,0.006740156,1
actual,11,61,scatter_ring_allgather,0,512,8,2.694208452,0.005262126,0.003902399,0.006511879,1
actual,12,62,scatter_ring_allgather,0,512,8,2.699335935,0.005272140,0.003943046,0.006530047,1
actual,13,63,scatter_ring_allgather,0,512,8,2.704177319,0.005281596,0.003898663,0.006571540,1
actual,14,64,scatter_ring_allgather,0,512,8,2.702165077,0.005277666,0.003940058,0.006579866,1
actual,15,65,scatter_ring_allgather,0,512,8,2.661349154,0.005197948,0.003921125,0.006454527,1
actual,16,66,scatter_ring_allgather,0,512,8,2.694761099,0.005263205,0.003979001,0.006531224,1
actual,17,67,scatter_ring_allgather,0,512,8,2.705270561,0.005283732,0.003973633,0.006686230,1
actual,18,68,scatter_ring_allgather,0,512,8,2.670512038,0.005215844,0.003920982,0.006528064,1
actual,19,69,scatter_ring_allgather,0,512,8,2.691225909,0.005256301,0.003975985,0.006492758,1
actual,20,70,scatter_ring_allgather,0,512,8,2.666525171,0.005208057,0.003921944,0.006499621,1
actual,21,71,scatter_ring_allgather,0,512,8,3.527199267,0.006889061,0.004631641,0.008263366,1
actual,22,72,scatter_ring_allgather,0,512,8,2.701619674,0.005276601,0.004009505,0.006518430,1
actual,23,73,scatter_ring_allgather,0,512,8,2.834456847,0.005536049,0.003961300,0.006566189,1
actual,24,74,scatter_ring_allgather,0,512,8,2.678647809,0.005231734,0.003947534,0.006545737,1
actual,25,75,scatter_ring_allgather,0,512,8,2.700949193,0.005275291,0.003951820,0.006670119,1
actual,26,76,scatter_ring_allgather,0,512,8,2.681767131,0.005237826,0.003939047,0.006480254,1
actual,27,77,scatter_ring_allgather,0,512,8,2.724434531,0.005321161,0.003930272,0.007016592,1
actual,28,78,scatter_ring_allgather,0,512,8,2.658654596,0.005192685,0.003982420,0.006524317,1
actual,29,79,scatter_ring_allgather,0,512,8,2.697990997,0.005269514,0.003902529,0.006646516,1
actual,30,80,scatter_ring_allgather,0,512,8,2.690495974,0.005254875,0.003963465,0.006665010,1
actual,31,81,scatter_ring_allgather,0,512,8,2.702632780,0.005278580,0.004019599,0.006639372,1
actual,32,82,scatter_ring_allgather,0,512,8,2.761373923,0.005393308,0.004337965,0.006482178,1
actual,33,83,scatter_ring_allgather,0,512,8,2.671924581,0.005218603,0.003890998,0.006550056,1
actual,34,84,scatter_ring_allgather,0,512,8,2.697468993,0.005268494,0.003951890,0.006522247,1
actual,35,85,scatter_ring_allgather,0,512,8,2.697054324,0.005267684,0.003910535,0.006573429,1
actual,36,86,scatter_ring_allgather,0,512,8,2.672135996,0.005219016,0.003895685,0.006439663,1
actual,37,87,scatter_ring_allgather,0,512,8,2.721135243,0.005314717,0.003969603,0.006603165,1
actual,38,88,scatter_ring_allgather,0,512,8,2.718174256,0.005308934,0.003978650,0.006609205,1
actual,39,89,scatter_ring_allgather,0,512,8,2.680977075,0.005236283,0.003986056,0.006494230,1
actual,40,90,scatter_ring_allgather,0,512,8,2.660442015,0.005196176,0.003965405,0.006519347,1
actual,41,91,scatter_ring_allgather,0,512,8,2.707651037,0.005288381,0.003972519,0.006526556,1
actual,42,92,scatter_ring_allgather,0,512,8,2.691297282,0.005256440,0.004076494,0.006620376,1
actual,43,93,scatter_ring_allgather,0,512,8,2.696650789,0.005266896,0.004003735,0.006507700,1
actual,44,94,scatter_ring_allgather,0,512,8,2.692546193,0.005258879,0.003924341,0.006523089,1
actual,45,95,scatter_ring_allgather,0,512,8,2.668574387,0.005212059,0.003922747,0.006492517,1
actual,46,96,scatter_ring_allgather,0,512,8,2.712639079,0.005298123,0.004043470,0.006536064,1
actual,47,97,scatter_ring_allgather,0,512,8,2.707632917,0.005288346,0.003923878,0.006602899,1
actual,48,98,scatter_ring_allgather,0,512,8,2.702242574,0.005277818,0.003961058,0.006520264,1
actual,49,99,scatter_ring_allgather,0,512,8,2.703135101,0.005279561,0.003942404,0.006567954,1
warmup,0,0,scatter_ring_allgather,0,512,12,2.696481470,0.005266565,0.003934138,0.006537431,1
warmup,1,1,scatter_ring_allgather,0,512,12,2.708311422,0.005289671,0.004003757,0.006616559,1
warmup,2,2,scatter_ring_allgather,0,512,12,2.709896969,0.005292768,0.003952982,0.006590976,1
warmup,3,3,scatter_ring_allgather,0,512,12,2.707368797,0.005287830,0.003980153,0.006571906,1
warmup,4,4,scatter_ring_allgather,0,512,12,2.705005846,0.005283215,0.003923638,0.006533229,1
warmup,5,5,scatter_ring_allgather,0,512,12,2.689985752,0.005253878,0.003906837,0.006497511,1
warmup,6,6,scatter_ring_allgather,0,512,12,2.672519047,0.005219764,0.003956098,0.006524317,1
warmup,7,7,scatter_ring_allgather,0,512,12,2.708023313,0.005289108,0.003941230,0.006543958,1
warmup,8,8,scatter_ring_allgather,0,512,12,2.707592255,0.005288266,0.003947802,0.006609902,1
warmup,9,9,scatter_ring_allgather,0,512,12,2.699238084,0.005271949,0.003955670,0.006497270,1
warmup,10,10,scatter_ring_allgather,0,512,12,2.699157412,0.005271792,0.003935469,0.006507837,1
warmup,11,11,scatter_ring_allgather,0,512,12,2.713313617,0.005299441,0.003898761,0.006585552,1
warmup,12,12,scatter_ring_allgather,0,512,12,2.680719702,0.005235781,0.003952551,0.006474588,1
warmup,13,13,scatter_ring_allgather,0,512,12,2.692449602,0.005258691,0.003927054,0.006521912,1
warmup,14,14,scatter_ring_allgather,0,512,12,2.673721666,0.005222113,0.003916315,0.006483891,1
warmup,15,15,scatter_ring_allgather,0,512,12,2.708045787,0.005289152,0.003962732,0.006519833,1
warmup,16,16,scatter_ring_allgather,0,512,12,2.676698961,0.005227928,0.003950017,0.006475456,1
warmup,17,17,scatter_ring_allgather,0,512,12,2.662257070,0.005199721,0.003974113,0.006489142,1
warmup,18,18,scatter_ring_allgather,0,512,12,2.692702956,0.005259185,0.003903411,0.006593967,1
warmup,19,19,scatter_ring_allgather,0,512,12,2.712632883,0.005298111,0.003898332,0.006696830,1
warmup,20,20,scatter_ring_allgather,0,512,12,2.697729089,0.005269002,0.003937172,0.006528500,1
warmup,21,21,scatter_ring_allgather,0,512,12,2.726570713,0.005325333,0.004024717,0.006633722,1
warmup,22,22,scatter_ring_allgather,0,512,12,2.698778127,0.005271051,0.003928516,0.006538448,1
warmup,23,23,scatter_ring_allgather,0,512,12,2.714681608,0.005302113,0.003954275,0.006612512,1
warmup,24,24,scatter_ring_allgather,0,512,12,2.656044312,0.005187587,0.003935892,0.006482248,1
warmup,25,25,scatter_ring_allgather,0,512,12,2.734932316,0.005341665,0.003962101,0.006648369,1
warmup,26,26,scatter_ring_allgather,0,512,12,2.695093328,0.005263854,0.003932985,0.006548797,1
warmup,27,27,scatter_ring_allgather,0,512,12,2.660320158,0.005195938,0.004008236,0.006428498,1
warmup,28,28,scatter_ring_allgather,0,512,12,2.666038743,0.005207107,0.003944406,0.006500503,1
warmup,29,29,scatter_ring_allgather,0,512,12,2.707065806,0.005287238,0.003885947,0.006586213,1
warmup,30,30,scatter_ring_allgather,0,512,12,2.696801734,0.005267191,0.003971347,0.006579785,1
warmup,31,31,scatter_ring_allgather,0,512,12,2.700335342,0.005274092,0.003867153,0.006578203,1
warmup,32,32,scatter_ring_allgather,0,512,12,2.672881314,0.005220471,0.003931341,0.006675690,1
warmup,33,33,scatter_ring_allgather,0,512,12,2.669047884,0.005212984,0.003958295,0.006533033,1
warmup,34,34,scatter_ring_allgather,0,512,12,2.700386488,0.005274192,0.004010562,0.006682954,1
warmup,35,35,scatter_ring_allgather,0,512,12,2.702847210,0.005278998,0.003936784,0.006544308,1
warmup,36,36,scatter_ring_allgather,0,512,12,2.692174975,0.005258154,0.003935941,0.006559749,1
warmup,37,37,scatter_ring_allgather,0,512,12,2.719322923,0.005311178,0.003982569,0.006573182,1
warmup,38,38,scatter_ring_allgather,0,512,12,2.701734729,0.005276826,0.003962811,0.006571270,1
warmup,39,39,scatter_ring_allgather,0,512,12,2.692107966,0.005258023,0.003914480,0.006506058,1
warmup,40,40,scatter_ring_allgather,0,512,12,2.699905720,0.005273253,0.003948186,0.006510807,1
warmup,41,41,scatter_ring_allgather,0,512,12,2.724186463,0.005320677,0.003942204,0.006573904,1
warmup,42,42,scatter_ring_allgather,0,512,12,2.709483997,0.005291961,0.003919361,0.006559448,1
warmup,43,43,scatter_ring_allgather,0,512,12,2.704739247,0.005282694,0.003906665,0.006539590,1
warmup,44,44,scatter_ring_allgather,0,512,12,2.704639324,0.005282499,0.003950919,0.006577852,1
warmup,45,45,scatter_ring_allgather,0,512,12,2.686444700,0.005246962,0.004020238,0.006451214,1
warmup,46,46,scatter_ring_allgather,0,512,12,2.697743634,0.005269031,0.003929999,0.006549544,1
warmup,47,47,scatter_ring_allgather,0,512,12,2.730914551,0.005333817,0.004005453,0.006623703,1
warmup,48,48,scatter_ring_allgather,0,512,12,2.691343551,0.005256530,0.003940188,0.006490588,1
warmup,49,49,scatter_ring_allgather,0,512,12,2.691251121,0.005256350,0.003911324,0.006484638,1
actual,0,50,scatter_ring_allgather,0,512,12,2.687351642,0.005248734,0.003953152,0.006496640,1
actual,1,51,scatter_ring_allgather,0,512,12,2.697325862,0.005268215,0.003909500,0.006519984,1
actual,2,52,scatter_ring_allgather,0,512,12,2.689053805,0.005252058,0.003918397,0.006515576,1
actual,3,53,scatter_ring_allgather,0,512,12,2.700393760,0.005274207,0.003948024,0.006607032,1
actual,4,54,scatter_ring_allgather,0,512,12,2.696941439,0.005267464,0.004006081,0.006509404,1
actual,5,55,scatter_ring_allgather,0,512,12,2.691727051,0.005257279,0.003937133,0.006476842,1
actual,6,56,scatter_ring_allgather,0,512,12,2.689393307,0.005252721,0.003991284,0.006471272,1
actual,7,57,scatter_ring_allgather,0,512,12,2.691169775,0.005256191,0.003932014,0.006505155,1
actual,8,58,scatter_ring_allgather,0,512,12,2.682789844,0.005239824,0.003946480,0.006539396,1
actual,9,59,scatter_ring_allgather,0,512,12,2.704600908,0.005282424,0.003905503,0.006562629,1
actual,10,60,scatter_ring_allgather,0,512,12,2.696718418,0.005267028,0.003897588,0.006520715,1
actual,11,61,scatter_ring_allgather,0,512,12,2.706758615,0.005286638,0.003891096,0.006595310,1
actual,12,62,scatter_ring_allgather,0,512,12,2.698545261,0.005270596,0.003954084,0.006538844,1
actual,13,63,scatter_ring_allgather,0,512,12,2.670716747,0.005216244,0.003942465,0.006456319,1
actual,14,64,scatter_ring_allgather,0,512,12,2.699678510,0.005272810,0.003959764,0.006538328,1
actual,15,65,scatter_ring_allgather,0,512,12,2.698998576,0.005271482,0.003930563,0.006706658,1
actual,16,66,scatter_ring_allgather,0,512,12,2.693551915,0.005260844,0.003933926,0.006522628,1
actual,17,67,scatter_ring_allgather,0,512,12,2.719434538,0.005311396,0.003918608,0.006593251,1
actual,18,68,scatter_ring_allgather,0,512,12,2.690614442,0.005255106,0.003928456,0.006491897,1
actual,19,69,scatter_ring_allgather,0,512,12,2.708205116,0.005289463,0.003967632,0.006526051,1
actual,20,70,scatter_ring_allgather,0,512,12,2.712444219,0.005297743,0.003959485,0.006649170,1
actual,21,71,scatter_ring_allgather,0,512,12,2.683001906,0.005240238,0.003986867,0.006389125,1
actual,22,72,scatter_ring_allgather,0,512,12,2.668092610,0.005211118,0.003992276,0.006482359,1
actual,23,73,scatter_ring_allgather,0,512,12,2.711055005,0.005295029,0.003903930,0.006584144,1
actual,24,74,scatter_ring_allgather,0,512,12,2.664406794,0.005203920,0.003925593,0.006511383,1
actual,25,75,scatter_ring_allgather,0,512,12,2.687941097,0.005249885,0.003917617,0.006492732,1
actual,26,76,scatter_ring_allgather,0,512,12,2.677394308,0.005229286,0.003945920,0.006469545,1
actual,27,77,scatter_ring_allgather,0,512,12,2.695657174,0.005264955,0.003943216,0.006509149,1
actual,28,78,scatter_ring_allgather,0,512,12,2.705950742,0.005285060,0.003895765,0.006582747,1
actual,29,79,scatter_ring_allgather,0,512,12,2.671771325,0.005218303,0.003927266,0.006443957,1
actual,30,80,scatter_ring_allgather,0,512,12,2.721135241,0.005314717,0.003974093,0.006716676,1
actual,31,81,scatter_ring_allgather,0,512,12,2.705680874,0.005284533,0.003965556,0.006627510,1
actual,32,82,scatter_ring_allgather,0,512,12,2.661318010,0.005197887,0.003930141,0.006439869,1
actual,33,83,scatter_ring_allgather,0,512,12,2.689244567,0.005252431,0.003925973,0.006505797,1
actual,34,84,scatter_ring_allgather,0,512,12,2.667400440,0.005209766,0.003903451,0.006468884,1
actual,35,85,scatter_ring_allgather,0,512,12,2.710914692,0.005294755,0.003880527,0.006585417,1
actual,36,86,scatter_ring_allgather,0,512,12,2.685192035,0.005244516,0.003931262,0.006526571,1
actual,37,87,scatter_ring_allgather,0,512,12,2.683088527,0.005240407,0.003961478,0.006611961,1
actual,38,88,scatter_ring_allgather,0,512,12,2.690978383,0.005255817,0.003930382,0.006529346,1
actual,39,89,scatter_ring_allgather,0,512,12,2.707594448,0.005288270,0.003894014,0.006639142,1
actual,40,90,scatter_ring_allgather,0,512,12,2.702820362,0.005278946,0.003915312,0.006545312,1
actual,41,91,scatter_ring_allgather,0,512,12,2.697964740,0.005269462,0.003971677,0.006543142,1
actual,42,92,scatter_ring_allgather,0,512,12,2.694637245,0.005262963,0.003973721,0.006485495,1
actual,43,93,scatter_ring_allgather,0,512,12,2.696458745,0.005266521,0.003916956,0.006517615,1
actual,44,94,scatter_ring_allgather,0,512,12,2.720352346,0.005313188,0.003964286,0.006607403,1
actual,45,95,scatter_ring_allgather,0,512,12,2.722779195,0.005317928,0.003951599,0.006592470,1
actual,46,96,scatter_ring_allgather,0,512,12,2.669735565,0.005214327,0.003959334,0.006537892,1
actual,47,97,scatter_ring_allgather,0,512,12,2.704076585,0.005281400,0.003891377,0.006560800,1
actual,48,98,scatter_ring_allgather,0,512,12,2.701189280,0.005275760,0.003996181,0.006550200,1
actual,49,99,scatter_ring_allgather,0,512,12,2.697500469,0.005268556,0.003921225,0.006548036,1
warmup,0,0,scatter_ring_allgather,0,512,16,2.669198341,0.005213278,0.003964744,0.006452684,1
warmup,1,1,scatter_ring_allgather,0,512,16,2.654565673,0.005184699,0.003903251,0.006478231,1
warmup,2,2,scatter_ring_allgather,0,512,16,2.686460802,0.005246994,0.003955617,0.006480675,1
warmup,3,3,scatter_ring_allgather,0,512,16,2.674502000,0.005223637,0.003934590,0.006438988,1
warmup,4,4,scatter_ring_allgather,0,512,16,2.672837139,0.005220385,0.003918770,0.006452633,1
warmup,5,5,scatter_ring_allgather,0,512,16,2.685887523,0.005245874,0.003974743,0.006709232,1
warmup,6,6,scatter_ring_allgather,0,512,16,2.675811617,0.005226195,0.003948133,0.006462992,1
warmup,7,7,scatter_ring_allgather,0,512,16,2.691386693,0.005256615,0.003917969,0.006556862,1
warmup,8,8,scatter_ring_allgather,0,512,16,2.654214848,0.005184013,0.003923157,0.006453214,1
warmup,9,9,scatter_ring_allgather,0,512,16,2.691915969,0.005257648,0.003965188,0.006488795,1
warmup,10,10,scatter_ring_allgather,0,512,16,2.707718964,0.005288514,0.003940969,0.006566160,1
warmup,11,11,scatter_ring_allgather,0,512,16,2.699872215,0.005273188,0.003905633,0.006594282,1
warmup,12,12,scatter_ring_allgather,0,512,16,2.661259566,0.005197773,0.003932095,0.006507044,1
warmup,13,13,scatter_ring_allgather,0,512,16,2.679306773,0.005233021,0.003945912,0.006388524,1
warmup,14,14,scatter_ring_allgather,0,512,16,2.665625052,0.005206299,0.003893170,0.006399273,1
warmup,15,15,scatter_ring_allgather,0,512,16,2.698888930,0.005271267,0.003944506,0.006597805,1
warmup,16,16,scatter_ring_allgather,0,512,16,2.710101170,0.005293166,0.003945409,0.006586654,1
warmup,17,17,scatter_ring_allgather,0,512,16,2.680299776,0.005234961,0.003922706,0.006552149,1
warmup,18,18,scatter_ring_allgather,0,512,16,2.682132960,0.005238541,0.004018428,0.006518686,1
warmup,19,19,scatter_ring_allgather,0,512,16,2.669101704,0.005213089,0.003905003,0.006540868,1
warmup,20,20,scatter_ring_allgather,0,512,16,2.654018225,0.005183629,0.003959585,0.006476197,1
warmup,21,21,scatter_ring_allgather,0,512,16,2.669540498,0.005213946,0.003915023,0.006438777,1
warmup,22,22,scatter_ring_allgather,0,512,16,2.675047043,0.005224701,0.003929120,0.006528906,1
warmup,23,23,scatter_ring_allgather,0,512,16,2.677541551,0.005229573,0.003975006,0.006477460,1
warmup,24,24,scatter_ring_allgather,0,512,16,2.656927523,0.005189312,0.003909602,0.006506173,1
warmup,25,25,scatter_ring_allgather,0,512,16,2.680716241,0.005235774,0.003993751,0.006496274,1
warmup,26,26,scatter_ring_allgather,0,512,16,2.676562544,0.005227661,0.003971096,0.006625025,1
warmup,27,27,scatter_ring_allgather,0,512,16,2.670205014,0.005215244,0.003971557,0.006457963,1
warmup,28,28,scatter_ring_allgather,0,512,16,2.656887056,0.005189233,0.003948296,0.006415725,1
warmup,29,29,scatter_ring_allgather,0,512,16,2.707067122,0.005287240,0.003924731,0.006607973,1
warmup,30,30,scatter_ring_allgather,0,512,16,2.666579890,0.005208164,0.003962049,0.006508588,1
warmup,31,31,scatter_ring_allgather,0,512,16,2.708829513,0.005290683,0.003943286,0.006507560,1
warmup,32,32,scatter_ring_allgather,0,512,16,2.681520526,0.005237345,0.003931925,0.006516402,1
warmup,33,33,scatter_ring_allgather,0,512,16,2.687105482,0.005248253,0.003961430,0.006614846,1
warmup,34,34,scatter_ring_allgather,0,512,16,2.675397262,0.005225385,0.003920131,0.006468382,1
warmup,35,35,scatter_ring_allgather,0,512,16,2.678951837,0.005232328,0.003916075,0.006496685,1
warmup,36,36,scatter_ring_allgather,0,512,16,2.672831191,0.005220373,0.004066357,0.006527222,1
warmup,37,37,scatter_ring_allgather,0,512,16,2.659920812,0.005195158,0.003934638,0.006463453,1
warmup,38,38,scatter_ring_allgather,0,512,16,2.659615881,0.005194562,0.003953265,0.006486807,1
warmup,39,39,scatter_ring_allgather,0,512,16,2.699131830,0.005271742,0.003984301,0.006596582,1
warmup,40,40,scatter_ring_allgather,0,512,16,2.665618583,0.005206286,0.003928769,0.006425251,1
warmup,41,41,scatter_ring_allgather,0,512,16,2.682477965,0.005239215,0.003913229,0.006503288,1
warmup,42,42,scatter_ring_allgather,0,512,16,2.669894237,0.005214637,0.003936902,0.006435311,1
warmup,43,43,scatter_ring_allgather,0,512,16,2.657135659,0.005189718,0.003968624,0.006450860,1
warmup,44,44,scatter_ring_allgather,0,512,16,2.682192405,0.005238657,0.003924308,0.006511483,1
warmup,45,45,scatter_ring_allgather,0,512,16,2.703847467,0.005280952,0.003916416,0.006653068,1
warmup,46,46,scatter_ring_allgather,0,512,16,2.666979005,0.005208943,0.003935211,0.006441842,1
warmup,47,47,scatter_ring_allgather,0,512,16,2.687832795,0.005249673,0.003936982,0.006501364,1
warmup,48,48,scatter_ring_allgather,0,512,16,2.669906383,0.005214661,0.003930492,0.006486507,1
warmup,49,49,scatter_ring_allgather,0,512,16,2.674307286,0.005223256,0.003966760,0.006486296,1
actual,0,50,scatter_ring_allgather,0,512,16,2.685153915,0.005244441,0.003952972,0.006524948,1
actual,1,51,scatter_ring_allgather,0,512,16,2.714107367,0.005300991,0.003975767,0.006678976,1
actual,2,52,scatter_ring_allgather,0,512,16,2.675160583,0.005224923,0.003913679,0.006545346,1
actual,3,53,scatter_ring_allgather,0,512,16,2.654023040,0.005183639,0.003931574,0.006451360,1
actual,4,54,scatter_ring_allgather,0,512,16,2.713372708,0.005299556,0.003883131,0.006649726,1
actual,5,55,scatter_ring_allgather,0,512,16,2.718226696,0.005309037,0.003935201,0.006753185,1
actual,6,56,scatter_ring_allgather,0,512,16,2.674837366,0.005224292,0.003971629,0.006467260,1
actual,7,57,scatter_ring_allgather,0,512,16,2.676432289,0.005227407,0.003892060,0.006634804,1
actual,8,58,scatter_ring_allgather,0,512,16,2.675161214,0.005224924,0.003955479,0.006528034,1
actual,9,59,scatter_ring_allgather,0,512,16,2.715680873,0.005304064,0.003944666,0.006653309,1
actual,10,60,scatter_ring_allgather,0,512,16,2.705958952,0.005285076,0.003922846,0.006697832,1
actual,11,61,scatter_ring_allgather,0,512,16,2.665240982,0.005205549,0.003940749,0.006426815,1
actual,12,62,scatter_ring_allgather,0,512,16,2.657726651,0.005190872,0.003954826,0.006450118,1
actual,13,63,scatter_ring_allgather,0,512,16,2.694570835,0.005262834,0.003907108,0.006591373,1
actual,14,64,scatter_ring_allgather,0,512,16,2.671754166,0.005218270,0.003926875,0.006499942,1
actual,15,65,scatter_ring_allgather,0,512,16,2.692633020,0.005259049,0.003921054,0.006501759,1
actual,16,66,scatter_ring_allgather,0,512,16,2.680457255,0.005235268,0.003975033,0.006471238,1
actual,17,67,scatter_ring_allgather,0,512,16,2.711516436,0.005295931,0.003936792,0.006713801,1
actual,18,68,scatter_ring_allgather,0,512,16,2.665662924,0.005206373,0.003938637,0.006464366,1
actual,19,69,scatter_ring_allgather,0,512,16,2.690664277,0.005255204,0.003935492,0.006519809,1
actual,20,70,scatter_ring_allgather,0,512,16,2.669644597,0.005214150,0.003933696,0.006544775,1
actual,21,71,scatter_ring_allgather,0,512,16,2.665853898,0.005206746,0.003903471,0.006465797,1
actual,22,72,scatter_ring_allgather,0,512,16,2.686199831,0.005246484,0.003940378,0.006532963,1
actual,23,73,scatter_ring_allgather,0,512,16,2.710869443,0.005294667,0.004035249,0.006559142,1
actual,24,74,scatter_ring_allgather,0,512,16,2.666713308,0.005208424,0.003956689,0.006493960,1
actual,25,75,scatter_ring_allgather,0,512,16,2.668856305,0.005212610,0.003942875,0.006414231,1
actual,26,76,scatter_ring_allgather,0,512,16,2.691121495,0.005256097,0.003957794,0.006504590,1
actual,27,77,scatter_ring_allgather,0,512,16,2.695327613,0.005264312,0.003982227,0.006566445,1
actual,28,78,scatter_ring_allgather,0,512,16,2.701465123,0.005276299,0.003991246,0.006557870,1
actual,29,79,scatter_ring_allgather,0,512,16,2.672247809,0.005219234,0.003941242,0.006467612,1
actual,30,80,scatter_ring_allgather,0,512,16,2.665329348,0.005205721,0.003934549,0.006505512,1
actual,31,81,scatter_ring_allgather,0,512,16,2.689916405,0.005253743,0.003921444,0.006494906,1
actual,32,82,scatter_ring_allgather,0,512,16,2.663286991,0.005201732,0.003926924,0.006532983,1
actual,33,83,scatter_ring_allgather,0,512,16,2.704694120,0.005282606,0.003986436,0.006769906,1
actual,34,84,scatter_ring_allgather,0,512,16,2.695316973,0.005264291,0.004015151,0.006627520,1
actual,35,85,scatter_ring_allgather,0,512,16,2.685101970,0.005244340,0.003911587,0.006497351,1
actual,36,86,scatter_ring_allgather,0,512,16,2.667347912,0.005209664,0.003913230,0.006520670,1
actual,37,87,scatter_ring_allgather,0,512,16,2.684475814,0.005243117,0.003921123,0.006513091,1
actual,38,88,scatter_ring_allgather,0,512,16,2.708633380,0.005290300,0.003974362,0.006540498,1
actual,39,89,scatter_ring_allgather,0,512,16,2.703367723,0.005280015,0.003953493,0.006592259,1
actual,40,90,scatter_ring_allgather,0,512,16,2.679290263,0.005232989,0.003931884,0.006507396,1
actual,41,91,scatter_ring_allgather,0,512,16,2.694711276,0.005263108,0.003955129,0.006632870,1
actual,42,92,scatter_ring_allgather,0,512,16,2.691523663,0.005256882,0.003892880,0.006546212,1
actual,43,93,scatter_ring_allgather,0,512,16,2.681001633,0.005236331,0.003938905,0.006474074,1
actual,44,94,scatter_ring_allgather,0,512,16,2.707006325,0.005287122,0.003955659,0.006709393,1
actual,45,95,scatter_ring_allgather,0,512,16,2.715803265,0.005304303,0.003988571,0.006660823,1
actual,46,96,scatter_ring_allgather,0,512,16,2.698178743,0.005269880,0.003915073,0.006627841,1
actual,47,97,scatter_ring_allgather,0,512,16,2.668091196,0.005211116,0.003914421,0.006461700,1
actual,48,98,scatter_ring_allgather,0,512,16,2.685181877,0.005244496,0.003999490,0.006493279,1
actual,49,99,scatter_ring_allgather,0,512,16,2.687680729,0.005249376,0.003949365,0.006513668,1
warmup,0,0,scatter_ring_allgather,0,512,24,2.697019100,0.005267615,0.003965325,0.006627841,1
warmup,1,1,scatter_ring_allgather,0,512,24,2.694362078,0.005262426,0.003952704,0.006584840,1
warmup,2,2,scatter_ring_allgather,0,512,24,2.662327275,0.005199858,0.003941642,0.006522303,1
warmup,3,3,scatter_ring_allgather,0,512,24,2.709815658,0.005292609,0.003892509,0.006661774,1
warmup,4,4,scatter_ring_allgather,0,512,24,2.657160393,0.005189766,0.003917608,0.006467902,1
warmup,5,5,scatter_ring_allgather,0,512,24,2.708680796,0.005290392,0.003880638,0.006589378,1
warmup,6,6,scatter_ring_allgather,0,512,24,2.662428101,0.005200055,0.003983029,0.006518397,1
warmup,7,7,scatter_ring_allgather,0,512,24,2.716197088,0.005305072,0.003905956,0.006562608,1
warmup,8,8,scatter_ring_allgather,0,512,24,2.680076069,0.005234524,0.003953005,0.006459205,1
warmup,9,9,scatter_ring_allgather,0,512,24,2.698741728,0.005270980,0.003948774,0.006544981,1
warmup,10,10,scatter_ring_allgather,0,512,24,2.666129579,0.005207284,0.004005691,0.006493490,1
warmup,11,11,scatter_ring_allgather,0,512,24,2.701887486,0.005277124,0.003879776,0.006524362,1
warmup,12,12,scatter_ring_allgather,0,512,24,2.670432174,0.005215688,0.003958675,0.006512445,1
warmup,13,13,scatter_ring_allgather,0,512,24,2.681515316,0.005237335,0.003922988,0.006511313,1
warmup,14,14,scatter_ring_allgather,0,512,24,2.654744988,0.005185049,0.003948234,0.006423408,1
warmup,15,15,scatter_ring_allgather,0,512,24,2.678148766,0.005230759,0.003934139,0.006433026,1
warmup,16,16,scatter_ring_allgather,0,512,24,2.664622132,0.005204340,0.003934969,0.006530108,1
warmup,17,17,scatter_ring_allgather,0,512,24,2.670754173,0.005216317,0.003880758,0.006441887,1
warmup,18,18,scatter_ring_allgather,0,512,24,2.691624510,0.005257079,0.003903810,0.006527223,1
warmup,19,19,scatter_ring_allgather,0,512,24,2.673931310,0.005222522,0.003977809,0.006500472,1
warmup,20,20,scatter_ring_allgather,0,512,24,2.669567602,0.005213999,0.003937984,0.006546107,1
warmup,21,21,scatter_ring_allgather,0,512,24,2.693177522,0.005260112,0.003915474,0.006501815,1
warmup,22,22,scatter_ring_allgather,0,512,24,2.686572895,0.005247213,0.003992416,0.006550415,1
warmup,23,23,scatter_ring_allgather,0,512,24,2.685707333,0.005245522,0.003934770,0.006481176,1
warmup,24,24,scatter_ring_allgather,0,512,24,2.690344239,0.005254579,0.003920672,0.006666594,1
warmup,25,25,scatter_ring_allgather,0,512,24,2.709652237,0.005292290,0.003954307,0.006585120,1
warmup,26,26,scatter_ring_allgather,0,512,24,2.668197491,0.005211323,0.003959645,0.006530950,1
warmup,27,27,scatter_ring_allgather,0,512,24,2.706031376,0.005285218,0.003933065,0.006593957,1
warmup,28,28,scatter_ring_allgather,0,512,24,2.687055279,0.005248155,0.003901017,0.006502601,1
warmup,29,29,scatter_ring_allgather,0,512,24,2.693839513,0.005261405,0.003909653,0.006589634,1
warmup,30,30,scatter_ring_allgather,0,512,24,2.666682639,0.005208365,0.003915622,0.006504911,1
warmup,31,31,scatter_ring_allgather,0,512,24,2.672040240,0.005218829,0.003932485,0.006513116,1
warmup,32,32,scatter_ring_allgather,0,512,24,2.664654697,0.005204404,0.003918219,0.006494592,1
warmup,33,33,scatter_ring_allgather,0,512,24,2.671010794,0.005216818,0.003917357,0.006575192,1
warmup,34,34,scatter_ring_allgather,0,512,24,2.682821794,0.005239886,0.003937866,0.006525690,1
warmup,35,35,scatter_ring_allgather,0,512,24,2.699326303,0.005272122,0.003909813,0.006512900,1
warmup,36,36,scatter_ring_allgather,0,512,24,2.681377846,0.005237066,0.003995182,0.006459726,1
warmup,37,37,scatter_ring_allgather,0,512,24,2.693466710,0.005260677,0.003925881,0.006589119,1
warmup,38,38,scatter_ring_allgather,0,512,24,2.663562721,0.005202271,0.003973483,0.006465628,1
warmup,39,39,scatter_ring_allgather,0,512,24,2.682570828,0.005239396,0.003965137,0.006480806,1
warmup,40,40,scatter_ring_allgather,0,512,24,2.657252230,0.005189946,0.003938185,0.006514809,1
warmup,41,41,scatter_ring_allgather,0,512,24,2.679943079,0.005234264,0.003927215,0.006513296,1
warmup,42,42,scatter_ring_allgather,0,512,24,2.669261101,0.005213401,0.003962290,0.006527293,1
warmup,43,43,scatter_ring_allgather,0,512,24,2.722404347,0.005317196,0.003962192,0.006622962,1
warmup,44,44,scatter_ring_allgather,0,512,24,2.689936650,0.005253783,0.003953454,0.006507986,1
warmup,45,45,scatter_ring_allgather,0,512,24,2.732945722,0.005337785,0.003993060,0.006572382,1
warmup,46,46,scatter_ring_allgather,0,512,24,2.691084604,0.005256025,0.003996335,0.006524718,1
warmup,47,47,scatter_ring_allgather,0,512,24,2.672206494,0.005219153,0.003903741,0.006492127,1
warmup,48,48,scatter_ring_allgather,0,512,24,2.689636375,0.005253196,0.003959937,0.006494271,1
warmup,49,49,scatter_ring_allgather,0,512,24,2.705677265,0.005284526,0.003923456,0.006557950,1
actual,0,50,scatter_ring_allgather,0,512,24,2.689343515,0.005252624,0.003957140,0.006502467,1
actual,1,51,scatter_ring_allgather,0,512,24,2.713039210,0.005298905,0.003882031,0.006640434,1
actual,2,52,scatter_ring_allgather,0,512,24,2.678355712,0.005231163,0.003951081,0.006520069,1
actual,3,53,scatter_ring_allgather,0,512,24,2.691685817,0.005257199,0.003968182,0.006479113,1
actual,4,54,scatter_ring_allgather,0,512,24,2.668229795,0.005211386,0.003987887,0.006515501,1
actual,5,55,scatter_ring_allgather,0,512,24,2.695417047,0.005264486,0.003949588,0.006528128,1
actual,6,56,scatter_ring_allgather,0,512,24,2.692565159,0.005258916,0.003982909,0.006508177,1
actual,7,57,scatter_ring_allgather,0,512,24,2.687071869,0.005248187,0.003912076,0.006501639,1
actual,8,58,scatter_ring_allgather,0,512,24,2.670942370,0.005216684,0.003977650,0.006532453,1
actual,9,59,scatter_ring_allgather,0,512,24,2.709200259,0.005291407,0.003955509,0.006509624,1
actual,10,60,scatter_ring_allgather,0,512,24,2.688984809,0.005251923,0.003932435,0.006540908,1
actual,11,61,scatter_ring_allgather,0,512,24,2.708026818,0.005289115,0.003920071,0.006609607,1
actual,12,62,scatter_ring_allgather,0,512,24,2.700299484,0.005274022,0.003941390,0.006527367,1
actual,13,63,scatter_ring_allgather,0,512,24,2.663054633,0.005201279,0.003932435,0.006536620,1
actual,14,64,scatter_ring_allgather,0,512,24,2.681511117,0.005237326,0.003931104,0.006527363,1
actual,15,65,scatter_ring_allgather,0,512,24,2.707829628,0.005288730,0.003947793,0.006569952,1
actual,16,66,scatter_ring_allgather,0,512,24,2.690751342,0.005255374,0.003955778,0.006482239,1
actual,17,67,scatter_ring_allgather,0,512,24,2.715949015,0.005304588,0.003964657,0.006620978,1
actual,18,68,scatter_ring_allgather,0,512,24,2.688365378,0.005250714,0.003907519,0.006531345,1
actual,19,69,scatter_ring_allgather,0,512,24,2.692263773,0.005258328,0.003944727,0.006500121,1
actual,20,70,scatter_ring_allgather,0,512,24,2.686166113,0.005246418,0.003904702,0.006525134,1
actual,21,71,scatter_ring_allgather,0,512,24,2.685485402,0.005245089,0.003935760,0.006527372,1
actual,22,72,scatter_ring_allgather,0,512,24,2.681434360,0.005237176,0.004003840,0.006445009,1
actual,23,73,scatter_ring_allgather,0,512,24,2.696591040,0.005266779,0.003897941,0.006579991,1
actual,24,74,scatter_ring_allgather,0,512,24,2.670788833,0.005216384,0.003962320,0.006562088,1
actual,25,75,scatter_ring_allgather,0,512,24,2.704692538,0.005282603,0.003945869,0.006705285,1
actual,26,76,scatter_ring_allgather,0,512,24,2.667680115,0.005210313,0.003972439,0.006416159,1
actual,27,77,scatter_ring_allgather,0,512,24,2.681325005,0.005236963,0.003872283,0.006514599,1
actual,28,78,scatter_ring_allgather,0,512,24,2.670248566,0.005215329,0.003965947,0.006524778,1
actual,29,79,scatter_ring_allgather,0,512,24,2.664385197,0.005203877,0.003925583,0.006431203,1
actual,30,80,scatter_ring_allgather,0,512,24,2.664544076,0.005204188,0.003960787,0.006508898,1
actual,31,81,scatter_ring_allgather,0,512,24,2.669549357,0.005213964,0.003892471,0.006457242,1
actual,32,82,scatter_ring_allgather,0,512,24,2.662913817,0.005201004,0.003949787,0.006480656,1
actual,33,83,scatter_ring_allgather,0,512,24,2.697638039,0.005268824,0.003930069,0.006512259,1
actual,34,84,scatter_ring_allgather,0,512,24,2.687086713,0.005248216,0.003920572,0.006507757,1
actual,35,85,scatter_ring_allgather,0,512,24,2.695217169,0.005264096,0.003973932,0.006678936,1
actual,36,86,scatter_ring_allgather,0,512,24,2.687355848,0.005248742,0.004000642,0.006501304,1
actual,37,87,scatter_ring_allgather,0,512,24,2.693539191,0.005260819,0.003886108,0.006557128,1
actual,38,88,scatter_ring_allgather,0,512,24,2.675561955,0.005225707,0.003962482,0.006488801,1
actual,39,89,scatter_ring_allgather,0,512,24,2.669666606,0.005214193,0.003962981,0.006459055,1
actual,40,90,scatter_ring_allgather,0,512,24,2.667962790,0.005210865,0.003994911,0.006512956,1
actual,41,91,scatter_ring_allgather,0,512,24,2.694453597,0.005262605,0.003895085,0.006502911,1
actual,42,92,scatter_ring_allgather,0,512,24,2.695640622,0.005264923,0.003926873,0.006533274,1
actual,43,93,scatter_ring_allgather,0,512,24,2.664764996,0.005204619,0.003938284,0.006463944,1
actual,44,94,scatter_ring_allgather,0,512,24,2.654332539,0.005184243,0.003982680,0.006431674,1
actual,45,95,scatter_ring_allgather,0,512,24,2.704122848,0.005281490,0.003892169,0.006620503,1
actual,46,96,scatter_ring_allgather,0,512,24,2.683885329,0.005241964,0.003937053,0.006495834,1
actual,47,97,scatter_ring_allgather,0,512,24,2.700196694,0.005273822,0.003947121,0.006564131,1
actual,48,98,scatter_ring_allgather,0,512,24,2.659873393,0.005195065,0.003954485,0.006484733,1
actual,49,99,scatter_ring_allgather,0,512,24,2.670276810,0.005215384,0.003941160,0.006550095,1
warmup,0,0,scatter_ring_allgather,0,512,32,2.691712991,0.005257252,0.003901667,0.006591733,1
warmup,1,1,scatter_ring_allgather,0,512,32,2.658458306,0.005192301,0.003909853,0.006462782,1
warmup,2,2,scatter_ring_allgather,0,512,32,2.688339438,0.005250663,0.003941901,0.006556477,1
warmup,3,3,scatter_ring_allgather,0,512,32,2.695138337,0.005263942,0.003911034,0.006618723,1
warmup,4,4,scatter_ring_allgather,0,512,32,2.694225862,0.005262160,0.003943434,0.006477895,1
warmup,5,5,scatter_ring_allgather,0,512,32,2.695895717,0.005265421,0.003926412,0.006533008,1
warmup,6,6,scatter_ring_allgather,0,512,32,2.697872014,0.005269281,0.003925110,0.006547335,1
warmup,7,7,scatter_ring_allgather,0,512,32,2.695149307,0.005263963,0.003936361,0.006560214,1
warmup,8,8,scatter_ring_allgather,0,512,32,2.687033549,0.005248112,0.003927675,0.006492763,1
warmup,9,9,scatter_ring_allgather,0,512,32,2.698484248,0.005270477,0.003913650,0.006524252,1
warmup,10,10,scatter_ring_allgather,0,512,32,2.696572079,0.005266742,0.003950388,0.006637298,1
warmup,11,11,scatter_ring_allgather,0,512,32,2.659455618,0.005194249,0.003934600,0.006445119,1
warmup,12,12,scatter_ring_allgather,0,512,32,2.695046620,0.005263763,0.003921333,0.006659901,1
warmup,13,13,scatter_ring_allgather,0,512,32,2.663827909,0.005202789,0.003909993,0.006484353,1
warmup,14,14,scatter_ring_allgather,0,512,32,2.677119947,0.005228750,0.003943447,0.006491566,1
warmup,15,15,scatter_ring_allgather,0,512,32,2.671170203,0.005217129,0.003941230,0.006442995,1
warmup,16,16,scatter_ring_allgather,0,512,32,2.702897224,0.005279096,0.003953985,0.006533389,1
warmup,17,17,scatter_ring_allgather,0,512,32,2.665335002,0.005205732,0.003939749,0.006448366,1
warmup,18,18,scatter_ring_allgather,0,512,32,2.667151462,0.005209280,0.003927374,0.006473412,1
warmup,19,19,scatter_ring_allgather,0,512,32,2.694749413,0.005263182,0.003962019,0.006488604,1
warmup,20,20,scatter_ring_allgather,0,512,32,2.665966828,0.005206966,0.003997747,0.006451120,1
warmup,21,21,scatter_ring_allgather,0,512,32,2.679903933,0.005234187,0.003889553,0.006472975,1
warmup,22,22,scatter_ring_allgather,0,512,32,2.680782526,0.005235903,0.004001213,0.006509830,1
warmup,23,23,scatter_ring_allgather,0,512,32,2.696960922,0.005267502,0.003947322,0.006524813,1
warmup,24,24,scatter_ring_allgather,0,512,32,2.670799653,0.005216406,0.003977861,0.006535849,1
warmup,25,25,scatter_ring_allgather,0,512,32,2.709404820,0.005291806,0.003912067,0.006594438,1
warmup,26,26,scatter_ring_allgather,0,512,32,2.715505947,0.005303723,0.004089848,0.006524362,1
warmup,27,27,scatter_ring_allgather,0,512,32,2.675149986,0.005224902,0.003957551,0.006516573,1
warmup,28,28,scatter_ring_allgather,0,512,32,2.687354989,0.005248740,0.003982958,0.006491926,1
warmup,29,29,scatter_ring_allgather,0,512,32,2.663455817,0.005202062,0.003935008,0.006471190,1
warmup,30,30,scatter_ring_allgather,0,512,32,2.661471652,0.005198187,0.003913861,0.006498229,1
warmup,31,31,scatter_ring_allgather,0,512,32,2.686965406,0.005247979,0.003916023,0.006494807,1
warmup,32,32,scatter_ring_allgather,0,512,32,2.704645946,0.005282512,0.003932814,0.006571297,1
warmup,33,33,scatter_ring_allgather,0,512,32,2.700600013,0.005274609,0.003908840,0.006609669,1
warmup,34,34,scatter_ring_allgather,0,512,32,2.697377844,0.005268316,0.003903751,0.006551209,1
warmup,35,35,scatter_ring_allgather,0,512,32,2.704626588,0.005282474,0.003918499,0.006563415,1
warmup,36,36,scatter_ring_allgather,0,512,32,2.675891495,0.005226351,0.003922234,0.006497199,1
warmup,37,37,scatter_ring_allgather,0,512,32,2.704787342,0.005282788,0.003949598,0.006481642,1
warmup,38,38,scatter_ring_allgather,0,512,32,2.687558390,0.005249137,0.003929208,0.006502782,1
warmup,39,39,scatter_ring_allgather,0,512,32,2.665393843,0.005205847,0.003913308,0.006407781,1
warmup,40,40,scatter_ring_allgather,0,512,32,2.681029746,0.005236386,0.003931752,0.006455580,1
warmup,41,41,scatter_ring_allgather,0,512,32,2.665335893,0.005205734,0.003954324,0.006572659,1
warmup,42,42,scatter_ring_allgather,0,512,32,2.671989732,0.005218730,0.003953533,0.006507156,1
warmup,43,43,scatter_ring_allgather,0,512,32,2.696199947,0.005266016,0.003907748,0.006580735,1
warmup,44,44,scatter_ring_allgather,0,512,32,2.707651037,0.005288381,0.003989270,0.006596263,1
warmup,45,45,scatter_ring_allgather,0,512,32,2.686665365,0.005247393,0.003902036,0.006506218,1
warmup,46,46,scatter_ring_allgather,0,512,32,2.689984829,0.005253877,0.004032832,0.006503833,1
warmup,47,47,scatter_ring_allgather,0,512,32,2.688936715,0.005251830,0.003912887,0.006499465,1
warmup,48,48,scatter_ring_allgather,0,512,32,2.711218261,0.005295348,0.003944957,0.006560379,1
warmup,49,49,scatter_ring_allgather,0,512,32,2.700520428,0.005274454,0.003945838,0.006539259,1
actual,0,50,scatter_ring_allgather,0,512,32,2.700936610,0.005275267,0.003894252,0.006548276,1
actual,1,51,scatter_ring_allgather,0,512,32,2.690323120,0.005254537,0.003929989,0.006535553,1
actual,2,52,scatter_ring_allgather,0,512,32,2.678565921,0.005231574,0.003940108,0.006532714,1
actual,3,53,scatter_ring_allgather,0,512,32,2.668479466,0.005211874,0.003907519,0.006431144,1
actual,4,54,scatter_ring_allgather,0,512,32,2.669934150,0.005214715,0.003927585,0.006609619,1
actual,5,55,scatter_ring_allgather,0,512,32,2.683552020,0.005241313,0.003887379,0.006514420,1
actual,6,56,scatter_ring_allgather,0,512,32,2.677032282,0.005228579,0.003952561,0.006491958,1
actual,7,57,scatter_ring_allgather,0,512,32,2.663359663,0.005201874,0.003938487,0.006502618,1
actual,8,58,scatter_ring_allgather,0,512,32,2.680460799,0.005235275,0.003971317,0.006496457,1
actual,9,59,scatter_ring_allgather,0,512,32,2.714379173,0.005301522,0.003964563,0.006595946,1
actual,10,60,scatter_ring_allgather,0,512,32,2.691873408,0.005257565,0.003937695,0.006462454,1
actual,11,61,scatter_ring_allgather,0,512,32,2.664951255,0.005204983,0.003952483,0.006417860,1
actual,12,62,scatter_ring_allgather,0,512,32,2.687539487,0.005249101,0.003912016,0.006514914,1
actual,13,63,scatter_ring_allgather,0,512,32,2.671831445,0.005218421,0.003951251,0.006425006,1
actual,14,64,scatter_ring_allgather,0,512,32,2.673155067,0.005221006,0.003956772,0.006537143,1
actual,15,65,scatter_ring_allgather,0,512,32,2.688791310,0.005251546,0.003903931,0.006465060,1
actual,16,66,scatter_ring_allgather,0,512,32,2.701253173,0.005275885,0.003966139,0.006516186,1
actual,17,67,scatter_ring_allgather,0,512,32,2.677290309,0.005229083,0.003906686,0.006484975,1
actual,18,68,scatter_ring_allgather,0,512,32,2.786918907,0.005443201,0.004271419,0.006700289,1
actual,19,69,scatter_ring_allgather,0,512,32,2.806919892,0.005482265,0.004221800,0.006572610,1
actual,20,70,scatter_ring_allgather,0,512,32,2.697146238,0.005267864,0.003939498,0.006528079,1
actual,21,71,scatter_ring_allgather,0,512,32,2.712614107,0.005298074,0.003941353,0.006663319,1
actual,22,72,scatter_ring_allgather,0,512,32,2.695180876,0.005264025,0.003938305,0.006520846,1
actual,23,73,scatter_ring_allgather,0,512,32,2.699626651,0.005272708,0.003954095,0.006627552,1
actual,24,74,scatter_ring_allgather,0,512,32,2.813001841,0.005494144,0.004334041,0.006671194,1
actual,25,75,scatter_ring_allgather,0,512,32,2.724032363,0.005320376,0.003958904,0.006652118,1
actual,26,76,scatter_ring_allgather,0,512,32,2.700762447,0.005274927,0.003924000,0.006544507,1
actual,27,77,scatter_ring_allgather,0,512,32,2.683811578,0.005241819,0.003959707,0.006496838,1
actual,28,78,scatter_ring_allgather,0,512,32,2.664357390,0.005203823,0.003961260,0.006501206,1
actual,29,79,scatter_ring_allgather,0,512,32,2.715930901,0.005304553,0.004009919,0.006680251,1
actual,30,80,scatter_ring_allgather,0,512,32,2.749396128,0.005369914,0.004289387,0.006545819,1
actual,31,81,scatter_ring_allgather,0,512,32,2.662714694,0.005200615,0.003883163,0.006437246,1
actual,32,82,scatter_ring_allgather,0,512,32,2.660040516,0.005195392,0.003902698,0.006461571,1
actual,33,83,scatter_ring_allgather,0,512,32,2.702238040,0.005277809,0.003948165,0.006490749,1
actual,34,84,scatter_ring_allgather,0,512,32,2.670264196,0.005215360,0.003906608,0.006476850,1
actual,35,85,scatter_ring_allgather,0,512,32,2.702280193,0.005277891,0.003886058,0.006521534,1
actual,36,86,scatter_ring_allgather,0,512,32,2.688278945,0.005250545,0.003957160,0.006510024,1
actual,37,87,scatter_ring_allgather,0,512,32,2.693386310,0.005260520,0.003920453,0.006477614,1
actual,38,88,scatter_ring_allgather,0,512,32,2.666152827,0.005207330,0.004001503,0.006470929,1
actual,39,89,scatter_ring_allgather,0,512,32,2.695556060,0.005264758,0.003885998,0.006573755,1
actual,40,90,scatter_ring_allgather,0,512,32,2.685783759,0.005245671,0.003939116,0.006464179,1
actual,41,91,scatter_ring_allgather,0,512,32,2.685986758,0.005246068,0.003972358,0.006467625,1
actual,42,92,scatter_ring_allgather,0,512,32,2.667470883,0.005209904,0.003929729,0.006504291,1
actual,43,93,scatter_ring_allgather,0,512,32,2.677868680,0.005230212,0.003954836,0.006464638,1
actual,44,94,scatter_ring_allgather,0,512,32,2.706517902,0.005286168,0.003923317,0.006602659,1
actual,45,95,scatter_ring_allgather,0,512,32,2.691764740,0.005257353,0.003907326,0.006508511,1
actual,46,96,scatter_ring_allgather,0,512,32,2.695984097,0.005265594,0.003984050,0.006653050,1
actual,47,97,scatter_ring_allgather,0,512,32,2.675305922,0.005225207,0.003938126,0.006429161,1
actual,48,98,scatter_ring_allgather,0,512,32,2.662004241,0.005199227,0.003949177,0.006491037,1
actual,49,99,scatter_ring_allgather,0,512,32,2.684797938,0.005243746,0.003923186,0.006482273,1
warmup,0,0,scatter_ring_allgather,0,512,48,2.682964773,0.005240166,0.003919231,0.006476142,1
warmup,1,1,scatter_ring_allgather,0,512,48,2.698029509,0.005269589,0.003904962,0.006540232,1
warmup,2,2,scatter_ring_allgather,0,512,48,2.665674888,0.005206396,0.003920101,0.006487680,1
warmup,3,3,scatter_ring_allgather,0,512,48,2.721929192,0.005316268,0.003968624,0.006595031,1
warmup,4,4,scatter_ring_allgather,0,512,48,2.670681110,0.005216174,0.003979132,0.006501988,1
warmup,5,5,scatter_ring_allgather,0,512,48,2.685258637,0.005244646,0.003928488,0.006489263,1
warmup,6,6,scatter_ring_allgather,0,512,48,2.676033514,0.005226628,0.003984171,0.006570715,1
warmup,7,7,scatter_ring_allgather,0,512,48,2.685187281,0.005244506,0.003894494,0.006503149,1
warmup,8,8,scatter_ring_allgather,0,512,48,2.654349885,0.005184277,0.003943898,0.006497579,1
warmup,9,9,scatter_ring_allgather,0,512,48,2.689264374,0.005252469,0.003959515,0.006512729,1
warmup,10,10,scatter_ring_allgather,0,512,48,2.676090040,0.005226738,0.003985676,0.006563642,1
warmup,11,11,scatter_ring_allgather,0,512,48,2.691052241,0.005255961,0.003973273,0.006571888,1
warmup,12,12,scatter_ring_allgather,0,512,48,2.694051926,0.005261820,0.003907257,0.006555958,1
warmup,13,13,scatter_ring_allgather,0,512,48,2.699284182,0.005272039,0.003944346,0.006542616,1
warmup,14,14,scatter_ring_allgather,0,512,48,2.687919301,0.005249842,0.003925460,0.006491911,1
warmup,15,15,scatter_ring_allgather,0,512,48,2.703612477,0.005280493,0.003882402,0.006612407,1
warmup,16,16,scatter_ring_allgather,0,512,48,2.665661734,0.005206371,0.003944025,0.006446212,1
warmup,17,17,scatter_ring_allgather,0,512,48,2.663188973,0.005201541,0.003903130,0.006463104,1
warmup,18,18,scatter_ring_allgather,0,512,48,2.690311879,0.005254515,0.003960716,0.006526013,1
warmup,19,19,scatter_ring_allgather,0,512,48,2.730191174,0.005332405,0.003958825,0.006639444,1
warmup,20,20,scatter_ring_allgather,0,512,48,2.688876927,0.005251713,0.003963594,0.006631219,1
warmup,21,21,scatter_ring_allgather,0,512,48,2.648072747,0.005172017,0.003913660,0.006416137,1
warmup,22,22,scatter_ring_allgather,0,512,48,2.657356162,0.005190149,0.003922926,0.006512507,1
warmup,23,23,scatter_ring_allgather,0,512,48,2.691647223,0.005257123,0.003926124,0.006496867,1
warmup,24,24,scatter_ring_allgather,0,512,48,2.673398252,0.005221481,0.003942524,0.006555036,1
warmup,25,25,scatter_ring_allgather,0,512,48,2.664650000,0.005204395,0.003923657,0.006480206,1
warmup,26,26,scatter_ring_allgather,0,512,48,2.703912407,0.005281079,0.004016694,0.006610991,1
warmup,27,27,scatter_ring_allgather,0,512,48,2.715011911,0.005302758,0.003965598,0.006538268,1
warmup,28,28,scatter_ring_allgather,0,512,48,2.681672567,0.005237642,0.003940298,0.006491538,1
warmup,29,29,scatter_ring_allgather,0,512,48,2.681537939,0.005237379,0.003888202,0.006461571,1
warmup,30,30,scatter_ring_allgather,0,512,48,2.687163915,0.005248367,0.003977458,0.006500688,1
warmup,31,31,scatter_ring_allgather,0,512,48,2.678470834,0.005231388,0.003867963,0.006548715,1
warmup,32,32,scatter_ring_allgather,0,512,48,2.665818201,0.005206676,0.003989832,0.006526473,1
warmup,33,33,scatter_ring_allgather,0,512,48,2.663547505,0.005202241,0.003937665,0.006522205,1
warmup,34,34,scatter_ring_allgather,0,512,48,2.674990043,0.005224590,0.003939018,0.006476329,1
warmup,35,35,scatter_ring_allgather,0,512,48,2.714280015,0.005301328,0.003936804,0.006557343,1
warmup,36,36,scatter_ring_allgather,0,512,48,2.671946334,0.005218645,0.003951151,0.006515372,1
warmup,37,37,scatter_ring_allgather,0,512,48,2.721129749,0.005314707,0.003989784,0.006584963,1
warmup,38,38,scatter_ring_allgather,0,512,48,2.669200907,0.005213283,0.003924080,0.006536241,1
warmup,39,39,scatter_ring_allgather,0,512,48,2.670320824,0.005215470,0.003937285,0.006514511,1
warmup,40,40,scatter_ring_allgather,0,512,48,2.663951669,0.005203031,0.003966388,0.006517146,1
warmup,41,41,scatter_ring_allgather,0,512,48,2.664080293,0.005203282,0.003897277,0.006492950,1
warmup,42,42,scatter_ring_allgather,0,512,48,2.674854909,0.005224326,0.003942693,0.006505493,1
warmup,43,43,scatter_ring_allgather,0,512,48,2.660582460,0.005196450,0.003924378,0.006434391,1
warmup,44,44,scatter_ring_allgather,0,512,48,2.697628100,0.005268805,0.003897749,0.006570579,1
warmup,45,45,scatter_ring_allgather,0,512,48,2.673524463,0.005221727,0.003899193,0.006493822,1
warmup,46,46,scatter_ring_allgather,0,512,48,2.681253854,0.005236824,0.003925240,0.006565627,1
warmup,47,47,scatter_ring_allgather,0,512,48,2.677142390,0.005228794,0.003912488,0.006520081,1
warmup,48,48,scatter_ring_allgather,0,512,48,2.689567253,0.005253061,0.003992045,0.006529589,1
warmup,49,49,scatter_ring_allgather,0,512,48,2.700734117,0.005274871,0.003934438,0.006561321,1
actual,0,50,scatter_ring_allgather,0,512,48,2.696283480,0.005266179,0.003924831,0.006548296,1
actual,1,51,scatter_ring_allgather,0,512,48,2.667053177,0.005209088,0.003962192,0.006421437,1
actual,2,52,scatter_ring_allgather,0,512,48,2.699757095,0.005272963,0.003921816,0.006560119,1
actual,3,53,scatter_ring_allgather,0,512,48,2.668488237,0.005211891,0.004005301,0.006419554,1
actual,4,54,scatter_ring_allgather,0,512,48,2.676120177,0.005226797,0.003956481,0.006522736,1
actual,5,55,scatter_ring_allgather,0,512,48,2.734687902,0.005341187,0.003959706,0.006612367,1
actual,6,56,scatter_ring_allgather,0,512,48,2.668516447,0.005211946,0.003955889,0.006553564,1
actual,7,57,scatter_ring_allgather,0,512,48,2.716152326,0.005304985,0.004021060,0.006612383,1
actual,8,58,scatter_ring_allgather,0,512,48,2.681151601,0.005236624,0.003914019,0.006501508,1
actual,9,59,scatter_ring_allgather,0,512,48,2.658355169,0.005192100,0.003911206,0.006464998,1
actual,10,60,scatter_ring_allgather,0,512,48,2.680732129,0.005235805,0.003948925,0.006497939,1
actual,11,61,scatter_ring_allgather,0,512,48,2.674067879,0.005222789,0.003943274,0.006524379,1
actual,12,62,scatter_ring_allgather,0,512,48,2.684076409,0.005242337,0.003928999,0.006478674,1
actual,13,63,scatter_ring_allgather,0,512,48,4.235336336,0.008272141,0.005476003,0.010521321,1
actual,14,64,scatter_ring_allgather,0,512,48,2.649545535,0.005174894,0.003946152,0.006532785,1
actual,15,65,scatter_ring_allgather,0,512,48,2.654727566,0.005185015,0.003925373,0.006495705,1
actual,16,66,scatter_ring_allgather,0,512,48,2.673336015,0.005221359,0.003954797,0.006506615,1
actual,17,67,scatter_ring_allgather,0,512,48,2.661622685,0.005198482,0.003894915,0.006433859,1
actual,18,68,scatter_ring_allgather,0,512,48,2.707762268,0.005288598,0.003930610,0.006553186,1
actual,19,69,scatter_ring_allgather,0,512,48,2.691534570,0.005256903,0.003900294,0.006530764,1
actual,20,70,scatter_ring_allgather,0,512,48,2.702951736,0.005279203,0.003976446,0.006541592,1
actual,21,71,scatter_ring_allgather,0,512,48,2.667121947,0.005209223,0.003955730,0.006496397,1
actual,22,72,scatter_ring_allgather,0,512,48,2.663236114,0.005201633,0.003959617,0.006477050,1
actual,23,73,scatter_ring_allgather,0,512,48,2.712933645,0.005298699,0.003936032,0.006609418,1
actual,24,74,scatter_ring_allgather,0,512,48,2.664119424,0.005203358,0.003967489,0.006524209,1
actual,25,75,scatter_ring_allgather,0,512,48,2.715152548,0.005303032,0.003963284,0.006596634,1
actual,26,76,scatter_ring_allgather,0,512,48,2.689175558,0.005252296,0.004026742,0.006547502,1
actual,27,77,scatter_ring_allgather,0,512,48,2.663574359,0.005202294,0.003926695,0.006538165,1
actual,28,78,scatter_ring_allgather,0,512,48,2.716314126,0.005305301,0.003954066,0.006628334,1
actual,29,79,scatter_ring_allgather,0,512,48,2.695151397,0.005263968,0.003925813,0.006507300,1
actual,30,80,scatter_ring_allgather,0,512,48,2.689753617,0.005253425,0.003981857,0.006503573,1
actual,31,81,scatter_ring_allgather,0,512,48,2.711480071,0.005295860,0.003970898,0.006549619,1
actual,32,82,scatter_ring_allgather,0,512,48,2.674299730,0.005223242,0.004017055,0.006516083,1
actual,33,83,scatter_ring_allgather,0,512,48,2.707401874,0.005287894,0.003990994,0.006626109,1
actual,34,84,scatter_ring_allgather,0,512,48,2.696871620,0.005267327,0.003915722,0.006558603,1
actual,35,85,scatter_ring_allgather,0,512,48,2.670406781,0.005215638,0.003906437,0.006504853,1
actual,36,86,scatter_ring_allgather,0,512,48,2.686463636,0.005246999,0.003958293,0.006525771,1
actual,37,87,scatter_ring_allgather,0,512,48,2.725019672,0.005322304,0.003963344,0.006659673,1
actual,38,88,scatter_ring_allgather,0,512,48,2.700702590,0.005274810,0.003961439,0.006543815,1
actual,39,89,scatter_ring_allgather,0,512,48,2.684264825,0.005242705,0.003927133,0.006512216,1
actual,40,90,scatter_ring_allgather,0,512,48,2.680499231,0.005235350,0.003914761,0.006496600,1
actual,41,91,scatter_ring_allgather,0,512,48,2.682176340,0.005238626,0.003942192,0.006479866,1
actual,42,92,scatter_ring_allgather,0,512,48,2.690935416,0.005255733,0.003971437,0.006479037,1
actual,43,93,scatter_ring_allgather,0,512,48,2.678237097,0.005230932,0.003899193,0.006485065,1
actual,44,94,scatter_ring_allgather,0,512,48,2.689741043,0.005253400,0.003916103,0.006523170,1
actual,45,95,scatter_ring_allgather,0,512,48,2.684954503,0.005244052,0.003893623,0.006500374,1
actual,46,96,scatter_ring_allgather,0,512,48,2.677369560,0.005229237,0.003876649,0.006480139,1
actual,47,97,scatter_ring_allgather,0,512,48,2.679188571,0.005232790,0.003952882,0.006509351,1
actual,48,98,scatter_ring_allgather,0,512,48,2.663756432,0.005202649,0.003929468,0.006467533,1
actual,49,99,scatter_ring_allgather,0,512,48,2.709929869,0.005292832,0.003995695,0.006636449,1
warmup,0,0,scatter_ring_allgather,0,512,64,2.698755559,0.005271007,0.003998710,0.006468246,1
warmup,1,1,scatter_ring_allgather,0,512,64,2.712523515,0.005297897,0.004014179,0.006538655,1
warmup,2,2,scatter_ring_allgather,0,512,64,2.718541417,0.005309651,0.004003579,0.006610029,1
warmup,3,3,scatter_ring_allgather,0,512,64,2.634623334,0.005145749,0.004095562,0.006493692,1
warmup,4,4,scatter_ring_allgather,0,512,64,2.682661014,0.005239572,0.004005994,0.006545569,1
warmup,5,5,scatter_ring_allgather,0,512,64,2.705867955,0.005284898,0.003957853,0.006423412,1
warmup,6,6,scatter_ring_allgather,0,512,64,2.700651049,0.005274709,0.004061308,0.006434671,1
warmup,7,7,scatter_ring_allgather,0,512,64,2.675920006,0.005226406,0.003968223,0.006480337,1
warmup,8,8,scatter_ring_allgather,0,512,64,2.682245594,0.005238761,0.003972962,0.006410678,1
warmup,9,9,scatter_ring_allgather,0,512,64,2.677887279,0.005230249,0.003992699,0.006457894,1
warmup,10,10,scatter_ring_allgather,0,512,64,2.698341570,0.005270198,0.003963284,0.006588990,1
warmup,11,11,scatter_ring_allgather,0,512,64,2.693923890,0.005261570,0.004012596,0.006455873,1
warmup,12,12,scatter_ring_allgather,0,512,64,2.710127569,0.005293218,0.003986104,0.006545983,1
warmup,13,13,scatter_ring_allgather,0,512,64,2.682409972,0.005239082,0.004000832,0.006460178,1
warmup,14,14,scatter_ring_allgather,0,512,64,2.698882022,0.005271254,0.003972621,0.006541992,1
warmup,15,15,scatter_ring_allgather,0,512,64,2.693382943,0.005260514,0.003974826,0.006448469,1
warmup,16,16,scatter_ring_allgather,0,512,64,2.691183733,0.005256218,0.004110077,0.006558653,1
warmup,17,17,scatter_ring_allgather,0,512,64,2.697418199,0.005268395,0.003976448,0.006501295,1
warmup,18,18,scatter_ring_allgather,0,512,64,2.713782158,0.005300356,0.004088318,0.006515683,1
warmup,19,19,scatter_ring_allgather,0,512,64,2.676090484,0.005226739,0.003966691,0.006530430,1
warmup,20,20,scatter_ring_allgather,0,512,64,2.686784202,0.005247625,0.004015001,0.006500604,1
warmup,21,21,scatter_ring_allgather,0,512,64,2.704835896,0.005282883,0.003957974,0.006582470,1
warmup,22,22,scatter_ring_allgather,0,512,64,2.702258877,0.005277849,0.004006756,0.006530260,1
warmup,23,23,scatter_ring_allgather,0,512,64,2.677515353,0.005229522,0.003979041,0.006502809,1
warmup,24,24,scatter_ring_allgather,0,512,64,2.684499398,0.005243163,0.003985526,0.006544507,1
warmup,25,25,scatter_ring_allgather,0,512,64,2.711291338,0.005295491,0.004004661,0.006535029,1
warmup,26,26,scatter_ring_allgather,0,512,64,2.705295265,0.005283780,0.004018658,0.006553513,1
warmup,27,27,scatter_ring_allgather,0,512,64,2.677656869,0.005229799,0.003969415,0.006441975,1
warmup,28,28,scatter_ring_allgather,0,512,64,2.681011299,0.005236350,0.004034668,0.006533647,1
warmup,29,29,scatter_ring_allgather,0,512,64,2.698862912,0.005271217,0.004002437,0.006476549,1
warmup,30,30,scatter_ring_allgather,0,512,64,2.705101741,0.005283402,0.003973371,0.006615399,1
warmup,31,31,scatter_ring_allgather,0,512,64,2.676959035,0.005228436,0.004027705,0.006457423,1
warmup,32,32,scatter_ring_allgather,0,512,64,2.703347945,0.005279976,0.003993280,0.006553504,1
warmup,33,33,scatter_ring_allgather,0,512,64,2.716622214,0.005305903,0.004062029,0.006528209,1
warmup,34,34,scatter_ring_allgather,0,512,64,2.716680335,0.005306016,0.004014007,0.006665423,1
warmup,35,35,scatter_ring_allgather,0,512,64,2.681840670,0.005237970,0.003982580,0.006440282,1
warmup,36,36,scatter_ring_allgather,0,512,64,2.718553688,0.005309675,0.004158801,0.006490225,1
warmup,37,37,scatter_ring_allgather,0,512,64,2.693552239,0.005260844,0.003967511,0.006493040,1
warmup,38,38,scatter_ring_allgather,0,512,64,2.709333961,0.005291668,0.004011552,0.006517005,1
warmup,39,39,scatter_ring_allgather,0,512,64,2.703390096,0.005280059,0.004030841,0.006499302,1
warmup,40,40,scatter_ring_allgather,0,512,64,2.677754136,0.005229989,0.004019258,0.006487540,1
warmup,41,41,scatter_ring_allgather,0,512,64,2.768189217,0.005406620,0.004023988,0.006531425,1
warmup,42,42,scatter_ring_allgather,0,512,64,2.682722476,0.005239692,0.004020942,0.006439612,1
warmup,43,43,scatter_ring_allgather,0,512,64,2.704654904,0.005282529,0.003970527,0.006498313,1
warmup,44,44,scatter_ring_allgather,0,512,64,2.702099001,0.005277537,0.003981636,0.006488625,1
warmup,45,45,scatter_ring_allgather,0,512,64,2.707349772,0.005287793,0.003953526,0.006567833,1
warmup,46,46,scatter_ring_allgather,0,512,64,2.765194392,0.005400770,0.004234674,0.006565646,1
warmup,47,47,scatter_ring_allgather,0,512,64,2.775149122,0.005420213,0.004393943,0.006488661,1
warmup,48,48,scatter_ring_allgather,0,512,64,2.817999210,0.005503905,0.004585053,0.006490986,1
warmup,49,49,scatter_ring_allgather,0,512,64,2.718046135,0.005308684,0.004006875,0.006523871,1
actual,0,50,scatter_ring_allgather,0,512,64,2.707898911,0.005288865,0.004009440,0.006510706,1
actual,1,51,scatter_ring_allgather,0,512,64,2.692952645,0.005259673,0.004007296,0.006504933,1
actual,2,52,scatter_ring_allgather,0,512,64,2.691565653,0.005256964,0.004024168,0.006485646,1
actual,3,53,scatter_ring_allgather,0,512,64,2.738588216,0.005348805,0.003966219,0.006691966,1
actual,4,54,scatter_ring_allgather,0,512,64,2.698323207,0.005270163,0.003977731,0.006516313,1
actual,5,55,scatter_ring_allgather,0,512,64,2.703056893,0.005279408,0.003964967,0.006550270,1
actual,6,56,scatter_ring_allgather,0,512,64,2.681949706,0.005238183,0.004029355,0.006454879,1
actual,7,57,scatter_ring_allgather,0,512,64,2.700376559,0.005274173,0.003980786,0.006441484,1
actual,8,58,scatter_ring_allgather,0,512,64,2.685973862,0.005246043,0.004015512,0.006492649,1
actual,9,59,scatter_ring_allgather,0,512,64,3.906740496,0.007630353,0.004777333,0.010803900,1
actual,10,60,scatter_ring_allgather,0,512,64,2.718318282,0.005309215,0.003984554,0.006542015,1
actual,11,61,scatter_ring_allgather,0,512,64,2.714685194,0.005302120,0.003961129,0.006537233,1
actual,12,62,scatter_ring_allgather,0,512,64,2.720446581,0.005313372,0.003993100,0.006543799,1
actual,13,63,scatter_ring_allgather,0,512,64,2.701221155,0.005275823,0.003964747,0.006500296,1
actual,14,64,scatter_ring_allgather,0,512,64,2.683958570,0.005242107,0.004014469,0.006466611,1
actual,15,65,scatter_ring_allgather,0,512,64,2.709525328,0.005292042,0.003978813,0.006583800,1
actual,16,66,scatter_ring_allgather,0,512,64,2.696428383,0.005266462,0.004006384,0.006493962,1
actual,17,67,scatter_ring_allgather,0,512,64,2.681830413,0.005237950,0.004028066,0.006458606,1
actual,18,68,scatter_ring_allgather,0,512,64,2.682264762,0.005238798,0.004031983,0.006500825,1
actual,19,69,scatter_ring_allgather,0,512,64,2.693347279,0.005260444,0.004011695,0.006474765,1
actual,20,70,scatter_ring_allgather,0,512,64,2.707511306,0.005288108,0.003993020,0.006540502,1
actual,21,71,scatter_ring_allgather,0,512,64,2.684583470,0.005243327,0.004037584,0.006491017,1
actual,22,72,scatter_ring_allgather,0,512,64,2.685817962,0.005245738,0.004032243,0.006483693,1
actual,23,73,scatter_ring_allgather,0,512,64,2.701890469,0.005277130,0.003959707,0.006490412,1
actual,24,74,scatter_ring_allgather,0,512,64,2.712884322,0.005298602,0.003983760,0.006564201,1
actual,25,75,scatter_ring_allgather,0,512,64,2.709476857,0.005291947,0.003974124,0.006535861,1
actual,26,76,scatter_ring_allgather,0,512,64,2.695011572,0.005263694,0.004001946,0.006525651,1
actual,27,77,scatter_ring_allgather,0,512,64,2.682112144,0.005238500,0.003998300,0.006546570,1
actual,28,78,scatter_ring_allgather,0,512,64,2.707047104,0.005287201,0.004013277,0.006491467,1
actual,29,79,scatter_ring_allgather,0,512,64,2.679605398,0.005233604,0.004014831,0.006514841,1
actual,30,80,scatter_ring_allgather,0,512,64,2.743529522,0.005358456,0.004011544,0.006558179,1
actual,31,81,scatter_ring_allgather,0,512,64,2.674370936,0.005223381,0.004010472,0.006451122,1
actual,32,82,scatter_ring_allgather,0,512,64,2.693392042,0.005260531,0.003958374,0.006523807,1
actual,33,83,scatter_ring_allgather,0,512,64,2.683162184,0.005240551,0.004012634,0.006471280,1
actual,34,84,scatter_ring_allgather,0,512,64,2.686230117,0.005246543,0.004050347,0.006489884,1
actual,35,85,scatter_ring_allgather,0,512,64,2.686803391,0.005247663,0.003958985,0.006481018,1
actual,36,86,scatter_ring_allgather,0,512,64,2.673776816,0.005222220,0.003988238,0.006414854,1
actual,37,87,scatter_ring_allgather,0,512,64,2.711200612,0.005295314,0.003959457,0.006575812,1
actual,38,88,scatter_ring_allgather,0,512,64,2.690452941,0.005254791,0.004049235,0.006534759,1
actual,39,89,scatter_ring_allgather,0,512,64,2.676096049,0.005226750,0.003975236,0.006506846,1
actual,40,90,scatter_ring_allgather,0,512,64,2.693154375,0.005260067,0.004012266,0.006526142,1
actual,41,91,scatter_ring_allgather,0,512,64,2.698851674,0.005271195,0.004002637,0.006469295,1
actual,42,92,scatter_ring_allgather,0,512,64,2.685923477,0.005245944,0.003995394,0.006479846,1
actual,43,93,scatter_ring_allgather,0,512,64,2.686590939,0.005247248,0.003998840,0.006508950,1
actual,44,94,scatter_ring_allgather,0,512,64,2.656640322,0.005188751,0.004016902,0.006512817,1
actual,45,95,scatter_ring_allgather,0,512,64,2.705933503,0.005285026,0.003976759,0.006498156,1
actual,46,96,scatter_ring_allgather,0,512,64,2.710684810,0.005294306,0.004300137,0.006590252,1
actual,47,97,scatter_ring_allgather,0,512,64,2.708509092,0.005290057,0.003994954,0.006528483,1
actual,48,98,scatter_ring_allgather,0,512,64,2.685917515,0.005245933,0.004005733,0.006522325,1
actual,49,99,scatter_ring_allgather,0,512,64,2.676992927,0.005228502,0.003967852,0.006500044,1
warmup,0,0,scatter_ring_allgather,0,512,96,2.715046305,0.005302825,0.003990204,0.006570304,1
warmup,1,1,scatter_ring_allgather,0,512,96,2.672510114,0.005219746,0.003982941,0.006400316,1
warmup,2,2,scatter_ring_allgather,0,512,96,2.682127106,0.005238530,0.003986047,0.006536822,1
warmup,3,3,scatter_ring_allgather,0,512,96,4.173979933,0.008152305,0.005233319,0.010121258,1
warmup,4,4,scatter_ring_allgather,0,512,96,2.707089873,0.005287285,0.004021584,0.006525901,1
warmup,5,5,scatter_ring_allgather,0,512,96,2.709495113,0.005291983,0.003954678,0.006564604,1
warmup,6,6,scatter_ring_allgather,0,512,96,2.709517995,0.005292027,0.003989984,0.006534318,1
warmup,7,7,scatter_ring_allgather,0,512,96,2.701909369,0.005277167,0.003965367,0.006521540,1
warmup,8,8,scatter_ring_allgather,0,512,96,2.685536401,0.005245188,0.004021320,0.006435442,1
warmup,9,9,scatter_ring_allgather,0,512,96,2.711119919,0.005295156,0.003975678,0.006525859,1
warmup,10,10,scatter_ring_allgather,0,512,96,2.716035722,0.005304757,0.003975367,0.006547439,1
warmup,11,11,scatter_ring_allgather,0,512,96,2.726745487,0.005325675,0.003972200,0.006601092,1
warmup,12,12,scatter_ring_allgather,0,512,96,2.686326606,0.005246732,0.004000433,0.006547032,1
warmup,13,13,scatter_ring_allgather,0,512,96,2.674008736,0.005222673,0.004028577,0.006367285,1
warmup,14,14,scatter_ring_allgather,0,512,96,2.669737262,0.005214331,0.003999292,0.006503810,1
warmup,15,15,scatter_ring_allgather,0,512,96,2.690942961,0.005255748,0.003939189,0.006505350,1
warmup,16,16,scatter_ring_allgather,0,512,96,2.676230636,0.005227013,0.004018858,0.006504262,1
warmup,17,17,scatter_ring_allgather,0,512,96,2.698967266,0.005271420,0.003937875,0.006535687,1
warmup,18,18,scatter_ring_allgather,0,512,96,2.688233392,0.005250456,0.004007867,0.006560476,1
warmup,19,19,scatter_ring_allgather,0,512,96,2.700975045,0.005275342,0.003986497,0.006467408,1
warmup,20,20,scatter_ring_allgather,0,512,96,2.688728304,0.005251422,0.004013979,0.006498390,1
warmup,21,21,scatter_ring_allgather,0,512,96,2.669995239,0.005214834,0.003959086,0.006437286,1
warmup,22,22,scatter_ring_allgather,0,512,96,2.709787421,0.005292554,0.003982269,0.006528674,1
warmup,23,23,scatter_ring_allgather,0,512,96,2.681767818,0.005237828,0.004025468,0.006520022,1
warmup,24,24,scatter_ring_allgather,0,512,96,2.731248109,0.005334469,0.004104599,0.006536782,1
warmup,25,25,scatter_ring_allgather,0,512,96,2.711489531,0.005295878,0.003962151,0.006527766,1
warmup,26,26,scatter_ring_allgather,0,512,96,2.692243994,0.005258289,0.004011194,0.006489053,1
warmup,27,27,scatter_ring_allgather,0,512,96,2.698412094,0.005270336,0.003979674,0.006535300,1
warmup,28,28,scatter_ring_allgather,0,512,96,2.685612039,0.005245336,0.004002395,0.006440969,1
warmup,29,29,scatter_ring_allgather,0,512,96,2.698096698,0.005269720,0.004012516,0.006494169,1
warmup,30,30,scatter_ring_allgather,0,512,96,2.689252905,0.005252447,0.003995565,0.006546219,1
warmup,31,31,scatter_ring_allgather,0,512,96,2.678731516,0.005231897,0.004021964,0.006449138,1
warmup,32,32,scatter_ring_allgather,0,512,96,2.696361534,0.005266331,0.004018618,0.006480537,1
warmup,33,33,scatter_ring_allgather,0,512,96,4.211565891,0.008225715,0.003999462,0.011614412,1
warmup,34,34,scatter_ring_allgather,0,512,96,2.705130938,0.005283459,0.003951732,0.006535417,1
warmup,35,35,scatter_ring_allgather,0,512,96,2.695396466,0.005264446,0.003995494,0.006510643,1
warmup,36,36,scatter_ring_allgather,0,512,96,2.714835296,0.005302413,0.003988181,0.006537454,1
warmup,37,37,scatter_ring_allgather,0,512,96,2.687437453,0.005248901,0.003989223,0.006510734,1
warmup,38,38,scatter_ring_allgather,0,512,96,2.689103055,0.005252154,0.004002728,0.006490686,1
warmup,39,39,scatter_ring_allgather,0,512,96,2.691169363,0.005256190,0.003962532,0.006472853,1
warmup,40,40,scatter_ring_allgather,0,512,96,2.679606122,0.005233606,0.004012516,0.006459518,1
warmup,41,41,scatter_ring_allgather,0,512,96,2.714497944,0.005301754,0.003963271,0.006606059,1
warmup,42,42,scatter_ring_allgather,0,512,96,2.677549364,0.005229589,0.004004000,0.006425323,1
warmup,43,43,scatter_ring_allgather,0,512,96,2.679606346,0.005233606,0.003999221,0.006478604,1
warmup,44,44,scatter_ring_allgather,0,512,96,2.710887605,0.005294702,0.003993711,0.006553781,1
warmup,45,45,scatter_ring_allgather,0,512,96,2.706706578,0.005286536,0.003973022,0.006517142,1
warmup,46,46,scatter_ring_allgather,0,512,96,2.706675212,0.005286475,0.003981448,0.006516591,1
warmup,47,47,scatter_ring_allgather,0,512,96,2.684771003,0.005243693,0.003963294,0.006487389,1
warmup,48,48,scatter_ring_allgather,0,512,96,2.684549172,0.005243260,0.004000794,0.006590804,1
warmup,49,49,scatter_ring_allgather,0,512,96,2.707717638,0.005288511,0.003972551,0.006500010,1
actual,0,50,scatter_ring_allgather,0,512,96,2.697406021,0.005268371,0.004004350,0.006534939,1
actual,1,51,scatter_ring_allgather,0,512,96,2.680155148,0.005234678,0.003995254,0.006540299,1
actual,2,52,scatter_ring_allgather,0,512,96,2.687987969,0.005249977,0.003999723,0.006514170,1
actual,3,53,scatter_ring_allgather,0,512,96,2.701507370,0.005276382,0.003973473,0.006487336,1
actual,4,54,scatter_ring_allgather,0,512,96,2.714751638,0.005302249,0.004006796,0.006537490,1
actual,5,55,scatter_ring_allgather,0,512,96,2.714195386,0.005301163,0.003950730,0.006551727,1
actual,6,56,scatter_ring_allgather,0,512,96,2.713954136,0.005300692,0.003989243,0.006538923,1
actual,7,57,scatter_ring_allgather,0,512,96,2.700123520,0.005273679,0.003980787,0.006465175,1
actual,8,58,scatter_ring_allgather,0,512,96,2.679275069,0.005232959,0.004004301,0.006503479,1
actual,9,59,scatter_ring_allgather,0,512,96,2.694165113,0.005262041,0.004150576,0.006488963,1
actual,10,60,scatter_ring_allgather,0,512,96,2.704468483,0.005282165,0.004034588,0.006489874,1
actual,11,61,scatter_ring_allgather,0,512,96,2.702152381,0.005277641,0.003975216,0.006515269,1
actual,12,62,scatter_ring_allgather,0,512,96,2.693460314,0.005260665,0.004017456,0.006530260,1
actual,13,63,scatter_ring_allgather,0,512,96,2.697233428,0.005268034,0.003990515,0.006510163,1
actual,14,64,scatter_ring_allgather,0,512,96,2.691900299,0.005257618,0.003985726,0.006485055,1
actual,15,65,scatter_ring_allgather,0,512,96,2.699336900,0.005272142,0.003982490,0.006503680,1
actual,16,66,scatter_ring_allgather,0,512,96,2.700506593,0.005274427,0.003954076,0.006543525,1
actual,17,67,scatter_ring_allgather,0,512,96,2.682990543,0.005240216,0.003980046,0.006489143,1
actual,18,68,scatter_ring_allgather,0,512,96,2.696191797,0.005266000,0.003975196,0.006492088,1
actual,19,69,scatter_ring_allgather,0,512,96,2.683846372,0.005241887,0.003973473,0.006481759,1
actual,20,70,scatter_ring_allgather,0,512,96,2.680919847,0.005236172,0.004014680,0.006566247,1
actual,21,71,scatter_ring_allgather,0,512,96,2.686116622,0.005246322,0.003983642,0.006506255,1
actual,22,72,scatter_ring_allgather,0,512,96,2.685412675,0.005244947,0.004009240,0.006541330,1
actual,23,73,scatter_ring_allgather,0,512,96,2.721461900,0.005315355,0.004000093,0.006569831,1
actual,24,74,scatter_ring_allgather,0,512,96,2.678540839,0.005231525,0.003982059,0.006567790,1
actual,25,75,scatter_ring_allgather,0,512,96,2.705081624,0.005283363,0.003961269,0.006508896,1
actual,26,76,scatter_ring_allgather,0,512,96,2.703337317,0.005279956,0.003996424,0.006548465,1
actual,27,77,scatter_ring_allgather,0,512,96,2.714550483,0.005301856,0.004050618,0.006562869,1
actual,28,78,scatter_ring_allgather,0,512,96,2.683597271,0.005241401,0.004009361,0.006562470,1
actual,29,79,scatter_ring_allgather,0,512,96,2.724136818,0.005320580,0.003965929,0.006590603,1
actual,30,80,scatter_ring_allgather,0,512,96,2.697641653,0.005268831,0.004056258,0.006537614,1
actual,31,81,scatter_ring_allgather,0,512,96,2.675641991,0.005225863,0.003963094,0.006391470,1
actual,32,82,scatter_ring_allgather,0,512,96,2.711573932,0.005296043,0.003993871,0.006556710,1
actual,33,83,scatter_ring_allgather,0,512,96,2.691600751,0.005257033,0.003980756,0.006549436,1
actual,34,84,scatter_ring_allgather,0,512,96,2.657753373,0.005190925,0.003996547,0.006569262,1
actual,35,85,scatter_ring_allgather,0,512,96,2.697821240,0.005269182,0.003992038,0.006487239,1
actual,36,86,scatter_ring_allgather,0,512,96,2.693069107,0.005259901,0.003984384,0.006540519,1
actual,37,87,scatter_ring_allgather,0,512,96,2.679657045,0.005233705,0.003965297,0.006558804,1
actual,38,88,scatter_ring_allgather,0,512,96,2.699032388,0.005271548,0.003960877,0.006467449,1
actual,39,89,scatter_ring_allgather,0,512,96,2.710078323,0.005293122,0.003978713,0.006548200,1
actual,40,90,scatter_ring_allgather,0,512,96,2.699475085,0.005272412,0.004018445,0.006493861,1
actual,41,91,scatter_ring_allgather,0,512,96,2.681715940,0.005237726,0.003972591,0.006577639,1
actual,42,92,scatter_ring_allgather,0,512,96,2.712823577,0.005298484,0.003986327,0.006524586,1
actual,43,93,scatter_ring_allgather,0,512,96,2.705956438,0.005285071,0.004001163,0.006531739,1
actual,44,94,scatter_ring_allgather,0,512,96,2.682194864,0.005238662,0.003984261,0.006507057,1
actual,45,95,scatter_ring_allgather,0,512,96,2.673424400,0.005221532,0.003975056,0.006460629,1
actual,46,96,scatter_ring_allgather,0,512,96,2.688445816,0.005250871,0.004012997,0.006473434,1
actual,47,97,scatter_ring_allgather,0,512,96,2.725904026,0.005324031,0.003993681,0.006633594,1
actual,48,98,scatter_ring_allgather,0,512,96,2.700603055,0.005274615,0.003976308,0.006549536,1
actual,49,99,scatter_ring_allgather,0,512,96,2.705460490,0.005284103,0.003976929,0.006531089,1
warmup,0,0,scatter_ring_allgather,0,512,128,2.691108587,0.005256071,0.004008820,0.006498149,1
warmup,1,1,scatter_ring_allgather,0,512,128,2.672163938,0.005219070,0.003949408,0.006439019,1
warmup,2,2,scatter_ring_allgather,0,512,128,2.686010599,0.005246114,0.004012033,0.006574602,1
warmup,3,3,scatter_ring_allgather,0,512,128,2.682002077,0.005238285,0.003974756,0.006472080,1
warmup,4,4,scatter_ring_allgather,0,512,128,2.695996539,0.005265618,0.004038402,0.006555157,1
warmup,5,5,scatter_ring_allgather,0,512,128,2.700751716,0.005274906,0.003966469,0.006452601,1
warmup,6,6,scatter_ring_allgather,0,512,128,2.716304552,0.005305282,0.004019557,0.006537333,1
warmup,7,7,scatter_ring_allgather,0,512,128,4.794995095,0.009365225,0.005501161,0.011802975,1
warmup,8,8,scatter_ring_allgather,0,512,128,2.680419592,0.005235195,0.003978552,0.006425964,1
warmup,9,9,scatter_ring_allgather,0,512,128,2.689888028,0.005253688,0.004018668,0.006466010,1
warmup,10,10,scatter_ring_allgather,0,512,128,2.706334563,0.005285810,0.003988601,0.006518248,1
warmup,11,11,scatter_ring_allgather,0,512,128,2.693926806,0.005261576,0.003987359,0.006517897,1
warmup,12,12,scatter_ring_allgather,0,512,128,2.681431918,0.005237172,0.003976799,0.006477111,1
warmup,13,13,scatter_ring_allgather,0,512,128,2.709922179,0.005292817,0.003955810,0.006608554,1
warmup,14,14,scatter_ring_allgather,0,512,128,2.755811710,0.005382445,0.004307318,0.006526482,1
warmup,15,15,scatter_ring_allgather,0,512,128,2.719052195,0.005310649,0.003955609,0.006556189,1
warmup,16,16,scatter_ring_allgather,0,512,128,2.706201598,0.005285550,0.003996695,0.006517245,1
warmup,17,17,scatter_ring_allgather,0,512,128,2.706696255,0.005286516,0.003994022,0.006489470,1
warmup,18,18,scatter_ring_allgather,0,512,128,2.690312269,0.005254516,0.003982219,0.006487119,1
warmup,19,19,scatter_ring_allgather,0,512,128,2.700477985,0.005274371,0.003955158,0.006513315,1
warmup,20,20,scatter_ring_allgather,0,512,128,2.682350493,0.005238966,0.004033095,0.006474716,1
warmup,21,21,scatter_ring_allgather,0,512,128,2.715709497,0.005304120,0.003949808,0.006563540,1
warmup,22,22,scatter_ring_allgather,0,512,128,2.667831914,0.005210609,0.004048464,0.006474115,1
warmup,23,23,scatter_ring_allgather,0,512,128,2.697535963,0.005268625,0.003989961,0.006509768,1
warmup,24,24,scatter_ring_allgather,0,512,128,2.718848041,0.005310250,0.003976869,0.006614448,1
warmup,25,25,scatter_ring_allgather,0,512,128,2.710056594,0.005293079,0.003970437,0.006504950,1
warmup,26,26,scatter_ring_allgather,0,512,128,2.725400174,0.005323047,0.003995945,0.006571588,1
warmup,27,27,scatter_ring_allgather,0,512,128,2.706520854,0.005286174,0.003977210,0.006524917,1
warmup,28,28,scatter_ring_allgather,0,512,128,2.692164467,0.005258134,0.003995996,0.006475477,1
warmup,29,29,scatter_ring_allgather,0,512,128,2.697209640,0.005267988,0.004025951,0.006586084,1
warmup,30,30,scatter_ring_allgather,0,512,128,2.712587587,0.005298023,0.003980186,0.006522696,1
warmup,31,31,scatter_ring_allgather,0,512,128,2.709421260,0.005291838,0.003953766,0.006536598,1
warmup,32,32,scatter_ring_allgather,0,512,128,2.708144167,0.005289344,0.003962572,0.006538465,1
warmup,33,33,scatter_ring_allgather,0,512,128,2.717473756,0.005307566,0.003960308,0.006572910,1
warmup,34,34,scatter_ring_allgather,0,512,128,2.674990411,0.005224591,0.004016694,0.006473724,1
warmup,35,35,scatter_ring_allgather,0,512,128,2.708989011,0.005290994,0.003992827,0.006590542,1
warmup,36,36,scatter_ring_allgather,0,512,128,2.689943465,0.005253796,0.003969656,0.006444747,1
warmup,37,37,scatter_ring_allgather,0,512,128,2.684722825,0.005243599,0.003986867,0.006487921,1
warmup,38,38,scatter_ring_allgather,0,512,128,2.676743931,0.005228015,0.004022616,0.006427167,1
warmup,39,39,scatter_ring_allgather,0,512,128,2.699923008,0.005273287,0.003985315,0.006496547,1
warmup,40,40,scatter_ring_allgather,0,512,128,2.693983612,0.005261687,0.003997888,0.006557932,1
warmup,41,41,scatter_ring_allgather,0,512,128,2.670952407,0.005216704,0.004003860,0.006490847,1
warmup,42,42,scatter_ring_allgather,0,512,128,2.707432744,0.005287955,0.004003436,0.006526439,1
warmup,43,43,scatter_ring_allgather,0,512,128,2.711831337,0.005296546,0.004018117,0.006604118,1
warmup,44,44,scatter_ring_allgather,0,512,128,2.682876085,0.005239992,0.004016674,0.006460459,1
warmup,45,45,scatter_ring_allgather,0,512,128,2.691784316,0.005257391,0.003919351,0.006514057,1
warmup,46,46,scatter_ring_allgather,0,512,128,2.716725380,0.005306104,0.003983121,0.006559351,1
warmup,47,47,scatter_ring_allgather,0,512,128,2.715698557,0.005304099,0.003977541,0.006521350,1
warmup,48,48,scatter_ring_allgather,0,512,128,2.690778517,0.005255427,0.003998059,0.006570866,1
warmup,49,49,scatter_ring_allgather,0,512,128,2.701223425,0.005275827,0.003971068,0.006531573,1
actual,0,50,scatter_ring_allgather,0,512,128,2.695909000,0.005265447,0.004029405,0.006551028,1
actual,1,51,scatter_ring_allgather,0,512,128,2.693612402,0.005260962,0.003954227,0.006497245,1
actual,2,52,scatter_ring_allgather,0,512,128,2.686358436,0.005246794,0.004000214,0.006486178,1
actual,3,53,scatter_ring_allgather,0,512,128,2.690128269,0.005254157,0.003963133,0.006534328,1
actual,4,54,scatter_ring_allgather,0,512,128,2.701657658,0.005276675,0.003996537,0.006488292,1
actual,5,55,scatter_ring_allgather,0,512,128,2.696579299,0.005266756,0.003956711,0.006502234,1
actual,6,56,scatter_ring_allgather,0,512,128,2.711555555,0.005296007,0.004002736,0.006538602,1
actual,7,57,scatter_ring_allgather,0,512,128,2.700775217,0.005274952,0.003974544,0.006492966,1
actual,8,58,scatter_ring_allgather,0,512,128,2.704675969,0.005282570,0.003974042,0.006571007,1
actual,9,59,scatter_ring_allgather,0,512,128,2.700046047,0.005273527,0.004001094,0.006492299,1
actual,10,60,scatter_ring_allgather,0,512,128,2.715510111,0.005303731,0.004003026,0.006583920,1
actual,11,61,scatter_ring_allgather,0,512,128,2.711104333,0.005295126,0.004077979,0.006498892,1
actual,12,62,scatter_ring_allgather,0,512,128,2.712946826,0.005298724,0.003959727,0.006581965,1
actual,13,63,scatter_ring_allgather,0,512,128,2.744409392,0.005360175,0.003984321,0.006605067,1
actual,14,64,scatter_ring_allgather,0,512,128,2.708050077,0.005289160,0.003997676,0.006488238,1
actual,15,65,scatter_ring_allgather,0,512,128,2.708563666,0.005290163,0.003998107,0.006570753,1
actual,16,66,scatter_ring_allgather,0,512,128,2.682796256,0.005239836,0.004004941,0.006475628,1
actual,17,67,scatter_ring_allgather,0,512,128,2.684688409,0.005243532,0.003976959,0.006517857,1
actual,18,68,scatter_ring_allgather,0,512,128,2.684956047,0.005244055,0.003980526,0.006519150,1
actual,19,69,scatter_ring_allgather,0,512,128,2.706189468,0.005285526,0.003964446,0.006492125,1
actual,20,70,scatter_ring_allgather,0,512,128,2.706888994,0.005286893,0.003968113,0.006536652,1
actual,21,71,scatter_ring_allgather,0,512,128,2.697275469,0.005268116,0.003997017,0.006485904,1
actual,22,72,scatter_ring_allgather,0,512,128,2.707992695,0.005289048,0.003995074,0.006497114,1
actual,23,73,scatter_ring_allgather,0,512,128,2.682807983,0.005239859,0.003985075,0.006511775,1
actual,24,74,scatter_ring_allgather,0,512,128,2.698275308,0.005270069,0.004092587,0.006526102,1
actual,25,75,scatter_ring_allgather,0,512,128,2.722811798,0.005317992,0.003962783,0.006585771,1
actual,26,76,scatter_ring_allgather,0,512,128,2.691987161,0.005257787,0.004048614,0.006549506,1
actual,27,77,scatter_ring_allgather,0,512,128,2.695041597,0.005263753,0.004000772,0.006520401,1
actual,28,78,scatter_ring_allgather,0,512,128,2.706282470,0.005285708,0.003973029,0.006526072,1
actual,29,79,scatter_ring_allgather,0,512,128,2.703924374,0.005281102,0.003962181,0.006539695,1
actual,30,80,scatter_ring_allgather,0,512,128,2.667917510,0.005210776,0.004008830,0.006489183,1
actual,31,81,scatter_ring_allgather,0,512,128,2.681925172,0.005238135,0.003969254,0.006494133,1
actual,32,82,scatter_ring_allgather,0,512,128,2.700233336,0.005273893,0.003975928,0.006510523,1
actual,33,83,scatter_ring_allgather,0,512,128,2.700883007,0.005275162,0.003973222,0.006532040,1
actual,34,84,scatter_ring_allgather,0,512,128,2.681470028,0.005237246,0.004002117,0.006532785,1
actual,35,85,scatter_ring_allgather,0,512,128,2.710320782,0.005293595,0.003967241,0.006605762,1
actual,36,86,scatter_ring_allgather,0,512,128,2.721509835,0.005315449,0.003968133,0.006571704,1
actual,37,87,scatter_ring_allgather,0,512,128,2.703364921,0.005280010,0.003980767,0.006491184,1
actual,38,88,scatter_ring_allgather,0,512,128,2.678469728,0.005231386,0.004008087,0.006496166,1
actual,39,89,scatter_ring_allgather,0,512,128,2.679697752,0.005233785,0.004003509,0.006508790,1
actual,40,90,scatter_ring_allgather,0,512,128,2.701741926,0.005276840,0.003987269,0.006540847,1
actual,41,91,scatter_ring_allgather,0,512,128,2.698667911,0.005270836,0.003970667,0.006544637,1
actual,42,92,scatter_ring_allgather,0,512,128,2.705349083,0.005283885,0.004001816,0.006547853,1
actual,43,93,scatter_ring_allgather,0,512,128,2.706165474,0.005285479,0.003975326,0.006510614,1
actual,44,94,scatter_ring_allgather,0,512,128,2.677860246,0.005230196,0.004002207,0.006528327,1
actual,45,95,scatter_ring_allgather,0,512,128,2.706146388,0.005285442,0.003962753,0.006537340,1
actual,46,96,scatter_ring_allgather,0,512,128,2.698232538,0.005269985,0.004002066,0.006483303,1
actual,47,97,scatter_ring_allgather,0,512,128,2.694388527,0.005262478,0.003975337,0.006537984,1
actual,48,98,scatter_ring_allgather,0,512,128,2.683596425,0.005241399,0.003976097,0.006479565,1
actual,49,99,scatter_ring_allgather,0,512,128,2.694204718,0.005262119,0.003980606,0.006474185,1
warmup,0,0,scatter_ring_allgather,0,512,192,2.696988240,0.005267555,0.003963023,0.006526944,1
warmup,1,1,scatter_ring_allgather,0,512,192,2.727221156,0.005326604,0.003960649,0.006595099,1
warmup,2,2,scatter_ring_allgather,0,512,192,2.716826439,0.005306302,0.003989964,0.006563499,1
warmup,3,3,scatter_ring_allgather,0,512,192,2.700232550,0.005273892,0.003984062,0.006456241,1
warmup,4,4,scatter_ring_allgather,0,512,192,2.694550321,0.005262794,0.003967722,0.006540269,1
warmup,5,5,scatter_ring_allgather,0,512,192,2.703893958,0.005281043,0.003954507,0.006500482,1
warmup,6,6,scatter_ring_allgather,0,512,192,2.668651886,0.005212211,0.004041050,0.006302770,1
warmup,7,7,scatter_ring_allgather,0,512,192,2.702879403,0.005279061,0.003991627,0.006489250,1
warmup,8,8,scatter_ring_allgather,0,512,192,2.687124818,0.005248291,0.003982019,0.006471820,1
warmup,9,9,scatter_ring_allgather,0,512,192,2.700042442,0.005273520,0.003976449,0.006497366,1
warmup,10,10,scatter_ring_allgather,0,512,192,2.695136505,0.005263938,0.004030690,0.006593939,1
warmup,11,11,scatter_ring_allgather,0,512,192,2.668261648,0.005211449,0.003959817,0.006435192,1
warmup,12,12,scatter_ring_allgather,0,512,192,2.690130365,0.005254161,0.004017636,0.006492470,1
warmup,13,13,scatter_ring_allgather,0,512,192,2.715136458,0.005303001,0.003943416,0.006542539,1
warmup,14,14,scatter_ring_allgather,0,512,192,2.702843284,0.005278991,0.004003831,0.006514731,1
warmup,15,15,scatter_ring_allgather,0,512,192,2.686467461,0.005247007,0.003999542,0.006417970,1
warmup,16,16,scatter_ring_allgather,0,512,192,2.689916398,0.005253743,0.003976008,0.006494473,1
warmup,17,17,scatter_ring_allgather,0,512,192,2.710277355,0.005293510,0.003971870,0.006501042,1
warmup,18,18,scatter_ring_allgather,0,512,192,2.700835565,0.005275069,0.003992709,0.006502636,1
warmup,19,19,scatter_ring_allgather,0,512,192,2.718523713,0.005309617,0.004018866,0.006547453,1
warmup,20,20,scatter_ring_allgather,0,512,192,2.696544679,0.005266689,0.003976729,0.006497205,1
warmup,21,21,scatter_ring_allgather,0,512,192,2.695571381,0.005264788,0.003925794,0.006509330,1
warmup,22,22,scatter_ring_allgather,0,512,192,2.709612571,0.005292212,0.003975636,0.006549687,1
warmup,23,23,scatter_ring_allgather,0,512,192,2.713006856,0.005298842,0.004006695,0.006540236,1
warmup,24,24,scatter_ring_allgather,0,512,192,2.675077334,0.005224760,0.004003810,0.006485866,1
warmup,25,25,scatter_ring_allgather,0,512,192,2.704243398,0.005281725,0.003989473,0.006540589,1
warmup,26,26,scatter_ring_allgather,0,512,192,2.695760535,0.005265157,0.004025360,0.006474766,1
warmup,27,27,scatter_ring_allgather,0,512,192,2.686108034,0.005246305,0.003980797,0.006544156,1
warmup,28,28,scatter_ring_allgather,0,512,192,2.672987251,0.005220678,0.004014690,0.006484203,1
warmup,29,29,scatter_ring_allgather,0,512,192,2.700692731,0.005274790,0.003967442,0.006526209,1
warmup,30,30,scatter_ring_allgather,0,512,192,2.695817277,0.005265268,0.003964054,0.006566898,1
warmup,31,31,scatter_ring_allgather,0,512,192,2.677340149,0.005229180,0.003972862,0.006383605,1
warmup,32,32,scatter_ring_allgather,0,512,192,2.683788748,0.005241775,0.004038555,0.006474225,1
warmup,33,33,scatter_ring_allgather,0,512,192,2.662784223,0.005200750,0.003932355,0.006424423,1
warmup,34,34,scatter_ring_allgather,0,512,192,2.707306944,0.005287709,0.003959878,0.006555326,1
warmup,35,35,scatter_ring_allgather,0,512,192,2.713239986,0.005299297,0.003998539,0.006533313,1
warmup,36,36,scatter_ring_allgather,0,512,192,2.711059393,0.005295038,0.004019840,0.006588239,1
warmup,37,37,scatter_ring_allgather,0,512,192,2.713341888,0.005299496,0.003955386,0.006567055,1
warmup,38,38,scatter_ring_allgather,0,512,192,2.684471319,0.005243108,0.004025711,0.006538045,1
warmup,39,39,scatter_ring_allgather,0,512,192,2.694997174,0.005263666,0.003954066,0.006465216,1
warmup,40,40,scatter_ring_allgather,0,512,192,2.706028750,0.005285212,0.003967491,0.006580384,1
warmup,41,41,scatter_ring_allgather,0,512,192,2.675321417,0.005225237,0.003990104,0.006526332,1
warmup,42,42,scatter_ring_allgather,0,512,192,2.687893924,0.005249793,0.003985505,0.006539488,1
warmup,43,43,scatter_ring_allgather,0,512,192,2.677290684,0.005229083,0.004021844,0.006517577,1
warmup,44,44,scatter_ring_allgather,0,512,192,2.698417313,0.005270346,0.003982339,0.006498781,1
warmup,45,45,scatter_ring_allgather,0,512,192,2.679467890,0.005233336,0.003990444,0.006491136,1
warmup,46,46,scatter_ring_allgather,0,512,192,2.673008386,0.005220720,0.003980767,0.006483252,1
warmup,47,47,scatter_ring_allgather,0,512,192,2.693806682,0.005261341,0.003966679,0.006514981,1
warmup,48,48,scatter_ring_allgather,0,512,192,2.708001119,0.005289065,0.003959477,0.006538764,1
warmup,49,49,scatter_ring_allgather,0,512,192,2.685974870,0.005246045,0.003927476,0.006466968,1
actual,0,50,scatter_ring_allgather,0,512,192,2.707027353,0.005287163,0.003981047,0.006515609,1
actual,1,51,scatter_ring_allgather,0,512,192,2.712043795,0.005296961,0.003966951,0.006572406,1
actual,2,52,scatter_ring_allgather,0,512,192,2.685499293,0.005245116,0.003964485,0.006559715,1
actual,3,53,scatter_ring_allgather,0,512,192,2.681867294,0.005238022,0.003937456,0.006470899,1
actual,4,54,scatter_ring_allgather,0,512,192,2.695976989,0.005265580,0.003985303,0.006482671,1
actual,5,55,scatter_ring_allgather,0,512,192,2.684912085,0.005243969,0.004011574,0.006478663,1
actual,6,56,scatter_ring_allgather,0,512,192,2.690762530,0.005255396,0.003975447,0.006528056,1
actual,7,57,scatter_ring_allgather,0,512,192,2.682442877,0.005239146,0.003964085,0.006529229,1
actual,8,58,scatter_ring_allgather,0,512,192,2.684452590,0.005243071,0.003979284,0.006521754,1
actual,9,59,scatter_ring_allgather,0,512,192,2.718403284,0.005309381,0.003923138,0.006597536,1
actual,10,60,scatter_ring_allgather,0,512,192,2.679139602,0.005232695,0.003982660,0.006450010,1
actual,11,61,scatter_ring_allgather,0,512,192,2.690159953,0.005254219,0.003989973,0.006540509,1
actual,12,62,scatter_ring_allgather,0,512,192,2.678738322,0.005231911,0.003976890,0.006522335,1
actual,13,63,scatter_ring_allgather,0,512,192,2.725150119,0.005322559,0.003942915,0.006684529,1
actual,14,64,scatter_ring_allgather,0,512,192,2.678323344,0.005231100,0.004027454,0.006545759,1
actual,15,65,scatter_ring_allgather,0,512,192,2.703028170,0.005279352,0.003949237,0.006504870,1
actual,16,66,scatter_ring_allgather,0,512,192,2.689451397,0.005252835,0.003979424,0.006513097,1
actual,17,67,scatter_ring_allgather,0,512,192,2.704031843,0.005281312,0.003950800,0.006520431,1
actual,18,68,scatter_ring_allgather,0,512,192,2.680461315,0.005235276,0.004000384,0.006539708,1
actual,19,69,scatter_ring_allgather,0,512,192,2.679746050,0.005233879,0.003959937,0.006443748,1
actual,20,70,scatter_ring_allgather,0,512,192,2.705964408,0.005285087,0.003952644,0.006559475,1
actual,21,71,scatter_ring_allgather,0,512,192,2.670418965,0.005215662,0.003969264,0.006465699,1
actual,22,72,scatter_ring_allgather,0,512,192,2.699598531,0.005272653,0.003973683,0.006555467,1
actual,23,73,scatter_ring_allgather,0,512,192,2.676011011,0.005226584,0.003963784,0.006492589,1
actual,24,74,scatter_ring_allgather,0,512,192,2.684979815,0.005244101,0.004013679,0.006576757,1
actual,25,75,scatter_ring_allgather,0,512,192,2.722553075,0.005317486,0.003934560,0.006612080,1
actual,26,76,scatter_ring_allgather,0,512,192,2.674935986,0.005224484,0.003990064,0.006457533,1
actual,27,77,scatter_ring_allgather,0,512,192,2.694306831,0.005262318,0.003959767,0.006640006,1
actual,28,78,scatter_ring_allgather,0,512,192,2.673223876,0.005221140,0.004028385,0.006513799,1
actual,29,79,scatter_ring_allgather,0,512,192,2.710810220,0.005294551,0.003958505,0.006595670,1
actual,30,80,scatter_ring_allgather,0,512,192,2.687078744,0.005248201,0.003994112,0.006505333,1
actual,31,81,scatter_ring_allgather,0,512,192,2.692376679,0.005258548,0.003986387,0.006467091,1
actual,32,82,scatter_ring_allgather,0,512,192,2.684723929,0.005243601,0.004009631,0.006479625,1
actual,33,83,scatter_ring_allgather,0,512,192,2.691019776,0.005255898,0.003993380,0.006533065,1
actual,34,84,scatter_ring_allgather,0,512,192,2.690785607,0.005255441,0.004020451,0.006590944,1
actual,35,85,scatter_ring_allgather,0,512,192,2.672497705,0.005219722,0.003967853,0.006484203,1
actual,36,86,scatter_ring_allgather,0,512,192,2.688353662,0.005250691,0.004095933,0.006520962,1
actual,37,87,scatter_ring_allgather,0,512,192,2.683833743,0.005241863,0.003930502,0.006491829,1
actual,38,88,scatter_ring_allgather,0,512,192,2.686111035,0.005246311,0.004006916,0.006575444,1
actual,39,89,scatter_ring_allgather,0,512,192,2.679123253,0.005232663,0.003942244,0.006453366,1
actual,40,90,scatter_ring_allgather,0,512,192,2.702081382,0.005277503,0.004093459,0.006557281,1
actual,41,91,scatter_ring_allgather,0,512,192,2.721385588,0.005315206,0.003991146,0.006590583,1
actual,42,92,scatter_ring_allgather,0,512,192,2.674441778,0.005223519,0.003962252,0.006489153,1
actual,43,93,scatter_ring_allgather,0,512,192,2.692870509,0.005259513,0.003961741,0.006491167,1
actual,44,94,scatter_ring_allgather,0,512,192,2.679161170,0.005232737,0.003993501,0.006546270,1
actual,45,95,scatter_ring_allgather,0,512,192,2.706569033,0.005286268,0.004028256,0.006545839,1
actual,46,96,scatter_ring_allgather,0,512,192,2.714660692,0.005302072,0.003980634,0.006589518,1
actual,47,97,scatter_ring_allgather,0,512,192,2.696035589,0.005265695,0.003974855,0.006557502,1
actual,48,98,scatter_ring_allgather,0,512,192,2.683774650,0.005241747,0.004068027,0.006532013,1
actual,49,99,scatter_ring_allgather,0,512,192,2.682777898,0.005239801,0.003968574,0.006439690,1
warmup,0,0,scatter_ring_allgather,0,512,256,2.682045887,0.005238371,0.004011614,0.006486828,1
warmup,1,1,scatter_ring_allgather,0,512,256,2.678237929,0.005230933,0.003981097,0.006495155,1
warmup,2,2,scatter_ring_allgather,0,512,256,2.682689998,0.005239629,0.004031860,0.006529548,1
warmup,3,3,scatter_ring_allgather,0,512,256,2.725222179,0.005322700,0.004029888,0.006586245,1
warmup,4,4,scatter_ring_allgather,0,512,256,2.721866432,0.005316145,0.004017242,0.006578738,1
warmup,5,5,scatter_ring_allgather,0,512,256,2.688925245,0.005251807,0.003991978,0.006469226,1
warmup,6,6,scatter_ring_allgather,0,512,256,2.674873330,0.005224362,0.003977438,0.006566728,1
warmup,7,7,scatter_ring_allgather,0,512,256,2.736131456,0.005344007,0.003964634,0.006636035,1
warmup,8,8,scatter_ring_allgather,0,512,256,2.687778471,0.005249567,0.004023144,0.006484284,1
warmup,9,9,scatter_ring_allgather,0,512,256,2.700761580,0.005274925,0.004056716,0.006519009,1
warmup,10,10,scatter_ring_allgather,0,512,256,2.666839019,0.005208670,0.004024927,0.006450530,1
warmup,11,11,scatter_ring_allgather,0,512,256,2.715281569,0.005303284,0.004038164,0.006573447,1
warmup,12,12,scatter_ring_allgather,0,512,256,2.718804201,0.005310164,0.004004331,0.006537884,1
warmup,13,13,scatter_ring_allgather,0,512,256,2.723097484,0.005318550,0.004054935,0.006628702,1
warmup,14,14,scatter_ring_allgather,0,512,256,2.735465809,0.005342707,0.004009861,0.006541257,1
warmup,15,15,scatter_ring_allgather,0,512,256,2.710889768,0.005294707,0.003988331,0.006527502,1
warmup,16,16,scatter_ring_allgather,0,512,256,2.713671111,0.005300139,0.004001313,0.006548244,1
warmup,17,17,scatter_ring_allgather,0,512,256,2.716993827,0.005306629,0.003941432,0.006586923,1
warmup,18,18,scatter_ring_allgather,0,512,256,2.688472858,0.005250924,0.004057872,0.006498631,1
warmup,19,19,scatter_ring_allgather,0,512,256,2.690155136,0.005254209,0.003980065,0.006516654,1
warmup,20,20,scatter_ring_allgather,0,512,256,2.683381822,0.005240980,0.003999101,0.006515823,1
warmup,21,21,scatter_ring_allgather,0,512,256,2.697378421,0.005268317,0.003987058,0.006464536,1
warmup,22,22,scatter_ring_allgather,0,512,256,2.707177178,0.005287455,0.003992216,0.006528494,1
warmup,23,23,scatter_ring_allgather,0,512,256,2.678219296,0.005230897,0.003991504,0.006519019,1
warmup,24,24,scatter_ring_allgather,0,512,256,2.683761624,0.005241722,0.004000604,0.006553784,1
warmup,25,25,scatter_ring_allgather,0,512,256,2.708876654,0.005290775,0.004016433,0.006497947,1
warmup,26,26,scatter_ring_allgather,0,512,256,2.701376730,0.005276126,0.003994981,0.006497815,1
warmup,27,27,scatter_ring_allgather,0,512,256,2.674287612,0.005223218,0.004002906,0.006475868,1
warmup,28,28,scatter_ring_allgather,0,512,256,2.687941902,0.005249887,0.003979114,0.006550398,1
warmup,29,29,scatter_ring_allgather,0,512,256,2.732143662,0.005336218,0.003967872,0.006628435,1
warmup,30,30,scatter_ring_allgather,0,512,256,2.691284259,0.005256415,0.004015530,0.006500924,1
warmup,31,31,scatter_ring_allgather,0,512,256,2.707434508,0.005287958,0.004021570,0.006520749,1
warmup,32,32,scatter_ring_allgather,0,512,256,2.692970013,0.005259707,0.004013749,0.006517246,1
warmup,33,33,scatter_ring_allgather,0,512,256,2.696822103,0.005267231,0.003939419,0.006484581,1
warmup,34,34,scatter_ring_allgather,0,512,256,2.678644036,0.005231727,0.004005493,0.006577989,1
warmup,35,35,scatter_ring_allgather,0,512,256,2.676647014,0.005227826,0.003975968,0.006483843,1
warmup,36,36,scatter_ring_allgather,0,512,256,2.703797212,0.005280854,0.004043040,0.006565747,1
warmup,37,37,scatter_ring_allgather,0,512,256,2.693257928,0.005260269,0.003990685,0.006467402,1
warmup,38,38,scatter_ring_allgather,0,512,256,2.684177400,0.005242534,0.003996082,0.006522986,1
warmup,39,39,scatter_ring_allgather,0,512,256,2.724150177,0.005320606,0.004012093,0.006682906,1
warmup,40,40,scatter_ring_allgather,0,512,256,2.693151127,0.005260061,0.004023334,0.006483252,1
warmup,41,41,scatter_ring_allgather,0,512,256,2.678530826,0.005231506,0.003979715,0.006470077,1
warmup,42,42,scatter_ring_allgather,0,512,256,2.679024050,0.005232469,0.003969365,0.006546009,1
warmup,43,43,scatter_ring_allgather,0,512,256,2.700214751,0.005273857,0.003970097,0.006482477,1
warmup,44,44,scatter_ring_allgather,0,512,256,2.713161640,0.005299144,0.003999289,0.006563913,1
warmup,45,45,scatter_ring_allgather,0,512,256,2.691576639,0.005256986,0.004008407,0.006469226,1
warmup,46,46,scatter_ring_allgather,0,512,256,2.692192757,0.005258189,0.003974875,0.006532294,1
warmup,47,47,scatter_ring_allgather,0,512,256,2.701089428,0.005275565,0.003966730,0.006514938,1
warmup,48,48,scatter_ring_allgather,0,512,256,2.710382636,0.005293716,0.003995514,0.006531860,1
warmup,49,49,scatter_ring_allgather,0,512,256,2.704814992,0.005282842,0.004010710,0.006514998,1
actual,0,50,scatter_ring_allgather,0,512,256,2.690665235,0.005255206,0.004032341,0.006503650,1
actual,1,51,scatter_ring_allgather,0,512,256,2.713501421,0.005299807,0.003976436,0.006551868,1
actual,2,52,scatter_ring_allgather,0,512,256,2.670423577,0.005215671,0.003997138,0.006452153,1
actual,3,53,scatter_ring_allgather,0,512,256,2.728207808,0.005328531,0.004125568,0.006657188,1
actual,4,54,scatter_ring_allgather,0,512,256,2.687875866,0.005249758,0.004044274,0.006622122,1
actual,5,55,scatter_ring_allgather,0,512,256,2.665321803,0.005205707,0.003976176,0.006439309,1
actual,6,56,scatter_ring_allgather,0,512,256,2.679305178,0.005233018,0.003993860,0.006498070,1
actual,7,57,scatter_ring_allgather,0,512,256,2.706783945,0.005286687,0.003981759,0.006599760,1
actual,8,58,scatter_ring_allgather,0,512,256,2.712720985,0.005298283,0.003983240,0.006557067,1
actual,9,59,scatter_ring_allgather,0,512,256,2.683843558,0.005241882,0.004015328,0.006556118,1
actual,10,60,scatter_ring_allgather,0,512,256,2.682687047,0.005239623,0.003989343,0.006485366,1
actual,11,61,scatter_ring_allgather,0,512,256,2.672443004,0.005219615,0.004017986,0.006460720,1
actual,12,62,scatter_ring_allgather,0,512,256,2.668529523,0.005211972,0.004045637,0.006375380,1
actual,13,63,scatter_ring_allgather,0,512,256,2.718472384,0.005309516,0.003996253,0.006558089,1
actual,14,64,scatter_ring_allgather,0,512,256,2.691559032,0.005256951,0.003967151,0.006552111,1
actual,15,65,scatter_ring_allgather,0,512,256,2.693501733,0.005260746,0.004003279,0.006469246,1
actual,16,66,scatter_ring_allgather,0,512,256,2.702781586,0.005278870,0.004023565,0.006505169,1
actual,17,67,scatter_ring_allgather,0,512,256,2.684105635,0.005242394,0.004035617,0.006449178,1
actual,18,68,scatter_ring_allgather,0,512,256,2.687512628,0.005249048,0.004019660,0.006502528,1
actual,19,69,scatter_ring_allgather,0,512,256,2.716687852,0.005306031,0.004053861,0.006540256,1
actual,20,70,scatter_ring_allgather,0,512,256,2.708662099,0.005290356,0.003981335,0.006538766,1
actual,21,71,scatter_ring_allgather,0,512,256,2.709577908,0.005292144,0.004004170,0.006508556,1
actual,22,72,scatter_ring_allgather,0,512,256,2.690732004,0.005255336,0.003978162,0.006548184,1
actual,23,73,scatter_ring_allgather,0,512,256,2.692330994,0.005258459,0.003961941,0.006514310,1
actual,24,74,scatter_ring_allgather,0,512,256,2.702069533,0.005277480,0.004060023,0.006544436,1
actual,25,75,scatter_ring_allgather,0,512,256,2.729682091,0.005331410,0.004045388,0.006644173,1
actual,26,76,scatter_ring_allgather,0,512,256,2.692143637,0.005258093,0.003997617,0.006659191,1
actual,27,77,scatter_ring_allgather,0,512,256,2.704550359,0.005282325,0.003993381,0.006500762,1
actual,28,78,scatter_ring_allgather,0,512,256,2.680303908,0.005234969,0.004036840,0.006595172,1
actual,29,79,scatter_ring_allgather,0,512,256,2.677718157,0.005229918,0.003991746,0.006405613,1
actual,30,80,scatter_ring_allgather,0,512,256,2.688282767,0.005250552,0.004020800,0.006563012,1
actual,31,81,scatter_ring_allgather,0,512,256,2.713472667,0.005299751,0.003990074,0.006536820,1
actual,32,82,scatter_ring_allgather,0,512,256,2.709842600,0.005292661,0.003998357,0.006481555,1
actual,33,83,scatter_ring_allgather,0,512,256,2.724265493,0.005320831,0.004008086,0.006653461,1
actual,34,84,scatter_ring_allgather,0,512,256,2.683391131,0.005240998,0.004051527,0.006487690,1
actual,35,85,scatter_ring_allgather,0,512,256,2.711372733,0.005295650,0.003981348,0.006524276,1
actual,36,86,scatter_ring_allgather,0,512,256,2.696747366,0.005267085,0.004030938,0.006478048,1
actual,37,87,scatter_ring_allgather,0,512,256,2.707064328,0.005287235,0.003997699,0.006501877,1
actual,38,88,scatter_ring_allgather,0,512,256,2.684484501,0.005243134,0.004003178,0.006515261,1
actual,39,89,scatter_ring_allgather,0,512,256,2.680400029,0.005235156,0.003997778,0.006495835,1
actual,40,90,scatter_ring_allgather,0,512,256,2.686985858,0.005248019,0.004035780,0.006538095,1
actual,41,91,scatter_ring_allgather,0,512,256,2.724888530,0.005322048,0.004023127,0.006593696,1
actual,42,92,scatter_ring_allgather,0,512,256,2.717860198,0.005308321,0.004092984,0.006555908,1
actual,43,93,scatter_ring_allgather,0,512,256,2.695614686,0.005264872,0.003978963,0.006481365,1
actual,44,94,scatter_ring_allgather,0,512,256,2.688947407,0.005251850,0.004068168,0.006525331,1
actual,45,95,scatter_ring_allgather,0,512,256,2.676266964,0.005227084,0.004028764,0.006511334,1
actual,46,96,scatter_ring_allgather,0,512,256,2.682903196,0.005240045,0.004020341,0.006547943,1
actual,47,97,scatter_ring_allgather,0,512,256,2.685922638,0.005245943,0.004006525,0.006546351,1
actual,48,98,scatter_ring_allgather,0,512,256,2.690324315,0.005254540,0.004038103,0.006485927,1
actual,49,99,scatter_ring_allgather,0,512,256,2.687335578,0.005248702,0.003981388,0.006492689,1
warmup,0,0,scatter_ring_allgather,0,512,384,2.713313124,0.005299440,0.004036401,0.006520763,1
warmup,1,1,scatter_ring_allgather,0,512,384,2.713723280,0.005300241,0.003997445,0.006564404,1
warmup,2,2,scatter_ring_allgather,0,512,384,2.701738984,0.005276834,0.004010030,0.006564704,1
warmup,3,3,scatter_ring_allgather,0,512,384,2.724773070,0.005321822,0.003987510,0.006559902,1
warmup,4,4,scatter_ring_allgather,0,512,384,2.706299014,0.005285740,0.004075174,0.006615159,1
warmup,5,5,scatter_ring_allgather,0,512,384,2.731025415,0.005334034,0.004031990,0.006579289,1
warmup,6,6,scatter_ring_allgather,0,512,384,2.697295560,0.005268155,0.004031440,0.006541621,1
warmup,7,7,scatter_ring_allgather,0,512,384,2.699787689,0.005273023,0.004005883,0.006597055,1
warmup,8,8,scatter_ring_allgather,0,512,384,2.687355643,0.005248741,0.004026049,0.006565437,1
warmup,9,9,scatter_ring_allgather,0,512,384,2.721249712,0.005314941,0.004058202,0.006629947,1
warmup,10,10,scatter_ring_allgather,0,512,384,2.691716538,0.005257259,0.004022254,0.006603187,1
warmup,11,11,scatter_ring_allgather,0,512,384,2.686972701,0.005247994,0.003955228,0.006572419,1
warmup,12,12,scatter_ring_allgather,0,512,384,2.696586501,0.005266771,0.003994191,0.006641398,1
warmup,13,13,scatter_ring_allgather,0,512,384,2.726553764,0.005325300,0.003969766,0.006594530,1
warmup,14,14,scatter_ring_allgather,0,512,384,2.722034029,0.005316473,0.004019549,0.006569754,1
warmup,15,15,scatter_ring_allgather,0,512,384,2.704583274,0.005282389,0.004053450,0.006587137,1
warmup,16,16,scatter_ring_allgather,0,512,384,2.703668708,0.005280603,0.004061886,0.006568100,1
warmup,17,17,scatter_ring_allgather,0,512,384,2.697284734,0.005268134,0.004024839,0.006594630,1
warmup,18,18,scatter_ring_allgather,0,512,384,2.687579617,0.005249179,0.004012085,0.006556489,1
warmup,19,19,scatter_ring_allgather,0,512,384,2.688720676,0.005251408,0.004016672,0.006563752,1
warmup,20,20,scatter_ring_allgather,0,512,384,2.722570038,0.005317520,0.004000224,0.006556339,1
warmup,21,21,scatter_ring_allgather,0,512,384,2.693853506,0.005261433,0.003998850,0.006559345,1
warmup,22,22,scatter_ring_allgather,0,512,384,2.700101234,0.005273635,0.003979343,0.006604009,1
warmup,23,23,scatter_ring_allgather,0,512,384,2.723732669,0.005319790,0.003990666,0.006575284,1
warmup,24,24,scatter_ring_allgather,0,512,384,2.689194125,0.005252332,0.004059863,0.006575555,1
warmup,25,25,scatter_ring_allgather,0,512,384,2.697754093,0.005269051,0.004080000,0.006642491,1
warmup,26,26,scatter_ring_allgather,0,512,384,2.686581297,0.005247229,0.004014588,0.006541101,1
warmup,27,27,scatter_ring_allgather,0,512,384,2.688490307,0.005250958,0.004047309,0.006587648,1
warmup,28,28,scatter_ring_allgather,0,512,384,2.696287029,0.005266186,0.004033135,0.006563502,1
warmup,29,29,scatter_ring_allgather,0,512,384,2.706635972,0.005286398,0.003985655,0.006581496,1
warmup,30,30,scatter_ring_allgather,0,512,384,2.719115342,0.005310772,0.004021430,0.006560446,1
warmup,31,31,scatter_ring_allgather,0,512,384,2.719287494,0.005311108,0.003993812,0.006572989,1
warmup,32,32,scatter_ring_allgather,0,512,384,2.714018740,0.005300818,0.004031149,0.006599971,1
warmup,33,33,scatter_ring_allgather,0,512,384,2.671980907,0.005218713,0.004033353,0.006560496,1
warmup,34,34,scatter_ring_allgather,0,512,384,2.700973648,0.005275339,0.004019707,0.006516103,1
warmup,35,35,scatter_ring_allgather,0,512,384,2.735652129,0.005343071,0.003948065,0.006751174,1
warmup,36,36,scatter_ring_allgather,0,512,384,2.696143562,0.005265905,0.004030981,0.006606022,1
warmup,37,37,scatter_ring_allgather,0,512,384,2.726719849,0.005325625,0.004006463,0.006596632,1
warmup,38,38,scatter_ring_allgather,0,512,384,2.728240255,0.005328594,0.003999502,0.006611703,1
warmup,39,39,scatter_ring_allgather,0,512,384,2.722169214,0.005316737,0.003992047,0.006608607,1
warmup,40,40,scatter_ring_allgather,0,512,384,2.705147751,0.005283492,0.004001503,0.006608115,1
warmup,41,41,scatter_ring_allgather,0,512,384,2.719348377,0.005311227,0.003989984,0.006542461,1
warmup,42,42,scatter_ring_allgather,0,512,384,2.718367030,0.005309311,0.004017446,0.006550097,1
warmup,43,43,scatter_ring_allgather,0,512,384,2.688412131,0.005250805,0.004008308,0.006544547,1
warmup,44,44,scatter_ring_allgather,0,512,384,4.328413266,0.008453932,0.004062468,0.011630572,1
warmup,45,45,scatter_ring_allgather,0,512,384,2.711868708,0.005296619,0.004037501,0.006604319,1
warmup,46,46,scatter_ring_allgather,0,512,384,2.700938165,0.005275270,0.004099206,0.006557281,1
warmup,47,47,scatter_ring_allgather,0,512,384,2.710450631,0.005293849,0.003995111,0.006519590,1
warmup,48,48,scatter_ring_allgather,0,512,384,2.687422959,0.005248873,0.004015421,0.006527325,1
warmup,49,49,scatter_ring_allgather,0,512,384,2.718205290,0.005308995,0.004011385,0.006558162,1
actual,0,50,scatter_ring_allgather,0,512,384,2.698928949,0.005271346,0.004039124,0.006572639,1
actual,1,51,scatter_ring_allgather,0,512,384,2.701018929,0.005275428,0.004007124,0.006593158,1
actual,2,52,scatter_ring_allgather,0,512,384,2.710010033,0.005292988,0.004016924,0.006611603,1
actual,3,53,scatter_ring_allgather,0,512,384,2.705329526,0.005283847,0.004011885,0.006563563,1
actual,4,54,scatter_ring_allgather,0,512,384,2.727757444,0.005327651,0.004001323,0.006584197,1
actual,5,55,scatter_ring_allgather,0,512,384,2.715130718,0.005302990,0.004017402,0.006632852,1
actual,6,56,scatter_ring_allgather,0,512,384,2.708535389,0.005290108,0.004042811,0.006537674,1
actual,7,57,scatter_ring_allgather,0,512,384,2.719458911,0.005311443,0.004018424,0.006601571,1
actual,8,58,scatter_ring_allgather,0,512,384,2.711738442,0.005296364,0.003998028,0.006564414,1
actual,9,59,scatter_ring_allgather,0,512,384,2.719476769,0.005311478,0.004007444,0.006560737,1
actual,10,60,scatter_ring_allgather,0,512,384,2.706995289,0.005287100,0.004042532,0.006665343,1
actual,11,61,scatter_ring_allgather,0,512,384,2.726409291,0.005325018,0.003973243,0.006593276,1
actual,12,62,scatter_ring_allgather,0,512,384,2.698590599,0.005270685,0.004032503,0.006499913,1
actual,13,63,scatter_ring_allgather,0,512,384,2.715978665,0.005304646,0.004022946,0.006572569,1
actual,14,64,scatter_ring_allgather,0,512,384,2.692239475,0.005258280,0.004039427,0.006565656,1
actual,15,65,scatter_ring_allgather,0,512,384,2.704092558,0.005281431,0.004019487,0.006585995,1
actual,16,66,scatter_ring_allgather,0,512,384,2.724611827,0.005321507,0.004005451,0.006590223,1
actual,17,67,scatter_ring_allgather,0,512,384,2.716436763,0.005305541,0.003992897,0.006570636,1
actual,18,68,scatter_ring_allgather,0,512,384,2.692596522,0.005258978,0.004013577,0.006423607,1
actual,19,69,scatter_ring_allgather,0,512,384,2.726208481,0.005324626,0.003989553,0.006571604,1
actual,20,70,scatter_ring_allgather,0,512,384,2.689076886,0.005252103,0.003997829,0.006530190,1
actual,21,71,scatter_ring_allgather,0,512,384,2.723127093,0.005318608,0.004028894,0.006579833,1
actual,22,72,scatter_ring_allgather,0,512,384,2.714280229,0.005301329,0.004043692,0.006620139,1
actual,23,73,scatter_ring_allgather,0,512,384,2.693150248,0.005260059,0.003974976,0.006508880,1
actual,24,74,scatter_ring_allgather,0,512,384,2.719482327,0.005311489,0.004029095,0.006630207,1
actual,25,75,scatter_ring_allgather,0,512,384,2.714774519,0.005302294,0.004009611,0.006600872,1
actual,26,76,scatter_ring_allgather,0,512,384,2.692405546,0.005258605,0.004019309,0.006543445,1
actual,27,77,scatter_ring_allgather,0,512,384,2.723201246,0.005318752,0.004092614,0.006583750,1
actual,28,78,scatter_ring_allgather,0,512,384,2.702679576,0.005278671,0.004045679,0.006584481,1
actual,29,79,scatter_ring_allgather,0,512,384,2.718772759,0.005310103,0.003981377,0.006544805,1
actual,30,80,scatter_ring_allgather,0,512,384,2.711945213,0.005296768,0.004021290,0.006563021,1
actual,31,81,scatter_ring_allgather,0,512,384,2.727680284,0.005327501,0.003967312,0.006561395,1
actual,32,82,scatter_ring_allgather,0,512,384,2.735058982,0.005341912,0.004064201,0.006606119,1
actual,33,83,scatter_ring_allgather,0,512,384,4.082392316,0.007973422,0.004328989,0.010637771,1
actual,34,84,scatter_ring_allgather,0,512,384,2.724759736,0.005321796,0.003989163,0.006563880,1
actual,35,85,scatter_ring_allgather,0,512,384,2.724155162,0.005320616,0.003981918,0.006588676,1
actual,36,86,scatter_ring_allgather,0,512,384,2.719625855,0.005311769,0.003966439,0.006559061,1
actual,37,87,scatter_ring_allgather,0,512,384,2.719015308,0.005310577,0.003982540,0.006550918,1
actual,38,88,scatter_ring_allgather,0,512,384,2.693006033,0.005259777,0.004023086,0.006592587,1
actual,39,89,scatter_ring_allgather,0,512,384,2.727390469,0.005326935,0.004036078,0.006573982,1
actual,40,90,scatter_ring_allgather,0,512,384,2.726830086,0.005325840,0.003991614,0.006595299,1
actual,41,91,scatter_ring_allgather,0,512,384,2.725174817,0.005322607,0.004002687,0.006615711,1
actual,42,92,scatter_ring_allgather,0,512,384,2.680032332,0.005234438,0.004067250,0.006468685,1
actual,43,93,scatter_ring_allgather,0,512,384,2.725050368,0.005322364,0.004017333,0.006572098,1
actual,44,94,scatter_ring_allgather,0,512,384,2.693795591,0.005261320,0.004021801,0.006640817,1
actual,45,95,scatter_ring_allgather,0,512,384,2.690262280,0.005254419,0.004051407,0.006534348,1
actual,46,96,scatter_ring_allgather,0,512,384,2.697537941,0.005268629,0.004002918,0.006558512,1
actual,47,97,scatter_ring_allgather,0,512,384,2.712023117,0.005296920,0.003980757,0.006542302,1
actual,48,98,scatter_ring_allgather,0,512,384,2.689161918,0.005252269,0.003993157,0.006467333,1
actual,49,99,scatter_ring_allgather,0,512,384,2.684733915,0.005243621,0.004047802,0.006499622,1
warmup,0,0,scatter_ring_allgather,0,512,512,2.713919492,0.005300624,0.004066685,0.006615118,1
warmup,1,1,scatter_ring_allgather,0,512,512,2.716454347,0.005305575,0.004039367,0.006554145,1
warmup,2,2,scatter_ring_allgather,0,512,512,2.707597537,0.005288276,0.004034037,0.006538396,1
warmup,3,3,scatter_ring_allgather,0,512,512,2.722170764,0.005316740,0.004046928,0.006581005,1
warmup,4,4,scatter_ring_allgather,0,512,512,2.707628178,0.005288336,0.004043074,0.006545499,1
warmup,5,5,scatter_ring_allgather,0,512,512,2.704417801,0.005282066,0.004075421,0.006522085,1
warmup,6,6,scatter_ring_allgather,0,512,512,2.710338894,0.005293631,0.004050418,0.006503390,1
warmup,7,7,scatter_ring_allgather,0,512,512,2.707492347,0.005288071,0.004046581,0.006567128,1
warmup,8,8,scatter_ring_allgather,0,512,512,2.712964658,0.005298759,0.004047610,0.006564343,1
warmup,9,9,scatter_ring_allgather,0,512,512,2.706828441,0.005286774,0.004161817,0.006567721,1
warmup,10,10,scatter_ring_allgather,0,512,512,2.719123776,0.005310789,0.004040147,0.006566187,1
warmup,11,11,scatter_ring_allgather,0,512,512,2.717091677,0.005306820,0.004044426,0.006619828,1
warmup,12,12,scatter_ring_allgather,0,512,512,2.708202837,0.005289459,0.004012757,0.006537374,1
warmup,13,13,scatter_ring_allgather,0,512,512,2.722128527,0.005316657,0.004065713,0.006601473,1
warmup,14,14,scatter_ring_allgather,0,512,512,2.733154077,0.005338192,0.004062788,0.006531672,1
warmup,15,15,scatter_ring_allgather,0,512,512,2.718729459,0.005310018,0.004019950,0.006527955,1
warmup,16,16,scatter_ring_allgather,0,512,512,2.727274161,0.005326707,0.004019167,0.006534088,1
warmup,17,17,scatter_ring_allgather,0,512,512,2.725690351,0.005323614,0.003982690,0.006613756,1
warmup,18,18,scatter_ring_allgather,0,512,512,2.717154896,0.005306943,0.004056657,0.006592196,1
warmup,19,19,scatter_ring_allgather,0,512,512,2.714900204,0.005302539,0.004030267,0.006590644,1
warmup,20,20,scatter_ring_allgather,0,512,512,2.725131665,0.005322523,0.004063219,0.006579251,1
warmup,21,21,scatter_ring_allgather,0,512,512,2.727817691,0.005327769,0.004075825,0.006606853,1
warmup,22,22,scatter_ring_allgather,0,512,512,2.726594997,0.005325381,0.004000503,0.006607936,1
warmup,23,23,scatter_ring_allgather,0,512,512,2.714815055,0.005302373,0.004005212,0.006612184,1
warmup,24,24,scatter_ring_allgather,0,512,512,2.717041189,0.005306721,0.004049764,0.006634445,1
warmup,25,25,scatter_ring_allgather,0,512,512,2.722001296,0.005316409,0.004062621,0.006563832,1
warmup,26,26,scatter_ring_allgather,0,512,512,2.711823250,0.005296530,0.004050805,0.006574603,1
warmup,27,27,scatter_ring_allgather,0,512,512,2.711318703,0.005295544,0.004065897,0.006596674,1
warmup,28,28,scatter_ring_allgather,0,512,512,2.720092349,0.005312680,0.004040600,0.006618836,1
warmup,29,29,scatter_ring_allgather,0,512,512,2.727238968,0.005326639,0.004043402,0.006583920,1
warmup,30,30,scatter_ring_allgather,0,512,512,2.704381860,0.005281996,0.004024359,0.006534408,1
warmup,31,31,scatter_ring_allgather,0,512,512,2.709439973,0.005291875,0.004048474,0.006613095,1
warmup,32,32,scatter_ring_allgather,0,512,512,2.694215718,0.005262140,0.004045576,0.006567911,1
warmup,33,33,scatter_ring_allgather,0,512,512,2.702303288,0.005277936,0.003979745,0.006563562,1
warmup,34,34,scatter_ring_allgather,0,512,512,2.703733561,0.005280730,0.004033766,0.006542072,1
warmup,35,35,scatter_ring_allgather,0,512,512,2.710814638,0.005294560,0.004061809,0.006522866,1
warmup,36,36,scatter_ring_allgather,0,512,512,2.714980588,0.005302696,0.004039104,0.006629967,1
warmup,37,37,scatter_ring_allgather,0,512,512,2.717302131,0.005307231,0.004139225,0.006575745,1
warmup,38,38,scatter_ring_allgather,0,512,512,2.717568673,0.005307751,0.004016404,0.006541441,1
warmup,39,39,scatter_ring_allgather,0,512,512,2.706332768,0.005285806,0.004014197,0.006528015,1
warmup,40,40,scatter_ring_allgather,0,512,512,2.701790634,0.005276935,0.004136608,0.006595832,1
warmup,41,41,scatter_ring_allgather,0,512,512,2.702737533,0.005278784,0.004040318,0.006491818,1
warmup,42,42,scatter_ring_allgather,0,512,512,2.718326697,0.005309232,0.004061538,0.006575023,1
warmup,43,43,scatter_ring_allgather,0,512,512,2.706834307,0.005286786,0.004091963,0.006539928,1
warmup,44,44,scatter_ring_allgather,0,512,512,2.712928723,0.005298689,0.004049014,0.006556670,1
warmup,45,45,scatter_ring_allgather,0,512,512,2.713697680,0.005300191,0.004015522,0.006544366,1
warmup,46,46,scatter_ring_allgather,0,512,512,2.712375672,0.005297609,0.004067727,0.006566118,1
warmup,47,47,scatter_ring_allgather,0,512,512,2.726514400,0.005325223,0.004046999,0.006620639,1
warmup,48,48,scatter_ring_allgather,0,512,512,2.713577818,0.005299957,0.004040085,0.006598758,1
warmup,49,49,scatter_ring_allgather,0,512,512,2.721125096,0.005314697,0.004050067,0.006649844,1
actual,0,50,scatter_ring_allgather,0,512,512,2.713831909,0.005300453,0.004040509,0.006566838,1
actual,1,51,scatter_ring_allgather,0,512,512,2.720668732,0.005313806,0.004047622,0.006579152,1
actual,2,52,scatter_ring_allgather,0,512,512,2.715147544,0.005303023,0.004038382,0.006562199,1
actual,3,53,scatter_ring_allgather,0,512,512,2.726344530,0.005324892,0.004062277,0.006632442,1
actual,4,54,scatter_ring_allgather,0,512,512,2.728175199,0.005328467,0.004063129,0.006639434,1
actual,5,55,scatter_ring_allgather,0,512,512,2.711996594,0.005296868,0.004045088,0.006593008,1
actual,6,56,scatter_ring_allgather,0,512,512,2.717885296,0.005308370,0.004074180,0.006561108,1
actual,7,57,scatter_ring_allgather,0,512,512,2.695304924,0.005264267,0.004041278,0.006426081,1
actual,8,58,scatter_ring_allgather,0,512,512,2.720284045,0.005313055,0.004044394,0.006603928,1
actual,9,59,scatter_ring_allgather,0,512,512,2.715416520,0.005303548,0.004076704,0.006576286,1
actual,10,60,scatter_ring_allgather,0,512,512,2.713410939,0.005299631,0.003994372,0.006555888,1
actual,11,61,scatter_ring_allgather,0,512,512,2.702903853,0.005279109,0.004014349,0.006553824,1
actual,12,62,scatter_ring_allgather,0,512,512,2.719548856,0.005311619,0.004044354,0.006623896,1
actual,13,63,scatter_ring_allgather,0,512,512,2.728301956,0.005328715,0.004090893,0.006654483,1
actual,14,64,scatter_ring_allgather,0,512,512,2.722631579,0.005317640,0.004068319,0.006578290,1
actual,15,65,scatter_ring_allgather,0,512,512,2.724216552,0.005320735,0.004005133,0.006586996,1
actual,16,66,scatter_ring_allgather,0,512,512,2.706068081,0.005285289,0.004018067,0.006530530,1
actual,17,67,scatter_ring_allgather,0,512,512,2.711508560,0.005295915,0.004020442,0.006560727,1
actual,18,68,scatter_ring_allgather,0,512,512,2.718129816,0.005308847,0.004055224,0.006573431,1
actual,19,69,scatter_ring_allgather,0,512,512,2.715939867,0.005304570,0.004051777,0.006513148,1
actual,20,70,scatter_ring_allgather,0,512,512,2.736909471,0.005345526,0.004174651,0.006665433,1
actual,21,71,scatter_ring_allgather,0,512,512,2.703422225,0.005280122,0.004038866,0.006567399,1
actual,22,72,scatter_ring_allgather,0,512,512,2.709220577,0.005291446,0.004057638,0.006552782,1
actual,23,73,scatter_ring_allgather,0,512,512,2.708662757,0.005290357,0.004076364,0.006569944,1
actual,24,74,scatter_ring_allgather,0,512,512,2.720804715,0.005314072,0.004054402,0.006581406,1
actual,25,75,scatter_ring_allgather,0,512,512,2.706810445,0.005286739,0.004096932,0.006525401,1
actual,26,76,scatter_ring_allgather,0,512,512,2.716503844,0.005305672,0.004008098,0.006581876,1
actual,27,77,scatter_ring_allgather,0,512,512,2.713968710,0.005300720,0.004182396,0.006554055,1
actual,28,78,scatter_ring_allgather,0,512,512,2.712802033,0.005298441,0.004055447,0.006556500,1
actual,29,79,scatter_ring_allgather,0,512,512,2.713651773,0.005300101,0.004049677,0.006535981,1
actual,30,80,scatter_ring_allgather,0,512,512,2.716287883,0.005305250,0.004043375,0.006542183,1
actual,31,81,scatter_ring_allgather,0,512,512,2.707810924,0.005288693,0.003981508,0.006580093,1
actual,32,82,scatter_ring_allgather,0,512,512,2.715490975,0.005303693,0.004044587,0.006544807,1
actual,33,83,scatter_ring_allgather,0,512,512,2.723400310,0.005319141,0.004041689,0.006524687,1
actual,34,84,scatter_ring_allgather,0,512,512,2.711719087,0.005296326,0.004033786,0.006552201,1
actual,35,85,scatter_ring_allgather,0,512,512,2.715802756,0.005304302,0.004046268,0.006632832,1
actual,36,86,scatter_ring_allgather,0,512,512,2.722651689,0.005317679,0.004081977,0.006625078,1
actual,37,87,scatter_ring_allgather,0,512,512,2.709456752,0.005291908,0.004035390,0.006554185,1
actual,38,88,scatter_ring_allgather,0,512,512,2.710443779,0.005293836,0.004039194,0.006569554,1
actual,39,89,scatter_ring_allgather,0,512,512,2.719478851,0.005311482,0.004111192,0.006592677,1
actual,40,90,scatter_ring_allgather,0,512,512,2.712874710,0.005298583,0.004067757,0.006628043,1
actual,41,91,scatter_ring_allgather,0,512,512,2.714619406,0.005301991,0.004069293,0.006513940,1
actual,42,92,scatter_ring_allgather,0,512,512,2.705791890,0.005284750,0.004013107,0.006556560,1
actual,43,93,scatter_ring_allgather,0,512,512,2.710312658,0.005293579,0.004073922,0.006614738,1
actual,44,94,scatter_ring_allgather,0,512,512,2.716495175,0.005305655,0.004109358,0.006614277,1
actual,45,95,scatter_ring_allgather,0,512,512,2.736848293,0.005345407,0.004074664,0.006566278,1
actual,46,96,scatter_ring_allgather,0,512,512,2.722137307,0.005316674,0.004044416,0.006566398,1
actual,47,97,scatter_ring_allgather,0,512,512,2.716368328,0.005305407,0.004087875,0.006563512,1
actual,48,98,scatter_ring_allgather,0,512,512,2.719137118,0.005310815,0.004021884,0.006637822,1
actual,49,99,scatter_ring_allgather,0,512,512,2.701541497,0.005276448,0.004030490,0.006525301,1
warmup,0,0,scatter_ring_allgather,0,512,768,2.737108003,0.005345914,0.004087777,0.006541431,1
warmup,1,1,scatter_ring_allgather,0,512,768,2.732781632,0.005337464,0.004058142,0.006538652,1
warmup,2,2,scatter_ring_allgather,0,512,768,2.718652201,0.005309868,0.004116930,0.006549787,1
warmup,3,3,scatter_ring_allgather,0,512,768,2.708485391,0.005290011,0.004088690,0.006575334,1
warmup,4,4,scatter_ring_allgather,0,512,768,2.723048253,0.005318454,0.004094240,0.006556479,1
warmup,5,5,scatter_ring_allgather,0,512,768,2.711958175,0.005296793,0.004084461,0.006558383,1
warmup,6,6,scatter_ring_allgather,0,512,768,2.701652447,0.005276665,0.004082408,0.006578220,1
warmup,7,7,scatter_ring_allgather,0,512,768,2.721322857,0.005315084,0.004086866,0.006521744,1
warmup,8,8,scatter_ring_allgather,0,512,768,2.713283648,0.005299382,0.004074933,0.006569163,1
warmup,9,9,scatter_ring_allgather,0,512,768,2.733958926,0.005339764,0.004060536,0.006518986,1
warmup,10,10,scatter_ring_allgather,0,512,768,2.718662665,0.005309888,0.004126962,0.006583279,1
warmup,11,11,scatter_ring_allgather,0,512,768,2.723280078,0.005318906,0.004040769,0.006539197,1
warmup,12,12,scatter_ring_allgather,0,512,768,2.707487136,0.005288061,0.004090082,0.006575986,1
warmup,13,13,scatter_ring_allgather,0,512,768,2.743487004,0.005358373,0.004086182,0.006590038,1
warmup,14,14,scatter_ring_allgather,0,512,768,2.717176918,0.005306986,0.004141509,0.006572839,1
warmup,15,15,scatter_ring_allgather,0,512,768,2.739369492,0.005350331,0.004048822,0.006608524,1
warmup,16,16,scatter_ring_allgather,0,512,768,2.736817545,0.005345347,0.004132441,0.006584572,1
warmup,17,17,scatter_ring_allgather,0,512,768,2.746469855,0.005364199,0.004079842,0.006590360,1
warmup,18,18,scatter_ring_allgather,0,512,768,2.722041287,0.005316487,0.004117303,0.006597496,1
warmup,19,19,scatter_ring_allgather,0,512,768,2.749029560,0.005369198,0.004098016,0.006585060,1
warmup,20,20,scatter_ring_allgather,0,512,768,2.733632543,0.005339126,0.004113466,0.006583079,1
warmup,21,21,scatter_ring_allgather,0,512,768,2.722851053,0.005318068,0.004086665,0.006582427,1
warmup,22,22,scatter_ring_allgather,0,512,768,2.707632615,0.005288345,0.004146555,0.006479435,1
warmup,23,23,scatter_ring_allgather,0,512,768,2.732027186,0.005335991,0.004071156,0.006529038,1
warmup,24,24,scatter_ring_allgather,0,512,768,2.740748135,0.005353024,0.004212408,0.006644464,1
warmup,25,25,scatter_ring_allgather,0,512,768,2.737894415,0.005347450,0.004103518,0.006538923,1
warmup,26,26,scatter_ring_allgather,0,512,768,2.714115486,0.005301007,0.004137999,0.006588199,1
warmup,27,27,scatter_ring_allgather,0,512,768,2.734023274,0.005339889,0.004092685,0.006532060,1
warmup,28,28,scatter_ring_allgather,0,512,768,2.719206805,0.005310951,0.004065816,0.006624416,1
warmup,29,29,scatter_ring_allgather,0,512,768,2.731713334,0.005335378,0.004044387,0.006550057,1
warmup,30,30,scatter_ring_allgather,0,512,768,2.711311431,0.005295530,0.004095612,0.006514862,1
warmup,31,31,scatter_ring_allgather,0,512,768,2.717185436,0.005307003,0.004113984,0.006548755,1
warmup,32,32,scatter_ring_allgather,0,512,768,2.730938531,0.005333864,0.004089007,0.006595802,1
warmup,33,33,scatter_ring_allgather,0,512,768,2.713236740,0.005299291,0.004071176,0.006567850,1
warmup,34,34,scatter_ring_allgather,0,512,768,2.740252179,0.005352055,0.004121501,0.006551169,1
warmup,35,35,scatter_ring_allgather,0,512,768,2.721121283,0.005314690,0.004083810,0.006573872,1
warmup,36,36,scatter_ring_allgather,0,512,768,2.710834705,0.005294599,0.004083629,0.006566979,1
warmup,37,37,scatter_ring_allgather,0,512,768,2.735384940,0.005342549,0.004079600,0.006584613,1
warmup,38,38,scatter_ring_allgather,0,512,768,2.725179806,0.005322617,0.004063542,0.006584591,1
warmup,39,39,scatter_ring_allgather,0,512,768,2.717165496,0.005306964,0.004090302,0.006569262,1
warmup,40,40,scatter_ring_allgather,0,512,768,2.731700323,0.005335352,0.004084371,0.006568813,1
warmup,41,41,scatter_ring_allgather,0,512,768,2.723365497,0.005319073,0.004062490,0.006526540,1
warmup,42,42,scatter_ring_allgather,0,512,768,2.751857912,0.005374722,0.004068612,0.006627649,1
warmup,43,43,scatter_ring_allgather,0,512,768,2.708539198,0.005290116,0.004045248,0.006481959,1
warmup,44,44,scatter_ring_allgather,0,512,768,2.703690134,0.005280645,0.004076327,0.006389767,1
warmup,45,45,scatter_ring_allgather,0,512,768,2.700790775,0.005274982,0.004054255,0.006565777,1
warmup,46,46,scatter_ring_allgather,0,512,768,2.723381435,0.005319104,0.004081697,0.006546821,1
warmup,47,47,scatter_ring_allgather,0,512,768,2.714554484,0.005301864,0.004107886,0.006548424,1
warmup,48,48,scatter_ring_allgather,0,512,768,2.728091783,0.005328304,0.004087555,0.006545378,1
warmup,49,49,scatter_ring_allgather,0,512,768,2.725067774,0.005322398,0.004080835,0.006549697,1
actual,0,50,scatter_ring_allgather,0,512,768,2.713488345,0.005299782,0.004091775,0.006608436,1
actual,1,51,scatter_ring_allgather,0,512,768,2.742919625,0.005357265,0.004082518,0.006635494,1
actual,2,52,scatter_ring_allgather,0,512,768,2.729334826,0.005330732,0.004110260,0.006556729,1
actual,3,53,scatter_ring_allgather,0,512,768,2.737806268,0.005347278,0.004087604,0.006581857,1
actual,4,54,scatter_ring_allgather,0,512,768,2.711388160,0.005295680,0.004072809,0.006582107,1
actual,5,55,scatter_ring_allgather,0,512,768,2.712910781,0.005298654,0.004052291,0.006502428,1
actual,6,56,scatter_ring_allgather,0,512,768,2.711399532,0.005295702,0.004090002,0.006638793,1
actual,7,57,scatter_ring_allgather,0,512,768,2.698303051,0.005270123,0.004072349,0.006568472,1
actual,8,58,scatter_ring_allgather,0,512,768,2.713544035,0.005299891,0.004108193,0.006584883,1
actual,9,59,scatter_ring_allgather,0,512,768,2.736778487,0.005345270,0.004091765,0.006532193,1
actual,10,60,scatter_ring_allgather,0,512,768,2.710368819,0.005293689,0.004069343,0.006372741,1
actual,11,61,scatter_ring_allgather,0,512,768,2.715450096,0.005303613,0.004110009,0.006561027,1
actual,12,62,scatter_ring_allgather,0,512,768,2.705348574,0.005283884,0.004101554,0.006545369,1
actual,13,63,scatter_ring_allgather,0,512,768,2.730228155,0.005332477,0.004082127,0.006556178,1
actual,14,64,scatter_ring_allgather,0,512,768,2.722092571,0.005316587,0.004111639,0.006671955,1
actual,15,65,scatter_ring_allgather,0,512,768,2.718967805,0.005310484,0.004095341,0.006544587,1
actual,16,66,scatter_ring_allgather,0,512,768,2.726139954,0.005324492,0.004102843,0.006580163,1
actual,17,67,scatter_ring_allgather,0,512,768,2.712082087,0.005297035,0.004089831,0.006555908,1
actual,18,68,scatter_ring_allgather,0,512,768,2.712999854,0.005298828,0.004080945,0.006589902,1
actual,19,69,scatter_ring_allgather,0,512,768,2.707951916,0.005288969,0.004064794,0.006579403,1
actual,20,70,scatter_ring_allgather,0,512,768,2.739173136,0.005349948,0.004091762,0.006615590,1
actual,21,71,scatter_ring_allgather,0,512,768,2.721971082,0.005316350,0.004074023,0.006645896,1
actual,22,72,scatter_ring_allgather,0,512,768,2.743631822,0.005358656,0.004099240,0.006580865,1
actual,23,73,scatter_ring_allgather,0,512,768,2.706279207,0.005285702,0.004070014,0.006538646,1
actual,24,74,scatter_ring_allgather,0,512,768,2.709497668,0.005291988,0.004097446,0.006579853,1
actual,25,75,scatter_ring_allgather,0,512,768,2.706810697,0.005286740,0.004079833,0.006521864,1
actual,26,76,scatter_ring_allgather,0,512,768,2.706525070,0.005286182,0.004142688,0.006559565,1
actual,27,77,scatter_ring_allgather,0,512,768,2.727599851,0.005327343,0.004068902,0.006618795,1
actual,28,78,scatter_ring_allgather,0,512,768,2.711731087,0.005296350,0.004080465,0.006556028,1
actual,29,79,scatter_ring_allgather,0,512,768,2.712484803,0.005297822,0.004069072,0.006605411,1
actual,30,80,scatter_ring_allgather,0,512,768,2.744206631,0.005359779,0.004048975,0.006597493,1
actual,31,81,scatter_ring_allgather,0,512,768,2.738342300,0.005348325,0.004070205,0.006571765,1
actual,32,82,scatter_ring_allgather,0,512,768,2.708344989,0.005289736,0.004091525,0.006555738,1
actual,33,83,scatter_ring_allgather,0,512,768,2.740452483,0.005352446,0.004024889,0.006609196,1
actual,34,84,scatter_ring_allgather,0,512,768,2.735592133,0.005342953,0.004105909,0.006558603,1
actual,35,85,scatter_ring_allgather,0,512,768,2.732608060,0.005337125,0.004044616,0.006561756,1
actual,36,86,scatter_ring_allgather,0,512,768,2.730981100,0.005333947,0.004077054,0.006561268,1
actual,37,87,scatter_ring_allgather,0,512,768,2.703640072,0.005280547,0.004087838,0.006523637,1
actual,38,88,scatter_ring_allgather,0,512,768,2.707611872,0.005288304,0.004104208,0.006551610,1
actual,39,89,scatter_ring_allgather,0,512,768,2.732444741,0.005336806,0.004055006,0.006552341,1
actual,40,90,scatter_ring_allgather,0,512,768,2.716751074,0.005306154,0.004092284,0.006564103,1
actual,41,91,scatter_ring_allgather,0,512,768,2.742424701,0.005356298,0.004194589,0.006549336,1
actual,42,92,scatter_ring_allgather,0,512,768,2.718109741,0.005308808,0.004080013,0.006574653,1
actual,43,93,scatter_ring_allgather,0,512,768,2.710459020,0.005293865,0.004129774,0.006529670,1
actual,44,94,scatter_ring_allgather,0,512,768,2.725875555,0.005323976,0.004078610,0.006603387,1
actual,45,95,scatter_ring_allgather,0,512,768,2.739921616,0.005351409,0.004061548,0.006568391,1
actual,46,96,scatter_ring_allgather,0,512,768,2.717855451,0.005308311,0.004113876,0.006619047,1
actual,47,97,scatter_ring_allgather,0,512,768,2.740609869,0.005352754,0.004066958,0.006604149,1
actual,48,98,scatter_ring_allgather,0,512,768,2.714396408,0.005301555,0.004221807,0.006527294,1
actual,49,99,scatter_ring_allgather,0,512,768,2.699271825,0.005272015,0.004078570,0.006536802,1
warmup,0,0,scatter_ring_allgather,0,512,1024,2.724433362,0.005321159,0.004047522,0.006594110,1
warmup,1,1,scatter_ring_allgather,0,512,1024,2.731544667,0.005335048,0.004066648,0.006550026,1
warmup,2,2,scatter_ring_allgather,0,512,1024,2.727100861,0.005326369,0.004065767,0.006567760,1
warmup,3,3,scatter_ring_allgather,0,512,1024,2.722650922,0.005317678,0.004069414,0.006645316,1
warmup,4,4,scatter_ring_allgather,0,512,1024,2.725661250,0.005323557,0.004068912,0.006592186,1
warmup,5,5,scatter_ring_allgather,0,512,1024,2.724512647,0.005321314,0.004081076,0.006610470,1
warmup,6,6,scatter_ring_allgather,0,512,1024,2.732347450,0.005336616,0.004060176,0.006612564,1
warmup,7,7,scatter_ring_allgather,0,512,1024,2.727972089,0.005328070,0.004038345,0.006639054,1
warmup,8,8,scatter_ring_allgather,0,512,1024,2.725746404,0.005323723,0.004081876,0.006577107,1
warmup,9,9,scatter_ring_allgather,0,512,1024,2.842896019,0.005552531,0.004069483,0.007384289,1
warmup,10,10,scatter_ring_allgather,0,512,1024,2.729318677,0.005330701,0.004079823,0.006616962,1
warmup,11,11,scatter_ring_allgather,0,512,1024,2.723568748,0.005319470,0.004048052,0.006625098,1
warmup,12,12,scatter_ring_allgather,0,512,1024,2.737970954,0.005347600,0.004077295,0.006637321,1
warmup,13,13,scatter_ring_allgather,0,512,1024,2.727416872,0.005326986,0.004094711,0.006651276,1
warmup,14,14,scatter_ring_allgather,0,512,1024,2.731570524,0.005335099,0.004059384,0.006648212,1
warmup,15,15,scatter_ring_allgather,0,512,1024,2.735628913,0.005343025,0.004058293,0.006676253,1
warmup,16,16,scatter_ring_allgather,0,512,1024,2.742379393,0.005356210,0.004078190,0.006647780,1
warmup,17,17,scatter_ring_allgather,0,512,1024,2.720949419,0.005314354,0.004069213,0.006641829,1
warmup,18,18,scatter_ring_allgather,0,512,1024,2.723581607,0.005319495,0.004100542,0.006634496,1
warmup,19,19,scatter_ring_allgather,0,512,1024,2.721237952,0.005314918,0.004074573,0.006649343,1
warmup,20,20,scatter_ring_allgather,0,512,1024,2.734223597,0.005340280,0.004086095,0.006665002,1
warmup,21,21,scatter_ring_allgather,0,512,1024,2.730630869,0.005333263,0.004097185,0.006621891,1
warmup,22,22,scatter_ring_allgather,0,512,1024,2.732367547,0.005336655,0.004056439,0.006633775,1
warmup,23,23,scatter_ring_allgather,0,512,1024,2.734837059,0.005341479,0.004066698,0.006619837,1
warmup,24,24,scatter_ring_allgather,0,512,1024,2.713331845,0.005299476,0.004073952,0.006581716,1
warmup,25,25,scatter_ring_allgather,0,512,1024,2.716728041,0.005306109,0.004048134,0.006559214,1
warmup,26,26,scatter_ring_allgather,0,512,1024,2.726535994,0.005325266,0.004072138,0.006594890,1
warmup,27,27,scatter_ring_allgather,0,512,1024,2.720795947,0.005314055,0.004070265,0.006558653,1
warmup,28,28,scatter_ring_allgather,0,512,1024,2.725278263,0.005322809,0.004110360,0.006581366,1
warmup,29,29,scatter_ring_allgather,0,512,1024,2.751073890,0.005373191,0.004092805,0.006643162,1
warmup,30,30,scatter_ring_allgather,0,512,1024,2.737137807,0.005345972,0.004100611,0.006674540,1
warmup,31,31,scatter_ring_allgather,0,512,1024,2.727490722,0.005327130,0.004090804,0.006686172,1
warmup,32,32,scatter_ring_allgather,0,512,1024,2.735611456,0.005342991,0.004074533,0.006670794,1
warmup,33,33,scatter_ring_allgather,0,512,1024,2.717166705,0.005306966,0.004064865,0.006514621,1
warmup,34,34,scatter_ring_allgather,0,512,1024,2.729062965,0.005330201,0.004059865,0.006585062,1
warmup,35,35,scatter_ring_allgather,0,512,1024,2.712085674,0.005297042,0.004092617,0.006444646,1
warmup,36,36,scatter_ring_allgather,0,512,1024,2.721613856,0.005315652,0.004100088,0.006601725,1
warmup,37,37,scatter_ring_allgather,0,512,1024,2.726959780,0.005326093,0.004107435,0.006642239,1
warmup,38,38,scatter_ring_allgather,0,512,1024,2.738746473,0.005349114,0.004044897,0.006631880,1
warmup,39,39,scatter_ring_allgather,0,512,1024,2.730732934,0.005333463,0.004049205,0.006574052,1
warmup,40,40,scatter_ring_allgather,0,512,1024,2.721556678,0.005315540,0.004060727,0.006572809,1
warmup,41,41,scatter_ring_allgather,0,512,1024,2.725785815,0.005323800,0.004085173,0.006603066,1
warmup,42,42,scatter_ring_allgather,0,512,1024,2.722742852,0.005317857,0.004057921,0.006604308,1
warmup,43,43,scatter_ring_allgather,0,512,1024,2.720260896,0.005313010,0.004060417,0.006636820,1
warmup,44,44,scatter_ring_allgather,0,512,1024,2.725488391,0.005323220,0.004055377,0.006600722,1
warmup,45,45,scatter_ring_allgather,0,512,1024,2.736272042,0.005344281,0.004095842,0.006654853,1
warmup,46,46,scatter_ring_allgather,0,512,1024,2.716034278,0.005304754,0.004053102,0.006544086,1
warmup,47,47,scatter_ring_allgather,0,512,1024,2.725379304,0.005323006,0.004079521,0.006584532,1
warmup,48,48,scatter_ring_allgather,0,512,1024,2.727020445,0.005326212,0.004103809,0.006564013,1
warmup,49,49,scatter_ring_allgather,0,512,1024,2.738485364,0.005348604,0.004089551,0.006636148,1
actual,0,50,scatter_ring_allgather,0,512,1024,2.726727382,0.005325639,0.004077048,0.006636219,1
actual,1,51,scatter_ring_allgather,0,512,1024,2.724627403,0.005321538,0.004066358,0.006602245,1
actual,2,52,scatter_ring_allgather,0,512,1024,2.734467066,0.005340756,0.004081994,0.006631509,1
actual,3,53,scatter_ring_allgather,0,512,1024,2.727881165,0.005327893,0.004073228,0.006672728,1
actual,4,54,scatter_ring_allgather,0,512,1024,2.721991319,0.005316389,0.004053263,0.006551089,1
actual,5,55,scatter_ring_allgather,0,512,1024,2.721916784,0.005316244,0.004083150,0.006557220,1
actual,6,56,scatter_ring_allgather,0,512,1024,2.731019964,0.005334023,0.004078911,0.006603828,1
actual,7,57,scatter_ring_allgather,0,512,1024,2.719531388,0.005311585,0.004089792,0.006610371,1
actual,8,58,scatter_ring_allgather,0,512,1024,2.743510914,0.005358420,0.004070546,0.006644033,1
actual,9,59,scatter_ring_allgather,0,512,1024,2.733731242,0.005339319,0.004087967,0.006683707,1
actual,10,60,scatter_ring_allgather,0,512,1024,2.732486517,0.005336888,0.004069754,0.006682797,1
actual,11,61,scatter_ring_allgather,0,512,1024,2.722700541,0.005317774,0.004071387,0.006608396,1
actual,12,62,scatter_ring_allgather,0,512,1024,2.721325841,0.005315090,0.004075505,0.006577769,1
actual,13,63,scatter_ring_allgather,0,512,1024,2.721472253,0.005315375,0.004068251,0.006630127,1
actual,14,64,scatter_ring_allgather,0,512,1024,2.723958233,0.005320231,0.004155434,0.006594280,1
actual,15,65,scatter_ring_allgather,0,512,1024,2.725465473,0.005323175,0.004076867,0.006609478,1
actual,16,66,scatter_ring_allgather,0,512,1024,2.728687401,0.005329468,0.004098979,0.006634414,1
actual,17,67,scatter_ring_allgather,0,512,1024,2.730594860,0.005333193,0.004071898,0.006597356,1
actual,18,68,scatter_ring_allgather,0,512,1024,2.721758939,0.005315935,0.004110230,0.006608036,1
actual,19,69,scatter_ring_allgather,0,512,1024,2.734293341,0.005340417,0.004086265,0.006576496,1
actual,20,70,scatter_ring_allgather,0,512,1024,2.720131260,0.005312756,0.004093359,0.006579371,1
actual,21,71,scatter_ring_allgather,0,512,1024,2.732385802,0.005336691,0.004038825,0.006586907,1
actual,22,72,scatter_ring_allgather,0,512,1024,2.723970209,0.005320254,0.004084492,0.006596544,1
actual,23,73,scatter_ring_allgather,0,512,1024,2.718487620,0.005309546,0.004089010,0.006616371,1
actual,24,74,scatter_ring_allgather,0,512,1024,2.725793067,0.005323815,0.004064644,0.006632081,1
actual,25,75,scatter_ring_allgather,0,512,1024,2.726770192,0.005325723,0.004077108,0.006597405,1
actual,26,76,scatter_ring_allgather,0,512,1024,2.728619823,0.005329336,0.004096234,0.006577899,1
actual,27,77,scatter_ring_allgather,0,512,1024,2.730781964,0.005333559,0.004041361,0.006644474,1
actual,28,78,scatter_ring_allgather,0,512,1024,2.725295839,0.005322843,0.004071146,0.006632011,1
actual,29,79,scatter_ring_allgather,0,512,1024,2.728170229,0.005328457,0.004050948,0.006629125,1
actual,30,80,scatter_ring_allgather,0,512,1024,2.727739883,0.005327617,0.004093669,0.006585754,1
actual,31,81,scatter_ring_allgather,0,512,1024,2.728184052,0.005328484,0.004086866,0.006602466,1
actual,32,82,scatter_ring_allgather,0,512,1024,2.732733057,0.005337369,0.004110287,0.006615610,1
actual,33,83,scatter_ring_allgather,0,512,1024,2.726469274,0.005325135,0.004101594,0.006603787,1
actual,34,84,scatter_ring_allgather,0,512,1024,2.736678944,0.005345076,0.004131948,0.006598848,1
actual,35,85,scatter_ring_allgather,0,512,1024,2.716318156,0.005305309,0.004054345,0.006583911,1
actual,36,86,scatter_ring_allgather,0,512,1024,2.729660569,0.005331368,0.004076717,0.006625909,1
actual,37,87,scatter_ring_allgather,0,512,1024,2.730833225,0.005333659,0.004088930,0.006633313,1
actual,38,88,scatter_ring_allgather,0,512,1024,2.738467489,0.005348569,0.004101263,0.006590613,1
actual,39,89,scatter_ring_allgather,0,512,1024,2.714607698,0.005301968,0.004080795,0.006637882,1
actual,40,90,scatter_ring_allgather,0,512,1024,2.732367925,0.005336656,0.004065195,0.006551099,1
actual,41,91,scatter_ring_allgather,0,512,1024,2.716838548,0.005306325,0.004052669,0.006578880,1
actual,42,92,scatter_ring_allgather,0,512,1024,2.715616327,0.005303938,0.004097123,0.006586216,1
actual,43,93,scatter_ring_allgather,0,512,1024,2.727234027,0.005326629,0.004056809,0.006615310,1
actual,44,94,scatter_ring_allgather,0,512,1024,2.728915379,0.005329913,0.004065015,0.006588670,1
actual,45,95,scatter_ring_allgather,0,512,1024,2.727773597,0.005327683,0.004100942,0.006640106,1
actual,46,96,scatter_ring_allgather,0,512,1024,2.731368614,0.005334704,0.004057952,0.006588740,1
actual,47,97,scatter_ring_allgather,0,512,1024,2.729624497,0.005331298,0.004073731,0.006630788,1
actual,48,98,scatter_ring_allgather,0,512,1024,2.720399989,0.005313281,0.004067880,0.006588960,1
actual,49,99,scatter_ring_allgather,0,512,1024,2.714504213,0.005301766,0.004071167,0.006603548,1
warmup,0,0,scatter_ring_allgather,0,512,1536,2.740571891,0.005352679,0.004051249,0.006582177,1
warmup,1,1,scatter_ring_allgather,0,512,1536,2.728052024,0.005328227,0.004073131,0.006598838,1
warmup,2,2,scatter_ring_allgather,0,512,1536,2.728359434,0.005328827,0.004093365,0.006615740,1
warmup,3,3,scatter_ring_allgather,0,512,1536,2.731350290,0.005334669,0.004066778,0.006564435,1
warmup,4,4,scatter_ring_allgather,0,512,1536,2.738425358,0.005348487,0.004080865,0.006678457,1
warmup,5,5,scatter_ring_allgather,0,512,1536,2.723650177,0.005319629,0.004092437,0.006591855,1
warmup,6,6,scatter_ring_allgather,0,512,1536,2.722609833,0.005317597,0.004078440,0.006597326,1
warmup,7,7,scatter_ring_allgather,0,512,1536,2.732298200,0.005336520,0.004070084,0.006622192,1
warmup,8,8,scatter_ring_allgather,0,512,1536,2.732696721,0.005337298,0.004085965,0.006649162,1
warmup,9,9,scatter_ring_allgather,0,512,1536,2.731092298,0.005334165,0.004050187,0.006590092,1
warmup,10,10,scatter_ring_allgather,0,512,1536,2.733912771,0.005339673,0.004109406,0.006571378,1
warmup,11,11,scatter_ring_allgather,0,512,1536,2.732247856,0.005336422,0.004054165,0.006621231,1
warmup,12,12,scatter_ring_allgather,0,512,1536,2.735025126,0.005341846,0.004062541,0.006693355,1
warmup,13,13,scatter_ring_allgather,0,512,1536,2.722291712,0.005316976,0.004056249,0.006619778,1
warmup,14,14,scatter_ring_allgather,0,512,1536,2.737687453,0.005347046,0.004079602,0.006639404,1
warmup,15,15,scatter_ring_allgather,0,512,1536,2.733303061,0.005338483,0.004073321,0.006638352,1
warmup,16,16,scatter_ring_allgather,0,512,1536,2.723440311,0.005319219,0.004100601,0.006564604,1
warmup,17,17,scatter_ring_allgather,0,512,1536,2.732003454,0.005335944,0.004049877,0.006573982,1
warmup,18,18,scatter_ring_allgather,0,512,1536,2.732373868,0.005336668,0.004110691,0.006643372,1
warmup,19,19,scatter_ring_allgather,0,512,1536,2.740745532,0.005353019,0.004067029,0.006697362,1
warmup,20,20,scatter_ring_allgather,0,512,1536,2.734823764,0.005341453,0.004075815,0.006649123,1
warmup,21,21,scatter_ring_allgather,0,512,1536,2.726880021,0.005325938,0.004057671,0.006684879,1
warmup,22,22,scatter_ring_allgather,0,512,1536,2.724279448,0.005320858,0.004061428,0.006601573,1
warmup,23,23,scatter_ring_allgather,0,512,1536,2.733046850,0.005337982,0.004042022,0.006614769,1
warmup,24,24,scatter_ring_allgather,0,512,1536,2.715323877,0.005303367,0.004128932,0.006498621,1
warmup,25,25,scatter_ring_allgather,0,512,1536,2.714582483,0.005301919,0.004073722,0.006585303,1
warmup,26,26,scatter_ring_allgather,0,512,1536,2.731688527,0.005335329,0.004071908,0.006630879,1
warmup,27,27,scatter_ring_allgather,0,512,1536,2.717784056,0.005308172,0.004041050,0.006620369,1
warmup,28,28,scatter_ring_allgather,0,512,1536,2.722358030,0.005317106,0.004042553,0.006638973,1
warmup,29,29,scatter_ring_allgather,0,512,1536,2.728048835,0.005328220,0.004056508,0.006535800,1
warmup,30,30,scatter_ring_allgather,0,512,1536,2.726765097,0.005325713,0.004101971,0.006587036,1
warmup,31,31,scatter_ring_allgather,0,512,1536,2.735549099,0.005342869,0.004096521,0.006641289,1
warmup,32,32,scatter_ring_allgather,0,512,1536,2.725669185,0.005323573,0.004077538,0.006647419,1
warmup,33,33,scatter_ring_allgather,0,512,1536,2.733204283,0.005338290,0.004095632,0.006631189,1
warmup,34,34,scatter_ring_allgather,0,512,1536,2.724320566,0.005320939,0.004058162,0.006599481,1
warmup,35,35,scatter_ring_allgather,0,512,1536,2.719840679,0.005312189,0.004052661,0.006538806,1
warmup,36,36,scatter_ring_allgather,0,512,1536,2.733869340,0.005339589,0.004081445,0.006627612,1
warmup,37,37,scatter_ring_allgather,0,512,1536,2.730308005,0.005332633,0.004081405,0.006587838,1
warmup,38,38,scatter_ring_allgather,0,512,1536,2.732501881,0.005336918,0.004085573,0.006620479,1
warmup,39,39,scatter_ring_allgather,0,512,1536,2.723362740,0.005319068,0.004101263,0.006584280,1
warmup,40,40,scatter_ring_allgather,0,512,1536,2.728046651,0.005328216,0.004111312,0.006617684,1
warmup,41,41,scatter_ring_allgather,0,512,1536,2.721782835,0.005315982,0.004057961,0.006601093,1
warmup,42,42,scatter_ring_allgather,0,512,1536,2.735073819,0.005341941,0.004113617,0.006634525,1
warmup,43,43,scatter_ring_allgather,0,512,1536,2.746663843,0.005364578,0.004058550,0.006591301,1
warmup,44,44,scatter_ring_allgather,0,512,1536,2.730403955,0.005332820,0.004081904,0.006585262,1
warmup,45,45,scatter_ring_allgather,0,512,1536,2.731912821,0.005335767,0.004148849,0.006600713,1
warmup,46,46,scatter_ring_allgather,0,512,1536,2.762376652,0.005395267,0.004063963,0.006651367,1
warmup,47,47,scatter_ring_allgather,0,512,1536,2.736475223,0.005344678,0.004059345,0.006636439,1
warmup,48,48,scatter_ring_allgather,0,512,1536,2.740522767,0.005352584,0.004077927,0.006689227,1
warmup,49,49,scatter_ring_allgather,0,512,1536,2.725440803,0.005323127,0.004114488,0.006628074,1
actual,0,50,scatter_ring_allgather,0,512,1536,2.729755244,0.005331553,0.004057560,0.006608887,1
actual,1,51,scatter_ring_allgather,0,512,1536,2.730963311,0.005333913,0.004065516,0.006622954,1
actual,2,52,scatter_ring_allgather,0,512,1536,2.717064105,0.005306766,0.004101612,0.006635157,1
actual,3,53,scatter_ring_allgather,0,512,1536,2.733933959,0.005339715,0.004057311,0.006604028,1
actual,4,54,scatter_ring_allgather,0,512,1536,2.714873642,0.005302488,0.004085063,0.006587688,1
actual,5,55,scatter_ring_allgather,0,512,1536,2.719742407,0.005311997,0.004055777,0.006598548,1
actual,6,56,scatter_ring_allgather,0,512,1536,2.726710674,0.005325607,0.004078981,0.006612785,1
actual,7,57,scatter_ring_allgather,0,512,1536,2.728774599,0.005329638,0.004084602,0.006594711,1
actual,8,58,scatter_ring_allgather,0,512,1536,2.730649913,0.005333301,0.004074993,0.006531091,1
actual,9,59,scatter_ring_allgather,0,512,1536,2.741800692,0.005355079,0.004109609,0.006619507,1
actual,10,60,scatter_ring_allgather,0,512,1536,2.738424562,0.005348485,0.004051048,0.006640496,1
actual,11,61,scatter_ring_allgather,0,512,1536,2.731756206,0.005335461,0.004102495,0.006649984,1
actual,12,62,scatter_ring_allgather,0,512,1536,2.738552729,0.005348736,0.004056058,0.006687194,1
actual,13,63,scatter_ring_allgather,0,512,1536,2.727895427,0.005327921,0.004094220,0.006610310,1
actual,14,64,scatter_ring_allgather,0,512,1536,2.728592961,0.005329283,0.004092737,0.006541531,1
actual,15,65,scatter_ring_allgather,0,512,1536,2.731454589,0.005334872,0.004061868,0.006591234,1
actual,16,66,scatter_ring_allgather,0,512,1536,2.743784956,0.005358955,0.004173730,0.006626891,1
actual,17,67,scatter_ring_allgather,0,512,1536,2.727623516,0.005327390,0.004067419,0.006593338,1
actual,18,68,scatter_ring_allgather,0,512,1536,2.731468772,0.005334900,0.004087377,0.006671996,1
actual,19,69,scatter_ring_allgather,0,512,1536,2.721947974,0.005316305,0.004087687,0.006647469,1
actual,20,70,scatter_ring_allgather,0,512,1536,2.739140523,0.005349884,0.004058022,0.006618285,1
actual,21,71,scatter_ring_allgather,0,512,1536,2.729385312,0.005330831,0.004109699,0.006671404,1
actual,22,72,scatter_ring_allgather,0,512,1536,2.732385304,0.005336690,0.004066587,0.006576998,1
actual,23,73,scatter_ring_allgather,0,512,1536,2.713597045,0.005299994,0.004118716,0.006554135,1
actual,24,74,scatter_ring_allgather,0,512,1536,2.737118965,0.005345935,0.004092818,0.006644324,1
actual,25,75,scatter_ring_allgather,0,512,1536,2.727951340,0.005328030,0.004083870,0.006635136,1
actual,26,76,scatter_ring_allgather,0,512,1536,2.732333393,0.005336589,0.004072687,0.006648972,1
actual,27,77,scatter_ring_allgather,0,512,1536,2.724351036,0.005320998,0.004080404,0.006559976,1
actual,28,78,scatter_ring_allgather,0,512,1536,2.720523797,0.005313523,0.004123946,0.006585864,1
actual,29,79,scatter_ring_allgather,0,512,1536,2.727868376,0.005327868,0.004089330,0.006636699,1
actual,30,80,scatter_ring_allgather,0,512,1536,2.721788920,0.005315994,0.004077949,0.006611603,1
actual,31,81,scatter_ring_allgather,0,512,1536,2.733294137,0.005338465,0.004036702,0.006657698,1
actual,32,82,scatter_ring_allgather,0,512,1536,2.738429030,0.005348494,0.004071016,0.006649643,1
actual,33,83,scatter_ring_allgather,0,512,1536,2.733646177,0.005339153,0.004036030,0.006628644,1
actual,34,84,scatter_ring_allgather,0,512,1536,2.729741467,0.005331526,0.004074583,0.006556369,1
actual,35,85,scatter_ring_allgather,0,512,1536,2.728110059,0.005328340,0.004073641,0.006577759,1
actual,36,86,scatter_ring_allgather,0,512,1536,2.732446683,0.005336810,0.004062911,0.006629336,1
actual,37,87,scatter_ring_allgather,0,512,1536,2.733050999,0.005337990,0.004119727,0.006629948,1
actual,38,88,scatter_ring_allgather,0,512,1536,2.775613529,0.005421120,0.004100449,0.009709791,1
actual,39,89,scatter_ring_allgather,0,512,1536,2.728103884,0.005328328,0.004085353,0.006601444,1
actual,40,90,scatter_ring_allgather,0,512,1536,2.723423716,0.005319187,0.004042182,0.006617413,1
actual,41,91,scatter_ring_allgather,0,512,1536,2.706654978,0.005286436,0.004051680,0.006529719,1
actual,42,92,scatter_ring_allgather,0,512,1536,2.726760713,0.005325705,0.004094711,0.006623875,1
actual,43,93,scatter_ring_allgather,0,512,1536,2.734460181,0.005340743,0.004097473,0.006650365,1
actual,44,94,scatter_ring_allgather,0,512,1536,2.738632112,0.005348891,0.004078390,0.006664662,1
actual,45,95,scatter_ring_allgather,0,512,1536,2.741622884,0.005354732,0.004202592,0.006640857,1
actual,46,96,scatter_ring_allgather,0,512,1536,2.722428871,0.005317244,0.004083489,0.006592036,1
actual,47,97,scatter_ring_allgather,0,512,1536,2.721485431,0.005315401,0.004038354,0.006588078,1
actual,48,98,scatter_ring_allgather,0,512,1536,2.737485645,0.005346652,0.004067800,0.006757886,1
actual,49,99,scatter_ring_allgather,0,512,1536,2.724910588,0.005322091,0.004070325,0.006613626,1
warmup,0,0,scatter_ring_allgather,0,512,2048,2.748237624,0.005367652,0.004125719,0.006605411,1
warmup,1,1,scatter_ring_allgather,0,512,2048,2.744885160,0.005361104,0.004108887,0.006689078,1
warmup,2,2,scatter_ring_allgather,0,512,2048,2.744748330,0.005360837,0.004121281,0.006593488,1
warmup,3,3,scatter_ring_allgather,0,512,2048,2.743109385,0.005357636,0.004076366,0.006622733,1
warmup,4,4,scatter_ring_allgather,0,512,2048,2.744882067,0.005361098,0.004110731,0.006642430,1
warmup,5,5,scatter_ring_allgather,0,512,2048,2.746266159,0.005363801,0.004118743,0.006702022,1
warmup,6,6,scatter_ring_allgather,0,512,2048,2.734740336,0.005341290,0.004098528,0.006579122,1
warmup,7,7,scatter_ring_allgather,0,512,2048,2.751403484,0.005373835,0.004125077,0.006625639,1
warmup,8,8,scatter_ring_allgather,0,512,2048,2.743459318,0.005358319,0.004120179,0.006681954,1
warmup,9,9,scatter_ring_allgather,0,512,2048,2.743695238,0.005358780,0.004110300,0.006623856,1
warmup,10,10,scatter_ring_allgather,0,512,2048,2.741486303,0.005354465,0.004109699,0.006611422,1
warmup,11,11,scatter_ring_allgather,0,512,2048,2.728917305,0.005329917,0.004105462,0.006625959,1
warmup,12,12,scatter_ring_allgather,0,512,2048,2.732550833,0.005337013,0.004106242,0.006467603,1
warmup,13,13,scatter_ring_allgather,0,512,2048,2.739459734,0.005350507,0.004083980,0.006626610,1
warmup,14,14,scatter_ring_allgather,0,512,2048,2.749177802,0.005369488,0.004115891,0.006631039,1
warmup,15,15,scatter_ring_allgather,0,512,2048,2.739973657,0.005351511,0.004113005,0.006647509,1
warmup,16,16,scatter_ring_allgather,0,512,2048,2.732672987,0.005337252,0.004078110,0.006601433,1
warmup,17,17,scatter_ring_allgather,0,512,2048,2.736037401,0.005343823,0.004102214,0.006644434,1
warmup,18,18,scatter_ring_allgather,0,512,2048,2.757671833,0.005386078,0.004098608,0.006685751,1
warmup,19,19,scatter_ring_allgather,0,512,2048,2.744026147,0.005359426,0.004083761,0.006704526,1
warmup,20,20,scatter_ring_allgather,0,512,2048,2.745717893,0.005362730,0.004123465,0.006656486,1
warmup,21,21,scatter_ring_allgather,0,512,2048,2.748628053,0.005368414,0.004155986,0.006667207,1
warmup,22,22,scatter_ring_allgather,0,512,2048,2.737393652,0.005346472,0.004089961,0.006641157,1
warmup,23,23,scatter_ring_allgather,0,512,2048,2.747702799,0.005366607,0.004107095,0.006635187,1
warmup,24,24,scatter_ring_allgather,0,512,2048,2.748858284,0.005368864,0.004120078,0.006677185,1
warmup,25,25,scatter_ring_allgather,0,512,2048,2.748070950,0.005367326,0.004081366,0.006697893,1
warmup,26,26,scatter_ring_allgather,0,512,2048,2.760829021,0.005392244,0.004196552,0.006689458,1
warmup,27,27,scatter_ring_allgather,0,512,2048,2.738920263,0.005349454,0.004086054,0.006662968,1
warmup,28,28,scatter_ring_allgather,0,512,2048,2.750895242,0.005372842,0.004110170,0.006695980,1
warmup,29,29,scatter_ring_allgather,0,512,2048,2.730762221,0.005333520,0.004091334,0.006631831,1
warmup,30,30,scatter_ring_allgather,0,512,2048,2.737744693,0.005347158,0.004102425,0.006662267,1
warmup,31,31,scatter_ring_allgather,0,512,2048,2.744045350,0.005359464,0.004101423,0.006675492,1
warmup,32,32,scatter_ring_allgather,0,512,2048,2.747231359,0.005365686,0.004146838,0.006685812,1
warmup,33,33,scatter_ring_allgather,0,512,2048,2.746047377,0.005363374,0.004070496,0.006627422,1
warmup,34,34,scatter_ring_allgather,0,512,2048,2.757127703,0.005385015,0.004088188,0.006708234,1
warmup,35,35,scatter_ring_allgather,0,512,2048,2.741595835,0.005354679,0.004094671,0.006678227,1
warmup,36,36,scatter_ring_allgather,0,512,2048,2.753531730,0.005377992,0.004115870,0.006664772,1
warmup,37,37,scatter_ring_allgather,0,512,2048,2.740637204,0.005352807,0.004119888,0.006670232,1
warmup,38,38,scatter_ring_allgather,0,512,2048,2.755253565,0.005381355,0.004067239,0.006690360,1
warmup,39,39,scatter_ring_allgather,0,512,2048,2.745124028,0.005361570,0.004112364,0.006703384,1
warmup,40,40,scatter_ring_allgather,0,512,2048,2.763536620,0.005397532,0.004093679,0.006705067,1
warmup,41,41,scatter_ring_allgather,0,512,2048,2.744855840,0.005361047,0.004084882,0.006640897,1
warmup,42,42,scatter_ring_allgather,0,512,2048,2.748058283,0.005367301,0.004094861,0.006634686,1
warmup,43,43,scatter_ring_allgather,0,512,2048,2.740571266,0.005352678,0.004113797,0.006700468,1
warmup,44,44,scatter_ring_allgather,0,512,2048,2.737056634,0.005345814,0.004102165,0.006712842,1
warmup,45,45,scatter_ring_allgather,0,512,2048,2.762455837,0.005395422,0.004073271,0.006704286,1
warmup,46,46,scatter_ring_allgather,0,512,2048,2.733614481,0.005339091,0.004104959,0.006610371,1
warmup,47,47,scatter_ring_allgather,0,512,2048,2.748870268,0.005368887,0.004113807,0.006666946,1
warmup,48,48,scatter_ring_allgather,0,512,2048,2.747575567,0.005366359,0.004092878,0.006683087,1
warmup,49,49,scatter_ring_allgather,0,512,2048,2.750274137,0.005371629,0.004117073,0.006666785,1
actual,0,50,scatter_ring_allgather,0,512,2048,2.747360612,0.005365939,0.004125589,0.006702312,1
actual,1,51,scatter_ring_allgather,0,512,2048,2.751071292,0.005373186,0.004141947,0.006706690,1
actual,2,52,scatter_ring_allgather,0,512,2048,2.745256919,0.005361830,0.004118906,0.006622232,1
actual,3,53,scatter_ring_allgather,0,512,2048,2.746673549,0.005364597,0.004092737,0.006679680,1
actual,4,54,scatter_ring_allgather,0,512,2048,2.754981629,0.005380823,0.004119077,0.006695168,1
actual,5,55,scatter_ring_allgather,0,512,2048,2.756863955,0.005384500,0.004081997,0.006716939,1
actual,6,56,scatter_ring_allgather,0,512,2048,2.760002279,0.005390629,0.004095903,0.006684569,1
actual,7,57,scatter_ring_allgather,0,512,2048,2.744555609,0.005360460,0.004092707,0.006683748,1
actual,8,58,scatter_ring_allgather,0,512,2048,2.747268655,0.005365759,0.004113045,0.006665003,1
actual,9,59,scatter_ring_allgather,0,512,2048,2.747278848,0.005365779,0.004090302,0.006683777,1
actual,10,60,scatter_ring_allgather,0,512,2048,2.743945972,0.005359269,0.004097035,0.006667227,1
actual,11,61,scatter_ring_allgather,0,512,2048,2.742896896,0.005357221,0.004049886,0.006644133,1
actual,12,62,scatter_ring_allgather,0,512,2048,2.754947573,0.005380757,0.004236307,0.006663500,1
actual,13,63,scatter_ring_allgather,0,512,2048,2.738665750,0.005348957,0.004112031,0.006661616,1
actual,14,64,scatter_ring_allgather,0,512,2048,2.747045075,0.005365322,0.004109860,0.006665013,1
actual,15,65,scatter_ring_allgather,0,512,2048,2.746666021,0.005364582,0.004113536,0.006670984,1
actual,16,66,scatter_ring_allgather,0,512,2048,2.737717710,0.005347105,0.004109589,0.006658590,1
actual,17,67,scatter_ring_allgather,0,512,2048,2.761725302,0.005393995,0.004084632,0.006702944,1
actual,18,68,scatter_ring_allgather,0,512,2048,2.733745514,0.005339347,0.004092717,0.006632522,1
actual,19,69,scatter_ring_allgather,0,512,2048,2.736612468,0.005344946,0.004087498,0.006630377,1
actual,20,70,scatter_ring_allgather,0,512,2048,2.757246132,0.005385246,0.004066107,0.006682114,1
actual,21,71,scatter_ring_allgather,0,512,2048,2.743283468,0.005357976,0.004097005,0.006690811,1
actual,22,72,scatter_ring_allgather,0,512,2048,2.751653155,0.005374323,0.004105761,0.006680291,1
actual,23,73,scatter_ring_allgather,0,512,2048,2.745107548,0.005361538,0.004115540,0.006691922,1
actual,24,74,scatter_ring_allgather,0,512,2048,2.749578307,0.005370270,0.004126952,0.006658900,1
actual,25,75,scatter_ring_allgather,0,512,2048,2.747706117,0.005366614,0.004092577,0.006668389,1
actual,26,76,scatter_ring_allgather,0,512,2048,2.750919780,0.005372890,0.004108146,0.006619266,1
actual,27,77,scatter_ring_allgather,0,512,2048,2.740515084,0.005352569,0.004103568,0.006672556,1
actual,28,78,scatter_ring_allgather,0,512,2048,2.735263346,0.005342311,0.004105231,0.006659372,1
actual,29,79,scatter_ring_allgather,0,512,2048,2.740832562,0.005353189,0.004109148,0.006648973,1
actual,30,80,scatter_ring_allgather,0,512,2048,2.756230691,0.005383263,0.004068181,0.006638192,1
actual,31,81,scatter_ring_allgather,0,512,2048,2.762776316,0.005396047,0.004090032,0.006706209,1
actual,32,82,scatter_ring_allgather,0,512,2048,2.750679933,0.005372422,0.004075925,0.006664362,1
actual,33,83,scatter_ring_allgather,0,512,2048,2.745756055,0.005362805,0.004067590,0.006667817,1
actual,34,84,scatter_ring_allgather,0,512,2048,2.748986148,0.005369114,0.004103126,0.006688046,1
actual,35,85,scatter_ring_allgather,0,512,2048,2.740649118,0.005352830,0.004117604,0.006633804,1
actual,36,86,scatter_ring_allgather,0,512,2048,2.740589864,0.005352715,0.004101323,0.006645044,1
actual,37,87,scatter_ring_allgather,0,512,2048,2.754841359,0.005380550,0.004074182,0.006684578,1
actual,38,88,scatter_ring_allgather,0,512,2048,2.753607433,0.005378140,0.004113997,0.006651988,1
actual,39,89,scatter_ring_allgather,0,512,2048,2.744928843,0.005361189,0.004121271,0.006708785,1
actual,40,90,scatter_ring_allgather,0,512,2048,2.747938580,0.005367068,0.004110159,0.006654813,1
actual,41,91,scatter_ring_allgather,0,512,2048,2.746215917,0.005363703,0.004088469,0.006623405,1
actual,42,92,scatter_ring_allgather,0,512,2048,2.762307399,0.005395132,0.004142781,0.006712451,1
actual,43,93,scatter_ring_allgather,0,512,2048,2.739400092,0.005350391,0.004073441,0.006608867,1
actual,44,94,scatter_ring_allgather,0,512,2048,2.749416621,0.005369954,0.004078801,0.006674179,1
actual,45,95,scatter_ring_allgather,0,512,2048,2.740913442,0.005353347,0.004077830,0.006648902,1
actual,46,96,scatter_ring_allgather,0,512,2048,2.740944860,0.005353408,0.004151837,0.006628164,1
actual,47,97,scatter_ring_allgather,0,512,2048,2.749564405,0.005370243,0.004197254,0.006627211,1
actual,48,98,scatter_ring_allgather,0,512,2048,2.744350958,0.005360060,0.004086696,0.006657819,1
actual,49,99,scatter_ring_allgather,0,512,2048,2.750597514,0.005372261,0.004127893,0.006624356,1
warmup,0,0,scatter_ring_allgather,0,512,3072,2.732795493,0.005337491,0.004074964,0.006679159,1
warmup,1,1,scatter_ring_allgather,0,512,3072,2.731075648,0.005334132,0.004136599,0.006481268,1
warmup,2,2,scatter_ring_allgather,0,512,3072,2.741968100,0.005355406,0.004075295,0.006560857,1
warmup,3,3,scatter_ring_allgather,0,512,3072,2.734228243,0.005340290,0.004105240,0.006682616,1
warmup,4,4,scatter_ring_allgather,0,512,3072,2.740461804,0.005352464,0.004133073,0.006625598,1
warmup,5,5,scatter_ring_allgather,0,512,3072,2.745675428,0.005362647,0.004065776,0.006578861,1
warmup,6,6,scatter_ring_allgather,0,512,3072,2.759055343,0.005388780,0.004123675,0.006680822,1
warmup,7,7,scatter_ring_allgather,0,512,3072,2.735079828,0.005341953,0.004141469,0.006652158,1
warmup,8,8,scatter_ring_allgather,0,512,3072,2.749973117,0.005371041,0.004069383,0.006682665,1
warmup,9,9,scatter_ring_allgather,0,512,3072,2.745767532,0.005362827,0.004078300,0.006678166,1
warmup,10,10,scatter_ring_allgather,0,512,3072,2.747446941,0.005366107,0.004127993,0.006677456,1
warmup,11,11,scatter_ring_allgather,0,512,3072,2.740257135,0.005352065,0.004037123,0.006700219,1
warmup,12,12,scatter_ring_allgather,0,512,3072,2.744521887,0.005360394,0.004098498,0.006615719,1
warmup,13,13,scatter_ring_allgather,0,512,3072,2.750736312,0.005372532,0.004107334,0.006640838,1
warmup,14,14,scatter_ring_allgather,0,512,3072,2.746335373,0.005363936,0.004103778,0.006633443,1
warmup,15,15,scatter_ring_allgather,0,512,3072,2.750908240,0.005372868,0.004099209,0.006669911,1
warmup,16,16,scatter_ring_allgather,0,512,3072,2.759941120,0.005390510,0.004198507,0.006684789,1
warmup,17,17,scatter_ring_allgather,0,512,3072,2.746312788,0.005363892,0.004070355,0.006643572,1
warmup,18,18,scatter_ring_allgather,0,512,3072,2.757544537,0.005385829,0.004059835,0.006707492,1
warmup,19,19,scatter_ring_allgather,0,512,3072,2.744907098,0.005361147,0.004101714,0.006680201,1
warmup,20,20,scatter_ring_allgather,0,512,3072,2.748747872,0.005368648,0.004105231,0.006700660,1
warmup,21,21,scatter_ring_allgather,0,512,3072,2.743958608,0.005359294,0.004091084,0.006645626,1
warmup,22,22,scatter_ring_allgather,0,512,3072,2.757503442,0.005385749,0.004080885,0.006659061,1
warmup,23,23,scatter_ring_allgather,0,512,3072,2.730765603,0.005333527,0.004127339,0.006628174,1
warmup,24,24,scatter_ring_allgather,0,512,3072,2.749019831,0.005369179,0.004091866,0.006654382,1
warmup,25,25,scatter_ring_allgather,0,512,3072,2.751970259,0.005374942,0.004119527,0.006732629,1
warmup,26,26,scatter_ring_allgather,0,512,3072,2.750665706,0.005372394,0.004062701,0.006690320,1
warmup,27,27,scatter_ring_allgather,0,512,3072,2.742036074,0.005355539,0.004075996,0.006592206,1
warmup,28,28,scatter_ring_allgather,0,512,3072,2.748197399,0.005367573,0.004127302,0.006713182,1
warmup,29,29,scatter_ring_allgather,0,512,3072,2.735666562,0.005343099,0.004018357,0.006620930,1
warmup,30,30,scatter_ring_allgather,0,512,3072,2.761543104,0.005393639,0.004089050,0.006748278,1
warmup,31,31,scatter_ring_allgather,0,512,3072,2.758040568,0.005386798,0.004097255,0.006714636,1
warmup,32,32,scatter_ring_allgather,0,512,3072,2.748761441,0.005368675,0.004095833,0.006692263,1
warmup,33,33,scatter_ring_allgather,0,512,3072,2.747636159,0.005366477,0.004105140,0.006669440,1
warmup,34,34,scatter_ring_allgather,0,512,3072,2.749822759,0.005370748,0.004080513,0.006720837,1
warmup,35,35,scatter_ring_allgather,0,512,3072,2.746312300,0.005363891,0.004092347,0.006656196,1
warmup,36,36,scatter_ring_allgather,0,512,3072,2.753220832,0.005377384,0.004138794,0.006717290,1
warmup,37,37,scatter_ring_allgather,0,512,3072,2.738622548,0.005348872,0.004081416,0.006647369,1
warmup,38,38,scatter_ring_allgather,0,512,3072,2.754180793,0.005379259,0.004059985,0.006670913,1
warmup,39,39,scatter_ring_allgather,0,512,3072,2.746073011,0.005363424,0.004095652,0.006623715,1
warmup,40,40,scatter_ring_allgather,0,512,3072,2.748687999,0.005368531,0.004099109,0.006690490,1
warmup,41,41,scatter_ring_allgather,0,512,3072,2.754548318,0.005379977,0.004072549,0.006681163,1
warmup,42,42,scatter_ring_allgather,0,512,3072,2.741529316,0.005354549,0.004069724,0.006660524,1
warmup,43,43,scatter_ring_allgather,0,512,3072,2.756477388,0.005383745,0.004094531,0.006684630,1
warmup,44,44,scatter_ring_allgather,0,512,3072,2.744841060,0.005361018,0.004116752,0.006693916,1
warmup,45,45,scatter_ring_allgather,0,512,3072,2.753640633,0.005378204,0.004099159,0.006701761,1
warmup,46,46,scatter_ring_allgather,0,512,3072,2.749217291,0.005369565,0.004114027,0.006676765,1
warmup,47,47,scatter_ring_allgather,0,512,3072,2.746534928,0.005364326,0.004129496,0.006690591,1
warmup,48,48,scatter_ring_allgather,0,512,3072,2.749609309,0.005370331,0.004099390,0.006728381,1
warmup,49,49,scatter_ring_allgather,0,512,3072,2.754359858,0.005379609,0.004090303,0.006704666,1
actual,0,50,scatter_ring_allgather,0,512,3072,2.744117156,0.005359604,0.004084051,0.006629315,1
actual,1,51,scatter_ring_allgather,0,512,3072,2.758814082,0.005388309,0.004063892,0.006696492,1
actual,2,52,scatter_ring_allgather,0,512,3072,2.753702564,0.005378325,0.004090253,0.006667197,1
actual,3,53,scatter_ring_allgather,0,512,3072,2.733786263,0.005339426,0.004087286,0.006681453,1
actual,4,54,scatter_ring_allgather,0,512,3072,2.746394183,0.005364051,0.004127453,0.006634155,1
actual,5,55,scatter_ring_allgather,0,512,3072,2.755259650,0.005381367,0.004092885,0.006723342,1
actual,6,56,scatter_ring_allgather,0,512,3072,2.746435069,0.005364131,0.004116492,0.006698074,1
actual,7,57,scatter_ring_allgather,0,512,3072,2.732405998,0.005336730,0.004129166,0.006611953,1
actual,8,58,scatter_ring_allgather,0,512,3072,2.737410836,0.005346506,0.004141859,0.006711559,1
actual,9,59,scatter_ring_allgather,0,512,3072,2.754546444,0.005379974,0.004108697,0.006603207,1
actual,10,60,scatter_ring_allgather,0,512,3072,2.740633982,0.005352801,0.004078310,0.006643782,1
actual,11,61,scatter_ring_allgather,0,512,3072,2.751687528,0.005374390,0.004136820,0.006662357,1
actual,12,62,scatter_ring_allgather,0,512,3072,2.754437877,0.005379761,0.004103618,0.006721077,1
actual,13,63,scatter_ring_allgather,0,512,3072,2.745896812,0.005363080,0.004097917,0.006647740,1
actual,14,64,scatter_ring_allgather,0,512,3072,2.754181792,0.005379261,0.004085744,0.006633343,1
actual,15,65,scatter_ring_allgather,0,512,3072,2.740195341,0.005351944,0.004089090,0.006573121,1
actual,16,66,scatter_ring_allgather,0,512,3072,2.746106641,0.005363490,0.004138433,0.006683517,1
actual,17,67,scatter_ring_allgather,0,512,3072,2.737948992,0.005347557,0.004116842,0.006606923,1
actual,18,68,scatter_ring_allgather,0,512,3072,2.754970751,0.005380802,0.004081166,0.006671865,1
actual,19,69,scatter_ring_allgather,0,512,3072,2.758650434,0.005387989,0.004060747,0.006681323,1
actual,20,70,scatter_ring_allgather,0,512,3072,2.746734530,0.005364716,0.004115770,0.006683597,1
actual,21,71,scatter_ring_allgather,0,512,3072,2.745270552,0.005361857,0.004072930,0.006620870,1
actual,22,72,scatter_ring_allgather,0,512,3072,2.761816854,0.005394174,0.004105041,0.006701711,1
actual,23,73,scatter_ring_allgather,0,512,3072,2.749405329,0.005369932,0.004084121,0.006682865,1
actual,24,74,scatter_ring_allgather,0,512,3072,2.762186591,0.005394896,0.004175833,0.006699146,1
actual,25,75,scatter_ring_allgather,0,512,3072,2.731698632,0.005335349,0.004043173,0.006676023,1
actual,26,76,scatter_ring_allgather,0,512,3072,2.753639902,0.005378203,0.004089872,0.006624697,1
actual,27,77,scatter_ring_allgather,0,512,3072,2.748167986,0.005367516,0.004102385,0.006685210,1
actual,28,78,scatter_ring_allgather,0,512,3072,2.749072755,0.005369283,0.004138650,0.006685951,1
actual,29,79,scatter_ring_allgather,0,512,3072,2.742199967,0.005355859,0.004069574,0.006657018,1
actual,30,80,scatter_ring_allgather,0,512,3072,2.754719996,0.005380312,0.004095512,0.006684969,1
actual,31,81,scatter_ring_allgather,0,512,3072,2.746460223,0.005364180,0.004086546,0.006676945,1
actual,32,82,scatter_ring_allgather,0,512,3072,2.750138016,0.005371363,0.004132662,0.006721097,1
actual,33,83,scatter_ring_allgather,0,512,3072,2.753408829,0.005377752,0.004076908,0.006654613,1
actual,34,84,scatter_ring_allgather,0,512,3072,2.752824144,0.005376610,0.004145363,0.006680812,1
actual,35,85,scatter_ring_allgather,0,512,3072,2.747064455,0.005365360,0.004099570,0.006651918,1
actual,36,86,scatter_ring_allgather,0,512,3072,2.736349811,0.005344433,0.004073120,0.006605591,1
actual,37,87,scatter_ring_allgather,0,512,3072,2.766476306,0.005403274,0.004082859,0.006773766,1
actual,38,88,scatter_ring_allgather,0,512,3072,2.755759149,0.005382342,0.004108867,0.006691723,1
actual,39,89,scatter_ring_allgather,0,512,3072,2.747389481,0.005365995,0.004105150,0.006668027,1
actual,40,90,scatter_ring_allgather,0,512,3072,2.741265065,0.005354033,0.004098689,0.006650876,1
actual,41,91,scatter_ring_allgather,0,512,3072,2.758166936,0.005387045,0.004090443,0.006647375,1
actual,42,92,scatter_ring_allgather,0,512,3072,2.738904292,0.005349422,0.004127642,0.006666224,1
actual,43,93,scatter_ring_allgather,0,512,3072,2.736553269,0.005344831,0.004112605,0.006628915,1
actual,44,94,scatter_ring_allgather,0,512,3072,2.749480288,0.005370079,0.004078650,0.006682255,1
actual,45,95,scatter_ring_allgather,0,512,3072,2.735670982,0.005343107,0.004087017,0.006672627,1
actual,46,96,scatter_ring_allgather,0,512,3072,2.757321588,0.005385394,0.004107084,0.006712201,1
actual,47,97,scatter_ring_allgather,0,512,3072,2.760137189,0.005390893,0.004131316,0.006668209,1
actual,48,98,scatter_ring_allgather,0,512,3072,2.748781117,0.005368713,0.004090964,0.006691051,1
actual,49,99,scatter_ring_allgather,0,512,3072,2.755247759,0.005381343,0.004143312,0.006687083,1
warmup,0,0,scatter_ring_allgather,0,512,4096,2.749569859,0.005370254,0.004084232,0.006606393,1
warmup,1,1,scatter_ring_allgather,0,512,4096,2.750568852,0.005372205,0.004074032,0.006605000,1
warmup,2,2,scatter_ring_allgather,0,512,4096,2.760297663,0.005391206,0.004116402,0.006693275,1
warmup,3,3,scatter_ring_allgather,0,512,4096,2.752579145,0.005376131,0.004097596,0.006701260,1
warmup,4,4,scatter_ring_allgather,0,512,4096,2.759168004,0.005389000,0.004108977,0.006685000,1
warmup,5,5,scatter_ring_allgather,0,512,4096,2.755325241,0.005381495,0.004093279,0.006676033,1
warmup,6,6,scatter_ring_allgather,0,512,4096,2.755202048,0.005381254,0.004169371,0.006622843,1
warmup,7,7,scatter_ring_allgather,0,512,4096,2.745668021,0.005362633,0.004140738,0.006672005,1
warmup,8,8,scatter_ring_allgather,0,512,4096,2.755383328,0.005381608,0.004118773,0.006691924,1
warmup,9,9,scatter_ring_allgather,0,512,4096,2.748930476,0.005369005,0.004105902,0.006638633,1
warmup,10,10,scatter_ring_allgather,0,512,4096,2.763043547,0.005396569,0.004130919,0.006662979,1
warmup,11,11,scatter_ring_allgather,0,512,4096,2.756824976,0.005384424,0.004103037,0.006620119,1
warmup,12,12,scatter_ring_allgather,0,512,4096,2.760456154,0.005391516,0.004089431,0.006689849,1
warmup,13,13,scatter_ring_allgather,0,512,4096,2.743167127,0.005357748,0.004098818,0.006620409,1
warmup,14,14,scatter_ring_allgather,0,512,4096,2.762340009,0.005395195,0.004082999,0.006674210,1
warmup,15,15,scatter_ring_allgather,0,512,4096,2.750302309,0.005371684,0.004104880,0.006613586,1
warmup,16,16,scatter_ring_allgather,0,512,4096,2.761871789,0.005394281,0.004164422,0.006733661,1
warmup,17,17,scatter_ring_allgather,0,512,4096,2.754424643,0.005379736,0.004117501,0.006544026,1
warmup,18,18,scatter_ring_allgather,0,512,4096,2.759502486,0.005389653,0.004103688,0.006722370,1
warmup,19,19,scatter_ring_allgather,0,512,4096,2.743881967,0.005359144,0.004127029,0.006626811,1
warmup,20,20,scatter_ring_allgather,0,512,4096,2.744619759,0.005360585,0.004111151,0.006632702,1
warmup,21,21,scatter_ring_allgather,0,512,4096,2.756750643,0.005384279,0.004121100,0.006615149,1
warmup,22,22,scatter_ring_allgather,0,512,4096,2.771764342,0.005413602,0.004125288,0.006655344,1
warmup,23,23,scatter_ring_allgather,0,512,4096,2.753629936,0.005378183,0.004084011,0.006671735,1
warmup,24,24,scatter_ring_allgather,0,512,4096,2.756468057,0.005383727,0.004118506,0.006623294,1
warmup,25,25,scatter_ring_allgather,0,512,4096,2.753557669,0.005378042,0.004119627,0.006667618,1
warmup,26,26,scatter_ring_allgather,0,512,4096,2.748715327,0.005368585,0.004115056,0.006641318,1
warmup,27,27,scatter_ring_allgather,0,512,4096,2.752936377,0.005376829,0.004111813,0.006603627,1
warmup,28,28,scatter_ring_allgather,0,512,4096,2.759246688,0.005389154,0.004114688,0.006684118,1
warmup,29,29,scatter_ring_allgather,0,512,4096,2.760039155,0.005390701,0.004077007,0.006717030,1
warmup,30,30,scatter_ring_allgather,0,512,4096,2.749229544,0.005369589,0.004059184,0.006616852,1
warmup,31,31,scatter_ring_allgather,0,512,4096,2.753662266,0.005378247,0.004092497,0.006625528,1
warmup,32,32,scatter_ring_allgather,0,512,4096,2.762699087,0.005395897,0.004095301,0.006666255,1
warmup,33,33,scatter_ring_allgather,0,512,4096,2.759839930,0.005390312,0.004104369,0.006680501,1
warmup,34,34,scatter_ring_allgather,0,512,4096,2.768951680,0.005408109,0.004096634,0.006689098,1
warmup,35,35,scatter_ring_allgather,0,512,4096,2.765150375,0.005400684,0.004103918,0.006760842,1
warmup,36,36,scatter_ring_allgather,0,512,4096,2.757121755,0.005385003,0.004116983,0.006633864,1
warmup,37,37,scatter_ring_allgather,0,512,4096,2.765180300,0.005400743,0.004109579,0.006667297,1
warmup,38,38,scatter_ring_allgather,0,512,4096,2.756052074,0.005382914,0.004122309,0.006595752,1
warmup,39,39,scatter_ring_allgather,0,512,4096,2.759842296,0.005390317,0.004097365,0.006672366,1
warmup,40,40,scatter_ring_allgather,0,512,4096,2.749372921,0.005369869,0.004085003,0.006632712,1
warmup,41,41,scatter_ring_allgather,0,512,4096,2.756563372,0.005383913,0.004135347,0.006624737,1
warmup,42,42,scatter_ring_allgather,0,512,4096,2.851731473,0.005569788,0.004528181,0.006658510,1
warmup,43,43,scatter_ring_allgather,0,512,4096,2.746335083,0.005363936,0.004065386,0.006636159,1
warmup,44,44,scatter_ring_allgather,0,512,4096,2.749416047,0.005369953,0.004093709,0.006643281,1
warmup,45,45,scatter_ring_allgather,0,512,4096,2.746294368,0.005363856,0.004065907,0.006635677,1
warmup,46,46,scatter_ring_allgather,0,512,4096,2.743092348,0.005357602,0.004118766,0.006590182,1
warmup,47,47,scatter_ring_allgather,0,512,4096,2.739070613,0.005349747,0.004087928,0.006585734,1
warmup,48,48,scatter_ring_allgather,0,512,4096,2.760928389,0.005392438,0.004104499,0.006654482,1
warmup,49,49,scatter_ring_allgather,0,512,4096,2.721949166,0.005316307,0.004122593,0.006611993,1
actual,0,50,scatter_ring_allgather,0,512,4096,2.753842435,0.005378599,0.004107264,0.006583249,1
actual,1,51,scatter_ring_allgather,0,512,4096,2.755469507,0.005381776,0.004077588,0.006644403,1
actual,2,52,scatter_ring_allgather,0,512,4096,2.744099179,0.005359569,0.004106142,0.006630347,1
actual,3,53,scatter_ring_allgather,0,512,4096,2.754859023,0.005380584,0.004080134,0.006620940,1
actual,4,54,scatter_ring_allgather,0,512,4096,2.752693672,0.005376355,0.004124216,0.006631269,1
actual,5,55,scatter_ring_allgather,0,512,4096,2.755145808,0.005381144,0.004127789,0.006642410,1
actual,6,56,scatter_ring_allgather,0,512,4096,2.758705071,0.005388096,0.004109528,0.006654122,1
actual,7,57,scatter_ring_allgather,0,512,4096,2.765646108,0.005401653,0.004107962,0.006694658,1
actual,8,58,scatter_ring_allgather,0,512,4096,2.758095402,0.005386905,0.004107925,0.006668188,1
actual,9,59,scatter_ring_allgather,0,512,4096,2.759151077,0.005388967,0.004086786,0.006673969,1
actual,10,60,scatter_ring_allgather,0,512,4096,2.750836233,0.005372727,0.004100712,0.006602325,1
actual,11,61,scatter_ring_allgather,0,512,4096,2.755652746,0.005382134,0.004101294,0.006737068,1
actual,12,62,scatter_ring_allgather,0,512,4096,2.745752276,0.005362797,0.004102605,0.006652108,1
actual,13,63,scatter_ring_allgather,0,512,4096,2.749287677,0.005369702,0.004096043,0.006667336,1
actual,14,64,scatter_ring_allgather,0,512,4096,2.769068472,0.005408337,0.004226308,0.006652359,1
actual,15,65,scatter_ring_allgather,0,512,4096,2.748842014,0.005368832,0.004106791,0.006603877,1
actual,16,66,scatter_ring_allgather,0,512,4096,2.757721934,0.005386176,0.004085172,0.006615390,1
actual,17,67,scatter_ring_allgather,0,512,4096,2.753439886,0.005377812,0.004077118,0.006611262,1
actual,18,68,scatter_ring_allgather,0,512,4096,2.750485996,0.005372043,0.004120987,0.006640567,1
actual,19,69,scatter_ring_allgather,0,512,4096,2.760449499,0.005391503,0.004115790,0.006646147,1
actual,20,70,scatter_ring_allgather,0,512,4096,2.753433510,0.005377800,0.004098708,0.006675302,1
actual,21,71,scatter_ring_allgather,0,512,4096,2.757636698,0.005386009,0.004136757,0.006647459,1
actual,22,72,scatter_ring_allgather,0,512,4096,2.773702019,0.005417387,0.004094821,0.006655725,1
actual,23,73,scatter_ring_allgather,0,512,4096,2.756685353,0.005384151,0.004119557,0.006648020,1
actual,24,74,scatter_ring_allgather,0,512,4096,2.767421391,0.005405120,0.004134553,0.006702132,1
actual,25,75,scatter_ring_allgather,0,512,4096,2.749231990,0.005369594,0.004095810,0.006605801,1
actual,26,76,scatter_ring_allgather,0,512,4096,2.753957523,0.005378823,0.004081827,0.006634746,1
actual,27,77,scatter_ring_allgather,0,512,4096,2.743728546,0.005358845,0.004125849,0.006672075,1
actual,28,78,scatter_ring_allgather,0,512,4096,2.752148392,0.005375290,0.004069503,0.006612164,1
actual,29,79,scatter_ring_allgather,0,512,4096,2.756247542,0.005383296,0.004090533,0.006641258,1
actual,30,80,scatter_ring_allgather,0,512,4096,2.771972660,0.005414009,0.004130127,0.006667036,1
actual,31,81,scatter_ring_allgather,0,512,4096,2.740929333,0.005353378,0.004100582,0.006512434,1
actual,32,82,scatter_ring_allgather,0,512,4096,2.754155364,0.005379210,0.004121141,0.006614969,1
actual,33,83,scatter_ring_allgather,0,512,4096,2.758043606,0.005386804,0.004101814,0.006686432,1
actual,34,84,scatter_ring_allgather,0,512,4096,2.771447217,0.005412983,0.004154580,0.006757686,1
actual,35,85,scatter_ring_allgather,0,512,4096,2.750262311,0.005371606,0.004126470,0.006619798,1
actual,36,86,scatter_ring_allgather,0,512,4096,2.760187471,0.005390991,0.004111482,0.006638933,1
actual,37,87,scatter_ring_allgather,0,512,4096,2.756694881,0.005384170,0.004083299,0.006728021,1
actual,38,88,scatter_ring_allgather,0,512,4096,2.760179868,0.005390976,0.004091074,0.006665433,1
actual,39,89,scatter_ring_allgather,0,512,4096,2.748228765,0.005367634,0.004098467,0.006590433,1
actual,40,90,scatter_ring_allgather,0,512,4096,2.767021384,0.005404339,0.004066307,0.006639365,1
actual,41,91,scatter_ring_allgather,0,512,4096,2.756852216,0.005384477,0.004151447,0.006671535,1
actual,42,92,scatter_ring_allgather,0,512,4096,2.757647299,0.005386030,0.004099339,0.006662848,1
actual,43,93,scatter_ring_allgather,0,512,4096,2.746901316,0.005365042,0.004134746,0.006673037,1
actual,44,94,scatter_ring_allgather,0,512,4096,2.768196813,0.005406634,0.004131900,0.006670804,1
actual,45,95,scatter_ring_allgather,0,512,4096,2.749833340,0.005370768,0.004110992,0.006676003,1
actual,46,96,scatter_ring_allgather,0,512,4096,2.757691313,0.005386116,0.004141125,0.006698485,1
actual,47,97,scatter_ring_allgather,0,512,4096,2.757049344,0.005384862,0.004079643,0.006706039,1
actual,48,98,scatter_ring_allgather,0,512,4096,2.760430281,0.005391465,0.004058162,0.006697573,1
actual,49,99,scatter_ring_allgather,0,512,4096,2.749876157,0.005370852,0.004095382,0.006671064,1
warmup,0,0,scatter_ring_allgather,0,512,6144,2.822788552,0.005513259,0.004424281,0.006668569,1
warmup,1,1,scatter_ring_allgather,0,512,6144,2.745865509,0.005363019,0.004103705,0.006607004,1
warmup,2,2,scatter_ring_allgather,0,512,6144,2.753884289,0.005378680,0.004078661,0.006695129,1
warmup,3,3,scatter_ring_allgather,0,512,6144,2.764178638,0.005398786,0.004101264,0.006693666,1
warmup,4,4,scatter_ring_allgather,0,512,6144,2.754714455,0.005380302,0.004124035,0.006658580,1
warmup,5,5,scatter_ring_allgather,0,512,6144,2.740630487,0.005352794,0.004072499,0.006641208,1
warmup,6,6,scatter_ring_allgather,0,512,6144,2.770986248,0.005412083,0.004106743,0.006712261,1
warmup,7,7,scatter_ring_allgather,0,512,6144,2.757121618,0.005385003,0.004121511,0.006667527,1
warmup,8,8,scatter_ring_allgather,0,512,6144,2.755165882,0.005381183,0.004086826,0.006666655,1
warmup,9,9,scatter_ring_allgather,0,512,6144,2.754854899,0.005380576,0.004115560,0.006613666,1
warmup,10,10,scatter_ring_allgather,0,512,6144,2.758953629,0.005388581,0.004102836,0.006661065,1
warmup,11,11,scatter_ring_allgather,0,512,6144,2.753038408,0.005377028,0.004127492,0.006690329,1
warmup,12,12,scatter_ring_allgather,0,512,6144,2.751172164,0.005373383,0.004105391,0.006665674,1
warmup,13,13,scatter_ring_allgather,0,512,6144,2.755123835,0.005381101,0.004095722,0.006664892,1
warmup,14,14,scatter_ring_allgather,0,512,6144,2.760395522,0.005391398,0.004123385,0.006654412,1
warmup,15,15,scatter_ring_allgather,0,512,6144,2.755447081,0.005381733,0.004120158,0.006661906,1
warmup,16,16,scatter_ring_allgather,0,512,6144,2.760982650,0.005392544,0.004099430,0.006676324,1
warmup,17,17,scatter_ring_allgather,0,512,6144,2.741212268,0.005353930,0.004093819,0.006630938,1
warmup,18,18,scatter_ring_allgather,0,512,6144,2.764427824,0.005399273,0.004112254,0.006690760,1
warmup,19,19,scatter_ring_allgather,0,512,6144,2.764606225,0.005399622,0.004102856,0.006663390,1
warmup,20,20,scatter_ring_allgather,0,512,6144,2.762052088,0.005394633,0.004057371,0.006707422,1
warmup,21,21,scatter_ring_allgather,0,512,6144,2.773590801,0.005417170,0.004080514,0.006669431,1
warmup,22,22,scatter_ring_allgather,0,512,6144,2.756114765,0.005383037,0.004167034,0.006610100,1
warmup,23,23,scatter_ring_allgather,0,512,6144,2.745084784,0.005361494,0.004086916,0.006633153,1
warmup,24,24,scatter_ring_allgather,0,512,6144,2.757003266,0.005384772,0.004121702,0.006613365,1
warmup,25,25,scatter_ring_allgather,0,512,6144,2.747657920,0.005366519,0.004086505,0.006669731,1
warmup,26,26,scatter_ring_allgather,0,512,6144,2.754343114,0.005379576,0.004160101,0.006630638,1
warmup,27,27,scatter_ring_allgather,0,512,6144,2.755880534,0.005382579,0.004088399,0.006690701,1
warmup,28,28,scatter_ring_allgather,0,512,6144,2.764059823,0.005398554,0.004094740,0.006646898,1
warmup,29,29,scatter_ring_allgather,0,512,6144,3.755504052,0.007334969,0.004551265,0.010252760,1
warmup,30,30,scatter_ring_allgather,0,512,6144,2.752526703,0.005376029,0.004119397,0.006694257,1
warmup,31,31,scatter_ring_allgather,0,512,6144,2.760184403,0.005390985,0.004084692,0.006632832,1
warmup,32,32,scatter_ring_allgather,0,512,6144,2.767857971,0.005405973,0.004098006,0.006626069,1
warmup,33,33,scatter_ring_allgather,0,512,6144,2.746277902,0.005363824,0.004056258,0.006589651,1
warmup,34,34,scatter_ring_allgather,0,512,6144,2.760279547,0.005391171,0.004086625,0.006587247,1
warmup,35,35,scatter_ring_allgather,0,512,6144,2.756324317,0.005383446,0.004117924,0.006649944,1
warmup,36,36,scatter_ring_allgather,0,512,6144,2.753349668,0.005377636,0.004121562,0.006663309,1
warmup,37,37,scatter_ring_allgather,0,512,6144,2.743809511,0.005359003,0.004120579,0.006609418,1
warmup,38,38,scatter_ring_allgather,0,512,6144,2.744079050,0.005359529,0.004090072,0.006668258,1
warmup,39,39,scatter_ring_allgather,0,512,6144,2.756140649,0.005383087,0.004118105,0.006663921,1
warmup,40,40,scatter_ring_allgather,0,512,6144,2.738355774,0.005348351,0.004077709,0.006587206,1
warmup,41,41,scatter_ring_allgather,0,512,6144,2.745949314,0.005363182,0.004099229,0.006659181,1
warmup,42,42,scatter_ring_allgather,0,512,6144,2.754479071,0.005379842,0.004111081,0.006646648,1
warmup,43,43,scatter_ring_allgather,0,512,6144,2.753972018,0.005378852,0.004117103,0.006731186,1
warmup,44,44,scatter_ring_allgather,0,512,6144,2.757228900,0.005385213,0.004086795,0.006733862,1
warmup,45,45,scatter_ring_allgather,0,512,6144,2.772866539,0.005415755,0.004086245,0.006695038,1
warmup,46,46,scatter_ring_allgather,0,512,6144,2.764241785,0.005398910,0.004136058,0.006664972,1
warmup,47,47,scatter_ring_allgather,0,512,6144,2.767418338,0.005405114,0.004111843,0.006645346,1
warmup,48,48,scatter_ring_allgather,0,512,6144,2.764031126,0.005398498,0.004126400,0.006680371,1
warmup,49,49,scatter_ring_allgather,0,512,6144,2.740818388,0.005353161,0.004118265,0.006582347,1
actual,0,50,scatter_ring_allgather,0,512,6144,2.762510954,0.005395529,0.004121621,0.006677045,1
actual,1,51,scatter_ring_allgather,0,512,6144,2.754215441,0.005379327,0.004086345,0.006651297,1
actual,2,52,scatter_ring_allgather,0,512,6144,2.760285613,0.005391183,0.004133153,0.006664602,1
actual,3,53,scatter_ring_allgather,0,512,6144,2.746855655,0.005364952,0.004104339,0.006638833,1
actual,4,54,scatter_ring_allgather,0,512,6144,2.759505945,0.005389660,0.004120700,0.006651297,1
actual,5,55,scatter_ring_allgather,0,512,6144,2.756014740,0.005382841,0.004130718,0.006672065,1
actual,6,56,scatter_ring_allgather,0,512,6144,2.764286366,0.005398997,0.004125659,0.006769939,1
actual,7,57,scatter_ring_allgather,0,512,6144,2.751651241,0.005374319,0.004118616,0.006628625,1
actual,8,58,scatter_ring_allgather,0,512,6144,2.755777015,0.005382377,0.004105551,0.006660473,1
actual,9,59,scatter_ring_allgather,0,512,6144,2.756170290,0.005383145,0.004075004,0.006678608,1
actual,10,60,scatter_ring_allgather,0,512,6144,2.775813684,0.005421511,0.004131851,0.006694307,1
actual,11,61,scatter_ring_allgather,0,512,6144,2.751313444,0.005373659,0.004067029,0.006631220,1
actual,12,62,scatter_ring_allgather,0,512,6144,2.764043256,0.005398522,0.004098758,0.006694848,1
actual,13,63,scatter_ring_allgather,0,512,6144,2.756585574,0.005383956,0.004138701,0.006645235,1
actual,14,64,scatter_ring_allgather,0,512,6144,2.754384549,0.005379657,0.004073671,0.006602145,1
actual,15,65,scatter_ring_allgather,0,512,6144,2.746036036,0.005363352,0.004105341,0.006641699,1
actual,16,66,scatter_ring_allgather,0,512,6144,2.760897026,0.005392377,0.004224465,0.006697242,1
actual,17,67,scatter_ring_allgather,0,512,6144,2.754263626,0.005379421,0.004103417,0.006669691,1
actual,18,68,scatter_ring_allgather,0,512,6144,2.756157199,0.005383120,0.004108036,0.006634495,1
actual,19,69,scatter_ring_allgather,0,512,6144,2.735356450,0.005342493,0.004100282,0.006529799,1
actual,20,70,scatter_ring_allgather,0,512,6144,2.757404348,0.005385555,0.004096424,0.006591564,1
actual,21,71,scatter_ring_allgather,0,512,6144,2.747222920,0.005365670,0.004069484,0.006637031,1
actual,22,72,scatter_ring_allgather,0,512,6144,2.751286090,0.005373606,0.004095192,0.006656106,1
actual,23,73,scatter_ring_allgather,0,512,6144,2.754247691,0.005379390,0.004176161,0.006648892,1
actual,24,74,scatter_ring_allgather,0,512,6144,2.758540056,0.005387774,0.004132251,0.006646658,1
actual,25,75,scatter_ring_allgather,0,512,6144,2.754069610,0.005379042,0.004109869,0.006657449,1
actual,26,76,scatter_ring_allgather,0,512,6144,2.755904880,0.005382627,0.004129557,0.006657418,1
actual,27,77,scatter_ring_allgather,0,512,6144,2.749973929,0.005371043,0.004088319,0.006647258,1
actual,28,78,scatter_ring_allgather,0,512,6144,2.756361396,0.005383518,0.004103347,0.006714005,1
actual,29,79,scatter_ring_allgather,0,512,6144,2.758189985,0.005387090,0.004117143,0.006679419,1
actual,30,80,scatter_ring_allgather,0,512,6144,2.752017693,0.005375035,0.004095883,0.006621601,1
actual,31,81,scatter_ring_allgather,0,512,6144,2.763803694,0.005398054,0.004117824,0.006718182,1
actual,32,82,scatter_ring_allgather,0,512,6144,2.754515685,0.005379913,0.004147196,0.006619587,1
actual,33,83,scatter_ring_allgather,0,512,6144,2.756867085,0.005384506,0.004083089,0.006652979,1
actual,34,84,scatter_ring_allgather,0,512,6144,2.756992819,0.005384752,0.004136509,0.006715417,1
actual,35,85,scatter_ring_allgather,0,512,6144,2.757696633,0.005386126,0.004095212,0.006740984,1
actual,36,86,scatter_ring_allgather,0,512,6144,2.745852198,0.005362993,0.004131010,0.006695039,1
actual,37,87,scatter_ring_allgather,0,512,6144,2.755013249,0.005380885,0.004061769,0.006639064,1
actual,38,88,scatter_ring_allgather,0,512,6144,2.752005047,0.005375010,0.004092377,0.006639354,1
actual,39,89,scatter_ring_allgather,0,512,6144,2.742087889,0.005355640,0.004078229,0.006641359,1
actual,40,90,scatter_ring_allgather,0,512,6144,2.770673192,0.005411471,0.004081676,0.006745974,1
actual,41,91,scatter_ring_allgather,0,512,6144,2.749336792,0.005369798,0.004071728,0.006639875,1
actual,42,92,scatter_ring_allgather,0,512,6144,2.762280984,0.005395080,0.004114558,0.006653390,1
actual,43,93,scatter_ring_allgather,0,512,6144,2.757068051,0.005384899,0.004101835,0.006698986,1
actual,44,94,scatter_ring_allgather,0,512,6144,2.752687040,0.005376342,0.004132331,0.006645887,1
actual,45,95,scatter_ring_allgather,0,512,6144,2.745845693,0.005362980,0.004125508,0.006598428,1
actual,46,96,scatter_ring_allgather,0,512,6144,2.752506600,0.005375989,0.004183044,0.006649694,1
actual,47,97,scatter_ring_allgather,0,512,6144,2.748704350,0.005368563,0.004053253,0.006629987,1
actual,48,98,scatter_ring_allgather,0,512,6144,2.757154414,0.005385067,0.004092627,0.006686132,1
actual,49,99,scatter_ring_allgather,0,512,6144,2.761295499,0.005393155,0.004142911,0.006686112,1
warmup,0,0,scatter_ring_allgather,0,512,8192,2.773443182,0.005416881,0.004104429,0.006656888,1
warmup,1,1,scatter_ring_allgather,0,512,8192,2.766980730,0.005404259,0.004095813,0.006670662,1
warmup,2,2,scatter_ring_allgather,0,512,8192,2.776410711,0.005422677,0.004100371,0.006673277,1
warmup,3,3,scatter_ring_allgather,0,512,8192,2.772027081,0.005414115,0.004104570,0.006664422,1
warmup,4,4,scatter_ring_allgather,0,512,8192,2.763450645,0.005397365,0.004127062,0.006590099,1
warmup,5,5,scatter_ring_allgather,0,512,8192,2.770737410,0.005411597,0.004088820,0.006659282,1
warmup,6,6,scatter_ring_allgather,0,512,8192,2.772296998,0.005414643,0.004089621,0.006615707,1
warmup,7,7,scatter_ring_allgather,0,512,8192,2.767192085,0.005404672,0.004075084,0.006628154,1
warmup,8,8,scatter_ring_allgather,0,512,8192,2.776422063,0.005422699,0.004117233,0.006639391,1
warmup,9,9,scatter_ring_allgather,0,512,8192,2.764767545,0.005399937,0.004084481,0.006663539,1
warmup,10,10,scatter_ring_allgather,0,512,8192,2.764512247,0.005399438,0.004079673,0.006647500,1
warmup,11,11,scatter_ring_allgather,0,512,8192,2.765137803,0.005400660,0.004077969,0.006656306,1
warmup,12,12,scatter_ring_allgather,0,512,8192,2.765716559,0.005401790,0.004075745,0.006656587,1
warmup,13,13,scatter_ring_allgather,0,512,8192,2.762694384,0.005395887,0.004089200,0.006642811,1
warmup,14,14,scatter_ring_allgather,0,512,8192,2.770095045,0.005410342,0.004059755,0.006652179,1
warmup,15,15,scatter_ring_allgather,0,512,8192,2.767026841,0.005404349,0.004103006,0.006617373,1
warmup,16,16,scatter_ring_allgather,0,512,8192,2.774094825,0.005418154,0.004129202,0.006669089,1
warmup,17,17,scatter_ring_allgather,0,512,8192,2.773291413,0.005416585,0.004086496,0.006711520,1
warmup,18,18,scatter_ring_allgather,0,512,8192,2.773221398,0.005416448,0.004115159,0.006660224,1
warmup,19,19,scatter_ring_allgather,0,512,8192,2.768235785,0.005406711,0.004077238,0.006649573,1
warmup,20,20,scatter_ring_allgather,0,512,8192,2.777081045,0.005423986,0.004060196,0.006712471,1
warmup,21,21,scatter_ring_allgather,0,512,8192,2.768576353,0.005407376,0.004091695,0.006698816,1
warmup,22,22,scatter_ring_allgather,0,512,8192,2.776670213,0.005423184,0.004084672,0.006675171,1
warmup,23,23,scatter_ring_allgather,0,512,8192,2.780279878,0.005430234,0.004092728,0.006701480,1
warmup,24,24,scatter_ring_allgather,0,512,8192,2.770046928,0.005410248,0.004103514,0.006654343,1
warmup,25,25,scatter_ring_allgather,0,512,8192,2.766351984,0.005403031,0.004073030,0.006636920,1
warmup,26,26,scatter_ring_allgather,0,512,8192,2.792262924,0.005453639,0.004101323,0.006823940,1
warmup,27,27,scatter_ring_allgather,0,512,8192,2.778254117,0.005426278,0.004151317,0.006740654,1
warmup,28,28,scatter_ring_allgather,0,512,8192,2.777656829,0.005425111,0.004063211,0.006656958,1
warmup,29,29,scatter_ring_allgather,0,512,8192,2.762295439,0.005395108,0.004083881,0.006726217,1
warmup,30,30,scatter_ring_allgather,0,512,8192,2.760599339,0.005391796,0.004081246,0.006637992,1
warmup,31,31,scatter_ring_allgather,0,512,8192,2.758544273,0.005387782,0.004063362,0.006587314,1
warmup,32,32,scatter_ring_allgather,0,512,8192,2.768927332,0.005408061,0.004078921,0.006618986,1
warmup,33,33,scatter_ring_allgather,0,512,8192,2.777568644,0.005424939,0.004106113,0.006660163,1
warmup,34,34,scatter_ring_allgather,0,512,8192,2.770586438,0.005411302,0.004062019,0.006645285,1
warmup,35,35,scatter_ring_allgather,0,512,8192,2.780022236,0.005429731,0.004078460,0.006675780,1
warmup,36,36,scatter_ring_allgather,0,512,8192,2.776627394,0.005423100,0.004111042,0.006678788,1
warmup,37,37,scatter_ring_allgather,0,512,8192,2.766418521,0.005403161,0.004089291,0.006608474,1
warmup,38,38,scatter_ring_allgather,0,512,8192,2.775272004,0.005420453,0.004073521,0.006660394,1
warmup,39,39,scatter_ring_allgather,0,512,8192,2.780274676,0.005430224,0.004077067,0.006750663,1
warmup,40,40,scatter_ring_allgather,0,512,8192,2.801486754,0.005471654,0.004133100,0.006754728,1
warmup,41,41,scatter_ring_allgather,0,512,8192,2.766694075,0.005403699,0.004059254,0.006694808,1
warmup,42,42,scatter_ring_allgather,0,512,8192,2.776872265,0.005423579,0.004120820,0.006715326,1
warmup,43,43,scatter_ring_allgather,0,512,8192,2.757850926,0.005386428,0.004078701,0.006622904,1
warmup,44,44,scatter_ring_allgather,0,512,8192,2.766145341,0.005402628,0.004070906,0.006657478,1
warmup,45,45,scatter_ring_allgather,0,512,8192,2.763490688,0.005397443,0.004067850,0.006667146,1
warmup,46,46,scatter_ring_allgather,0,512,8192,2.772195491,0.005414444,0.004096594,0.006691993,1
warmup,47,47,scatter_ring_allgather,0,512,8192,2.763863671,0.005398171,0.004116789,0.006677896,1
warmup,48,48,scatter_ring_allgather,0,512,8192,2.770855512,0.005411827,0.004126731,0.006638903,1
warmup,49,49,scatter_ring_allgather,0,512,8192,2.772940527,0.005415899,0.004135434,0.006681302,1
actual,0,50,scatter_ring_allgather,0,512,8192,2.757578459,0.005385895,0.004097977,0.006669601,1
actual,1,51,scatter_ring_allgather,0,512,8192,2.763053792,0.005396589,0.004173278,0.006631059,1
actual,2,52,scatter_ring_allgather,0,512,8192,2.775692579,0.005421275,0.004092817,0.006699627,1
actual,3,53,scatter_ring_allgather,0,512,8192,2.764112869,0.005398658,0.004091795,0.006662768,1
actual,4,54,scatter_ring_allgather,0,512,8192,2.769887621,0.005409937,0.004088098,0.006647610,1
actual,5,55,scatter_ring_allgather,0,512,8192,2.760652592,0.005391900,0.004066598,0.006581967,1
actual,6,56,scatter_ring_allgather,0,512,8192,2.780914245,0.005431473,0.004122463,0.006670462,1
actual,7,57,scatter_ring_allgather,0,512,8192,2.765569685,0.005401503,0.004080925,0.006708043,1
actual,8,58,scatter_ring_allgather,0,512,8192,2.776704618,0.005423251,0.004082247,0.006754820,1
actual,9,59,scatter_ring_allgather,0,512,8192,2.762235473,0.005394991,0.004106062,0.006580822,1
actual,10,60,scatter_ring_allgather,0,512,8192,2.776321767,0.005422503,0.004116532,0.006734503,1
actual,11,61,scatter_ring_allgather,0,512,8192,2.765703783,0.005401765,0.004068221,0.006703054,1
actual,12,62,scatter_ring_allgather,0,512,8192,2.775133070,0.005420182,0.004066749,0.006676323,1
actual,13,63,scatter_ring_allgather,0,512,8192,2.764235121,0.005398897,0.004081115,0.006646748,1
actual,14,64,scatter_ring_allgather,0,512,8192,2.768676523,0.005407571,0.004115711,0.006660183,1
actual,15,65,scatter_ring_allgather,0,512,8192,2.776281971,0.005422426,0.004116712,0.006727489,1
actual,16,66,scatter_ring_allgather,0,512,8192,2.761955760,0.005394445,0.004074262,0.006631520,1
actual,17,67,scatter_ring_allgather,0,512,8192,2.769702785,0.005409576,0.004145246,0.006636369,1
actual,18,68,scatter_ring_allgather,0,512,8192,2.767329242,0.005404940,0.004113704,0.006654352,1
actual,19,69,scatter_ring_allgather,0,512,8192,2.780334987,0.005430342,0.004100061,0.006787112,1
actual,20,70,scatter_ring_allgather,0,512,8192,2.768476517,0.005407181,0.004120670,0.006664170,1
actual,21,71,scatter_ring_allgather,0,512,8192,2.761690890,0.005393928,0.004105842,0.006699317,1
actual,22,72,scatter_ring_allgather,0,512,8192,2.767833621,0.005405925,0.004084361,0.006720466,1
actual,23,73,scatter_ring_allgather,0,512,8192,2.772292046,0.005414633,0.004061008,0.006717270,1
actual,24,74,scatter_ring_allgather,0,512,8192,2.757261329,0.005385276,0.004065696,0.006621631,1
actual,25,75,scatter_ring_allgather,0,512,8192,2.755928950,0.005382674,0.004083911,0.006603537,1
actual,26,76,scatter_ring_allgather,0,512,8192,2.760533447,0.005391667,0.004120870,0.006658230,1
actual,27,77,scatter_ring_allgather,0,512,8192,2.759705789,0.005390050,0.004084240,0.006614397,1
actual,28,78,scatter_ring_allgather,0,512,8192,2.757134500,0.005385028,0.004132863,0.006607495,1
actual,29,79,scatter_ring_allgather,0,512,8192,2.757097383,0.005384956,0.004091664,0.006701060,1
actual,30,80,scatter_ring_allgather,0,512,8192,2.761304820,0.005393173,0.004078460,0.006636499,1
actual,31,81,scatter_ring_allgather,0,512,8192,2.756004892,0.005382822,0.004105752,0.006634004,1
actual,32,82,scatter_ring_allgather,0,512,8192,2.779800822,0.005429298,0.004093468,0.006690900,1
actual,33,83,scatter_ring_allgather,0,512,8192,2.771567777,0.005413218,0.004080975,0.006775410,1
actual,34,84,scatter_ring_allgather,0,512,8192,2.764379088,0.005399178,0.004091675,0.006648591,1
actual,35,85,scatter_ring_allgather,0,512,8192,2.759096097,0.005388860,0.004076557,0.006651286,1
actual,36,86,scatter_ring_allgather,0,512,8192,2.777037201,0.005423901,0.004128805,0.006703003,1
actual,37,87,scatter_ring_allgather,0,512,8192,2.765310643,0.005400997,0.004102715,0.006669821,1
actual,38,88,scatter_ring_allgather,0,512,8192,2.778919901,0.005427578,0.004071858,0.006711549,1
actual,39,89,scatter_ring_allgather,0,512,8192,2.776530743,0.005422912,0.004062740,0.006716178,1
actual,40,90,scatter_ring_allgather,0,512,8192,2.765361743,0.005401097,0.004150697,0.006598919,1
actual,41,91,scatter_ring_allgather,0,512,8192,2.770999029,0.005412107,0.004102456,0.006678587,1
actual,42,92,scatter_ring_allgather,0,512,8192,2.758699981,0.005388086,0.004093810,0.006666004,1
actual,43,93,scatter_ring_allgather,0,512,8192,2.771353906,0.005412801,0.004073380,0.006635386,1
actual,44,94,scatter_ring_allgather,0,512,8192,2.781174680,0.005431982,0.004114638,0.006687956,1
actual,45,95,scatter_ring_allgather,0,512,8192,2.768231951,0.005406703,0.004095522,0.006601511,1
actual,46,96,scatter_ring_allgather,0,512,8192,2.766352066,0.005403031,0.004096682,0.006605601,1
actual,47,97,scatter_ring_allgather,0,512,8192,2.772645710,0.005415324,0.004112024,0.006659242,1
actual,48,98,scatter_ring_allgather,0,512,8192,2.771797174,0.005413666,0.004124657,0.006699908,1
actual,49,99,scatter_ring_allgather,0,512,8192,2.766381767,0.005403089,0.004100561,0.006655955,1
warmup,0,0,scatter_ring_allgather,0,512,12288,2.785658002,0.005440738,0.004078901,0.006693824,1
warmup,1,1,scatter_ring_allgather,0,512,12288,2.778956013,0.005427648,0.004089591,0.006713614,1
warmup,2,2,scatter_ring_allgather,0,512,12288,2.787254646,0.005443857,0.004111914,0.006713593,1
warmup,3,3,scatter_ring_allgather,0,512,12288,2.767220755,0.005404728,0.004089270,0.006678608,1
warmup,4,4,scatter_ring_allgather,0,512,12288,2.767879878,0.005406015,0.004100291,0.006673499,1
warmup,5,5,scatter_ring_allgather,0,512,12288,2.775095632,0.005420109,0.004103157,0.006769258,1
warmup,6,6,scatter_ring_allgather,0,512,12288,2.766408915,0.005403142,0.004060296,0.006618295,1
warmup,7,7,scatter_ring_allgather,0,512,12288,2.798365289,0.005465557,0.004059094,0.006723181,1
warmup,8,8,scatter_ring_allgather,0,512,12288,2.781719725,0.005433046,0.004078741,0.006714395,1
warmup,9,9,scatter_ring_allgather,0,512,12288,2.764377828,0.005399175,0.004106964,0.006680130,1
warmup,10,10,scatter_ring_allgather,0,512,12288,2.771036843,0.005412181,0.004105231,0.006712341,1
warmup,11,11,scatter_ring_allgather,0,512,12288,2.775260795,0.005420431,0.004046660,0.006667867,1
warmup,12,12,scatter_ring_allgather,0,512,12288,2.780970590,0.005431583,0.004120028,0.006681513,1
warmup,13,13,scatter_ring_allgather,0,512,12288,2.760624032,0.005391844,0.004088209,0.006670734,1
warmup,14,14,scatter_ring_allgather,0,512,12288,2.773219827,0.005416445,0.004122073,0.006684119,1
warmup,15,15,scatter_ring_allgather,0,512,12288,2.765620117,0.005401602,0.004110660,0.006682124,1
warmup,16,16,scatter_ring_allgather,0,512,12288,2.773689765,0.005417363,0.004080965,0.006700429,1
warmup,17,17,scatter_ring_allgather,0,512,12288,2.775714568,0.005421318,0.004107264,0.006639304,1
warmup,18,18,scatter_ring_allgather,0,512,12288,2.768699609,0.005407616,0.004107222,0.006702322,1
warmup,19,19,scatter_ring_allgather,0,512,12288,2.786594499,0.005442567,0.004088515,0.006818029,1
warmup,20,20,scatter_ring_allgather,0,512,12288,2.783440512,0.005436407,0.004111830,0.006633183,1
warmup,21,21,scatter_ring_allgather,0,512,12288,2.778938835,0.005427615,0.004112230,0.006730295,1
warmup,22,22,scatter_ring_allgather,0,512,12288,2.770700822,0.005411525,0.004104335,0.006697814,1
warmup,23,23,scatter_ring_allgather,0,512,12288,2.772210975,0.005414475,0.004124344,0.006720767,1
warmup,24,24,scatter_ring_allgather,0,512,12288,2.774357124,0.005418666,0.004135384,0.006749220,1
warmup,25,25,scatter_ring_allgather,0,512,12288,2.808640331,0.005485626,0.004094097,0.006986355,1
warmup,26,26,scatter_ring_allgather,0,512,12288,2.765850212,0.005402051,0.004085130,0.006583626,1
warmup,27,27,scatter_ring_allgather,0,512,12288,2.786481124,0.005442346,0.004094507,0.006732980,1
warmup,28,28,scatter_ring_allgather,0,512,12288,2.771163939,0.005412430,0.004069360,0.006663891,1
warmup,29,29,scatter_ring_allgather,0,512,12288,2.749966563,0.005371028,0.004104816,0.006634766,1
warmup,30,30,scatter_ring_allgather,0,512,12288,2.769575766,0.005409328,0.004083627,0.006689939,1
warmup,31,31,scatter_ring_allgather,0,512,12288,2.781907398,0.005433413,0.004087835,0.006737859,1
warmup,32,32,scatter_ring_allgather,0,512,12288,2.771006967,0.005412123,0.004116719,0.006708514,1
warmup,33,33,scatter_ring_allgather,0,512,12288,2.767879135,0.005406014,0.004098614,0.006691182,1
warmup,34,34,scatter_ring_allgather,0,512,12288,2.769199480,0.005408593,0.004080952,0.006684088,1
warmup,35,35,scatter_ring_allgather,0,512,12288,2.763575712,0.005397609,0.004082425,0.006695269,1
warmup,36,36,scatter_ring_allgather,0,512,12288,2.769148137,0.005408492,0.004091241,0.006716128,1
warmup,37,37,scatter_ring_allgather,0,512,12288,2.763208260,0.005396891,0.004073648,0.006646477,1
warmup,38,38,scatter_ring_allgather,0,512,12288,2.771295325,0.005412686,0.004124654,0.006738941,1
warmup,39,39,scatter_ring_allgather,0,512,12288,2.766008953,0.005402361,0.004055864,0.006642741,1
warmup,40,40,scatter_ring_allgather,0,512,12288,2.771949686,0.005413964,0.004120185,0.006653691,1
warmup,41,41,scatter_ring_allgather,0,512,12288,2.784871569,0.005439202,0.004103194,0.006750532,1
warmup,42,42,scatter_ring_allgather,0,512,12288,2.774803488,0.005419538,0.004135264,0.006681644,1
warmup,43,43,scatter_ring_allgather,0,512,12288,2.769958745,0.005410076,0.004105949,0.006657628,1
warmup,44,44,scatter_ring_allgather,0,512,12288,2.768150732,0.005406544,0.004119022,0.006627733,1
warmup,45,45,scatter_ring_allgather,0,512,12288,2.758852958,0.005388385,0.004108734,0.006653671,1
warmup,46,46,scatter_ring_allgather,0,512,12288,2.774558567,0.005419060,0.004172083,0.006714326,1
warmup,47,47,scatter_ring_allgather,0,512,12288,2.770844915,0.005411806,0.004139982,0.006699587,1
warmup,48,48,scatter_ring_allgather,0,512,12288,2.768087498,0.005406421,0.004121328,0.006644333,1
warmup,49,49,scatter_ring_allgather,0,512,12288,2.763841812,0.005398129,0.004098033,0.006677406,1
actual,0,50,scatter_ring_allgather,0,512,12288,2.779735344,0.005429171,0.004125886,0.006694277,1
actual,1,51,scatter_ring_allgather,0,512,12288,2.764543135,0.005399498,0.004065663,0.006597502,1
actual,2,52,scatter_ring_allgather,0,512,12288,2.789736501,0.005448704,0.004118191,0.006755322,1
actual,3,53,scatter_ring_allgather,0,512,12288,2.763115611,0.005396710,0.004062978,0.006646538,1
actual,4,54,scatter_ring_allgather,0,512,12288,2.768787535,0.005407788,0.004050494,0.006659763,1
actual,5,55,scatter_ring_allgather,0,512,12288,2.767539099,0.005405350,0.004088216,0.006655745,1
actual,6,56,scatter_ring_allgather,0,512,12288,2.777353802,0.005424519,0.004114895,0.006763597,1
actual,7,57,scatter_ring_allgather,0,512,12288,2.767618381,0.005405505,0.004169378,0.006644834,1
actual,8,58,scatter_ring_allgather,0,512,12288,2.762310967,0.005395139,0.004100458,0.006707542,1
actual,9,59,scatter_ring_allgather,0,512,12288,2.769018684,0.005408240,0.004076764,0.006674420,1
actual,10,60,scatter_ring_allgather,0,512,12288,2.779224231,0.005428172,0.004097823,0.006680652,1
actual,11,61,scatter_ring_allgather,0,512,12288,2.761009541,0.005392597,0.004087915,0.006613977,1
actual,12,62,scatter_ring_allgather,0,512,12288,2.766431757,0.005403187,0.004127539,0.006667416,1
actual,13,63,scatter_ring_allgather,0,512,12288,2.786952918,0.005443267,0.004106019,0.006632040,1
actual,14,64,scatter_ring_allgather,0,512,12288,2.775588436,0.005421071,0.004108233,0.006694397,1
actual,15,65,scatter_ring_allgather,0,512,12288,2.761328003,0.005393219,0.004113673,0.006586084,1
actual,16,66,scatter_ring_allgather,0,512,12288,2.772150284,0.005414356,0.004088135,0.006666205,1
actual,17,67,scatter_ring_allgather,0,512,12288,2.771398116,0.005412887,0.004134762,0.006598138,1
actual,18,68,scatter_ring_allgather,0,512,12288,2.776195260,0.005422256,0.004091040,0.006658267,1
actual,19,69,scatter_ring_allgather,0,512,12288,2.776481480,0.005422815,0.004091191,0.006655755,1
actual,20,70,scatter_ring_allgather,0,512,12288,2.791165157,0.005451494,0.004203131,0.006694517,1
actual,21,71,scatter_ring_allgather,0,512,12288,2.767662532,0.005405591,0.004131697,0.006613746,1
actual,22,72,scatter_ring_allgather,0,512,12288,2.777939022,0.005425662,0.004161673,0.006696371,1
actual,23,73,scatter_ring_allgather,0,512,12288,2.769559678,0.005409296,0.004075191,0.006682685,1
actual,24,74,scatter_ring_allgather,0,512,12288,2.784531026,0.005438537,0.004095760,0.006743479,1
actual,25,75,scatter_ring_allgather,0,512,12288,2.764881945,0.005400160,0.004087284,0.006669070,1
actual,26,76,scatter_ring_allgather,0,512,12288,2.779650596,0.005429005,0.004065563,0.006704807,1
actual,27,77,scatter_ring_allgather,0,512,12288,2.778709125,0.005427166,0.004096992,0.006689177,1
actual,28,78,scatter_ring_allgather,0,512,12288,2.775039471,0.005419999,0.004101800,0.006730536,1
actual,29,79,scatter_ring_allgather,0,512,12288,2.780707804,0.005431070,0.004197460,0.006729093,1
actual,30,80,scatter_ring_allgather,0,512,12288,2.783382900,0.005436295,0.004111098,0.006736095,1
actual,31,81,scatter_ring_allgather,0,512,12288,2.773473266,0.005416940,0.004108834,0.006679480,1
actual,32,82,scatter_ring_allgather,0,512,12288,2.759192680,0.005389048,0.004085780,0.006695490,1
actual,33,83,scatter_ring_allgather,0,512,12288,2.761158783,0.005392888,0.004092283,0.006708514,1
actual,34,84,scatter_ring_allgather,0,512,12288,2.769994974,0.005410146,0.004084378,0.006655465,1
actual,35,85,scatter_ring_allgather,0,512,12288,2.763778532,0.005398005,0.004112330,0.006667988,1
actual,36,86,scatter_ring_allgather,0,512,12288,2.770268735,0.005410681,0.004102803,0.006687325,1
actual,37,87,scatter_ring_allgather,0,512,12288,2.768654302,0.005407528,0.004092203,0.006654954,1
actual,38,88,scatter_ring_allgather,0,512,12288,2.769143963,0.005408484,0.004105277,0.006622543,1
actual,39,89,scatter_ring_allgather,0,512,12288,2.771343242,0.005412780,0.004145582,0.006598759,1
actual,40,90,scatter_ring_allgather,0,512,12288,2.766914723,0.005404130,0.004118753,0.006619407,1
actual,41,91,scatter_ring_allgather,0,512,12288,2.758145293,0.005387003,0.004083557,0.006665123,1
actual,42,92,scatter_ring_allgather,0,512,12288,2.783437898,0.005436402,0.004116648,0.006742187,1
actual,43,93,scatter_ring_allgather,0,512,12288,2.768868492,0.005407946,0.004119805,0.006717561,1
actual,44,94,scatter_ring_allgather,0,512,12288,2.787020066,0.005443399,0.004123722,0.006656076,1
actual,45,95,scatter_ring_allgather,0,512,12288,2.781170010,0.005431973,0.004097272,0.006709876,1
actual,46,96,scatter_ring_allgather,0,512,12288,2.772457864,0.005414957,0.004086342,0.006699527,1
actual,47,97,scatter_ring_allgather,0,512,12288,2.780286259,0.005430247,0.004064251,0.006693535,1
actual,48,98,scatter_ring_allgather,0,512,12288,2.767772041,0.005405805,0.004108804,0.006638312,1
actual,49,99,scatter_ring_allgather,0,512,12288,2.768425062,0.005407080,0.004080571,0.006624907,1
warmup,0,0,scatter_ring_allgather,0,512,16384,2.782275097,0.005434131,0.004094498,0.006703003,1
warmup,1,1,scatter_ring_allgather,0,512,16384,2.774886090,0.005419699,0.004069330,0.006703134,1
warmup,2,2,scatter_ring_allgather,0,512,16384,2.776015575,0.005421905,0.004144561,0.006676444,1
warmup,3,3,scatter_ring_allgather,0,512,16384,2.777714775,0.005425224,0.004099757,0.006663720,1
warmup,4,4,scatter_ring_allgather,0,512,16384,2.785049613,0.005439550,0.004101310,0.006701641,1
warmup,5,5,scatter_ring_allgather,0,512,16384,2.763740516,0.005397931,0.004153578,0.006691082,1
warmup,6,6,scatter_ring_allgather,0,512,16384,2.774317632,0.005418589,0.004128772,0.006679960,1
warmup,7,7,scatter_ring_allgather,0,512,16384,2.759041456,0.005388753,0.004068428,0.006595750,1
warmup,8,8,scatter_ring_allgather,0,512,16384,2.767903368,0.005406061,0.004090490,0.006649304,1
warmup,9,9,scatter_ring_allgather,0,512,16384,2.774616139,0.005419172,0.004102472,0.006689137,1
warmup,10,10,scatter_ring_allgather,0,512,16384,2.769558515,0.005409294,0.004111318,0.006649573,1
warmup,11,11,scatter_ring_allgather,0,512,16384,2.781461083,0.005432541,0.004095980,0.006699547,1
warmup,12,12,scatter_ring_allgather,0,512,16384,2.792986540,0.005455052,0.004095789,0.006676415,1
warmup,13,13,scatter_ring_allgather,0,512,16384,2.765463290,0.005401295,0.004103123,0.006637550,1
warmup,14,14,scatter_ring_allgather,0,512,16384,2.770672443,0.005411470,0.004130274,0.006649453,1
warmup,15,15,scatter_ring_allgather,0,512,16384,2.777227235,0.005424272,0.004129933,0.006724565,1
warmup,16,16,scatter_ring_allgather,0,512,16384,2.775980158,0.005421836,0.004134604,0.006694768,1
warmup,17,17,scatter_ring_allgather,0,512,16384,2.775640473,0.005421173,0.004127719,0.006730946,1
warmup,18,18,scatter_ring_allgather,0,512,16384,2.780735009,0.005431123,0.004116308,0.006705709,1
warmup,19,19,scatter_ring_allgather,0,512,16384,2.785371224,0.005440178,0.004157745,0.006688417,1
warmup,20,20,scatter_ring_allgather,0,512,16384,2.781306584,0.005432239,0.004110878,0.006663248,1
warmup,21,21,scatter_ring_allgather,0,512,16384,2.774653467,0.005419245,0.004122860,0.006671966,1
warmup,22,22,scatter_ring_allgather,0,512,16384,2.792864035,0.005454813,0.004117791,0.006662866,1
warmup,23,23,scatter_ring_allgather,0,512,16384,2.769055183,0.005408311,0.004155512,0.006669501,1
warmup,24,24,scatter_ring_allgather,0,512,16384,2.784355540,0.005438194,0.004087644,0.006702412,1
warmup,25,25,scatter_ring_allgather,0,512,16384,2.778432131,0.005426625,0.004100468,0.006706770,1
warmup,26,26,scatter_ring_allgather,0,512,16384,2.780165752,0.005430011,0.004105699,0.006733180,1
warmup,27,27,scatter_ring_allgather,0,512,16384,2.771227742,0.005412554,0.004137818,0.006676614,1
warmup,28,28,scatter_ring_allgather,0,512,16384,2.769072444,0.005408345,0.004128211,0.006628574,1
warmup,29,29,scatter_ring_allgather,0,512,16384,2.776470130,0.005422793,0.004110558,0.006666575,1
warmup,30,30,scatter_ring_allgather,0,512,16384,2.764704738,0.005399814,0.004095429,0.006684560,1
warmup,31,31,scatter_ring_allgather,0,512,16384,2.780692086,0.005431039,0.004126587,0.006616371,1
warmup,32,32,scatter_ring_allgather,0,512,16384,2.784117701,0.005437730,0.004113633,0.006637307,1
warmup,33,33,scatter_ring_allgather,0,512,16384,2.772221701,0.005414496,0.004103013,0.006708504,1
warmup,34,34,scatter_ring_allgather,0,512,16384,2.779113581,0.005427956,0.004125846,0.006721628,1
warmup,35,35,scatter_ring_allgather,0,512,16384,2.774618982,0.005419178,0.004100719,0.006724503,1
warmup,36,36,scatter_ring_allgather,0,512,16384,2.775558090,0.005421012,0.004063329,0.006676433,1
warmup,37,37,scatter_ring_allgather,0,512,16384,2.776804062,0.005423445,0.004158237,0.006731788,1
warmup,38,38,scatter_ring_allgather,0,512,16384,2.779145610,0.005428019,0.004113753,0.006638630,1
warmup,39,39,scatter_ring_allgather,0,512,16384,2.770027827,0.005410211,0.004056696,0.006650636,1
warmup,40,40,scatter_ring_allgather,0,512,16384,2.777666453,0.005425130,0.004124814,0.006690450,1
warmup,41,41,scatter_ring_allgather,0,512,16384,2.783812500,0.005437134,0.004122609,0.006775319,1
warmup,42,42,scatter_ring_allgather,0,512,16384,2.784351161,0.005438186,0.004176672,0.006703966,1
warmup,43,43,scatter_ring_allgather,0,512,16384,2.765500955,0.005401369,0.004087073,0.006594707,1
warmup,44,44,scatter_ring_allgather,0,512,16384,2.783325986,0.005436184,0.004125064,0.006644775,1
warmup,45,45,scatter_ring_allgather,0,512,16384,2.777181084,0.005424182,0.004117010,0.006766953,1
warmup,46,46,scatter_ring_allgather,0,512,16384,2.772932261,0.005415883,0.004109947,0.006652699,1
warmup,47,47,scatter_ring_allgather,0,512,16384,2.780468137,0.005430602,0.004137418,0.006742006,1
warmup,48,48,scatter_ring_allgather,0,512,16384,2.774679106,0.005419295,0.004119334,0.006700849,1
warmup,49,49,scatter_ring_allgather,0,512,16384,2.762998240,0.005396481,0.004081152,0.006658310,1
actual,0,50,scatter_ring_allgather,0,512,16384,2.778135298,0.005426046,0.004106049,0.006709405,1
actual,1,51,scatter_ring_allgather,0,512,16384,2.771105433,0.005412315,0.004095759,0.006663219,1
actual,2,52,scatter_ring_allgather,0,512,16384,2.778909470,0.005427558,0.004130785,0.006635076,1
actual,3,53,scatter_ring_allgather,0,512,16384,2.775472900,0.005420846,0.004134142,0.006714916,1
actual,4,54,scatter_ring_allgather,0,512,16384,2.780146305,0.005429973,0.004104456,0.006687454,1
actual,5,55,scatter_ring_allgather,0,512,16384,2.780605752,0.005430871,0.004088836,0.006745734,1
actual,6,56,scatter_ring_allgather,0,512,16384,2.770500975,0.005411135,0.004142557,0.006666766,1
actual,7,57,scatter_ring_allgather,0,512,16384,2.770311008,0.005410764,0.004106530,0.006679880,1
actual,8,58,scatter_ring_allgather,0,512,16384,2.780315193,0.005430303,0.004109625,0.006697002,1
actual,9,59,scatter_ring_allgather,0,512,16384,2.766783180,0.005403873,0.004129543,0.006643262,1
actual,10,60,scatter_ring_allgather,0,512,16384,2.779578741,0.005428865,0.004127679,0.006683888,1
actual,11,61,scatter_ring_allgather,0,512,16384,2.780999174,0.005431639,0.004079048,0.006720486,1
actual,12,62,scatter_ring_allgather,0,512,16384,2.763386154,0.005397239,0.004092994,0.006689078,1
actual,13,63,scatter_ring_allgather,0,512,16384,2.763950247,0.005398340,0.004081272,0.006578310,1
actual,14,64,scatter_ring_allgather,0,512,16384,2.784397242,0.005438276,0.004132498,0.006772875,1
actual,15,65,scatter_ring_allgather,0,512,16384,2.780235887,0.005430148,0.004088917,0.006796168,1
actual,16,66,scatter_ring_allgather,0,512,16384,2.777459060,0.005424725,0.004123522,0.006640376,1
actual,17,67,scatter_ring_allgather,0,512,16384,2.774427705,0.005418804,0.004098485,0.006651628,1
actual,18,68,scatter_ring_allgather,0,512,16384,2.779915800,0.005429523,0.004117310,0.006666545,1
actual,19,69,scatter_ring_allgather,0,512,16384,2.781916770,0.005433431,0.004084118,0.006720346,1
actual,20,70,scatter_ring_allgather,0,512,16384,2.776691220,0.005423225,0.004112831,0.006699387,1
actual,21,71,scatter_ring_allgather,0,512,16384,2.764053130,0.005398541,0.004096912,0.006613246,1
actual,22,72,scatter_ring_allgather,0,512,16384,2.782148421,0.005433884,0.004109355,0.006668038,1
actual,23,73,scatter_ring_allgather,0,512,16384,2.775862874,0.005421607,0.004079048,0.006689789,1
actual,24,74,scatter_ring_allgather,0,512,16384,2.771577610,0.005413238,0.004085441,0.006633133,1
actual,25,75,scatter_ring_allgather,0,512,16384,2.771751209,0.005413577,0.004081593,0.006643452,1
actual,26,76,scatter_ring_allgather,0,512,16384,2.792838995,0.005454764,0.004137117,0.006733140,1
actual,27,77,scatter_ring_allgather,0,512,16384,2.776944336,0.005423719,0.004117290,0.006645115,1
actual,28,78,scatter_ring_allgather,0,512,16384,2.810437607,0.005489136,0.004294493,0.006715417,1
actual,29,79,scatter_ring_allgather,0,512,16384,2.774079429,0.005418124,0.004177343,0.006722710,1
actual,30,80,scatter_ring_allgather,0,512,16384,2.783569587,0.005436659,0.004115125,0.006719063,1
actual,31,81,scatter_ring_allgather,0,512,16384,2.780259359,0.005430194,0.004197380,0.006666315,1
actual,32,82,scatter_ring_allgather,0,512,16384,2.768983718,0.005408171,0.004165140,0.006661926,1
actual,33,83,scatter_ring_allgather,0,512,16384,2.781718781,0.005433044,0.004104506,0.006653150,1
actual,34,84,scatter_ring_allgather,0,512,16384,2.786698622,0.005442771,0.004126777,0.006715897,1
actual,35,85,scatter_ring_allgather,0,512,16384,2.758136089,0.005386985,0.004111138,0.006614207,1
actual,36,86,scatter_ring_allgather,0,512,16384,2.774251489,0.005418460,0.004105678,0.006695930,1
actual,37,87,scatter_ring_allgather,0,512,16384,2.777141864,0.005424105,0.004073247,0.006697953,1
actual,38,88,scatter_ring_allgather,0,512,16384,2.780176994,0.005430033,0.004107682,0.006723232,1
actual,39,89,scatter_ring_allgather,0,512,16384,2.767151187,0.005404592,0.004109065,0.006632662,1
actual,40,90,scatter_ring_allgather,0,512,16384,2.781413695,0.005432449,0.004136456,0.006648822,1
actual,41,91,scatter_ring_allgather,0,512,16384,2.777654210,0.005425106,0.004063539,0.006746224,1
actual,42,92,scatter_ring_allgather,0,512,16384,2.780964312,0.005431571,0.004096651,0.006652236,1
actual,43,93,scatter_ring_allgather,0,512,16384,2.776240247,0.005422344,0.004085860,0.006713563,1
actual,44,94,scatter_ring_allgather,0,512,16384,2.773710362,0.005417403,0.004159400,0.006666255,1
actual,45,95,scatter_ring_allgather,0,512,16384,2.777086545,0.005423997,0.004107432,0.006652769,1
actual,46,96,scatter_ring_allgather,0,512,16384,2.789160459,0.005447579,0.004078366,0.006718493,1
actual,47,97,scatter_ring_allgather,0,512,16384,2.785075772,0.005439601,0.004072145,0.006708995,1
actual,48,98,scatter_ring_allgather,0,512,16384,2.771241150,0.005412580,0.004101541,0.006611670,1
actual,49,99,scatter_ring_allgather,0,512,16384,2.774425124,0.005418799,0.004139241,0.006636880,1
warmup,0,0,scatter_ring_allgather,0,512,24576,2.793883218,0.005456803,0.004120836,0.006724774,1
warmup,1,1,scatter_ring_allgather,0,512,24576,2.784230348,0.005437950,0.004166152,0.006680371,1
warmup,2,2,scatter_ring_allgather,0,512,24576,2.789128018,0.005447516,0.004145203,0.006765751,1
warmup,3,3,scatter_ring_allgather,0,512,24576,2.797745752,0.005464347,0.004101249,0.006690690,1
warmup,4,4,scatter_ring_allgather,0,512,24576,2.787036447,0.005443431,0.004105417,0.006720045,1
warmup,5,5,scatter_ring_allgather,0,512,24576,2.781301133,0.005432229,0.004064200,0.006710608,1
warmup,6,6,scatter_ring_allgather,0,512,24576,2.791331755,0.005451820,0.004151364,0.006740113,1
warmup,7,7,scatter_ring_allgather,0,512,24576,2.783821722,0.005437152,0.004111499,0.006708103,1
warmup,8,8,scatter_ring_allgather,0,512,24576,2.792140774,0.005453400,0.004151013,0.006712130,1
warmup,9,9,scatter_ring_allgather,0,512,24576,2.771473534,0.005413034,0.004111479,0.006684559,1
warmup,10,10,scatter_ring_allgather,0,512,24576,2.778565397,0.005426886,0.004122660,0.006717662,1
warmup,11,11,scatter_ring_allgather,0,512,24576,2.789488763,0.005448220,0.004122920,0.006697042,1
warmup,12,12,scatter_ring_allgather,0,512,24576,2.790621609,0.005450433,0.004152266,0.006680220,1
warmup,13,13,scatter_ring_allgather,0,512,24576,2.782745898,0.005435051,0.004156674,0.006691201,1
warmup,14,14,scatter_ring_allgather,0,512,24576,2.789471237,0.005448186,0.004094547,0.006677626,1
warmup,15,15,scatter_ring_allgather,0,512,24576,2.788970612,0.005447208,0.004126838,0.006719504,1
warmup,16,16,scatter_ring_allgather,0,512,24576,2.803139546,0.005474882,0.004170621,0.006753098,1
warmup,17,17,scatter_ring_allgather,0,512,24576,2.786490793,0.005442365,0.004143138,0.006778415,1
warmup,18,18,scatter_ring_allgather,0,512,24576,2.800756061,0.005470227,0.004105457,0.006817808,1
warmup,19,19,scatter_ring_allgather,0,512,24576,2.799461289,0.005467698,0.004116318,0.006766392,1
warmup,20,20,scatter_ring_allgather,0,512,24576,2.785661113,0.005440744,0.004088657,0.006762515,1
warmup,21,21,scatter_ring_allgather,0,512,24576,2.789441530,0.005448128,0.004141055,0.006709195,1
warmup,22,22,scatter_ring_allgather,0,512,24576,2.797431105,0.005463733,0.004111088,0.006672857,1
warmup,23,23,scatter_ring_allgather,0,512,24576,2.797854732,0.005464560,0.004105648,0.006720647,1
warmup,24,24,scatter_ring_allgather,0,512,24576,2.802332930,0.005473307,0.004271398,0.006764688,1
warmup,25,25,scatter_ring_allgather,0,512,24576,2.787041481,0.005443440,0.004139852,0.006699166,1
warmup,26,26,scatter_ring_allgather,0,512,24576,2.790031210,0.005449280,0.004116989,0.006781961,1
warmup,27,27,scatter_ring_allgather,0,512,24576,2.779916768,0.005429525,0.004075411,0.006710057,1
warmup,28,28,scatter_ring_allgather,0,512,24576,2.794435573,0.005457882,0.004156985,0.006724964,1
warmup,29,29,scatter_ring_allgather,0,512,24576,2.790759897,0.005450703,0.004086692,0.006737799,1
warmup,30,30,scatter_ring_allgather,0,512,24576,2.790293449,0.005449792,0.004091582,0.006697874,1
warmup,31,31,scatter_ring_allgather,0,512,24576,2.789759384,0.005448749,0.004122961,0.006692563,1
warmup,32,32,scatter_ring_allgather,0,512,24576,2.799229841,0.005467246,0.004120846,0.006700198,1
warmup,33,33,scatter_ring_allgather,0,512,24576,2.791239238,0.005451639,0.004118532,0.006796218,1
warmup,34,34,scatter_ring_allgather,0,512,24576,2.783549731,0.005436621,0.004099747,0.006619084,1
warmup,35,35,scatter_ring_allgather,0,512,24576,2.784352227,0.005438188,0.004108614,0.006690239,1
warmup,36,36,scatter_ring_allgather,0,512,24576,2.791309622,0.005451777,0.004148078,0.006781300,1
warmup,37,37,scatter_ring_allgather,0,512,24576,2.795021302,0.005459026,0.004084598,0.006767866,1
warmup,38,38,scatter_ring_allgather,0,512,24576,2.802051485,0.005472757,0.004105719,0.006755783,1
warmup,39,39,scatter_ring_allgather,0,512,24576,2.785014133,0.005439481,0.004110587,0.006680301,1
warmup,40,40,scatter_ring_allgather,0,512,24576,2.792576848,0.005454252,0.004142106,0.006683027,1
warmup,41,41,scatter_ring_allgather,0,512,24576,2.779581529,0.005428870,0.004101370,0.006699407,1
warmup,42,42,scatter_ring_allgather,0,512,24576,2.788471208,0.005446233,0.004126527,0.006657228,1
warmup,43,43,scatter_ring_allgather,0,512,24576,2.786738814,0.005442849,0.004105968,0.006690510,1
warmup,44,44,scatter_ring_allgather,0,512,24576,2.786798394,0.005442966,0.004149180,0.006663099,1
warmup,45,45,scatter_ring_allgather,0,512,24576,2.775276518,0.005420462,0.004126748,0.006648141,1
warmup,46,46,scatter_ring_allgather,0,512,24576,2.787809352,0.005444940,0.004127488,0.006677566,1
warmup,47,47,scatter_ring_allgather,0,512,24576,2.782407117,0.005434389,0.004150852,0.006671825,1
warmup,48,48,scatter_ring_allgather,0,512,24576,2.793925532,0.005456886,0.004125796,0.006688566,1
warmup,49,49,scatter_ring_allgather,0,512,24576,2.779659398,0.005429022,0.004104105,0.006657188,1
actual,0,50,scatter_ring_allgather,0,512,24576,2.785617152,0.005440658,0.004108644,0.006625285,1
actual,1,51,scatter_ring_allgather,0,512,24576,2.772918571,0.005415857,0.004086141,0.006703785,1
actual,2,52,scatter_ring_allgather,0,512,24576,2.786109230,0.005441620,0.004151313,0.006644313,1
actual,3,53,scatter_ring_allgather,0,512,24576,2.798093339,0.005465026,0.004173576,0.006779036,1
actual,4,54,scatter_ring_allgather,0,512,24576,2.789884364,0.005448993,0.004153759,0.006683367,1
actual,5,55,scatter_ring_allgather,0,512,24576,2.790360570,0.005449923,0.004089278,0.006684208,1
actual,6,56,scatter_ring_allgather,0,512,24576,2.792910433,0.005454903,0.004127359,0.006764508,1
actual,7,57,scatter_ring_allgather,0,512,24576,2.816094816,0.005500185,0.004337352,0.006667267,1
actual,8,58,scatter_ring_allgather,0,512,24576,2.783966523,0.005437435,0.004133520,0.006650423,1
actual,9,59,scatter_ring_allgather,0,512,24576,2.790583317,0.005450358,0.004086873,0.006698956,1
actual,10,60,scatter_ring_allgather,0,512,24576,2.783528492,0.005436579,0.004121328,0.006678478,1
actual,11,61,scatter_ring_allgather,0,512,24576,2.789848290,0.005448922,0.004077466,0.006674710,1
actual,12,62,scatter_ring_allgather,0,512,24576,2.798418937,0.005465662,0.004106610,0.006740955,1
actual,13,63,scatter_ring_allgather,0,512,24576,3.444574347,0.006727684,0.004076453,0.010743633,1
actual,14,64,scatter_ring_allgather,0,512,24576,2.794356806,0.005457728,0.004141826,0.006678828,1
actual,15,65,scatter_ring_allgather,0,512,24576,2.780513358,0.005430690,0.004137157,0.006673268,1
actual,16,66,scatter_ring_allgather,0,512,24576,2.781040564,0.005431720,0.004107431,0.006666886,1
actual,17,67,scatter_ring_allgather,0,512,24576,2.776956525,0.005423743,0.004096781,0.006681894,1
actual,18,68,scatter_ring_allgather,0,512,24576,2.787191691,0.005443734,0.004119103,0.006671345,1
actual,19,69,scatter_ring_allgather,0,512,24576,2.804936293,0.005478391,0.004197620,0.006645766,1
actual,20,70,scatter_ring_allgather,0,512,24576,2.781727664,0.005433062,0.004122039,0.006702813,1
actual,21,71,scatter_ring_allgather,0,512,24576,2.788949161,0.005447166,0.004102151,0.006699316,1
actual,22,72,scatter_ring_allgather,0,512,24576,2.787533662,0.005444402,0.004144842,0.006672597,1
actual,23,73,scatter_ring_allgather,0,512,24576,2.784303250,0.005438092,0.004089017,0.006697613,1
actual,24,74,scatter_ring_allgather,0,512,24576,2.789067368,0.005447397,0.004117170,0.006733180,1
actual,25,75,scatter_ring_allgather,0,512,24576,2.775708860,0.005421306,0.004100198,0.006641699,1
actual,26,76,scatter_ring_allgather,0,512,24576,2.792305532,0.005453722,0.004140413,0.006666946,1
actual,27,77,scatter_ring_allgather,0,512,24576,2.781832583,0.005433267,0.004091812,0.006690130,1
actual,28,78,scatter_ring_allgather,0,512,24576,2.795567928,0.005460094,0.004212318,0.006679229,1
actual,29,79,scatter_ring_allgather,0,512,24576,2.783001576,0.005435550,0.004110587,0.006708344,1
actual,30,80,scatter_ring_allgather,0,512,24576,2.791983282,0.005453092,0.004171321,0.006700740,1
actual,31,81,scatter_ring_allgather,0,512,24576,2.793008176,0.005455094,0.004184286,0.006702392,1
actual,32,82,scatter_ring_allgather,0,512,24576,2.785941193,0.005441291,0.004102742,0.006706330,1
actual,33,83,scatter_ring_allgather,0,512,24576,2.782787813,0.005435132,0.004099015,0.006684509,1
actual,34,84,scatter_ring_allgather,0,512,24576,2.794512197,0.005458032,0.004139311,0.006679587,1
actual,35,85,scatter_ring_allgather,0,512,24576,2.784648646,0.005438767,0.004111229,0.006637340,1
actual,36,86,scatter_ring_allgather,0,512,24576,2.795431905,0.005459828,0.004196359,0.006672376,1
actual,37,87,scatter_ring_allgather,0,512,24576,2.789880218,0.005448985,0.004086752,0.006789105,1
actual,38,88,scatter_ring_allgather,0,512,24576,2.794358919,0.005457732,0.004147917,0.006683136,1
actual,39,89,scatter_ring_allgather,0,512,24576,2.784020897,0.005437541,0.004100969,0.006659712,1
actual,40,90,scatter_ring_allgather,0,512,24576,2.794856811,0.005458705,0.004172393,0.006682422,1
actual,41,91,scatter_ring_allgather,0,512,24576,2.786351936,0.005442094,0.004156473,0.006633003,1
actual,42,92,scatter_ring_allgather,0,512,24576,2.787560234,0.005444454,0.004127680,0.006637368,1
actual,43,93,scatter_ring_allgather,0,512,24576,2.789465338,0.005448174,0.004123171,0.006689157,1
actual,44,94,scatter_ring_allgather,0,512,24576,2.779199289,0.005428124,0.004120776,0.006697904,1
actual,45,95,scatter_ring_allgather,0,512,24576,2.779344387,0.005428407,0.004095769,0.006636379,1
actual,46,96,scatter_ring_allgather,0,512,24576,2.791144574,0.005451454,0.004139091,0.006688947,1
actual,47,97,scatter_ring_allgather,0,512,24576,2.793137582,0.005455347,0.004109806,0.006698555,1
actual,48,98,scatter_ring_allgather,0,512,24576,2.786602564,0.005442583,0.004123652,0.006666004,1
actual,49,99,scatter_ring_allgather,0,512,24576,2.782687897,0.005434937,0.004083848,0.006664892,1
warmup,0,0,scatter_ring_allgather,0,512,32768,2.814547497,0.005497163,0.004146024,0.006769879,1
warmup,1,1,scatter_ring_allgather,0,512,32768,2.787057162,0.005443471,0.004117000,0.006708825,1
warmup,2,2,scatter_ring_allgather,0,512,32768,2.792102046,0.005453324,0.004148018,0.006684559,1
warmup,3,3,scatter_ring_allgather,0,512,32768,2.782075981,0.005433742,0.004134432,0.006639482,1
warmup,4,4,scatter_ring_allgather,0,512,32768,2.816067446,0.005500132,0.004145984,0.006746362,1
warmup,5,5,scatter_ring_allgather,0,512,32768,2.796424084,0.005461766,0.004125635,0.006659121,1
warmup,6,6,scatter_ring_allgather,0,512,32768,2.806069756,0.005480605,0.004128401,0.006729062,1
warmup,7,7,scatter_ring_allgather,0,512,32768,2.799366787,0.005467513,0.004132398,0.006667243,1
warmup,8,8,scatter_ring_allgather,0,512,32768,2.815528224,0.005499079,0.004157786,0.006758065,1
warmup,9,9,scatter_ring_allgather,0,512,32768,2.798604871,0.005466025,0.004118492,0.006674550,1
warmup,10,10,scatter_ring_allgather,0,512,32768,2.800901432,0.005470511,0.004117741,0.006705949,1
warmup,11,11,scatter_ring_allgather,0,512,32768,2.804621263,0.005477776,0.004116468,0.006723462,1
warmup,12,12,scatter_ring_allgather,0,512,32768,2.808557252,0.005485463,0.004158477,0.006738620,1
warmup,13,13,scatter_ring_allgather,0,512,32768,2.795552820,0.005460064,0.004166523,0.006736506,1
warmup,14,14,scatter_ring_allgather,0,512,32768,2.794241900,0.005457504,0.004126547,0.006720696,1
warmup,15,15,scatter_ring_allgather,0,512,32768,2.795735022,0.005460420,0.004103754,0.006673205,1
warmup,16,16,scatter_ring_allgather,0,512,32768,2.809261882,0.005486840,0.004102712,0.006775126,1
warmup,17,17,scatter_ring_allgather,0,512,32768,2.805843309,0.005480163,0.004129654,0.006770520,1
warmup,18,18,scatter_ring_allgather,0,512,32768,2.808406271,0.005485168,0.004169057,0.006764138,1
warmup,19,19,scatter_ring_allgather,0,512,32768,2.797287496,0.005463452,0.004138610,0.006700388,1
warmup,20,20,scatter_ring_allgather,0,512,32768,2.801303666,0.005471296,0.004138389,0.006721738,1
warmup,21,21,scatter_ring_allgather,0,512,32768,2.799535913,0.005467844,0.004126898,0.006699086,1
warmup,22,22,scatter_ring_allgather,0,512,32768,2.805399027,0.005479295,0.004153778,0.006731557,1
warmup,23,23,scatter_ring_allgather,0,512,32768,2.795372239,0.005459711,0.004101169,0.006672764,1
warmup,24,24,scatter_ring_allgather,0,512,32768,2.790208355,0.005449626,0.004105047,0.006687642,1
warmup,25,25,scatter_ring_allgather,0,512,32768,2.794907988,0.005458805,0.004117601,0.006677986,1
warmup,26,26,scatter_ring_allgather,0,512,32768,2.818548796,0.005504978,0.004124814,0.006753609,1
warmup,27,27,scatter_ring_allgather,0,512,32768,2.795103975,0.005459187,0.004140423,0.006677155,1
warmup,28,28,scatter_ring_allgather,0,512,32768,2.794203623,0.005457429,0.004141455,0.006667447,1
warmup,29,29,scatter_ring_allgather,0,512,32768,2.800746576,0.005470208,0.004096501,0.006707031,1
warmup,30,30,scatter_ring_allgather,0,512,32768,2.808773717,0.005485886,0.004122510,0.006766703,1
warmup,31,31,scatter_ring_allgather,0,512,32768,2.798422755,0.005465669,0.004111679,0.006756304,1
warmup,32,32,scatter_ring_allgather,0,512,32768,2.802963212,0.005474538,0.004108394,0.006690167,1
warmup,33,33,scatter_ring_allgather,0,512,32768,2.809919052,0.005488123,0.004151033,0.006703882,1
warmup,34,34,scatter_ring_allgather,0,512,32768,2.797098976,0.005463084,0.004124002,0.006738389,1
warmup,35,35,scatter_ring_allgather,0,512,32768,2.798632539,0.005466079,0.004157385,0.006687725,1
warmup,36,36,scatter_ring_allgather,0,512,32768,2.804895838,0.005478312,0.004136976,0.006711640,1
warmup,37,37,scatter_ring_allgather,0,512,32768,2.789575632,0.005448390,0.004154129,0.006663508,1
warmup,38,38,scatter_ring_allgather,0,512,32768,2.812885384,0.005493917,0.004128021,0.006744328,1
warmup,39,39,scatter_ring_allgather,0,512,32768,2.804578464,0.005477692,0.004140654,0.006815734,1
warmup,40,40,scatter_ring_allgather,0,512,32768,2.812012793,0.005492212,0.004150672,0.006725132,1
warmup,41,41,scatter_ring_allgather,0,512,32768,2.801126693,0.005470951,0.004098344,0.006714172,1
warmup,42,42,scatter_ring_allgather,0,512,32768,2.798677455,0.005466167,0.004111539,0.006682986,1
warmup,43,43,scatter_ring_allgather,0,512,32768,2.810808351,0.005489860,0.004165801,0.006747865,1
warmup,44,44,scatter_ring_allgather,0,512,32768,2.796642227,0.005462192,0.004136115,0.006696411,1
warmup,45,45,scatter_ring_allgather,0,512,32768,2.797372879,0.005463619,0.004104907,0.006723362,1
warmup,46,46,scatter_ring_allgather,0,512,32768,2.782062187,0.005433715,0.004117681,0.006630508,1
warmup,47,47,scatter_ring_allgather,0,512,32768,2.787876136,0.005445071,0.004129603,0.006652059,1
warmup,48,48,scatter_ring_allgather,0,512,32768,2.791032943,0.005451236,0.004112320,0.006722169,1
warmup,49,49,scatter_ring_allgather,0,512,32768,2.793145784,0.005455363,0.004084018,0.006695639,1
actual,0,50,scatter_ring_allgather,0,512,32768,2.805452652,0.005479400,0.004142718,0.006682235,1
actual,1,51,scatter_ring_allgather,0,512,32768,2.795445209,0.005459854,0.004113523,0.006679516,1
actual,2,52,scatter_ring_allgather,0,512,32768,2.792955667,0.005454992,0.004112250,0.006673067,1
actual,3,53,scatter_ring_allgather,0,512,32768,2.804300811,0.005477150,0.004118543,0.006767524,1
actual,4,54,scatter_ring_allgather,0,512,32768,2.811383959,0.005490984,0.004126076,0.006779547,1
actual,5,55,scatter_ring_allgather,0,512,32768,2.807605894,0.005483605,0.004199023,0.006718713,1
actual,6,56,scatter_ring_allgather,0,512,32768,2.799213684,0.005467214,0.004129312,0.006692243,1
actual,7,57,scatter_ring_allgather,0,512,32768,2.796156388,0.005461243,0.004133560,0.006657598,1
actual,8,58,scatter_ring_allgather,0,512,32768,2.803371542,0.005475335,0.004137779,0.006732860,1
actual,9,59,scatter_ring_allgather,0,512,32768,2.795422407,0.005459809,0.004112651,0.006709686,1
actual,10,60,scatter_ring_allgather,0,512,32768,2.828071824,0.005523578,0.004144771,0.006774755,1
actual,11,61,scatter_ring_allgather,0,512,32768,2.798887328,0.005466577,0.004152676,0.006726487,1
actual,12,62,scatter_ring_allgather,0,512,32768,2.799630204,0.005468028,0.004110036,0.006670122,1
actual,13,63,scatter_ring_allgather,0,512,32768,2.793915125,0.005456865,0.004115787,0.006712061,1
actual,14,64,scatter_ring_allgather,0,512,32768,2.800789962,0.005470293,0.004117681,0.006688373,1
actual,15,65,scatter_ring_allgather,0,512,32768,2.778065129,0.005425908,0.004180818,0.006705678,1
actual,16,66,scatter_ring_allgather,0,512,32768,2.795860758,0.005460666,0.004093074,0.006692702,1
actual,17,67,scatter_ring_allgather,0,512,32768,2.793138814,0.005455349,0.004124173,0.006645125,1
actual,18,68,scatter_ring_allgather,0,512,32768,2.807568509,0.005483532,0.004124032,0.006685958,1
actual,19,69,scatter_ring_allgather,0,512,32768,2.797494167,0.005463856,0.004115666,0.006710928,1
actual,20,70,scatter_ring_allgather,0,512,32768,2.802939325,0.005474491,0.004129192,0.006713343,1
actual,21,71,scatter_ring_allgather,0,512,32768,2.799985811,0.005468722,0.004101721,0.006705054,1
actual,22,72,scatter_ring_allgather,0,512,32768,2.801887659,0.005472437,0.004144551,0.006683627,1
actual,23,73,scatter_ring_allgather,0,512,32768,2.801422199,0.005471528,0.004098134,0.006721375,1
actual,24,74,scatter_ring_allgather,0,512,32768,2.805572540,0.005479634,0.004159910,0.006697524,1
actual,25,75,scatter_ring_allgather,0,512,32768,2.785310746,0.005440060,0.004114043,0.006590703,1
actual,26,76,scatter_ring_allgather,0,512,32768,2.795462152,0.005459887,0.004122259,0.006699794,1
actual,27,77,scatter_ring_allgather,0,512,32768,2.800603842,0.005469929,0.004168556,0.006695476,1
actual,28,78,scatter_ring_allgather,0,512,32768,2.806387728,0.005481226,0.004235081,0.006728602,1
actual,29,79,scatter_ring_allgather,0,512,32768,2.801209312,0.005471112,0.004114014,0.006706109,1
actual,30,80,scatter_ring_allgather,0,512,32768,2.800748688,0.005470212,0.004161102,0.006677766,1
actual,31,81,scatter_ring_allgather,0,512,32768,2.799606708,0.005467982,0.004115627,0.006699344,1
actual,32,82,scatter_ring_allgather,0,512,32768,2.799208647,0.005467204,0.004141976,0.006709114,1
actual,33,83,scatter_ring_allgather,0,512,32768,2.795173752,0.005459324,0.004121618,0.006657778,1
actual,34,84,scatter_ring_allgather,0,512,32768,2.791724334,0.005452587,0.004117710,0.006682843,1
actual,35,85,scatter_ring_allgather,0,512,32768,2.795723089,0.005460397,0.004107732,0.006710535,1
actual,36,86,scatter_ring_allgather,0,512,32768,2.808808289,0.005485954,0.004154820,0.006694007,1
actual,37,87,scatter_ring_allgather,0,512,32768,2.793128269,0.005455329,0.004132358,0.006716268,1
actual,38,88,scatter_ring_allgather,0,512,32768,2.803096677,0.005474798,0.004129393,0.006705889,1
actual,39,89,scatter_ring_allgather,0,512,32768,2.801162029,0.005471020,0.004145192,0.006697671,1
actual,40,90,scatter_ring_allgather,0,512,32768,2.788569642,0.005446425,0.004110947,0.006678526,1
actual,41,91,scatter_ring_allgather,0,512,32768,2.794799869,0.005458593,0.004127989,0.006669708,1
actual,42,92,scatter_ring_allgather,0,512,32768,2.798749415,0.005466307,0.004100559,0.006691369,1
actual,43,93,scatter_ring_allgather,0,512,32768,2.797380805,0.005463634,0.004204594,0.006695015,1
actual,44,94,scatter_ring_allgather,0,512,32768,2.791792690,0.005452720,0.004094426,0.006666265,1
actual,45,95,scatter_ring_allgather,0,512,32768,2.798599221,0.005466014,0.004109866,0.006690370,1
actual,46,96,scatter_ring_allgather,0,512,32768,2.800553236,0.005469831,0.004123592,0.006705989,1
actual,47,97,scatter_ring_allgather,0,512,32768,2.788893462,0.005447058,0.004154900,0.006650121,1
actual,48,98,scatter_ring_allgather,0,512,32768,2.793652345,0.005456352,0.004137277,0.006718602,1
actual,49,99,scatter_ring_allgather,0,512,32768,2.799548048,0.005467867,0.004126948,0.006740654,1
warmup,0,0,scatter_ring_allgather,0,512,49152,2.858465455,0.005582940,0.004294242,0.006876107,1
warmup,1,1,scatter_ring_allgather,0,512,49152,2.838398890,0.005543748,0.004162314,0.006892008,1
warmup,2,2,scatter_ring_allgather,0,512,49152,2.828247851,0.005523922,0.004155111,0.006835351,1
warmup,3,3,scatter_ring_allgather,0,512,49152,2.836703226,0.005540436,0.004210725,0.006792651,1
warmup,4,4,scatter_ring_allgather,0,512,49152,2.819373982,0.005506590,0.004148118,0.006783414,1
warmup,5,5,scatter_ring_allgather,0,512,49152,2.836831102,0.005540686,0.004128421,0.006778615,1
warmup,6,6,scatter_ring_allgather,0,512,49152,2.821031269,0.005509827,0.004152525,0.006771221,1
warmup,7,7,scatter_ring_allgather,0,512,49152,2.830059834,0.005527461,0.004178645,0.006810855,1
warmup,8,8,scatter_ring_allgather,0,512,49152,2.836581926,0.005540199,0.004156443,0.006813752,1
warmup,9,9,scatter_ring_allgather,0,512,49152,2.824391133,0.005516389,0.004150402,0.006791849,1
warmup,10,10,scatter_ring_allgather,0,512,49152,2.833061400,0.005533323,0.004146204,0.006807139,1
warmup,11,11,scatter_ring_allgather,0,512,49152,2.835596674,0.005538275,0.004165350,0.006799474,1
warmup,12,12,scatter_ring_allgather,0,512,49152,2.831750220,0.005530762,0.004147265,0.006798253,1
warmup,13,13,scatter_ring_allgather,0,512,49152,2.824329724,0.005516269,0.004145402,0.006750072,1
warmup,14,14,scatter_ring_allgather,0,512,49152,2.831296428,0.005529876,0.004162816,0.006773496,1
warmup,15,15,scatter_ring_allgather,0,512,49152,2.822138457,0.005511989,0.004155632,0.006727399,1
warmup,16,16,scatter_ring_allgather,0,512,49152,2.830313525,0.005527956,0.004152356,0.006874645,1
warmup,17,17,scatter_ring_allgather,0,512,49152,2.836530038,0.005540098,0.004162375,0.006873353,1
warmup,18,18,scatter_ring_allgather,0,512,49152,2.833586479,0.005534349,0.004151986,0.006814402,1
warmup,19,19,scatter_ring_allgather,0,512,49152,2.827680003,0.005522813,0.004147887,0.006837966,1
warmup,20,20,scatter_ring_allgather,0,512,49152,2.837379972,0.005541758,0.004169247,0.006841132,1
warmup,21,21,scatter_ring_allgather,0,512,49152,2.818745032,0.005505361,0.004146585,0.006740614,1
warmup,22,22,scatter_ring_allgather,0,512,49152,2.827392207,0.005522250,0.004151254,0.006827176,1
warmup,23,23,scatter_ring_allgather,0,512,49152,2.828366494,0.005524153,0.004135634,0.006833959,1
warmup,24,24,scatter_ring_allgather,0,512,49152,2.825669860,0.005518886,0.004159078,0.006791148,1
warmup,25,25,scatter_ring_allgather,0,512,49152,2.828799519,0.005524999,0.004162785,0.006815845,1
warmup,26,26,scatter_ring_allgather,0,512,49152,2.826583017,0.005520670,0.004170651,0.006760812,1
warmup,27,27,scatter_ring_allgather,0,512,49152,2.822975895,0.005513625,0.004165209,0.006808030,1
warmup,28,28,scatter_ring_allgather,0,512,49152,2.835717865,0.005538511,0.004169108,0.006795877,1
warmup,29,29,scatter_ring_allgather,0,512,49152,2.833851135,0.005534865,0.004186059,0.006798372,1
warmup,30,30,scatter_ring_allgather,0,512,49152,2.829448583,0.005526267,0.004173455,0.006788814,1
warmup,31,31,scatter_ring_allgather,0,512,49152,2.820864174,0.005509500,0.004146205,0.006816556,1
warmup,32,32,scatter_ring_allgather,0,512,49152,2.824910451,0.005517403,0.004156183,0.006795878,1
warmup,33,33,scatter_ring_allgather,0,512,49152,2.827990128,0.005523418,0.004151263,0.006851512,1
warmup,34,34,scatter_ring_allgather,0,512,49152,2.832504324,0.005532235,0.004188784,0.006821775,1
warmup,35,35,scatter_ring_allgather,0,512,49152,2.821349004,0.005510447,0.004181250,0.006779237,1
warmup,36,36,scatter_ring_allgather,0,512,49152,2.827852770,0.005523150,0.004166562,0.006797911,1
warmup,37,37,scatter_ring_allgather,0,512,49152,2.837105099,0.005541221,0.004166623,0.006840421,1
warmup,38,38,scatter_ring_allgather,0,512,49152,2.839522260,0.005545942,0.004216867,0.006802389,1
warmup,39,39,scatter_ring_allgather,0,512,49152,2.831019587,0.005529335,0.004156363,0.006772253,1
warmup,40,40,scatter_ring_allgather,0,512,49152,2.837164079,0.005541336,0.004156213,0.006829811,1
warmup,41,41,scatter_ring_allgather,0,512,49152,2.827438602,0.005522341,0.004170289,0.006780899,1
warmup,42,42,scatter_ring_allgather,0,512,49152,2.836955708,0.005540929,0.004167363,0.006826926,1
warmup,43,43,scatter_ring_allgather,0,512,49152,2.825642937,0.005518834,0.004145223,0.006846412,1
warmup,44,44,scatter_ring_allgather,0,512,49152,2.830066687,0.005527474,0.004183144,0.006796839,1
warmup,45,45,scatter_ring_allgather,0,512,49152,2.824635829,0.005516867,0.004143109,0.006793774,1
warmup,46,46,scatter_ring_allgather,0,512,49152,2.829082899,0.005525553,0.004148578,0.006831033,1
warmup,47,47,scatter_ring_allgather,0,512,49152,2.821491217,0.005510725,0.004159940,0.006759299,1
warmup,48,48,scatter_ring_allgather,0,512,49152,2.832571135,0.005532365,0.004149240,0.006807519,1
warmup,49,49,scatter_ring_allgather,0,512,49152,2.823692189,0.005515024,0.004151524,0.006811958,1
actual,0,50,scatter_ring_allgather,0,512,49152,2.827697866,0.005522847,0.004149190,0.006833868,1
actual,1,51,scatter_ring_allgather,0,512,49152,2.824243158,0.005516100,0.004174778,0.006758607,1
actual,2,52,scatter_ring_allgather,0,512,49152,2.819779398,0.005507382,0.004176642,0.006770390,1
actual,3,53,scatter_ring_allgather,0,512,49152,2.831858839,0.005530974,0.004155993,0.006823629,1
actual,4,54,scatter_ring_allgather,0,512,49152,2.826001930,0.005519535,0.004169838,0.006741022,1
actual,5,55,scatter_ring_allgather,0,512,49152,2.829495065,0.005526358,0.004172994,0.006804945,1
actual,6,56,scatter_ring_allgather,0,512,49152,2.833178565,0.005533552,0.004179487,0.006790447,1
actual,7,57,scatter_ring_allgather,0,512,49152,2.825315580,0.005518194,0.004155132,0.006812298,1
actual,8,58,scatter_ring_allgather,0,512,49152,2.829437488,0.005526245,0.004154339,0.006821785,1
actual,9,59,scatter_ring_allgather,0,512,49152,2.836484305,0.005540008,0.004198462,0.006821483,1
actual,10,60,scatter_ring_allgather,0,512,49152,2.822000108,0.005511719,0.004151865,0.006741816,1
actual,11,61,scatter_ring_allgather,0,512,49152,2.820714603,0.005509208,0.004167474,0.006794845,1
actual,12,62,scatter_ring_allgather,0,512,49152,2.820890101,0.005509551,0.004130294,0.006786860,1
actual,13,63,scatter_ring_allgather,0,512,49152,2.824376771,0.005516361,0.004139452,0.006839509,1
actual,14,64,scatter_ring_allgather,0,512,49152,2.827293042,0.005522057,0.004180649,0.006789045,1
actual,15,65,scatter_ring_allgather,0,512,49152,2.829596746,0.005526556,0.004138119,0.006823079,1
actual,16,66,scatter_ring_allgather,0,512,49152,2.832515018,0.005532256,0.004139782,0.006806778,1
actual,17,67,scatter_ring_allgather,0,512,49152,2.836668333,0.005540368,0.004137267,0.006798742,1
actual,18,68,scatter_ring_allgather,0,512,49152,2.827585658,0.005522628,0.004156924,0.006904811,1
actual,19,69,scatter_ring_allgather,0,512,49152,2.827151379,0.005521780,0.004153889,0.006816456,1
actual,20,70,scatter_ring_allgather,0,512,49152,2.824677619,0.005516948,0.004157896,0.006831834,1
actual,21,71,scatter_ring_allgather,0,512,49152,2.829008454,0.005525407,0.004213771,0.006802650,1
actual,22,72,scatter_ring_allgather,0,512,49152,2.831231097,0.005529748,0.004172935,0.006804785,1
actual,23,73,scatter_ring_allgather,0,512,49152,2.816059023,0.005500115,0.004155511,0.006833468,1
actual,24,74,scatter_ring_allgather,0,512,49152,2.832631488,0.005532483,0.004164289,0.006826715,1
actual,25,75,scatter_ring_allgather,0,512,49152,2.821706261,0.005511145,0.004158568,0.006851502,1
actual,26,76,scatter_ring_allgather,0,512,49152,2.821615438,0.005510968,0.004168837,0.006754831,1
actual,27,77,scatter_ring_allgather,0,512,49152,2.834412809,0.005535963,0.004149881,0.006821745,1
actual,28,78,scatter_ring_allgather,0,512,49152,2.849177617,0.005564800,0.004169358,0.006835461,1
actual,29,79,scatter_ring_allgather,0,512,49152,2.824739300,0.005517069,0.004187201,0.006831314,1
actual,30,80,scatter_ring_allgather,0,512,49152,2.824738841,0.005517068,0.004158417,0.006806438,1
actual,31,81,scatter_ring_allgather,0,512,49152,2.812121623,0.005492425,0.004145363,0.006734720,1
actual,32,82,scatter_ring_allgather,0,512,49152,2.840048938,0.005546971,0.004156413,0.006840470,1
actual,33,83,scatter_ring_allgather,0,512,49152,2.822568178,0.005512828,0.004176871,0.006772444,1
actual,34,84,scatter_ring_allgather,0,512,49152,2.838076836,0.005543119,0.004155621,0.006799002,1
actual,35,85,scatter_ring_allgather,0,512,49152,2.830894971,0.005529092,0.004159119,0.006809363,1
actual,36,86,scatter_ring_allgather,0,512,49152,2.830693777,0.005528699,0.004162935,0.006826254,1
actual,37,87,scatter_ring_allgather,0,512,49152,2.825042200,0.005517661,0.004178685,0.006752366,1
actual,38,88,scatter_ring_allgather,0,512,49152,2.824950195,0.005517481,0.004157876,0.006772032,1
actual,39,89,scatter_ring_allgather,0,512,49152,2.818497543,0.005504878,0.004138750,0.006745671,1
actual,40,90,scatter_ring_allgather,0,512,49152,2.821330181,0.005510411,0.004142647,0.006758698,1
actual,41,91,scatter_ring_allgather,0,512,49152,2.829273376,0.005525925,0.004168345,0.006784266,1
actual,42,92,scatter_ring_allgather,0,512,49152,2.825128086,0.005517828,0.004156123,0.006768927,1
actual,43,93,scatter_ring_allgather,0,512,49152,2.838428009,0.005543805,0.004269756,0.006833999,1
actual,44,94,scatter_ring_allgather,0,512,49152,2.823515220,0.005514678,0.004137188,0.006789996,1
actual,45,95,scatter_ring_allgather,0,512,49152,2.818465937,0.005504816,0.004165601,0.006732058,1
actual,46,96,scatter_ring_allgather,0,512,49152,2.827359068,0.005522186,0.004130385,0.006807610,1
actual,47,97,scatter_ring_allgather,0,512,49152,2.819517975,0.005506871,0.004182824,0.006788443,1
actual,48,98,scatter_ring_allgather,0,512,49152,2.828427301,0.005524272,0.004184235,0.006785207,1
actual,49,99,scatter_ring_allgather,0,512,49152,2.826740008,0.005520977,0.004153277,0.006842174,1
warmup,0,0,scatter_ring_allgather,0,512,65536,2.852051713,0.005570414,0.004192711,0.006827767,1
warmup,1,1,scatter_ring_allgather,0,512,65536,2.837422146,0.005541840,0.004190658,0.006850600,1
warmup,2,2,scatter_ring_allgather,0,512,65536,2.866243904,0.005598133,0.004321123,0.006867681,1
warmup,3,3,scatter_ring_allgather,0,512,65536,2.845797135,0.005558198,0.004188053,0.006824913,1
warmup,4,4,scatter_ring_allgather,0,512,65536,2.845936142,0.005558469,0.004198061,0.006828208,1
warmup,5,5,scatter_ring_allgather,0,512,65536,2.843364893,0.005553447,0.004170309,0.006875907,1
warmup,6,6,scatter_ring_allgather,0,512,65536,2.831357076,0.005529994,0.004198362,0.006746112,1
warmup,7,7,scatter_ring_allgather,0,512,65536,2.851756428,0.005569837,0.004161824,0.006904331,1
warmup,8,8,scatter_ring_allgather,0,512,65536,2.844421013,0.005555510,0.004188634,0.006867472,1
warmup,9,9,scatter_ring_allgather,0,512,65536,2.840009747,0.005546894,0.004191018,0.006841713,1
warmup,10,10,scatter_ring_allgather,0,512,65536,2.844803866,0.005556258,0.004181461,0.006824461,1
warmup,11,11,scatter_ring_allgather,0,512,65536,2.840464866,0.005547783,0.004175418,0.006824631,1
warmup,12,12,scatter_ring_allgather,0,512,65536,2.847994595,0.005562489,0.004203211,0.006814693,1
warmup,13,13,scatter_ring_allgather,0,512,65536,2.862475659,0.005590773,0.004276428,0.006910041,1
warmup,14,14,scatter_ring_allgather,0,512,65536,2.835930930,0.005538928,0.004172573,0.006821856,1
warmup,15,15,scatter_ring_allgather,0,512,65536,2.844761149,0.005556174,0.004168516,0.006843798,1
warmup,16,16,scatter_ring_allgather,0,512,65536,2.845151782,0.005556937,0.004153838,0.006810516,1
warmup,17,17,scatter_ring_allgather,0,512,65536,2.844550037,0.005555762,0.004157806,0.006846361,1
warmup,18,18,scatter_ring_allgather,0,512,65536,2.850160656,0.005566720,0.004176120,0.006892047,1
warmup,19,19,scatter_ring_allgather,0,512,65536,2.865082050,0.005595863,0.004240521,0.006839028,1
warmup,20,20,scatter_ring_allgather,0,512,65536,2.842461289,0.005551682,0.004171351,0.006875707,1
warmup,21,21,scatter_ring_allgather,0,512,65536,2.835967827,0.005539000,0.004154239,0.006852023,1
warmup,22,22,scatter_ring_allgather,0,512,65536,2.845421412,0.005557464,0.004184215,0.006888020,1
warmup,23,23,scatter_ring_allgather,0,512,65536,2.846169952,0.005558926,0.004180959,0.006856401,1
warmup,24,24,scatter_ring_allgather,0,512,65536,2.861703439,0.005589265,0.004182252,0.006827306,1
warmup,25,25,scatter_ring_allgather,0,512,65536,2.843898767,0.005554490,0.004166722,0.006848356,1
warmup,26,26,scatter_ring_allgather,0,512,65536,2.850608716,0.005567595,0.004168076,0.006880145,1
warmup,27,27,scatter_ring_allgather,0,512,65536,2.841513786,0.005549832,0.004145613,0.006778994,1
warmup,28,28,scatter_ring_allgather,0,512,65536,2.857279584,0.005580624,0.004194415,0.006871297,1
warmup,29,29,scatter_ring_allgather,0,512,65536,2.835425608,0.005537941,0.004167514,0.006784225,1
warmup,30,30,scatter_ring_allgather,0,512,65536,2.851556365,0.005569446,0.004187241,0.006853433,1
warmup,31,31,scatter_ring_allgather,0,512,65536,2.845630838,0.005557873,0.004187782,0.006810645,1
warmup,32,32,scatter_ring_allgather,0,512,65536,2.839764149,0.005546414,0.004172865,0.006811194,1
warmup,33,33,scatter_ring_allgather,0,512,65536,2.838650120,0.005544239,0.004146114,0.006781428,1
warmup,34,34,scatter_ring_allgather,0,512,65536,2.841082127,0.005548989,0.004214832,0.006763286,1
warmup,35,35,scatter_ring_allgather,0,512,65536,2.842100317,0.005550977,0.004171020,0.006807988,1
warmup,36,36,scatter_ring_allgather,0,512,65536,2.842317290,0.005551401,0.004213941,0.006768845,1
warmup,37,37,scatter_ring_allgather,0,512,65536,2.836846599,0.005540716,0.004164538,0.006785606,1
warmup,38,38,scatter_ring_allgather,0,512,65536,2.844543565,0.005555749,0.004161312,0.006803161,1
warmup,39,39,scatter_ring_allgather,0,512,65536,2.835383780,0.005537859,0.004185267,0.006804173,1
warmup,40,40,scatter_ring_allgather,0,512,65536,2.835157017,0.005537416,0.004163236,0.006795457,1
warmup,41,41,scatter_ring_allgather,0,512,65536,2.843787113,0.005554272,0.004199533,0.006790145,1
warmup,42,42,scatter_ring_allgather,0,512,65536,2.835300125,0.005537696,0.004180078,0.006772912,1
warmup,43,43,scatter_ring_allgather,0,512,65536,2.835395638,0.005537882,0.004182072,0.006813260,1
warmup,44,44,scatter_ring_allgather,0,512,65536,2.836515037,0.005540068,0.004174798,0.006812877,1
warmup,45,45,scatter_ring_allgather,0,512,65536,2.847019985,0.005560586,0.004185117,0.006828679,1
warmup,46,46,scatter_ring_allgather,0,512,65536,2.844953031,0.005556549,0.004165591,0.006801625,1
warmup,47,47,scatter_ring_allgather,0,512,65536,2.832453311,0.005532135,0.004148388,0.006826736,1
warmup,48,48,scatter_ring_allgather,0,512,65536,2.828116687,0.005523665,0.004146315,0.006775800,1
warmup,49,49,scatter_ring_allgather,0,512,65536,2.832028978,0.005531307,0.004154118,0.006757623,1
actual,0,50,scatter_ring_allgather,0,512,65536,2.839718008,0.005546324,0.004182582,0.006760772,1
actual,1,51,scatter_ring_allgather,0,512,65536,2.838770716,0.005544474,0.004179286,0.006781788,1
actual,2,52,scatter_ring_allgather,0,512,65536,2.833877282,0.005534917,0.004168426,0.006768093,1
actual,3,53,scatter_ring_allgather,0,512,65536,2.844492778,0.005555650,0.004184967,0.006812126,1
actual,4,54,scatter_ring_allgather,0,512,65536,2.839157574,0.005545230,0.004169178,0.006810943,1
actual,5,55,scatter_ring_allgather,0,512,65536,2.850992786,0.005568345,0.004191730,0.006826465,1
actual,6,56,scatter_ring_allgather,0,512,65536,2.842711959,0.005552172,0.004186850,0.006793079,1
actual,7,57,scatter_ring_allgather,0,512,65536,2.831757499,0.005530776,0.004179917,0.006791167,1
actual,8,58,scatter_ring_allgather,0,512,65536,2.844519576,0.005555702,0.004174888,0.006807757,1
actual,9,59,scatter_ring_allgather,0,512,65536,2.829902792,0.005527154,0.004161333,0.006809784,1
actual,10,60,scatter_ring_allgather,0,512,65536,2.839828658,0.005546540,0.004228828,0.006781618,1
actual,11,61,scatter_ring_allgather,0,512,65536,2.836907589,0.005540835,0.004169157,0.006779504,1
actual,12,62,scatter_ring_allgather,0,512,65536,2.831701462,0.005530667,0.004186389,0.006751094,1
actual,13,63,scatter_ring_allgather,0,512,65536,2.828581117,0.005524572,0.004161683,0.006760421,1
actual,14,64,scatter_ring_allgather,0,512,65536,2.836420248,0.005539883,0.004193253,0.006794275,1
actual,15,65,scatter_ring_allgather,0,512,65536,2.828530191,0.005524473,0.004151905,0.006794094,1
actual,16,66,scatter_ring_allgather,0,512,65536,2.837126941,0.005541264,0.004159349,0.006804123,1
actual,17,67,scatter_ring_allgather,0,512,65536,2.830871427,0.005529046,0.004163146,0.006770159,1
actual,18,68,scatter_ring_allgather,0,512,65536,2.840047431,0.005546968,0.004193513,0.006781178,1
actual,19,69,scatter_ring_allgather,0,512,65536,2.829000646,0.005525392,0.004161533,0.006757115,1
actual,20,70,scatter_ring_allgather,0,512,65536,2.845834553,0.005558271,0.004176992,0.006831842,1
actual,21,71,scatter_ring_allgather,0,512,65536,2.825251683,0.005518070,0.004143289,0.006820293,1
actual,22,72,scatter_ring_allgather,0,512,65536,2.839549132,0.005545994,0.004139002,0.006830640,1
actual,23,73,scatter_ring_allgather,0,512,65536,2.830091519,0.005527522,0.004157375,0.006745772,1
actual,24,74,scatter_ring_allgather,0,512,65536,2.840343148,0.005547545,0.004163236,0.006798252,1
actual,25,75,scatter_ring_allgather,0,512,65536,2.836342062,0.005539731,0.004177774,0.006784213,1
actual,26,76,scatter_ring_allgather,0,512,65536,2.837066927,0.005541146,0.004190066,0.006762081,1
actual,27,77,scatter_ring_allgather,0,512,65536,2.832985284,0.005533174,0.004157265,0.006823079,1
actual,28,78,scatter_ring_allgather,0,512,65536,2.838582670,0.005544107,0.004165290,0.006804804,1
actual,29,79,scatter_ring_allgather,0,512,65536,2.829775663,0.005526906,0.004173625,0.006782359,1
actual,30,80,scatter_ring_allgather,0,512,65536,2.836799790,0.005540625,0.004161383,0.006811434,1
actual,31,81,scatter_ring_allgather,0,512,65536,2.834066467,0.005535286,0.004162405,0.006791639,1
actual,32,82,scatter_ring_allgather,0,512,65536,2.830958808,0.005529216,0.004174358,0.006782061,1
actual,33,83,scatter_ring_allgather,0,512,65536,2.835639620,0.005538359,0.004136045,0.006787539,1
actual,34,84,scatter_ring_allgather,0,512,65536,2.831120421,0.005529532,0.004168396,0.006775901,1
actual,35,85,scatter_ring_allgather,0,512,65536,2.831092177,0.005529477,0.004145593,0.006776249,1
actual,36,86,scatter_ring_allgather,0,512,65536,2.838426737,0.005543802,0.004168727,0.006800025,1
actual,37,87,scatter_ring_allgather,0,512,65536,2.830911082,0.005529123,0.004165280,0.006798803,1
actual,38,88,scatter_ring_allgather,0,512,65536,2.827402889,0.005522271,0.004174889,0.006767213,1
actual,39,89,scatter_ring_allgather,0,512,65536,2.828665929,0.005524738,0.004161883,0.006755021,1
actual,40,90,scatter_ring_allgather,0,512,65536,2.839301608,0.005545511,0.004172434,0.006827224,1
actual,41,91,scatter_ring_allgather,0,512,65536,2.837243475,0.005541491,0.004180619,0.006815724,1
actual,42,92,scatter_ring_allgather,0,512,65536,2.828486540,0.005524388,0.004151274,0.006779517,1
actual,43,93,scatter_ring_allgather,0,512,65536,2.824244144,0.005516102,0.004177603,0.006772464,1
actual,44,94,scatter_ring_allgather,0,512,65536,2.830535346,0.005528389,0.004191159,0.006743399,1
actual,45,95,scatter_ring_allgather,0,512,65536,2.830035475,0.005527413,0.004254767,0.006785097,1
actual,46,96,scatter_ring_allgather,0,512,65536,2.836178251,0.005539411,0.004202309,0.006785075,1
actual,47,97,scatter_ring_allgather,0,512,65536,2.826494712,0.005520497,0.004156734,0.006768815,1
actual,48,98,scatter_ring_allgather,0,512,65536,2.828283962,0.005523992,0.004166302,0.006776772,1
actual,49,99,scatter_ring_allgather,0,512,65536,2.828511158,0.005524436,0.004153118,0.006761440,1
warmup,0,0,scatter_ring_allgather,0,512,98304,3.017887268,0.005894311,0.004584336,0.007202569,1
warmup,1,1,scatter_ring_allgather,0,512,98304,2.996993581,0.005853503,0.004531196,0.007060473,1
warmup,2,2,scatter_ring_allgather,0,512,98304,2.993536982,0.005846752,0.004512160,0.007096400,1
warmup,3,3,scatter_ring_allgather,0,512,98304,2.977444421,0.005815321,0.004429766,0.007032962,1
warmup,4,4,scatter_ring_allgather,0,512,98304,3.021145941,0.005900676,0.004465733,0.007573423,1
warmup,5,5,scatter_ring_allgather,0,512,98304,2.977881050,0.005816174,0.004433804,0.007046497,1
warmup,6,6,scatter_ring_allgather,0,512,98304,2.986004782,0.005832041,0.004492293,0.007082335,1
warmup,7,7,scatter_ring_allgather,0,512,98304,2.976128191,0.005812750,0.004465653,0.007043532,1
warmup,8,8,scatter_ring_allgather,0,512,98304,2.986737558,0.005833472,0.004479509,0.007114955,1
warmup,9,9,scatter_ring_allgather,0,512,98304,2.977093877,0.005814636,0.004453620,0.007020809,1
warmup,10,10,scatter_ring_allgather,0,512,98304,2.980496362,0.005821282,0.004458049,0.007065102,1
warmup,11,11,scatter_ring_allgather,0,512,98304,2.981014385,0.005822294,0.004451677,0.007033232,1
warmup,12,12,scatter_ring_allgather,0,512,98304,3.004172949,0.005867525,0.004525616,0.007245980,1
warmup,13,13,scatter_ring_allgather,0,512,98304,2.981724065,0.005823680,0.004433943,0.007052268,1
warmup,14,14,scatter_ring_allgather,0,512,98304,2.997227203,0.005853959,0.004464321,0.007105447,1
warmup,15,15,scatter_ring_allgather,0,512,98304,2.980037294,0.005820385,0.004453099,0.007037329,1
warmup,16,16,scatter_ring_allgather,0,512,98304,2.981217632,0.005822691,0.004476163,0.007040907,1
warmup,17,17,scatter_ring_allgather,0,512,98304,2.988979525,0.005837851,0.004462116,0.007106479,1
warmup,18,18,scatter_ring_allgather,0,512,98304,2.977134451,0.005814716,0.004503595,0.007050404,1
warmup,19,19,scatter_ring_allgather,0,512,98304,2.983282348,0.005826723,0.004462728,0.007135373,1
warmup,20,20,scatter_ring_allgather,0,512,98304,2.987322855,0.005834615,0.004479349,0.007121478,1
warmup,21,21,scatter_ring_allgather,0,512,98304,2.975415258,0.005811358,0.004429465,0.007095238,1
warmup,22,22,scatter_ring_allgather,0,512,98304,2.988445564,0.005836808,0.004608381,0.007040195,1
warmup,23,23,scatter_ring_allgather,0,512,98304,2.981227967,0.005822711,0.004572924,0.007012704,1
warmup,24,24,scatter_ring_allgather,0,512,98304,3.001697694,0.005862691,0.004484027,0.007335659,1
warmup,25,25,scatter_ring_allgather,0,512,98304,2.991124633,0.005842040,0.004466454,0.007185076,1
warmup,26,26,scatter_ring_allgather,0,512,98304,2.981731721,0.005823695,0.004503584,0.007046397,1
warmup,27,27,scatter_ring_allgather,0,512,98304,2.975096789,0.005810736,0.004450094,0.007037640,1
warmup,28,28,scatter_ring_allgather,0,512,98304,2.974982221,0.005810512,0.004476343,0.007050094,1
warmup,29,29,scatter_ring_allgather,0,512,98304,2.974625296,0.005809815,0.004467707,0.007036519,1
warmup,30,30,scatter_ring_allgather,0,512,98304,2.977335625,0.005815109,0.004472997,0.007039052,1
warmup,31,31,scatter_ring_allgather,0,512,98304,2.973861546,0.005808323,0.004434304,0.007093935,1
warmup,32,32,scatter_ring_allgather,0,512,98304,2.980310787,0.005820920,0.004445836,0.007089698,1
warmup,33,33,scatter_ring_allgather,0,512,98304,2.981084658,0.005822431,0.004498204,0.007092623,1
warmup,34,34,scatter_ring_allgather,0,512,98304,2.983989871,0.005828105,0.004453711,0.007026209,1
warmup,35,35,scatter_ring_allgather,0,512,98304,2.973505915,0.005807629,0.004454011,0.007041557,1
warmup,36,36,scatter_ring_allgather,0,512,98304,2.986198511,0.005832419,0.004453601,0.007136735,1
warmup,37,37,scatter_ring_allgather,0,512,98304,2.969168946,0.005799158,0.004424525,0.007039143,1
warmup,38,38,scatter_ring_allgather,0,512,98304,2.989569781,0.005839003,0.004480020,0.007126908,1
warmup,39,39,scatter_ring_allgather,0,512,98304,2.973013007,0.005806666,0.004440556,0.007015449,1
warmup,40,40,scatter_ring_allgather,0,512,98304,2.989287686,0.005838453,0.004457107,0.007090419,1
warmup,41,41,scatter_ring_allgather,0,512,98304,2.984809630,0.005829706,0.004555011,0.007048620,1
warmup,42,42,scatter_ring_allgather,0,512,98304,2.997045861,0.005853605,0.004506540,0.007111208,1
warmup,43,43,scatter_ring_allgather,0,512,98304,2.983089280,0.005826346,0.004452288,0.007102121,1
warmup,44,44,scatter_ring_allgather,0,512,98304,2.977328552,0.005815095,0.004428113,0.007068197,1
warmup,45,45,scatter_ring_allgather,0,512,98304,2.981747906,0.005823726,0.004476414,0.007125565,1
warmup,46,46,scatter_ring_allgather,0,512,98304,2.988599525,0.005837108,0.004568706,0.007018061,1
warmup,47,47,scatter_ring_allgather,0,512,98304,2.980839497,0.005821952,0.004475501,0.007032308,1
warmup,48,48,scatter_ring_allgather,0,512,98304,2.993008942,0.005845721,0.004490801,0.007117921,1
warmup,49,49,scatter_ring_allgather,0,512,98304,2.984486787,0.005829076,0.004461425,0.007091791,1
actual,0,50,scatter_ring_allgather,0,512,98304,2.978436168,0.005817258,0.004472957,0.007035015,1
actual,1,51,scatter_ring_allgather,0,512,98304,2.971994356,0.005804676,0.004480631,0.007019697,1
actual,2,52,scatter_ring_allgather,0,512,98304,2.986163318,0.005832350,0.004502913,0.007089488,1
actual,3,53,scatter_ring_allgather,0,512,98304,2.977980028,0.005816367,0.004464962,0.007078707,1
actual,4,54,scatter_ring_allgather,0,512,98304,2.981172627,0.005822603,0.004507882,0.007063359,1
actual,5,55,scatter_ring_allgather,0,512,98304,2.974808480,0.005810173,0.004471884,0.007002494,1
actual,6,56,scatter_ring_allgather,0,512,98304,2.980309041,0.005820916,0.004461335,0.007062486,1
actual,7,57,scatter_ring_allgather,0,512,98304,2.984036111,0.005828196,0.004472265,0.007043441,1
actual,8,58,scatter_ring_allgather,0,512,98304,2.988282155,0.005836489,0.004460263,0.007069280,1
actual,9,59,scatter_ring_allgather,0,512,98304,2.974793839,0.005810144,0.004476082,0.007038231,1
actual,10,60,scatter_ring_allgather,0,512,98304,2.981550703,0.005823341,0.004480822,0.007075761,1
actual,11,61,scatter_ring_allgather,0,512,98304,2.979570024,0.005819473,0.004436168,0.007090900,1
actual,12,62,scatter_ring_allgather,0,512,98304,2.972210007,0.005805098,0.004499887,0.007055243,1
actual,13,63,scatter_ring_allgather,0,512,98304,2.980091500,0.005820491,0.004450244,0.007067396,1
actual,14,64,scatter_ring_allgather,0,512,98304,2.979016555,0.005818392,0.004448341,0.007023802,1
actual,15,65,scatter_ring_allgather,0,512,98304,2.983241690,0.005826644,0.004453941,0.007087745,1
actual,16,66,scatter_ring_allgather,0,512,98304,2.988177856,0.005836285,0.004452228,0.007078517,1
actual,17,67,scatter_ring_allgather,0,512,98304,2.975998562,0.005812497,0.004457468,0.007027742,1
actual,18,68,scatter_ring_allgather,0,512,98304,2.974168509,0.005808923,0.004460864,0.007090810,1
actual,19,69,scatter_ring_allgather,0,512,98304,2.975507044,0.005811537,0.004451977,0.007006802,1
actual,20,70,scatter_ring_allgather,0,512,98304,2.979472878,0.005819283,0.004481933,0.007027181,1
actual,21,71,scatter_ring_allgather,0,512,98304,2.974535262,0.005809639,0.004450725,0.007052148,1
actual,22,72,scatter_ring_allgather,0,512,98304,2.973036826,0.005806713,0.004452508,0.007011801,1
actual,23,73,scatter_ring_allgather,0,512,98304,2.981305015,0.005822861,0.004444533,0.007064631,1
actual,24,74,scatter_ring_allgather,0,512,98304,3.476407919,0.006789859,0.004459347,0.007976729,1
actual,25,75,scatter_ring_allgather,0,512,98304,2.970892362,0.005802524,0.004451577,0.007030707,1
actual,26,76,scatter_ring_allgather,0,512,98304,2.974285860,0.005809152,0.004421541,0.007049022,1
actual,27,77,scatter_ring_allgather,0,512,98304,2.979227454,0.005818804,0.004466104,0.007062457,1
actual,28,78,scatter_ring_allgather,0,512,98304,2.973133944,0.005806902,0.004476282,0.007063559,1
actual,29,79,scatter_ring_allgather,0,512,98304,2.972869096,0.005806385,0.004433563,0.007007654,1
actual,30,80,scatter_ring_allgather,0,512,98304,2.984923803,0.005829929,0.004490480,0.007119544,1
actual,31,81,scatter_ring_allgather,0,512,98304,2.980389452,0.005821073,0.004461074,0.007073538,1
actual,32,82,scatter_ring_allgather,0,512,98304,2.982998668,0.005826169,0.004476654,0.007048220,1
actual,33,83,scatter_ring_allgather,0,512,98304,2.975542016,0.005811606,0.004440355,0.007049182,1
actual,34,84,scatter_ring_allgather,0,512,98304,2.980597849,0.005821480,0.004395546,0.007054580,1
actual,35,85,scatter_ring_allgather,0,512,98304,2.984138479,0.005828395,0.004444333,0.007104556,1
actual,36,86,scatter_ring_allgather,0,512,98304,2.984153444,0.005828425,0.004491681,0.007067305,1
actual,37,87,scatter_ring_allgather,0,512,98304,2.975000016,0.005810547,0.004456777,0.007009377,1
actual,38,88,scatter_ring_allgather,0,512,98304,2.995420435,0.005850431,0.004558837,0.007024546,1
actual,39,89,scatter_ring_allgather,0,512,98304,2.976998357,0.005814450,0.004449733,0.007025094,1
actual,40,90,scatter_ring_allgather,0,512,98304,2.969931024,0.005800647,0.004460853,0.006991031,1
actual,41,91,scatter_ring_allgather,0,512,98304,2.980956759,0.005822181,0.004452437,0.007014627,1
actual,42,92,scatter_ring_allgather,0,512,98304,2.978228867,0.005816853,0.004491201,0.007027221,1
actual,43,93,scatter_ring_allgather,0,512,98304,2.992286162,0.005844309,0.004446237,0.007096941,1
actual,44,94,scatter_ring_allgather,0,512,98304,2.984783139,0.005829655,0.004469560,0.007093115,1
actual,45,95,scatter_ring_allgather,0,512,98304,2.978754039,0.005817879,0.004438773,0.007072105,1
actual,46,96,scatter_ring_allgather,0,512,98304,2.979523770,0.005819382,0.004489117,0.007042770,1
actual,47,97,scatter_ring_allgather,0,512,98304,2.974233921,0.005809051,0.004462537,0.007032350,1
actual,48,98,scatter_ring_allgather,0,512,98304,2.995692650,0.005850962,0.004486673,0.007109795,1
actual,49,99,scatter_ring_allgather,0,512,98304,2.980885660,0.005822042,0.004449632,0.007092483,1
warmup,0,0,scatter_ring_allgather,0,512,131072,9.228135391,0.018023702,0.016588866,0.019306422,1
warmup,1,1,scatter_ring_allgather,0,512,131072,8.652166187,0.016898762,0.015591754,0.018209451,1
warmup,2,2,scatter_ring_allgather,0,512,131072,8.692785618,0.016978097,0.015619977,0.018297295,1
warmup,3,3,scatter_ring_allgather,0,512,131072,8.662005636,0.016917980,0.015599940,0.018199061,1
warmup,4,4,scatter_ring_allgather,0,512,131072,8.675476422,0.016944290,0.015545037,0.018374319,1
warmup,5,5,scatter_ring_allgather,0,512,131072,8.669862611,0.016933325,0.015584761,0.018296834,1
warmup,6,6,scatter_ring_allgather,0,512,131072,8.688169256,0.016969081,0.015579501,0.018408723,1
warmup,7,7,scatter_ring_allgather,0,512,131072,8.686149500,0.016965136,0.015550747,0.018451964,1
warmup,8,8,scatter_ring_allgather,0,512,131072,8.678881332,0.016950940,0.015454336,0.018231252,1
warmup,9,9,scatter_ring_allgather,0,512,131072,8.682256533,0.016957532,0.015427486,0.018428009,1
warmup,10,10,scatter_ring_allgather,0,512,131072,8.715213738,0.017021902,0.015601032,0.018340178,1
warmup,11,11,scatter_ring_allgather,0,512,131072,8.680375438,0.016953858,0.015594690,0.018398844,1
warmup,12,12,scatter_ring_allgather,0,512,131072,8.665676315,0.016925149,0.015595131,0.018193219,1
warmup,13,13,scatter_ring_allgather,0,512,131072,8.672395622,0.016938273,0.015515601,0.018269723,1
warmup,14,14,scatter_ring_allgather,0,512,131072,8.675945593,0.016945206,0.015597756,0.018299263,1
warmup,15,15,scatter_ring_allgather,0,512,131072,8.689917194,0.016972495,0.015568531,0.018509421,1
warmup,16,16,scatter_ring_allgather,0,512,131072,8.663655164,0.016921201,0.015526001,0.018282788,1
warmup,17,17,scatter_ring_allgather,0,512,131072,8.648374483,0.016891356,0.015517786,0.018247161,1
warmup,18,18,scatter_ring_allgather,0,512,131072,8.673589173,0.016940604,0.015524708,0.018255241,1
warmup,19,19,scatter_ring_allgather,0,512,131072,8.647846161,0.016890325,0.015405956,0.018178813,1
warmup,20,20,scatter_ring_allgather,0,512,131072,8.673662284,0.016940747,0.015424831,0.018331469,1
warmup,21,21,scatter_ring_allgather,0,512,131072,8.676273443,0.016945847,0.015544225,0.018348761,1
warmup,22,22,scatter_ring_allgather,0,512,131072,8.694762287,0.016981958,0.015538946,0.018462674,1
warmup,23,23,scatter_ring_allgather,0,512,131072,8.678139696,0.016949492,0.015603817,0.018232313,1
warmup,24,24,scatter_ring_allgather,0,512,131072,8.713135302,0.017017842,0.015575213,0.018359805,1
warmup,25,25,scatter_ring_allgather,0,512,131072,8.702816536,0.016997689,0.015534627,0.018465780,1
warmup,26,26,scatter_ring_allgather,0,512,131072,8.694272597,0.016981001,0.015584401,0.018448267,1
warmup,27,27,scatter_ring_allgather,0,512,131072,8.666847605,0.016927437,0.015559814,0.018233566,1
warmup,28,28,scatter_ring_allgather,0,512,131072,8.679762852,0.016952662,0.015604719,0.018274427,1
warmup,29,29,scatter_ring_allgather,0,512,131072,8.675717479,0.016944761,0.015516073,0.018261308,1
warmup,30,30,scatter_ring_allgather,0,512,131072,8.687496658,0.016967767,0.015551759,0.018295812,1
warmup,31,31,scatter_ring_allgather,0,512,131072,8.688964131,0.016970633,0.015527504,0.018336328,1
warmup,32,32,scatter_ring_allgather,0,512,131072,8.668086475,0.016929856,0.015583349,0.018306451,1
warmup,33,33,scatter_ring_allgather,0,512,131072,8.662074978,0.016918115,0.015570635,0.018227774,1
warmup,34,34,scatter_ring_allgather,0,512,131072,8.680631325,0.016954358,0.015530189,0.018117098,1
warmup,35,35,scatter_ring_allgather,0,512,131072,8.681477414,0.016956011,0.015540408,0.018270560,1
warmup,36,36,scatter_ring_allgather,0,512,131072,8.675375770,0.016944093,0.015619566,0.018300321,1
warmup,37,37,scatter_ring_allgather,0,512,131072,8.657817790,0.016909800,0.015584401,0.018195514,1
warmup,38,38,scatter_ring_allgather,0,512,131072,8.680812025,0.016954711,0.015584741,0.018411178,1
warmup,39,39,scatter_ring_allgather,0,512,131072,8.678751511,0.016950687,0.015578549,0.018271321,1
warmup,40,40,scatter_ring_allgather,0,512,131072,8.672553770,0.016938582,0.015644283,0.018232744,1
warmup,41,41,scatter_ring_allgather,0,512,131072,8.686313050,0.016965455,0.015539176,0.018428721,1
warmup,42,42,scatter_ring_allgather,0,512,131072,8.679101382,0.016951370,0.015595962,0.018180586,1
warmup,43,43,scatter_ring_allgather,0,512,131072,8.713232739,0.017018033,0.015569553,0.018390703,1
warmup,44,44,scatter_ring_allgather,0,512,131072,8.680801840,0.016954691,0.015615379,0.018237627,1
warmup,45,45,scatter_ring_allgather,0,512,131072,8.675618263,0.016944567,0.015513567,0.018223767,1
warmup,46,46,scatter_ring_allgather,0,512,131072,8.698591285,0.016989436,0.015550106,0.018287316,1
warmup,47,47,scatter_ring_allgather,0,512,131072,8.675227928,0.016943805,0.015560065,0.018395769,1
warmup,48,48,scatter_ring_allgather,0,512,131072,8.679452134,0.016952055,0.015583268,0.018152367,1
warmup,49,49,scatter_ring_allgather,0,512,131072,8.698655763,0.016989562,0.015561998,0.018378557,1
actual,0,50,scatter_ring_allgather,0,512,131072,8.682988211,0.016958961,0.015602455,0.018298618,1
actual,1,51,scatter_ring_allgather,0,512,131072,8.695266042,0.016982941,0.015576927,0.018261208,1
actual,2,52,scatter_ring_allgather,0,512,131072,8.707869952,0.017007559,0.015657518,0.018344893,1
actual,3,53,scatter_ring_allgather,0,512,131072,8.681963722,0.016956960,0.015554053,0.018272313,1
actual,4,54,scatter_ring_allgather,0,512,131072,8.685744825,0.016964345,0.015573220,0.018411799,1
actual,5,55,scatter_ring_allgather,0,512,131072,8.671711920,0.016936937,0.015537052,0.018296343,1
actual,6,56,scatter_ring_allgather,0,512,131072,8.667825554,0.016929347,0.015598387,0.018266461,1
actual,7,57,scatter_ring_allgather,0,512,131072,8.665761909,0.016925316,0.015573871,0.018382413,1
actual,8,58,scatter_ring_allgather,0,512,131072,8.665871037,0.016925529,0.015553132,0.018368468,1
actual,9,59,scatter_ring_allgather,0,512,131072,8.657223644,0.016908640,0.015534006,0.018216924,1
actual,10,60,scatter_ring_allgather,0,512,131072,8.666712068,0.016927172,0.015635206,0.018443749,1
actual,11,61,scatter_ring_allgather,0,512,131072,8.628348030,0.016852242,0.015533335,0.018262109,1
actual,12,62,scatter_ring_allgather,0,512,131072,8.687104774,0.016967002,0.015556839,0.018489744,1
actual,13,63,scatter_ring_allgather,0,512,131072,8.655722254,0.016905708,0.015520150,0.018278210,1
actual,14,64,scatter_ring_allgather,0,512,131072,8.690518474,0.016973669,0.015548383,0.018379759,1
actual,15,65,scatter_ring_allgather,0,512,131072,8.654725164,0.016903760,0.015541921,0.018331930,1
actual,16,66,scatter_ring_allgather,0,512,131072,8.645939197,0.016886600,0.015600311,0.018185766,1
actual,17,67,scatter_ring_allgather,0,512,131072,8.661713839,0.016917410,0.015541780,0.018242602,1
actual,18,68,scatter_ring_allgather,0,512,131072,8.647513706,0.016889675,0.015496175,0.018259504,1
actual,19,69,scatter_ring_allgather,0,512,131072,8.682491603,0.016957991,0.015611922,0.018480958,1
actual,20,70,scatter_ring_allgather,0,512,131072,8.656872345,0.016907954,0.015559774,0.018322051,1
actual,21,71,scatter_ring_allgather,0,512,131072,8.660935867,0.016915890,0.015522164,0.018273701,1
actual,22,72,scatter_ring_allgather,0,512,131072,8.676053848,0.016945418,0.015506274,0.018529999,1
actual,23,73,scatter_ring_allgather,0,512,131072,8.685993330,0.016964831,0.015563992,0.018471982,1
actual,24,74,scatter_ring_allgather,0,512,131072,8.675294056,0.016943934,0.015544196,0.018213609,1
actual,25,75,scatter_ring_allgather,0,512,131072,8.663390404,0.016920684,0.015569563,0.018182520,1
actual,26,76,scatter_ring_allgather,0,512,131072,8.685742997,0.016964342,0.015606893,0.018243514,1
actual,27,77,scatter_ring_allgather,0,512,131072,8.669085229,0.016931807,0.015569492,0.017977921,1
actual,28,78,scatter_ring_allgather,0,512,131072,8.678219061,0.016949647,0.015622452,0.018440232,1
actual,29,79,scatter_ring_allgather,0,512,131072,8.666046642,0.016925872,0.015511754,0.018320829,1
actual,30,80,scatter_ring_allgather,0,512,131072,8.679331070,0.016951818,0.015474775,0.018251669,1
actual,31,81,scatter_ring_allgather,0,512,131072,8.651848299,0.016898141,0.015567339,0.018321100,1
actual,32,82,scatter_ring_allgather,0,512,131072,8.666999686,0.016927734,0.015509901,0.018456983,1
actual,33,83,scatter_ring_allgather,0,512,131072,8.674518754,0.016942419,0.015517155,0.018354472,1
actual,34,84,scatter_ring_allgather,0,512,131072,8.712423201,0.017016452,0.015489072,0.018361865,1
actual,35,85,scatter_ring_allgather,0,512,131072,8.700846376,0.016993841,0.015552681,0.018343050,1
actual,36,86,scatter_ring_allgather,0,512,131072,8.697942990,0.016988170,0.015556068,0.018299739,1
actual,37,87,scatter_ring_allgather,0,512,131072,8.691832609,0.016976236,0.015441803,0.018330567,1
actual,38,88,scatter_ring_allgather,0,512,131072,8.703106849,0.016998256,0.015411346,0.018361836,1
actual,39,89,scatter_ring_allgather,0,512,131072,8.707192799,0.017006236,0.015456370,0.018389313,1
actual,40,90,scatter_ring_allgather,0,512,131072,8.695217344,0.016982846,0.015573240,0.018440478,1
actual,41,91,scatter_ring_allgather,0,512,131072,8.697532182,0.016987368,0.015525210,0.018343692,1
actual,42,92,scatter_ring_allgather,0,512,131072,8.701344423,0.016994813,0.015586915,0.018315569,1
actual,43,93,scatter_ring_allgather,0,512,131072,8.669233861,0.016932097,0.015538584,0.018246840,1
actual,44,94,scatter_ring_allgather,0,512,131072,8.694010020,0.016980488,0.015514700,0.018403303,1
actual,45,95,scatter_ring_allgather,0,512,131072,8.676553613,0.016946394,0.015629295,0.018264153,1
actual,46,96,scatter_ring_allgather,0,512,131072,8.677959458,0.016949140,0.015554344,0.018344583,1
actual,47,97,scatter_ring_allgather,0,512,131072,8.674905911,0.016943176,0.015595031,0.018238916,1
actual,48,98,scatter_ring_allgather,0,512,131072,8.691497340,0.016975581,0.015581094,0.018382044,1
actual,49,99,scatter_ring_allgather,0,512,131072,8.683396132,0.016959758,0.015533426,0.018458656,1
warmup,0,0,scatter_ring_allgather,0,512,196608,8.701947540,0.016995991,0.015486286,0.018441926,1
warmup,1,1,scatter_ring_allgather,0,512,196608,8.716383125,0.017024186,0.015490665,0.018566830,1
warmup,2,2,scatter_ring_allgather,0,512,196608,8.711768451,0.017015173,0.015547230,0.018612665,1
warmup,3,3,scatter_ring_allgather,0,512,196608,8.695130028,0.016982676,0.015592226,0.018312188,1
warmup,4,4,scatter_ring_allgather,0,512,196608,8.716493712,0.017024402,0.015522915,0.018543155,1
warmup,5,5,scatter_ring_allgather,0,512,196608,8.718573309,0.017028463,0.015571537,0.018459077,1
warmup,6,6,scatter_ring_allgather,0,512,196608,8.724440168,0.017039922,0.015587236,0.018355063,1
warmup,7,7,scatter_ring_allgather,0,512,196608,8.707490961,0.017006818,0.015659692,0.018304724,1
warmup,8,8,scatter_ring_allgather,0,512,196608,8.717488551,0.017026345,0.015594660,0.018560096,1
warmup,9,9,scatter_ring_allgather,0,512,196608,8.706015105,0.017003936,0.015658851,0.018277879,1
warmup,10,10,scatter_ring_allgather,0,512,196608,8.712349521,0.017016308,0.015514560,0.018554536,1
warmup,11,11,scatter_ring_allgather,0,512,196608,8.717162623,0.017025708,0.015607644,0.018471521,1
warmup,12,12,scatter_ring_allgather,0,512,196608,8.712939793,0.017017461,0.015651016,0.018405036,1
warmup,13,13,scatter_ring_allgather,0,512,196608,8.721127426,0.017033452,0.015585563,0.018526233,1
warmup,14,14,scatter_ring_allgather,0,512,196608,8.711996747,0.017015619,0.015554374,0.018562581,1
warmup,15,15,scatter_ring_allgather,0,512,196608,8.692968809,0.016978455,0.015501465,0.018479675,1
warmup,16,16,scatter_ring_allgather,0,512,196608,8.707068162,0.017005993,0.015567859,0.018416568,1
warmup,17,17,scatter_ring_allgather,0,512,196608,8.693580339,0.016979649,0.015587296,0.018413943,1
warmup,18,18,scatter_ring_allgather,0,512,196608,8.690828827,0.016974275,0.015573631,0.018376013,1
warmup,19,19,scatter_ring_allgather,0,512,196608,8.717142293,0.017025669,0.015578219,0.018389127,1
warmup,20,20,scatter_ring_allgather,0,512,196608,8.700932623,0.016994009,0.015592426,0.018496427,1
warmup,21,21,scatter_ring_allgather,0,512,196608,8.678397265,0.016949995,0.015489593,0.018322702,1
warmup,22,22,scatter_ring_allgather,0,512,196608,8.716945163,0.017025284,0.015579150,0.018572530,1
warmup,23,23,scatter_ring_allgather,0,512,196608,8.713817451,0.017019175,0.015609969,0.018473795,1
warmup,24,24,scatter_ring_allgather,0,512,196608,8.703918892,0.016999842,0.015542382,0.018426015,1
warmup,25,25,scatter_ring_allgather,0,512,196608,8.690002408,0.016972661,0.015579862,0.018423180,1
warmup,26,26,scatter_ring_allgather,0,512,196608,8.698927229,0.016990092,0.015564323,0.018440313,1
warmup,27,27,scatter_ring_allgather,0,512,196608,8.707712203,0.017007250,0.015553092,0.018480497,1
warmup,28,28,scatter_ring_allgather,0,512,196608,8.706368245,0.017004625,0.015611411,0.018447275,1
warmup,29,29,scatter_ring_allgather,0,512,196608,8.683256201,0.016959485,0.015551258,0.018352147,1
warmup,30,30,scatter_ring_allgather,0,512,196608,8.693926756,0.016980326,0.015613014,0.018401630,1
warmup,31,31,scatter_ring_allgather,0,512,196608,8.675104214,0.016943563,0.015563481,0.018196291,1
warmup,32,32,scatter_ring_allgather,0,512,196608,8.704195688,0.017000382,0.015629525,0.018422138,1
warmup,33,33,scatter_ring_allgather,0,512,196608,8.690260456,0.016973165,0.015565997,0.018285493,1
warmup,34,34,scatter_ring_allgather,0,512,196608,8.701534209,0.016995184,0.015617913,0.018207407,1
warmup,35,35,scatter_ring_allgather,0,512,196608,8.706857441,0.017005581,0.015640977,0.018336538,1
warmup,36,36,scatter_ring_allgather,0,512,196608,8.709261384,0.017010276,0.015559194,0.018464458,1
warmup,37,37,scatter_ring_allgather,0,512,196608,8.685721480,0.016964300,0.015504912,0.018392824,1
warmup,38,38,scatter_ring_allgather,0,512,196608,8.678496219,0.016950188,0.015586785,0.018289916,1
warmup,39,39,scatter_ring_allgather,0,512,196608,8.697783874,0.016987859,0.015649072,0.018432103,1
warmup,40,40,scatter_ring_allgather,0,512,196608,8.717735291,0.017026827,0.015586124,0.018467584,1
warmup,41,41,scatter_ring_allgather,0,512,196608,8.703804019,0.016999617,0.015614187,0.018240699,1
warmup,42,42,scatter_ring_allgather,0,512,196608,8.710019913,0.017011758,0.015599259,0.018418912,1
warmup,43,43,scatter_ring_allgather,0,512,196608,8.715863952,0.017023172,0.015646136,0.018218518,1
warmup,44,44,scatter_ring_allgather,0,512,196608,8.718568058,0.017028453,0.015607364,0.018361616,1
warmup,45,45,scatter_ring_allgather,0,512,196608,8.708218464,0.017008239,0.015569563,0.018347960,1
warmup,46,46,scatter_ring_allgather,0,512,196608,8.710801985,0.017013285,0.015544085,0.018481450,1
warmup,47,47,scatter_ring_allgather,0,512,196608,8.697538077,0.016987379,0.015597615,0.018162532,1
warmup,48,48,scatter_ring_allgather,0,512,196608,8.724213467,0.017039479,0.015587867,0.018393124,1
warmup,49,49,scatter_ring_allgather,0,512,196608,8.735429022,0.017061385,0.015555166,0.018449463,1
actual,0,50,scatter_ring_allgather,0,512,196608,8.708411093,0.017008615,0.015580383,0.018336839,1
actual,1,51,scatter_ring_allgather,0,512,196608,8.720580779,0.017032384,0.015561086,0.018538686,1
actual,2,52,scatter_ring_allgather,0,512,196608,8.727631984,0.017046156,0.015609808,0.018430413,1
actual,3,53,scatter_ring_allgather,0,512,196608,8.682171734,0.016957367,0.015633322,0.018242423,1
actual,4,54,scatter_ring_allgather,0,512,196608,8.700423436,0.016993015,0.015608766,0.018423676,1
actual,5,55,scatter_ring_allgather,0,512,196608,8.694826703,0.016982083,0.015575915,0.018337425,1
actual,6,56,scatter_ring_allgather,0,512,196608,8.693010676,0.016978536,0.015578820,0.018179929,1
actual,7,57,scatter_ring_allgather,0,512,196608,8.694095897,0.016980656,0.015548033,0.018342479,1
actual,8,58,scatter_ring_allgather,0,512,196608,8.696045833,0.016984465,0.015617964,0.018420325,1
actual,9,59,scatter_ring_allgather,0,512,196608,8.688364033,0.016969461,0.015573921,0.018275639,1
actual,10,60,scatter_ring_allgather,0,512,196608,8.696873502,0.016986081,0.015548643,0.018445462,1
actual,11,61,scatter_ring_allgather,0,512,196608,8.719019951,0.017029336,0.015571557,0.018472152,1
actual,12,62,scatter_ring_allgather,0,512,196608,8.703532675,0.016999087,0.015567068,0.018235038,1
actual,13,63,scatter_ring_allgather,0,512,196608,8.718224370,0.017027782,0.015579200,0.018456572,1
actual,14,64,scatter_ring_allgather,0,512,196608,8.700112705,0.016992408,0.015552150,0.018450592,1
actual,15,65,scatter_ring_allgather,0,512,196608,8.693870609,0.016980216,0.015561738,0.018444219,1
actual,16,66,scatter_ring_allgather,0,512,196608,8.694575152,0.016981592,0.015570815,0.018260766,1
actual,17,67,scatter_ring_allgather,0,512,196608,8.702634573,0.016997333,0.015578450,0.018600581,1
actual,18,68,scatter_ring_allgather,0,512,196608,8.681976180,0.016956985,0.015564082,0.018211484,1
actual,19,69,scatter_ring_allgather,0,512,196608,8.671155041,0.016935850,0.015593788,0.018369710,1
actual,20,70,scatter_ring_allgather,0,512,196608,8.687579528,0.016967929,0.015586705,0.018392593,1
actual,21,71,scatter_ring_allgather,0,512,196608,8.685241740,0.016963363,0.015518127,0.018216193,1
actual,22,72,scatter_ring_allgather,0,512,196608,8.698310512,0.016988888,0.015575294,0.018468435,1
actual,23,73,scatter_ring_allgather,0,512,196608,8.705204397,0.017002352,0.015589600,0.018409344,1
actual,24,74,scatter_ring_allgather,0,512,196608,8.695188510,0.016982790,0.015600100,0.018435253,1
actual,25,75,scatter_ring_allgather,0,512,196608,8.720499652,0.017032226,0.015565495,0.018489935,1
actual,26,76,scatter_ring_allgather,0,512,196608,8.725512127,0.017042016,0.015545588,0.018410497,1
actual,27,77,scatter_ring_allgather,0,512,196608,8.722150678,0.017035451,0.015589069,0.018470299,1
actual,28,78,scatter_ring_allgather,0,512,196608,8.693910869,0.016980295,0.015566677,0.018401229,1
actual,29,79,scatter_ring_allgather,0,512,196608,8.702746240,0.016997551,0.015492007,0.018483744,1
actual,30,80,scatter_ring_allgather,0,512,196608,8.693466533,0.016979427,0.015593678,0.018350895,1
actual,31,81,scatter_ring_allgather,0,512,196608,8.694386053,0.016981223,0.015657909,0.018208609,1
actual,32,82,scatter_ring_allgather,0,512,196608,8.678901062,0.016950979,0.015520501,0.018169646,1
actual,33,83,scatter_ring_allgather,0,512,196608,8.682497537,0.016958003,0.015560185,0.018282612,1
actual,34,84,scatter_ring_allgather,0,512,196608,8.720173535,0.017031589,0.015635347,0.018427658,1
actual,35,85,scatter_ring_allgather,0,512,196608,8.704107894,0.017000211,0.015584150,0.018496979,1
actual,36,86,scatter_ring_allgather,0,512,196608,8.690182526,0.016973013,0.015557440,0.018263321,1
actual,37,87,scatter_ring_allgather,0,512,196608,8.698887724,0.016990015,0.015528035,0.018272348,1
actual,38,88,scatter_ring_allgather,0,512,196608,8.709630062,0.017010996,0.015578579,0.018399265,1
actual,39,89,scatter_ring_allgather,0,512,196608,8.686332872,0.016965494,0.015622592,0.018023844,1
actual,40,90,scatter_ring_allgather,0,512,196608,8.692224859,0.016977002,0.015518457,0.018404555,1
actual,41,91,scatter_ring_allgather,0,512,196608,8.723615226,0.017038311,0.015512445,0.018599811,1
actual,42,92,scatter_ring_allgather,0,512,196608,8.727149661,0.017045214,0.015590773,0.018435253,1
actual,43,93,scatter_ring_allgather,0,512,196608,8.728808678,0.017048454,0.015612343,0.018458716,1
actual,44,94,scatter_ring_allgather,0,512,196608,8.707129848,0.017006113,0.015596263,0.018362266,1
actual,45,95,scatter_ring_allgather,0,512,196608,8.699830674,0.016991857,0.015549856,0.018353695,1
actual,46,96,scatter_ring_allgather,0,512,196608,8.719492434,0.017030259,0.015520471,0.018415266,1
actual,47,97,scatter_ring_allgather,0,512,196608,8.727065909,0.017045051,0.015543154,0.018544326,1
actual,48,98,scatter_ring_allgather,0,512,196608,8.707046816,0.017005951,0.015595432,0.018248658,1
actual,49,99,scatter_ring_allgather,0,512,196608,8.701605138,0.016995323,0.015533475,0.018368317,1
warmup,0,0,scatter_ring_allgather,0,512,262144,8.772739125,0.017134256,0.015682285,0.018437978,1
warmup,1,1,scatter_ring_allgather,0,512,262144,8.737419091,0.017065272,0.015575644,0.018266126,1
warmup,2,2,scatter_ring_allgather,0,512,262144,8.735017754,0.017060582,0.015684719,0.018439902,1
warmup,3,3,scatter_ring_allgather,0,512,262144,8.714447122,0.017020405,0.015630948,0.018360133,1
warmup,4,4,scatter_ring_allgather,0,512,262144,8.719356631,0.017029993,0.015629436,0.018575424,1
warmup,5,5,scatter_ring_allgather,0,512,262144,8.714205407,0.017019932,0.015560947,0.018344383,1
warmup,6,6,scatter_ring_allgather,0,512,262144,8.729803318,0.017050397,0.015651026,0.018501857,1
warmup,7,7,scatter_ring_allgather,0,512,262144,8.738728581,0.017067829,0.015645536,0.018356535,1
warmup,8,8,scatter_ring_allgather,0,512,262144,8.733962034,0.017058520,0.015572458,0.018380180,1
warmup,9,9,scatter_ring_allgather,0,512,262144,8.726477190,0.017043901,0.015607053,0.018434958,1
warmup,10,10,scatter_ring_allgather,0,512,262144,8.725247439,0.017041499,0.015616962,0.018401038,1
warmup,11,11,scatter_ring_allgather,0,512,262144,8.692922649,0.016978365,0.015625869,0.018284010,1
warmup,12,12,scatter_ring_allgather,0,512,262144,8.716378326,0.017024176,0.015593908,0.018293448,1
warmup,13,13,scatter_ring_allgather,0,512,262144,8.746000762,0.017082033,0.015691742,0.018505053,1
warmup,14,14,scatter_ring_allgather,0,512,262144,8.730183396,0.017051139,0.015586324,0.018412781,1
warmup,15,15,scatter_ring_allgather,0,512,262144,8.706054142,0.017004012,0.015621180,0.018221193,1
warmup,16,16,scatter_ring_allgather,0,512,262144,8.733723916,0.017058055,0.015566528,0.018444350,1
warmup,17,17,scatter_ring_allgather,0,512,262144,8.710277085,0.017012260,0.015613265,0.018327687,1
warmup,18,18,scatter_ring_allgather,0,512,262144,8.701911820,0.016995922,0.015707361,0.018175568,1
warmup,19,19,scatter_ring_allgather,0,512,262144,8.722545174,0.017036221,0.015626340,0.018199743,1
warmup,20,20,scatter_ring_allgather,0,512,262144,8.725389696,0.017041777,0.015591594,0.018439912,1
warmup,21,21,scatter_ring_allgather,0,512,262144,8.702631935,0.016997328,0.015575013,0.018178884,1
warmup,22,22,scatter_ring_allgather,0,512,262144,8.710690349,0.017013067,0.015578329,0.018165928,1
warmup,23,23,scatter_ring_allgather,0,512,262144,8.708797546,0.017009370,0.015555206,0.018066102,1
warmup,24,24,scatter_ring_allgather,0,512,262144,8.729123852,0.017049070,0.015605520,0.018474036,1
warmup,25,25,scatter_ring_allgather,0,512,262144,8.727974311,0.017046825,0.015656065,0.018386161,1
warmup,26,26,scatter_ring_allgather,0,512,262144,8.722555026,0.017036240,0.015647129,0.018208929,1
warmup,27,27,scatter_ring_allgather,0,512,262144,8.726360547,0.017043673,0.015589289,0.018339538,1
warmup,28,28,scatter_ring_allgather,0,512,262144,8.731189596,0.017053105,0.015599929,0.018454309,1
warmup,29,29,scatter_ring_allgather,0,512,262144,8.732638083,0.017055934,0.015514008,0.018591215,1
warmup,30,30,scatter_ring_allgather,0,512,262144,8.729495476,0.017049796,0.015486177,0.018497198,1
warmup,31,31,scatter_ring_allgather,0,512,262144,8.715724438,0.017022899,0.015641228,0.018310149,1
warmup,32,32,scatter_ring_allgather,0,512,262144,8.725606250,0.017042200,0.015700108,0.018359536,1
warmup,33,33,scatter_ring_allgather,0,512,262144,8.744300975,0.017078713,0.015610079,0.018631699,1
warmup,34,34,scatter_ring_allgather,0,512,262144,8.709090854,0.017009943,0.015535489,0.018328904,1
warmup,35,35,scatter_ring_allgather,0,512,262144,8.718044589,0.017027431,0.015671224,0.018368127,1
warmup,36,36,scatter_ring_allgather,0,512,262144,8.698464668,0.016989189,0.015604538,0.018201846,1
warmup,37,37,scatter_ring_allgather,0,512,262144,8.705573140,0.017003073,0.015667687,0.018294991,1
warmup,38,38,scatter_ring_allgather,0,512,262144,8.712988685,0.017017556,0.015618024,0.018052571,1
warmup,39,39,scatter_ring_allgather,0,512,262144,8.758941244,0.017107307,0.015507216,0.018556350,1
warmup,40,40,scatter_ring_allgather,0,512,262144,8.708540955,0.017008869,0.015482630,0.018462043,1
warmup,41,41,scatter_ring_allgather,0,512,262144,8.734540265,0.017059649,0.015570444,0.018558293,1
warmup,42,42,scatter_ring_allgather,0,512,262144,8.725412811,0.017041822,0.015692073,0.018441955,1
warmup,43,43,scatter_ring_allgather,0,512,262144,8.717494225,0.017026356,0.015590712,0.018424102,1
warmup,44,44,scatter_ring_allgather,0,512,262144,8.743876164,0.017077883,0.015613305,0.018516475,1
warmup,45,45,scatter_ring_allgather,0,512,262144,8.729835551,0.017050460,0.015589039,0.018364350,1
warmup,46,46,scatter_ring_allgather,0,512,262144,8.718385769,0.017028097,0.015528024,0.018473694,1
warmup,47,47,scatter_ring_allgather,0,512,262144,8.705547287,0.017003022,0.015561077,0.018255888,1
warmup,48,48,scatter_ring_allgather,0,512,262144,8.715875476,0.017023194,0.015668578,0.018296634,1
warmup,49,49,scatter_ring_allgather,0,512,262144,8.712682498,0.017016958,0.015606672,0.018405001,1
actual,0,50,scatter_ring_allgather,0,512,262144,8.720934360,0.017033075,0.015581325,0.018270775,1
actual,1,51,scatter_ring_allgather,0,512,262144,8.717590649,0.017026544,0.015654893,0.018260977,1
actual,2,52,scatter_ring_allgather,0,512,262144,8.728197567,0.017047261,0.015701631,0.018240684,1
actual,3,53,scatter_ring_allgather,0,512,262144,8.716284262,0.017023993,0.015622813,0.018375361,1
actual,4,54,scatter_ring_allgather,0,512,262144,8.722263532,0.017035671,0.015656836,0.018520352,1
actual,5,55,scatter_ring_allgather,0,512,262144,8.700859678,0.016993867,0.015591404,0.018448848,1
actual,6,56,scatter_ring_allgather,0,512,262144,8.732832342,0.017056313,0.015682324,0.018468415,1
actual,7,57,scatter_ring_allgather,0,512,262144,8.712858087,0.017017301,0.015513157,0.018399997,1
actual,8,58,scatter_ring_allgather,0,512,262144,8.726942040,0.017044809,0.015664171,0.018234587,1
actual,9,59,scatter_ring_allgather,0,512,262144,8.731048243,0.017052829,0.015587988,0.018565576,1
actual,10,60,scatter_ring_allgather,0,512,262144,8.720580699,0.017032384,0.015620489,0.018417961,1
actual,11,61,scatter_ring_allgather,0,512,262144,8.732774231,0.017056200,0.015608506,0.018459168,1
actual,12,62,scatter_ring_allgather,0,512,262144,8.691485972,0.016975559,0.015564223,0.018189082,1
actual,13,63,scatter_ring_allgather,0,512,262144,8.735526741,0.017061576,0.015639834,0.018418411,1
actual,14,64,scatter_ring_allgather,0,512,262144,8.719532040,0.017030336,0.015636088,0.018314086,1
actual,15,65,scatter_ring_allgather,0,512,262144,8.733018195,0.017056676,0.015674199,0.018472653,1
actual,16,66,scatter_ring_allgather,0,512,262144,8.728905115,0.017048643,0.015674770,0.018381743,1
actual,17,67,scatter_ring_allgather,0,512,262144,8.725220758,0.017041447,0.015674179,0.018616983,1
actual,18,68,scatter_ring_allgather,0,512,262144,8.745154683,0.017080380,0.015633633,0.018494343,1
actual,19,69,scatter_ring_allgather,0,512,262144,8.733782115,0.017058168,0.015650264,0.018403824,1
actual,20,70,scatter_ring_allgather,0,512,262144,8.730798366,0.017052341,0.015579111,0.018360162,1
actual,21,71,scatter_ring_allgather,0,512,262144,8.698739947,0.016989726,0.015578300,0.018167162,1
actual,22,72,scatter_ring_allgather,0,512,262144,8.740364063,0.017071024,0.015621270,0.018622132,1
actual,23,73,scatter_ring_allgather,0,512,262144,8.700019754,0.016992226,0.015645215,0.018182210,1
actual,24,74,scatter_ring_allgather,0,512,262144,8.709038864,0.017009842,0.015615048,0.018293708,1
actual,25,75,scatter_ring_allgather,0,512,262144,8.739159637,0.017068671,0.015632441,0.018583019,1
actual,26,76,scatter_ring_allgather,0,512,262144,8.748842784,0.017087584,0.015546229,0.018535149,1
actual,27,77,scatter_ring_allgather,0,512,262144,8.741139224,0.017072538,0.015584872,0.018678919,1
actual,28,78,scatter_ring_allgather,0,512,262144,8.720659719,0.017032539,0.015646648,0.018456743,1
actual,29,79,scatter_ring_allgather,0,512,262144,8.716154597,0.017023739,0.015641798,0.018427909,1
actual,30,80,scatter_ring_allgather,0,512,262144,8.716630717,0.017024669,0.015661766,0.018417750,1
actual,31,81,scatter_ring_allgather,0,512,262144,8.746575645,0.017083156,0.015547381,0.018469717,1
actual,32,82,scatter_ring_allgather,0,512,262144,8.736941465,0.017064339,0.015637750,0.018319487,1
actual,33,83,scatter_ring_allgather,0,512,262144,8.737255645,0.017064952,0.015628573,0.018410567,1
actual,34,84,scatter_ring_allgather,0,512,262144,8.735951332,0.017062405,0.015624956,0.018594110,1
actual,35,85,scatter_ring_allgather,0,512,262144,8.732515109,0.017055694,0.015626199,0.018296012,1
actual,36,86,scatter_ring_allgather,0,512,262144,8.735128318,0.017060797,0.015657007,0.018216985,1
actual,37,87,scatter_ring_allgather,0,512,262144,8.742733384,0.017075651,0.015657448,0.018786777,1
actual,38,88,scatter_ring_allgather,0,512,262144,8.734803251,0.017060163,0.015619857,0.018341287,1
actual,39,89,scatter_ring_allgather,0,512,262144,8.714725382,0.017020948,0.015649703,0.018281526,1
actual,40,90,scatter_ring_allgather,0,512,262144,8.745233752,0.017080535,0.015591424,0.018633844,1
actual,41,91,scatter_ring_allgather,0,512,262144,8.750033372,0.017089909,0.015582928,0.018604970,1
actual,42,92,scatter_ring_allgather,0,512,262144,8.739904090,0.017070125,0.015627792,0.018495265,1
actual,43,93,scatter_ring_allgather,0,512,262144,8.711069116,0.017013807,0.015697152,0.018307323,1
actual,44,94,scatter_ring_allgather,0,512,262144,8.721959296,0.017035077,0.015602685,0.018311296,1
actual,45,95,scatter_ring_allgather,0,512,262144,8.716329239,0.017024081,0.015532872,0.018291534,1
actual,46,96,scatter_ring_allgather,0,512,262144,8.715700862,0.017022853,0.015481797,0.018398894,1
actual,47,97,scatter_ring_allgather,0,512,262144,8.725015122,0.017041045,0.015548392,0.018567079,1
actual,48,98,scatter_ring_allgather,0,512,262144,8.734552645,0.017059673,0.015612693,0.018516070,1
actual,49,99,scatter_ring_allgather,0,512,262144,8.699630778,0.016991466,0.015635346,0.018167673,1
warmup,0,0,scatter_ring_allgather,0,512,393216,8.778981697,0.017146449,0.015691811,0.018462649,1
warmup,1,1,scatter_ring_allgather,0,512,393216,8.771568517,0.017131970,0.015709796,0.018367847,1
warmup,2,2,scatter_ring_allgather,0,512,393216,8.777351787,0.017143265,0.015715326,0.018473565,1
warmup,3,3,scatter_ring_allgather,0,512,393216,8.743564909,0.017077275,0.015700147,0.018212767,1
warmup,4,4,scatter_ring_allgather,0,512,393216,8.778373539,0.017145261,0.015732419,0.018573722,1
warmup,5,5,scatter_ring_allgather,0,512,393216,8.754260572,0.017098165,0.015704715,0.018395930,1
warmup,6,6,scatter_ring_allgather,0,512,393216,8.767021203,0.017123088,0.015706039,0.018348019,1
warmup,7,7,scatter_ring_allgather,0,512,393216,8.739688590,0.017069704,0.015650083,0.018434982,1
warmup,8,8,scatter_ring_allgather,0,512,393216,8.749081582,0.017088050,0.015686231,0.018507007,1
warmup,9,9,scatter_ring_allgather,0,512,393216,8.758468311,0.017106383,0.015685960,0.018586065,1
warmup,10,10,scatter_ring_allgather,0,512,393216,8.735597850,0.017061715,0.015679729,0.018236941,1
warmup,11,11,scatter_ring_allgather,0,512,393216,8.740035196,0.017070381,0.015687693,0.018362056,1
warmup,12,12,scatter_ring_allgather,0,512,393216,8.735395016,0.017061318,0.015649903,0.018464648,1
warmup,13,13,scatter_ring_allgather,0,512,393216,8.750756479,0.017091321,0.015628272,0.018564595,1
warmup,14,14,scatter_ring_allgather,0,512,393216,8.754744135,0.017099110,0.015742046,0.018402672,1
warmup,15,15,scatter_ring_allgather,0,512,393216,8.744466435,0.017079036,0.015744680,0.018586035,1
warmup,16,16,scatter_ring_allgather,0,512,393216,8.766383788,0.017121843,0.015712130,0.018074197,1
warmup,17,17,scatter_ring_allgather,0,512,393216,8.781181796,0.017150746,0.015720846,0.018395017,1
warmup,18,18,scatter_ring_allgather,0,512,393216,8.751179822,0.017092148,0.015749711,0.018010388,1
warmup,19,19,scatter_ring_allgather,0,512,393216,8.763033770,0.017115300,0.015697823,0.018468315,1
warmup,20,20,scatter_ring_allgather,0,512,393216,8.754798629,0.017099216,0.015692853,0.018678658,1
warmup,21,21,scatter_ring_allgather,0,512,393216,8.754894170,0.017099403,0.015762845,0.018574364,1
warmup,22,22,scatter_ring_allgather,0,512,393216,8.779452063,0.017147367,0.015696481,0.018511846,1
warmup,23,23,scatter_ring_allgather,0,512,393216,8.727393015,0.017045689,0.015738579,0.018242302,1
warmup,24,24,scatter_ring_allgather,0,512,393216,8.757731384,0.017104944,0.015656275,0.018443999,1
warmup,25,25,scatter_ring_allgather,0,512,393216,8.751658316,0.017093083,0.015637008,0.018356880,1
warmup,26,26,scatter_ring_allgather,0,512,393216,8.754144635,0.017097939,0.015479603,0.018570853,1
warmup,27,27,scatter_ring_allgather,0,512,393216,8.753173698,0.017096042,0.015674298,0.018539167,1
warmup,28,28,scatter_ring_allgather,0,512,393216,8.755606913,0.017100795,0.015675752,0.018587487,1
warmup,29,29,scatter_ring_allgather,0,512,393216,8.770594352,0.017130067,0.015680751,0.018759089,1
warmup,30,30,scatter_ring_allgather,0,512,393216,8.745460062,0.017080977,0.015768065,0.018288708,1
warmup,31,31,scatter_ring_allgather,0,512,393216,8.735316936,0.017061166,0.015650123,0.018386512,1
warmup,32,32,scatter_ring_allgather,0,512,393216,8.727725306,0.017046338,0.015731706,0.018292787,1
warmup,33,33,scatter_ring_allgather,0,512,393216,8.728773942,0.017048387,0.015656635,0.018367826,1
warmup,34,34,scatter_ring_allgather,0,512,393216,8.739680365,0.017069688,0.015787461,0.018548575,1
warmup,35,35,scatter_ring_allgather,0,512,393216,8.740144992,0.017070596,0.015696811,0.018605307,1
warmup,36,36,scatter_ring_allgather,0,512,393216,8.761923527,0.017113132,0.015733570,0.018444831,1
warmup,37,37,scatter_ring_allgather,0,512,393216,8.749567287,0.017088999,0.015650674,0.018634306,1
warmup,38,38,scatter_ring_allgather,0,512,393216,8.758255368,0.017105968,0.015568841,0.018505554,1
warmup,39,39,scatter_ring_allgather,0,512,393216,8.731095428,0.017052921,0.015612212,0.018454750,1
warmup,40,40,scatter_ring_allgather,0,512,393216,8.718685269,0.017028682,0.015673698,0.017930018,1
warmup,41,41,scatter_ring_allgather,0,512,393216,8.735530340,0.017061583,0.015712270,0.018277036,1
warmup,42,42,scatter_ring_allgather,0,512,393216,8.745596856,0.017081244,0.015545367,0.018524039,1
warmup,43,43,scatter_ring_allgather,0,512,393216,8.762102738,0.017113482,0.015692112,0.018699608,1
warmup,44,44,scatter_ring_allgather,0,512,393216,8.759051874,0.017107523,0.015688295,0.018283184,1
warmup,45,45,scatter_ring_allgather,0,512,393216,8.731036850,0.017052806,0.015683887,0.018450461,1
warmup,46,46,scatter_ring_allgather,0,512,393216,8.777173356,0.017142917,0.015742366,0.018430785,1
warmup,47,47,scatter_ring_allgather,0,512,393216,8.732374707,0.017055419,0.015710376,0.018248123,1
warmup,48,48,scatter_ring_allgather,0,512,393216,8.775432669,0.017139517,0.015685409,0.018555774,1
warmup,49,49,scatter_ring_allgather,0,512,393216,8.756571158,0.017102678,0.015637350,0.018479796,1
actual,0,50,scatter_ring_allgather,0,512,393216,8.787188043,0.017162477,0.015744551,0.018783564,1
actual,1,51,scatter_ring_allgather,0,512,393216,8.747779968,0.017085508,0.015678907,0.018433740,1
actual,2,52,scatter_ring_allgather,0,512,393216,8.780293555,0.017149011,0.015708493,0.018569954,1
actual,3,53,scatter_ring_allgather,0,512,393216,8.736513909,0.017063504,0.015678907,0.018343782,1
actual,4,54,scatter_ring_allgather,0,512,393216,8.751930404,0.017093614,0.015644042,0.018373828,1
actual,5,55,scatter_ring_allgather,0,512,393216,8.745537919,0.017081129,0.015646226,0.018367306,1
actual,6,56,scatter_ring_allgather,0,512,393216,8.747845090,0.017085635,0.015748548,0.018316431,1
actual,7,57,scatter_ring_allgather,0,512,393216,8.721678146,0.017034528,0.015676012,0.018130382,1
actual,8,58,scatter_ring_allgather,0,512,393216,8.761334510,0.017111981,0.015707641,0.018492136,1
actual,9,59,scatter_ring_allgather,0,512,393216,8.748295312,0.017086514,0.015725355,0.018426968,1
actual,10,60,scatter_ring_allgather,0,512,393216,8.760465976,0.017110285,0.015695548,0.018594231,1
actual,11,61,scatter_ring_allgather,0,512,393216,8.769432674,0.017127798,0.015680661,0.018641448,1
actual,12,62,scatter_ring_allgather,0,512,393216,8.729225952,0.017049269,0.015693475,0.018149412,1
actual,13,63,scatter_ring_allgather,0,512,393216,8.744858106,0.017079801,0.015706821,0.018146596,1
actual,14,64,scatter_ring_allgather,0,512,393216,8.749171318,0.017088225,0.015691130,0.018518679,1
actual,15,65,scatter_ring_allgather,0,512,393216,8.755359034,0.017100311,0.015677184,0.018531092,1
actual,16,66,scatter_ring_allgather,0,512,393216,8.785656140,0.017159485,0.015715155,0.018574333,1
actual,17,67,scatter_ring_allgather,0,512,393216,8.765239569,0.017119609,0.015642289,0.018459187,1
actual,18,68,scatter_ring_allgather,0,512,393216,8.763333784,0.017115886,0.015654371,0.018508680,1
actual,19,69,scatter_ring_allgather,0,512,393216,8.778619708,0.017145742,0.015749390,0.018410426,1
actual,20,70,scatter_ring_allgather,0,512,393216,8.775459691,0.017139570,0.015608275,0.018295511,1
actual,21,71,scatter_ring_allgather,0,512,393216,8.777481865,0.017143519,0.015706439,0.018536261,1
actual,22,72,scatter_ring_allgather,0,512,393216,8.743937189,0.017078002,0.015718742,0.018097765,1
actual,23,73,scatter_ring_allgather,0,512,393216,8.722144514,0.017035439,0.015588787,0.018218187,1
actual,24,74,scatter_ring_allgather,0,512,393216,8.739442634,0.017069224,0.015732518,0.018446835,1
actual,25,75,scatter_ring_allgather,0,512,393216,8.734038820,0.017058670,0.015646797,0.018396491,1
actual,26,76,scatter_ring_allgather,0,512,393216,8.764449278,0.017118065,0.015661144,0.018582908,1
actual,27,77,scatter_ring_allgather,0,512,393216,8.750695651,0.017091202,0.015634785,0.018544467,1
actual,28,78,scatter_ring_allgather,0,512,393216,8.730610801,0.017051974,0.015681181,0.018384884,1
actual,29,79,scatter_ring_allgather,0,512,393216,8.744110066,0.017078340,0.015593988,0.018208729,1
actual,30,80,scatter_ring_allgather,0,512,393216,8.763235911,0.017115695,0.015689417,0.018509041,1
actual,31,81,scatter_ring_allgather,0,512,393216,8.739133316,0.017068620,0.015769257,0.018371864,1
actual,32,82,scatter_ring_allgather,0,512,393216,8.779164048,0.017146805,0.015654221,0.018502077,1
actual,33,83,scatter_ring_allgather,0,512,393216,8.751612534,0.017092993,0.015608565,0.018506997,1
actual,34,84,scatter_ring_allgather,0,512,393216,8.733123934,0.017056883,0.015580102,0.018328252,1
actual,35,85,scatter_ring_allgather,0,512,393216,8.747879425,0.017085702,0.015623322,0.018342439,1
actual,36,86,scatter_ring_allgather,0,512,393216,8.766090173,0.017121270,0.015645295,0.018364801,1
actual,37,87,scatter_ring_allgather,0,512,393216,8.747695590,0.017085343,0.015650253,0.018401590,1
actual,38,88,scatter_ring_allgather,0,512,393216,8.765882606,0.017120864,0.015736565,0.018406334,1
actual,39,89,scatter_ring_allgather,0,512,393216,8.759292382,0.017107993,0.015678377,0.018463966,1
actual,40,90,scatter_ring_allgather,0,512,393216,8.769664585,0.017128251,0.015686041,0.018584703,1
actual,41,91,scatter_ring_allgather,0,512,393216,8.747138559,0.017084255,0.015751885,0.018320559,1
actual,42,92,scatter_ring_allgather,0,512,393216,8.764014966,0.017117217,0.015700217,0.018369700,1
actual,43,93,scatter_ring_allgather,0,512,393216,8.728981880,0.017048793,0.015697262,0.018238645,1
actual,44,94,scatter_ring_allgather,0,512,393216,8.720215203,0.017031670,0.015658108,0.018127107,1
actual,45,95,scatter_ring_allgather,0,512,393216,8.714689376,0.017020878,0.015670873,0.018171710,1
actual,46,96,scatter_ring_allgather,0,512,393216,8.744735701,0.017079562,0.015709765,0.018268270,1
actual,47,97,scatter_ring_allgather,0,512,393216,8.737666183,0.017065754,0.015694467,0.018183356,1
actual,48,98,scatter_ring_allgather,0,512,393216,8.744959478,0.017079999,0.015715306,0.018265375,1
actual,49,99,scatter_ring_allgather,0,512,393216,8.725982389,0.017042934,0.015672515,0.018112098,1
warmup,0,0,scatter_ring_allgather,0,512,524288,11.117566367,0.021713997,0.019863081,0.023821085,1
warmup,1,1,scatter_ring_allgather,0,512,524288,11.145448983,0.021768455,0.019896003,0.023766994,1
warmup,2,2,scatter_ring_allgather,0,512,524288,11.122713909,0.021724051,0.019822361,0.023858565,1
warmup,3,3,scatter_ring_allgather,0,512,524288,11.129863265,0.021738014,0.019763931,0.023809876,1
warmup,4,4,scatter_ring_allgather,0,512,524288,11.158280796,0.021793517,0.019842779,0.023722871,1
warmup,5,5,scatter_ring_allgather,0,512,524288,11.142454878,0.021762607,0.019889431,0.023812108,1
warmup,6,6,scatter_ring_allgather,0,512,524288,11.116459206,0.021711834,0.019766726,0.023866110,1
warmup,7,7,scatter_ring_allgather,0,512,524288,11.100205913,0.021680090,0.019843114,0.023738652,1
warmup,8,8,scatter_ring_allgather,0,512,524288,11.107787672,0.021694898,0.019897291,0.023813884,1
warmup,9,9,scatter_ring_allgather,0,512,524288,11.102712179,0.021684985,0.019772187,0.023824313,1
warmup,10,10,scatter_ring_allgather,0,512,524288,11.123381090,0.021725354,0.019765865,0.023764622,1
warmup,11,11,scatter_ring_allgather,0,512,524288,11.105965639,0.021691339,0.019766487,0.023781292,1
warmup,12,12,scatter_ring_allgather,0,512,524288,11.111368389,0.021701891,0.019828462,0.023808203,1
warmup,13,13,scatter_ring_allgather,0,512,524288,11.114727279,0.021708452,0.019795284,0.023814313,1
warmup,14,14,scatter_ring_allgather,0,512,524288,11.102503458,0.021684577,0.019843581,0.023788253,1
warmup,15,15,scatter_ring_allgather,0,512,524288,11.095107118,0.021670131,0.019873797,0.023840622,1
warmup,16,16,scatter_ring_allgather,0,512,524288,11.099926717,0.021679544,0.019758682,0.023766453,1
warmup,17,17,scatter_ring_allgather,0,512,524288,11.117154162,0.021713192,0.019839954,0.023849338,1
warmup,18,18,scatter_ring_allgather,0,512,524288,11.129318624,0.021736950,0.019906784,0.023792124,1
warmup,19,19,scatter_ring_allgather,0,512,524288,11.151189459,0.021779667,0.019870035,0.023801047,1
warmup,20,20,scatter_ring_allgather,0,512,524288,11.145196707,0.021767962,0.019875325,0.023763590,1
warmup,21,21,scatter_ring_allgather,0,512,524288,11.101745920,0.021683097,0.019862410,0.023794445,1
warmup,22,22,scatter_ring_allgather,0,512,524288,11.106220537,0.021691837,0.019851736,0.023831555,1
warmup,23,23,scatter_ring_allgather,0,512,524288,11.089386004,0.021658957,0.019866123,0.023760183,1
warmup,24,24,scatter_ring_allgather,0,512,524288,11.107150870,0.021693654,0.019835275,0.023798172,1
warmup,25,25,scatter_ring_allgather,0,512,524288,11.110522785,0.021700240,0.019821530,0.023760642,1
warmup,26,26,scatter_ring_allgather,0,512,524288,11.115873826,0.021710691,0.019834678,0.023777584,1
warmup,27,27,scatter_ring_allgather,0,512,524288,11.116015526,0.021710968,0.019760946,0.023842887,1
warmup,28,28,scatter_ring_allgather,0,512,524288,11.104336351,0.021688157,0.019800459,0.023859900,1
warmup,29,29,scatter_ring_allgather,0,512,524288,11.104769279,0.021689002,0.019732392,0.023793165,1
warmup,30,30,scatter_ring_allgather,0,512,524288,11.098499294,0.021676756,0.019743854,0.023813461,1
warmup,31,31,scatter_ring_allgather,0,512,524288,11.094340587,0.021668634,0.019879488,0.023778417,1
warmup,32,32,scatter_ring_allgather,0,512,524288,11.096450573,0.021672755,0.019802153,0.023738661,1
warmup,33,33,scatter_ring_allgather,0,512,524288,11.095097259,0.021670112,0.019816109,0.023790238,1
warmup,34,34,scatter_ring_allgather,0,512,524288,11.100587389,0.021680835,0.019801021,0.023817458,1
warmup,35,35,scatter_ring_allgather,0,512,524288,11.089424215,0.021659032,0.019824505,0.023739715,1
warmup,36,36,scatter_ring_allgather,0,512,524288,11.095957783,0.021671793,0.019776255,0.023839109,1
warmup,37,37,scatter_ring_allgather,0,512,524288,11.131871105,0.021741936,0.019799067,0.023844120,1
warmup,38,38,scatter_ring_allgather,0,512,524288,11.107635746,0.021694601,0.019746899,0.023787973,1
warmup,39,39,scatter_ring_allgather,0,512,524288,11.095229808,0.021670371,0.019786353,0.023760553,1
warmup,40,40,scatter_ring_allgather,0,512,524288,11.114946643,0.021708880,0.019946708,0.023820947,1
warmup,41,41,scatter_ring_allgather,0,512,524288,11.152696433,0.021782610,0.019877398,0.023788065,1
warmup,42,42,scatter_ring_allgather,0,512,524288,11.150157981,0.021777652,0.019906061,0.023811139,1
warmup,43,43,scatter_ring_allgather,0,512,524288,11.156527534,0.021790093,0.019883078,0.023800338,1
warmup,44,44,scatter_ring_allgather,0,512,524288,11.116097221,0.021711127,0.019886094,0.023825472,1
warmup,45,45,scatter_ring_allgather,0,512,524288,11.126645361,0.021731729,0.019889650,0.023811717,1
warmup,46,46,scatter_ring_allgather,0,512,524288,11.123153000,0.021724908,0.019840379,0.023822508,1
warmup,47,47,scatter_ring_allgather,0,512,524288,11.158015752,0.021793000,0.019893989,0.023787634,1
warmup,48,48,scatter_ring_allgather,0,512,524288,11.127993164,0.021734362,0.019903777,0.023788145,1
warmup,49,49,scatter_ring_allgather,0,512,524288,11.118961467,0.021716722,0.019845137,0.023866791,1
actual,0,50,scatter_ring_allgather,0,512,524288,11.158267817,0.021793492,0.019899038,0.023825995,1
actual,1,51,scatter_ring_allgather,0,512,524288,11.121992737,0.021722642,0.019868090,0.023763947,1
actual,2,52,scatter_ring_allgather,0,512,524288,11.148524859,0.021774463,0.019926500,0.023788375,1
actual,3,53,scatter_ring_allgather,0,512,524288,11.148384528,0.021774189,0.019848283,0.023778195,1
actual,4,54,scatter_ring_allgather,0,512,524288,11.157353217,0.021791706,0.019909739,0.023765212,1
actual,5,55,scatter_ring_allgather,0,512,524288,11.133417944,0.021744957,0.019822405,0.023799685,1
actual,6,56,scatter_ring_allgather,0,512,524288,11.123826990,0.021726225,0.019939384,0.023847145,1
actual,7,57,scatter_ring_allgather,0,512,524288,11.123959376,0.021726483,0.019848173,0.023763517,1
actual,8,58,scatter_ring_allgather,0,512,524288,11.127119247,0.021732655,0.019924376,0.023797180,1
actual,9,59,scatter_ring_allgather,0,512,524288,11.102664520,0.021684892,0.019601938,0.023815697,1
actual,10,60,scatter_ring_allgather,0,512,524288,11.082900096,0.021646289,0.019737211,0.023790318,1
actual,11,61,scatter_ring_allgather,0,512,524288,11.082332530,0.021645181,0.019791463,0.023751784,1
actual,12,62,scatter_ring_allgather,0,512,524288,11.085511945,0.021651391,0.019622527,0.023797511,1
actual,13,63,scatter_ring_allgather,0,512,524288,11.099096610,0.021677923,0.019793558,0.023807171,1
actual,14,64,scatter_ring_allgather,0,512,524288,11.123320082,0.021725235,0.019811010,0.023847925,1
actual,15,65,scatter_ring_allgather,0,512,524288,11.123626575,0.021725833,0.019797775,0.023816537,1
actual,16,66,scatter_ring_allgather,0,512,524288,11.139087089,0.021756029,0.019751518,0.023781232,1
actual,17,67,scatter_ring_allgather,0,512,524288,11.122203457,0.021723054,0.019897471,0.023801569,1
actual,18,68,scatter_ring_allgather,0,512,524288,11.128199942,0.021734766,0.019724557,0.023886559,1
actual,19,69,scatter_ring_allgather,0,512,524288,11.097240714,0.021674298,0.019814660,0.023705711,1
actual,20,70,scatter_ring_allgather,0,512,524288,11.129288507,0.021736892,0.019831728,0.023776775,1
actual,21,71,scatter_ring_allgather,0,512,524288,11.112231821,0.021703578,0.019879828,0.023780180,1
actual,22,72,scatter_ring_allgather,0,512,524288,11.128035484,0.021734444,0.019845618,0.023822378,1
actual,23,73,scatter_ring_allgather,0,512,524288,11.100244596,0.021680165,0.019819285,0.023727812,1
actual,24,74,scatter_ring_allgather,0,512,524288,11.134831806,0.021747718,0.019821990,0.023811699,1
actual,25,75,scatter_ring_allgather,0,512,524288,11.113309058,0.021705682,0.019838125,0.023742297,1
actual,26,76,scatter_ring_allgather,0,512,524288,11.108544767,0.021696376,0.019874960,0.023800518,1
actual,27,77,scatter_ring_allgather,0,512,524288,11.102801035,0.021685158,0.019736170,0.023799256,1
actual,28,78,scatter_ring_allgather,0,512,524288,11.122077239,0.021722807,0.019819485,0.023822930,1
actual,29,79,scatter_ring_allgather,0,512,524288,11.106035148,0.021691475,0.019860607,0.023838858,1
actual,30,80,scatter_ring_allgather,0,512,524288,11.113637880,0.021706324,0.019745076,0.023821057,1
actual,31,81,scatter_ring_allgather,0,512,524288,11.124491058,0.021727522,0.019808024,0.023765954,1
actual,32,82,scatter_ring_allgather,0,512,524288,11.073829604,0.021628573,0.019659255,0.023787913,1
actual,33,83,scatter_ring_allgather,0,512,524288,11.104790404,0.021689044,0.019799559,0.023792572,1
actual,34,84,scatter_ring_allgather,0,512,524288,11.120963943,0.021720633,0.019539561,0.023902379,1
actual,35,85,scatter_ring_allgather,0,512,524288,11.116766991,0.021712436,0.019532708,0.023815716,1
actual,36,86,scatter_ring_allgather,0,512,524288,11.113977267,0.021706987,0.019887638,0.023784779,1
actual,37,87,scatter_ring_allgather,0,512,524288,11.108309275,0.021695917,0.019741059,0.023782272,1
actual,38,88,scatter_ring_allgather,0,512,524288,11.118886392,0.021716575,0.019762208,0.023806279,1
actual,39,89,scatter_ring_allgather,0,512,524288,11.095201376,0.021670315,0.019740608,0.023743249,1
actual,40,90,scatter_ring_allgather,0,512,524288,11.104479418,0.021688436,0.019615553,0.023775181,1
actual,41,91,scatter_ring_allgather,0,512,524288,11.114083048,0.021707193,0.019882333,0.023761333,1
actual,42,92,scatter_ring_allgather,0,512,524288,11.138032338,0.021753969,0.019911348,0.023843309,1
actual,43,93,scatter_ring_allgather,0,512,524288,11.106794558,0.021692958,0.019845695,0.023806299,1
actual,44,94,scatter_ring_allgather,0,512,524288,11.118753077,0.021716315,0.019710241,0.023782934,1
actual,45,95,scatter_ring_allgather,0,512,524288,11.099183698,0.021678093,0.019624500,0.023805999,1
actual,46,96,scatter_ring_allgather,0,512,524288,11.127969156,0.021734315,0.019739004,0.023833538,1
actual,47,97,scatter_ring_allgather,0,512,524288,11.121268032,0.021721227,0.019787866,0.023777964,1
actual,48,98,scatter_ring_allgather,0,512,524288,11.111999078,0.021703123,0.019864364,0.023748929,1
actual,49,99,scatter_ring_allgather,0,512,524288,11.078346434,0.021637395,0.019834668,0.023734332,1
warmup,0,0,scatter_ring_allgather,0,512,786432,10.397355540,0.020307335,0.018796216,0.022685831,1
warmup,1,1,scatter_ring_allgather,0,512,786432,10.372628012,0.020259039,0.018764967,0.022526452,1
warmup,2,2,scatter_ring_allgather,0,512,786432,10.370216990,0.020254330,0.018690277,0.022509632,1
warmup,3,3,scatter_ring_allgather,0,512,786432,10.365714167,0.020245535,0.018731675,0.022485887,1
warmup,4,4,scatter_ring_allgather,0,512,786432,10.353776101,0.020222219,0.018684750,0.022459767,1
warmup,5,5,scatter_ring_allgather,0,512,786432,10.371667601,0.020257163,0.018654129,0.022602786,1
warmup,6,6,scatter_ring_allgather,0,512,786432,10.386477797,0.020286089,0.018771522,0.022710427,1
warmup,7,7,scatter_ring_allgather,0,512,786432,10.385048292,0.020283297,0.018764597,0.022529638,1
warmup,8,8,scatter_ring_allgather,0,512,786432,10.362341301,0.020238948,0.018750340,0.022424625,1
warmup,9,9,scatter_ring_allgather,0,512,786432,10.377452953,0.020268463,0.018738157,0.022495776,1
warmup,10,10,scatter_ring_allgather,0,512,786432,10.366892737,0.020247837,0.018700689,0.022571456,1
warmup,11,11,scatter_ring_allgather,0,512,786432,10.350872266,0.020216547,0.018707202,0.022505674,1
warmup,12,12,scatter_ring_allgather,0,512,786432,10.353805007,0.020222275,0.018596544,0.022538615,1
warmup,13,13,scatter_ring_allgather,0,512,786432,10.389570692,0.020292130,0.018916714,0.022523918,1
warmup,14,14,scatter_ring_allgather,0,512,786432,10.384675913,0.020282570,0.018830471,0.022656877,1
warmup,15,15,scatter_ring_allgather,0,512,786432,10.380334068,0.020274090,0.018828727,0.022519270,1
warmup,16,16,scatter_ring_allgather,0,512,786432,10.372627939,0.020259039,0.018734279,0.022517977,1
warmup,17,17,scatter_ring_allgather,0,512,786432,10.409637690,0.020331324,0.018845048,0.022645164,1
warmup,18,18,scatter_ring_allgather,0,512,786432,10.389698474,0.020292380,0.018676671,0.022606302,1
warmup,19,19,scatter_ring_allgather,0,512,786432,10.371933487,0.020257683,0.018710525,0.022453576,1
warmup,20,20,scatter_ring_allgather,0,512,786432,10.379316478,0.020272102,0.018745152,0.022532133,1
warmup,21,21,scatter_ring_allgather,0,512,786432,10.368098364,0.020250192,0.018744519,0.022509110,1
warmup,22,22,scatter_ring_allgather,0,512,786432,10.382432887,0.020278189,0.018777744,0.022537112,1
warmup,23,23,scatter_ring_allgather,0,512,786432,10.388459230,0.020289959,0.018737585,0.022549946,1
warmup,24,24,scatter_ring_allgather,0,512,786432,10.370162031,0.020254223,0.018712880,0.022480247,1
warmup,25,25,scatter_ring_allgather,0,512,786432,10.358482508,0.020231411,0.018686610,0.022534057,1
warmup,26,26,scatter_ring_allgather,0,512,786432,10.364986165,0.020244114,0.018635264,0.022620809,1
warmup,27,27,scatter_ring_allgather,0,512,786432,10.368778212,0.020251520,0.018712268,0.022523758,1
warmup,28,28,scatter_ring_allgather,0,512,786432,10.387013557,0.020287136,0.018802329,0.022537796,1
warmup,29,29,scatter_ring_allgather,0,512,786432,10.357310673,0.020229122,0.018634422,0.022468263,1
warmup,30,30,scatter_ring_allgather,0,512,786432,10.390608041,0.020294156,0.018834158,0.022553453,1
warmup,31,31,scatter_ring_allgather,0,512,786432,10.371007315,0.020255874,0.018719322,0.022528566,1
warmup,32,32,scatter_ring_allgather,0,512,786432,10.373242501,0.020260239,0.018718720,0.022540118,1
warmup,33,33,scatter_ring_allgather,0,512,786432,10.384970665,0.020283146,0.018800594,0.022540288,1
warmup,34,34,scatter_ring_allgather,0,512,786432,10.392816202,0.020298469,0.018740943,0.022674540,1
warmup,35,35,scatter_ring_allgather,0,512,786432,10.380534050,0.020274481,0.018733298,0.022600100,1
warmup,36,36,scatter_ring_allgather,0,512,786432,10.397756901,0.020308119,0.018796810,0.022510743,1
warmup,37,37,scatter_ring_allgather,0,512,786432,10.430752951,0.020372564,0.018736634,0.022600862,1
warmup,38,38,scatter_ring_allgather,0,512,786432,10.383190689,0.020279669,0.018709834,0.022596133,1
warmup,39,39,scatter_ring_allgather,0,512,786432,10.454775876,0.020419484,0.018758966,0.022558332,1
warmup,40,40,scatter_ring_allgather,0,512,786432,10.533680384,0.020573595,0.018766309,0.022492509,1
warmup,41,41,scatter_ring_allgather,0,512,786432,10.359996616,0.020234368,0.018694635,0.022604298,1
warmup,42,42,scatter_ring_allgather,0,512,786432,10.364975869,0.020244093,0.018638112,0.022548063,1
warmup,43,43,scatter_ring_allgather,0,512,786432,10.362363649,0.020238992,0.018707038,0.022490075,1
warmup,44,44,scatter_ring_allgather,0,512,786432,10.379820098,0.020273086,0.018701090,0.022552582,1
warmup,45,45,scatter_ring_allgather,0,512,786432,10.358318452,0.020231091,0.018706918,0.022506084,1
warmup,46,46,scatter_ring_allgather,0,512,786432,10.372091851,0.020257992,0.018707743,0.022607615,1
warmup,47,47,scatter_ring_allgather,0,512,786432,10.360456169,0.020235266,0.018742026,0.022516855,1
warmup,48,48,scatter_ring_allgather,0,512,786432,10.376099303,0.020265819,0.018725673,0.022520260,1
warmup,49,49,scatter_ring_allgather,0,512,786432,10.365164453,0.020244462,0.018659302,0.022527314,1
actual,0,50,scatter_ring_allgather,0,512,786432,10.369554046,0.020253035,0.018729020,0.022566387,1
actual,1,51,scatter_ring_allgather,0,512,786432,10.379433032,0.020272330,0.018736825,0.022522524,1
actual,2,52,scatter_ring_allgather,0,512,786432,10.381569070,0.020276502,0.018736496,0.022522244,1
actual,3,53,scatter_ring_allgather,0,512,786432,10.381679504,0.020276718,0.018716246,0.022558492,1
actual,4,54,scatter_ring_allgather,0,512,786432,10.358768702,0.020231970,0.018706290,0.022450881,1
actual,5,55,scatter_ring_allgather,0,512,786432,10.374131694,0.020261976,0.018671712,0.022422157,1
actual,6,56,scatter_ring_allgather,0,512,786432,10.374189904,0.020262090,0.018763384,0.022475558,1
actual,7,57,scatter_ring_allgather,0,512,786432,10.371930490,0.020257677,0.018766640,0.022506766,1
actual,8,58,scatter_ring_allgather,0,512,786432,10.353269971,0.020221230,0.018648277,0.022465418,1
actual,9,59,scatter_ring_allgather,0,512,786432,10.370833109,0.020255533,0.018669027,0.022557781,1
actual,10,60,scatter_ring_allgather,0,512,786432,10.379782639,0.020273013,0.018780877,0.022438601,1
actual,11,61,scatter_ring_allgather,0,512,786432,10.391731151,0.020296350,0.018702990,0.022582738,1
actual,12,62,scatter_ring_allgather,0,512,786432,10.370739275,0.020255350,0.018768115,0.022593458,1
actual,13,63,scatter_ring_allgather,0,512,786432,10.349028147,0.020212946,0.018672072,0.022440212,1
actual,14,64,scatter_ring_allgather,0,512,786432,10.371199295,0.020256249,0.018782009,0.022445185,1
actual,15,65,scatter_ring_allgather,0,512,786432,10.391324245,0.020295555,0.018757555,0.022526953,1
actual,16,66,scatter_ring_allgather,0,512,786432,10.374871717,0.020263421,0.018718502,0.022703694,1
actual,17,67,scatter_ring_allgather,0,512,786432,10.422986509,0.020357396,0.018729754,0.022987001,1
actual,18,68,scatter_ring_allgather,0,512,786432,10.380767329,0.020274936,0.018798162,0.022470397,1
actual,19,69,scatter_ring_allgather,0,512,786432,10.378230034,0.020269981,0.018759377,0.022650375,1
actual,20,70,scatter_ring_allgather,0,512,786432,10.366142932,0.020246373,0.018736195,0.022560085,1
actual,21,71,scatter_ring_allgather,0,512,786432,10.377970562,0.020269474,0.018766230,0.022558623,1
actual,22,72,scatter_ring_allgather,0,512,786432,10.379251987,0.020271977,0.018783362,0.022512657,1
actual,23,73,scatter_ring_allgather,0,512,786432,10.371894110,0.020257606,0.018711737,0.022602003,1
actual,24,74,scatter_ring_allgather,0,512,786432,10.380378783,0.020274177,0.018858934,0.022550467,1
actual,25,75,scatter_ring_allgather,0,512,786432,10.388263674,0.020289577,0.018710566,0.022578359,1
actual,26,76,scatter_ring_allgather,0,512,786432,10.358659570,0.020231757,0.018681090,0.022396419,1
actual,27,77,scatter_ring_allgather,0,512,786432,10.360403763,0.020235164,0.018724802,0.022605740,1
actual,28,78,scatter_ring_allgather,0,512,786432,10.363503568,0.020241218,0.018736787,0.022498318,1
actual,29,79,scatter_ring_allgather,0,512,786432,10.361453617,0.020237214,0.018685188,0.022452754,1
actual,30,80,scatter_ring_allgather,0,512,786432,10.364838109,0.020243824,0.018737949,0.022452464,1
actual,31,81,scatter_ring_allgather,0,512,786432,10.401036968,0.020314525,0.018742748,0.022956448,1
actual,32,82,scatter_ring_allgather,0,512,786432,10.380449227,0.020274315,0.018739061,0.022520982,1
actual,33,83,scatter_ring_allgather,0,512,786432,10.370756423,0.020255384,0.018727948,0.022598677,1
actual,34,84,scatter_ring_allgather,0,512,786432,10.378708843,0.020270916,0.018731204,0.022513318,1
actual,35,85,scatter_ring_allgather,0,512,786432,10.359176380,0.020232766,0.018584087,0.022474325,1
actual,36,86,scatter_ring_allgather,0,512,786432,10.373184875,0.020260127,0.018724093,0.022622742,1
actual,37,87,scatter_ring_allgather,0,512,786432,10.403913197,0.020320143,0.018701137,0.022635276,1
actual,38,88,scatter_ring_allgather,0,512,786432,10.395161391,0.020303050,0.018777984,0.022577317,1
actual,39,89,scatter_ring_allgather,0,512,786432,10.373772522,0.020261274,0.018688577,0.022647398,1
actual,40,90,scatter_ring_allgather,0,512,786432,10.364066689,0.020242318,0.018624587,0.022574122,1
actual,41,91,scatter_ring_allgather,0,512,786432,10.393747657,0.020300288,0.018794074,0.022566427,1
actual,42,92,scatter_ring_allgather,0,512,786432,10.359422666,0.020233247,0.018687865,0.022459477,1
actual,43,93,scatter_ring_allgather,0,512,786432,10.361474699,0.020237255,0.018693043,0.022535981,1
actual,44,94,scatter_ring_allgather,0,512,786432,10.357725972,0.020229934,0.018714072,0.022545789,1
actual,45,95,scatter_ring_allgather,0,512,786432,10.373238306,0.020260231,0.018741183,0.022482771,1
actual,46,96,scatter_ring_allgather,0,512,786432,10.369730733,0.020253380,0.018724242,0.022530630,1
actual,47,97,scatter_ring_allgather,0,512,786432,10.377582559,0.020268716,0.018708834,0.022527765,1
actual,48,98,scatter_ring_allgather,0,512,786432,10.383574413,0.020280419,0.018741564,0.022520501,1
actual,49,99,scatter_ring_allgather,0,512,786432,10.366030335,0.020246153,0.018748199,0.022503027,1
warmup,0,0,scatter_ring_allgather,0,512,1048576,10.450663643,0.020411452,0.018916553,0.022776621,1
warmup,1,1,scatter_ring_allgather,0,512,1048576,10.458040710,0.020425861,0.018897148,0.022669400,1
warmup,2,2,scatter_ring_allgather,0,512,1048576,10.430217849,0.020371519,0.018873523,0.022737788,1
warmup,3,3,scatter_ring_allgather,0,512,1048576,10.446421283,0.020403167,0.018920616,0.022660585,1
warmup,4,4,scatter_ring_allgather,0,512,1048576,10.424255451,0.020359874,0.018896475,0.022673388,1
warmup,5,5,scatter_ring_allgather,0,512,1048576,10.429405533,0.020369933,0.018862563,0.022728109,1
warmup,6,6,scatter_ring_allgather,0,512,1048576,10.435476297,0.020381790,0.018866109,0.022834880,1
warmup,7,7,scatter_ring_allgather,0,512,1048576,10.434936432,0.020380735,0.018856431,0.022759198,1
warmup,8,8,scatter_ring_allgather,0,512,1048576,10.425442091,0.020362192,0.018850410,0.022584741,1
warmup,9,9,scatter_ring_allgather,0,512,1048576,10.431781584,0.020374573,0.018851552,0.022685650,1
warmup,10,10,scatter_ring_allgather,0,512,1048576,10.416778705,0.020345271,0.018789366,0.022764939,1
warmup,11,11,scatter_ring_allgather,0,512,1048576,10.440619807,0.020391836,0.018917515,0.022606703,1
warmup,12,12,scatter_ring_allgather,0,512,1048576,10.432226669,0.020375443,0.018891286,0.022669219,1
warmup,13,13,scatter_ring_allgather,0,512,1048576,10.438913590,0.020388503,0.018834520,0.022781249,1
warmup,14,14,scatter_ring_allgather,0,512,1048576,10.421474867,0.020354443,0.018797441,0.022707551,1
warmup,15,15,scatter_ring_allgather,0,512,1048576,10.446218293,0.020402770,0.018953743,0.022662148,1
warmup,16,16,scatter_ring_allgather,0,512,1048576,10.429872823,0.020370845,0.018909328,0.022659932,1
warmup,17,17,scatter_ring_allgather,0,512,1048576,10.430261318,0.020371604,0.018929577,0.022637270,1
warmup,18,18,scatter_ring_allgather,0,512,1048576,10.453937185,0.020417846,0.018770280,0.022817161,1
warmup,19,19,scatter_ring_allgather,0,512,1048576,10.451341408,0.020412776,0.018901834,0.022672165,1
warmup,20,20,scatter_ring_allgather,0,512,1048576,10.418758290,0.020349137,0.018851189,0.022663770,1
warmup,21,21,scatter_ring_allgather,0,512,1048576,10.433114205,0.020377176,0.018885654,0.022759208,1
warmup,22,22,scatter_ring_allgather,0,512,1048576,10.415529029,0.020342830,0.018889117,0.022678466,1
warmup,23,23,scatter_ring_allgather,0,512,1048576,10.433993786,0.020378894,0.018873653,0.022658840,1
warmup,24,24,scatter_ring_allgather,0,512,1048576,10.416325574,0.020344386,0.018795568,0.022629185,1
warmup,25,25,scatter_ring_allgather,0,512,1048576,10.417993233,0.020347643,0.018809531,0.022743117,1
warmup,26,26,scatter_ring_allgather,0,512,1048576,10.439756096,0.020390149,0.018950055,0.022701931,1
warmup,27,27,scatter_ring_allgather,0,512,1048576,10.434822890,0.020380513,0.018929006,0.022602115,1
warmup,28,28,scatter_ring_allgather,0,512,1048576,10.440593233,0.020391784,0.018939957,0.022693324,1
warmup,29,29,scatter_ring_allgather,0,512,1048576,10.410820586,0.020333634,0.018774688,0.022668488,1
warmup,30,30,scatter_ring_allgather,0,512,1048576,10.419954252,0.020351473,0.018809123,0.022723441,1
warmup,31,31,scatter_ring_allgather,0,512,1048576,10.434962152,0.020380785,0.018850971,0.022902386,1
warmup,32,32,scatter_ring_allgather,0,512,1048576,10.455222958,0.020420357,0.018889431,0.022862371,1
warmup,33,33,scatter_ring_allgather,0,512,1048576,10.432930955,0.020376818,0.018870635,0.022653651,1
warmup,34,34,scatter_ring_allgather,0,512,1048576,10.411425604,0.020334816,0.018836681,0.022664731,1
warmup,35,35,scatter_ring_allgather,0,512,1048576,10.418642743,0.020348912,0.018825942,0.022576365,1
warmup,36,36,scatter_ring_allgather,0,512,1048576,10.447665054,0.020405596,0.018769636,0.022999387,1
warmup,37,37,scatter_ring_allgather,0,512,1048576,10.425049580,0.020361425,0.018887016,0.022614858,1
warmup,38,38,scatter_ring_allgather,0,512,1048576,10.443432461,0.020397329,0.018899219,0.022607695,1
warmup,39,39,scatter_ring_allgather,0,512,1048576,10.419109185,0.020349823,0.018764079,0.022636368,1
warmup,40,40,scatter_ring_allgather,0,512,1048576,10.425682930,0.020362662,0.018860148,0.022714204,1
warmup,41,41,scatter_ring_allgather,0,512,1048576,10.430104683,0.020371298,0.018874253,0.022698274,1
warmup,42,42,scatter_ring_allgather,0,512,1048576,10.446241300,0.020402815,0.018869856,0.022797228,1
warmup,43,43,scatter_ring_allgather,0,512,1048576,10.421622805,0.020354732,0.018845539,0.022665563,1
warmup,44,44,scatter_ring_allgather,0,512,1048576,10.412827038,0.020337553,0.018857673,0.022550507,1
warmup,45,45,scatter_ring_allgather,0,512,1048576,10.439464058,0.020389578,0.018900514,0.022632451,1
warmup,46,46,scatter_ring_allgather,0,512,1048576,10.463191436,0.020435921,0.018801906,0.022661365,1
warmup,47,47,scatter_ring_allgather,0,512,1048576,10.428505897,0.020368176,0.018779685,0.022772824,1
warmup,48,48,scatter_ring_allgather,0,512,1048576,10.411838889,0.020335623,0.018815214,0.022715405,1
warmup,49,49,scatter_ring_allgather,0,512,1048576,10.475674392,0.020460302,0.018923044,0.023014676,1
actual,0,50,scatter_ring_allgather,0,512,1048576,10.414350699,0.020340529,0.018835900,0.022641087,1
actual,1,51,scatter_ring_allgather,0,512,1048576,10.415584510,0.020342938,0.018900392,0.022566618,1
actual,2,52,scatter_ring_allgather,0,512,1048576,10.420670887,0.020352873,0.018848024,0.022730013,1
actual,3,53,scatter_ring_allgather,0,512,1048576,10.411547342,0.020335053,0.018837810,0.022657488,1
actual,4,54,scatter_ring_allgather,0,512,1048576,10.435670318,0.020382169,0.018914560,0.022749049,1
actual,5,55,scatter_ring_allgather,0,512,1048576,10.437887894,0.020386500,0.018841854,0.022722258,1
actual,6,56,scatter_ring_allgather,0,512,1048576,10.445867511,0.020402085,0.018978750,0.022694357,1
actual,7,57,scatter_ring_allgather,0,512,1048576,10.434004998,0.020378916,0.018895302,0.022759859,1
actual,8,58,scatter_ring_allgather,0,512,1048576,10.411210048,0.020334395,0.018820603,0.022707451,1
actual,9,59,scatter_ring_allgather,0,512,1048576,10.429533278,0.020370182,0.018859345,0.022778333,1
actual,10,60,scatter_ring_allgather,0,512,1048576,10.441966219,0.020394465,0.018871239,0.022775288,1
actual,11,61,scatter_ring_allgather,0,512,1048576,10.413355820,0.020338586,0.018854958,0.022582778,1
actual,12,62,scatter_ring_allgather,0,512,1048576,10.433390872,0.020377717,0.018898120,0.022757515,1
actual,13,63,scatter_ring_allgather,0,512,1048576,10.440954882,0.020392490,0.018812267,0.022764358,1
actual,14,64,scatter_ring_allgather,0,512,1048576,10.450254118,0.020410653,0.018887298,0.022744301,1
actual,15,65,scatter_ring_allgather,0,512,1048576,10.420406307,0.020352356,0.018855828,0.022652117,1
actual,16,66,scatter_ring_allgather,0,512,1048576,10.437332389,0.020385415,0.018940519,0.022640225,1
actual,17,67,scatter_ring_allgather,0,512,1048576,10.455008173,0.020419938,0.018854047,0.022805274,1
actual,18,68,scatter_ring_allgather,0,512,1048576,10.437394340,0.020385536,0.018902636,0.022667807,1
actual,19,69,scatter_ring_allgather,0,512,1048576,10.431193451,0.020373425,0.018867462,0.022762283,1
actual,20,70,scatter_ring_allgather,0,512,1048576,10.405417523,0.020323081,0.018747357,0.022731998,1
actual,21,71,scatter_ring_allgather,0,512,1048576,10.444837272,0.020400073,0.018960556,0.022663610,1
actual,22,72,scatter_ring_allgather,0,512,1048576,10.419184675,0.020349970,0.018838777,0.022634324,1
actual,23,73,scatter_ring_allgather,0,512,1048576,10.424627757,0.020360601,0.018845571,0.022686963,1
actual,24,74,scatter_ring_allgather,0,512,1048576,10.428979852,0.020369101,0.018778925,0.022768680,1
actual,25,75,scatter_ring_allgather,0,512,1048576,10.429106418,0.020369348,0.018820492,0.022730985,1
actual,26,76,scatter_ring_allgather,0,512,1048576,10.430646700,0.020372357,0.018815314,0.022754269,1
actual,27,77,scatter_ring_allgather,0,512,1048576,10.428400583,0.020367970,0.018857762,0.022675552,1
actual,28,78,scatter_ring_allgather,0,512,1048576,10.413891304,0.020339631,0.018817988,0.022685981,1
actual,29,79,scatter_ring_allgather,0,512,1048576,10.430006720,0.020371107,0.018841333,0.022719874,1
actual,30,80,scatter_ring_allgather,0,512,1048576,10.438334252,0.020387372,0.018883823,0.022666635,1
actual,31,81,scatter_ring_allgather,0,512,1048576,10.442983975,0.020396453,0.018885494,0.022653791,1
actual,32,82,scatter_ring_allgather,0,512,1048576,10.436375190,0.020383545,0.018841282,0.022772312,1
actual,33,83,scatter_ring_allgather,0,512,1048576,10.456241689,0.020422347,0.018893320,0.022653472,1
actual,34,84,scatter_ring_allgather,0,512,1048576,10.425411457,0.020362132,0.018800724,0.022733760,1
actual,35,85,scatter_ring_allgather,0,512,1048576,10.444741350,0.020399885,0.018911472,0.022676623,1
actual,36,86,scatter_ring_allgather,0,512,1048576,10.433188691,0.020377322,0.018892136,0.022704495,1
actual,37,87,scatter_ring_allgather,0,512,1048576,10.439601829,0.020389847,0.018866339,0.022692143,1
actual,38,88,scatter_ring_allgather,0,512,1048576,10.407099038,0.020326365,0.018772361,0.022733450,1
actual,39,89,scatter_ring_allgather,0,512,1048576,10.420854824,0.020353232,0.018809470,0.022758867,1
actual,40,90,scatter_ring_allgather,0,512,1048576,10.433533424,0.020377995,0.018866137,0.022707992,1
actual,41,91,scatter_ring_allgather,0,512,1048576,10.412776579,0.020337454,0.018788882,0.022679990,1
actual,42,92,scatter_ring_allgather,0,512,1048576,10.431818578,0.020374646,0.018868822,0.022717740,1
actual,43,93,scatter_ring_allgather,0,512,1048576,10.424701174,0.020360744,0.018793994,0.022664623,1
actual,44,94,scatter_ring_allgather,0,512,1048576,10.424889849,0.020361113,0.018846020,0.022628835,1
actual,45,95,scatter_ring_allgather,0,512,1048576,10.424074315,0.020359520,0.018846701,0.022717069,1
actual,46,96,scatter_ring_allgather,0,512,1048576,10.441420328,0.020393399,0.018946949,0.022684077,1
actual,47,97,scatter_ring_allgather,0,512,1048576,10.400251436,0.020312991,0.018859517,0.022577377,1
actual,48,98,scatter_ring_allgather,0,512,1048576,10.415813604,0.020343386,0.018837162,0.022681222,1
actual,49,99,scatter_ring_allgather,0,512,1048576,10.431299084,0.020373631,0.018777591,0.022654802,1
warmup,0,0,scatter_ring_allgather,0,512,1572864,10.632285474,0.020766183,0.019208020,0.023231301,1
warmup,1,1,scatter_ring_allgather,0,512,1572864,10.576201424,0.020656643,0.019032992,0.022954694,1
warmup,2,2,scatter_ring_allgather,0,512,1572864,10.604149725,0.020711230,0.019190708,0.022994718,1
warmup,3,3,scatter_ring_allgather,0,512,1572864,10.606704417,0.020716220,0.019198452,0.023104533,1
warmup,4,4,scatter_ring_allgather,0,512,1572864,10.608898819,0.020720506,0.019241093,0.023059170,1
warmup,5,5,scatter_ring_allgather,0,512,1572864,10.595136103,0.020693625,0.019141425,0.022957169,1
warmup,6,6,scatter_ring_allgather,0,512,1572864,10.591241180,0.020686018,0.019126287,0.022975072,1
warmup,7,7,scatter_ring_allgather,0,512,1572864,10.622973771,0.020747996,0.019126236,0.023186677,1
warmup,8,8,scatter_ring_allgather,0,512,1572864,10.598429240,0.020700057,0.019189996,0.023081642,1
warmup,9,9,scatter_ring_allgather,0,512,1572864,10.595137417,0.020693628,0.019121547,0.023067796,1
warmup,10,10,scatter_ring_allgather,0,512,1572864,10.599136461,0.020701438,0.019194594,0.023148436,1
warmup,11,11,scatter_ring_allgather,0,512,1572864,10.603914530,0.020710771,0.019227216,0.023096759,1
warmup,12,12,scatter_ring_allgather,0,512,1572864,10.598266129,0.020699739,0.019203511,0.023071162,1
warmup,13,13,scatter_ring_allgather,0,512,1572864,10.589577387,0.020682768,0.019086553,0.023102170,1
warmup,14,14,scatter_ring_allgather,0,512,1572864,10.594444776,0.020692275,0.019211656,0.022978827,1
warmup,15,15,scatter_ring_allgather,0,512,1572864,10.603724193,0.020710399,0.019203351,0.023010267,1
warmup,16,16,scatter_ring_allgather,0,512,1572864,10.595512999,0.020694361,0.019142317,0.022985732,1
warmup,17,17,scatter_ring_allgather,0,512,1572864,10.607038608,0.020716872,0.019164267,0.023023442,1
warmup,18,18,scatter_ring_allgather,0,512,1572864,10.577273058,0.020658736,0.019120085,0.022997784,1
warmup,19,19,scatter_ring_allgather,0,512,1572864,10.601973231,0.020706979,0.019198552,0.023052857,1
warmup,20,20,scatter_ring_allgather,0,512,1572864,10.606153092,0.020715143,0.019251852,0.023081010,1
warmup,21,21,scatter_ring_allgather,0,512,1572864,10.618226158,0.020738723,0.019114444,0.023060272,1
warmup,22,22,scatter_ring_allgather,0,512,1572864,10.611809078,0.020726190,0.019242344,0.023179885,1
warmup,23,23,scatter_ring_allgather,0,512,1572864,10.606484272,0.020715790,0.019167444,0.023107970,1
warmup,24,24,scatter_ring_allgather,0,512,1572864,10.605789340,0.020714432,0.019182732,0.023151974,1
warmup,25,25,scatter_ring_allgather,0,512,1572864,10.575000367,0.020654298,0.019087374,0.023075871,1
warmup,26,26,scatter_ring_allgather,0,512,1572864,10.645154485,0.020791317,0.019082484,0.023079727,1
warmup,27,27,scatter_ring_allgather,0,512,1572864,10.637797237,0.020776948,0.019104476,0.023049110,1
warmup,28,28,scatter_ring_allgather,0,512,1572864,10.611148240,0.020724899,0.019251872,0.023123960,1
warmup,29,29,scatter_ring_allgather,0,512,1572864,10.604896821,0.020712689,0.019178298,0.023036998,1
warmup,30,30,scatter_ring_allgather,0,512,1572864,10.611458878,0.020725506,0.019190247,0.023043108,1
warmup,31,31,scatter_ring_allgather,0,512,1572864,10.602107476,0.020707241,0.019190567,0.023085869,1
warmup,32,32,scatter_ring_allgather,0,512,1572864,10.599314083,0.020701785,0.019099827,0.023092863,1
warmup,33,33,scatter_ring_allgather,0,512,1572864,10.594153683,0.020691706,0.019165901,0.022913484,1
warmup,34,34,scatter_ring_allgather,0,512,1572864,10.604228480,0.020711384,0.019175178,0.023053799,1
warmup,35,35,scatter_ring_allgather,0,512,1572864,10.653263004,0.020807154,0.019185979,0.023098773,1
warmup,36,36,scatter_ring_allgather,0,512,1572864,10.614033256,0.020730534,0.019219000,0.023197078,1
warmup,37,37,scatter_ring_allgather,0,512,1572864,10.580703071,0.020665436,0.019089757,0.023003285,1
warmup,38,38,scatter_ring_allgather,0,512,1572864,10.601510711,0.020706076,0.019123070,0.023049100,1
warmup,39,39,scatter_ring_allgather,0,512,1572864,10.625773391,0.020753464,0.019274806,0.022991994,1
warmup,40,40,scatter_ring_allgather,0,512,1572864,10.604822948,0.020712545,0.019160451,0.023035805,1
warmup,41,41,scatter_ring_allgather,0,512,1572864,10.612671474,0.020727874,0.019196528,0.023094776,1
warmup,42,42,scatter_ring_allgather,0,512,1572864,10.604523623,0.020711960,0.019177241,0.023276415,1
warmup,43,43,scatter_ring_allgather,0,512,1572864,10.592027858,0.020687554,0.019174918,0.023025537,1
warmup,44,44,scatter_ring_allgather,0,512,1572864,10.613565768,0.020729621,0.019252082,0.023146734,1
warmup,45,45,scatter_ring_allgather,0,512,1572864,10.606196750,0.020715228,0.019149300,0.023121656,1
warmup,46,46,scatter_ring_allgather,0,512,1572864,10.579937389,0.020663940,0.019164658,0.023048439,1
warmup,47,47,scatter_ring_allgather,0,512,1572864,10.614394547,0.020731239,0.019201137,0.023084908,1
warmup,48,48,scatter_ring_allgather,0,512,1572864,10.596254881,0.020695810,0.019176330,0.023059330,1
warmup,49,49,scatter_ring_allgather,0,512,1572864,10.584023285,0.020671920,0.019141395,0.023071122,1
actual,0,50,scatter_ring_allgather,0,512,1572864,10.608850506,0.020720411,0.019177703,0.023158444,1
actual,1,51,scatter_ring_allgather,0,512,1572864,10.586901109,0.020677541,0.019036419,0.022991080,1
actual,2,52,scatter_ring_allgather,0,512,1572864,10.604473680,0.020711863,0.019156534,0.023004437,1
actual,3,53,scatter_ring_allgather,0,512,1572864,10.601124421,0.020705321,0.019241403,0.023110846,1
actual,4,54,scatter_ring_allgather,0,512,1572864,10.582470058,0.020668887,0.019108533,0.023012462,1
actual,5,55,scatter_ring_allgather,0,512,1572864,10.599543643,0.020702234,0.019163106,0.023043641,1
actual,6,56,scatter_ring_allgather,0,512,1572864,10.611666845,0.020725912,0.019248596,0.023049942,1
actual,7,57,scatter_ring_allgather,0,512,1572864,10.605213738,0.020713308,0.019202704,0.023029614,1
actual,8,58,scatter_ring_allgather,0,512,1572864,10.588047348,0.020679780,0.019199493,0.023110936,1
actual,9,59,scatter_ring_allgather,0,512,1572864,10.576831153,0.020657873,0.019159038,0.022973269,1
actual,10,60,scatter_ring_allgather,0,512,1572864,10.591963999,0.020687430,0.019181350,0.023078816,1
actual,11,61,scatter_ring_allgather,0,512,1572864,10.600312684,0.020703736,0.019213099,0.023007223,1
actual,12,62,scatter_ring_allgather,0,512,1572864,10.611533439,0.020725651,0.019187822,0.023129500,1
actual,13,63,scatter_ring_allgather,0,512,1572864,10.591572795,0.020686666,0.019121778,0.023059791,1
actual,14,64,scatter_ring_allgather,0,512,1572864,10.603001562,0.020708987,0.019163336,0.023070070,1
actual,15,65,scatter_ring_allgather,0,512,1572864,10.574447136,0.020653217,0.019172704,0.022942832,1
actual,16,66,scatter_ring_allgather,0,512,1572864,10.572735932,0.020649875,0.019104125,0.023112518,1
actual,17,67,scatter_ring_allgather,0,512,1572864,10.611784448,0.020726141,0.019177994,0.023176129,1
actual,18,68,scatter_ring_allgather,0,512,1572864,10.601412233,0.020705883,0.019183244,0.023057356,1
actual,19,69,scatter_ring_allgather,0,512,1572864,10.613993763,0.020730457,0.019209503,0.023133488,1
actual,20,70,scatter_ring_allgather,0,512,1572864,10.592887248,0.020689233,0.019183594,0.023020316,1
actual,21,71,scatter_ring_allgather,0,512,1572864,10.592906419,0.020689270,0.019094618,0.023038421,1
actual,22,72,scatter_ring_allgather,0,512,1572864,10.591638819,0.020686795,0.019219261,0.023045705,1
actual,23,73,scatter_ring_allgather,0,512,1572864,10.615842773,0.020734068,0.019186299,0.023180646,1
actual,24,74,scatter_ring_allgather,0,512,1572864,10.606996946,0.020716791,0.019213090,0.023148596,1
actual,25,75,scatter_ring_allgather,0,512,1572864,10.595876180,0.020695071,0.019120766,0.023066954,1
actual,26,76,scatter_ring_allgather,0,512,1572864,10.605043479,0.020712976,0.019091592,0.023072334,1
actual,27,77,scatter_ring_allgather,0,512,1572864,10.618712703,0.020739673,0.019194013,0.023144090,1
actual,28,78,scatter_ring_allgather,0,512,1572864,10.582813749,0.020669558,0.019170189,0.022991141,1
actual,29,79,scatter_ring_allgather,0,512,1572864,10.616526419,0.020735403,0.019251662,0.022989008,1
actual,30,80,scatter_ring_allgather,0,512,1572864,10.608139152,0.020719022,0.019202720,0.023060803,1
actual,31,81,scatter_ring_allgather,0,512,1572864,10.591559872,0.020686640,0.019112531,0.022980111,1
actual,32,82,scatter_ring_allgather,0,512,1572864,10.596682914,0.020696646,0.019092094,0.023001451,1
actual,33,83,scatter_ring_allgather,0,512,1572864,10.624541556,0.020751058,0.019201087,0.023060181,1
actual,34,84,scatter_ring_allgather,0,512,1572864,10.604266011,0.020711457,0.019222086,0.023042739,1
actual,35,85,scatter_ring_allgather,0,512,1572864,10.625960030,0.020753828,0.019151634,0.023102270,1
actual,36,86,scatter_ring_allgather,0,512,1572864,10.590587847,0.020684742,0.019138340,0.023035454,1
actual,37,87,scatter_ring_allgather,0,512,1572864,10.625751866,0.020753422,0.019149451,0.023049862,1
actual,38,88,scatter_ring_allgather,0,512,1572864,10.601622981,0.020706295,0.019221105,0.023092082,1
actual,39,89,scatter_ring_allgather,0,512,1572864,10.589623625,0.020682859,0.019173655,0.023026738,1
actual,40,90,scatter_ring_allgather,0,512,1572864,10.641863680,0.020784890,0.019239058,0.023121135,1
actual,41,91,scatter_ring_allgather,0,512,1572864,10.614911489,0.020732249,0.019262422,0.023059660,1
actual,42,92,scatter_ring_allgather,0,512,1572864,10.609866379,0.020722395,0.019246718,0.023089226,1
actual,43,93,scatter_ring_allgather,0,512,1572864,10.639309884,0.020779902,0.019341761,0.023014786,1
actual,44,94,scatter_ring_allgather,0,512,1572864,10.641618347,0.020784411,0.019204363,0.023139649,1
actual,45,95,scatter_ring_allgather,0,512,1572864,10.627224915,0.020756299,0.019084779,0.022940134,1
actual,46,96,scatter_ring_allgather,0,512,1572864,10.634023351,0.020769577,0.019150692,0.023012232,1
actual,47,97,scatter_ring_allgather,0,512,1572864,10.691516164,0.020881868,0.019324823,0.023024564,1
actual,48,98,scatter_ring_allgather,0,512,1572864,10.629666070,0.020761067,0.019264436,0.023101548,1
actual,49,99,scatter_ring_allgather,0,512,1572864,10.583840256,0.020671563,0.019106229,0.022932422,1
warmup,0,0,scatter_ring_allgather,0,512,2097152,10.937469410,0.021362245,0.019773455,0.023826571,1
warmup,1,1,scatter_ring_allgather,0,512,2097152,10.954780518,0.021396056,0.019764819,0.023871014,1
warmup,2,2,scatter_ring_allgather,0,512,2097152,10.894460187,0.021278243,0.019663804,0.023800552,1
warmup,3,3,scatter_ring_allgather,0,512,2097152,10.853502343,0.021198247,0.019541199,0.023744686,1
warmup,4,4,scatter_ring_allgather,0,512,2097152,10.859764516,0.021210478,0.019793046,0.023800341,1
warmup,5,5,scatter_ring_allgather,0,512,2097152,10.855267922,0.021201695,0.019623023,0.023714829,1
warmup,6,6,scatter_ring_allgather,0,512,2097152,10.876635698,0.021243429,0.019603146,0.023814238,1
warmup,7,7,scatter_ring_allgather,0,512,2097152,10.870001583,0.021230472,0.019550998,0.023800372,1
warmup,8,8,scatter_ring_allgather,0,512,2097152,10.847931349,0.021187366,0.019672125,0.023718677,1
warmup,9,9,scatter_ring_allgather,0,512,2097152,10.874313606,0.021238894,0.019753368,0.023681514,1
warmup,10,10,scatter_ring_allgather,0,512,2097152,10.851442037,0.021194223,0.019649122,0.023639226,1
warmup,11,11,scatter_ring_allgather,0,512,2097152,10.857835459,0.021206710,0.019660579,0.023673799,1
warmup,12,12,scatter_ring_allgather,0,512,2097152,10.863212688,0.021217212,0.019690238,0.023781947,1
warmup,13,13,scatter_ring_allgather,0,512,2097152,10.866007643,0.021222671,0.019448014,0.023725156,1
warmup,14,14,scatter_ring_allgather,0,512,2097152,10.871614154,0.021233621,0.019649272,0.023727884,1
warmup,15,15,scatter_ring_allgather,0,512,2097152,10.862895055,0.021216592,0.019498619,0.023809158,1
warmup,16,16,scatter_ring_allgather,0,512,2097152,10.852251449,0.021195804,0.019633788,0.023778910,1
warmup,17,17,scatter_ring_allgather,0,512,2097152,10.847326120,0.021186184,0.019623023,0.023689722,1
warmup,18,18,scatter_ring_allgather,0,512,2097152,10.856923169,0.021204928,0.019676874,0.023763167,1
warmup,19,19,scatter_ring_allgather,0,512,2097152,10.866526726,0.021223685,0.019537352,0.023688018,1
warmup,20,20,scatter_ring_allgather,0,512,2097152,10.864918681,0.021220544,0.019676998,0.023790543,1
warmup,21,21,scatter_ring_allgather,0,512,2097152,10.867978164,0.021226520,0.019612022,0.023752040,1
warmup,22,22,scatter_ring_allgather,0,512,2097152,10.882364956,0.021254619,0.019673979,0.023797897,1
warmup,23,23,scatter_ring_allgather,0,512,2097152,10.856476199,0.021204055,0.019651947,0.023731130,1
warmup,24,24,scatter_ring_allgather,0,512,2097152,10.869857456,0.021230190,0.019678907,0.023737733,1
warmup,25,25,scatter_ring_allgather,0,512,2097152,10.856555207,0.021204209,0.019600911,0.023691405,1
warmup,26,26,scatter_ring_allgather,0,512,2097152,10.844919763,0.021181484,0.019684508,0.023701792,1
warmup,27,27,scatter_ring_allgather,0,512,2097152,10.863158133,0.021217106,0.019460839,0.023743383,1
warmup,28,28,scatter_ring_allgather,0,512,2097152,10.855710635,0.021202560,0.019594214,0.023832833,1
warmup,29,29,scatter_ring_allgather,0,512,2097152,10.856962986,0.021205006,0.019725940,0.023714997,1
warmup,30,30,scatter_ring_allgather,0,512,2097152,10.883084875,0.021256025,0.019583950,0.023884560,1
warmup,31,31,scatter_ring_allgather,0,512,2097152,10.845234708,0.021182099,0.019441006,0.023600292,1
warmup,32,32,scatter_ring_allgather,0,512,2097152,10.876560340,0.021243282,0.019624590,0.023855866,1
warmup,33,33,scatter_ring_allgather,0,512,2097152,10.860457030,0.021211830,0.019698625,0.023732199,1
warmup,34,34,scatter_ring_allgather,0,512,2097152,10.874991371,0.021240218,0.019601723,0.023746309,1
warmup,35,35,scatter_ring_allgather,0,512,2097152,10.882860922,0.021255588,0.019654232,0.023871346,1
warmup,36,36,scatter_ring_allgather,0,512,2097152,10.868796264,0.021228118,0.019699867,0.023780484,1
warmup,37,37,scatter_ring_allgather,0,512,2097152,10.839087603,0.021170093,0.019533946,0.023662290,1
warmup,38,38,scatter_ring_allgather,0,512,2097152,10.865357636,0.021221402,0.019811160,0.023760015,1
warmup,39,39,scatter_ring_allgather,0,512,2097152,10.845216590,0.021182064,0.019577161,0.023804048,1
warmup,40,40,scatter_ring_allgather,0,512,2097152,10.864693924,0.021220105,0.019709735,0.023739676,1
warmup,41,41,scatter_ring_allgather,0,512,2097152,10.869412305,0.021229321,0.019760390,0.023759534,1
warmup,42,42,scatter_ring_allgather,0,512,2097152,10.881552325,0.021253032,0.019676487,0.023797646,1
warmup,43,43,scatter_ring_allgather,0,512,2097152,10.849507508,0.021190444,0.019611807,0.023787867,1
warmup,44,44,scatter_ring_allgather,0,512,2097152,10.843895179,0.021179483,0.019639869,0.023657611,1
warmup,45,45,scatter_ring_allgather,0,512,2097152,10.840054826,0.021171982,0.019533024,0.023807169,1
warmup,46,46,scatter_ring_allgather,0,512,2097152,10.913150431,0.021314747,0.019640696,0.023770802,1
warmup,47,47,scatter_ring_allgather,0,512,2097152,10.847802471,0.021187114,0.019602489,0.023708869,1
warmup,48,48,scatter_ring_allgather,0,512,2097152,10.863656525,0.021218079,0.019641431,0.023800732,1
warmup,49,49,scatter_ring_allgather,0,512,2097152,10.854690975,0.021200568,0.019703729,0.023710238,1
actual,0,50,scatter_ring_allgather,0,512,2097152,10.847396949,0.021186322,0.019640005,0.023740354,1
actual,1,51,scatter_ring_allgather,0,512,2097152,10.847006021,0.021185559,0.019570504,0.023696375,1
actual,2,52,scatter_ring_allgather,0,512,2097152,10.849943742,0.021191296,0.019622772,0.023709186,1
actual,3,53,scatter_ring_allgather,0,512,2097152,10.844852020,0.021181352,0.019611045,0.023724587,1
actual,4,54,scatter_ring_allgather,0,512,2097152,10.848598114,0.021188668,0.019564994,0.023754531,1
actual,5,55,scatter_ring_allgather,0,512,2097152,10.875361525,0.021240940,0.019720656,0.023785713,1
actual,6,56,scatter_ring_allgather,0,512,2097152,10.869998901,0.021230467,0.019674560,0.023790483,1
actual,7,57,scatter_ring_allgather,0,512,2097152,10.851818617,0.021194958,0.019737387,0.023810576,1
actual,8,58,scatter_ring_allgather,0,512,2097152,10.839947263,0.021171772,0.019579300,0.023721081,1
actual,9,59,scatter_ring_allgather,0,512,2097152,10.870728139,0.021231891,0.019563131,0.023789711,1
actual,10,60,scatter_ring_allgather,0,512,2097152,10.845924398,0.021183446,0.019646597,0.023714238,1
actual,11,61,scatter_ring_allgather,0,512,2097152,10.861123457,0.021213132,0.019595816,0.023721201,1
actual,12,62,scatter_ring_allgather,0,512,2097152,10.853669630,0.021198573,0.019670917,0.023746025,1
actual,13,63,scatter_ring_allgather,0,512,2097152,10.821893921,0.021136512,0.019524909,0.023756183,1
actual,14,64,scatter_ring_allgather,0,512,2097152,10.879497611,0.021249019,0.019795106,0.023704280,1
actual,15,65,scatter_ring_allgather,0,512,2097152,10.933936989,0.021355346,0.019551018,0.023749681,1
actual,16,66,scatter_ring_allgather,0,512,2097152,10.960671301,0.021407561,0.019696295,0.023785238,1
actual,17,67,scatter_ring_allgather,0,512,2097152,10.961055594,0.021408312,0.019585612,0.023725499,1
actual,18,68,scatter_ring_allgather,0,512,2097152,10.935364790,0.021358134,0.019717600,0.023731351,1
actual,19,69,scatter_ring_allgather,0,512,2097152,10.947399285,0.021381639,0.019531321,0.023693490,1
actual,20,70,scatter_ring_allgather,0,512,2097152,10.926572471,0.021340962,0.019450875,0.023764890,1
actual,21,71,scatter_ring_allgather,0,512,2097152,10.954700535,0.021395899,0.019556679,0.023670084,1
actual,22,72,scatter_ring_allgather,0,512,2097152,10.953225831,0.021393019,0.019682114,0.023773110,1
actual,23,73,scatter_ring_allgather,0,512,2097152,10.932798936,0.021353123,0.019490634,0.023669674,1
actual,24,74,scatter_ring_allgather,0,512,2097152,10.952286990,0.021391186,0.019684999,0.023731818,1
actual,25,75,scatter_ring_allgather,0,512,2097152,10.947143645,0.021381140,0.019502677,0.023733795,1
actual,26,76,scatter_ring_allgather,0,512,2097152,10.958809430,0.021403925,0.019704235,0.023760255,1
actual,27,77,scatter_ring_allgather,0,512,2097152,10.866052184,0.021222758,0.019580508,0.023701995,1
actual,28,78,scatter_ring_allgather,0,512,2097152,10.876425791,0.021243019,0.019767688,0.023783840,1
actual,29,79,scatter_ring_allgather,0,512,2097152,10.856396945,0.021203900,0.019573851,0.023764313,1
actual,30,80,scatter_ring_allgather,0,512,2097152,10.863213885,0.021217215,0.019698118,0.023849074,1
actual,31,81,scatter_ring_allgather,0,512,2097152,10.827659054,0.021147772,0.019491651,0.023682286,1
actual,32,82,scatter_ring_allgather,0,512,2097152,10.868480790,0.021227502,0.019665743,0.023835733,1
actual,33,83,scatter_ring_allgather,0,512,2097152,10.859207893,0.021209390,0.019486146,0.023791755,1
actual,34,84,scatter_ring_allgather,0,512,2097152,10.861544345,0.021213954,0.019655489,0.023729764,1
actual,35,85,scatter_ring_allgather,0,512,2097152,10.911568095,0.021311656,0.019570940,0.024265581,1
actual,36,86,scatter_ring_allgather,0,512,2097152,10.872289887,0.021234941,0.019695800,0.023711400,1
actual,37,87,scatter_ring_allgather,0,512,2097152,10.857657939,0.021206363,0.019660864,0.023782487,1
actual,38,88,scatter_ring_allgather,0,512,2097152,10.861814745,0.021214482,0.019590452,0.023838253,1
actual,39,89,scatter_ring_allgather,0,512,2097152,10.862357167,0.021215541,0.019631289,0.023734406,1
actual,40,90,scatter_ring_allgather,0,512,2097152,10.837921077,0.021167815,0.019733540,0.023744546,1
actual,41,91,scatter_ring_allgather,0,512,2097152,10.855200468,0.021201563,0.019572518,0.023698095,1
actual,42,92,scatter_ring_allgather,0,512,2097152,10.904067764,0.021297007,0.019687919,0.024029905,1
actual,43,93,scatter_ring_allgather,0,512,2097152,10.868497729,0.021227535,0.019582997,0.023717591,1
actual,44,94,scatter_ring_allgather,0,512,2097152,10.858721989,0.021208441,0.019559022,0.023726161,1
actual,45,95,scatter_ring_allgather,0,512,2097152,10.833804944,0.021159775,0.019558497,0.023715090,1
actual,46,96,scatter_ring_allgather,0,512,2097152,10.874462711,0.021239185,0.019617617,0.023700322,1
actual,47,97,scatter_ring_allgather,0,512,2097152,10.830226789,0.021152787,0.019634234,0.023763882,1
actual,48,98,scatter_ring_allgather,0,512,2097152,10.856394836,0.021203896,0.019629224,0.023836109,1
actual,49,99,scatter_ring_allgather,0,512,2097152,10.861100519,0.021213087,0.019552511,0.023716993,1
warmup,0,0,scatter_ring_allgather,0,512,3145728,11.020565489,0.021524542,0.019867325,0.024219180,1
warmup,1,1,scatter_ring_allgather,0,512,3145728,10.998159400,0.021480780,0.019801277,0.023987247,1
warmup,2,2,scatter_ring_allgather,0,512,3145728,10.991898287,0.021468551,0.019806511,0.024194775,1
warmup,3,3,scatter_ring_allgather,0,512,3145728,11.004835051,0.021493818,0.019769562,0.024303879,1
warmup,4,4,scatter_ring_allgather,0,512,3145728,10.967665885,0.021421222,0.019926436,0.023951179,1
warmup,5,5,scatter_ring_allgather,0,512,3145728,10.999885790,0.021484152,0.019907120,0.023997865,1
warmup,6,6,scatter_ring_allgather,0,512,3145728,10.993742279,0.021472153,0.019891260,0.024027711,1
warmup,7,7,scatter_ring_allgather,0,512,3145728,10.973218628,0.021432068,0.019762559,0.024141965,1
warmup,8,8,scatter_ring_allgather,0,512,3145728,11.010171012,0.021504240,0.019973163,0.024288330,1
warmup,9,9,scatter_ring_allgather,0,512,3145728,10.994071326,0.021472796,0.019775263,0.024177352,1
warmup,10,10,scatter_ring_allgather,0,512,3145728,11.001584601,0.021487470,0.019934170,0.024148918,1
warmup,11,11,scatter_ring_allgather,0,512,3145728,10.994674741,0.021473974,0.019806782,0.024183734,1
warmup,12,12,scatter_ring_allgather,0,512,3145728,10.978452711,0.021442290,0.019810628,0.024232695,1
warmup,13,13,scatter_ring_allgather,0,512,3145728,11.009011976,0.021501977,0.019903914,0.024165590,1
warmup,14,14,scatter_ring_allgather,0,512,3145728,10.982124596,0.021449462,0.019790251,0.024179365,1
warmup,15,15,scatter_ring_allgather,0,512,3145728,11.004971688,0.021494085,0.019782001,0.024051255,1
warmup,16,16,scatter_ring_allgather,0,512,3145728,11.011011722,0.021505882,0.019748422,0.024225101,1
warmup,17,17,scatter_ring_allgather,0,512,3145728,10.964573037,0.021415182,0.019716828,0.023996253,1
warmup,18,18,scatter_ring_allgather,0,512,3145728,10.990834073,0.021466473,0.019763470,0.024208009,1
warmup,19,19,scatter_ring_allgather,0,512,3145728,10.986346223,0.021457707,0.019817903,0.024029115,1
warmup,20,20,scatter_ring_allgather,0,512,3145728,11.016931501,0.021517444,0.019941444,0.024186489,1
warmup,21,21,scatter_ring_allgather,0,512,3145728,10.992528706,0.021469783,0.019834710,0.024041678,1
warmup,22,22,scatter_ring_allgather,0,512,3145728,10.980871835,0.021447015,0.019737291,0.024170459,1
warmup,23,23,scatter_ring_allgather,0,512,3145728,10.985746212,0.021456536,0.019819726,0.024003005,1
warmup,24,24,scatter_ring_allgather,0,512,3145728,11.013599958,0.021510937,0.019909624,0.024318718,1
warmup,25,25,scatter_ring_allgather,0,512,3145728,10.945132731,0.021377212,0.019808365,0.024033715,1
warmup,26,26,scatter_ring_allgather,0,512,3145728,10.996981005,0.021478479,0.019701574,0.024224934,1
warmup,27,27,scatter_ring_allgather,0,512,3145728,10.983867040,0.021452865,0.019700553,0.024148521,1
warmup,28,28,scatter_ring_allgather,0,512,3145728,10.982351913,0.021449906,0.019820328,0.024053041,1
warmup,29,29,scatter_ring_allgather,0,512,3145728,10.992974384,0.021470653,0.019784290,0.024061657,1
warmup,30,30,scatter_ring_allgather,0,512,3145728,11.011950511,0.021507716,0.019819906,0.024465495,1
warmup,31,31,scatter_ring_allgather,0,512,3145728,10.995505682,0.021475597,0.019808801,0.024266783,1
warmup,32,32,scatter_ring_allgather,0,512,3145728,10.992033255,0.021468815,0.019817672,0.024085672,1
warmup,33,33,scatter_ring_allgather,0,512,3145728,10.992629708,0.021469980,0.019930283,0.024101602,1
warmup,34,34,scatter_ring_allgather,0,512,3145728,11.014579623,0.021512851,0.019940127,0.024060555,1
warmup,35,35,scatter_ring_allgather,0,512,3145728,10.984242195,0.021453598,0.019812783,0.024094739,1
warmup,36,36,scatter_ring_allgather,0,512,3145728,10.967350245,0.021420606,0.019766255,0.024213643,1
warmup,37,37,scatter_ring_allgather,0,512,3145728,11.005183667,0.021494499,0.019757094,0.024080551,1
warmup,38,38,scatter_ring_allgather,0,512,3145728,10.977748140,0.021440914,0.019786814,0.024009659,1
warmup,39,39,scatter_ring_allgather,0,512,3145728,11.016446818,0.021516498,0.019714990,0.024201319,1
warmup,40,40,scatter_ring_allgather,0,512,3145728,10.978326296,0.021442044,0.019729206,0.024015650,1
warmup,41,41,scatter_ring_allgather,0,512,3145728,10.979233568,0.021443816,0.019817257,0.023929559,1
warmup,42,42,scatter_ring_allgather,0,512,3145728,10.979081718,0.021443519,0.019887773,0.023976505,1
warmup,43,43,scatter_ring_allgather,0,512,3145728,10.969742094,0.021425278,0.019808565,0.023952672,1
warmup,44,44,scatter_ring_allgather,0,512,3145728,10.986609076,0.021458221,0.019822862,0.024118394,1
warmup,45,45,scatter_ring_allgather,0,512,3145728,10.972437213,0.021430541,0.019796412,0.023972750,1
warmup,46,46,scatter_ring_allgather,0,512,3145728,10.971673594,0.021429050,0.019797956,0.024094549,1
warmup,47,47,scatter_ring_allgather,0,512,3145728,10.975608228,0.021436735,0.019711554,0.023994942,1
warmup,48,48,scatter_ring_allgather,0,512,3145728,11.000577980,0.021485504,0.019759994,0.024162657,1
warmup,49,49,scatter_ring_allgather,0,512,3145728,10.987059884,0.021459101,0.019855720,0.023954974,1
actual,0,50,scatter_ring_allgather,0,512,3145728,10.974492582,0.021434556,0.019907981,0.024141487,1
actual,1,51,scatter_ring_allgather,0,512,3145728,10.987864488,0.021460673,0.019765214,0.023994879,1
actual,2,52,scatter_ring_allgather,0,512,3145728,10.978143824,0.021441687,0.019761657,0.024111040,1
actual,3,53,scatter_ring_allgather,0,512,3145728,10.971321055,0.021428361,0.019768010,0.023972269,1
actual,4,54,scatter_ring_allgather,0,512,3145728,10.983575141,0.021452295,0.019917559,0.024082646,1
actual,5,55,scatter_ring_allgather,0,512,3145728,10.991907236,0.021468569,0.019729747,0.024111309,1
actual,6,56,scatter_ring_allgather,0,512,3145728,10.986990289,0.021458965,0.019764823,0.024175942,1
actual,7,57,scatter_ring_allgather,0,512,3145728,11.000629673,0.021485605,0.019915746,0.024155343,1
actual,8,58,scatter_ring_allgather,0,512,3145728,10.987693498,0.021460339,0.019847428,0.024122722,1
actual,9,59,scatter_ring_allgather,0,512,3145728,10.988342113,0.021461606,0.019690744,0.024209555,1
actual,10,60,scatter_ring_allgather,0,512,3145728,10.990290665,0.021465411,0.019883049,0.024184758,1
actual,11,61,scatter_ring_allgather,0,512,3145728,10.986191145,0.021457405,0.019785401,0.024077737,1
actual,12,62,scatter_ring_allgather,0,512,3145728,10.984849748,0.021454785,0.019836778,0.024155844,1
actual,13,63,scatter_ring_allgather,0,512,3145728,10.975790470,0.021437091,0.019784886,0.024088859,1
actual,14,64,scatter_ring_allgather,0,512,3145728,10.988817807,0.021462535,0.019910617,0.023932782,1
actual,15,65,scatter_ring_allgather,0,512,3145728,10.998269298,0.021480995,0.019820738,0.024097164,1
actual,16,66,scatter_ring_allgather,0,512,3145728,10.999441768,0.021483285,0.019746128,0.024216959,1
actual,17,67,scatter_ring_allgather,0,512,3145728,10.974311180,0.021434202,0.019668262,0.023999350,1
actual,18,68,scatter_ring_allgather,0,512,3145728,10.994079325,0.021472811,0.019775072,0.024074211,1
actual,19,69,scatter_ring_allgather,0,512,3145728,10.991340724,0.021467462,0.019656916,0.024206709,1
actual,20,70,scatter_ring_allgather,0,512,3145728,10.988458402,0.021461833,0.019813554,0.024020881,1
actual,21,71,scatter_ring_allgather,0,512,3145728,10.990046442,0.021464934,0.019796603,0.024088959,1
actual,22,72,scatter_ring_allgather,0,512,3145728,10.970305769,0.021426378,0.019746780,0.023915873,1
actual,23,73,scatter_ring_allgather,0,512,3145728,10.971867331,0.021429428,0.019617447,0.024023024,1
actual,24,74,scatter_ring_allgather,0,512,3145728,10.958808034,0.021403922,0.019720449,0.024058301,1
actual,25,75,scatter_ring_allgather,0,512,3145728,11.001948360,0.021488180,0.019817392,0.023961249,1
actual,26,76,scatter_ring_allgather,0,512,3145728,10.980645356,0.021446573,0.019842899,0.024010108,1
actual,27,77,scatter_ring_allgather,0,512,3145728,10.974280986,0.021434143,0.019727172,0.024018454,1
actual,28,78,scatter_ring_allgather,0,512,3145728,10.991588001,0.021467945,0.019826459,0.024066277,1
actual,29,79,scatter_ring_allgather,0,512,3145728,10.983066402,0.021451302,0.019785251,0.024005990,1
actual,30,80,scatter_ring_allgather,0,512,3145728,10.972629298,0.021430917,0.019799839,0.023975816,1
actual,31,81,scatter_ring_allgather,0,512,3145728,10.993649852,0.021471972,0.019785321,0.024042559,1
actual,32,82,scatter_ring_allgather,0,512,3145728,10.970726532,0.021427200,0.019800340,0.024016562,1
actual,33,83,scatter_ring_allgather,0,512,3145728,11.004389316,0.021492948,0.019821970,0.024042330,1
actual,34,84,scatter_ring_allgather,0,512,3145728,10.982575513,0.021450343,0.019811942,0.024045357,1
actual,35,85,scatter_ring_allgather,0,512,3145728,10.991165043,0.021467119,0.019827146,0.024085523,1
actual,36,86,scatter_ring_allgather,0,512,3145728,10.971133741,0.021427996,0.019845424,0.024183196,1
actual,37,87,scatter_ring_allgather,0,512,3145728,10.975303960,0.021436141,0.019690263,0.023984770,1
actual,38,88,scatter_ring_allgather,0,512,3145728,10.998231912,0.021480922,0.019773289,0.024029047,1
actual,39,89,scatter_ring_allgather,0,512,3145728,10.993710368,0.021472091,0.019799523,0.023967538,1
actual,40,90,scatter_ring_allgather,0,512,3145728,10.973361213,0.021432346,0.019815619,0.024057099,1
actual,41,91,scatter_ring_allgather,0,512,3145728,10.993686302,0.021472044,0.019806832,0.023931709,1
actual,42,92,scatter_ring_allgather,0,512,3145728,10.973999730,0.021433593,0.019787085,0.023969293,1
actual,43,93,scatter_ring_allgather,0,512,3145728,10.986099327,0.021457225,0.019820804,0.023900164,1
actual,44,94,scatter_ring_allgather,0,512,3145728,10.974387278,0.021434350,0.019841156,0.024007065,1
actual,45,95,scatter_ring_allgather,0,512,3145728,10.983882709,0.021452896,0.019762279,0.023940386,1
actual,46,96,scatter_ring_allgather,0,512,3145728,10.973837558,0.021433276,0.019728085,0.024061205,1
actual,47,97,scatter_ring_allgather,0,512,3145728,10.968381622,0.021422620,0.019787395,0.023981678,1
actual,48,98,scatter_ring_allgather,0,512,3145728,10.968855919,0.021423547,0.019781404,0.024059604,1
actual,49,99,scatter_ring_allgather,0,512,3145728,11.010536582,0.021504954,0.019813730,0.023980034,1
warmup,0,0,scatter_ring_allgather,0,512,4194304,11.997736536,0.023433079,0.022050126,0.024569644,1
warmup,1,1,scatter_ring_allgather,0,512,4194304,11.944664665,0.023329423,0.022023816,0.024551200,1
warmup,2,2,scatter_ring_allgather,0,512,4194304,11.899974767,0.023242138,0.021959745,0.024387575,1
warmup,3,3,scatter_ring_allgather,0,512,4194304,11.922008112,0.023285172,0.021917236,0.024427129,1
warmup,4,4,scatter_ring_allgather,0,512,4194304,11.897836845,0.023237963,0.021904882,0.024427078,1
warmup,5,5,scatter_ring_allgather,0,512,4194304,11.913307719,0.023268179,0.021846413,0.024515991,1
warmup,6,6,scatter_ring_allgather,0,512,4194304,11.904871363,0.023251702,0.021940690,0.024506376,1
warmup,7,7,scatter_ring_allgather,0,512,4194304,11.884704201,0.023212313,0.021945999,0.024458962,1
warmup,8,8,scatter_ring_allgather,0,512,4194304,11.928227053,0.023297318,0.022003988,0.024656587,1
warmup,9,9,scatter_ring_allgather,0,512,4194304,11.888698465,0.023220114,0.021886098,0.024364131,1
warmup,10,10,scatter_ring_allgather,0,512,4194304,11.908042696,0.023257896,0.021967431,0.024472022,1
warmup,11,11,scatter_ring_allgather,0,512,4194304,11.906175103,0.023254248,0.021910040,0.024513381,1
warmup,12,12,scatter_ring_allgather,0,512,4194304,11.896097238,0.023234565,0.021924829,0.024344533,1
warmup,13,13,scatter_ring_allgather,0,512,4194304,11.904727172,0.023251420,0.021881840,0.024405532,1
warmup,14,14,scatter_ring_allgather,0,512,4194304,11.910477186,0.023262651,0.021961940,0.024463598,1
warmup,15,15,scatter_ring_allgather,0,512,4194304,11.897180331,0.023236680,0.021881028,0.024382123,1
warmup,16,16,scatter_ring_allgather,0,512,4194304,11.920380867,0.023281994,0.021967290,0.024483393,1
warmup,17,17,scatter_ring_allgather,0,512,4194304,11.897963320,0.023238210,0.021941481,0.024536222,1
warmup,18,18,scatter_ring_allgather,0,512,4194304,11.902405652,0.023246886,0.021917516,0.024553294,1
warmup,19,19,scatter_ring_allgather,0,512,4194304,11.918333219,0.023277995,0.021889182,0.024415567,1
warmup,20,20,scatter_ring_allgather,0,512,4194304,11.894563870,0.023231570,0.021901296,0.024409355,1
warmup,21,21,scatter_ring_allgather,0,512,4194304,11.897964562,0.023238212,0.021892929,0.024440637,1
warmup,22,22,scatter_ring_allgather,0,512,4194304,11.911341870,0.023264340,0.021961259,0.024534178,1
warmup,23,23,scatter_ring_allgather,0,512,4194304,11.885824247,0.023214500,0.021861582,0.024324977,1
warmup,24,24,scatter_ring_allgather,0,512,4194304,11.897421044,0.023237150,0.021943505,0.024477833,1
warmup,25,25,scatter_ring_allgather,0,512,4194304,11.896048707,0.023234470,0.021845561,0.024368028,1
warmup,26,26,scatter_ring_allgather,0,512,4194304,11.914130903,0.023269787,0.021951218,0.024627635,1
warmup,27,27,scatter_ring_allgather,0,512,4194304,11.882968234,0.023208922,0.021529428,0.024609952,1
warmup,28,28,scatter_ring_allgather,0,512,4194304,11.926208457,0.023293376,0.022015538,0.024726678,1
warmup,29,29,scatter_ring_allgather,0,512,4194304,11.892807309,0.023228139,0.021868232,0.024427068,1
warmup,30,30,scatter_ring_allgather,0,512,4194304,11.923128423,0.023287360,0.021993560,0.024505025,1
warmup,31,31,scatter_ring_allgather,0,512,4194304,11.921384346,0.023283954,0.021913547,0.024741609,1
warmup,32,32,scatter_ring_allgather,0,512,4194304,11.888299821,0.023219336,0.021907518,0.024360103,1
warmup,33,33,scatter_ring_allgather,0,512,4194304,11.892511105,0.023227561,0.021866531,0.024341577,1
warmup,34,34,scatter_ring_allgather,0,512,4194304,11.921679159,0.023284530,0.021898501,0.024405548,1
warmup,35,35,scatter_ring_allgather,0,512,4194304,11.883508453,0.023209977,0.021947273,0.024515565,1
warmup,36,36,scatter_ring_allgather,0,512,4194304,11.914997921,0.023271480,0.021950105,0.024552161,1
warmup,37,37,scatter_ring_allgather,0,512,4194304,11.900251407,0.023242679,0.021893781,0.024428575,1
warmup,38,38,scatter_ring_allgather,0,512,4194304,11.899260164,0.023240743,0.021854408,0.024350956,1
warmup,39,39,scatter_ring_allgather,0,512,4194304,11.875469453,0.023194276,0.021836665,0.024322023,1
warmup,40,40,scatter_ring_allgather,0,512,4194304,11.904358353,0.023250700,0.021982476,0.024539018,1
warmup,41,41,scatter_ring_allgather,0,512,4194304,11.893400564,0.023229298,0.021890635,0.024398304,1
warmup,42,42,scatter_ring_allgather,0,512,4194304,11.888220907,0.023219181,0.021893151,0.024365493,1
warmup,43,43,scatter_ring_allgather,0,512,4194304,11.889131564,0.023220960,0.021922816,0.024356356,1
warmup,44,44,scatter_ring_allgather,0,512,4194304,11.892702531,0.023227935,0.021917997,0.024417521,1
warmup,45,45,scatter_ring_allgather,0,512,4194304,11.906394432,0.023254677,0.021915052,0.024485728,1
warmup,46,46,scatter_ring_allgather,0,512,4194304,11.908453516,0.023258698,0.021961446,0.024542744,1
warmup,47,47,scatter_ring_allgather,0,512,4194304,11.882706199,0.023208411,0.021909461,0.024391652,1
warmup,48,48,scatter_ring_allgather,0,512,4194304,11.888371068,0.023219475,0.021972560,0.024374871,1
warmup,49,49,scatter_ring_allgather,0,512,4194304,11.917159795,0.023275703,0.021805685,0.024661529,1
actual,0,50,scatter_ring_allgather,0,512,4194304,11.890624696,0.023223876,0.021926674,0.024502410,1
actual,1,51,scatter_ring_allgather,0,512,4194304,11.911713484,0.023265065,0.021941211,0.024447918,1
actual,2,52,scatter_ring_allgather,0,512,4194304,11.903528154,0.023249078,0.021939047,0.024386462,1
actual,3,53,scatter_ring_allgather,0,512,4194304,11.920011553,0.023281273,0.021985824,0.024509783,1
actual,4,54,scatter_ring_allgather,0,512,4194304,11.907184897,0.023256221,0.021930030,0.024460962,1
actual,5,55,scatter_ring_allgather,0,512,4194304,11.880104513,0.023203329,0.021925351,0.024399106,1
actual,6,56,scatter_ring_allgather,0,512,4194304,11.895328003,0.023233063,0.021829370,0.024353711,1
actual,7,57,scatter_ring_allgather,0,512,4194304,11.913529208,0.023268612,0.021957340,0.024570686,1
actual,8,58,scatter_ring_allgather,0,512,4194304,11.883646239,0.023210247,0.021873141,0.024451494,1
actual,9,59,scatter_ring_allgather,0,512,4194304,11.894758200,0.023231950,0.021772553,0.024439582,1
actual,10,60,scatter_ring_allgather,0,512,4194304,11.910943675,0.023263562,0.021928207,0.024501618,1
actual,11,61,scatter_ring_allgather,0,512,4194304,11.893344778,0.023229189,0.021896476,0.024418151,1
actual,12,62,scatter_ring_allgather,0,512,4194304,11.885025620,0.023212941,0.021891277,0.024450312,1
actual,13,63,scatter_ring_allgather,0,512,4194304,11.835702551,0.023116607,0.021511425,0.024286544,1
actual,14,64,scatter_ring_allgather,0,512,4194304,11.867216041,0.023178156,0.021777974,0.024381853,1
actual,15,65,scatter_ring_allgather,0,512,4194304,11.898859241,0.023239959,0.021925161,0.024479547,1
actual,16,66,scatter_ring_allgather,0,512,4194304,11.891041700,0.023224691,0.021895503,0.024575337,1
actual,17,67,scatter_ring_allgather,0,512,4194304,11.881590272,0.023206231,0.021886487,0.024291365,1
actual,18,68,scatter_ring_allgather,0,512,4194304,11.884909339,0.023212714,0.021892237,0.024447136,1
actual,19,69,scatter_ring_allgather,0,512,4194304,11.889975860,0.023222609,0.021864997,0.024417886,1
actual,20,70,scatter_ring_allgather,0,512,4194304,11.898074530,0.023238427,0.021791929,0.024496879,1
actual,21,71,scatter_ring_allgather,0,512,4194304,11.881991361,0.023207014,0.021798742,0.024405397,1
actual,22,72,scatter_ring_allgather,0,512,4194304,11.898443939,0.023239148,0.021860428,0.024483314,1
actual,23,73,scatter_ring_allgather,0,512,4194304,11.869288400,0.023182204,0.021881554,0.024377395,1
actual,24,74,scatter_ring_allgather,0,512,4194304,11.908148494,0.023258103,0.021875947,0.024676963,1
actual,25,75,scatter_ring_allgather,0,512,4194304,11.895198659,0.023232810,0.021873258,0.024434262,1
actual,26,76,scatter_ring_allgather,0,512,4194304,11.881048837,0.023205174,0.021873279,0.024302474,1
actual,27,77,scatter_ring_allgather,0,512,4194304,11.894801833,0.023232035,0.021896232,0.024541263,1
actual,28,78,scatter_ring_allgather,0,512,4194304,11.892997258,0.023228510,0.021957322,0.024445839,1
actual,29,79,scatter_ring_allgather,0,512,4194304,11.895663493,0.023233718,0.021928096,0.024318249,1
actual,30,80,scatter_ring_allgather,0,512,4194304,11.900363305,0.023242897,0.022009655,0.024390600,1
actual,31,81,scatter_ring_allgather,0,512,4194304,11.903913382,0.023249831,0.021972359,0.024486455,1
actual,32,82,scatter_ring_allgather,0,512,4194304,11.935399217,0.023311327,0.022042238,0.024682864,1
actual,33,83,scatter_ring_allgather,0,512,4194304,11.903842739,0.023249693,0.021862133,0.024428461,1
actual,34,84,scatter_ring_allgather,0,512,4194304,11.881834322,0.023206708,0.021813667,0.024413513,1
actual,35,85,scatter_ring_allgather,0,512,4194304,11.885190504,0.023213263,0.021851137,0.024424998,1
actual,36,86,scatter_ring_allgather,0,512,4194304,11.906477069,0.023254838,0.021960157,0.024480684,1
actual,37,87,scatter_ring_allgather,0,512,4194304,11.902782319,0.023247622,0.021920141,0.024334629,1
actual,38,88,scatter_ring_allgather,0,512,4194304,11.893652993,0.023229791,0.021899623,0.024358510,1
actual,39,89,scatter_ring_allgather,0,512,4194304,11.891465889,0.023225519,0.021864111,0.024350128,1
actual,40,90,scatter_ring_allgather,0,512,4194304,11.885874079,0.023214598,0.021866081,0.024445347,1
actual,41,91,scatter_ring_allgather,0,512,4194304,11.909266267,0.023260286,0.021940530,0.024439916,1
actual,42,92,scatter_ring_allgather,0,512,4194304,11.925059337,0.023291132,0.021989801,0.024524647,1
actual,43,93,scatter_ring_allgather,0,512,4194304,11.907792006,0.023257406,0.021970366,0.024547670,1
actual,44,94,scatter_ring_allgather,0,512,4194304,11.909398264,0.023260543,0.021950418,0.024466486,1
actual,45,95,scatter_ring_allgather,0,512,4194304,11.916370648,0.023274161,0.021960257,0.024487275,1
actual,46,96,scatter_ring_allgather,0,512,4194304,11.883015284,0.023209014,0.021866361,0.024415667,1
actual,47,97,scatter_ring_allgather,0,512,4194304,11.898547191,0.023239350,0.021980845,0.024517423,1
actual,48,98,scatter_ring_allgather,0,512,4194304,11.905158159,0.023252262,0.022031260,0.024496619,1
actual,49,99,scatter_ring_allgather,0,512,4194304,11.936742605,0.023313950,0.022059864,0.024759904,1
warmup,0,0,scatter_ring_allgather,0,512,6291456,12.578598370,0.024567575,0.022913872,0.025861670,1
warmup,1,1,scatter_ring_allgather,0,512,6291456,12.560944230,0.024533094,0.022805478,0.025875555,1
warmup,2,2,scatter_ring_allgather,0,512,6291456,12.594189824,0.024598027,0.022822971,0.025838576,1
warmup,3,3,scatter_ring_allgather,0,512,6291456,12.563497398,0.024538081,0.022799608,0.025881165,1
warmup,4,4,scatter_ring_allgather,0,512,6291456,12.591165495,0.024592120,0.022852045,0.026042528,1
warmup,5,5,scatter_ring_allgather,0,512,6291456,12.574766798,0.024560091,0.022819044,0.026035435,1
warmup,6,6,scatter_ring_allgather,0,512,6291456,12.565187249,0.024541381,0.022865260,0.025841332,1
warmup,7,7,scatter_ring_allgather,0,512,6291456,12.568398793,0.024547654,0.022823021,0.025825822,1
warmup,8,8,scatter_ring_allgather,0,512,6291456,12.574367235,0.024559311,0.022869649,0.025954844,1
warmup,9,9,scatter_ring_allgather,0,512,6291456,12.577174212,0.024564793,0.022875960,0.025887869,1
warmup,10,10,scatter_ring_allgather,0,512,6291456,12.567972217,0.024546821,0.022846415,0.025897056,1
warmup,11,11,scatter_ring_allgather,0,512,6291456,12.573495144,0.024557608,0.022825626,0.025846020,1
warmup,12,12,scatter_ring_allgather,0,512,6291456,12.591173626,0.024592136,0.022780733,0.025933454,1
warmup,13,13,scatter_ring_allgather,0,512,6291456,12.577631685,0.024565687,0.022853168,0.025892146,1
warmup,14,14,scatter_ring_allgather,0,512,6291456,12.579512942,0.024569361,0.022821279,0.025849827,1
warmup,15,15,scatter_ring_allgather,0,512,6291456,12.555351579,0.024522171,0.022838440,0.025883941,1
warmup,16,16,scatter_ring_allgather,0,512,6291456,12.577847778,0.024566109,0.022823452,0.025942871,1
warmup,17,17,scatter_ring_allgather,0,512,6291456,12.565526152,0.024542043,0.022863297,0.025907665,1
warmup,18,18,scatter_ring_allgather,0,512,6291456,12.588037147,0.024586010,0.022851855,0.025923014,1
warmup,19,19,scatter_ring_allgather,0,512,6291456,12.578679190,0.024567733,0.022853459,0.025828978,1
warmup,20,20,scatter_ring_allgather,0,512,6291456,12.579821567,0.024569964,0.022859410,0.025900923,1
warmup,21,21,scatter_ring_allgather,0,512,6291456,12.577350820,0.024565138,0.022884356,0.025912575,1
warmup,22,22,scatter_ring_allgather,0,512,6291456,12.578849953,0.024568066,0.022908943,0.026022221,1
warmup,23,23,scatter_ring_allgather,0,512,6291456,12.560397434,0.024532026,0.022797102,0.025874543,1
warmup,24,24,scatter_ring_allgather,0,512,6291456,12.587385772,0.024584738,0.022871642,0.025865016,1
warmup,25,25,scatter_ring_allgather,0,512,6291456,12.573928644,0.024558454,0.022841186,0.025814581,1
warmup,26,26,scatter_ring_allgather,0,512,6291456,12.586256755,0.024582533,0.022822330,0.025947270,1
warmup,27,27,scatter_ring_allgather,0,512,6291456,12.585786437,0.024581614,0.022825166,0.025922373,1
warmup,28,28,scatter_ring_allgather,0,512,6291456,12.577237100,0.024564916,0.022855522,0.025927392,1
warmup,29,29,scatter_ring_allgather,0,512,6291456,12.583135453,0.024576436,0.022869589,0.025930287,1
warmup,30,30,scatter_ring_allgather,0,512,6291456,12.573313661,0.024557253,0.022802112,0.025874123,1
warmup,31,31,scatter_ring_allgather,0,512,6291456,12.572737074,0.024556127,0.022829533,0.025914880,1
warmup,32,32,scatter_ring_allgather,0,512,6291456,12.569777911,0.024550347,0.022811139,0.025867520,1
warmup,33,33,scatter_ring_allgather,0,512,6291456,12.571601320,0.024553909,0.022807412,0.025900582,1
warmup,34,34,scatter_ring_allgather,0,512,6291456,12.568612219,0.024548071,0.022827139,0.025821604,1
warmup,35,35,scatter_ring_allgather,0,512,6291456,12.589666283,0.024589192,0.022779310,0.025848043,1
warmup,36,36,scatter_ring_allgather,0,512,6291456,12.582091734,0.024574398,0.022799166,0.025882017,1
warmup,37,37,scatter_ring_allgather,0,512,6291456,12.585759020,0.024581561,0.022793316,0.025905532,1
warmup,38,38,scatter_ring_allgather,0,512,6291456,12.582488275,0.024575172,0.022838030,0.025906273,1
warmup,39,39,scatter_ring_allgather,0,512,6291456,12.587909284,0.024585760,0.022810378,0.025843084,1
warmup,40,40,scatter_ring_allgather,0,512,6291456,12.583554947,0.024577256,0.022797453,0.025812748,1
warmup,41,41,scatter_ring_allgather,0,512,6291456,12.592360107,0.024594453,0.022838280,0.025952289,1
warmup,42,42,scatter_ring_allgather,0,512,6291456,12.592301916,0.024594340,0.022818463,0.025892156,1
warmup,43,43,scatter_ring_allgather,0,512,6291456,12.576545910,0.024563566,0.022847277,0.025875616,1
warmup,44,44,scatter_ring_allgather,0,512,6291456,12.577990076,0.024566387,0.022834472,0.025907656,1
warmup,45,45,scatter_ring_allgather,0,512,6291456,12.601047277,0.024611420,0.022703046,0.025855467,1
warmup,46,46,scatter_ring_allgather,0,512,6291456,12.590464095,0.024590750,0.022791432,0.025860537,1
warmup,47,47,scatter_ring_allgather,0,512,6291456,12.562615313,0.024536358,0.022822891,0.025916291,1
warmup,48,48,scatter_ring_allgather,0,512,6291456,12.593611582,0.024596898,0.022867665,0.025949965,1
warmup,49,49,scatter_ring_allgather,0,512,6291456,12.575211437,0.024560960,0.022798656,0.025982106,1
actual,0,50,scatter_ring_allgather,0,512,6291456,12.582990786,0.024576154,0.022872835,0.025926681,1
actual,1,51,scatter_ring_allgather,0,512,6291456,12.568814357,0.024548466,0.022800670,0.025821223,1
actual,2,52,scatter_ring_allgather,0,512,6291456,12.568131919,0.024547133,0.022816610,0.025879592,1
actual,3,53,scatter_ring_allgather,0,512,6291456,12.568520139,0.024547891,0.022760754,0.025982667,1
actual,4,54,scatter_ring_allgather,0,512,6291456,12.571856717,0.024554408,0.022779099,0.025930779,1
actual,5,55,scatter_ring_allgather,0,512,6291456,12.578631465,0.024567640,0.022798976,0.025916001,1
actual,6,56,scatter_ring_allgather,0,512,6291456,12.573189869,0.024557011,0.022798675,0.025921412,1
actual,7,57,scatter_ring_allgather,0,512,6291456,12.577600725,0.024565626,0.022822029,0.025833467,1
actual,8,58,scatter_ring_allgather,0,512,6291456,12.577028637,0.024564509,0.022825046,0.025994669,1
actual,9,59,scatter_ring_allgather,0,512,6291456,12.581207014,0.024572670,0.022837188,0.025874844,1
actual,10,60,scatter_ring_allgather,0,512,6291456,12.557379865,0.024526133,0.022784489,0.025849005,1
actual,11,61,scatter_ring_allgather,0,512,6291456,12.557026618,0.024525443,0.022822841,0.025851791,1
actual,12,62,scatter_ring_allgather,0,512,6291456,12.577637655,0.024565699,0.022786894,0.025966076,1
actual,13,63,scatter_ring_allgather,0,512,6291456,12.568797450,0.024548433,0.022858428,0.026041127,1
actual,14,64,scatter_ring_allgather,0,512,6291456,12.558941596,0.024529183,0.022832900,0.025898929,1
actual,15,65,scatter_ring_allgather,0,512,6291456,12.581067268,0.024572397,0.022798936,0.025953391,1
actual,16,66,scatter_ring_allgather,0,512,6291456,12.580715217,0.024571709,0.022861704,0.025949374,1
actual,17,67,scatter_ring_allgather,0,512,6291456,12.585155857,0.024580383,0.022839642,0.025833345,1
actual,18,68,scatter_ring_allgather,0,512,6291456,12.560413739,0.024532058,0.022849762,0.025867160,1
actual,19,69,scatter_ring_allgather,0,512,6291456,12.575704052,0.024561922,0.022826247,0.026024524,1
actual,20,70,scatter_ring_allgather,0,512,6291456,12.587994814,0.024585927,0.022852316,0.025762723,1
actual,21,71,scatter_ring_allgather,0,512,6291456,12.588967703,0.024587828,0.022862906,0.025860888,1
actual,22,72,scatter_ring_allgather,0,512,6291456,12.585524492,0.024581103,0.022885819,0.025800574,1
actual,23,73,scatter_ring_allgather,0,512,6291456,12.580954782,0.024572177,0.022831156,0.025916192,1
actual,24,74,scatter_ring_allgather,0,512,6291456,12.558012768,0.024527369,0.022815357,0.025864926,1
actual,25,75,scatter_ring_allgather,0,512,6291456,12.579600332,0.024569532,0.022759953,0.026035596,1
actual,26,76,scatter_ring_allgather,0,512,6291456,12.582328642,0.024574861,0.022949128,0.025918566,1
actual,27,77,scatter_ring_allgather,0,512,6291456,12.574173282,0.024558932,0.022812833,0.025951919,1
actual,28,78,scatter_ring_allgather,0,512,6291456,12.587181270,0.024584338,0.022845614,0.025884482,1
actual,29,79,scatter_ring_allgather,0,512,6291456,12.579791201,0.024569905,0.022893394,0.025963761,1
actual,30,80,scatter_ring_allgather,0,512,6291456,12.574576656,0.024559720,0.022801631,0.025916853,1
actual,31,81,scatter_ring_allgather,0,512,6291456,12.569639177,0.024550077,0.022783978,0.025926912,1
actual,32,82,scatter_ring_allgather,0,512,6291456,12.578873300,0.024568112,0.022855974,0.025856970,1
actual,33,83,scatter_ring_allgather,0,512,6291456,12.595171376,0.024599944,0.022840834,0.025929647,1
actual,34,84,scatter_ring_allgather,0,512,6291456,12.579326044,0.024568996,0.022800770,0.025973369,1
actual,35,85,scatter_ring_allgather,0,512,6291456,12.569718139,0.024550231,0.022816870,0.025896554,1
actual,36,86,scatter_ring_allgather,0,512,6291456,12.575380367,0.024561290,0.022846716,0.025874473,1
actual,37,87,scatter_ring_allgather,0,512,6291456,12.580489284,0.024571268,0.022772576,0.025956357,1
actual,38,88,scatter_ring_allgather,0,512,6291456,12.559947908,0.024531148,0.022800810,0.025839077,1
actual,39,89,scatter_ring_allgather,0,512,6291456,12.565503175,0.024541998,0.022805018,0.025992846,1
actual,40,90,scatter_ring_allgather,0,512,6291456,12.570228770,0.024551228,0.022842648,0.025842072,1
actual,41,91,scatter_ring_allgather,0,512,6291456,12.562244762,0.024535634,0.022845734,0.025898318,1
actual,42,92,scatter_ring_allgather,0,512,6291456,12.558928140,0.024529157,0.022779680,0.025852642,1
actual,43,93,scatter_ring_allgather,0,512,6291456,12.589409117,0.024588690,0.022808514,0.026002534,1
actual,44,94,scatter_ring_allgather,0,512,6291456,12.567442720,0.024545787,0.022863657,0.025960815,1
actual,45,95,scatter_ring_allgather,0,512,6291456,12.572297053,0.024555268,0.022784820,0.026002444,1
actual,46,96,scatter_ring_allgather,0,512,6291456,12.580943015,0.024572154,0.022859120,0.025986404,1
actual,47,97,scatter_ring_allgather,0,512,6291456,12.581628222,0.024573493,0.022842237,0.025980563,1
actual,48,98,scatter_ring_allgather,0,512,6291456,12.558039186,0.024527420,0.022799087,0.025923425,1
actual,49,99,scatter_ring_allgather,0,512,6291456,12.576740404,0.024563946,0.022818623,0.025942771,1
warmup,0,0,scatter_ring_allgather,0,512,8388608,13.965098851,0.027275584,0.025557184,0.028671332,1
warmup,1,1,scatter_ring_allgather,0,512,8388608,13.981318766,0.027307263,0.025425537,0.028703632,1
warmup,2,2,scatter_ring_allgather,0,512,8388608,13.973268925,0.027291541,0.025458799,0.028747004,1
warmup,3,3,scatter_ring_allgather,0,512,8388608,13.943139255,0.027232694,0.025500809,0.028354116,1
warmup,4,4,scatter_ring_allgather,0,512,8388608,13.955029930,0.027255918,0.025474019,0.028412325,1
warmup,5,5,scatter_ring_allgather,0,512,8388608,13.946621837,0.027239496,0.025436779,0.028331914,1
warmup,6,6,scatter_ring_allgather,0,512,8388608,13.934505013,0.027215830,0.025486913,0.028497135,1
warmup,7,7,scatter_ring_allgather,0,512,8388608,13.977263117,0.027299342,0.025625131,0.028605247,1
warmup,8,8,scatter_ring_allgather,0,512,8388608,13.961961471,0.027269456,0.025623528,0.028571694,1
warmup,9,9,scatter_ring_allgather,0,512,8388608,13.945907613,0.027238101,0.025344626,0.028505390,1
warmup,10,10,scatter_ring_allgather,0,512,8388608,13.954603838,0.027255086,0.025386905,0.028364676,1
warmup,11,11,scatter_ring_allgather,0,512,8388608,13.951230198,0.027248496,0.025325980,0.028473937,1
warmup,12,12,scatter_ring_allgather,0,512,8388608,13.976701343,0.027298245,0.025414317,0.028541126,1
warmup,13,13,scatter_ring_allgather,0,512,8388608,13.968673810,0.027282566,0.025425146,0.028548381,1
warmup,14,14,scatter_ring_allgather,0,512,8388608,13.977401985,0.027299613,0.025384490,0.028742455,1
warmup,15,15,scatter_ring_allgather,0,512,8388608,13.969602934,0.027284381,0.025344475,0.028699395,1
warmup,16,16,scatter_ring_allgather,0,512,8388608,13.985926771,0.027316263,0.025548909,0.028726005,1
warmup,17,17,scatter_ring_allgather,0,512,8388608,13.991415999,0.027326984,0.025406121,0.028995651,1
warmup,18,18,scatter_ring_allgather,0,512,8388608,13.953064091,0.027252078,0.025401783,0.028574259,1
warmup,19,19,scatter_ring_allgather,0,512,8388608,13.977523505,0.027299851,0.025439443,0.028689956,1
warmup,20,20,scatter_ring_allgather,0,512,8388608,13.967435315,0.027280147,0.025470972,0.028666773,1
warmup,21,21,scatter_ring_allgather,0,512,8388608,13.962247813,0.027270015,0.025476152,0.028542009,1
warmup,22,22,scatter_ring_allgather,0,512,8388608,13.982882568,0.027310318,0.025427622,0.028944955,1
warmup,23,23,scatter_ring_allgather,0,512,8388608,13.973417206,0.027291830,0.025368530,0.028815221,1
warmup,24,24,scatter_ring_allgather,0,512,8388608,13.985890944,0.027316193,0.025385963,0.028602833,1
warmup,25,25,scatter_ring_allgather,0,512,8388608,13.953855075,0.027253623,0.025366787,0.028487656,1
warmup,26,26,scatter_ring_allgather,0,512,8388608,13.967889812,0.027281035,0.025530874,0.028648199,1
warmup,27,27,scatter_ring_allgather,0,512,8388608,13.958843002,0.027263365,0.025449212,0.028648669,1
warmup,28,28,scatter_ring_allgather,0,512,8388608,13.935525456,0.027217823,0.025496731,0.028426682,1
warmup,29,29,scatter_ring_allgather,0,512,8388608,13.963911470,0.027273265,0.025477995,0.028669559,1
warmup,30,30,scatter_ring_allgather,0,512,8388608,13.965244836,0.027275869,0.025661589,0.028636756,1
warmup,31,31,scatter_ring_allgather,0,512,8388608,13.951322486,0.027248677,0.025422662,0.028584217,1
warmup,32,32,scatter_ring_allgather,0,512,8388608,13.965799108,0.027276951,0.025439944,0.028679527,1
warmup,33,33,scatter_ring_allgather,0,512,8388608,13.944088601,0.027234548,0.025385472,0.028349951,1
warmup,34,34,scatter_ring_allgather,0,512,8388608,13.958328052,0.027262359,0.025475852,0.028624343,1
warmup,35,35,scatter_ring_allgather,0,512,8388608,13.969368469,0.027283923,0.025617517,0.028532665,1
warmup,36,36,scatter_ring_allgather,0,512,8388608,13.949942303,0.027245981,0.025518772,0.028404694,1
warmup,37,37,scatter_ring_allgather,0,512,8388608,13.940645023,0.027227822,0.025537177,0.028345365,1
warmup,38,38,scatter_ring_allgather,0,512,8388608,13.962786262,0.027271067,0.025481032,0.028559982,1
warmup,39,39,scatter_ring_allgather,0,512,8388608,13.941187398,0.027228882,0.025536275,0.028303951,1
warmup,40,40,scatter_ring_allgather,0,512,8388608,13.954220524,0.027254337,0.025825758,0.028313727,1
warmup,41,41,scatter_ring_allgather,0,512,8388608,13.966981896,0.027279262,0.025535173,0.028496373,1
warmup,42,42,scatter_ring_allgather,0,512,8388608,13.972324814,0.027289697,0.025323446,0.028618112,1
warmup,43,43,scatter_ring_allgather,0,512,8388608,13.958566637,0.027262825,0.025565249,0.028371177,1
warmup,44,44,scatter_ring_allgather,0,512,8388608,13.963327879,0.027272125,0.025504786,0.028418991,1
warmup,45,45,scatter_ring_allgather,0,512,8388608,13.943960822,0.027234298,0.025483937,0.028455877,1
warmup,46,46,scatter_ring_allgather,0,512,8388608,13.959486325,0.027264622,0.025539772,0.028645964,1
warmup,47,47,scatter_ring_allgather,0,512,8388608,13.977343950,0.027299500,0.025370945,0.028803469,1
warmup,48,48,scatter_ring_allgather,0,512,8388608,13.964994812,0.027275380,0.025404008,0.028632528,1
warmup,49,49,scatter_ring_allgather,0,512,8388608,13.961232395,0.027268032,0.025319328,0.028548892,1
actual,0,50,scatter_ring_allgather,0,512,8388608,13.967581129,0.027280432,0.025482885,0.028501493,1
actual,1,51,scatter_ring_allgather,0,512,8388608,13.966110885,0.027277560,0.025329408,0.028639842,1
actual,2,52,scatter_ring_allgather,0,512,8388608,13.956287017,0.027258373,0.025433262,0.028700116,1
actual,3,53,scatter_ring_allgather,0,512,8388608,13.973953510,0.027292878,0.025330670,0.028598454,1
actual,4,54,scatter_ring_allgather,0,512,8388608,13.963692914,0.027272838,0.025628307,0.028389672,1
actual,5,55,scatter_ring_allgather,0,512,8388608,13.972999268,0.027291014,0.025621975,0.028497535,1
actual,6,56,scatter_ring_allgather,0,512,8388608,13.967941474,0.027281136,0.025705993,0.028501393,1
actual,7,57,scatter_ring_allgather,0,512,8388608,13.969224786,0.027283642,0.025692808,0.028591211,1
actual,8,58,scatter_ring_allgather,0,512,8388608,13.953283034,0.027252506,0.025514885,0.028413157,1
actual,9,59,scatter_ring_allgather,0,512,8388608,13.957234714,0.027260224,0.025691797,0.028454023,1
actual,10,60,scatter_ring_allgather,0,512,8388608,13.978810688,0.027302365,0.025650809,0.028588135,1
actual,11,61,scatter_ring_allgather,0,512,8388608,13.954881570,0.027255628,0.025517359,0.028478249,1
actual,12,62,scatter_ring_allgather,0,512,8388608,13.958380076,0.027262461,0.025446026,0.028685578,1
actual,13,63,scatter_ring_allgather,0,512,8388608,13.931111338,0.027209202,0.025399248,0.028491945,1
actual,14,64,scatter_ring_allgather,0,512,8388608,13.941383888,0.027229265,0.025513172,0.028284341,1
actual,15,65,scatter_ring_allgather,0,512,8388608,13.957176319,0.027260110,0.025492954,0.028779886,1
actual,16,66,scatter_ring_allgather,0,512,8388608,13.971527703,0.027288140,0.025524934,0.028521840,1
actual,17,67,scatter_ring_allgather,0,512,8388608,13.951348416,0.027248727,0.025567644,0.028439927,1
actual,18,68,scatter_ring_allgather,0,512,8388608,13.960172896,0.027265963,0.025640841,0.028526884,1
actual,19,69,scatter_ring_allgather,0,512,8388608,13.957519353,0.027260780,0.025494026,0.028672624,1
actual,20,70,scatter_ring_allgather,0,512,8388608,13.957370007,0.027260488,0.025631073,0.028626853,1
actual,21,71,scatter_ring_allgather,0,512,8388608,13.935891001,0.027218537,0.025536275,0.028359836,1
actual,22,72,scatter_ring_allgather,0,512,8388608,13.962435569,0.027270382,0.025606817,0.028752113,1
actual,23,73,scatter_ring_allgather,0,512,8388608,13.954039362,0.027253983,0.025490750,0.028655081,1
actual,24,74,scatter_ring_allgather,0,512,8388608,13.968575549,0.027282374,0.025528390,0.028773643,1
actual,25,75,scatter_ring_allgather,0,512,8388608,13.949655855,0.027245422,0.025536896,0.028475383,1
actual,26,76,scatter_ring_allgather,0,512,8388608,13.959204824,0.027264072,0.025534021,0.028587794,1
actual,27,77,scatter_ring_allgather,0,512,8388608,13.972003872,0.027289070,0.025466675,0.028730573,1
actual,28,78,scatter_ring_allgather,0,512,8388608,13.956671329,0.027259124,0.025509555,0.028626588,1
actual,29,79,scatter_ring_allgather,0,512,8388608,13.948741435,0.027243636,0.025510197,0.028606610,1
actual,30,80,scatter_ring_allgather,0,512,8388608,13.950370843,0.027246818,0.025494457,0.028323218,1
actual,31,81,scatter_ring_allgather,0,512,8388608,13.966851362,0.027279007,0.025685024,0.028321785,1
actual,32,82,scatter_ring_allgather,0,512,8388608,13.954089409,0.027254081,0.025503123,0.028330512,1
actual,33,83,scatter_ring_allgather,0,512,8388608,13.960483375,0.027266569,0.025413124,0.028427363,1
actual,34,84,scatter_ring_allgather,0,512,8388608,13.935683990,0.027218133,0.025423994,0.028398709,1
actual,35,85,scatter_ring_allgather,0,512,8388608,13.952295193,0.027250577,0.025253936,0.028718260,1
actual,36,86,scatter_ring_allgather,0,512,8388608,13.950300123,0.027246680,0.025400530,0.028539244,1
actual,37,87,scatter_ring_allgather,0,512,8388608,13.933826620,0.027214505,0.025417332,0.028360888,1
actual,38,88,scatter_ring_allgather,0,512,8388608,13.945771720,0.027237835,0.025497081,0.028587564,1
actual,39,89,scatter_ring_allgather,0,512,8388608,13.951039992,0.027248125,0.025233718,0.028729901,1
actual,40,90,scatter_ring_allgather,0,512,8388608,13.943759907,0.027233906,0.025399969,0.028470982,1
actual,41,91,scatter_ring_allgather,0,512,8388608,13.948008505,0.027242204,0.025319759,0.028646184,1
actual,42,92,scatter_ring_allgather,0,512,8388608,13.947891443,0.027241975,0.025423674,0.028589648,1
actual,43,93,scatter_ring_allgather,0,512,8388608,13.961789924,0.027269121,0.025433523,0.028369127,1
actual,44,94,scatter_ring_allgather,0,512,8388608,13.970558893,0.027286248,0.025647342,0.028541818,1
actual,45,95,scatter_ring_allgather,0,512,8388608,13.961868810,0.027269275,0.025574767,0.028557649,1
actual,46,96,scatter_ring_allgather,0,512,8388608,13.945862580,0.027238013,0.025541926,0.028538702,1
actual,47,97,scatter_ring_allgather,0,512,8388608,13.969668434,0.027284509,0.025529593,0.028451288,1
actual,48,98,scatter_ring_allgather,0,512,8388608,13.954360280,0.027254610,0.025523360,0.028558910,1
actual,49,99,scatter_ring_allgather,0,512,8388608,13.972081947,0.027289223,0.025539090,0.028715264,1
warmup,0,0,scatter_ring_allgather,0,512,12582912,15.562239862,0.030395000,0.028664216,0.032124005,1
warmup,1,1,scatter_ring_allgather,0,512,12582912,15.450740159,0.030177227,0.028602079,0.032103316,1
warmup,2,2,scatter_ring_allgather,0,512,12582912,15.456034962,0.030187568,0.028710242,0.032034968,1
warmup,3,3,scatter_ring_allgather,0,512,12582912,15.434112515,0.030144751,0.028604003,0.032077828,1
warmup,4,4,scatter_ring_allgather,0,512,12582912,15.426511274,0.030129905,0.028625743,0.032010422,1
warmup,5,5,scatter_ring_allgather,0,512,12582912,15.435982661,0.030148404,0.028569147,0.032065121,1
warmup,6,6,scatter_ring_allgather,0,512,12582912,15.434700084,0.030145899,0.028579787,0.032086826,1
warmup,7,7,scatter_ring_allgather,0,512,12582912,15.577644256,0.030425086,0.028608290,0.032864072,1
warmup,8,8,scatter_ring_allgather,0,512,12582912,15.532113245,0.030336159,0.028605767,0.032356174,1
warmup,9,9,scatter_ring_allgather,0,512,12582912,15.472878439,0.030220466,0.028642845,0.032117606,1
warmup,10,10,scatter_ring_allgather,0,512,12582912,15.506145208,0.030285440,0.028594414,0.032325907,1
warmup,11,11,scatter_ring_allgather,0,512,12582912,15.508337325,0.030289721,0.028518373,0.032308915,1
warmup,12,12,scatter_ring_allgather,0,512,12582912,15.527182863,0.030326529,0.028631734,0.032347087,1
warmup,13,13,scatter_ring_allgather,0,512,12582912,15.512911618,0.030298656,0.028518322,0.032377724,1
warmup,14,14,scatter_ring_allgather,0,512,12582912,15.525998322,0.030324215,0.028593924,0.032410677,1
warmup,15,15,scatter_ring_allgather,0,512,12582912,15.526180162,0.030324571,0.028621876,0.032423992,1
warmup,16,16,scatter_ring_allgather,0,512,12582912,15.536437771,0.030344605,0.028630753,0.032416657,1
warmup,17,17,scatter_ring_allgather,0,512,12582912,15.517431142,0.030307483,0.028504036,0.032500705,1
warmup,18,18,scatter_ring_allgather,0,512,12582912,15.507747560,0.030288569,0.028607719,0.032567832,1
warmup,19,19,scatter_ring_allgather,0,512,12582912,15.530233300,0.030332487,0.028567905,0.032548555,1
warmup,20,20,scatter_ring_allgather,0,512,12582912,15.544421351,0.030360198,0.028593352,0.032617184,1
warmup,21,21,scatter_ring_allgather,0,512,12582912,15.555724164,0.030382274,0.028565591,0.032542924,1
warmup,22,22,scatter_ring_allgather,0,512,12582912,15.547678738,0.030366560,0.028583094,0.032451693,1
warmup,23,23,scatter_ring_allgather,0,512,12582912,15.549062229,0.030369262,0.028602519,0.032520452,1
warmup,24,24,scatter_ring_allgather,0,512,12582912,15.527969216,0.030328065,0.028667552,0.032522376,1
warmup,25,25,scatter_ring_allgather,0,512,12582912,15.542545012,0.030356533,0.028584626,0.032572881,1
warmup,26,26,scatter_ring_allgather,0,512,12582912,15.535264591,0.030342314,0.028666920,0.032513910,1
warmup,27,27,scatter_ring_allgather,0,512,12582912,15.544389166,0.030360135,0.028593453,0.032606304,1
warmup,28,28,scatter_ring_allgather,0,512,12582912,15.551683727,0.030374382,0.028616256,0.032636470,1
warmup,29,29,scatter_ring_allgather,0,512,12582912,15.533082836,0.030338052,0.028680156,0.032452675,1
warmup,30,30,scatter_ring_allgather,0,512,12582912,15.545168604,0.030361657,0.028644960,0.032659404,1
warmup,31,31,scatter_ring_allgather,0,512,12582912,15.547102276,0.030365434,0.028672932,0.032519642,1
warmup,32,32,scatter_ring_allgather,0,512,12582912,15.542442899,0.030356334,0.028702777,0.032639366,1
warmup,33,33,scatter_ring_allgather,0,512,12582912,15.536238518,0.030344216,0.028653676,0.032252867,1
warmup,34,34,scatter_ring_allgather,0,512,12582912,15.511789703,0.030296464,0.028554019,0.032366703,1
warmup,35,35,scatter_ring_allgather,0,512,12582912,15.533633727,0.030339128,0.028590066,0.032468064,1
warmup,36,36,scatter_ring_allgather,0,512,12582912,15.548551318,0.030368264,0.028647505,0.032485697,1
warmup,37,37,scatter_ring_allgather,0,512,12582912,15.563478864,0.030397420,0.028663433,0.032598038,1
warmup,38,38,scatter_ring_allgather,0,512,12582912,15.557748314,0.030386227,0.028661760,0.032708986,1
warmup,39,39,scatter_ring_allgather,0,512,12582912,15.551464659,0.030373954,0.028691568,0.032535561,1
warmup,40,40,scatter_ring_allgather,0,512,12582912,15.532429100,0.030336776,0.028633497,0.032526754,1
warmup,41,41,scatter_ring_allgather,0,512,12582912,15.555157501,0.030381167,0.028702027,0.032450661,1
warmup,42,42,scatter_ring_allgather,0,512,12582912,15.553944653,0.030378798,0.028622157,0.032674852,1
warmup,43,43,scatter_ring_allgather,0,512,12582912,15.550640913,0.030372346,0.028666329,0.032457935,1
warmup,44,44,scatter_ring_allgather,0,512,12582912,15.526140643,0.030324493,0.028631745,0.032508369,1
warmup,45,45,scatter_ring_allgather,0,512,12582912,15.550835416,0.030372725,0.028666370,0.032525281,1
warmup,46,46,scatter_ring_allgather,0,512,12582912,15.543931826,0.030359242,0.028678813,0.032469757,1
warmup,47,47,scatter_ring_allgather,0,512,12582912,15.558986786,0.030388646,0.028675216,0.032516615,1
warmup,48,48,scatter_ring_allgather,0,512,12582912,15.535991054,0.030343733,0.028677119,0.032368166,1
warmup,49,49,scatter_ring_allgather,0,512,12582912,15.544158162,0.030359684,0.028650029,0.032403172,1
actual,0,50,scatter_ring_allgather,0,512,12582912,15.534015870,0.030339875,0.028635963,0.032488803,1
actual,1,51,scatter_ring_allgather,0,512,12582912,15.560386502,0.030391380,0.028646442,0.032568022,1
actual,2,52,scatter_ring_allgather,0,512,12582912,15.429642796,0.030136021,0.028630653,0.032117874,1
actual,3,53,scatter_ring_allgather,0,512,12582912,15.535195684,0.030342179,0.028729929,0.032368437,1
actual,4,54,scatter_ring_allgather,0,512,12582912,15.552053611,0.030375105,0.028588925,0.032578692,1
actual,5,55,scatter_ring_allgather,0,512,12582912,15.559735823,0.030390109,0.028685346,0.032485437,1
actual,6,56,scatter_ring_allgather,0,512,12582912,15.541737669,0.030354956,0.028573175,0.032390178,1
actual,7,57,scatter_ring_allgather,0,512,12582912,15.538286571,0.030348216,0.028619461,0.032366163,1
actual,8,58,scatter_ring_allgather,0,512,12582912,15.534798592,0.030341404,0.028644028,0.032487341,1
actual,9,59,scatter_ring_allgather,0,512,12582912,15.571279624,0.030412656,0.028730630,0.032610321,1
actual,10,60,scatter_ring_allgather,0,512,12582912,15.700776882,0.030665580,0.028785853,0.032552483,1
actual,11,61,scatter_ring_allgather,0,512,12582912,15.575545497,0.030420987,0.028737874,0.032536823,1
actual,12,62,scatter_ring_allgather,0,512,12582912,15.550281201,0.030371643,0.028695675,0.032385819,1
actual,13,63,scatter_ring_allgather,0,512,12582912,15.553923571,0.030378757,0.028660187,0.032562070,1
actual,14,64,scatter_ring_allgather,0,512,12582912,15.586303349,0.030441999,0.028622157,0.032769741,1
actual,15,65,scatter_ring_allgather,0,512,12582912,15.548440133,0.030368047,0.028746270,0.032481169,1
actual,16,66,scatter_ring_allgather,0,512,12582912,15.560242091,0.030391098,0.028615384,0.032544327,1
actual,17,67,scatter_ring_allgather,0,512,12582912,15.547373061,0.030365963,0.028709230,0.032518379,1
actual,18,68,scatter_ring_allgather,0,512,12582912,15.548774321,0.030368700,0.028581170,0.032444931,1
actual,19,69,scatter_ring_allgather,0,512,12582912,15.547405957,0.030366027,0.028647454,0.032444590,1
actual,20,70,scatter_ring_allgather,0,512,12582912,15.533799208,0.030339452,0.028613410,0.032478934,1
actual,21,71,scatter_ring_allgather,0,512,12582912,15.574643062,0.030419225,0.028649959,0.032690391,1
actual,22,72,scatter_ring_allgather,0,512,12582912,15.559185402,0.030389034,0.028631374,0.032648553,1
actual,23,73,scatter_ring_allgather,0,512,12582912,15.563146240,0.030396770,0.028677621,0.032725197,1
actual,24,74,scatter_ring_allgather,0,512,12582912,15.553574808,0.030378076,0.028671909,0.032603899,1
actual,25,75,scatter_ring_allgather,0,512,12582912,15.562295744,0.030395109,0.028767528,0.032474256,1
actual,26,76,scatter_ring_allgather,0,512,12582912,15.530586753,0.030333177,0.028644569,0.032424842,1
actual,27,77,scatter_ring_allgather,0,512,12582912,15.534840258,0.030341485,0.028709260,0.032406819,1
actual,28,78,scatter_ring_allgather,0,512,12582912,15.540999693,0.030353515,0.028608902,0.032499323,1
actual,29,79,scatter_ring_allgather,0,512,12582912,15.558060741,0.030386837,0.028688031,0.032565056,1
actual,30,80,scatter_ring_allgather,0,512,12582912,15.548506506,0.030368177,0.028632867,0.032628836,1
actual,31,81,scatter_ring_allgather,0,512,12582912,15.586394053,0.030442176,0.028677220,0.032707764,1
actual,32,82,scatter_ring_allgather,0,512,12582912,15.538860065,0.030349336,0.028700133,0.032490446,1
actual,33,83,scatter_ring_allgather,0,512,12582912,15.566356228,0.030403040,0.028700944,0.032532535,1
actual,34,84,scatter_ring_allgather,0,512,12582912,15.544280583,0.030359923,0.028628569,0.032550809,1
actual,35,85,scatter_ring_allgather,0,512,12582912,15.571343865,0.030412781,0.028659085,0.032613357,1
actual,36,86,scatter_ring_allgather,0,512,12582912,15.538322750,0.030348287,0.028611256,0.032443307,1
actual,37,87,scatter_ring_allgather,0,512,12582912,15.563915933,0.030398273,0.028637135,0.032651619,1
actual,38,88,scatter_ring_allgather,0,512,12582912,15.558086123,0.030386887,0.028619933,0.032708495,1
actual,39,89,scatter_ring_allgather,0,512,12582912,15.548283509,0.030367741,0.028600405,0.032482031,1
actual,40,90,scatter_ring_allgather,0,512,12582912,15.545644768,0.030362587,0.028634911,0.032553835,1
actual,41,91,scatter_ring_allgather,0,512,12582912,15.559536561,0.030389720,0.028607679,0.032609239,1
actual,42,92,scatter_ring_allgather,0,512,12582912,15.564097258,0.030398627,0.028689603,0.032703684,1
actual,43,93,scatter_ring_allgather,0,512,12582912,15.546589043,0.030364432,0.028629050,0.032605451,1
actual,44,94,scatter_ring_allgather,0,512,12582912,15.542050332,0.030355567,0.028769813,0.032413712,1
actual,45,95,scatter_ring_allgather,0,512,12582912,15.586859802,0.030443086,0.028650921,0.032844609,1
actual,46,96,scatter_ring_allgather,0,512,12582912,15.602983867,0.030474578,0.029021654,0.032617823,1
actual,47,97,scatter_ring_allgather,0,512,12582912,15.584755762,0.030438976,0.028871987,0.032437466,1
actual,48,98,scatter_ring_allgather,0,512,12582912,15.596015540,0.030460968,0.028908926,0.032649463,1
actual,49,99,scatter_ring_allgather,0,512,12582912,15.600049616,0.030468847,0.028919064,0.032618485,1
warmup,0,0,scatter_ring_allgather,0,512,16777216,18.318062455,0.035777466,0.033461082,0.037323356,1
warmup,1,1,scatter_ring_allgather,0,512,16777216,18.325213340,0.035791432,0.033424254,0.037380808,1
warmup,2,2,scatter_ring_allgather,0,512,16777216,18.293931447,0.035730335,0.033383027,0.037141460,1
warmup,3,3,scatter_ring_allgather,0,512,16777216,18.291513458,0.035725612,0.033391662,0.037221557,1
warmup,4,4,scatter_ring_allgather,0,512,16777216,18.287476545,0.035717728,0.033440093,0.037201960,1
warmup,5,5,scatter_ring_allgather,0,512,16777216,18.274383768,0.035692156,0.033307535,0.037311987,1
warmup,6,6,scatter_ring_allgather,0,512,16777216,18.319542944,0.035780357,0.033387415,0.037534806,1
warmup,7,7,scatter_ring_allgather,0,512,16777216,18.311940580,0.035765509,0.033361185,0.037352545,1
warmup,8,8,scatter_ring_allgather,0,512,16777216,18.298950497,0.035740138,0.033357619,0.037292432,1
warmup,9,9,scatter_ring_allgather,0,512,16777216,18.293622859,0.035729732,0.033240419,0.037365078,1
warmup,10,10,scatter_ring_allgather,0,512,16777216,18.299730551,0.035741661,0.033385551,0.037367564,1
warmup,11,11,scatter_ring_allgather,0,512,16777216,18.300626151,0.035743410,0.033447828,0.037335852,1
warmup,12,12,scatter_ring_allgather,0,512,16777216,18.291226859,0.035725052,0.033557784,0.037094378,1
warmup,13,13,scatter_ring_allgather,0,512,16777216,18.294100033,0.035730664,0.033564757,0.037208443,1
warmup,14,14,scatter_ring_allgather,0,512,16777216,18.343455293,0.035827061,0.033453359,0.037262524,1
warmup,15,15,scatter_ring_allgather,0,512,16777216,18.298653226,0.035739557,0.033344164,0.037429388,1
warmup,16,16,scatter_ring_allgather,0,512,16777216,18.319159281,0.035779608,0.033407873,0.037391337,1
warmup,17,17,scatter_ring_allgather,0,512,16777216,18.298601779,0.035739457,0.033509183,0.037173546,1
warmup,18,18,scatter_ring_allgather,0,512,16777216,18.315693075,0.035772838,0.033495938,0.037579480,1
warmup,19,19,scatter_ring_allgather,0,512,16777216,18.304149851,0.035750293,0.033466393,0.037416314,1
warmup,20,20,scatter_ring_allgather,0,512,16777216,18.228275735,0.035602101,0.033437279,0.037205219,1
warmup,21,21,scatter_ring_allgather,0,512,16777216,18.321280251,0.035783750,0.033436196,0.037392219,1
warmup,22,22,scatter_ring_allgather,0,512,16777216,18.310531299,0.035762756,0.033429354,0.037606190,1
warmup,23,23,scatter_ring_allgather,0,512,16777216,18.510743242,0.036153795,0.034395594,0.039347701,1
warmup,24,24,scatter_ring_allgather,0,512,16777216,18.318403666,0.035778132,0.033368330,0.037422986,1
warmup,25,25,scatter_ring_allgather,0,512,16777216,18.263386538,0.035670677,0.033266408,0.037173997,1
warmup,26,26,scatter_ring_allgather,0,512,16777216,18.311754930,0.035765146,0.033523350,0.037326877,1
warmup,27,27,scatter_ring_allgather,0,512,16777216,18.282894724,0.035708779,0.033344114,0.037160074,1
warmup,28,28,scatter_ring_allgather,0,512,16777216,18.293734772,0.035729951,0.033528700,0.037253667,1
warmup,29,29,scatter_ring_allgather,0,512,16777216,18.291211894,0.035725023,0.033400699,0.037242227,1
warmup,30,30,scatter_ring_allgather,0,512,16777216,18.307268799,0.035756384,0.033402232,0.037131327,1
warmup,31,31,scatter_ring_allgather,0,512,16777216,18.324862768,0.035790748,0.033603880,0.037400675,1
warmup,32,32,scatter_ring_allgather,0,512,16777216,18.330970733,0.035802677,0.033655807,0.037243940,1
warmup,33,33,scatter_ring_allgather,0,512,16777216,18.321963976,0.035785086,0.033549188,0.037504359,1
warmup,34,34,scatter_ring_allgather,0,512,16777216,18.320274556,0.035781786,0.033482843,0.037207623,1
warmup,35,35,scatter_ring_allgather,0,512,16777216,18.288593583,0.035719909,0.033491209,0.037434719,1
warmup,36,36,scatter_ring_allgather,0,512,16777216,18.285852596,0.035714556,0.033504154,0.037185179,1
warmup,37,37,scatter_ring_allgather,0,512,16777216,18.289751752,0.035722171,0.033421409,0.037505382,1
warmup,38,38,scatter_ring_allgather,0,512,16777216,18.315731587,0.035772913,0.033443880,0.037373774,1
warmup,39,39,scatter_ring_allgather,0,512,16777216,18.289460094,0.035721602,0.033453389,0.037160645,1
warmup,40,40,scatter_ring_allgather,0,512,16777216,18.287187240,0.035717163,0.033397574,0.037380938,1
warmup,41,41,scatter_ring_allgather,0,512,16777216,18.296711888,0.035735765,0.033393957,0.037206058,1
warmup,42,42,scatter_ring_allgather,0,512,16777216,18.283331489,0.035709632,0.033359282,0.037356763,1
warmup,43,43,scatter_ring_allgather,0,512,16777216,18.283118755,0.035709216,0.033452156,0.037059844,1
warmup,44,44,scatter_ring_allgather,0,512,16777216,18.297230058,0.035736777,0.033481241,0.037152771,1
warmup,45,45,scatter_ring_allgather,0,512,16777216,18.289247598,0.035721187,0.033423702,0.037428566,1
warmup,46,46,scatter_ring_allgather,0,512,16777216,18.297116601,0.035736556,0.033501879,0.037243880,1
warmup,47,47,scatter_ring_allgather,0,512,16777216,18.304921832,0.035751800,0.033500105,0.037456951,1
warmup,48,48,scatter_ring_allgather,0,512,16777216,18.317214535,0.035775810,0.033493062,0.037256583,1
warmup,49,49,scatter_ring_allgather,0,512,16777216,18.323871919,0.035788812,0.033427459,0.037442974,1
actual,0,50,scatter_ring_allgather,0,512,16777216,18.312857158,0.035767299,0.033460592,0.037543663,1
actual,1,51,scatter_ring_allgather,0,512,16777216,18.284028599,0.035710993,0.033413854,0.037355650,1
actual,2,52,scatter_ring_allgather,0,512,16777216,18.355076838,0.035849759,0.033497731,0.037513570,1
actual,3,53,scatter_ring_allgather,0,512,16777216,18.365559670,0.035870234,0.033459190,0.038269280,1
actual,4,54,scatter_ring_allgather,0,512,16777216,18.358179095,0.035855819,0.033495027,0.038361622,1
actual,5,55,scatter_ring_allgather,0,512,16777216,18.341130846,0.035822521,0.033522408,0.038106006,1
actual,6,56,scatter_ring_allgather,0,512,16777216,18.364838251,0.035868825,0.033622556,0.038047285,1
actual,7,57,scatter_ring_allgather,0,512,16777216,18.392883388,0.035923600,0.033555089,0.038250174,1
actual,8,58,scatter_ring_allgather,0,512,16777216,18.370139256,0.035879178,0.033514593,0.038248020,1
actual,9,59,scatter_ring_allgather,0,512,16777216,18.323594064,0.035788270,0.033503893,0.038107528,1
actual,10,60,scatter_ring_allgather,0,512,16777216,18.379733896,0.035897918,0.033487222,0.038109082,1
actual,11,61,scatter_ring_allgather,0,512,16777216,18.314978208,0.035771442,0.033440013,0.037667938,1
actual,12,62,scatter_ring_allgather,0,512,16777216,18.289465421,0.035721612,0.033333574,0.037250572,1
actual,13,63,scatter_ring_allgather,0,512,16777216,18.323026821,0.035787162,0.033427330,0.037496494,1
actual,14,64,scatter_ring_allgather,0,512,16777216,18.302500380,0.035747071,0.033506748,0.037240705,1
actual,15,65,scatter_ring_allgather,0,512,16777216,18.303276142,0.035748586,0.033415718,0.037593968,1
actual,16,66,scatter_ring_allgather,0,512,16777216,18.307653166,0.035757135,0.033407593,0.037356783,1
actual,17,67,scatter_ring_allgather,0,512,16777216,18.257050693,0.035658302,0.033368600,0.037104456,1
actual,18,68,scatter_ring_allgather,0,512,16777216,18.292682367,0.035727895,0.033389679,0.037547640,1
actual,19,69,scatter_ring_allgather,0,512,16777216,18.273225456,0.035689893,0.033320449,0.037130489,1
actual,20,70,scatter_ring_allgather,0,512,16777216,18.312518392,0.035766637,0.033371205,0.037412727,1
actual,21,71,scatter_ring_allgather,0,512,16777216,18.297996182,0.035738274,0.033406952,0.037368775,1
actual,22,72,scatter_ring_allgather,0,512,16777216,18.333034318,0.035806708,0.033366215,0.037635276,1
actual,23,73,scatter_ring_allgather,0,512,16777216,18.304708384,0.035751384,0.033480770,0.037245492,1
actual,24,74,scatter_ring_allgather,0,512,16777216,18.297406099,0.035737121,0.033400380,0.037211849,1
actual,25,75,scatter_ring_allgather,0,512,16777216,18.285483716,0.035713835,0.033419245,0.037176314,1
actual,26,76,scatter_ring_allgather,0,512,16777216,18.316727259,0.035774858,0.033461294,0.037234321,1
actual,27,77,scatter_ring_allgather,0,512,16777216,18.326790196,0.035794512,0.033607668,0.037403169,1
actual,28,78,scatter_ring_allgather,0,512,16777216,18.344624948,0.035829346,0.033563695,0.037604837,1
actual,29,79,scatter_ring_allgather,0,512,16777216,18.327282155,0.035795473,0.033681095,0.037286730,1
actual,30,80,scatter_ring_allgather,0,512,16777216,18.321518917,0.035784217,0.033495808,0.037427735,1
actual,31,81,scatter_ring_allgather,0,512,16777216,18.295037081,0.035732494,0.033345987,0.037317469,1
actual,32,82,scatter_ring_allgather,0,512,16777216,18.293784071,0.035730047,0.033321562,0.037147678,1
actual,33,83,scatter_ring_allgather,0,512,16777216,18.293743980,0.035729969,0.033326811,0.037295317,1
actual,34,84,scatter_ring_allgather,0,512,16777216,18.321974475,0.035785106,0.033358622,0.037505892,1
actual,35,85,scatter_ring_allgather,0,512,16777216,18.280066234,0.035703254,0.033395051,0.037267514,1
actual,36,86,scatter_ring_allgather,0,512,16777216,18.292043659,0.035726648,0.033291666,0.037362803,1
actual,37,87,scatter_ring_allgather,0,512,16777216,18.292278351,0.035727106,0.033352311,0.037452622,1
actual,38,88,scatter_ring_allgather,0,512,16777216,18.284823174,0.035712545,0.033375724,0.037143253,1
actual,39,89,scatter_ring_allgather,0,512,16777216,18.309906555,0.035761536,0.033401653,0.037357261,1
actual,40,90,scatter_ring_allgather,0,512,16777216,18.285067586,0.035713023,0.033392566,0.037529844,1
actual,41,91,scatter_ring_allgather,0,512,16777216,18.300824909,0.035743799,0.033380524,0.037210866,1
actual,42,92,scatter_ring_allgather,0,512,16777216,18.310863392,0.035763405,0.033357590,0.037211330,1
actual,43,93,scatter_ring_allgather,0,512,16777216,18.286972549,0.035716743,0.033445184,0.037273003,1
actual,44,94,scatter_ring_allgather,0,512,16777216,18.279752763,0.035702642,0.033428914,0.037259421,1
actual,45,95,scatter_ring_allgather,0,512,16777216,18.289265294,0.035721221,0.033329888,0.037324309,1
actual,46,96,scatter_ring_allgather,0,512,16777216,18.276810054,0.035696895,0.033433594,0.037280386,1
actual,47,97,scatter_ring_allgather,0,512,16777216,18.281331860,0.035705726,0.033345498,0.037295284,1
actual,48,98,scatter_ring_allgather,0,512,16777216,18.292186755,0.035726927,0.033375243,0.037400321,1
actual,49,99,scatter_ring_allgather,0,512,16777216,18.295075891,0.035732570,0.033433763,0.037125117,1
warmup,0,0,scatter_ring_allgather,0,512,25165824,22.390220943,0.043730900,0.041040067,0.045535787,1
warmup,1,1,scatter_ring_allgather,0,512,25165824,22.367129197,0.043685799,0.040903652,0.045725272,1
warmup,2,2,scatter_ring_allgather,0,512,25165824,22.343537198,0.043639721,0.040919391,0.045375417,1
warmup,3,3,scatter_ring_allgather,0,512,25165824,22.296056096,0.043546985,0.040824282,0.045823346,1
warmup,4,4,scatter_ring_allgather,0,512,25165824,22.274889529,0.043505644,0.040867373,0.045503918,1
warmup,5,5,scatter_ring_allgather,0,512,25165824,22.272105355,0.043500206,0.040702194,0.045785966,1
warmup,6,6,scatter_ring_allgather,0,512,25165824,22.247584135,0.043452313,0.040665014,0.045585029,1
warmup,7,7,scatter_ring_allgather,0,512,25165824,22.206578593,0.043372224,0.040574123,0.045167066,1
warmup,8,8,scatter_ring_allgather,0,512,25165824,22.211716132,0.043382258,0.040593881,0.045342967,1
warmup,9,9,scatter_ring_allgather,0,512,25165824,22.189469290,0.043338807,0.040531804,0.045461578,1
warmup,10,10,scatter_ring_allgather,0,512,25165824,22.218483968,0.043395476,0.040462103,0.045537710,1
warmup,11,11,scatter_ring_allgather,0,512,25165824,22.183390524,0.043326935,0.040519431,0.045061018,1
warmup,12,12,scatter_ring_allgather,0,512,25165824,22.178286726,0.043316966,0.040488903,0.045159703,1
warmup,13,13,scatter_ring_allgather,0,512,25165824,22.170116937,0.043301010,0.040514080,0.045264600,1
warmup,14,14,scatter_ring_allgather,0,512,25165824,22.202293936,0.043363855,0.040521534,0.046065714,1
warmup,15,15,scatter_ring_allgather,0,512,25165824,22.211180301,0.043381212,0.040527446,0.045820561,1
warmup,16,16,scatter_ring_allgather,0,512,25165824,22.132755708,0.043228038,0.040519340,0.045135316,1
warmup,17,17,scatter_ring_allgather,0,512,25165824,22.178196043,0.043316789,0.040535701,0.045477368,1
warmup,18,18,scatter_ring_allgather,0,512,25165824,22.206219502,0.043371522,0.040521405,0.045383922,1
warmup,19,19,scatter_ring_allgather,0,512,25165824,22.195964615,0.043351493,0.040495296,0.045309934,1
warmup,20,20,scatter_ring_allgather,0,512,25165824,22.155084600,0.043271650,0.040537254,0.045345731,1
warmup,21,21,scatter_ring_allgather,0,512,25165824,22.176837329,0.043314135,0.040466681,0.045204678,1
warmup,22,22,scatter_ring_allgather,0,512,25165824,22.187527550,0.043335015,0.040543115,0.045084351,1
warmup,23,23,scatter_ring_allgather,0,512,25165824,22.021338143,0.043010426,0.040480698,0.044741088,1
warmup,24,24,scatter_ring_allgather,0,512,25165824,22.168838358,0.043298512,0.040597908,0.044972411,1
warmup,25,25,scatter_ring_allgather,0,512,25165824,22.209249572,0.043377441,0.040545049,0.045104189,1
warmup,26,26,scatter_ring_allgather,0,512,25165824,22.229880406,0.043417735,0.040505204,0.045277713,1
warmup,27,27,scatter_ring_allgather,0,512,25165824,22.286672519,0.043528657,0.040461932,0.046339313,1
warmup,28,28,scatter_ring_allgather,0,512,25165824,22.210866863,0.043380599,0.040390709,0.045484021,1
warmup,29,29,scatter_ring_allgather,0,512,25165824,22.209180693,0.043377306,0.040449489,0.045464124,1
warmup,30,30,scatter_ring_allgather,0,512,25165824,22.242877630,0.043443120,0.040547323,0.046115533,1
warmup,31,31,scatter_ring_allgather,0,512,25165824,22.187166764,0.043334310,0.040452976,0.045568099,1
warmup,32,32,scatter_ring_allgather,0,512,25165824,22.177006781,0.043314466,0.040440062,0.045404853,1
warmup,33,33,scatter_ring_allgather,0,512,25165824,22.216929130,0.043392440,0.040468646,0.045659629,1
warmup,34,34,scatter_ring_allgather,0,512,25165824,22.163054991,0.043287217,0.040534378,0.045338468,1
warmup,35,35,scatter_ring_allgather,0,512,25165824,22.179257748,0.043318863,0.040373727,0.045377942,1
warmup,36,36,scatter_ring_allgather,0,512,25165824,22.190044768,0.043339931,0.040465950,0.045227681,1
warmup,37,37,scatter_ring_allgather,0,512,25165824,22.216429715,0.043391464,0.040493131,0.045388763,1
warmup,38,38,scatter_ring_allgather,0,512,25165824,22.194974687,0.043349560,0.040600713,0.045419690,1
warmup,39,39,scatter_ring_allgather,0,512,25165824,22.179360252,0.043319063,0.040470248,0.045135397,1
warmup,40,40,scatter_ring_allgather,0,512,25165824,22.177191824,0.043314828,0.040494313,0.045296158,1
warmup,41,41,scatter_ring_allgather,0,512,25165824,22.237256803,0.043432142,0.040516615,0.045627528,1
warmup,42,42,scatter_ring_allgather,0,512,25165824,22.233175776,0.043424171,0.040498922,0.045632067,1
warmup,43,43,scatter_ring_allgather,0,512,25165824,22.219101632,0.043396683,0.040442606,0.045627819,1
warmup,44,44,scatter_ring_allgather,0,512,25165824,22.172754948,0.043306162,0.040540840,0.045322728,1
warmup,45,45,scatter_ring_allgather,0,512,25165824,22.202877325,0.043364995,0.040447185,0.045737518,1
warmup,46,46,scatter_ring_allgather,0,512,25165824,22.195948574,0.043351462,0.040455852,0.045332486,1
warmup,47,47,scatter_ring_allgather,0,512,25165824,22.213160258,0.043385079,0.040468365,0.045306226,1
warmup,48,48,scatter_ring_allgather,0,512,25165824,22.185060851,0.043330197,0.040486087,0.045506131,1
warmup,49,49,scatter_ring_allgather,0,512,25165824,22.147866824,0.043257552,0.040470238,0.045283034,1
actual,0,50,scatter_ring_allgather,0,512,25165824,22.200730957,0.043360803,0.040516054,0.045546197,1
actual,1,51,scatter_ring_allgather,0,512,25165824,22.163543306,0.043288171,0.040556089,0.045101333,1
actual,2,52,scatter_ring_allgather,0,512,25165824,22.212213541,0.043383230,0.040461201,0.045560814,1
actual,3,53,scatter_ring_allgather,0,512,25165824,22.197859226,0.043355194,0.040424422,0.045060076,1
actual,4,54,scatter_ring_allgather,0,512,25165824,22.210038759,0.043378982,0.040441785,0.045259099,1
actual,5,55,scatter_ring_allgather,0,512,25165824,22.200941600,0.043361214,0.040443417,0.045635223,1
actual,6,56,scatter_ring_allgather,0,512,25165824,22.167018374,0.043294958,0.040450361,0.044991587,1
actual,7,57,scatter_ring_allgather,0,512,25165824,22.180575393,0.043321436,0.040487871,0.045360619,1
actual,8,58,scatter_ring_allgather,0,512,25165824,22.178043777,0.043316492,0.040405567,0.045430129,1
actual,9,59,scatter_ring_allgather,0,512,25165824,22.194039530,0.043347733,0.040444850,0.045364958,1
actual,10,60,scatter_ring_allgather,0,512,25165824,22.152638775,0.043266873,0.040466552,0.045243099,1
actual,11,61,scatter_ring_allgather,0,512,25165824,22.151974240,0.043265575,0.040479897,0.045337205,1
actual,12,62,scatter_ring_allgather,0,512,25165824,22.149124030,0.043260008,0.040558614,0.045375376,1
actual,13,63,scatter_ring_allgather,0,512,25165824,22.173612784,0.043307837,0.040508711,0.045241176,1
actual,14,64,scatter_ring_allgather,0,512,25165824,22.185637366,0.043331323,0.040472753,0.045596141,1
actual,15,65,scatter_ring_allgather,0,512,25165824,22.249246789,0.043455560,0.040505654,0.046372279,1
actual,16,66,scatter_ring_allgather,0,512,25165824,22.191951519,0.043343655,0.040569565,0.045299234,1
actual,17,67,scatter_ring_allgather,0,512,25165824,22.192248057,0.043344234,0.040481269,0.045234623,1
actual,18,68,scatter_ring_allgather,0,512,25165824,22.196172710,0.043351900,0.040455170,0.045288684,1
actual,19,69,scatter_ring_allgather,0,512,25165824,22.203319403,0.043365858,0.040453847,0.045567157,1
actual,20,70,scatter_ring_allgather,0,512,25165824,22.234976181,0.043427688,0.040477461,0.045946177,1
actual,21,71,scatter_ring_allgather,0,512,25165824,22.240837154,0.043439135,0.040410917,0.045496104,1
actual,22,72,scatter_ring_allgather,0,512,25165824,22.243198396,0.043443747,0.040409444,0.046046097,1
actual,23,73,scatter_ring_allgather,0,512,25165824,22.188992802,0.043337877,0.040368167,0.045265080,1
actual,24,74,scatter_ring_allgather,0,512,25165824,22.207559061,0.043374139,0.040530691,0.045949035,1
actual,25,75,scatter_ring_allgather,0,512,25165824,22.181558730,0.043323357,0.040469456,0.045558641,1
actual,26,76,scatter_ring_allgather,0,512,25165824,22.221346500,0.043401067,0.040468415,0.045624144,1
actual,27,77,scatter_ring_allgather,0,512,25165824,22.244146958,0.043445600,0.040469828,0.045275039,1
actual,28,78,scatter_ring_allgather,0,512,25165824,22.289700686,0.043534572,0.040488873,0.045747516,1
actual,29,79,scatter_ring_allgather,0,512,25165824,22.274068035,0.043504039,0.040546491,0.045676931,1
actual,30,80,scatter_ring_allgather,0,512,25165824,22.256003112,0.043468756,0.040500684,0.045612050,1
actual,31,81,scatter_ring_allgather,0,512,25165824,22.186290522,0.043332599,0.040439160,0.045408580,1
actual,32,82,scatter_ring_allgather,0,512,25165824,22.219714938,0.043397881,0.040443097,0.045593797,1
actual,33,83,scatter_ring_allgather,0,512,25165824,22.183855536,0.043327843,0.040347218,0.045399934,1
actual,34,84,scatter_ring_allgather,0,512,25165824,22.190219534,0.043340273,0.040502068,0.045650684,1
actual,35,85,scatter_ring_allgather,0,512,25165824,22.213021505,0.043384808,0.040447826,0.045208154,1
actual,36,86,scatter_ring_allgather,0,512,25165824,22.234054626,0.043425888,0.040536662,0.045848375,1
actual,37,87,scatter_ring_allgather,0,512,25165824,22.223653909,0.043405574,0.040477622,0.045573660,1
actual,38,88,scatter_ring_allgather,0,512,25165824,22.214037681,0.043386792,0.040519500,0.045335312,1
actual,39,89,scatter_ring_allgather,0,512,25165824,22.246869287,0.043450917,0.040484485,0.045990782,1
actual,40,90,scatter_ring_allgather,0,512,25165824,22.232178696,0.043422224,0.040520122,0.045481717,1
actual,41,91,scatter_ring_allgather,0,512,25165824,22.264239919,0.043484844,0.040472312,0.045778775,1
actual,42,92,scatter_ring_allgather,0,512,25165824,22.212994542,0.043384755,0.040476049,0.045425903,1
actual,43,93,scatter_ring_allgather,0,512,25165824,22.227007243,0.043412124,0.040553704,0.045781347,1
actual,44,94,scatter_ring_allgather,0,512,25165824,22.249236441,0.043455540,0.040480998,0.046067256,1
actual,45,95,scatter_ring_allgather,0,512,25165824,22.205137786,0.043369410,0.040583000,0.045536029,1
actual,46,96,scatter_ring_allgather,0,512,25165824,22.171719299,0.043304139,0.040480808,0.045662877,1
actual,47,97,scatter_ring_allgather,0,512,25165824,22.182773235,0.043325729,0.040483243,0.045296239,1
actual,48,98,scatter_ring_allgather,0,512,25165824,22.227488336,0.043413063,0.040504983,0.045289977,1
actual,49,99,scatter_ring_allgather,0,512,25165824,22.163176925,0.043287455,0.040468215,0.045260221,1
warmup,0,0,scatter_ring_allgather,0,512,33554432,27.107718903,0.052944763,0.049651487,0.054838748,1
warmup,1,1,scatter_ring_allgather,0,512,33554432,27.089130127,0.052908457,0.049475367,0.054770161,1
warmup,2,2,scatter_ring_allgather,0,512,33554432,27.071913942,0.052874832,0.049505083,0.054692038,1
warmup,3,3,scatter_ring_allgather,0,512,33554432,27.039204251,0.052810946,0.049556690,0.054682735,1
warmup,4,4,scatter_ring_allgather,0,512,33554432,27.087998760,0.052906248,0.049617144,0.054618490,1
warmup,5,5,scatter_ring_allgather,0,512,33554432,27.071784863,0.052874580,0.049525452,0.054660249,1
warmup,6,6,scatter_ring_allgather,0,512,33554432,27.082177584,0.052894878,0.049370451,0.054745408,1
warmup,7,7,scatter_ring_allgather,0,512,33554432,27.095337604,0.052920581,0.049649033,0.054828438,1
warmup,8,8,scatter_ring_allgather,0,512,33554432,27.073636066,0.052878195,0.049488763,0.054553212,1
warmup,9,9,scatter_ring_allgather,0,512,33554432,27.033530015,0.052799863,0.049522276,0.054546486,1
warmup,10,10,scatter_ring_allgather,0,512,33554432,27.043801401,0.052819925,0.049515974,0.054657087,1
warmup,11,11,scatter_ring_allgather,0,512,33554432,27.017278771,0.052768123,0.049411628,0.054357395,1
warmup,12,12,scatter_ring_allgather,0,512,33554432,27.051554881,0.052835068,0.049415475,0.054687670,1
warmup,13,13,scatter_ring_allgather,0,512,33554432,27.066795804,0.052864836,0.049391981,0.054654835,1
warmup,14,14,scatter_ring_allgather,0,512,33554432,27.037389769,0.052807402,0.049597697,0.054572514,1
warmup,15,15,scatter_ring_allgather,0,512,33554432,27.039614023,0.052811746,0.049569985,0.054548651,1
warmup,16,16,scatter_ring_allgather,0,512,33554432,27.040714253,0.052813895,0.049398293,0.054920856,1
warmup,17,17,scatter_ring_allgather,0,512,33554432,27.052605313,0.052837120,0.049576988,0.054588926,1
warmup,18,18,scatter_ring_allgather,0,512,33554432,27.015142462,0.052763950,0.049453517,0.054400888,1
warmup,19,19,scatter_ring_allgather,0,512,33554432,27.018880192,0.052771250,0.049407941,0.054665453,1
warmup,20,20,scatter_ring_allgather,0,512,33554432,27.044463780,0.052821218,0.049419212,0.054764644,1
warmup,21,21,scatter_ring_allgather,0,512,33554432,27.061329028,0.052854158,0.049588881,0.054665674,1
warmup,22,22,scatter_ring_allgather,0,512,33554432,27.056740277,0.052845196,0.049568252,0.054717015,1
warmup,23,23,scatter_ring_allgather,0,512,33554432,27.046167737,0.052824546,0.049406980,0.054412910,1
warmup,24,24,scatter_ring_allgather,0,512,33554432,27.015708244,0.052765055,0.049426156,0.054580063,1
warmup,25,25,scatter_ring_allgather,0,512,33554432,27.035628241,0.052803961,0.049474125,0.054725241,1
warmup,26,26,scatter_ring_allgather,0,512,33554432,27.063211395,0.052857835,0.049521084,0.054820820,1
warmup,27,27,scatter_ring_allgather,0,512,33554432,27.087703441,0.052905671,0.049565677,0.054829475,1
warmup,28,28,scatter_ring_allgather,0,512,33554432,27.084668638,0.052899743,0.049483362,0.054879249,1
warmup,29,29,scatter_ring_allgather,0,512,33554432,27.060885932,0.052853293,0.049454979,0.054946344,1
warmup,30,30,scatter_ring_allgather,0,512,33554432,27.071390432,0.052873809,0.049516655,0.054821580,1
warmup,31,31,scatter_ring_allgather,0,512,33554432,27.069535286,0.052870186,0.049459007,0.054896530,1
warmup,32,32,scatter_ring_allgather,0,512,33554432,27.077498970,0.052885740,0.049557391,0.054715312,1
warmup,33,33,scatter_ring_allgather,0,512,33554432,27.025438498,0.052784060,0.049405226,0.054797390,1
warmup,34,34,scatter_ring_allgather,0,512,33554432,27.056778408,0.052845270,0.049527496,0.054869710,1
warmup,35,35,scatter_ring_allgather,0,512,33554432,27.070283357,0.052871647,0.049545259,0.054986028,1
warmup,36,36,scatter_ring_allgather,0,512,33554432,27.072035661,0.052875070,0.049563743,0.054859158,1
warmup,37,37,scatter_ring_allgather,0,512,33554432,27.069066575,0.052869271,0.049515914,0.055078035,1
warmup,38,38,scatter_ring_allgather,0,512,33554432,27.065828447,0.052862946,0.049436244,0.054795483,1
warmup,39,39,scatter_ring_allgather,0,512,33554432,27.074491178,0.052879866,0.049433940,0.054805057,1
warmup,40,40,scatter_ring_allgather,0,512,33554432,27.098879740,0.052927499,0.049515793,0.054833517,1
warmup,41,41,scatter_ring_allgather,0,512,33554432,27.045260572,0.052822775,0.049414423,0.054954940,1
warmup,42,42,scatter_ring_allgather,0,512,33554432,27.044345458,0.052820987,0.049602145,0.054539427,1
warmup,43,43,scatter_ring_allgather,0,512,33554432,27.038629464,0.052809823,0.049471711,0.054618546,1
warmup,44,44,scatter_ring_allgather,0,512,33554432,27.045211036,0.052822678,0.049389497,0.054996728,1
warmup,45,45,scatter_ring_allgather,0,512,33554432,27.074900017,0.052880664,0.049538165,0.054628022,1
warmup,46,46,scatter_ring_allgather,0,512,33554432,27.227685876,0.053179074,0.050042563,0.055264666,1
warmup,47,47,scatter_ring_allgather,0,512,33554432,27.112504611,0.052954111,0.049600893,0.054707572,1
warmup,48,48,scatter_ring_allgather,0,512,33554432,27.092725279,0.052915479,0.049692596,0.054805050,1
warmup,49,49,scatter_ring_allgather,0,512,33554432,27.131357583,0.052990933,0.049670294,0.054893895,1
actual,0,50,scatter_ring_allgather,0,512,33554432,27.124177457,0.052976909,0.049663070,0.054958827,1
actual,1,51,scatter_ring_allgather,0,512,33554432,27.544627118,0.053798100,0.050296348,0.055544734,1
actual,2,52,scatter_ring_allgather,0,512,33554432,27.538576787,0.053786283,0.050451119,0.055828743,1
actual,3,53,scatter_ring_allgather,0,512,33554432,27.483596020,0.053678898,0.050404902,0.055553599,1
actual,4,54,scatter_ring_allgather,0,512,33554432,27.505620651,0.053721915,0.051364140,0.055451088,1
actual,5,55,scatter_ring_allgather,0,512,33554432,27.391980472,0.053499962,0.050475685,0.055614213,1
actual,6,56,scatter_ring_allgather,0,512,33554432,27.548159001,0.053804998,0.050465165,0.055737002,1
actual,7,57,scatter_ring_allgather,0,512,33554432,27.148331198,0.053024084,0.049848218,0.054798802,1
actual,8,58,scatter_ring_allgather,0,512,33554432,27.289166268,0.053299153,0.049945650,0.055246264,1
actual,9,59,scatter_ring_allgather,0,512,33554432,27.126219204,0.052980897,0.049592307,0.055012017,1
actual,10,60,scatter_ring_allgather,0,512,33554432,27.170104768,0.053066611,0.049660936,0.055212111,1
actual,11,61,scatter_ring_allgather,0,512,33554432,27.155527482,0.053038140,0.049683839,0.054963396,1
actual,12,62,scatter_ring_allgather,0,512,33554432,27.159288067,0.053045485,0.049719926,0.054692634,1
actual,13,63,scatter_ring_allgather,0,512,33554432,27.144241714,0.053016097,0.049598469,0.054971931,1
actual,14,64,scatter_ring_allgather,0,512,33554432,27.077996337,0.052886712,0.049486268,0.054790292,1
actual,15,65,scatter_ring_allgather,0,512,33554432,27.136902933,0.053001764,0.049644565,0.054587879,1
actual,16,66,scatter_ring_allgather,0,512,33554432,27.067185888,0.052865597,0.049496418,0.054628674,1
actual,17,67,scatter_ring_allgather,0,512,33554432,27.099190526,0.052928106,0.049513729,0.054763957,1
actual,18,68,scatter_ring_allgather,0,512,33554432,27.124868835,0.052978259,0.049562150,0.054740654,1
actual,19,69,scatter_ring_allgather,0,512,33554432,27.169322653,0.053065083,0.049737530,0.054903128,1
actual,20,70,scatter_ring_allgather,0,512,33554432,27.112506858,0.052954115,0.049566208,0.054582147,1
actual,21,71,scatter_ring_allgather,0,512,33554432,27.113630057,0.052956309,0.049562220,0.054915907,1
actual,22,72,scatter_ring_allgather,0,512,33554432,27.068604488,0.052868368,0.049503450,0.054686833,1
actual,23,73,scatter_ring_allgather,0,512,33554432,27.097931606,0.052925648,0.049623335,0.054750703,1
actual,24,74,scatter_ring_allgather,0,512,33554432,27.061929801,0.052855332,0.049397912,0.054562602,1
actual,25,75,scatter_ring_allgather,0,512,33554432,27.051429196,0.052834823,0.049515082,0.054601650,1
actual,26,76,scatter_ring_allgather,0,512,33554432,27.059569165,0.052850721,0.049510674,0.054630228,1
actual,27,77,scatter_ring_allgather,0,512,33554432,27.088281478,0.052906800,0.049480507,0.054734765,1
actual,28,78,scatter_ring_allgather,0,512,33554432,27.085908197,0.052902164,0.049382292,0.054577257,1
actual,29,79,scatter_ring_allgather,0,512,33554432,27.108351980,0.052946000,0.049543004,0.054596215,1
actual,30,80,scatter_ring_allgather,0,512,33554432,27.065491614,0.052862288,0.049566920,0.054743519,1
actual,31,81,scatter_ring_allgather,0,512,33554432,27.067030625,0.052865294,0.049429060,0.054858595,1
actual,32,82,scatter_ring_allgather,0,512,33554432,27.069853713,0.052870808,0.049563964,0.054640517,1
actual,33,83,scatter_ring_allgather,0,512,33554432,27.056678854,0.052845076,0.049522717,0.054716488,1
actual,34,84,scatter_ring_allgather,0,512,33554432,27.074320620,0.052879532,0.049489154,0.054723852,1
actual,35,85,scatter_ring_allgather,0,512,33554432,27.072508503,0.052875993,0.049447284,0.054749851,1
actual,36,86,scatter_ring_allgather,0,512,33554432,27.064456133,0.052860266,0.049504382,0.054852853,1
actual,37,87,scatter_ring_allgather,0,512,33554432,27.059086866,0.052849779,0.049526333,0.054881854,1
actual,38,88,scatter_ring_allgather,0,512,33554432,27.074861635,0.052880589,0.049528918,0.054833843,1
actual,39,89,scatter_ring_allgather,0,512,33554432,27.072362352,0.052875708,0.049494003,0.054667837,1
actual,40,90,scatter_ring_allgather,0,512,33554432,27.070181559,0.052871448,0.049418451,0.054808386,1
actual,41,91,scatter_ring_allgather,0,512,33554432,27.124244580,0.052977040,0.049681564,0.054651589,1
actual,42,92,scatter_ring_allgather,0,512,33554432,27.089159807,0.052908515,0.049531944,0.054799820,1
actual,43,93,scatter_ring_allgather,0,512,33554432,27.076275688,0.052883351,0.049411849,0.054928150,1
actual,44,94,scatter_ring_allgather,0,512,33554432,27.109013777,0.052947293,0.049509342,0.054989143,1
actual,45,95,scatter_ring_allgather,0,512,33554432,27.085882179,0.052902114,0.049604500,0.055039238,1
actual,46,96,scatter_ring_allgather,0,512,33554432,27.078317865,0.052887340,0.049553054,0.054812182,1
actual,47,97,scatter_ring_allgather,0,512,33554432,27.075427981,0.052881695,0.049524220,0.054902001,1
actual,48,98,scatter_ring_allgather,0,512,33554432,27.162675085,0.053052100,0.051065962,0.054868508,1
actual,49,99,scatter_ring_allgather,0,512,33554432,27.112860356,0.052954805,0.050992024,0.054557997,1
