phase,phase_iteration,global_iteration,algorithm,root,nproc,message_size_bytes,time_sum_sec,avg_latency_sec,min_time_sec,max_time_sec,correct
warmup,0,0,pipelined_tree,0,1024,2,2.018791204,0.001971476,0.000083818,0.004023843,1
warmup,1,1,pipelined_tree,0,1024,2,0.427329233,0.000417314,0.000001693,0.002510340,1
warmup,2,2,pipelined_tree,0,1024,2,0.319292270,0.000311809,0.000001372,0.001554480,1
warmup,3,3,pipelined_tree,0,1024,2,0.262222969,0.000256077,0.000001202,0.001548973,1
warmup,4,4,pipelined_tree,0,1024,2,0.257637322,0.000251599,0.000001343,0.001325170,1
warmup,5,5,pipelined_tree,0,1024,2,0.235214226,0.000229701,0.000001142,0.001412447,1
warmup,6,6,pipelined_tree,0,1024,2,0.251890152,0.000245986,0.000001673,0.001392986,1
warmup,7,7,pipelined_tree,0,1024,2,0.249840749,0.000243985,0.000001092,0.001447995,1
warmup,8,8,pipelined_tree,0,1024,2,0.250894824,0.000245014,0.000001362,0.000447138,1
warmup,9,9,pipelined_tree,0,1024,2,0.217826412,0.000212721,0.000001383,0.001419496,1
warmup,10,10,pipelined_tree,0,1024,2,0.244487367,0.000238757,0.000001102,0.000447438,1
warmup,11,11,pipelined_tree,0,1024,2,0.208126005,0.000203248,0.000000932,0.000399388,1
warmup,12,12,pipelined_tree,0,1024,2,0.248229728,0.000242412,0.000001413,0.000456965,1
warmup,13,13,pipelined_tree,0,1024,2,0.210240912,0.000205313,0.000000932,0.000450003,1
warmup,14,14,pipelined_tree,0,1024,2,0.231400455,0.000225977,0.000001052,0.001452487,1
warmup,15,15,pipelined_tree,0,1024,2,0.210094318,0.000205170,0.000000882,0.000427011,1
warmup,16,16,pipelined_tree,0,1024,2,0.229575384,0.000224195,0.000001002,0.000428162,1
warmup,17,17,pipelined_tree,0,1024,2,0.211677453,0.000206716,0.000000921,0.001519413,1
warmup,18,18,pipelined_tree,0,1024,2,0.222990475,0.000217764,0.000000772,0.000485222,1
warmup,19,19,pipelined_tree,0,1024,2,0.193730137,0.000189190,0.000000831,0.000456755,1
actual,0,20,pipelined_tree,0,1024,2,0.219965224,0.000214810,0.000001002,0.000444292,1
actual,1,21,pipelined_tree,0,1024,2,0.203309666,0.000198545,0.000000781,0.001304754,1
actual,2,22,pipelined_tree,0,1024,2,0.234820609,0.000229317,0.000000841,0.000442511,1
actual,3,23,pipelined_tree,0,1024,2,0.205554030,0.000200736,0.000000791,0.000472597,1
actual,4,24,pipelined_tree,0,1024,2,0.229855342,0.000224468,0.000001202,0.000441536,1
actual,5,25,pipelined_tree,0,1024,2,0.204904996,0.000200103,0.000000821,0.000400092,1
actual,6,26,pipelined_tree,0,1024,2,0.226085837,0.000220787,0.000000782,0.000439846,1
actual,7,27,pipelined_tree,0,1024,2,0.193882255,0.000189338,0.000000781,0.000406633,1
actual,8,28,pipelined_tree,0,1024,2,0.219097526,0.000213962,0.000000862,0.001378368,1
actual,9,29,pipelined_tree,0,1024,2,0.199805503,0.000195123,0.000001092,0.000400831,1
actual,10,30,pipelined_tree,0,1024,2,0.222805858,0.000217584,0.000000811,0.000455162,1
actual,11,31,pipelined_tree,0,1024,2,0.201196258,0.000196481,0.000000792,0.000405208,1
actual,12,32,pipelined_tree,0,1024,2,0.211780017,0.000206816,0.000000942,0.000538838,1
actual,13,33,pipelined_tree,0,1024,2,0.196097506,0.000191501,0.000001011,0.000396862,1
actual,14,34,pipelined_tree,0,1024,2,0.232002861,0.000226565,0.000000872,0.000446717,1
actual,15,35,pipelined_tree,0,1024,2,0.206233842,0.000201400,0.000000992,0.000404871,1
actual,16,36,pipelined_tree,0,1024,2,0.222422036,0.000217209,0.000000962,0.000424325,1
actual,17,37,pipelined_tree,0,1024,2,0.198898881,0.000194237,0.000001052,0.000416128,1
actual,18,38,pipelined_tree,0,1024,2,0.253077822,0.000247146,0.000001222,0.001458658,1
actual,19,39,pipelined_tree,0,1024,2,0.198838481,0.000194178,0.000000812,0.000413336,1
warmup,0,0,pipelined_tree,0,1024,3,0.201583776,0.000196859,0.000000791,0.000397547,1
warmup,1,1,pipelined_tree,0,1024,3,0.194503975,0.000189945,0.000000751,0.000424555,1
warmup,2,2,pipelined_tree,0,1024,3,0.236656310,0.000231110,0.000001102,0.000457500,1
warmup,3,3,pipelined_tree,0,1024,3,0.201707127,0.000196980,0.000000822,0.000423372,1
warmup,4,4,pipelined_tree,0,1024,3,0.221148681,0.000215966,0.000000782,0.000445646,1
warmup,5,5,pipelined_tree,0,1024,3,0.199265259,0.000194595,0.000000761,0.000419896,1
warmup,6,6,pipelined_tree,0,1024,3,0.221156636,0.000215973,0.000000781,0.000431661,1
warmup,7,7,pipelined_tree,0,1024,3,0.200546967,0.000195847,0.000003116,0.000393406,1
warmup,8,8,pipelined_tree,0,1024,3,0.229782092,0.000224397,0.000000951,0.000447468,1
warmup,9,9,pipelined_tree,0,1024,3,0.199279394,0.000194609,0.000000792,0.000429984,1
warmup,10,10,pipelined_tree,0,1024,3,0.216802538,0.000211721,0.000000852,0.001328339,1
warmup,11,11,pipelined_tree,0,1024,3,0.198056130,0.000193414,0.000000822,0.000417233,1
warmup,12,12,pipelined_tree,0,1024,3,0.223378899,0.000218143,0.000000912,0.000437151,1
warmup,13,13,pipelined_tree,0,1024,3,0.194183211,0.000189632,0.000000772,0.000418654,1
warmup,14,14,pipelined_tree,0,1024,3,0.224599803,0.000219336,0.000000761,0.000486494,1
warmup,15,15,pipelined_tree,0,1024,3,0.201124971,0.000196411,0.000000772,0.000414428,1
warmup,16,16,pipelined_tree,0,1024,3,0.218541025,0.000213419,0.000000772,0.000432322,1
warmup,17,17,pipelined_tree,0,1024,3,0.197256607,0.000192633,0.000000992,0.000392066,1
warmup,18,18,pipelined_tree,0,1024,3,0.227786337,0.000222448,0.000000992,0.000461042,1
warmup,19,19,pipelined_tree,0,1024,3,0.198792564,0.000194133,0.000000832,0.001398920,1
actual,0,20,pipelined_tree,0,1024,3,0.225303739,0.000220023,0.000000812,0.000444743,1
actual,1,21,pipelined_tree,0,1024,3,0.200532798,0.000195833,0.000001062,0.000448429,1
actual,2,22,pipelined_tree,0,1024,3,0.216954221,0.000211869,0.000000772,0.000426750,1
actual,3,23,pipelined_tree,0,1024,3,0.196253099,0.000191653,0.000000731,0.000401261,1
actual,4,24,pipelined_tree,0,1024,3,0.221208998,0.000216024,0.000000872,0.000455115,1
actual,5,25,pipelined_tree,0,1024,3,0.192068978,0.000187567,0.000000741,0.000399077,1
actual,6,26,pipelined_tree,0,1024,3,0.225739469,0.000220449,0.000000952,0.000430959,1
actual,7,27,pipelined_tree,0,1024,3,0.204244504,0.000199458,0.000000761,0.000433320,1
actual,8,28,pipelined_tree,0,1024,3,0.220711327,0.000215538,0.000000701,0.000422663,1
actual,9,29,pipelined_tree,0,1024,3,0.203549121,0.000198778,0.000000832,0.000542118,1
actual,10,30,pipelined_tree,0,1024,3,0.214326051,0.000209303,0.000000701,0.000442287,1
actual,11,31,pipelined_tree,0,1024,3,0.181517728,0.000177263,0.000000972,0.000385083,1
actual,12,32,pipelined_tree,0,1024,3,0.218734112,0.000213608,0.000000802,0.000452857,1
actual,13,33,pipelined_tree,0,1024,3,0.213000897,0.000208009,0.000000821,0.000475874,1
actual,14,34,pipelined_tree,0,1024,3,0.213766466,0.000208756,0.000000751,0.000444064,1
actual,15,35,pipelined_tree,0,1024,3,0.219299491,0.000214160,0.000000892,0.001480521,1
actual,16,36,pipelined_tree,0,1024,3,0.213179523,0.000208183,0.000000972,0.000451588,1
actual,17,37,pipelined_tree,0,1024,3,0.210455426,0.000205523,0.000000691,0.000473990,1
actual,18,38,pipelined_tree,0,1024,3,0.207869579,0.000202998,0.000000892,0.000419378,1
actual,19,39,pipelined_tree,0,1024,3,0.206260834,0.000201427,0.000000751,0.000488157,1
warmup,0,0,pipelined_tree,0,1024,4,0.243469635,0.000237763,0.000000942,0.001424848,1
warmup,1,1,pipelined_tree,0,1024,4,0.217469241,0.000212372,0.000000932,0.000470521,1
warmup,2,2,pipelined_tree,0,1024,4,0.208062796,0.000203186,0.000000722,0.000438070,1
warmup,3,3,pipelined_tree,0,1024,4,0.213376588,0.000208376,0.000000742,0.000489590,1
warmup,4,4,pipelined_tree,0,1024,4,0.217207504,0.000212117,0.000000872,0.000442902,1
warmup,5,5,pipelined_tree,0,1024,4,0.215409430,0.000210361,0.000000772,0.000500410,1
warmup,6,6,pipelined_tree,0,1024,4,0.216542195,0.000211467,0.000000692,0.000458801,1
warmup,7,7,pipelined_tree,0,1024,4,0.218255679,0.000213140,0.000000742,0.001306536,1
warmup,8,8,pipelined_tree,0,1024,4,0.213231877,0.000208234,0.000001002,0.000470524,1
warmup,9,9,pipelined_tree,0,1024,4,0.204512580,0.000199719,0.000000842,0.000485041,1
warmup,10,10,pipelined_tree,0,1024,4,0.214876698,0.000209841,0.000000872,0.000411241,1
warmup,11,11,pipelined_tree,0,1024,4,0.217662649,0.000212561,0.000000831,0.000465584,1
warmup,12,12,pipelined_tree,0,1024,4,0.229159928,0.000223789,0.000000942,0.000517352,1
warmup,13,13,pipelined_tree,0,1024,4,0.205853052,0.000201028,0.000001032,0.000420607,1
warmup,14,14,pipelined_tree,0,1024,4,0.220988406,0.000215809,0.000000741,0.000434607,1
warmup,15,15,pipelined_tree,0,1024,4,0.213115747,0.000208121,0.000000812,0.000481053,1
warmup,16,16,pipelined_tree,0,1024,4,0.215296377,0.000210250,0.000000921,0.000469131,1
warmup,17,17,pipelined_tree,0,1024,4,0.208911383,0.000204015,0.000000752,0.000421278,1
warmup,18,18,pipelined_tree,0,1024,4,0.210842898,0.000205901,0.000000952,0.000442007,1
warmup,19,19,pipelined_tree,0,1024,4,0.204655089,0.000199858,0.000000802,0.000475510,1
actual,0,20,pipelined_tree,0,1024,4,0.215871231,0.000210812,0.000000981,0.000441486,1
actual,1,21,pipelined_tree,0,1024,4,0.207351175,0.000202491,0.000001213,0.000461327,1
actual,2,22,pipelined_tree,0,1024,4,0.283844619,0.000277192,0.000000781,0.001406896,1
actual,3,23,pipelined_tree,0,1024,4,0.217625211,0.000212525,0.000001062,0.000445934,1
actual,4,24,pipelined_tree,0,1024,4,0.389807024,0.000380671,0.000000842,0.000639902,1
actual,5,25,pipelined_tree,0,1024,4,0.205661079,0.000200841,0.000000871,0.000457098,1
actual,6,26,pipelined_tree,0,1024,4,0.228115220,0.000222769,0.000000782,0.000512292,1
actual,7,27,pipelined_tree,0,1024,4,0.204333084,0.000199544,0.000000932,0.000444674,1
actual,8,28,pipelined_tree,0,1024,4,0.225316710,0.000220036,0.000000792,0.000484229,1
actual,9,29,pipelined_tree,0,1024,4,0.204853012,0.000200052,0.000000821,0.000471846,1
actual,10,30,pipelined_tree,0,1024,4,0.212118105,0.000207147,0.000000802,0.000424597,1
actual,11,31,pipelined_tree,0,1024,4,0.195547753,0.000190965,0.000000841,0.000413307,1
actual,12,32,pipelined_tree,0,1024,4,0.214381474,0.000209357,0.000000922,0.000427032,1
actual,13,33,pipelined_tree,0,1024,4,0.210905808,0.000205963,0.000001143,0.000471506,1
actual,14,34,pipelined_tree,0,1024,4,0.207021439,0.000202169,0.000000752,0.000434182,1
actual,15,35,pipelined_tree,0,1024,4,0.210206194,0.000205279,0.000000931,0.000483208,1
actual,16,36,pipelined_tree,0,1024,4,0.212887949,0.000207898,0.000000892,0.000451675,1
actual,17,37,pipelined_tree,0,1024,4,0.199429551,0.000194755,0.000000952,0.000451057,1
actual,18,38,pipelined_tree,0,1024,4,0.215980909,0.000210919,0.000000842,0.000436329,1
actual,19,39,pipelined_tree,0,1024,4,0.206410351,0.000201573,0.000000841,0.000422694,1
warmup,0,0,pipelined_tree,0,1024,6,0.219021909,0.000213889,0.000000831,0.000426228,1
warmup,1,1,pipelined_tree,0,1024,6,0.209611031,0.000204698,0.000000822,0.001369113,1
warmup,2,2,pipelined_tree,0,1024,6,0.224765292,0.000219497,0.000001112,0.000463961,1
warmup,3,3,pipelined_tree,0,1024,6,0.209693461,0.000204779,0.000000801,0.000469291,1
warmup,4,4,pipelined_tree,0,1024,6,0.214810414,0.000209776,0.000000791,0.000421882,1
warmup,5,5,pipelined_tree,0,1024,6,0.204395336,0.000199605,0.000000851,0.000466496,1
warmup,6,6,pipelined_tree,0,1024,6,0.231945061,0.000226509,0.000001183,0.000442840,1
warmup,7,7,pipelined_tree,0,1024,6,0.211732257,0.000206770,0.000000841,0.000429303,1
warmup,8,8,pipelined_tree,0,1024,6,0.204671748,0.000199875,0.000000992,0.000440237,1
warmup,9,9,pipelined_tree,0,1024,6,0.214125166,0.000209107,0.000000802,0.000439446,1
warmup,10,10,pipelined_tree,0,1024,6,0.226814562,0.000221499,0.000000742,0.000462946,1
warmup,11,11,pipelined_tree,0,1024,6,0.208609875,0.000203721,0.000000752,0.000429684,1
warmup,12,12,pipelined_tree,0,1024,6,0.214018840,0.000209003,0.000000941,0.000421011,1
warmup,13,13,pipelined_tree,0,1024,6,0.212151157,0.000207179,0.000000812,0.000494609,1
warmup,14,14,pipelined_tree,0,1024,6,0.217296663,0.000212204,0.000000801,0.000423405,1
warmup,15,15,pipelined_tree,0,1024,6,0.227429612,0.000222099,0.000000821,0.001615397,1
warmup,16,16,pipelined_tree,0,1024,6,0.217440689,0.000212344,0.000001042,0.000436891,1
warmup,17,17,pipelined_tree,0,1024,6,0.212514052,0.000207533,0.000000802,0.000486604,1
warmup,18,18,pipelined_tree,0,1024,6,0.218136195,0.000213024,0.000000942,0.000455583,1
warmup,19,19,pipelined_tree,0,1024,6,0.204178766,0.000199393,0.000000802,0.000477236,1
actual,0,20,pipelined_tree,0,1024,6,0.240801196,0.000235157,0.000001183,0.000458518,1
actual,1,21,pipelined_tree,0,1024,6,0.207139888,0.000202285,0.000000841,0.000489499,1
actual,2,22,pipelined_tree,0,1024,6,0.212677304,0.000207693,0.000000832,0.000432522,1
actual,3,23,pipelined_tree,0,1024,6,0.207268188,0.000202410,0.000000792,0.000480252,1
actual,4,24,pipelined_tree,0,1024,6,0.226432223,0.000221125,0.000000811,0.000458879,1
actual,5,25,pipelined_tree,0,1024,6,0.214513935,0.000209486,0.000001062,0.000432662,1
actual,6,26,pipelined_tree,0,1024,6,0.221509908,0.000216318,0.000000821,0.000485692,1
actual,7,27,pipelined_tree,0,1024,6,0.186544384,0.000182172,0.000000862,0.001272272,1
actual,8,28,pipelined_tree,0,1024,6,0.228576254,0.000223219,0.000000721,0.000472494,1
actual,9,29,pipelined_tree,0,1024,6,0.213830713,0.000208819,0.000001433,0.000421010,1
actual,10,30,pipelined_tree,0,1024,6,0.216579450,0.000211503,0.000000901,0.000424807,1
actual,11,31,pipelined_tree,0,1024,6,0.211412471,0.000206457,0.000000772,0.000427590,1
actual,12,32,pipelined_tree,0,1024,6,0.217527749,0.000212429,0.000000691,0.000419235,1
actual,13,33,pipelined_tree,0,1024,6,0.203825796,0.000199049,0.000000801,0.000454060,1
actual,14,34,pipelined_tree,0,1024,6,0.223097443,0.000217869,0.000000842,0.000514727,1
actual,15,35,pipelined_tree,0,1024,6,0.210330291,0.000205401,0.000000992,0.000485061,1
actual,16,36,pipelined_tree,0,1024,6,0.203464210,0.000198696,0.000000751,0.000438690,1
actual,17,37,pipelined_tree,0,1024,6,0.209608968,0.000204696,0.000000772,0.000441748,1
actual,18,38,pipelined_tree,0,1024,6,0.234925243,0.000229419,0.000000812,0.000505857,1
actual,19,39,pipelined_tree,0,1024,6,0.204904505,0.000200102,0.000000791,0.000476555,1
warmup,0,0,pipelined_tree,0,1024,8,0.212938680,0.000207948,0.000001032,0.000451728,1
warmup,1,1,pipelined_tree,0,1024,8,0.191698549,0.000187206,0.000000821,0.000435728,1
warmup,2,2,pipelined_tree,0,1024,8,0.223040080,0.000217813,0.000000772,0.000488267,1
warmup,3,3,pipelined_tree,0,1024,8,0.204419182,0.000199628,0.000000792,0.000482236,1
warmup,4,4,pipelined_tree,0,1024,8,0.215579566,0.000210527,0.000000841,0.000452567,1
warmup,5,5,pipelined_tree,0,1024,8,0.202327461,0.000197585,0.000000971,0.000412692,1
warmup,6,6,pipelined_tree,0,1024,8,0.227329064,0.000222001,0.000000762,0.000463697,1
warmup,7,7,pipelined_tree,0,1024,8,0.205776464,0.000200954,0.000000791,0.000470634,1
warmup,8,8,pipelined_tree,0,1024,8,0.224651443,0.000219386,0.000000712,0.000452781,1
warmup,9,9,pipelined_tree,0,1024,8,0.208059150,0.000203183,0.000000711,0.000499939,1
warmup,10,10,pipelined_tree,0,1024,8,0.214760156,0.000209727,0.000000962,0.000445075,1
warmup,11,11,pipelined_tree,0,1024,8,0.217518355,0.000212420,0.000000691,0.000500811,1
warmup,12,12,pipelined_tree,0,1024,8,0.212825456,0.000207837,0.000001052,0.000424277,1
warmup,13,13,pipelined_tree,0,1024,8,0.210427748,0.000205496,0.000000781,0.000485883,1
warmup,14,14,pipelined_tree,0,1024,8,0.222923106,0.000217698,0.000000761,0.000487615,1
warmup,15,15,pipelined_tree,0,1024,8,0.210603935,0.000205668,0.000000961,0.000437510,1
warmup,16,16,pipelined_tree,0,1024,8,0.220524673,0.000215356,0.000000791,0.000451348,1
warmup,17,17,pipelined_tree,0,1024,8,0.205621031,0.000200802,0.000000781,0.000475033,1
warmup,18,18,pipelined_tree,0,1024,8,0.217063811,0.000211976,0.000000711,0.000445146,1
warmup,19,19,pipelined_tree,0,1024,8,0.204611604,0.000199816,0.000000802,0.000476355,1
actual,0,20,pipelined_tree,0,1024,8,0.207548908,0.000202684,0.000000892,0.000436867,1
actual,1,21,pipelined_tree,0,1024,8,0.201784568,0.000197055,0.000000771,0.000425267,1
actual,2,22,pipelined_tree,0,1024,8,0.218157840,0.000213045,0.000000801,0.000488939,1
actual,3,23,pipelined_tree,0,1024,8,0.203688397,0.000198914,0.000001022,0.000452837,1
actual,4,24,pipelined_tree,0,1024,8,0.223629981,0.000218389,0.000000822,0.000455716,1
actual,5,25,pipelined_tree,0,1024,8,0.217108990,0.000212020,0.000001092,0.000500390,1
actual,6,26,pipelined_tree,0,1024,8,0.225877364,0.000220583,0.000000802,0.000452677,1
actual,7,27,pipelined_tree,0,1024,8,0.209311760,0.000204406,0.000000831,0.000453352,1
actual,8,28,pipelined_tree,0,1024,8,0.213541236,0.000208536,0.000000812,0.000450617,1
actual,9,29,pipelined_tree,0,1024,8,0.201016307,0.000196305,0.000000872,0.000453552,1
actual,10,30,pipelined_tree,0,1024,8,0.233365682,0.000227896,0.000001173,0.000450015,1
actual,11,31,pipelined_tree,0,1024,8,0.210382155,0.000205451,0.000000821,0.000419766,1
actual,12,32,pipelined_tree,0,1024,8,0.216124147,0.000211059,0.000000842,0.000436680,1
actual,13,33,pipelined_tree,0,1024,8,0.213013284,0.000208021,0.000000752,0.000426580,1
actual,14,34,pipelined_tree,0,1024,8,0.236454952,0.000230913,0.000000812,0.000495868,1
actual,15,35,pipelined_tree,0,1024,8,0.197702420,0.000193069,0.000000781,0.000443884,1
actual,16,36,pipelined_tree,0,1024,8,0.234895907,0.000229391,0.000000922,0.001382501,1
actual,17,37,pipelined_tree,0,1024,8,0.215227245,0.000210183,0.000000842,0.000444222,1
actual,18,38,pipelined_tree,0,1024,8,0.230286696,0.000224889,0.000000832,0.000463610,1
actual,19,39,pipelined_tree,0,1024,8,0.201516914,0.000196794,0.000000771,0.000462147,1
warmup,0,0,pipelined_tree,0,1024,12,0.214707757,0.000209676,0.000001002,0.000430966,1
warmup,1,1,pipelined_tree,0,1024,12,0.208678123,0.000203787,0.000000791,0.000464251,1
warmup,2,2,pipelined_tree,0,1024,12,0.210708174,0.000205770,0.000000791,0.000422634,1
warmup,3,3,pipelined_tree,0,1024,12,0.221571254,0.000216378,0.000000741,0.000453619,1
warmup,4,4,pipelined_tree,0,1024,12,0.216974847,0.000211889,0.000000762,0.000458831,1
warmup,5,5,pipelined_tree,0,1024,12,0.204369396,0.000199579,0.000000952,0.000433033,1
warmup,6,6,pipelined_tree,0,1024,12,0.225161650,0.000219884,0.000001022,0.000437051,1
warmup,7,7,pipelined_tree,0,1024,12,0.211758227,0.000206795,0.000000771,0.000481143,1
warmup,8,8,pipelined_tree,0,1024,12,0.213360219,0.000208360,0.000000832,0.001363875,1
warmup,9,9,pipelined_tree,0,1024,12,0.198875919,0.000194215,0.000000901,0.000409096,1
warmup,10,10,pipelined_tree,0,1024,12,0.236119473,0.000230585,0.000000791,0.000511962,1
warmup,11,11,pipelined_tree,0,1024,12,0.201969907,0.000197236,0.000000722,0.000449254,1
warmup,12,12,pipelined_tree,0,1024,12,0.217305913,0.000212213,0.000000802,0.000435017,1
warmup,13,13,pipelined_tree,0,1024,12,0.201688301,0.000196961,0.000000751,0.000416512,1
warmup,14,14,pipelined_tree,0,1024,12,0.220490477,0.000215323,0.000000881,0.000418096,1
warmup,15,15,pipelined_tree,0,1024,12,0.211093586,0.000206146,0.000000762,0.000461768,1
warmup,16,16,pipelined_tree,0,1024,12,0.214021625,0.000209005,0.000000732,0.000441316,1
warmup,17,17,pipelined_tree,0,1024,12,0.211795125,0.000206831,0.000000922,0.000434576,1
warmup,18,18,pipelined_tree,0,1024,12,0.217411011,0.000212315,0.000000741,0.000431508,1
warmup,19,19,pipelined_tree,0,1024,12,0.217147765,0.000212058,0.000001032,0.000464559,1
actual,0,20,pipelined_tree,0,1024,12,0.215989568,0.000210927,0.000000782,0.000443122,1
actual,1,21,pipelined_tree,0,1024,12,0.211995970,0.000207027,0.000000731,0.000455793,1
actual,2,22,pipelined_tree,0,1024,12,0.217447827,0.000212351,0.000000751,0.000422453,1
actual,3,23,pipelined_tree,0,1024,12,0.207723822,0.000202855,0.000000822,0.000476575,1
actual,4,24,pipelined_tree,0,1024,12,0.208089963,0.000203213,0.000001042,0.000439894,1
actual,5,25,pipelined_tree,0,1024,12,0.204811910,0.000200012,0.000000801,0.000439663,1
actual,6,26,pipelined_tree,0,1024,12,0.218595717,0.000213472,0.000000832,0.000438982,1
actual,7,27,pipelined_tree,0,1024,12,0.211879571,0.000206914,0.000000781,0.000464632,1
actual,8,28,pipelined_tree,0,1024,12,0.225347630,0.000220066,0.000000851,0.000452349,1
actual,9,29,pipelined_tree,0,1024,12,0.191523381,0.000187035,0.000001052,0.000441776,1
actual,10,30,pipelined_tree,0,1024,12,0.227309103,0.000221982,0.000000821,0.000477016,1
actual,11,31,pipelined_tree,0,1024,12,0.202555119,0.000197808,0.000000842,0.000483689,1
actual,12,32,pipelined_tree,0,1024,12,0.213936002,0.000208922,0.000000811,0.000441228,1
actual,13,33,pipelined_tree,0,1024,12,0.211577089,0.000206618,0.000000811,0.000463578,1
actual,14,34,pipelined_tree,0,1024,12,0.224525540,0.000219263,0.000000982,0.000439626,1
actual,15,35,pipelined_tree,0,1024,12,0.214604163,0.000209574,0.000000942,0.000455977,1
actual,16,36,pipelined_tree,0,1024,12,0.214371414,0.000209347,0.000000822,0.000440407,1
actual,17,37,pipelined_tree,0,1024,12,0.212871591,0.000207882,0.000000861,0.000450032,1
actual,18,38,pipelined_tree,0,1024,12,0.221049220,0.000215868,0.000000862,0.000454504,1
actual,19,39,pipelined_tree,0,1024,12,0.215404539,0.000210356,0.000000811,0.000447107,1
warmup,0,0,pipelined_tree,0,1024,16,0.236106350,0.000230573,0.000001122,0.000471011,1
warmup,1,1,pipelined_tree,0,1024,16,0.208070693,0.000203194,0.000000882,0.001368470,1
warmup,2,2,pipelined_tree,0,1024,16,0.215433697,0.000210384,0.000000802,0.000461944,1
warmup,3,3,pipelined_tree,0,1024,16,0.201241908,0.000196525,0.000000862,0.000456625,1
warmup,4,4,pipelined_tree,0,1024,16,0.225098687,0.000219823,0.000000941,0.000435578,1
warmup,5,5,pipelined_tree,0,1024,16,0.205559457,0.000200742,0.000000872,0.000430909,1
warmup,6,6,pipelined_tree,0,1024,16,0.220434117,0.000215268,0.000000852,0.000463400,1
warmup,7,7,pipelined_tree,0,1024,16,0.212536539,0.000207555,0.000000882,0.000452999,1
warmup,8,8,pipelined_tree,0,1024,16,0.212769093,0.000207782,0.000000881,0.000473566,1
warmup,9,9,pipelined_tree,0,1024,16,0.200407178,0.000195710,0.000001032,0.000446598,1
warmup,10,10,pipelined_tree,0,1024,16,0.218781079,0.000213653,0.000000841,0.000496622,1
warmup,11,11,pipelined_tree,0,1024,16,0.210846128,0.000205904,0.000000871,0.000472918,1
warmup,12,12,pipelined_tree,0,1024,16,0.228005297,0.000222661,0.000000782,0.000487392,1
warmup,13,13,pipelined_tree,0,1024,16,0.205654392,0.000200834,0.000000862,0.000462508,1
warmup,14,14,pipelined_tree,0,1024,16,0.238950826,0.000233350,0.000001032,0.000519996,1
warmup,15,15,pipelined_tree,0,1024,16,0.204077210,0.000199294,0.000000822,0.000433611,1
warmup,16,16,pipelined_tree,0,1024,16,0.214628622,0.000209598,0.000000902,0.000416121,1
warmup,17,17,pipelined_tree,0,1024,16,0.201521812,0.000196799,0.000000791,0.000464633,1
warmup,18,18,pipelined_tree,0,1024,16,0.224588024,0.000219324,0.000000832,0.000496092,1
warmup,19,19,pipelined_tree,0,1024,16,0.204702028,0.000199904,0.000000992,0.000473469,1
actual,0,20,pipelined_tree,0,1024,16,0.212361125,0.000207384,0.000000822,0.000421281,1
actual,1,21,pipelined_tree,0,1024,16,0.200752851,0.000196048,0.000000882,0.000451735,1
actual,2,22,pipelined_tree,0,1024,16,0.225283528,0.000220003,0.000000831,0.000499338,1
actual,3,23,pipelined_tree,0,1024,16,0.210770619,0.000205831,0.000000991,0.000497264,1
actual,4,24,pipelined_tree,0,1024,16,0.219621349,0.000214474,0.000000932,0.000460555,1
actual,5,25,pipelined_tree,0,1024,16,0.204814230,0.000200014,0.000000721,0.000483809,1
actual,6,26,pipelined_tree,0,1024,16,0.213041713,0.000208049,0.000000772,0.000478760,1
actual,7,27,pipelined_tree,0,1024,16,0.199476817,0.000194802,0.000000701,0.000445313,1
actual,8,28,pipelined_tree,0,1024,16,0.219818980,0.000214667,0.000000721,0.000433865,1
actual,9,29,pipelined_tree,0,1024,16,0.208016934,0.000203142,0.000000961,0.000478027,1
actual,10,30,pipelined_tree,0,1024,16,0.214405945,0.000209381,0.000000772,0.000443172,1
actual,11,31,pipelined_tree,0,1024,16,0.209426501,0.000204518,0.000000822,0.000456918,1
actual,12,32,pipelined_tree,0,1024,16,0.213664759,0.000208657,0.000000701,0.000411863,1
actual,13,33,pipelined_tree,0,1024,16,0.205250031,0.000200439,0.000000781,0.000486183,1
actual,14,34,pipelined_tree,0,1024,16,0.218239758,0.000213125,0.000001032,0.000449465,1
actual,15,35,pipelined_tree,0,1024,16,0.212510053,0.000207529,0.000000882,0.000432813,1
actual,16,36,pipelined_tree,0,1024,16,0.215922226,0.000210862,0.000000751,0.000454584,1
actual,17,37,pipelined_tree,0,1024,16,0.200619482,0.000195917,0.000000772,0.000434783,1
actual,18,38,pipelined_tree,0,1024,16,0.223460184,0.000218223,0.000000802,0.000443252,1
actual,19,39,pipelined_tree,0,1024,16,0.202542683,0.000197796,0.000000952,0.000434486,1
warmup,0,0,pipelined_tree,0,1024,24,0.215393043,0.000210345,0.000000861,0.000449130,1
warmup,1,1,pipelined_tree,0,1024,24,0.208853380,0.000203958,0.000000761,0.000429574,1
warmup,2,2,pipelined_tree,0,1024,24,0.220712648,0.000215540,0.000000761,0.000437790,1
warmup,3,3,pipelined_tree,0,1024,24,0.202472562,0.000197727,0.000000691,0.000471035,1
warmup,4,4,pipelined_tree,0,1024,24,0.222283435,0.000217074,0.000000912,0.000431088,1
warmup,5,5,pipelined_tree,0,1024,24,0.216184134,0.000211117,0.000000822,0.000492225,1
warmup,6,6,pipelined_tree,0,1024,24,0.206186827,0.000201354,0.000000792,0.000440217,1
warmup,7,7,pipelined_tree,0,1024,24,0.213158048,0.000208162,0.000000822,0.000431758,1
warmup,8,8,pipelined_tree,0,1024,24,0.232295859,0.000226851,0.000000912,0.000493476,1
warmup,9,9,pipelined_tree,0,1024,24,0.205189841,0.000200381,0.000000842,0.000454650,1
warmup,10,10,pipelined_tree,0,1024,24,0.216643725,0.000211566,0.000000911,0.000435826,1
warmup,11,11,pipelined_tree,0,1024,24,0.204359586,0.000199570,0.000000781,0.000421258,1
warmup,12,12,pipelined_tree,0,1024,24,0.215974539,0.000210913,0.000000761,0.000429664,1
warmup,13,13,pipelined_tree,0,1024,24,0.216770879,0.000211690,0.000001352,0.000492395,1
warmup,14,14,pipelined_tree,0,1024,24,0.221207385,0.000216023,0.000000781,0.000438190,1
warmup,15,15,pipelined_tree,0,1024,24,0.208735664,0.000203843,0.000000931,0.000487946,1
warmup,16,16,pipelined_tree,0,1024,24,0.207751423,0.000202882,0.000000811,0.000411039,1
warmup,17,17,pipelined_tree,0,1024,24,0.216087057,0.000211023,0.000000891,0.000494208,1
warmup,18,18,pipelined_tree,0,1024,24,0.209202669,0.000204299,0.000000812,0.000447016,1
warmup,19,19,pipelined_tree,0,1024,24,0.204976205,0.000200172,0.000000791,0.000442791,1
actual,0,20,pipelined_tree,0,1024,24,0.222849495,0.000217626,0.000000962,0.000461303,1
actual,1,21,pipelined_tree,0,1024,24,0.199650815,0.000194971,0.000000881,0.000412091,1
actual,2,22,pipelined_tree,0,1024,24,0.225879404,0.000220585,0.000000872,0.000426058,1
actual,3,23,pipelined_tree,0,1024,24,0.208031939,0.000203156,0.000003016,0.000433170,1
actual,4,24,pipelined_tree,0,1024,24,0.205506330,0.000200690,0.000000781,0.000430428,1
actual,5,25,pipelined_tree,0,1024,24,0.214001653,0.000208986,0.000000932,0.000456835,1
actual,6,26,pipelined_tree,0,1024,24,0.216389526,0.000211318,0.000000851,0.000437368,1
actual,7,27,pipelined_tree,0,1024,24,0.206996194,0.000202145,0.000000721,0.000450466,1
actual,8,28,pipelined_tree,0,1024,24,0.228173411,0.000222826,0.000000902,0.000462739,1
actual,9,29,pipelined_tree,0,1024,24,0.209946934,0.000205026,0.000000791,0.000509968,1
actual,10,30,pipelined_tree,0,1024,24,0.219792628,0.000214641,0.000000922,0.000508004,1
actual,11,31,pipelined_tree,0,1024,24,0.208128850,0.000203251,0.000000752,0.000460946,1
actual,12,32,pipelined_tree,0,1024,24,0.201125334,0.000196411,0.000000751,0.000409829,1
actual,13,33,pipelined_tree,0,1024,24,0.202708782,0.000197958,0.000000812,0.000405521,1
actual,14,34,pipelined_tree,0,1024,24,0.227621131,0.000222286,0.000000751,0.000454413,1
actual,15,35,pipelined_tree,0,1024,24,0.194043059,0.000189495,0.000001102,0.000414336,1
actual,16,36,pipelined_tree,0,1024,24,0.227409109,0.000222079,0.000000852,0.000466065,1
actual,17,37,pipelined_tree,0,1024,24,0.205422380,0.000200608,0.000000902,0.000421719,1
actual,18,38,pipelined_tree,0,1024,24,0.220904956,0.000215727,0.000000761,0.000460645,1
actual,19,39,pipelined_tree,0,1024,24,0.206899850,0.000202051,0.000000802,0.000482636,1
warmup,0,0,pipelined_tree,0,1024,32,0.207637480,0.000202771,0.000001122,0.000414208,1
warmup,1,1,pipelined_tree,0,1024,32,0.204031735,0.000199250,0.000000862,0.000419355,1
warmup,2,2,pipelined_tree,0,1024,32,0.233539513,0.000228066,0.000000791,0.000465615,1
warmup,3,3,pipelined_tree,0,1024,32,0.206405245,0.000201568,0.000000792,0.000442581,1
warmup,4,4,pipelined_tree,0,1024,32,0.227400303,0.000222071,0.000000852,0.000459583,1
warmup,5,5,pipelined_tree,0,1024,32,0.213058121,0.000208065,0.000000922,0.000424647,1
warmup,6,6,pipelined_tree,0,1024,32,0.224997055,0.000219724,0.000000851,0.000436149,1
warmup,7,7,pipelined_tree,0,1024,32,0.214078191,0.000209061,0.000000812,0.000428746,1
warmup,8,8,pipelined_tree,0,1024,32,0.215234542,0.000210190,0.000000871,0.000462298,1
warmup,9,9,pipelined_tree,0,1024,32,0.206098082,0.000201268,0.000000822,0.000471586,1
warmup,10,10,pipelined_tree,0,1024,32,0.213094549,0.000208100,0.000000772,0.000476014,1
warmup,11,11,pipelined_tree,0,1024,32,0.211511842,0.000206555,0.000001142,0.000484250,1
warmup,12,12,pipelined_tree,0,1024,32,0.212291177,0.000207316,0.000000782,0.000437479,1
warmup,13,13,pipelined_tree,0,1024,32,0.214392800,0.000209368,0.000000772,0.000461583,1
warmup,14,14,pipelined_tree,0,1024,32,0.223331631,0.000218097,0.000000821,0.000477557,1
warmup,15,15,pipelined_tree,0,1024,32,0.205616477,0.000200797,0.000000792,0.000472818,1
warmup,16,16,pipelined_tree,0,1024,32,0.216179842,0.000211113,0.000000952,0.000452958,1
warmup,17,17,pipelined_tree,0,1024,32,0.207218257,0.000202362,0.000000791,0.000434623,1
warmup,18,18,pipelined_tree,0,1024,32,0.205294939,0.000200483,0.000000781,0.000431801,1
warmup,19,19,pipelined_tree,0,1024,32,0.215893951,0.000210834,0.000000791,0.000456888,1
actual,0,20,pipelined_tree,0,1024,32,0.234093384,0.000228607,0.000000741,0.000475833,1
actual,1,21,pipelined_tree,0,1024,32,0.201854594,0.000197124,0.000000941,0.000432482,1
actual,2,22,pipelined_tree,0,1024,32,0.217917952,0.000212810,0.000000872,0.000455776,1
actual,3,23,pipelined_tree,0,1024,32,0.192484333,0.000187973,0.000000841,0.000416610,1
actual,4,24,pipelined_tree,0,1024,32,0.207323094,0.000202464,0.000000812,0.000426017,1
actual,5,25,pipelined_tree,0,1024,32,0.211430393,0.000206475,0.000000761,0.000435315,1
actual,6,26,pipelined_tree,0,1024,32,0.219307903,0.000214168,0.000000912,0.000448759,1
actual,7,27,pipelined_tree,0,1024,32,0.217262724,0.000212171,0.000000832,0.000485672,1
actual,8,28,pipelined_tree,0,1024,32,0.212236444,0.000207262,0.000000821,0.000453318,1
actual,9,29,pipelined_tree,0,1024,32,0.201255032,0.000196538,0.000000812,0.000429166,1
actual,10,30,pipelined_tree,0,1024,32,0.234857952,0.000229353,0.000000812,0.000506601,1
actual,11,31,pipelined_tree,0,1024,32,0.203798991,0.000199022,0.000001002,0.000419866,1
actual,12,32,pipelined_tree,0,1024,32,0.230323052,0.000224925,0.000000891,0.000465291,1
actual,13,33,pipelined_tree,0,1024,32,0.198578629,0.000193924,0.000000702,0.000399560,1
actual,14,34,pipelined_tree,0,1024,32,0.231019703,0.000225605,0.000000932,0.000443924,1
actual,15,35,pipelined_tree,0,1024,32,0.212018745,0.000207050,0.000000812,0.000485903,1
actual,16,36,pipelined_tree,0,1024,32,0.209344122,0.000204438,0.000000912,0.000412974,1
actual,17,37,pipelined_tree,0,1024,32,0.214136900,0.000209118,0.000000761,0.000427570,1
actual,18,38,pipelined_tree,0,1024,32,0.223203164,0.000217972,0.000000771,0.000469038,1
actual,19,39,pipelined_tree,0,1024,32,0.206437662,0.000201599,0.000000782,0.000489028,1
warmup,0,0,pipelined_tree,0,1024,48,0.224502187,0.000219240,0.000000801,0.000463948,1
warmup,1,1,pipelined_tree,0,1024,48,0.202381306,0.000197638,0.000000982,0.000475193,1
warmup,2,2,pipelined_tree,0,1024,48,0.231149882,0.000225732,0.000000782,0.000459363,1
warmup,3,3,pipelined_tree,0,1024,48,0.206655324,0.000201812,0.000000882,0.000440497,1
warmup,4,4,pipelined_tree,0,1024,48,0.214346297,0.000209323,0.000000691,0.000429797,1
warmup,5,5,pipelined_tree,0,1024,48,0.209094682,0.000204194,0.000000871,0.000427352,1
warmup,6,6,pipelined_tree,0,1024,48,0.224304033,0.000219047,0.000001122,0.000450656,1
warmup,7,7,pipelined_tree,0,1024,48,0.215654367,0.000210600,0.000000871,0.000502484,1
warmup,8,8,pipelined_tree,0,1024,48,0.212017096,0.000207048,0.000000742,0.000418627,1
warmup,9,9,pipelined_tree,0,1024,48,0.220300066,0.000215137,0.000000842,0.000468848,1
warmup,10,10,pipelined_tree,0,1024,48,0.224406331,0.000219147,0.000000782,0.000472174,1
warmup,11,11,pipelined_tree,0,1024,48,0.211557543,0.000206599,0.000001072,0.000429323,1
warmup,12,12,pipelined_tree,0,1024,48,0.221559847,0.000216367,0.000000802,0.000428231,1
warmup,13,13,pipelined_tree,0,1024,48,0.214121250,0.000209103,0.000000762,0.000502453,1
warmup,14,14,pipelined_tree,0,1024,48,0.220508201,0.000215340,0.000000812,0.000433485,1
warmup,15,15,pipelined_tree,0,1024,48,0.208039765,0.000203164,0.000000751,0.000437959,1
warmup,16,16,pipelined_tree,0,1024,48,0.218340515,0.000213223,0.000000842,0.000451227,1
warmup,17,17,pipelined_tree,0,1024,48,0.206929169,0.000202079,0.000000982,0.000422454,1
warmup,18,18,pipelined_tree,0,1024,48,0.220010647,0.000214854,0.000000801,0.000443964,1
warmup,19,19,pipelined_tree,0,1024,48,0.207582127,0.000202717,0.000000802,0.000460414,1
actual,0,20,pipelined_tree,0,1024,48,0.213623913,0.000208617,0.000000772,0.000426698,1
actual,1,21,pipelined_tree,0,1024,48,0.205209781,0.000200400,0.000000762,0.000482115,1
actual,2,22,pipelined_tree,0,1024,48,0.212639401,0.000207656,0.000000922,0.000434135,1
actual,3,23,pipelined_tree,0,1024,48,0.206002546,0.000201174,0.000000821,0.000424146,1
actual,4,24,pipelined_tree,0,1024,48,0.212919271,0.000207929,0.000000941,0.000423415,1
actual,5,25,pipelined_tree,0,1024,48,0.213884233,0.000208871,0.000000871,0.000451899,1
actual,6,26,pipelined_tree,0,1024,48,0.207126140,0.000202272,0.000000772,0.000428585,1
actual,7,27,pipelined_tree,0,1024,48,0.212056578,0.000207087,0.000000982,0.000475970,1
actual,8,28,pipelined_tree,0,1024,48,0.224264390,0.000219008,0.000000922,0.000467345,1
actual,9,29,pipelined_tree,0,1024,48,0.205812336,0.000200989,0.000000841,0.000427720,1
actual,10,30,pipelined_tree,0,1024,48,0.226057873,0.000220760,0.000000782,0.000444104,1
actual,11,31,pipelined_tree,0,1024,48,0.210345783,0.000205416,0.000000801,0.000511361,1
actual,12,32,pipelined_tree,0,1024,48,0.211465826,0.000206510,0.000000962,0.000433564,1
actual,13,33,pipelined_tree,0,1024,48,0.206051918,0.000201223,0.000000811,0.000460031,1
actual,14,34,pipelined_tree,0,1024,48,0.220463245,0.000215296,0.000000791,0.000480739,1
actual,15,35,pipelined_tree,0,1024,48,0.199369834,0.000194697,0.000000781,0.000440317,1
actual,16,36,pipelined_tree,0,1024,48,0.224172263,0.000218918,0.000000882,0.000546145,1
actual,17,37,pipelined_tree,0,1024,48,0.200671992,0.000195969,0.000000922,0.000478168,1
actual,18,38,pipelined_tree,0,1024,48,0.214874230,0.000209838,0.000000802,0.000439763,1
actual,19,39,pipelined_tree,0,1024,48,0.195835078,0.000191245,0.000000921,0.000406130,1
warmup,0,0,pipelined_tree,0,1024,64,0.225556537,0.000220270,0.000000752,0.000450613,1
warmup,1,1,pipelined_tree,0,1024,64,0.210075534,0.000205152,0.000000721,0.000484499,1
warmup,2,2,pipelined_tree,0,1024,64,0.225310563,0.000220030,0.000000902,0.000483947,1
warmup,3,3,pipelined_tree,0,1024,64,0.209151912,0.000204250,0.000000852,0.000484691,1
warmup,4,4,pipelined_tree,0,1024,64,0.211126347,0.000206178,0.000000811,0.000424688,1
warmup,5,5,pipelined_tree,0,1024,64,0.206190322,0.000201358,0.000000761,0.000431077,1
warmup,6,6,pipelined_tree,0,1024,64,0.215951306,0.000210890,0.000000792,0.000433263,1
warmup,7,7,pipelined_tree,0,1024,64,0.202848012,0.000198094,0.000000932,0.000443931,1
warmup,8,8,pipelined_tree,0,1024,64,0.219208118,0.000214070,0.000000811,0.000427331,1
warmup,9,9,pipelined_tree,0,1024,64,0.209883655,0.000204965,0.000000791,0.000465584,1
warmup,10,10,pipelined_tree,0,1024,64,0.226751102,0.000221437,0.000000841,0.000467589,1
warmup,11,11,pipelined_tree,0,1024,64,0.210658004,0.000205721,0.000000932,0.000464052,1
warmup,12,12,pipelined_tree,0,1024,64,0.244912415,0.000239172,0.000001152,0.000474548,1
warmup,13,13,pipelined_tree,0,1024,64,0.213993421,0.000208978,0.000000761,0.000494760,1
warmup,14,14,pipelined_tree,0,1024,64,0.218132199,0.000213020,0.000000832,0.000475503,1
warmup,15,15,pipelined_tree,0,1024,64,0.203057009,0.000198298,0.000001153,0.000423586,1
warmup,16,16,pipelined_tree,0,1024,64,0.213482174,0.000208479,0.000000931,0.000449992,1
warmup,17,17,pipelined_tree,0,1024,64,0.213476686,0.000208473,0.000001072,0.000436407,1
warmup,18,18,pipelined_tree,0,1024,64,0.224360929,0.000219102,0.000000791,0.000438260,1
warmup,19,19,pipelined_tree,0,1024,64,0.212263061,0.000207288,0.000001203,0.000464642,1
actual,0,20,pipelined_tree,0,1024,64,0.218254660,0.000213139,0.000000751,0.000444996,1
actual,1,21,pipelined_tree,0,1024,64,0.207686767,0.000202819,0.000000811,0.000439305,1
actual,2,22,pipelined_tree,0,1024,64,0.216331086,0.000211261,0.000000881,0.000443794,1
actual,3,23,pipelined_tree,0,1024,64,0.216541132,0.000211466,0.000000891,0.000487446,1
actual,4,24,pipelined_tree,0,1024,64,0.209102980,0.000204202,0.000000822,0.000431919,1
actual,5,25,pipelined_tree,0,1024,64,0.210513860,0.000205580,0.000000711,0.000448880,1
actual,6,26,pipelined_tree,0,1024,64,0.222287672,0.000217078,0.000000751,0.001336940,1
actual,7,27,pipelined_tree,0,1024,64,0.207792198,0.000202922,0.000000982,0.000418817,1
actual,8,28,pipelined_tree,0,1024,64,0.216368782,0.000211298,0.000000811,0.000424807,1
actual,9,29,pipelined_tree,0,1024,64,0.203714056,0.000198940,0.000000792,0.000440687,1
actual,10,30,pipelined_tree,0,1024,64,0.230520898,0.000225118,0.000000851,0.000496169,1
actual,11,31,pipelined_tree,0,1024,64,0.206084674,0.000201255,0.000000711,0.000435917,1
actual,12,32,pipelined_tree,0,1024,64,0.225110839,0.000219835,0.000000962,0.000485712,1
actual,13,33,pipelined_tree,0,1024,64,0.195654008,0.000191068,0.000000841,0.000474921,1
actual,14,34,pipelined_tree,0,1024,64,0.223265879,0.000218033,0.000000872,0.000456003,1
actual,15,35,pipelined_tree,0,1024,64,0.204370009,0.000199580,0.000000842,0.000477997,1
actual,16,36,pipelined_tree,0,1024,64,0.215285786,0.000210240,0.000000761,0.000429496,1
actual,17,37,pipelined_tree,0,1024,64,0.215875540,0.000210816,0.000001082,0.000454080,1
actual,18,38,pipelined_tree,0,1024,64,0.233493896,0.000228021,0.000000862,0.000470851,1
actual,19,39,pipelined_tree,0,1024,64,0.202335916,0.000197594,0.000000811,0.000416011,1
warmup,0,0,pipelined_tree,0,1024,96,0.209069547,0.000204169,0.000000861,0.000447080,1
warmup,1,1,pipelined_tree,0,1024,96,0.214447531,0.000209421,0.000000892,0.000441386,1
warmup,2,2,pipelined_tree,0,1024,96,0.208689090,0.000203798,0.000000952,0.000418216,1
warmup,3,3,pipelined_tree,0,1024,96,0.215866385,0.000210807,0.000000822,0.000483358,1
warmup,4,4,pipelined_tree,0,1024,96,0.217236730,0.000212145,0.000000791,0.000458250,1
warmup,5,5,pipelined_tree,0,1024,96,0.212087362,0.000207117,0.000000911,0.001374332,1
warmup,6,6,pipelined_tree,0,1024,96,0.221806079,0.000216607,0.000000951,0.000438393,1
warmup,7,7,pipelined_tree,0,1024,96,0.209881560,0.000204962,0.000000712,0.000445814,1
warmup,8,8,pipelined_tree,0,1024,96,0.210665925,0.000205728,0.000000932,0.000439996,1
warmup,9,9,pipelined_tree,0,1024,96,0.209048445,0.000204149,0.000000782,0.000432933,1
warmup,10,10,pipelined_tree,0,1024,96,0.212977803,0.000207986,0.000000791,0.000436310,1
warmup,11,11,pipelined_tree,0,1024,96,0.211147496,0.000206199,0.000000872,0.000430248,1
warmup,12,12,pipelined_tree,0,1024,96,0.225254190,0.000219975,0.000000722,0.000439656,1
warmup,13,13,pipelined_tree,0,1024,96,0.200288615,0.000195594,0.000000872,0.000420807,1
warmup,14,14,pipelined_tree,0,1024,96,0.229626749,0.000224245,0.000000802,0.000495661,1
warmup,15,15,pipelined_tree,0,1024,96,0.200039044,0.000195351,0.000000821,0.000479430,1
warmup,16,16,pipelined_tree,0,1024,96,0.220298545,0.000215135,0.000001041,0.000479631,1
warmup,17,17,pipelined_tree,0,1024,96,0.209095794,0.000204195,0.000000801,0.000482663,1
warmup,18,18,pipelined_tree,0,1024,96,0.215077387,0.000210037,0.000000782,0.000446759,1
warmup,19,19,pipelined_tree,0,1024,96,0.211162632,0.000206214,0.000000812,0.000455914,1
actual,0,20,pipelined_tree,0,1024,96,0.217782880,0.000212679,0.000000761,0.000441076,1
actual,1,21,pipelined_tree,0,1024,96,0.211633583,0.000206673,0.000001022,0.000461957,1
actual,2,22,pipelined_tree,0,1024,96,0.231064999,0.000225649,0.000000752,0.000521049,1
actual,3,23,pipelined_tree,0,1024,96,0.204879137,0.000200077,0.000000852,0.000448200,1
actual,4,24,pipelined_tree,0,1024,96,0.228768744,0.000223407,0.000000782,0.000454454,1
actual,5,25,pipelined_tree,0,1024,96,0.206478687,0.000201639,0.000001272,0.000487215,1
actual,6,26,pipelined_tree,0,1024,96,0.246140275,0.000240371,0.000001142,0.000523323,1
actual,7,27,pipelined_tree,0,1024,96,0.209578438,0.000204666,0.000000902,0.000468466,1
actual,8,28,pipelined_tree,0,1024,96,0.217035622,0.000211949,0.000001012,0.000426681,1
actual,9,29,pipelined_tree,0,1024,96,0.196496061,0.000191891,0.000000812,0.000438831,1
actual,10,30,pipelined_tree,0,1024,96,0.215772420,0.000210715,0.000000752,0.000428805,1
actual,11,31,pipelined_tree,0,1024,96,0.211471733,0.000206515,0.000005360,0.000426661,1
actual,12,32,pipelined_tree,0,1024,96,0.212972900,0.000207981,0.000000852,0.000420730,1
actual,13,33,pipelined_tree,0,1024,96,0.207799130,0.000202929,0.000000811,0.000496713,1
actual,14,34,pipelined_tree,0,1024,96,0.204875021,0.000200073,0.000000892,0.000417815,1
actual,15,35,pipelined_tree,0,1024,96,0.210852857,0.000205911,0.000000791,0.000428174,1
actual,16,36,pipelined_tree,0,1024,96,0.260726899,0.000254616,0.000001012,0.000503652,1
actual,17,37,pipelined_tree,0,1024,96,0.201844182,0.000197113,0.000000752,0.000409166,1
actual,18,38,pipelined_tree,0,1024,96,0.212592502,0.000207610,0.000000832,0.000448773,1
actual,19,39,pipelined_tree,0,1024,96,0.218177975,0.000213064,0.000000942,0.000460883,1
warmup,0,0,pipelined_tree,0,1024,128,0.222212964,0.000217005,0.000000942,0.000453291,1
warmup,1,1,pipelined_tree,0,1024,128,0.223263261,0.000218031,0.000001042,0.000421752,1
warmup,2,2,pipelined_tree,0,1024,128,0.244960400,0.000239219,0.000000832,0.000448540,1
warmup,3,3,pipelined_tree,0,1024,128,0.215928523,0.000210868,0.000000801,0.000486273,1
warmup,4,4,pipelined_tree,0,1024,128,0.219823286,0.000214671,0.000000781,0.000427811,1
warmup,5,5,pipelined_tree,0,1024,128,0.206600578,0.000201758,0.000000812,0.000481324,1
warmup,6,6,pipelined_tree,0,1024,128,0.234777101,0.000229275,0.000000952,0.000501642,1
warmup,7,7,pipelined_tree,0,1024,128,0.262839089,0.000256679,0.000000802,0.000499455,1
warmup,8,8,pipelined_tree,0,1024,128,0.236483968,0.000230941,0.000000832,0.000454781,1
warmup,9,9,pipelined_tree,0,1024,128,0.206785249,0.000201939,0.000000781,0.000425449,1
warmup,10,10,pipelined_tree,0,1024,128,0.230777558,0.000225369,0.000000932,0.000467478,1
warmup,11,11,pipelined_tree,0,1024,128,0.198022388,0.000193381,0.000000942,0.000413033,1
warmup,12,12,pipelined_tree,0,1024,128,0.228716561,0.000223356,0.000000741,0.000504187,1
warmup,13,13,pipelined_tree,0,1024,128,0.210829450,0.000205888,0.000000721,0.000493617,1
warmup,14,14,pipelined_tree,0,1024,128,0.210397768,0.000205467,0.000000801,0.000466626,1
warmup,15,15,pipelined_tree,0,1024,128,0.196889624,0.000192275,0.000000781,0.000425929,1
warmup,16,16,pipelined_tree,0,1024,128,0.223074563,0.000217846,0.000001032,0.000449722,1
warmup,17,17,pipelined_tree,0,1024,128,0.209725590,0.000204810,0.000000742,0.000469418,1
warmup,18,18,pipelined_tree,0,1024,128,0.223171516,0.000217941,0.000000732,0.000424806,1
warmup,19,19,pipelined_tree,0,1024,128,0.213739701,0.000208730,0.000000751,0.000487826,1
actual,0,20,pipelined_tree,0,1024,128,0.218428984,0.000213310,0.000000742,0.000454804,1
actual,1,21,pipelined_tree,0,1024,128,0.205011168,0.000200206,0.000000962,0.000441006,1
actual,2,22,pipelined_tree,0,1024,128,0.224685912,0.000219420,0.000000992,0.000450596,1
actual,3,23,pipelined_tree,0,1024,128,0.213496376,0.000208493,0.000000732,0.000513143,1
actual,4,24,pipelined_tree,0,1024,128,0.218667972,0.000213543,0.000000721,0.000438153,1
actual,5,25,pipelined_tree,0,1024,128,0.205961493,0.000201134,0.000000761,0.000431370,1
actual,6,26,pipelined_tree,0,1024,128,0.226926342,0.000221608,0.000000942,0.000473737,1
actual,7,27,pipelined_tree,0,1024,128,0.239423724,0.000233812,0.000000812,0.000461343,1
actual,8,28,pipelined_tree,0,1024,128,0.215921223,0.000210861,0.000000741,0.000460261,1
actual,9,29,pipelined_tree,0,1024,128,0.206661626,0.000201818,0.000000672,0.000443871,1
actual,10,30,pipelined_tree,0,1024,128,0.294440010,0.000287539,0.000000861,0.000546166,1
actual,11,31,pipelined_tree,0,1024,128,0.215855869,0.000210797,0.000000941,0.000430148,1
actual,12,32,pipelined_tree,0,1024,128,0.257534320,0.000251498,0.000000911,0.000482433,1
actual,13,33,pipelined_tree,0,1024,128,0.215180677,0.000210137,0.000001012,0.000465104,1
actual,14,34,pipelined_tree,0,1024,128,0.229234110,0.000223861,0.000000771,0.000432680,1
actual,15,35,pipelined_tree,0,1024,128,0.210302316,0.000205373,0.000000761,0.000434887,1
actual,16,36,pipelined_tree,0,1024,128,0.229060992,0.000223692,0.000001001,0.000429294,1
actual,17,37,pipelined_tree,0,1024,128,0.221898501,0.000216698,0.000000831,0.000465732,1
actual,18,38,pipelined_tree,0,1024,128,0.235300709,0.000229786,0.000000912,0.000442790,1
actual,19,39,pipelined_tree,0,1024,128,0.263469243,0.000257294,0.000000671,0.000516737,1
warmup,0,0,pipelined_tree,0,1024,192,0.235141618,0.000229630,0.000000792,0.000476355,1
warmup,1,1,pipelined_tree,0,1024,192,0.242517799,0.000236834,0.000000931,0.000469459,1
warmup,2,2,pipelined_tree,0,1024,192,0.219527449,0.000214382,0.000000782,0.000433274,1
warmup,3,3,pipelined_tree,0,1024,192,0.273808744,0.000267391,0.000000831,0.001387198,1
warmup,4,4,pipelined_tree,0,1024,192,0.250693879,0.000244818,0.000000952,0.001366017,1
warmup,5,5,pipelined_tree,0,1024,192,0.218374063,0.000213256,0.000000951,0.001238868,1
warmup,6,6,pipelined_tree,0,1024,192,0.243446475,0.000237741,0.000000842,0.000525937,1
warmup,7,7,pipelined_tree,0,1024,192,0.216855071,0.000211773,0.000000882,0.000479190,1
warmup,8,8,pipelined_tree,0,1024,192,0.240692127,0.000235051,0.000000882,0.000502734,1
warmup,9,9,pipelined_tree,0,1024,192,0.214296105,0.000209274,0.000000831,0.000488407,1
warmup,10,10,pipelined_tree,0,1024,192,0.226237588,0.000220935,0.000000802,0.000433793,1
warmup,11,11,pipelined_tree,0,1024,192,0.218606007,0.000213482,0.000000802,0.000457349,1
warmup,12,12,pipelined_tree,0,1024,192,0.244943297,0.000239202,0.000000842,0.000483685,1
warmup,13,13,pipelined_tree,0,1024,192,0.214512859,0.000209485,0.000001032,0.000443383,1
warmup,14,14,pipelined_tree,0,1024,192,0.232303574,0.000226859,0.000000801,0.000482596,1
warmup,15,15,pipelined_tree,0,1024,192,0.214966159,0.000209928,0.000000792,0.000445336,1
warmup,16,16,pipelined_tree,0,1024,192,0.245646180,0.000239889,0.000000981,0.000511647,1
warmup,17,17,pipelined_tree,0,1024,192,0.216272102,0.000211203,0.000000802,0.000454414,1
warmup,18,18,pipelined_tree,0,1024,192,0.228000047,0.000222656,0.000001062,0.000468550,1
warmup,19,19,pipelined_tree,0,1024,192,0.213363023,0.000208362,0.000000802,0.000490240,1
actual,0,20,pipelined_tree,0,1024,192,0.229987821,0.000224597,0.000000902,0.000441305,1
actual,1,21,pipelined_tree,0,1024,192,0.219024248,0.000213891,0.000000771,0.000442080,1
actual,2,22,pipelined_tree,0,1024,192,0.243769528,0.000238056,0.000000871,0.001224804,1
actual,3,23,pipelined_tree,0,1024,192,0.204957367,0.000200154,0.000000931,0.000405549,1
actual,4,24,pipelined_tree,0,1024,192,0.238552512,0.000232961,0.000000922,0.001386337,1
actual,5,25,pipelined_tree,0,1024,192,0.223250893,0.000218018,0.000000872,0.000470434,1
actual,6,26,pipelined_tree,0,1024,192,0.249185473,0.000243345,0.000000892,0.000513614,1
actual,7,27,pipelined_tree,0,1024,192,0.218037222,0.000212927,0.000000901,0.000472126,1
actual,8,28,pipelined_tree,0,1024,192,0.217529025,0.000212431,0.000000842,0.000421732,1
actual,9,29,pipelined_tree,0,1024,192,0.215237200,0.000210193,0.000000801,0.000500400,1
actual,10,30,pipelined_tree,0,1024,192,0.217852203,0.000212746,0.000000732,0.000487486,1
actual,11,31,pipelined_tree,0,1024,192,0.200109923,0.000195420,0.000000941,0.000413156,1
actual,12,32,pipelined_tree,0,1024,192,0.234190307,0.000228701,0.000000761,0.000441539,1
actual,13,33,pipelined_tree,0,1024,192,0.208152116,0.000203274,0.000000831,0.000405238,1
actual,14,34,pipelined_tree,0,1024,192,0.228922973,0.000223558,0.000000841,0.000454231,1
actual,15,35,pipelined_tree,0,1024,192,0.200867497,0.000196160,0.000000832,0.000439265,1
actual,16,36,pipelined_tree,0,1024,192,0.231536997,0.000226110,0.000001143,0.000442668,1
actual,17,37,pipelined_tree,0,1024,192,0.208116509,0.000203239,0.000000772,0.000424637,1
actual,18,38,pipelined_tree,0,1024,192,0.214617449,0.000209587,0.000000822,0.000429815,1
actual,19,39,pipelined_tree,0,1024,192,0.212921778,0.000207931,0.000000932,0.001304062,1
warmup,0,0,pipelined_tree,0,1024,256,0.285349261,0.000278661,0.000001162,0.001496783,1
warmup,1,1,pipelined_tree,0,1024,256,0.214844910,0.000209809,0.000000772,0.001380499,1
warmup,2,2,pipelined_tree,0,1024,256,0.248813806,0.000242982,0.000000771,0.001375681,1
warmup,3,3,pipelined_tree,0,1024,256,0.231816389,0.000226383,0.000001382,0.001412488,1
warmup,4,4,pipelined_tree,0,1024,256,0.247234355,0.000241440,0.000000761,0.001380938,1
warmup,5,5,pipelined_tree,0,1024,256,0.225347622,0.000220066,0.000001413,0.000450356,1
warmup,6,6,pipelined_tree,0,1024,256,0.235332095,0.000229816,0.000000811,0.001320967,1
warmup,7,7,pipelined_tree,0,1024,256,0.219656272,0.000214508,0.000000821,0.000431119,1
warmup,8,8,pipelined_tree,0,1024,256,0.255290369,0.000249307,0.000000952,0.001357478,1
warmup,9,9,pipelined_tree,0,1024,256,0.221693504,0.000216498,0.000000762,0.001273689,1
warmup,10,10,pipelined_tree,0,1024,256,0.257543866,0.000251508,0.000000882,0.000473731,1
warmup,11,11,pipelined_tree,0,1024,256,0.233040386,0.000227579,0.000000781,0.000442762,1
warmup,12,12,pipelined_tree,0,1024,256,0.256084727,0.000250083,0.000000872,0.001275695,1
warmup,13,13,pipelined_tree,0,1024,256,0.223074874,0.000217847,0.000000752,0.000419739,1
warmup,14,14,pipelined_tree,0,1024,256,0.245002925,0.000239261,0.000000721,0.000445076,1
warmup,15,15,pipelined_tree,0,1024,256,0.225830237,0.000220537,0.000000772,0.000467588,1
warmup,16,16,pipelined_tree,0,1024,256,0.233566856,0.000228093,0.000001072,0.000429667,1
warmup,17,17,pipelined_tree,0,1024,256,0.229642547,0.000224260,0.000000731,0.000428646,1
warmup,18,18,pipelined_tree,0,1024,256,0.250587870,0.000244715,0.000000862,0.000442812,1
warmup,19,19,pipelined_tree,0,1024,256,0.236317559,0.000230779,0.000000782,0.000455745,1
actual,0,20,pipelined_tree,0,1024,256,0.245497043,0.000239743,0.000000751,0.001378968,1
actual,1,21,pipelined_tree,0,1024,256,0.233281464,0.000227814,0.000001001,0.000418517,1
actual,2,22,pipelined_tree,0,1024,256,0.259758288,0.000253670,0.000000741,0.000467338,1
actual,3,23,pipelined_tree,0,1024,256,0.218472552,0.000213352,0.000000802,0.000395423,1
actual,4,24,pipelined_tree,0,1024,256,0.252179953,0.000246269,0.000000731,0.001439671,1
actual,5,25,pipelined_tree,0,1024,256,0.225884338,0.000220590,0.000000871,0.001342584,1
actual,6,26,pipelined_tree,0,1024,256,0.239592896,0.000233977,0.000000792,0.001404993,1
actual,7,27,pipelined_tree,0,1024,256,0.215884144,0.000210824,0.000000882,0.000415671,1
actual,8,28,pipelined_tree,0,1024,256,0.256332361,0.000250325,0.000000741,0.000463932,1
actual,9,29,pipelined_tree,0,1024,256,0.224821921,0.000219553,0.000000762,0.000429799,1
actual,10,30,pipelined_tree,0,1024,256,0.244354822,0.000238628,0.000000762,0.000447902,1
actual,11,31,pipelined_tree,0,1024,256,0.223401666,0.000218166,0.000000782,0.000433455,1
actual,12,32,pipelined_tree,0,1024,256,0.241727545,0.000236062,0.000000962,0.000595269,1
actual,13,33,pipelined_tree,0,1024,256,0.228794800,0.000223432,0.000000962,0.000435559,1
actual,14,34,pipelined_tree,0,1024,256,0.245997147,0.000240232,0.000000802,0.000599407,1
actual,15,35,pipelined_tree,0,1024,256,0.210589426,0.000205654,0.000000791,0.000419820,1
actual,16,36,pipelined_tree,0,1024,256,0.279704216,0.000273149,0.000000822,0.001589507,1
actual,17,37,pipelined_tree,0,1024,256,0.220493623,0.000215326,0.000001042,0.000427474,1
actual,18,38,pipelined_tree,0,1024,256,0.270994650,0.000264643,0.000000851,0.001429957,1
actual,19,39,pipelined_tree,0,1024,256,0.223920056,0.000218672,0.000000841,0.000427925,1
warmup,0,0,pipelined_tree,0,1024,384,0.241123345,0.000235472,0.000001072,0.000497106,1
warmup,1,1,pipelined_tree,0,1024,384,0.226168690,0.000220868,0.000000792,0.001606280,1
warmup,2,2,pipelined_tree,0,1024,384,0.244157990,0.000238436,0.000000842,0.000421392,1
warmup,3,3,pipelined_tree,0,1024,384,0.240397381,0.000234763,0.000001062,0.000445097,1
warmup,4,4,pipelined_tree,0,1024,384,0.249499658,0.000243652,0.000000912,0.000409770,1
warmup,5,5,pipelined_tree,0,1024,384,0.230532120,0.000225129,0.000000812,0.000435038,1
warmup,6,6,pipelined_tree,0,1024,384,0.255025970,0.000249049,0.000000871,0.000438904,1
warmup,7,7,pipelined_tree,0,1024,384,0.212037403,0.000207068,0.000000781,0.000361730,1
warmup,8,8,pipelined_tree,0,1024,384,0.253423080,0.000247483,0.000001012,0.000462991,1
warmup,9,9,pipelined_tree,0,1024,384,0.224335538,0.000219078,0.000000942,0.000432082,1
warmup,10,10,pipelined_tree,0,1024,384,0.244185729,0.000238463,0.000000781,0.000388752,1
warmup,11,11,pipelined_tree,0,1024,384,0.224062971,0.000218811,0.000000871,0.000431792,1
warmup,12,12,pipelined_tree,0,1024,384,0.249933178,0.000244075,0.000000822,0.000469833,1
warmup,13,13,pipelined_tree,0,1024,384,0.233345963,0.000227877,0.000000831,0.000443384,1
warmup,14,14,pipelined_tree,0,1024,384,0.247979321,0.000242167,0.000001002,0.000393458,1
warmup,15,15,pipelined_tree,0,1024,384,0.230750690,0.000225342,0.000006001,0.000429999,1
warmup,16,16,pipelined_tree,0,1024,384,0.251815196,0.000245913,0.000000771,0.000460476,1
warmup,17,17,pipelined_tree,0,1024,384,0.228199785,0.000222851,0.000000822,0.000431341,1
warmup,18,18,pipelined_tree,0,1024,384,0.242124823,0.000236450,0.000000862,0.000444265,1
warmup,19,19,pipelined_tree,0,1024,384,0.226682337,0.000221369,0.000001022,0.000445177,1
actual,0,20,pipelined_tree,0,1024,384,0.258629899,0.000252568,0.000000852,0.001516863,1
actual,1,21,pipelined_tree,0,1024,384,0.225287430,0.000220007,0.000000861,0.000415721,1
actual,2,22,pipelined_tree,0,1024,384,0.256559680,0.000250547,0.000000851,0.000457139,1
actual,3,23,pipelined_tree,0,1024,384,0.233318401,0.000227850,0.000000952,0.000440277,1
actual,4,24,pipelined_tree,0,1024,384,0.246951491,0.000241164,0.000000831,0.000457480,1
actual,5,25,pipelined_tree,0,1024,384,0.220503942,0.000215336,0.000000812,0.001256118,1
actual,6,26,pipelined_tree,0,1024,384,0.248419650,0.000242597,0.000000891,0.000450527,1
actual,7,27,pipelined_tree,0,1024,384,0.220274693,0.000215112,0.000001042,0.000416904,1
actual,8,28,pipelined_tree,0,1024,384,0.253509588,0.000247568,0.000000872,0.001486949,1
actual,9,29,pipelined_tree,0,1024,384,0.240757513,0.000235115,0.000000852,0.000455897,1
actual,10,30,pipelined_tree,0,1024,384,0.239777492,0.000234158,0.000000932,0.000463831,1
actual,11,31,pipelined_tree,0,1024,384,0.232754311,0.000227299,0.000000932,0.000430149,1
actual,12,32,pipelined_tree,0,1024,384,0.257004975,0.000250981,0.000000822,0.000452830,1
actual,13,33,pipelined_tree,0,1024,384,0.220597975,0.000215428,0.000000932,0.000425169,1
actual,14,34,pipelined_tree,0,1024,384,0.248135826,0.000242320,0.000000801,0.000452551,1
actual,15,35,pipelined_tree,0,1024,384,0.221195374,0.000216011,0.000000812,0.000414870,1
actual,16,36,pipelined_tree,0,1024,384,0.255522820,0.000249534,0.000001022,0.000464192,1
actual,17,37,pipelined_tree,0,1024,384,0.231313045,0.000225892,0.000000791,0.000430298,1
actual,18,38,pipelined_tree,0,1024,384,0.252921269,0.000246993,0.000001182,0.000427023,1
actual,19,39,pipelined_tree,0,1024,384,0.226312986,0.000221009,0.000000811,0.000391376,1
warmup,0,0,pipelined_tree,0,1024,512,0.288319267,0.000281562,0.000001012,0.001357080,1
warmup,1,1,pipelined_tree,0,1024,512,0.264499191,0.000258300,0.000000962,0.000481705,1
warmup,2,2,pipelined_tree,0,1024,512,0.286482829,0.000279768,0.000000842,0.000505360,1
warmup,3,3,pipelined_tree,0,1024,512,0.261066660,0.000254948,0.000000842,0.000479231,1
warmup,4,4,pipelined_tree,0,1024,512,0.276697608,0.000270213,0.000000772,0.000511712,1
warmup,5,5,pipelined_tree,0,1024,512,0.249856142,0.000244000,0.000000962,0.000474402,1
warmup,6,6,pipelined_tree,0,1024,512,0.284250543,0.000277588,0.000000882,0.000510730,1
warmup,7,7,pipelined_tree,0,1024,512,0.251890487,0.000245987,0.000000781,0.000465786,1
warmup,8,8,pipelined_tree,0,1024,512,0.282146713,0.000275534,0.000000872,0.001424291,1
warmup,9,9,pipelined_tree,0,1024,512,0.246352324,0.000240578,0.000000952,0.000466847,1
warmup,10,10,pipelined_tree,0,1024,512,0.292997461,0.000286130,0.000001002,0.000518725,1
warmup,11,11,pipelined_tree,0,1024,512,0.259817124,0.000253728,0.000000842,0.000548682,1
warmup,12,12,pipelined_tree,0,1024,512,0.276441392,0.000269962,0.000000821,0.000506682,1
warmup,13,13,pipelined_tree,0,1024,512,0.262917790,0.000256756,0.000000822,0.000496092,1
warmup,14,14,pipelined_tree,0,1024,512,0.281361181,0.000274767,0.000001012,0.000508164,1
warmup,15,15,pipelined_tree,0,1024,512,0.257241795,0.000251213,0.000000841,0.000478599,1
warmup,16,16,pipelined_tree,0,1024,512,0.279291270,0.000272745,0.000000802,0.001435147,1
warmup,17,17,pipelined_tree,0,1024,512,0.250634448,0.000244760,0.000000791,0.000456288,1
warmup,18,18,pipelined_tree,0,1024,512,0.289610567,0.000282823,0.000000921,0.000559390,1
warmup,19,19,pipelined_tree,0,1024,512,0.243704714,0.000237993,0.000000802,0.000479902,1
actual,0,20,pipelined_tree,0,1024,512,0.284760913,0.000278087,0.000000802,0.000494239,1
actual,1,21,pipelined_tree,0,1024,512,0.256497171,0.000250486,0.000000972,0.000524495,1
actual,2,22,pipelined_tree,0,1024,512,0.286808995,0.000280087,0.000001152,0.001415953,1
actual,3,23,pipelined_tree,0,1024,512,0.249627363,0.000243777,0.000000822,0.000551477,1
actual,4,24,pipelined_tree,0,1024,512,0.288461884,0.000281701,0.000000831,0.000494760,1
actual,5,25,pipelined_tree,0,1024,512,0.260694248,0.000254584,0.000000782,0.000471777,1
actual,6,26,pipelined_tree,0,1024,512,0.290059170,0.000283261,0.000000962,0.000513545,1
actual,7,27,pipelined_tree,0,1024,512,0.264942662,0.000258733,0.000000802,0.000523132,1
actual,8,28,pipelined_tree,0,1024,512,0.268662227,0.000262365,0.000000832,0.000485894,1
actual,9,29,pipelined_tree,0,1024,512,0.261034694,0.000254917,0.000000811,0.000476967,1
actual,10,30,pipelined_tree,0,1024,512,0.290627539,0.000283816,0.000000772,0.000509027,1
actual,11,31,pipelined_tree,0,1024,512,0.253441951,0.000247502,0.000001022,0.000458943,1
actual,12,32,pipelined_tree,0,1024,512,0.291655571,0.000284820,0.000000942,0.000504358,1
actual,13,33,pipelined_tree,0,1024,512,0.260947390,0.000254831,0.000000782,0.000434946,1
actual,14,34,pipelined_tree,0,1024,512,0.279379797,0.000272832,0.000000771,0.000485372,1
actual,15,35,pipelined_tree,0,1024,512,0.260421228,0.000254318,0.000000811,0.000481115,1
actual,16,36,pipelined_tree,0,1024,512,0.285698085,0.000279002,0.000000972,0.000553241,1
actual,17,37,pipelined_tree,0,1024,512,0.260696373,0.000254586,0.000000782,0.000464263,1
actual,18,38,pipelined_tree,0,1024,512,0.272127387,0.000265749,0.000000771,0.000491554,1
actual,19,39,pipelined_tree,0,1024,512,0.254498967,0.000248534,0.000000811,0.000435488,1
warmup,0,0,pipelined_tree,0,1024,768,0.279392708,0.000272844,0.000000852,0.000500080,1
warmup,1,1,pipelined_tree,0,1024,768,0.255054128,0.000249076,0.000000991,0.000474091,1
warmup,2,2,pipelined_tree,0,1024,768,0.274736997,0.000268298,0.000000821,0.000495181,1
warmup,3,3,pipelined_tree,0,1024,768,0.246487711,0.000240711,0.000003707,0.000468890,1
warmup,4,4,pipelined_tree,0,1024,768,0.289320544,0.000282540,0.000000952,0.000507845,1
warmup,5,5,pipelined_tree,0,1024,768,0.251084964,0.000245200,0.000000812,0.000482477,1
warmup,6,6,pipelined_tree,0,1024,768,0.271646703,0.000265280,0.000000932,0.000491925,1
warmup,7,7,pipelined_tree,0,1024,768,0.252952788,0.000247024,0.000000852,0.000468781,1
warmup,8,8,pipelined_tree,0,1024,768,0.271389072,0.000265028,0.000000922,0.000471356,1
warmup,9,9,pipelined_tree,0,1024,768,0.242898535,0.000237206,0.000000771,0.000446269,1
warmup,10,10,pipelined_tree,0,1024,768,0.279543021,0.000272991,0.000000791,0.000512292,1
warmup,11,11,pipelined_tree,0,1024,768,0.259383578,0.000253304,0.000001021,0.000481816,1
warmup,12,12,pipelined_tree,0,1024,768,0.278151486,0.000271632,0.000000842,0.000509397,1
warmup,13,13,pipelined_tree,0,1024,768,0.253779722,0.000247832,0.000000821,0.000467278,1
warmup,14,14,pipelined_tree,0,1024,768,0.278272380,0.000271750,0.000000781,0.000521390,1
warmup,15,15,pipelined_tree,0,1024,768,0.272969488,0.000266572,0.000000962,0.000523743,1
warmup,16,16,pipelined_tree,0,1024,768,0.283068516,0.000276434,0.000000922,0.000498207,1
warmup,17,17,pipelined_tree,0,1024,768,0.259966961,0.000253874,0.000000901,0.000472769,1
warmup,18,18,pipelined_tree,0,1024,768,0.278960859,0.000272423,0.000000862,0.000508005,1
warmup,19,19,pipelined_tree,0,1024,768,0.257557197,0.000251521,0.000000811,0.000468810,1
actual,0,20,pipelined_tree,0,1024,768,0.278390517,0.000271866,0.000000922,0.000499258,1
actual,1,21,pipelined_tree,0,1024,768,0.251384327,0.000245493,0.000000962,0.000486154,1
actual,2,22,pipelined_tree,0,1024,768,0.280765376,0.000274185,0.000000831,0.000475715,1
actual,3,23,pipelined_tree,0,1024,768,0.253166101,0.000247233,0.000000762,0.000476606,1
actual,4,24,pipelined_tree,0,1024,768,0.295873394,0.000288939,0.000000911,0.000544132,1
actual,5,25,pipelined_tree,0,1024,768,0.270338103,0.000264002,0.000000772,0.000510228,1
actual,6,26,pipelined_tree,0,1024,768,0.290918533,0.000284100,0.000000961,0.000536347,1
actual,7,27,pipelined_tree,0,1024,768,0.258781905,0.000252717,0.000000832,0.000503295,1
actual,8,28,pipelined_tree,0,1024,768,0.266424335,0.000260180,0.000000882,0.000471597,1
actual,9,29,pipelined_tree,0,1024,768,0.270013550,0.000263685,0.000000821,0.000501361,1
actual,10,30,pipelined_tree,0,1024,768,0.292311404,0.000285460,0.000001203,0.000503917,1
actual,11,31,pipelined_tree,0,1024,768,0.269383949,0.000263070,0.000000821,0.000518694,1
actual,12,32,pipelined_tree,0,1024,768,0.270318632,0.000263983,0.000000812,0.000497354,1
actual,13,33,pipelined_tree,0,1024,768,0.266223119,0.000259984,0.000000801,0.000512071,1
actual,14,34,pipelined_tree,0,1024,768,0.281884711,0.000275278,0.000000801,0.000527883,1
actual,15,35,pipelined_tree,0,1024,768,0.256253855,0.000250248,0.000001002,0.000492004,1
actual,16,36,pipelined_tree,0,1024,768,0.267493526,0.000261224,0.000000872,0.000497394,1
actual,17,37,pipelined_tree,0,1024,768,0.255775463,0.000249781,0.000000851,0.000497244,1
actual,18,38,pipelined_tree,0,1024,768,0.274623724,0.000268187,0.000000982,0.000485422,1
actual,19,39,pipelined_tree,0,1024,768,0.268301128,0.000262013,0.000000792,0.000487466,1
warmup,0,0,pipelined_tree,0,1024,1024,0.390845492,0.000381685,0.000001052,0.001405556,1
warmup,1,1,pipelined_tree,0,1024,1024,0.366354965,0.000357769,0.000000912,0.001694686,1
warmup,2,2,pipelined_tree,0,1024,1024,0.385140593,0.000376114,0.000001042,0.000640503,1
warmup,3,3,pipelined_tree,0,1024,1024,0.368018629,0.000359393,0.000000961,0.000672753,1
warmup,4,4,pipelined_tree,0,1024,1024,0.380051547,0.000371144,0.000000912,0.000627480,1
warmup,5,5,pipelined_tree,0,1024,1024,0.377571627,0.000368722,0.000000842,0.000672773,1
warmup,6,6,pipelined_tree,0,1024,1024,0.381448949,0.000372509,0.000000842,0.000649079,1
warmup,7,7,pipelined_tree,0,1024,1024,0.370802557,0.000362112,0.000001083,0.000635754,1
warmup,8,8,pipelined_tree,0,1024,1024,0.370793362,0.000362103,0.000000982,0.000659529,1
warmup,9,9,pipelined_tree,0,1024,1024,0.553477027,0.000540505,0.000001052,0.000808238,1
warmup,10,10,pipelined_tree,0,1024,1024,0.396542484,0.000387249,0.000001342,0.000672302,1
warmup,11,11,pipelined_tree,0,1024,1024,0.382349180,0.000373388,0.000001011,0.001652340,1
warmup,12,12,pipelined_tree,0,1024,1024,0.376369472,0.000367548,0.000000931,0.000650892,1
warmup,13,13,pipelined_tree,0,1024,1024,0.361539989,0.000353066,0.000000892,0.000660410,1
warmup,14,14,pipelined_tree,0,1024,1024,0.372943895,0.000364203,0.000000972,0.000655361,1
warmup,15,15,pipelined_tree,0,1024,1024,0.359599335,0.000351171,0.000000872,0.000654689,1
warmup,16,16,pipelined_tree,0,1024,1024,0.371408507,0.000362704,0.000001012,0.000637317,1
warmup,17,17,pipelined_tree,0,1024,1024,0.366820680,0.000358223,0.000000832,0.000681129,1
warmup,18,18,pipelined_tree,0,1024,1024,0.391011338,0.000381847,0.000001062,0.000722336,1
warmup,19,19,pipelined_tree,0,1024,1024,0.367474653,0.000358862,0.000000941,0.000679106,1
actual,0,20,pipelined_tree,0,1024,1024,0.371554442,0.000362846,0.000000922,0.000669296,1
actual,1,21,pipelined_tree,0,1024,1024,0.363189101,0.000354677,0.000000911,0.000660340,1
actual,2,22,pipelined_tree,0,1024,1024,0.392630364,0.000383428,0.000001012,0.000701377,1
actual,3,23,pipelined_tree,0,1024,1024,0.369463329,0.000360804,0.000000912,0.000663876,1
actual,4,24,pipelined_tree,0,1024,1024,0.365626896,0.000357058,0.000001062,0.000616818,1
actual,5,25,pipelined_tree,0,1024,1024,0.373677985,0.000364920,0.000000942,0.000669747,1
actual,6,26,pipelined_tree,0,1024,1024,0.370020008,0.000361348,0.000001052,0.000666632,1
actual,7,27,pipelined_tree,0,1024,1024,0.350019821,0.000341816,0.000000942,0.000628420,1
actual,8,28,pipelined_tree,0,1024,1024,0.372233304,0.000363509,0.000000882,0.000613412,1
actual,9,29,pipelined_tree,0,1024,1024,0.359997798,0.000351560,0.000000922,0.000707469,1
actual,10,30,pipelined_tree,0,1024,1024,0.390035627,0.000380894,0.000001082,0.000717608,1
actual,11,31,pipelined_tree,0,1024,1024,0.366681061,0.000358087,0.000000902,0.000650131,1
actual,12,32,pipelined_tree,0,1024,1024,0.368295564,0.000359664,0.000000902,0.000609525,1
actual,13,33,pipelined_tree,0,1024,1024,0.364602367,0.000356057,0.000000902,0.000675398,1
actual,14,34,pipelined_tree,0,1024,1024,0.376126840,0.000367311,0.000001052,0.000666321,1
actual,15,35,pipelined_tree,0,1024,1024,0.369774622,0.000361108,0.000000932,0.000667313,1
actual,16,36,pipelined_tree,0,1024,1024,0.391163465,0.000381996,0.000000932,0.000686850,1
actual,17,37,pipelined_tree,0,1024,1024,0.367181742,0.000358576,0.000000962,0.000650251,1
actual,18,38,pipelined_tree,0,1024,1024,0.386427389,0.000377370,0.000001042,0.000681800,1
actual,19,39,pipelined_tree,0,1024,1024,0.363511648,0.000354992,0.000001022,0.000660250,1
warmup,0,0,pipelined_tree,0,1024,1536,0.338514724,0.000330581,0.000000942,0.000617830,1
warmup,1,1,pipelined_tree,0,1024,1536,0.310202244,0.000302932,0.000000902,0.000578046,1
warmup,2,2,pipelined_tree,0,1024,1536,0.329356690,0.000321637,0.000001182,0.000563608,1
warmup,3,3,pipelined_tree,0,1024,1536,0.316658595,0.000309237,0.000001413,0.000583366,1
warmup,4,4,pipelined_tree,0,1024,1536,0.325896080,0.000318258,0.000000911,0.000589547,1
warmup,5,5,pipelined_tree,0,1024,1536,0.300680064,0.000293633,0.000000972,0.000558279,1
warmup,6,6,pipelined_tree,0,1024,1536,0.323955403,0.000316363,0.000000911,0.000603243,1
warmup,7,7,pipelined_tree,0,1024,1536,0.299824723,0.000292798,0.000000992,0.000561354,1
warmup,8,8,pipelined_tree,0,1024,1536,0.319837331,0.000312341,0.000001012,0.000579268,1
warmup,9,9,pipelined_tree,0,1024,1536,0.307319202,0.000300116,0.000000932,0.000556246,1
warmup,10,10,pipelined_tree,0,1024,1536,0.319896043,0.000312398,0.000000942,0.000619795,1
warmup,11,11,pipelined_tree,0,1024,1536,0.310289349,0.000303017,0.000001002,0.000584187,1
warmup,12,12,pipelined_tree,0,1024,1536,0.315825526,0.000308423,0.000000831,0.000583205,1
warmup,13,13,pipelined_tree,0,1024,1536,0.301934884,0.000294858,0.000000972,0.000558860,1
warmup,14,14,pipelined_tree,0,1024,1536,0.338852096,0.000330910,0.000000941,0.000621076,1
warmup,15,15,pipelined_tree,0,1024,1536,0.316444606,0.000309028,0.000000872,0.000585058,1
warmup,16,16,pipelined_tree,0,1024,1536,0.323101677,0.000315529,0.000001042,0.000592523,1
warmup,17,17,pipelined_tree,0,1024,1536,0.307720469,0.000300508,0.000000852,0.000566444,1
warmup,18,18,pipelined_tree,0,1024,1536,0.334595791,0.000326754,0.000000821,0.000621117,1
warmup,19,19,pipelined_tree,0,1024,1536,0.313416437,0.000306071,0.000000901,0.000587403,1
actual,0,20,pipelined_tree,0,1024,1536,0.318084192,0.000310629,0.000001062,0.000593916,1
actual,1,21,pipelined_tree,0,1024,1536,0.304997893,0.000297850,0.000000851,0.000565852,1
actual,2,22,pipelined_tree,0,1024,1536,0.326588202,0.000318934,0.000000902,0.000595278,1
actual,3,23,pipelined_tree,0,1024,1536,0.318555745,0.000311090,0.000000891,0.000576863,1
actual,4,24,pipelined_tree,0,1024,1536,0.337597189,0.000329685,0.000001102,0.000609415,1
actual,5,25,pipelined_tree,0,1024,1536,0.313177767,0.000305838,0.000000912,0.000584858,1
actual,6,26,pipelined_tree,0,1024,1536,0.324089758,0.000316494,0.000000912,0.000605146,1
actual,7,27,pipelined_tree,0,1024,1536,0.308550722,0.000301319,0.000000872,0.001522382,1
actual,8,28,pipelined_tree,0,1024,1536,0.324550505,0.000316944,0.000001002,0.000595899,1
actual,9,29,pipelined_tree,0,1024,1536,0.308774659,0.000301538,0.000000831,0.000576744,1
actual,10,30,pipelined_tree,0,1024,1536,0.323325266,0.000315747,0.000000792,0.000586962,1
actual,11,31,pipelined_tree,0,1024,1536,0.311913884,0.000304603,0.000000871,0.000567988,1
actual,12,32,pipelined_tree,0,1024,1536,0.322907632,0.000315339,0.000001032,0.000599716,1
actual,13,33,pipelined_tree,0,1024,1536,0.310363491,0.000303089,0.000000861,0.000586281,1
actual,14,34,pipelined_tree,0,1024,1536,0.317999104,0.000310546,0.000000862,0.000587824,1
actual,15,35,pipelined_tree,0,1024,1536,0.299247604,0.000292234,0.000000942,0.000552538,1
actual,16,36,pipelined_tree,0,1024,1536,0.335937748,0.000328064,0.000000882,0.000617279,1
actual,17,37,pipelined_tree,0,1024,1536,0.313478507,0.000306131,0.000001022,0.000582995,1
actual,18,38,pipelined_tree,0,1024,1536,0.324760461,0.000317149,0.000000852,0.000585159,1
actual,19,39,pipelined_tree,0,1024,1536,0.314720728,0.000307344,0.000000922,0.000598283,1
warmup,0,0,pipelined_tree,0,1024,2048,0.335497697,0.000327634,0.000001032,0.000636185,1
warmup,1,1,pipelined_tree,0,1024,2048,0.318701022,0.000311231,0.000001062,0.000589467,1
warmup,2,2,pipelined_tree,0,1024,2048,0.325955879,0.000318316,0.000000912,0.000582904,1
warmup,3,3,pipelined_tree,0,1024,2048,0.307739110,0.000300526,0.000000931,0.000583195,1
warmup,4,4,pipelined_tree,0,1024,2048,0.340110172,0.000332139,0.000000992,0.000621277,1
warmup,5,5,pipelined_tree,0,1024,2048,0.316587077,0.000309167,0.000000912,0.000582805,1
warmup,6,6,pipelined_tree,0,1024,2048,0.316060962,0.000308653,0.000001092,0.000583195,1
warmup,7,7,pipelined_tree,0,1024,2048,0.319650029,0.000312158,0.000000902,0.000593335,1
warmup,8,8,pipelined_tree,0,1024,2048,0.327982420,0.000320295,0.000000872,0.000560724,1
warmup,9,9,pipelined_tree,0,1024,2048,0.314706422,0.000307330,0.000000932,0.000582414,1
warmup,10,10,pipelined_tree,0,1024,2048,0.326533623,0.000318880,0.000001032,0.000593024,1
warmup,11,11,pipelined_tree,0,1024,2048,0.309058637,0.000301815,0.000000932,0.000570542,1
warmup,12,12,pipelined_tree,0,1024,2048,0.333799998,0.000325977,0.000000871,0.000613091,1
warmup,13,13,pipelined_tree,0,1024,2048,0.308920054,0.000301680,0.000000882,0.000584488,1
warmup,14,14,pipelined_tree,0,1024,2048,0.317976867,0.000310524,0.000001052,0.000559351,1
warmup,15,15,pipelined_tree,0,1024,2048,0.315791563,0.000308390,0.000000901,0.000570742,1
warmup,16,16,pipelined_tree,0,1024,2048,0.321862640,0.000314319,0.000000872,0.000596991,1
warmup,17,17,pipelined_tree,0,1024,2048,0.298801362,0.000291798,0.000000932,0.000562376,1
warmup,18,18,pipelined_tree,0,1024,2048,0.339092971,0.000331145,0.000000902,0.000617229,1
warmup,19,19,pipelined_tree,0,1024,2048,0.299038980,0.000292030,0.000001122,0.000583295,1
actual,0,20,pipelined_tree,0,1024,2048,0.322472295,0.000314914,0.000000862,0.000589687,1
actual,1,21,pipelined_tree,0,1024,2048,0.307239734,0.000300039,0.000000852,0.000571123,1
actual,2,22,pipelined_tree,0,1024,2048,0.326810778,0.000319151,0.000000831,0.000580610,1
actual,3,23,pipelined_tree,0,1024,2048,0.320034460,0.000312534,0.000001042,0.000603353,1
actual,4,24,pipelined_tree,0,1024,2048,0.314244952,0.000306880,0.000000811,0.000587834,1
actual,5,25,pipelined_tree,0,1024,2048,0.306139496,0.000298964,0.000000882,0.000565953,1
actual,6,26,pipelined_tree,0,1024,2048,0.316178295,0.000308768,0.000000902,0.000540605,1
actual,7,27,pipelined_tree,0,1024,2048,0.316049628,0.000308642,0.000000901,0.000606179,1
actual,8,28,pipelined_tree,0,1024,2048,0.329266245,0.000321549,0.000001022,0.000604996,1
actual,9,29,pipelined_tree,0,1024,2048,0.305521294,0.000298361,0.000000781,0.000566093,1
actual,10,30,pipelined_tree,0,1024,2048,0.314578827,0.000307206,0.000000962,0.000568598,1
actual,11,31,pipelined_tree,0,1024,2048,0.299382131,0.000292365,0.000001664,0.000578286,1
actual,12,32,pipelined_tree,0,1024,2048,0.321154035,0.000313627,0.000001082,0.000594847,1
actual,13,33,pipelined_tree,0,1024,2048,0.306203078,0.000299026,0.000000902,0.000577545,1
actual,14,34,pipelined_tree,0,1024,2048,0.324118544,0.000316522,0.000000841,0.000596310,1
actual,15,35,pipelined_tree,0,1024,2048,0.311591390,0.000304288,0.000000851,0.000587684,1
actual,16,36,pipelined_tree,0,1024,2048,0.326512409,0.000318860,0.000001072,0.000586081,1
actual,17,37,pipelined_tree,0,1024,2048,0.320870422,0.000313350,0.000000942,0.000614214,1
actual,18,38,pipelined_tree,0,1024,2048,0.316946952,0.000309519,0.000000872,0.000579379,1
actual,19,39,pipelined_tree,0,1024,2048,0.304175659,0.000297047,0.000000911,0.000577224,1
warmup,0,0,pipelined_tree,0,1024,3072,0.335917722,0.000328045,0.000001052,0.000592582,1
warmup,1,1,pipelined_tree,0,1024,3072,0.321446316,0.000313912,0.000001182,0.000587593,1
warmup,2,2,pipelined_tree,0,1024,3072,0.318864926,0.000311392,0.000001192,0.000544985,1
warmup,3,3,pipelined_tree,0,1024,3072,0.307456442,0.000300250,0.000001603,0.000573377,1
warmup,4,4,pipelined_tree,0,1024,3072,0.342026104,0.000334010,0.000001112,0.000641695,1
warmup,5,5,pipelined_tree,0,1024,3072,0.308382577,0.000301155,0.000001142,0.000563018,1
warmup,6,6,pipelined_tree,0,1024,3072,0.319760693,0.000312266,0.000000952,0.000573678,1
warmup,7,7,pipelined_tree,0,1024,3072,0.314754800,0.000307378,0.000000981,0.000608102,1
warmup,8,8,pipelined_tree,0,1024,3072,0.323846910,0.000316257,0.000001052,0.000587744,1
warmup,9,9,pipelined_tree,0,1024,3072,0.308754879,0.000301518,0.000001022,0.000597192,1
warmup,10,10,pipelined_tree,0,1024,3072,0.331104960,0.000323345,0.000001322,0.000620646,1
warmup,11,11,pipelined_tree,0,1024,3072,0.312674291,0.000305346,0.000001123,0.000579548,1
warmup,12,12,pipelined_tree,0,1024,3072,0.323822662,0.000316233,0.000001052,0.000581512,1
warmup,13,13,pipelined_tree,0,1024,3072,0.319122705,0.000311643,0.000001082,0.000608242,1
warmup,14,14,pipelined_tree,0,1024,3072,0.322249785,0.000314697,0.000001222,0.000577986,1
warmup,15,15,pipelined_tree,0,1024,3072,0.317094440,0.000309663,0.000001022,0.000589166,1
warmup,16,16,pipelined_tree,0,1024,3072,0.477399968,0.000466211,0.000001242,0.000749227,1
warmup,17,17,pipelined_tree,0,1024,3072,0.315605176,0.000308208,0.000001163,0.000592904,1
warmup,18,18,pipelined_tree,0,1024,3072,0.328037411,0.000320349,0.000001262,0.000583115,1
warmup,19,19,pipelined_tree,0,1024,3072,0.318025737,0.000310572,0.000001693,0.000615265,1
actual,0,20,pipelined_tree,0,1024,3072,0.321190100,0.000313662,0.000001282,0.000585199,1
actual,1,21,pipelined_tree,0,1024,3072,0.316219333,0.000308808,0.000001192,0.000602722,1
actual,2,22,pipelined_tree,0,1024,3072,0.320346227,0.000312838,0.000001152,0.000587293,1
actual,3,23,pipelined_tree,0,1024,3072,0.313638957,0.000306288,0.000001373,0.000584438,1
actual,4,24,pipelined_tree,0,1024,3072,0.324544322,0.000316938,0.000001333,0.000592813,1
actual,5,25,pipelined_tree,0,1024,3072,0.313723047,0.000306370,0.000001593,0.000575351,1
actual,6,26,pipelined_tree,0,1024,3072,0.332690766,0.000324893,0.000001283,0.000570662,1
actual,7,27,pipelined_tree,0,1024,3072,0.316986499,0.000309557,0.000001332,0.000573166,1
actual,8,28,pipelined_tree,0,1024,3072,0.318440414,0.000310977,0.000001202,0.000579678,1
actual,9,29,pipelined_tree,0,1024,3072,0.309499429,0.000302246,0.000001192,0.000595458,1
actual,10,30,pipelined_tree,0,1024,3072,0.325813224,0.000318177,0.000001253,0.000591992,1
actual,11,31,pipelined_tree,0,1024,3072,0.322836895,0.000315270,0.000001503,0.000578667,1
actual,12,32,pipelined_tree,0,1024,3072,0.326195287,0.000318550,0.000001142,0.000603673,1
actual,13,33,pipelined_tree,0,1024,3072,0.308821381,0.000301583,0.000001132,0.000581041,1
actual,14,34,pipelined_tree,0,1024,3072,0.322560784,0.000315001,0.000001372,0.000597702,1
actual,15,35,pipelined_tree,0,1024,3072,0.318777138,0.000311306,0.000001663,0.000596630,1
actual,16,36,pipelined_tree,0,1024,3072,0.326552350,0.000318899,0.000001263,0.000583215,1
actual,17,37,pipelined_tree,0,1024,3072,0.322566302,0.000315006,0.000001132,0.000577985,1
actual,18,38,pipelined_tree,0,1024,3072,0.338860431,0.000330918,0.000001162,0.000617299,1
actual,19,39,pipelined_tree,0,1024,3072,0.317121038,0.000309689,0.000001152,0.000586802,1
warmup,0,0,pipelined_tree,0,1024,4096,0.337831394,0.000329913,0.000001493,0.000607320,1
warmup,1,1,pipelined_tree,0,1024,4096,0.310899304,0.000303613,0.000001283,0.000598654,1
warmup,2,2,pipelined_tree,0,1024,4096,0.326246309,0.000318600,0.000001212,0.000585069,1
warmup,3,3,pipelined_tree,0,1024,4096,0.323430792,0.000315850,0.000001232,0.000597412,1
warmup,4,4,pipelined_tree,0,1024,4096,0.339065115,0.000331118,0.000001483,0.000592953,1
warmup,5,5,pipelined_tree,0,1024,4096,0.307294603,0.000300092,0.000001353,0.000577064,1
warmup,6,6,pipelined_tree,0,1024,4096,0.320984096,0.000313461,0.000001252,0.000590118,1
warmup,7,7,pipelined_tree,0,1024,4096,0.312034004,0.000304721,0.000001232,0.000588195,1
warmup,8,8,pipelined_tree,0,1024,4096,0.327695638,0.000320015,0.000001172,0.000588646,1
warmup,9,9,pipelined_tree,0,1024,4096,0.325700138,0.000318067,0.000001703,0.000608292,1
warmup,10,10,pipelined_tree,0,1024,4096,0.324983554,0.000317367,0.000001282,0.000565463,1
warmup,11,11,pipelined_tree,0,1024,4096,0.335668006,0.000327801,0.000001694,0.000593364,1
warmup,12,12,pipelined_tree,0,1024,4096,0.348001331,0.000339845,0.000001332,0.000631876,1
warmup,13,13,pipelined_tree,0,1024,4096,0.329162179,0.000321447,0.000001963,0.001387091,1
warmup,14,14,pipelined_tree,0,1024,4096,0.337142934,0.000329241,0.000001222,0.001542401,1
warmup,15,15,pipelined_tree,0,1024,4096,0.306626912,0.000299440,0.000001253,0.000549802,1
warmup,16,16,pipelined_tree,0,1024,4096,0.337337902,0.000329432,0.000001643,0.000622008,1
warmup,17,17,pipelined_tree,0,1024,4096,0.308144825,0.000300923,0.000001633,0.000578746,1
warmup,18,18,pipelined_tree,0,1024,4096,0.324920420,0.000317305,0.000001273,0.000591100,1
warmup,19,19,pipelined_tree,0,1024,4096,0.315316952,0.000307927,0.000001313,0.000590729,1
actual,0,20,pipelined_tree,0,1024,4096,0.341021359,0.000333029,0.000001452,0.000630354,1
actual,1,21,pipelined_tree,0,1024,4096,0.301668722,0.000294598,0.000001403,0.000572746,1
actual,2,22,pipelined_tree,0,1024,4096,0.326142647,0.000318499,0.000001273,0.000600477,1
actual,3,23,pipelined_tree,0,1024,4096,0.318373556,0.000310912,0.000001222,0.000577254,1
actual,4,24,pipelined_tree,0,1024,4096,0.347409542,0.000339267,0.000001953,0.000623080,1
actual,5,25,pipelined_tree,0,1024,4096,0.311958824,0.000304647,0.000001313,0.000573707,1
actual,6,26,pipelined_tree,0,1024,4096,0.319542203,0.000312053,0.000001322,0.000582404,1
actual,7,27,pipelined_tree,0,1024,4096,0.315823139,0.000308421,0.000002304,0.000589557,1
actual,8,28,pipelined_tree,0,1024,4096,0.322972838,0.000315403,0.000001352,0.000546306,1
actual,9,29,pipelined_tree,0,1024,4096,0.329804020,0.000322074,0.000001353,0.000596570,1
actual,10,30,pipelined_tree,0,1024,4096,0.338581468,0.000330646,0.000001263,0.000545404,1
actual,11,31,pipelined_tree,0,1024,4096,0.320063679,0.000312562,0.000001613,0.000582714,1
actual,12,32,pipelined_tree,0,1024,4096,0.343983044,0.000335921,0.000001222,0.000613182,1
actual,13,33,pipelined_tree,0,1024,4096,0.316868322,0.000309442,0.000001764,0.000582895,1
actual,14,34,pipelined_tree,0,1024,4096,0.330424883,0.000322681,0.000001253,0.000601600,1
actual,15,35,pipelined_tree,0,1024,4096,0.299927033,0.000292897,0.000001382,0.000557266,1
actual,16,36,pipelined_tree,0,1024,4096,0.325794637,0.000318159,0.000001643,0.000580721,1
actual,17,37,pipelined_tree,0,1024,4096,0.319752658,0.000312258,0.000001342,0.000587834,1
actual,18,38,pipelined_tree,0,1024,4096,0.323544714,0.000315962,0.000001773,0.000563338,1
actual,19,39,pipelined_tree,0,1024,4096,0.313179282,0.000305839,0.000001363,0.000581392,1
warmup,0,0,pipelined_tree,0,1024,6144,0.337611114,0.000329698,0.000001403,0.000559161,1
warmup,1,1,pipelined_tree,0,1024,6144,0.326795053,0.000319136,0.000001593,0.000600127,1
warmup,2,2,pipelined_tree,0,1024,6144,0.333403230,0.000325589,0.000001694,0.000581131,1
warmup,3,3,pipelined_tree,0,1024,6144,0.325416521,0.000317790,0.000002134,0.000586732,1
warmup,4,4,pipelined_tree,0,1024,6144,0.329431557,0.000321711,0.000001733,0.000575360,1
warmup,5,5,pipelined_tree,0,1024,6144,0.324541276,0.000316935,0.000001452,0.000597202,1
warmup,6,6,pipelined_tree,0,1024,6144,0.344165225,0.000336099,0.000001834,0.000564290,1
warmup,7,7,pipelined_tree,0,1024,6144,0.337292001,0.000329387,0.000001423,0.000605307,1
warmup,8,8,pipelined_tree,0,1024,6144,0.335669219,0.000327802,0.000001593,0.000608844,1
warmup,9,9,pipelined_tree,0,1024,6144,0.324883049,0.000317269,0.000002254,0.000605226,1
warmup,10,10,pipelined_tree,0,1024,6144,0.341034046,0.000333041,0.000001693,0.000624713,1
warmup,11,11,pipelined_tree,0,1024,6144,0.322664124,0.000315102,0.000001543,0.000594096,1
warmup,12,12,pipelined_tree,0,1024,6144,0.332108784,0.000324325,0.000001553,0.000611819,1
warmup,13,13,pipelined_tree,0,1024,6144,0.326347495,0.000318699,0.000001633,0.000595719,1
warmup,14,14,pipelined_tree,0,1024,6144,0.341340026,0.000333340,0.000001693,0.000618231,1
warmup,15,15,pipelined_tree,0,1024,6144,0.316627226,0.000309206,0.000001984,0.000596641,1
warmup,16,16,pipelined_tree,0,1024,6144,0.329726463,0.000321998,0.000001743,0.000584387,1
warmup,17,17,pipelined_tree,0,1024,6144,0.327909356,0.000320224,0.000001533,0.000600968,1
warmup,18,18,pipelined_tree,0,1024,6144,0.325319072,0.000317694,0.000001513,0.000600527,1
warmup,19,19,pipelined_tree,0,1024,6144,0.336402786,0.000328518,0.000003547,0.000607451,1
actual,0,20,pipelined_tree,0,1024,6144,0.336908384,0.000329012,0.000001723,0.000591322,1
actual,1,21,pipelined_tree,0,1024,6144,0.311655016,0.000304351,0.000001512,0.000579558,1
actual,2,22,pipelined_tree,0,1024,6144,0.334948879,0.000327099,0.000001513,0.000606920,1
actual,3,23,pipelined_tree,0,1024,6144,0.326149196,0.000318505,0.000001503,0.000613612,1
actual,4,24,pipelined_tree,0,1024,6144,0.339396236,0.000331442,0.000001743,0.000590339,1
actual,5,25,pipelined_tree,0,1024,6144,0.325393315,0.000317767,0.000001533,0.000612951,1
actual,6,26,pipelined_tree,0,1024,6144,0.331589153,0.000323818,0.000001563,0.000599456,1
actual,7,27,pipelined_tree,0,1024,6144,0.321993731,0.000314447,0.000001563,0.000613492,1
actual,8,28,pipelined_tree,0,1024,6144,0.321916954,0.000314372,0.000001873,0.000575641,1
actual,9,29,pipelined_tree,0,1024,6144,0.314424780,0.000307055,0.000001542,0.000559852,1
actual,10,30,pipelined_tree,0,1024,6144,0.326924583,0.000319262,0.000001523,0.000600227,1
actual,11,31,pipelined_tree,0,1024,6144,0.326631093,0.000318976,0.000001463,0.000558630,1
actual,12,32,pipelined_tree,0,1024,6144,0.355264050,0.000346938,0.000002054,0.000633379,1
actual,13,33,pipelined_tree,0,1024,6144,0.311369118,0.000304071,0.000001513,0.000585890,1
actual,14,34,pipelined_tree,0,1024,6144,0.326309228,0.000318661,0.000001493,0.000592853,1
actual,15,35,pipelined_tree,0,1024,6144,0.313298539,0.000305956,0.000003136,0.000569179,1
actual,16,36,pipelined_tree,0,1024,6144,0.343081270,0.000335040,0.000001553,0.000612490,1
actual,17,37,pipelined_tree,0,1024,6144,0.315248157,0.000307860,0.000001713,0.000581522,1
actual,18,38,pipelined_tree,0,1024,6144,0.340649366,0.000332665,0.000001614,0.000604014,1
actual,19,39,pipelined_tree,0,1024,6144,0.328789105,0.000321083,0.000001583,0.000599736,1
warmup,0,0,pipelined_tree,0,1024,8192,0.418362520,0.000408557,0.000022713,0.000640170,1
warmup,1,1,pipelined_tree,0,1024,8192,0.366506637,0.000357917,0.000030177,0.000660600,1
warmup,2,2,pipelined_tree,0,1024,8192,0.363700696,0.000355176,0.000013646,0.000617110,1
warmup,3,3,pipelined_tree,0,1024,8192,0.342714151,0.000334682,0.000018034,0.000710675,1
warmup,4,4,pipelined_tree,0,1024,8192,0.358277371,0.000349880,0.000018695,0.000621638,1
warmup,5,5,pipelined_tree,0,1024,8192,0.342458774,0.000334432,0.000023825,0.000597963,1
warmup,6,6,pipelined_tree,0,1024,8192,0.355094831,0.000346772,0.000008877,0.000579048,1
warmup,7,7,pipelined_tree,0,1024,8192,0.341973487,0.000333958,0.000026360,0.000615295,1
warmup,8,8,pipelined_tree,0,1024,8192,0.369914011,0.000361244,0.000019206,0.000641906,1
warmup,9,9,pipelined_tree,0,1024,8192,0.332528330,0.000324735,0.000012484,0.000587082,1
warmup,10,10,pipelined_tree,0,1024,8192,0.372576130,0.000363844,0.000012493,0.000650080,1
warmup,11,11,pipelined_tree,0,1024,8192,0.337923170,0.000330003,0.000020789,0.000617730,1
warmup,12,12,pipelined_tree,0,1024,8192,0.354787551,0.000346472,0.000012814,0.000633650,1
warmup,13,13,pipelined_tree,0,1024,8192,0.348050122,0.000339893,0.000025828,0.000614615,1
warmup,14,14,pipelined_tree,0,1024,8192,0.367262123,0.000358654,0.000008937,0.000608823,1
warmup,15,15,pipelined_tree,0,1024,8192,0.347848243,0.000339696,0.000024576,0.000608613,1
warmup,16,16,pipelined_tree,0,1024,8192,0.367864732,0.000359243,0.000014898,0.000632868,1
warmup,17,17,pipelined_tree,0,1024,8192,0.333036036,0.000325231,0.000012353,0.000597121,1
warmup,18,18,pipelined_tree,0,1024,8192,0.359823822,0.000351390,0.000008677,0.000646955,1
warmup,19,19,pipelined_tree,0,1024,8192,0.334443623,0.000326605,0.000017573,0.000605517,1
actual,0,20,pipelined_tree,0,1024,8192,0.357364492,0.000348989,0.000008646,0.000622607,1
actual,1,21,pipelined_tree,0,1024,8192,0.344500905,0.000336427,0.000025839,0.000580180,1
actual,2,22,pipelined_tree,0,1024,8192,0.359483077,0.000351058,0.000014958,0.000646754,1
actual,3,23,pipelined_tree,0,1024,8192,0.324102714,0.000316507,0.000022232,0.000595769,1
actual,4,24,pipelined_tree,0,1024,8192,0.350418759,0.000342206,0.000012734,0.000615256,1
actual,5,25,pipelined_tree,0,1024,8192,0.345871897,0.000337766,0.000015559,0.000619365,1
actual,6,26,pipelined_tree,0,1024,8192,0.346761078,0.000338634,0.000010830,0.000605728,1
actual,7,27,pipelined_tree,0,1024,8192,0.333518057,0.000325701,0.000014458,0.000617349,1
actual,8,28,pipelined_tree,0,1024,8192,0.347028035,0.000338895,0.000012764,0.000595428,1
actual,9,29,pipelined_tree,0,1024,8192,0.345754143,0.000337651,0.000019988,0.000630354,1
actual,10,30,pipelined_tree,0,1024,8192,0.359190544,0.000350772,0.000008776,0.000617520,1
actual,11,31,pipelined_tree,0,1024,8192,0.331010178,0.000323252,0.000027331,0.000620716,1
actual,12,32,pipelined_tree,0,1024,8192,0.345693029,0.000337591,0.000008677,0.000581361,1
actual,13,33,pipelined_tree,0,1024,8192,0.329951002,0.000322218,0.000021991,0.000608152,1
actual,14,34,pipelined_tree,0,1024,8192,0.352024837,0.000343774,0.000012644,0.000628380,1
actual,15,35,pipelined_tree,0,1024,8192,0.335876912,0.000328005,0.000020389,0.000626105,1
actual,16,36,pipelined_tree,0,1024,8192,0.353727630,0.000345437,0.000012153,0.001547403,1
actual,17,37,pipelined_tree,0,1024,8192,0.327228346,0.000319559,0.000022673,0.000589076,1
actual,18,38,pipelined_tree,0,1024,8192,0.357856871,0.000349470,0.000015028,0.000653748,1
actual,19,39,pipelined_tree,0,1024,8192,0.329598697,0.000321874,0.000022984,0.000579819,1
warmup,0,0,pipelined_tree,0,1024,12288,0.625275856,0.000610621,0.000020519,0.003957442,1
warmup,1,1,pipelined_tree,0,1024,12288,0.461510941,0.000450694,0.000022632,0.001659201,1
warmup,2,2,pipelined_tree,0,1024,12288,0.466870610,0.000455928,0.000011462,0.001748647,1
warmup,3,3,pipelined_tree,0,1024,12288,0.450655186,0.000440093,0.000017883,0.001684297,1
warmup,4,4,pipelined_tree,0,1024,12288,0.472122411,0.000461057,0.000011712,0.000822825,1
warmup,5,5,pipelined_tree,0,1024,12288,0.442092526,0.000431731,0.000026049,0.001674645,1
warmup,6,6,pipelined_tree,0,1024,12288,0.452791792,0.000442179,0.000015670,0.000818087,1
warmup,7,7,pipelined_tree,0,1024,12288,0.456443034,0.000445745,0.000021450,0.001772513,1
warmup,8,8,pipelined_tree,0,1024,12288,0.469604639,0.000458598,0.000020809,0.001539035,1
warmup,9,9,pipelined_tree,0,1024,12288,0.444743668,0.000434320,0.000019116,0.000807156,1
warmup,10,10,pipelined_tree,0,1024,12288,0.461509353,0.000450693,0.000020629,0.000834447,1
warmup,11,11,pipelined_tree,0,1024,12288,0.469074509,0.000458081,0.000024536,0.001707822,1
warmup,12,12,pipelined_tree,0,1024,12288,0.462247728,0.000451414,0.000016902,0.001467281,1
warmup,13,13,pipelined_tree,0,1024,12288,0.446385492,0.000435923,0.000012163,0.001458804,1
warmup,14,14,pipelined_tree,0,1024,12288,0.469334958,0.000458335,0.000013846,0.001793285,1
warmup,15,15,pipelined_tree,0,1024,12288,0.461466697,0.000450651,0.000023795,0.000822905,1
warmup,16,16,pipelined_tree,0,1024,12288,0.473930831,0.000462823,0.000024546,0.000869512,1
warmup,17,17,pipelined_tree,0,1024,12288,0.462018840,0.000451190,0.000026961,0.000819438,1
warmup,18,18,pipelined_tree,0,1024,12288,0.466020715,0.000455098,0.000019457,0.001690030,1
warmup,19,19,pipelined_tree,0,1024,12288,0.453358961,0.000442733,0.000012133,0.000786207,1
actual,0,20,pipelined_tree,0,1024,12288,0.469742417,0.000458733,0.000019847,0.000800604,1
actual,1,21,pipelined_tree,0,1024,12288,0.448713102,0.000438196,0.000030067,0.001372246,1
actual,2,22,pipelined_tree,0,1024,12288,0.472952106,0.000461867,0.000011893,0.000799120,1
actual,3,23,pipelined_tree,0,1024,12288,0.451974738,0.000441382,0.000029456,0.000863101,1
actual,4,24,pipelined_tree,0,1024,12288,0.460118957,0.000449335,0.000009949,0.000801264,1
actual,5,25,pipelined_tree,0,1024,12288,0.453635908,0.000443004,0.000026229,0.000803469,1
actual,6,26,pipelined_tree,0,1024,12288,0.459534049,0.000448764,0.000017884,0.000848233,1
actual,7,27,pipelined_tree,0,1024,12288,0.460378789,0.000449589,0.000023835,0.000820331,1
actual,8,28,pipelined_tree,0,1024,12288,0.448187156,0.000437683,0.000013485,0.000809430,1
actual,9,29,pipelined_tree,0,1024,12288,0.456388978,0.000445692,0.000021040,0.000808999,1
actual,10,30,pipelined_tree,0,1024,12288,0.456181711,0.000445490,0.000011662,0.000821112,1
actual,11,31,pipelined_tree,0,1024,12288,0.448141172,0.000437638,0.000017863,0.000812075,1
actual,12,32,pipelined_tree,0,1024,12288,0.468919793,0.000457929,0.000025739,0.001681209,1
actual,13,33,pipelined_tree,0,1024,12288,0.461543790,0.000450726,0.000033272,0.001510880,1
actual,14,34,pipelined_tree,0,1024,12288,0.476263733,0.000465101,0.000026019,0.001710438,1
actual,15,35,pipelined_tree,0,1024,12288,0.453070945,0.000442452,0.000023936,0.000811544,1
actual,16,36,pipelined_tree,0,1024,12288,0.456076382,0.000445387,0.000017593,0.000808859,1
actual,17,37,pipelined_tree,0,1024,12288,0.453228415,0.000442606,0.000028634,0.000867048,1
actual,18,38,pipelined_tree,0,1024,12288,0.468205644,0.000457232,0.000020208,0.000872308,1
actual,19,39,pipelined_tree,0,1024,12288,0.450764100,0.000440199,0.000027532,0.000829187,1
warmup,0,0,pipelined_tree,0,1024,16384,0.499246592,0.000487546,0.000022964,0.001449101,1
warmup,1,1,pipelined_tree,0,1024,16384,0.480452898,0.000469192,0.000004538,0.001663803,1
warmup,2,2,pipelined_tree,0,1024,16384,0.499464753,0.000487759,0.000020398,0.000919040,1
warmup,3,3,pipelined_tree,0,1024,16384,0.469668193,0.000458660,0.000020409,0.000826292,1
warmup,4,4,pipelined_tree,0,1024,16384,0.497631309,0.000485968,0.000014127,0.000884812,1
warmup,5,5,pipelined_tree,0,1024,16384,0.480890870,0.000469620,0.000034936,0.000851179,1
warmup,6,6,pipelined_tree,0,1024,16384,0.489421267,0.000477950,0.000020319,0.000848624,1
warmup,7,7,pipelined_tree,0,1024,16384,0.469754333,0.000458744,0.000014648,0.000821403,1
warmup,8,8,pipelined_tree,0,1024,16384,0.495449473,0.000483837,0.000017113,0.001702920,1
warmup,9,9,pipelined_tree,0,1024,16384,0.470219979,0.000459199,0.000018475,0.000815982,1
warmup,10,10,pipelined_tree,0,1024,16384,0.497609835,0.000485947,0.000022863,0.001458246,1
warmup,11,11,pipelined_tree,0,1024,16384,0.493799396,0.000482226,0.000034314,0.000867319,1
warmup,12,12,pipelined_tree,0,1024,16384,0.479260557,0.000468028,0.000020859,0.001480648,1
warmup,13,13,pipelined_tree,0,1024,16384,0.478382803,0.000467171,0.000018134,0.000838605,1
warmup,14,14,pipelined_tree,0,1024,16384,0.489004246,0.000477543,0.000014106,0.000788271,1
warmup,15,15,pipelined_tree,0,1024,16384,0.478454240,0.000467240,0.000022111,0.000840088,1
warmup,16,16,pipelined_tree,0,1024,16384,0.489834531,0.000478354,0.000014358,0.000834237,1
warmup,17,17,pipelined_tree,0,1024,16384,0.474714990,0.000463589,0.000029966,0.000832824,1
warmup,18,18,pipelined_tree,0,1024,16384,0.503647109,0.000491843,0.000032231,0.000907615,1
warmup,19,19,pipelined_tree,0,1024,16384,0.479415591,0.000468179,0.000027752,0.000865295,1
actual,0,20,pipelined_tree,0,1024,16384,0.485705962,0.000474322,0.000014287,0.000828395,1
actual,1,21,pipelined_tree,0,1024,16384,0.472437260,0.000461365,0.000020208,0.000838554,1
actual,2,22,pipelined_tree,0,1024,16384,0.496621835,0.000484982,0.000021210,0.000856679,1
actual,3,23,pipelined_tree,0,1024,16384,0.478544907,0.000467329,0.000033584,0.000840979,1
actual,4,24,pipelined_tree,0,1024,16384,0.486550805,0.000475147,0.000013967,0.000823406,1
actual,5,25,pipelined_tree,0,1024,16384,0.474893772,0.000463763,0.000032822,0.000868040,1
actual,6,26,pipelined_tree,0,1024,16384,0.494091450,0.000482511,0.000016170,0.001649234,1
actual,7,27,pipelined_tree,0,1024,16384,0.472330816,0.000461261,0.000018204,0.000821803,1
actual,8,28,pipelined_tree,0,1024,16384,0.494619629,0.000483027,0.000014197,0.000824538,1
actual,9,29,pipelined_tree,0,1024,16384,0.474966423,0.000463834,0.000030657,0.000870174,1
actual,10,30,pipelined_tree,0,1024,16384,0.491509810,0.000479990,0.000018615,0.000865756,1
actual,11,31,pipelined_tree,0,1024,16384,0.486042218,0.000474651,0.000021831,0.000870104,1
actual,12,32,pipelined_tree,0,1024,16384,0.490522911,0.000479026,0.000014127,0.000849305,1
actual,13,33,pipelined_tree,0,1024,16384,0.470649392,0.000459619,0.000022092,0.000811675,1
actual,14,34,pipelined_tree,0,1024,16384,0.497845377,0.000486177,0.000022292,0.000902224,1
actual,15,35,pipelined_tree,0,1024,16384,0.484702176,0.000473342,0.000031410,0.000866327,1
actual,16,36,pipelined_tree,0,1024,16384,0.486314647,0.000474917,0.000014026,0.000822574,1
actual,17,37,pipelined_tree,0,1024,16384,0.478189127,0.000466982,0.000028614,0.000851369,1
actual,18,38,pipelined_tree,0,1024,16384,0.495179268,0.000483574,0.000013907,0.000811805,1
actual,19,39,pipelined_tree,0,1024,16384,0.482514365,0.000471205,0.000035848,0.000882878,1
warmup,0,0,pipelined_tree,0,1024,24576,4.443518103,0.004339373,0.000023605,0.008061867,1
warmup,1,1,pipelined_tree,0,1024,24576,0.621516001,0.000606949,0.000025908,0.001121777,1
warmup,2,2,pipelined_tree,0,1024,24576,0.640865268,0.000625845,0.000025328,0.001147455,1
warmup,3,3,pipelined_tree,0,1024,24576,0.606500598,0.000592286,0.000021521,0.001076221,1
warmup,4,4,pipelined_tree,0,1024,24576,0.623513931,0.000608900,0.000019086,0.001095878,1
warmup,5,5,pipelined_tree,0,1024,24576,0.627546447,0.000612838,0.000022683,0.001074818,1
warmup,6,6,pipelined_tree,0,1024,24576,0.624306877,0.000609675,0.000021751,0.001094736,1
warmup,7,7,pipelined_tree,0,1024,24576,0.609184795,0.000594907,0.000019316,0.001721087,1
warmup,8,8,pipelined_tree,0,1024,24576,0.633664154,0.000618813,0.000022071,0.001076712,1
warmup,9,9,pipelined_tree,0,1024,24576,0.601690479,0.000587588,0.000021470,0.001029603,1
warmup,10,10,pipelined_tree,0,1024,24576,0.622541820,0.000607951,0.000022032,0.001116687,1
warmup,11,11,pipelined_tree,0,1024,24576,0.599813517,0.000585755,0.000019547,0.001051124,1
warmup,12,12,pipelined_tree,0,1024,24576,0.620059709,0.000605527,0.000021350,0.001065812,1
warmup,13,13,pipelined_tree,0,1024,24576,0.607040498,0.000592813,0.000020268,0.001069649,1
warmup,14,14,pipelined_tree,0,1024,24576,0.624298128,0.000609666,0.000019466,0.001103172,1
warmup,15,15,pipelined_tree,0,1024,24576,0.600071995,0.000586008,0.000019416,0.001067796,1
warmup,16,16,pipelined_tree,0,1024,24576,0.635105190,0.000620220,0.000019517,0.001110906,1
warmup,17,17,pipelined_tree,0,1024,24576,0.605801359,0.000591603,0.000021451,0.001062665,1
warmup,18,18,pipelined_tree,0,1024,24576,0.627670255,0.000612959,0.000019627,0.001083615,1
warmup,19,19,pipelined_tree,0,1024,24576,0.607997727,0.000593748,0.000021601,0.001070921,1
actual,0,20,pipelined_tree,0,1024,24576,0.624514842,0.000609878,0.000019407,0.001058217,1
actual,1,21,pipelined_tree,0,1024,24576,0.603882897,0.000589729,0.000029856,0.001066022,1
actual,2,22,pipelined_tree,0,1024,24576,0.625586595,0.000610924,0.000021771,0.001084326,1
actual,3,23,pipelined_tree,0,1024,24576,0.599593471,0.000585540,0.000019296,0.001064980,1
actual,4,24,pipelined_tree,0,1024,24576,0.634126900,0.000619265,0.000023534,0.001123149,1
actual,5,25,pipelined_tree,0,1024,24576,0.604766544,0.000590592,0.000017863,0.001069899,1
actual,6,26,pipelined_tree,0,1024,24576,0.625834550,0.000611167,0.000021531,0.000991351,1
actual,7,27,pipelined_tree,0,1024,24576,0.610677757,0.000596365,0.000019597,0.001055672,1
actual,8,28,pipelined_tree,0,1024,24576,0.629588932,0.000614833,0.000019877,0.001087442,1
actual,9,29,pipelined_tree,0,1024,24576,0.603439990,0.000589297,0.000019277,0.001058267,1
actual,10,30,pipelined_tree,0,1024,24576,0.620195309,0.000605659,0.000019597,0.001084577,1
actual,11,31,pipelined_tree,0,1024,24576,0.600806227,0.000586725,0.000017724,0.001048029,1
actual,12,32,pipelined_tree,0,1024,24576,0.626971158,0.000612277,0.000017493,0.001071222,1
actual,13,33,pipelined_tree,0,1024,24576,0.600278150,0.000586209,0.000018475,0.001061573,1
actual,14,34,pipelined_tree,0,1024,24576,0.623278791,0.000608671,0.000018004,0.001087472,1
actual,15,35,pipelined_tree,0,1024,24576,0.619816903,0.000605290,0.000023795,0.001085489,1
actual,16,36,pipelined_tree,0,1024,24576,0.623911398,0.000609288,0.000019257,0.000992584,1
actual,17,37,pipelined_tree,0,1024,24576,0.609925906,0.000595631,0.000019317,0.001035534,1
actual,18,38,pipelined_tree,0,1024,24576,0.634451802,0.000619582,0.000019567,0.001063867,1
actual,19,39,pipelined_tree,0,1024,24576,0.601892779,0.000587786,0.000017212,0.001065621,1
warmup,0,0,pipelined_tree,0,1024,32768,0.757458235,0.000739705,0.000025087,0.001355927,1
warmup,1,1,pipelined_tree,0,1024,32768,0.743073539,0.000725658,0.000024627,0.001298689,1
warmup,2,2,pipelined_tree,0,1024,32768,0.772542384,0.000754436,0.000024697,0.002185865,1
warmup,3,3,pipelined_tree,0,1024,32768,0.748279513,0.000730742,0.000024827,0.002082064,1
warmup,4,4,pipelined_tree,0,1024,32768,0.765224519,0.000747290,0.000024596,0.002214364,1
warmup,5,5,pipelined_tree,0,1024,32768,0.748631772,0.000731086,0.000026640,0.002091676,1
warmup,6,6,pipelined_tree,0,1024,32768,0.771477890,0.000753396,0.000024446,0.001342842,1
warmup,7,7,pipelined_tree,0,1024,32768,0.737671943,0.000720383,0.000024265,0.001300232,1
warmup,8,8,pipelined_tree,0,1024,32768,0.771483831,0.000753402,0.000024466,0.002189603,1
warmup,9,9,pipelined_tree,0,1024,32768,0.751972426,0.000734348,0.000026470,0.001324828,1
warmup,10,10,pipelined_tree,0,1024,32768,0.758149926,0.000740381,0.000024676,0.001302827,1
warmup,11,11,pipelined_tree,0,1024,32768,0.748575257,0.000731031,0.000024867,0.001894734,1
warmup,12,12,pipelined_tree,0,1024,32768,0.752880066,0.000735234,0.000024607,0.001317815,1
warmup,13,13,pipelined_tree,0,1024,32768,0.748086726,0.000730553,0.000025067,0.001943621,1
warmup,14,14,pipelined_tree,0,1024,32768,0.763098621,0.000745213,0.000025058,0.001334837,1
warmup,15,15,pipelined_tree,0,1024,32768,0.750673606,0.000733080,0.000024517,0.001307365,1
warmup,16,16,pipelined_tree,0,1024,32768,0.759011738,0.000741222,0.000024657,0.001327794,1
warmup,17,17,pipelined_tree,0,1024,32768,0.742907347,0.000725495,0.000022532,0.001903262,1
warmup,18,18,pipelined_tree,0,1024,32768,0.776810781,0.000758604,0.000024847,0.001772360,1
warmup,19,19,pipelined_tree,0,1024,32768,0.738654534,0.000721342,0.000026991,0.001323866,1
actual,0,20,pipelined_tree,0,1024,32768,0.762829148,0.000744950,0.000024456,0.001323676,1
actual,1,21,pipelined_tree,0,1024,32768,0.740157612,0.000722810,0.000024787,0.001321621,1
actual,2,22,pipelined_tree,0,1024,32768,0.760276878,0.000742458,0.000025027,0.001358451,1
actual,3,23,pipelined_tree,0,1024,32768,0.748774934,0.000731226,0.000024467,0.002009524,1
actual,4,24,pipelined_tree,0,1024,32768,0.765805642,0.000747857,0.000026801,0.001344345,1
actual,5,25,pipelined_tree,0,1024,32768,0.735838404,0.000718592,0.000024557,0.001274974,1
actual,6,26,pipelined_tree,0,1024,32768,0.757486898,0.000739733,0.000024787,0.001188161,1
actual,7,27,pipelined_tree,0,1024,32768,0.753356764,0.000735700,0.000025308,0.002100975,1
actual,8,28,pipelined_tree,0,1024,32768,0.775542163,0.000757365,0.000024706,0.001349845,1
actual,9,29,pipelined_tree,0,1024,32768,0.747010783,0.000729503,0.000025347,0.002085746,1
actual,10,30,pipelined_tree,0,1024,32768,0.776306453,0.000758112,0.000024706,0.001754791,1
actual,11,31,pipelined_tree,0,1024,32768,0.742864893,0.000725454,0.000028093,0.001285914,1
actual,12,32,pipelined_tree,0,1024,32768,0.754597991,0.000736912,0.000022833,0.001336149,1
actual,13,33,pipelined_tree,0,1024,32768,0.738178454,0.000720877,0.000027542,0.001291886,1
actual,14,34,pipelined_tree,0,1024,32768,0.761228111,0.000743387,0.000024897,0.001327022,1
actual,15,35,pipelined_tree,0,1024,32768,0.744288872,0.000726845,0.000022843,0.001295223,1
actual,16,36,pipelined_tree,0,1024,32768,0.755608553,0.000737899,0.000025127,0.001313106,1
actual,17,37,pipelined_tree,0,1024,32768,0.751504311,0.000733891,0.000024727,0.001314719,1
actual,18,38,pipelined_tree,0,1024,32768,0.758979243,0.000741191,0.000024797,0.001327994,1
actual,19,39,pipelined_tree,0,1024,32768,0.724872148,0.000707883,0.000033553,0.001286135,1
warmup,0,0,pipelined_tree,0,1024,49152,1.045802013,0.001021291,0.000035637,0.001742633,1
warmup,1,1,pipelined_tree,0,1024,49152,1.011828812,0.000988114,0.000035957,0.001650730,1
warmup,2,2,pipelined_tree,0,1024,49152,1.046029610,0.001021513,0.000035426,0.001908628,1
warmup,3,3,pipelined_tree,0,1024,49152,1.019413276,0.000995521,0.000037481,0.001721212,1
warmup,4,4,pipelined_tree,0,1024,49152,1.027413070,0.001003333,0.000036088,0.001827492,1
warmup,5,5,pipelined_tree,0,1024,49152,1.014631501,0.000990851,0.000039264,0.001825358,1
warmup,6,6,pipelined_tree,0,1024,49152,1.038151410,0.001013820,0.000034956,0.001799500,1
warmup,7,7,pipelined_tree,0,1024,49152,1.009744699,0.000986079,0.000036739,0.001730049,1
warmup,8,8,pipelined_tree,0,1024,49152,1.041637487,0.001017224,0.000037421,0.001810320,1
warmup,9,9,pipelined_tree,0,1024,49152,1.016144177,0.000992328,0.000037821,0.001831139,1
warmup,10,10,pipelined_tree,0,1024,49152,1.037523880,0.001013207,0.000035517,0.001793007,1
warmup,11,11,pipelined_tree,0,1024,49152,1.013081134,0.000989337,0.000039845,0.001823094,1
warmup,12,12,pipelined_tree,0,1024,49152,1.030149093,0.001006005,0.000034696,0.001825428,1
warmup,13,13,pipelined_tree,0,1024,49152,1.016660264,0.000992832,0.000037280,0.001822132,1
warmup,14,14,pipelined_tree,0,1024,49152,1.037005817,0.001012701,0.000035126,0.002296681,1
warmup,15,15,pipelined_tree,0,1024,49152,1.017597378,0.000993747,0.000035617,0.001768421,1
warmup,16,16,pipelined_tree,0,1024,49152,1.034241419,0.001010001,0.000035477,0.001842630,1
warmup,17,17,pipelined_tree,0,1024,49152,1.015806292,0.000991998,0.000037160,0.001788869,1
warmup,18,18,pipelined_tree,0,1024,49152,1.034557253,0.001010310,0.000035016,0.001854502,1
warmup,19,19,pipelined_tree,0,1024,49152,1.013500974,0.000989747,0.000035296,0.001803938,1
actual,0,20,pipelined_tree,0,1024,49152,1.047727803,0.001023172,0.000035026,0.001832161,1
actual,1,21,pipelined_tree,0,1024,49152,1.008372399,0.000984739,0.000037671,0.001815620,1
actual,2,22,pipelined_tree,0,1024,49152,1.038775416,0.001014429,0.000035567,0.001809508,1
actual,3,23,pipelined_tree,0,1024,49152,1.010597166,0.000986911,0.000034796,0.001774884,1
actual,4,24,pipelined_tree,0,1024,49152,1.025090989,0.001001065,0.000035096,0.001765014,1
actual,5,25,pipelined_tree,0,1024,49152,0.999888178,0.000976453,0.000036870,0.001764683,1
actual,6,26,pipelined_tree,0,1024,49152,1.028214471,0.001004116,0.000034926,0.001842300,1
actual,7,27,pipelined_tree,0,1024,49152,1.004778884,0.000981229,0.000034936,0.001761238,1
actual,8,28,pipelined_tree,0,1024,49152,1.020179095,0.000996269,0.000035267,0.001804309,1
actual,9,29,pipelined_tree,0,1024,49152,1.008975238,0.000985327,0.000036869,0.001721553,1
actual,10,30,pipelined_tree,0,1024,49152,1.035623764,0.001011351,0.000033263,0.001849333,1
actual,11,31,pipelined_tree,0,1024,49152,1.006899654,0.000983300,0.000035657,0.001798839,1
actual,12,32,pipelined_tree,0,1024,49152,1.022987737,0.000999011,0.000035107,0.001837150,1
actual,13,33,pipelined_tree,0,1024,49152,1.010024827,0.000986352,0.000035256,0.001803708,1
actual,14,34,pipelined_tree,0,1024,49152,1.019588627,0.000995692,0.000035317,0.001777067,1
actual,15,35,pipelined_tree,0,1024,49152,1.008893317,0.000985247,0.000033323,0.001783379,1
actual,16,36,pipelined_tree,0,1024,49152,1.019691303,0.000995792,0.000033554,0.001794100,1
actual,17,37,pipelined_tree,0,1024,49152,0.998850766,0.000975440,0.000036478,0.001817062,1
actual,18,38,pipelined_tree,0,1024,49152,1.019526890,0.000995632,0.000039404,0.001802125,1
actual,19,39,pipelined_tree,0,1024,49152,0.998048766,0.000974657,0.000035056,0.001814568,1
warmup,0,0,pipelined_tree,0,1024,65536,1.290834912,0.001260581,0.000047951,0.002285672,1
warmup,1,1,pipelined_tree,0,1024,65536,1.270190924,0.001240421,0.000048802,0.002250917,1
warmup,2,2,pipelined_tree,0,1024,65536,1.286182830,0.001256038,0.000046227,0.002333883,1
warmup,3,3,pipelined_tree,0,1024,65536,1.281531994,0.001251496,0.000048131,0.002284881,1
warmup,4,4,pipelined_tree,0,1024,65536,1.276961792,0.001247033,0.000045856,0.002309557,1
warmup,5,5,pipelined_tree,0,1024,65536,1.267818143,0.001238104,0.000045766,0.002249625,1
warmup,6,6,pipelined_tree,0,1024,65536,1.288605630,0.001258404,0.000048251,0.002277207,1
warmup,7,7,pipelined_tree,0,1024,65536,1.277607195,0.001247663,0.000048071,0.002257900,1
warmup,8,8,pipelined_tree,0,1024,65536,1.281088063,0.001251063,0.000047760,0.002288197,1
warmup,9,9,pipelined_tree,0,1024,65536,1.278818343,0.001248846,0.000047720,0.002163132,1
warmup,10,10,pipelined_tree,0,1024,65536,1.284664009,0.001254555,0.000047079,0.002300340,1
warmup,11,11,pipelined_tree,0,1024,65536,1.276538380,0.001246620,0.000045536,0.002145849,1
warmup,12,12,pipelined_tree,0,1024,65536,1.302366953,0.001271843,0.000045716,0.002300049,1
warmup,13,13,pipelined_tree,0,1024,65536,1.268160668,0.001238438,0.000045626,0.002276556,1
warmup,14,14,pipelined_tree,0,1024,65536,1.292579837,0.001262285,0.000048732,0.002312072,1
warmup,15,15,pipelined_tree,0,1024,65536,1.270611477,0.001240832,0.000048211,0.002274731,1
warmup,16,16,pipelined_tree,0,1024,65536,1.291328690,0.001261063,0.000045656,0.002314857,1
warmup,17,17,pipelined_tree,0,1024,65536,1.272936558,0.001243102,0.000045376,0.002298196,1
warmup,18,18,pipelined_tree,0,1024,65536,1.288392459,0.001258196,0.000047800,0.002285532,1
warmup,19,19,pipelined_tree,0,1024,65536,1.258878734,0.001229374,0.000044945,0.002255366,1
actual,0,20,pipelined_tree,0,1024,65536,1.294216423,0.001263883,0.000046007,0.002291574,1
actual,1,21,pipelined_tree,0,1024,65536,1.265688370,0.001236024,0.000045837,0.002271876,1
actual,2,22,pipelined_tree,0,1024,65536,1.294218815,0.001263886,0.000045706,0.002302864,1
actual,3,23,pipelined_tree,0,1024,65536,1.267018767,0.001237323,0.000045165,0.002182338,1
actual,4,24,pipelined_tree,0,1024,65536,1.279569524,0.001249580,0.000046318,0.002254073,1
actual,5,25,pipelined_tree,0,1024,65536,1.267026356,0.001237330,0.000045075,0.002292836,1
actual,6,26,pipelined_tree,0,1024,65536,1.290738249,0.001260487,0.000046688,0.002285953,1
actual,7,27,pipelined_tree,0,1024,65536,1.266002435,0.001236331,0.000046197,0.002279952,1
actual,8,28,pipelined_tree,0,1024,65536,1.283725521,0.001253638,0.000046067,0.002265715,1
actual,9,29,pipelined_tree,0,1024,65536,1.265435564,0.001235777,0.000046779,0.002279261,1
actual,10,30,pipelined_tree,0,1024,65536,1.291577198,0.001261306,0.000045766,0.002320838,1
actual,11,31,pipelined_tree,0,1024,65536,1.271963880,0.001242152,0.000046187,0.002249094,1
actual,12,32,pipelined_tree,0,1024,65536,1.285252404,0.001255129,0.000044223,0.002320007,1
actual,13,33,pipelined_tree,0,1024,65536,1.262835357,0.001233238,0.000045806,0.002234096,1
actual,14,34,pipelined_tree,0,1024,65536,1.291596151,0.001261324,0.000044023,0.002248663,1
actual,15,35,pipelined_tree,0,1024,65536,1.271600585,0.001241797,0.000045897,0.002243894,1
actual,16,36,pipelined_tree,0,1024,65536,1.286529881,0.001256377,0.000045315,0.002297155,1
actual,17,37,pipelined_tree,0,1024,65536,1.266928557,0.001237235,0.000045746,0.002273720,1
actual,18,38,pipelined_tree,0,1024,65536,1.289695751,0.001259469,0.000045606,0.002219538,1
actual,19,39,pipelined_tree,0,1024,65536,1.267327587,0.001237625,0.000046828,0.002280353,1
warmup,0,0,pipelined_tree,0,1024,98304,1.806535749,0.001764195,0.000080301,0.003218003,1
warmup,1,1,pipelined_tree,0,1024,98304,1.769639105,0.001728163,0.000078377,0.003168541,1
warmup,2,2,pipelined_tree,0,1024,98304,1.800368429,0.001758172,0.000072276,0.003191934,1
warmup,3,3,pipelined_tree,0,1024,98304,1.771412635,0.001729895,0.000085812,0.003169602,1
warmup,4,4,pipelined_tree,0,1024,98304,1.793380554,0.001751348,0.000072627,0.003186324,1
warmup,5,5,pipelined_tree,0,1024,98304,1.783035903,0.001741246,0.000075192,0.003180151,1
warmup,6,6,pipelined_tree,0,1024,98304,1.798015071,0.001755874,0.000077076,0.003177517,1
warmup,7,7,pipelined_tree,0,1024,98304,1.790982216,0.001749006,0.000078759,0.003137723,1
warmup,8,8,pipelined_tree,0,1024,98304,1.803408644,0.001761141,0.000081734,0.003183639,1
warmup,9,9,pipelined_tree,0,1024,98304,1.781631273,0.001739874,0.000074541,0.003120160,1
warmup,10,10,pipelined_tree,0,1024,98304,1.798317821,0.001756170,0.000071034,0.003112364,1
warmup,11,11,pipelined_tree,0,1024,98304,1.775334304,0.001733725,0.000068769,0.003356456,1
warmup,12,12,pipelined_tree,0,1024,98304,1.805637568,0.001763318,0.000071274,0.003221860,1
warmup,13,13,pipelined_tree,0,1024,98304,1.778196933,0.001736520,0.000078718,0.003142872,1
warmup,14,14,pipelined_tree,0,1024,98304,1.804868689,0.001762567,0.000070603,0.003215860,1
warmup,15,15,pipelined_tree,0,1024,98304,1.770948947,0.001729442,0.000079210,0.003117714,1
warmup,16,16,pipelined_tree,0,1024,98304,1.799185249,0.001757017,0.000074591,0.003199078,1
warmup,17,17,pipelined_tree,0,1024,98304,1.780620210,0.001738887,0.000075092,0.003138163,1
warmup,18,18,pipelined_tree,0,1024,98304,1.812206206,0.001769733,0.000081704,0.003173059,1
warmup,19,19,pipelined_tree,0,1024,98304,1.785992425,0.001744133,0.000078067,0.003190802,1
actual,0,20,pipelined_tree,0,1024,98304,1.810646705,0.001768210,0.000072748,0.003171426,1
actual,1,21,pipelined_tree,0,1024,98304,1.771368009,0.001729852,0.000072958,0.003162019,1
actual,2,22,pipelined_tree,0,1024,98304,1.805343436,0.001763031,0.000081042,0.003150998,1
actual,3,23,pipelined_tree,0,1024,98304,1.776604750,0.001734966,0.000071164,0.003179351,1
actual,4,24,pipelined_tree,0,1024,98304,1.800579182,0.001758378,0.000076154,0.003198406,1
actual,5,25,pipelined_tree,0,1024,98304,1.765776500,0.001724391,0.000087494,0.003185733,1
actual,6,26,pipelined_tree,0,1024,98304,1.792973012,0.001750950,0.000077066,0.003200651,1
actual,7,27,pipelined_tree,0,1024,98304,1.772057362,0.001730525,0.000078688,0.003161778,1
actual,8,28,pipelined_tree,0,1024,98304,1.804050422,0.001761768,0.000071044,0.003174883,1
actual,9,29,pipelined_tree,0,1024,98304,1.780325660,0.001738599,0.000073949,0.003131070,1
actual,10,30,pipelined_tree,0,1024,98304,1.800039946,0.001757852,0.000084660,0.003184921,1
actual,11,31,pipelined_tree,0,1024,98304,1.765896641,0.001724508,0.000069090,0.003163751,1
actual,12,32,pipelined_tree,0,1024,98304,1.809687208,0.001767273,0.000074952,0.003227131,1
actual,13,33,pipelined_tree,0,1024,98304,1.767862943,0.001726429,0.000072647,0.003166707,1
actual,14,34,pipelined_tree,0,1024,98304,1.802521189,0.001760275,0.000079831,0.003198537,1
actual,15,35,pipelined_tree,0,1024,98304,1.779275914,0.001737574,0.000078508,0.003163211,1
actual,16,36,pipelined_tree,0,1024,98304,1.816052876,0.001773489,0.000074090,0.003231268,1
actual,17,37,pipelined_tree,0,1024,98304,1.790685101,0.001748716,0.000075803,0.003206161,1
actual,18,38,pipelined_tree,0,1024,98304,1.808566242,0.001766178,0.000071214,0.003187195,1
actual,19,39,pipelined_tree,0,1024,98304,1.782109874,0.001740342,0.000071164,0.003182827,1
warmup,0,0,pipelined_tree,0,1024,131072,2.321544169,0.002267133,0.000099948,0.004047341,1
warmup,1,1,pipelined_tree,0,1024,131072,2.265442670,0.002212346,0.000100429,0.004102554,1
warmup,2,2,pipelined_tree,0,1024,131072,2.304558879,0.002250546,0.000109205,0.004047061,1
warmup,3,3,pipelined_tree,0,1024,131072,2.254407302,0.002201570,0.000101732,0.004087176,1
warmup,4,4,pipelined_tree,0,1024,131072,2.292855424,0.002239117,0.000106922,0.004088017,1
warmup,5,5,pipelined_tree,0,1024,131072,2.264460886,0.002211388,0.000104768,0.004089229,1
warmup,6,6,pipelined_tree,0,1024,131072,2.294743977,0.002240961,0.000094879,0.003933857,1
warmup,7,7,pipelined_tree,0,1024,131072,2.272699983,0.002219434,0.000099197,0.004013437,1
warmup,8,8,pipelined_tree,0,1024,131072,2.304405554,0.002250396,0.000096502,0.004131418,1
warmup,9,9,pipelined_tree,0,1024,131072,2.276271987,0.002222922,0.000112392,0.003999430,1
warmup,10,10,pipelined_tree,0,1024,131072,2.305855214,0.002251812,0.000114335,0.004116170,1
warmup,11,11,pipelined_tree,0,1024,131072,2.263935320,0.002210874,0.000100740,0.004061878,1
warmup,12,12,pipelined_tree,0,1024,131072,2.309392470,0.002255266,0.000106441,0.004059033,1
warmup,13,13,pipelined_tree,0,1024,131072,2.283912744,0.002230384,0.000103054,0.004023576,1
warmup,14,14,pipelined_tree,0,1024,131072,2.291679464,0.002237968,0.000093396,0.004126890,1
warmup,15,15,pipelined_tree,0,1024,131072,2.273703582,0.002220414,0.000099988,0.004022214,1
warmup,16,16,pipelined_tree,0,1024,131072,2.306354406,0.002252299,0.000100399,0.004097104,1
warmup,17,17,pipelined_tree,0,1024,131072,2.271250757,0.002218018,0.000098265,0.004033986,1
warmup,18,18,pipelined_tree,0,1024,131072,2.294428354,0.002240653,0.000099688,0.004093778,1
warmup,19,19,pipelined_tree,0,1024,131072,2.260725927,0.002207740,0.000098937,0.003992859,1
actual,0,20,pipelined_tree,0,1024,131072,2.295589845,0.002241787,0.000094238,0.004121089,1
actual,1,21,pipelined_tree,0,1024,131072,2.274930245,0.002221612,0.000097855,0.004051328,1
actual,2,22,pipelined_tree,0,1024,131072,2.284004547,0.002230473,0.000105098,0.004047781,1
actual,3,23,pipelined_tree,0,1024,131072,2.263894152,0.002210834,0.000099497,0.004052070,1
actual,4,24,pipelined_tree,0,1024,131072,2.308320458,0.002254219,0.000095500,0.004028174,1
actual,5,25,pipelined_tree,0,1024,131072,2.274867119,0.002221550,0.000101010,0.004048233,1
actual,6,26,pipelined_tree,0,1024,131072,2.298045098,0.002244185,0.000103515,0.004100059,1
actual,7,27,pipelined_tree,0,1024,131072,2.265003638,0.002211918,0.000108254,0.004002537,1
actual,8,28,pipelined_tree,0,1024,131072,2.284937333,0.002231384,0.000093997,0.004015231,1
actual,9,29,pipelined_tree,0,1024,131072,2.270341340,0.002217130,0.000098856,0.004033906,1
actual,10,30,pipelined_tree,0,1024,131072,2.298038703,0.002244178,0.000099156,0.004096212,1
actual,11,31,pipelined_tree,0,1024,131072,2.268455317,0.002215288,0.000096773,0.004024187,1
actual,12,32,pipelined_tree,0,1024,131072,2.291694814,0.002237983,0.000095600,0.004087386,1
actual,13,33,pipelined_tree,0,1024,131072,2.268666427,0.002215495,0.000108444,0.004044496,1
actual,14,34,pipelined_tree,0,1024,131072,2.299991746,0.002246086,0.000105959,0.004058632,1
actual,15,35,pipelined_tree,0,1024,131072,2.270997132,0.002217771,0.000100770,0.004047602,1
actual,16,36,pipelined_tree,0,1024,131072,2.294604905,0.002240825,0.000099818,0.004036971,1
actual,17,37,pipelined_tree,0,1024,131072,2.272492312,0.002219231,0.000096252,0.004058131,1
actual,18,38,pipelined_tree,0,1024,131072,2.292596629,0.002238864,0.000100800,0.004000693,1
actual,19,39,pipelined_tree,0,1024,131072,2.265696486,0.002212594,0.000107553,0.004034286,1
warmup,0,0,pipelined_tree,0,1024,196608,3.311033492,0.003233431,0.000161444,0.005773172,1
warmup,1,1,pipelined_tree,0,1024,196608,3.264069186,0.003187568,0.000151415,0.005857541,1
warmup,2,2,pipelined_tree,0,1024,196608,3.308762199,0.003231213,0.000152087,0.005894910,1
warmup,3,3,pipelined_tree,0,1024,196608,3.281729850,0.003204814,0.000159852,0.005783952,1
warmup,4,4,pipelined_tree,0,1024,196608,3.291799224,0.003214648,0.000185390,0.005852270,1
warmup,5,5,pipelined_tree,0,1024,196608,3.272697839,0.003195994,0.000142800,0.005747172,1
warmup,6,6,pipelined_tree,0,1024,196608,3.279287323,0.003202429,0.000153740,0.005833545,1
warmup,7,7,pipelined_tree,0,1024,196608,3.295776461,0.003218532,0.000155393,0.005900321,1
warmup,8,8,pipelined_tree,0,1024,196608,3.307317730,0.003229802,0.000153850,0.005885152,1
warmup,9,9,pipelined_tree,0,1024,196608,3.289469298,0.003212372,0.000146496,0.005897165,1
warmup,10,10,pipelined_tree,0,1024,196608,3.304960682,0.003227501,0.000146837,0.005909668,1
warmup,11,11,pipelined_tree,0,1024,196608,3.279919559,0.003203046,0.000139523,0.005869102,1
warmup,12,12,pipelined_tree,0,1024,196608,3.291346641,0.003214206,0.000152368,0.005802216,1
warmup,13,13,pipelined_tree,0,1024,196608,3.261783179,0.003185335,0.000143160,0.005787028,1
warmup,14,14,pipelined_tree,0,1024,196608,3.300926380,0.003223561,0.000150143,0.005836641,1
warmup,15,15,pipelined_tree,0,1024,196608,3.290958233,0.003213826,0.000146627,0.005874652,1
warmup,16,16,pipelined_tree,0,1024,196608,3.285394313,0.003208393,0.000150604,0.005845348,1
warmup,17,17,pipelined_tree,0,1024,196608,3.293637986,0.003216443,0.000154141,0.005835449,1
warmup,18,18,pipelined_tree,0,1024,196608,3.310678914,0.003233085,0.000153008,0.005930838,1
warmup,19,19,pipelined_tree,0,1024,196608,3.276849407,0.003200048,0.000152587,0.005876616,1
actual,0,20,pipelined_tree,0,1024,196608,3.302211444,0.003224816,0.000138511,0.005825500,1
actual,1,21,pipelined_tree,0,1024,196608,3.264942431,0.003188420,0.000148830,0.005752012,1
actual,2,22,pipelined_tree,0,1024,196608,3.301893425,0.003224505,0.000150473,0.005939173,1
actual,3,23,pipelined_tree,0,1024,196608,3.276937700,0.003200134,0.000144012,0.005730431,1
actual,4,24,pipelined_tree,0,1024,196608,3.318220035,0.003240449,0.000152347,0.005947159,1
actual,5,25,pipelined_tree,0,1024,196608,3.289510372,0.003212412,0.000148420,0.005844746,1
actual,6,26,pipelined_tree,0,1024,196608,3.305443722,0.003227972,0.000140264,0.005889941,1
actual,7,27,pipelined_tree,0,1024,196608,3.281383107,0.003204476,0.000151365,0.005883800,1
actual,8,28,pipelined_tree,0,1024,196608,3.297559622,0.003220273,0.000166955,0.005839697,1
actual,9,29,pipelined_tree,0,1024,196608,3.287516752,0.003210466,0.000144582,0.005784664,1
actual,10,30,pipelined_tree,0,1024,196608,3.309723611,0.003232152,0.000143711,0.005843584,1
actual,11,31,pipelined_tree,0,1024,196608,3.270476773,0.003193825,0.000151416,0.005765477,1
actual,12,32,pipelined_tree,0,1024,196608,3.321467404,0.003243621,0.000152508,0.005915509,1
actual,13,33,pipelined_tree,0,1024,196608,3.280229976,0.003203350,0.000148670,0.005854404,1
actual,14,34,pipelined_tree,0,1024,196608,3.317997192,0.003240232,0.000157407,0.005880684,1
actual,15,35,pipelined_tree,0,1024,196608,3.277494147,0.003200678,0.000148500,0.005763894,1
actual,16,36,pipelined_tree,0,1024,196608,3.306688092,0.003229188,0.000148329,0.005896884,1
actual,17,37,pipelined_tree,0,1024,196608,3.286696507,0.003209665,0.000153279,0.005889941,1
actual,18,38,pipelined_tree,0,1024,196608,3.294530058,0.003217315,0.000144633,0.005801425,1
actual,19,39,pipelined_tree,0,1024,196608,3.269902606,0.003193264,0.000146396,0.005844546,1
warmup,0,0,pipelined_tree,0,1024,262144,4.321697102,0.004220407,0.000206990,0.007691615,1
warmup,1,1,pipelined_tree,0,1024,262144,4.280810440,0.004180479,0.000188385,0.007671236,1
warmup,2,2,pipelined_tree,0,1024,262144,4.312378654,0.004211307,0.000191722,0.007691775,1
warmup,3,3,pipelined_tree,0,1024,262144,4.282650131,0.004182276,0.000196590,0.007715079,1
warmup,4,4,pipelined_tree,0,1024,262144,4.299724337,0.004198950,0.000207652,0.007627224,1
warmup,5,5,pipelined_tree,0,1024,262144,4.297867055,0.004197136,0.000198645,0.007636611,1
warmup,6,6,pipelined_tree,0,1024,262144,4.299386006,0.004198619,0.000191180,0.007591737,1
warmup,7,7,pipelined_tree,0,1024,262144,4.299763424,0.004198988,0.000191241,0.007703446,1
warmup,8,8,pipelined_tree,0,1024,262144,4.295452287,0.004194778,0.000195709,0.007731719,1
warmup,9,9,pipelined_tree,0,1024,262144,4.275838227,0.004175623,0.000194527,0.007578592,1
warmup,10,10,pipelined_tree,0,1024,262144,4.309217578,0.004208220,0.000192793,0.007664944,1
warmup,11,11,pipelined_tree,0,1024,262144,4.287969263,0.004187470,0.000193164,0.007673420,1
warmup,12,12,pipelined_tree,0,1024,262144,4.300004129,0.004199223,0.000194006,0.007655507,1
warmup,13,13,pipelined_tree,0,1024,262144,4.273853126,0.004173685,0.000200718,0.007621392,1
warmup,14,14,pipelined_tree,0,1024,262144,4.321686126,0.004220397,0.000192412,0.007718775,1
warmup,15,15,pipelined_tree,0,1024,262144,4.293762098,0.004193127,0.000193434,0.007615301,1
warmup,16,16,pipelined_tree,0,1024,262144,4.299727794,0.004198953,0.000198014,0.007705180,1
warmup,17,17,pipelined_tree,0,1024,262144,4.270876120,0.004170777,0.000194196,0.007548515,1
warmup,18,18,pipelined_tree,0,1024,262144,4.299914906,0.004199136,0.000193795,0.007638635,1
warmup,19,19,pipelined_tree,0,1024,262144,4.270211352,0.004170128,0.000182604,0.007547344,1
actual,0,20,pipelined_tree,0,1024,262144,4.289884792,0.004189341,0.000194356,0.007626813,1
actual,1,21,pipelined_tree,0,1024,262144,4.286942094,0.004186467,0.000196410,0.007631191,1
actual,2,22,pipelined_tree,0,1024,262144,4.312810270,0.004211729,0.000190038,0.007672238,1
actual,3,23,pipelined_tree,0,1024,262144,4.285816757,0.004185368,0.000191391,0.007657932,1
actual,4,24,pipelined_tree,0,1024,262144,4.317367887,0.004216180,0.000193525,0.007596787,1
actual,5,25,pipelined_tree,0,1024,262144,4.296692894,0.004195989,0.000192633,0.007620040,1
actual,6,26,pipelined_tree,0,1024,262144,4.314336451,0.004213219,0.000189828,0.007638695,1
actual,7,27,pipelined_tree,0,1024,262144,4.283272437,0.004182883,0.000197783,0.007645167,1
actual,8,28,pipelined_tree,0,1024,262144,4.327943231,0.004226507,0.000188526,0.007644025,1
actual,9,29,pipelined_tree,0,1024,262144,4.291583213,0.004190999,0.000193554,0.007679922,1
actual,10,30,pipelined_tree,0,1024,262144,4.317925328,0.004216724,0.000196600,0.007652962,1
actual,11,31,pipelined_tree,0,1024,262144,4.290613550,0.004190052,0.000204014,0.007583221,1
actual,12,32,pipelined_tree,0,1024,262144,4.318222628,0.004217014,0.000191260,0.007701353,1
actual,13,33,pipelined_tree,0,1024,262144,4.297203855,0.004196488,0.000190159,0.007604070,1
actual,14,34,pipelined_tree,0,1024,262144,4.306501800,0.004205568,0.000189056,0.007610592,1
actual,15,35,pipelined_tree,0,1024,262144,4.275364488,0.004175161,0.000196411,0.007582039,1
actual,16,36,pipelined_tree,0,1024,262144,4.316478559,0.004215311,0.000189408,0.007665185,1
actual,17,37,pipelined_tree,0,1024,262144,4.279156524,0.004178864,0.000191981,0.007607276,1
actual,18,38,pipelined_tree,0,1024,262144,4.322608119,0.004221297,0.000189127,0.007649966,1
actual,19,39,pipelined_tree,0,1024,262144,4.294186692,0.004193542,0.000193304,0.007643674,1
warmup,0,0,pipelined_tree,0,1024,393216,6.335684384,0.006187192,0.001069056,0.011212997,1
warmup,1,1,pipelined_tree,0,1024,393216,6.250361976,0.006103869,0.000297270,0.011118510,1
warmup,2,2,pipelined_tree,0,1024,393216,6.308583430,0.006160726,0.000298974,0.011221634,1
warmup,3,3,pipelined_tree,0,1024,393216,6.276008836,0.006128915,0.000294615,0.011156341,1
warmup,4,4,pipelined_tree,0,1024,393216,6.322209763,0.006174033,0.000292191,0.011313807,1
warmup,5,5,pipelined_tree,0,1024,393216,6.298026551,0.006150417,0.000303652,0.011322563,1
warmup,6,6,pipelined_tree,0,1024,393216,6.315715009,0.006167690,0.000288704,0.011277088,1
warmup,7,7,pipelined_tree,0,1024,393216,6.287474285,0.006140112,0.000287883,0.011211876,1
warmup,8,8,pipelined_tree,0,1024,393216,6.305169820,0.006157392,0.000292882,0.011259966,1
warmup,9,9,pipelined_tree,0,1024,393216,6.302601823,0.006154885,0.000293233,0.011167582,1
warmup,10,10,pipelined_tree,0,1024,393216,6.306461275,0.006158654,0.000296529,0.011288539,1
warmup,11,11,pipelined_tree,0,1024,393216,6.285686975,0.006138366,0.000301187,0.011140731,1
warmup,12,12,pipelined_tree,0,1024,393216,6.308325453,0.006160474,0.000291700,0.011296114,1
warmup,13,13,pipelined_tree,0,1024,393216,6.293994308,0.006146479,0.000298653,0.011248765,1
warmup,14,14,pipelined_tree,0,1024,393216,6.306683327,0.006158870,0.000293713,0.011272879,1
warmup,15,15,pipelined_tree,0,1024,393216,6.279041814,0.006131877,0.000290367,0.011139439,1
warmup,16,16,pipelined_tree,0,1024,393216,6.325758816,0.006177499,0.000301709,0.011261749,1
warmup,17,17,pipelined_tree,0,1024,393216,6.286861646,0.006139513,0.000302140,0.011265606,1
warmup,18,18,pipelined_tree,0,1024,393216,6.338313967,0.006189760,0.000299364,0.011369100,1
warmup,19,19,pipelined_tree,0,1024,393216,6.269735322,0.006122788,0.000292722,0.011091649,1
actual,0,20,pipelined_tree,0,1024,393216,6.297841807,0.006150236,0.000296469,0.011237664,1
actual,1,21,pipelined_tree,0,1024,393216,6.293712502,0.006146204,0.000293383,0.011256849,1
actual,2,22,pipelined_tree,0,1024,393216,6.318251040,0.006170167,0.000296990,0.011291956,1
actual,3,23,pipelined_tree,0,1024,393216,6.288269902,0.006140889,0.000297090,0.011241731,1
actual,4,24,pipelined_tree,0,1024,393216,6.300680923,0.006153009,0.000288614,0.011294340,1
actual,5,25,pipelined_tree,0,1024,393216,6.287380404,0.006140020,0.000302530,0.011248234,1
actual,6,26,pipelined_tree,0,1024,393216,6.323668994,0.006175458,0.000302230,0.011186317,1
actual,7,27,pipelined_tree,0,1024,393216,6.248654410,0.006102202,0.000290567,0.011232935,1
actual,8,28,pipelined_tree,0,1024,393216,6.302740845,0.006155020,0.000305065,0.011230741,1
actual,9,29,pipelined_tree,0,1024,393216,6.263637770,0.006116834,0.000296750,0.011156622,1
actual,10,30,pipelined_tree,0,1024,393216,6.288815958,0.006141422,0.000287142,0.011194432,1
actual,11,31,pipelined_tree,0,1024,393216,6.262545173,0.006115767,0.000299605,0.011146443,1
actual,12,32,pipelined_tree,0,1024,393216,6.305874869,0.006158081,0.000303391,0.011321492,1
actual,13,33,pipelined_tree,0,1024,393216,6.280566075,0.006133365,0.000305226,0.011169986,1
actual,14,34,pipelined_tree,0,1024,393216,6.292892363,0.006145403,0.000292121,0.011262631,1
actual,15,35,pipelined_tree,0,1024,393216,6.299997669,0.006152341,0.000291470,0.011115204,1
actual,16,36,pipelined_tree,0,1024,393216,6.307052035,0.006159231,0.000306708,0.011233907,1
actual,17,37,pipelined_tree,0,1024,393216,6.283540977,0.006136270,0.000284296,0.011184675,1
actual,18,38,pipelined_tree,0,1024,393216,6.284502778,0.006137210,0.000300487,0.011209009,1
actual,19,39,pipelined_tree,0,1024,393216,6.256692005,0.006110051,0.000293453,0.011175808,1
warmup,0,0,pipelined_tree,0,1024,524288,8.330846202,0.008135592,0.000417156,0.014688695,1
warmup,1,1,pipelined_tree,0,1024,524288,8.271881581,0.008078009,0.000403090,0.014741704,1
warmup,2,2,pipelined_tree,0,1024,524288,8.297801840,0.008103322,0.000404353,0.014726887,1
warmup,3,3,pipelined_tree,0,1024,524288,8.254940264,0.008061465,0.000420753,0.014661814,1
warmup,4,4,pipelined_tree,0,1024,524288,8.279587996,0.008085535,0.000407318,0.014808580,1
warmup,5,5,pipelined_tree,0,1024,524288,8.300342795,0.008105804,0.000406887,0.014795766,1
warmup,6,6,pipelined_tree,0,1024,524288,8.287403519,0.008093167,0.000410564,0.014903819,1
warmup,7,7,pipelined_tree,0,1024,524288,8.271536489,0.008077672,0.000409592,0.014805754,1
warmup,8,8,pipelined_tree,0,1024,524288,8.284519721,0.008090351,0.000414491,0.014762934,1
warmup,9,9,pipelined_tree,0,1024,524288,8.294444181,0.008100043,0.000411005,0.014796918,1
warmup,10,10,pipelined_tree,0,1024,524288,8.301075977,0.008106520,0.000410725,0.014783202,1
warmup,11,11,pipelined_tree,0,1024,524288,8.269749961,0.008075928,0.000418489,0.014692983,1
warmup,12,12,pipelined_tree,0,1024,524288,8.306937838,0.008112244,0.000410033,0.014873422,1
warmup,13,13,pipelined_tree,0,1024,524288,8.267739476,0.008073964,0.000402318,0.014746043,1
warmup,14,14,pipelined_tree,0,1024,524288,8.293039492,0.008098671,0.000424630,0.014914358,1
warmup,15,15,pipelined_tree,0,1024,524288,8.294220030,0.008099824,0.000416145,0.014709333,1
warmup,16,16,pipelined_tree,0,1024,524288,8.310648975,0.008115868,0.000425312,0.014748297,1
warmup,17,17,pipelined_tree,0,1024,524288,8.290496773,0.008096188,0.000409491,0.014879783,1
warmup,18,18,pipelined_tree,0,1024,524288,8.329270804,0.008134054,0.000413028,0.014731014,1
warmup,19,19,pipelined_tree,0,1024,524288,8.314182111,0.008119318,0.000405835,0.014686239,1
actual,0,20,pipelined_tree,0,1024,524288,8.315452053,0.008120559,0.000409512,0.014771280,1
actual,1,21,pipelined_tree,0,1024,524288,8.286327295,0.008092116,0.000403731,0.014667836,1
actual,2,22,pipelined_tree,0,1024,524288,8.293792736,0.008099407,0.000407959,0.014882879,1
actual,3,23,pipelined_tree,0,1024,524288,8.281648247,0.008087547,0.000403571,0.014875335,1
actual,4,24,pipelined_tree,0,1024,524288,8.305252975,0.008110599,0.000411686,0.014826955,1
actual,5,25,pipelined_tree,0,1024,524288,8.302068424,0.008107489,0.000407358,0.014728019,1
actual,6,26,pipelined_tree,0,1024,524288,8.297177542,0.008102712,0.000411546,0.014815392,1
actual,7,27,pipelined_tree,0,1024,524288,8.283261936,0.008089123,0.000413750,0.014785206,1
actual,8,28,pipelined_tree,0,1024,524288,8.332305577,0.008137017,0.000403601,0.014875566,1
actual,9,29,pipelined_tree,0,1024,524288,8.275620583,0.008081661,0.000411225,0.014670110,1
actual,10,30,pipelined_tree,0,1024,524288,8.301536665,0.008106969,0.000410173,0.014770528,1
actual,11,31,pipelined_tree,0,1024,524288,8.280569816,0.008086494,0.000407488,0.014797389,1
actual,12,32,pipelined_tree,0,1024,524288,8.328591141,0.008133390,0.000418409,0.014755911,1
actual,13,33,pipelined_tree,0,1024,524288,8.279658676,0.008085604,0.000418760,0.014792339,1
actual,14,34,pipelined_tree,0,1024,524288,8.337457019,0.008142048,0.000413219,0.014937893,1
actual,15,35,pipelined_tree,0,1024,524288,8.304847424,0.008110203,0.000399914,0.014807267,1
actual,16,36,pipelined_tree,0,1024,524288,8.338910685,0.008143467,0.000414762,0.014870727,1
actual,17,37,pipelined_tree,0,1024,524288,8.289563141,0.008095277,0.000418128,0.014865066,1
actual,18,38,pipelined_tree,0,1024,524288,8.319929937,0.008124932,0.000403169,0.014955606,1
actual,19,39,pipelined_tree,0,1024,524288,8.302717676,0.008108123,0.000408680,0.014768835,1
warmup,0,0,pipelined_tree,0,1024,786432,12.297731529,0.012009503,0.000660535,0.021799068,1
warmup,1,1,pipelined_tree,0,1024,786432,12.364839707,0.012075039,0.000657519,0.022097047,1
warmup,2,2,pipelined_tree,0,1024,786432,12.279638818,0.011991835,0.000646468,0.021959479,1
warmup,3,3,pipelined_tree,0,1024,786432,12.332475069,0.012043433,0.000637131,0.021971872,1
warmup,4,4,pipelined_tree,0,1024,786432,12.357049294,0.012067431,0.000650456,0.022039419,1
warmup,5,5,pipelined_tree,0,1024,786432,12.255974999,0.011968726,0.000637362,0.022025543,1
warmup,6,6,pipelined_tree,0,1024,786432,12.371925592,0.012081959,0.000636350,0.022117666,1
warmup,7,7,pipelined_tree,0,1024,786432,12.346248983,0.012056884,0.000640587,0.021998071,1
warmup,8,8,pipelined_tree,0,1024,786432,12.359591958,0.012069914,0.000634997,0.022004323,1
warmup,9,9,pipelined_tree,0,1024,786432,12.385844812,0.012095552,0.000644224,0.022081818,1
warmup,10,10,pipelined_tree,0,1024,786432,12.354997274,0.012065427,0.000646279,0.022162099,1
warmup,11,11,pipelined_tree,0,1024,786432,12.333917337,0.012044841,0.000643253,0.021997059,1
warmup,12,12,pipelined_tree,0,1024,786432,12.364312218,0.012074524,0.000648402,0.022116173,1
warmup,13,13,pipelined_tree,0,1024,786432,12.364816750,0.012075016,0.000633314,0.022026665,1
warmup,14,14,pipelined_tree,0,1024,786432,12.331068530,0.012042059,0.000642751,0.022102097,1
warmup,15,15,pipelined_tree,0,1024,786432,12.346130683,0.012056768,0.000644956,0.022131221,1
warmup,16,16,pipelined_tree,0,1024,786432,12.382956392,0.012092731,0.000641629,0.022104151,1
warmup,17,17,pipelined_tree,0,1024,786432,12.391179233,0.012100761,0.000646568,0.021985557,1
warmup,18,18,pipelined_tree,0,1024,786432,12.400270594,0.012109639,0.000644375,0.022173791,1
warmup,19,19,pipelined_tree,0,1024,786432,12.357937846,0.012068299,0.000651358,0.022225117,1
actual,0,20,pipelined_tree,0,1024,786432,12.418005771,0.012126959,0.000643964,0.022334584,1
actual,1,21,pipelined_tree,0,1024,786432,12.395499895,0.012104980,0.000635578,0.022068414,1
actual,2,22,pipelined_tree,0,1024,786432,12.403201194,0.012112501,0.000662449,0.022099040,1
actual,3,23,pipelined_tree,0,1024,786432,12.408495858,0.012117672,0.000646819,0.022006938,1
actual,4,24,pipelined_tree,0,1024,786432,12.407195784,0.012116402,0.000636580,0.022163682,1
actual,5,25,pipelined_tree,0,1024,786432,12.363917000,0.012074138,0.000644545,0.022201593,1
actual,6,26,pipelined_tree,0,1024,786432,12.367234320,0.012077377,0.000640557,0.022128315,1
actual,7,27,pipelined_tree,0,1024,786432,12.395724182,0.012105199,0.000631110,0.022153383,1
actual,8,28,pipelined_tree,0,1024,786432,12.396362508,0.012105823,0.000653182,0.022173571,1
actual,9,29,pipelined_tree,0,1024,786432,12.348244508,0.012058833,0.000645537,0.022179893,1
actual,10,30,pipelined_tree,0,1024,786432,12.348224302,0.012058813,0.000652530,0.022197926,1
actual,11,31,pipelined_tree,0,1024,786432,12.358051747,0.012068410,0.000641800,0.022147682,1
actual,12,32,pipelined_tree,0,1024,786432,12.382285128,0.012092075,0.000634656,0.022129368,1
actual,13,33,pipelined_tree,0,1024,786432,12.325938049,0.012037049,0.000658441,0.022061270,1
actual,14,34,pipelined_tree,0,1024,786432,12.321356689,0.012032575,0.000648362,0.021914504,1
actual,15,35,pipelined_tree,0,1024,786432,12.334231800,0.012045148,0.000649344,0.022038688,1
actual,16,36,pipelined_tree,0,1024,786432,12.311966382,0.012023405,0.000646058,0.022025572,1
actual,17,37,pipelined_tree,0,1024,786432,12.330755292,0.012041753,0.000657830,0.021996608,1
actual,18,38,pipelined_tree,0,1024,786432,12.333550326,0.012044483,0.000654504,0.022103399,1
actual,19,39,pipelined_tree,0,1024,786432,12.352572453,0.012063059,0.000645908,0.022096837,1
warmup,0,0,pipelined_tree,0,1024,1048576,16.345009505,0.015961923,0.001332271,0.029330251,1
warmup,1,1,pipelined_tree,0,1024,1048576,16.343581261,0.015960529,0.000888384,0.029313469,1
warmup,2,2,pipelined_tree,0,1024,1048576,16.383438789,0.015999452,0.000914895,0.029187553,1
warmup,3,3,pipelined_tree,0,1024,1048576,16.401336033,0.016016930,0.000915115,0.029145584,1
warmup,4,4,pipelined_tree,0,1024,1048576,16.423761202,0.016038829,0.000886411,0.029204585,1
warmup,5,5,pipelined_tree,0,1024,1048576,16.336093730,0.015953217,0.000914715,0.029183004,1
warmup,6,6,pipelined_tree,0,1024,1048576,16.423095979,0.016038180,0.000913542,0.029108464,1
warmup,7,7,pipelined_tree,0,1024,1048576,16.332115965,0.015949332,0.000902942,0.029180650,1
warmup,8,8,pipelined_tree,0,1024,1048576,16.420433247,0.016035579,0.000905757,0.028975204,1
warmup,9,9,pipelined_tree,0,1024,1048576,16.339544842,0.015956587,0.000904295,0.029079641,1
warmup,10,10,pipelined_tree,0,1024,1048576,16.379520877,0.015995626,0.000903002,0.029069251,1
warmup,11,11,pipelined_tree,0,1024,1048576,16.313596183,0.015931246,0.000920385,0.029192362,1
warmup,12,12,pipelined_tree,0,1024,1048576,16.339971343,0.015957003,0.000886181,0.029142429,1
warmup,13,13,pipelined_tree,0,1024,1048576,16.278400995,0.015896876,0.000892462,0.028970355,1
warmup,14,14,pipelined_tree,0,1024,1048576,16.405494904,0.016020991,0.000888245,0.029074992,1
warmup,15,15,pipelined_tree,0,1024,1048576,16.336797331,0.015953904,0.000889887,0.029033543,1
warmup,16,16,pipelined_tree,0,1024,1048576,16.366515473,0.015982925,0.000895037,0.029272753,1
warmup,17,17,pipelined_tree,0,1024,1048576,16.318639189,0.015936171,0.000908252,0.029088086,1
warmup,18,18,pipelined_tree,0,1024,1048576,16.370197519,0.015986521,0.000916247,0.029088717,1
warmup,19,19,pipelined_tree,0,1024,1048576,16.344193210,0.015961126,0.000907651,0.029156714,1
actual,0,20,pipelined_tree,0,1024,1048576,16.365218054,0.015981658,0.000891641,0.029342434,1
actual,1,21,pipelined_tree,0,1024,1048576,16.335517989,0.015952654,0.000897703,0.029166143,1
actual,2,22,pipelined_tree,0,1024,1048576,16.332812621,0.015950012,0.000896329,0.029056957,1
actual,3,23,pipelined_tree,0,1024,1048576,16.282013224,0.015900404,0.001147382,0.029014278,1
actual,4,24,pipelined_tree,0,1024,1048576,16.391754318,0.016007573,0.000904505,0.029232357,1
actual,5,25,pipelined_tree,0,1024,1048576,16.286997413,0.015905271,0.000887783,0.028984201,1
actual,6,26,pipelined_tree,0,1024,1048576,16.358898131,0.015975486,0.000901239,0.029117972,1
actual,7,27,pipelined_tree,0,1024,1048576,16.317338377,0.015934901,0.000912550,0.029026832,1
actual,8,28,pipelined_tree,0,1024,1048576,16.362239787,0.015978750,0.000884537,0.029117972,1
actual,9,29,pipelined_tree,0,1024,1048576,16.273189129,0.015891786,0.000897171,0.029046718,1
actual,10,30,pipelined_tree,0,1024,1048576,16.268182371,0.015886897,0.000890008,0.028983670,1
actual,11,31,pipelined_tree,0,1024,1048576,16.332049402,0.015949267,0.000905177,0.029248437,1
actual,12,32,pipelined_tree,0,1024,1048576,16.224501203,0.015844239,0.000903082,0.029080011,1
actual,13,33,pipelined_tree,0,1024,1048576,16.215972669,0.015835911,0.000897832,0.029065433,1
actual,14,34,pipelined_tree,0,1024,1048576,16.276812366,0.015895325,0.000890068,0.029198714,1
actual,15,35,pipelined_tree,0,1024,1048576,16.340674195,0.015957690,0.000909104,0.029292470,1
actual,16,36,pipelined_tree,0,1024,1048576,16.395033736,0.016010775,0.000882814,0.029229822,1
actual,17,37,pipelined_tree,0,1024,1048576,16.312206361,0.015929889,0.000905306,0.029185629,1
actual,18,38,pipelined_tree,0,1024,1048576,16.269682353,0.015888362,0.000893063,0.029194626,1
actual,19,39,pipelined_tree,0,1024,1048576,16.295982698,0.015914046,0.000907651,0.029282060,1
warmup,0,0,pipelined_tree,0,1024,1572864,25.463420358,0.024866621,0.001432049,0.043263898,1
warmup,1,1,pipelined_tree,0,1024,1572864,25.388710684,0.024793663,0.001417733,0.043191361,1
warmup,2,2,pipelined_tree,0,1024,1572864,25.316231137,0.024722882,0.001440315,0.043086744,1
warmup,3,3,pipelined_tree,0,1024,1572864,25.429302109,0.024833303,0.001384631,0.043195168,1
warmup,4,4,pipelined_tree,0,1024,1572864,25.424993307,0.024829095,0.001392785,0.043041280,1
warmup,5,5,pipelined_tree,0,1024,1572864,25.461980297,0.024865215,0.001416871,0.043338808,1
warmup,6,6,pipelined_tree,0,1024,1572864,25.432442981,0.024836370,0.001395771,0.043151256,1
warmup,7,7,pipelined_tree,0,1024,1572864,25.370376632,0.024775758,0.001371304,0.042888032,1
warmup,8,8,pipelined_tree,0,1024,1572864,25.452718221,0.024856170,0.001386073,0.043236396,1
warmup,9,9,pipelined_tree,0,1024,1572864,25.426908449,0.024830965,0.001451356,0.042916735,1
warmup,10,10,pipelined_tree,0,1024,1572864,25.405819215,0.024810370,0.001430095,0.043225204,1
warmup,11,11,pipelined_tree,0,1024,1572864,25.380878628,0.024786014,0.001394058,0.043059644,1
warmup,12,12,pipelined_tree,0,1024,1572864,25.383764525,0.024788833,0.001427742,0.043163829,1
warmup,13,13,pipelined_tree,0,1024,1572864,25.412720535,0.024817110,0.001408215,0.043106643,1
warmup,14,14,pipelined_tree,0,1024,1572864,25.410982991,0.024815413,0.001439945,0.042997337,1
warmup,15,15,pipelined_tree,0,1024,1572864,25.445641113,0.024849259,0.001399879,0.043103376,1
warmup,16,16,pipelined_tree,0,1024,1572864,25.416297488,0.024820603,0.001438511,0.043022504,1
warmup,17,17,pipelined_tree,0,1024,1572864,25.492066131,0.024894596,0.001399758,0.043183356,1
warmup,18,18,pipelined_tree,0,1024,1572864,25.438927936,0.024842703,0.001451365,0.043056388,1
warmup,19,19,pipelined_tree,0,1024,1572864,25.420131301,0.024824347,0.001430687,0.042950769,1
actual,0,20,pipelined_tree,0,1024,1572864,25.436733059,0.024840560,0.001428453,0.042991265,1
actual,1,21,pipelined_tree,0,1024,1572864,25.350775330,0.024756617,0.001401682,0.043010612,1
actual,2,22,pipelined_tree,0,1024,1572864,25.383221591,0.024788302,0.001423172,0.043007315,1
actual,3,23,pipelined_tree,0,1024,1572864,25.401925915,0.024806568,0.001404367,0.043268647,1
actual,4,24,pipelined_tree,0,1024,1572864,25.374200293,0.024779492,0.001405690,0.043157027,1
actual,5,25,pipelined_tree,0,1024,1572864,25.418456744,0.024822712,0.001401632,0.043046760,1
actual,6,26,pipelined_tree,0,1024,1572864,25.437591043,0.024841398,0.001418834,0.043135697,1
actual,7,27,pipelined_tree,0,1024,1572864,25.392909879,0.024797764,0.001416941,0.043079782,1
actual,8,28,pipelined_tree,0,1024,1572864,25.484574441,0.024887280,0.001429455,0.043230815,1
actual,9,29,pipelined_tree,0,1024,1572864,25.433172230,0.024837082,0.001403876,0.043167417,1
actual,10,30,pipelined_tree,0,1024,1572864,25.372134179,0.024777475,0.001417402,0.042979624,1
actual,11,31,pipelined_tree,0,1024,1572864,25.422173842,0.024826342,0.001470532,0.043067118,1
actual,12,32,pipelined_tree,0,1024,1572864,25.368567194,0.024773991,0.001438532,0.043116290,1
actual,13,33,pipelined_tree,0,1024,1572864,25.399389663,0.024804091,0.001465763,0.043163048,1
actual,14,34,pipelined_tree,0,1024,1572864,25.380605342,0.024785747,0.001440977,0.043026151,1
actual,15,35,pipelined_tree,0,1024,1572864,25.345299534,0.024751269,0.001478978,0.042978081,1
actual,16,36,pipelined_tree,0,1024,1572864,25.366231700,0.024771711,0.001418945,0.042850361,1
actual,17,37,pipelined_tree,0,1024,1572864,25.417436111,0.024821715,0.001421510,0.043135556,1
actual,18,38,pipelined_tree,0,1024,1572864,25.399658904,0.024804354,0.001438321,0.043114607,1
actual,19,39,pipelined_tree,0,1024,1572864,25.356310643,0.024762022,0.001435656,0.043235925,1
warmup,0,0,pipelined_tree,0,1024,2097152,34.753706833,0.033939167,0.002020068,0.057265752,1
warmup,1,1,pipelined_tree,0,1024,2097152,34.816468262,0.034000457,0.001968611,0.057132482,1
warmup,2,2,pipelined_tree,0,1024,2097152,34.830342696,0.034014007,0.001980273,0.057246757,1
warmup,3,3,pipelined_tree,0,1024,2097152,34.757876524,0.033943239,0.002006001,0.056953807,1
warmup,4,4,pipelined_tree,0,1024,2097152,34.689925222,0.033876880,0.001978680,0.056914763,1
warmup,5,5,pipelined_tree,0,1024,2097152,34.636652931,0.033824856,0.001996514,0.057043655,1
warmup,6,6,pipelined_tree,0,1024,2097152,34.761399465,0.033946679,0.001993949,0.057124517,1
warmup,7,7,pipelined_tree,0,1024,2097152,34.722136373,0.033908336,0.001964173,0.057067129,1
warmup,8,8,pipelined_tree,0,1024,2097152,34.700136401,0.033886852,0.001987516,0.057068191,1
warmup,9,9,pipelined_tree,0,1024,2097152,34.684000294,0.033871094,0.001961067,0.056982019,1
warmup,10,10,pipelined_tree,0,1024,2097152,34.718985190,0.033905259,0.001966326,0.057009131,1
warmup,11,11,pipelined_tree,0,1024,2097152,34.740672714,0.033926438,0.001945418,0.057090723,1
warmup,12,12,pipelined_tree,0,1024,2097152,34.695918018,0.033882732,0.001983548,0.057041021,1
warmup,13,13,pipelined_tree,0,1024,2097152,34.713050135,0.033899463,0.001988117,0.057238240,1
warmup,14,14,pipelined_tree,0,1024,2097152,34.690166480,0.033877116,0.001949585,0.056921225,1
warmup,15,15,pipelined_tree,0,1024,2097152,34.691706120,0.033878619,0.001953533,0.056970077,1
warmup,16,16,pipelined_tree,0,1024,2097152,34.670216113,0.033857633,0.001985472,0.056878856,1
warmup,17,17,pipelined_tree,0,1024,2097152,34.723843374,0.033910003,0.001953652,0.056864559,1
warmup,18,18,pipelined_tree,0,1024,2097152,34.619735610,0.033808336,0.001983649,0.056509342,1
warmup,19,19,pipelined_tree,0,1024,2097152,34.656072073,0.033843820,0.001956158,0.056931155,1
actual,0,20,pipelined_tree,0,1024,2097152,34.685416800,0.033872477,0.001971236,0.057170444,1
actual,1,21,pipelined_tree,0,1024,2097152,34.666740530,0.033854239,0.001956568,0.056711752,1
actual,2,22,pipelined_tree,0,1024,2097152,34.677005478,0.033864263,0.001951589,0.056933459,1
actual,3,23,pipelined_tree,0,1024,2097152,34.656159131,0.033843905,0.001996804,0.057066378,1
actual,4,24,pipelined_tree,0,1024,2097152,34.675703106,0.033862991,0.002000681,0.056904965,1
actual,5,25,pipelined_tree,0,1024,2097152,34.688457908,0.033875447,0.001970614,0.057081416,1
actual,6,26,pipelined_tree,0,1024,2097152,34.650251437,0.033838136,0.001979993,0.057071227,1
actual,7,27,pipelined_tree,0,1024,2097152,34.657735328,0.033845445,0.001941911,0.057098689,1
actual,8,28,pipelined_tree,0,1024,2097152,34.681107936,0.033868269,0.001984590,0.057068432,1
actual,9,29,pipelined_tree,0,1024,2097152,34.654608122,0.033842391,0.001972528,0.056942035,1
actual,10,30,pipelined_tree,0,1024,2097152,34.708191883,0.033894719,0.001946960,0.057021344,1
actual,11,31,pipelined_tree,0,1024,2097152,34.631356441,0.033819684,0.001994940,0.056829733,1
actual,12,32,pipelined_tree,0,1024,2097152,34.679458782,0.033866659,0.001933284,0.057042353,1
actual,13,33,pipelined_tree,0,1024,2097152,34.696905817,0.033883697,0.001921743,0.057030380,1
actual,14,34,pipelined_tree,0,1024,2097152,34.662092052,0.033849699,0.001953803,0.057198526,1
actual,15,35,pipelined_tree,0,1024,2097152,34.671459814,0.033858847,0.001962168,0.057063072,1
actual,16,36,pipelined_tree,0,1024,2097152,34.712642794,0.033899065,0.001941430,0.057120639,1
actual,17,37,pipelined_tree,0,1024,2097152,34.723878138,0.033910037,0.001930188,0.057116472,1
actual,18,38,pipelined_tree,0,1024,2097152,34.664827559,0.033852371,0.001983409,0.057221479,1
actual,19,39,pipelined_tree,0,1024,2097152,34.665877864,0.033853396,0.001995651,0.057166576,1
warmup,0,0,pipelined_tree,0,1024,3145728,53.739892923,0.052480364,0.003313727,0.085277798,1
warmup,1,1,pipelined_tree,0,1024,3145728,53.781874017,0.052521361,0.003190574,0.085691875,1
warmup,2,2,pipelined_tree,0,1024,3145728,53.718364409,0.052459340,0.003255567,0.085357427,1
warmup,3,3,pipelined_tree,0,1024,3145728,53.755111498,0.052495226,0.003190675,0.085603499,1
warmup,4,4,pipelined_tree,0,1024,3145728,53.637843502,0.052380707,0.003240168,0.085435073,1
warmup,5,5,pipelined_tree,0,1024,3145728,53.621704352,0.052364946,0.003250878,0.085277067,1
warmup,6,6,pipelined_tree,0,1024,3145728,53.719019590,0.052459980,0.003263041,0.085443970,1
warmup,7,7,pipelined_tree,0,1024,3145728,53.691872170,0.052433469,0.003165918,0.085546001,1
warmup,8,8,pipelined_tree,0,1024,3145728,53.694665088,0.052436196,0.003194552,0.085426888,1
warmup,9,9,pipelined_tree,0,1024,3145728,53.761309379,0.052501279,0.003257460,0.085270825,1
warmup,10,10,pipelined_tree,0,1024,3145728,53.724479804,0.052465312,0.003269584,0.085501157,1
warmup,11,11,pipelined_tree,0,1024,3145728,53.801932098,0.052540949,0.003258291,0.085500386,1
warmup,12,12,pipelined_tree,0,1024,3145728,53.712945294,0.052454048,0.003186606,0.085845975,1
warmup,13,13,pipelined_tree,0,1024,3145728,53.724649044,0.052465478,0.003229557,0.085811270,1
warmup,14,14,pipelined_tree,0,1024,3145728,53.706400062,0.052447656,0.003220280,0.085813643,1
warmup,15,15,pipelined_tree,0,1024,3145728,53.790859194,0.052530136,0.003233335,0.086054526,1
warmup,16,16,pipelined_tree,0,1024,3145728,53.823762938,0.052562268,0.003219649,0.085745396,1
warmup,17,17,pipelined_tree,0,1024,3145728,53.856046269,0.052593795,0.003198389,0.085532997,1
warmup,18,18,pipelined_tree,0,1024,3145728,53.795569260,0.052534736,0.003204120,0.085467143,1
warmup,19,19,pipelined_tree,0,1024,3145728,53.774571304,0.052514230,0.003241180,0.085778869,1
actual,0,20,pipelined_tree,0,1024,3145728,53.715899538,0.052456933,0.003286334,0.085825527,1
actual,1,21,pipelined_tree,0,1024,3145728,53.674668323,0.052416668,0.003240849,0.085488974,1
actual,2,22,pipelined_tree,0,1024,3145728,53.694887723,0.052436414,0.003262810,0.085391611,1
actual,3,23,pipelined_tree,0,1024,3145728,53.646441896,0.052389103,0.003195984,0.085239195,1
actual,4,24,pipelined_tree,0,1024,3145728,53.576508459,0.052320809,0.003238284,0.085088843,1
actual,5,25,pipelined_tree,0,1024,3145728,53.665118078,0.052407342,0.003250998,0.085485679,1
actual,6,26,pipelined_tree,0,1024,3145728,53.761587833,0.052501551,0.003193510,0.085694330,1
actual,7,27,pipelined_tree,0,1024,3145728,53.691989980,0.052433584,0.003257090,0.085696624,1
actual,8,28,pipelined_tree,0,1024,3145728,53.706734823,0.052447983,0.003323014,0.085616564,1
actual,9,29,pipelined_tree,0,1024,3145728,53.686758478,0.052428475,0.003285653,0.085550841,1
actual,10,30,pipelined_tree,0,1024,3145728,53.743111463,0.052483507,0.003234517,0.085751037,1
actual,11,31,pipelined_tree,0,1024,3145728,53.681062294,0.052422912,0.003194402,0.085555921,1
actual,12,32,pipelined_tree,0,1024,3145728,53.710381300,0.052451544,0.003253703,0.085776293,1
actual,13,33,pipelined_tree,0,1024,3145728,53.683032371,0.052424836,0.003227504,0.085563304,1
actual,14,34,pipelined_tree,0,1024,3145728,53.678345402,0.052420259,0.003265556,0.085380260,1
actual,15,35,pipelined_tree,0,1024,3145728,53.714865215,0.052455923,0.003205353,0.085501988,1
actual,16,36,pipelined_tree,0,1024,3145728,53.741611068,0.052482042,0.003200893,0.085668362,1
actual,17,37,pipelined_tree,0,1024,3145728,53.662738446,0.052405018,0.003250387,0.085686024,1
actual,18,38,pipelined_tree,0,1024,3145728,53.684490305,0.052426260,0.003299119,0.085245517,1
actual,19,39,pipelined_tree,0,1024,3145728,53.703906793,0.052445221,0.003348552,0.085479636,1
warmup,0,0,pipelined_tree,0,1024,4194304,72.946143126,0.071236468,0.004591725,0.114269442,1
warmup,1,1,pipelined_tree,0,1024,4194304,72.916821792,0.071207834,0.004623085,0.114591738,1
warmup,2,2,pipelined_tree,0,1024,4194304,72.980311358,0.071269835,0.004580685,0.114571851,1
warmup,3,3,pipelined_tree,0,1024,4194304,72.948657522,0.071238923,0.004401307,0.114523350,1
warmup,4,4,pipelined_tree,0,1024,4194304,72.908428123,0.071199637,0.004567941,0.114518922,1
warmup,5,5,pipelined_tree,0,1024,4194304,72.937576952,0.071228102,0.004543945,0.114337941,1
warmup,6,6,pipelined_tree,0,1024,4194304,72.972199895,0.071261914,0.004518597,0.114778339,1
warmup,7,7,pipelined_tree,0,1024,4194304,72.839070259,0.071131905,0.004612655,0.114328733,1
warmup,8,8,pipelined_tree,0,1024,4194304,72.908852392,0.071200051,0.004498790,0.114659495,1
warmup,9,9,pipelined_tree,0,1024,4194304,73.009471418,0.071298312,0.004621491,0.114594543,1
warmup,10,10,pipelined_tree,0,1024,4194304,72.952081072,0.071242267,0.004415623,0.114716442,1
warmup,11,11,pipelined_tree,0,1024,4194304,73.017967823,0.071306609,0.004536101,0.114605704,1
warmup,12,12,pipelined_tree,0,1024,4194304,72.837416209,0.071130289,0.004469765,0.114452787,1
warmup,13,13,pipelined_tree,0,1024,4194304,73.010687676,0.071299500,0.004530340,0.114537045,1
warmup,14,14,pipelined_tree,0,1024,4194304,72.959064181,0.071249086,0.004431543,0.114448789,1
warmup,15,15,pipelined_tree,0,1024,4194304,73.019646395,0.071308248,0.004548083,0.114595254,1
warmup,16,16,pipelined_tree,0,1024,4194304,72.976261856,0.071265881,0.004530511,0.114667329,1
warmup,17,17,pipelined_tree,0,1024,4194304,73.109558259,0.071396053,0.004545809,0.114501028,1
warmup,18,18,pipelined_tree,0,1024,4194304,72.924141705,0.071214982,0.004467842,0.114509504,1
warmup,19,19,pipelined_tree,0,1024,4194304,72.936522326,0.071227073,0.004565917,0.114455863,1
actual,0,20,pipelined_tree,0,1024,4194304,72.869236441,0.071161364,0.004639866,0.114524973,1
actual,1,21,pipelined_tree,0,1024,4194304,73.013000560,0.071301758,0.004556680,0.114736720,1
actual,2,22,pipelined_tree,0,1024,4194304,72.992052693,0.071281301,0.004445961,0.114457566,1
actual,3,23,pipelined_tree,0,1024,4194304,73.116132148,0.071402473,0.004618015,0.114869981,1
actual,4,24,pipelined_tree,0,1024,4194304,72.958807030,0.071248835,0.004588670,0.114799788,1
actual,5,25,pipelined_tree,0,1024,4194304,73.043410774,0.071331456,0.004539467,0.114525323,1
actual,6,26,pipelined_tree,0,1024,4194304,72.974682238,0.071264338,0.004473483,0.114629549,1
actual,7,27,pipelined_tree,0,1024,4194304,73.056306180,0.071344049,0.004603568,0.114883727,1
actual,8,28,pipelined_tree,0,1024,4194304,72.936740460,0.071227286,0.004530881,0.114656069,1
actual,9,29,pipelined_tree,0,1024,4194304,73.063187925,0.071350769,0.004401297,0.114621013,1
actual,10,30,pipelined_tree,0,1024,4194304,72.863547752,0.071155808,0.004519068,0.114434563,1
actual,11,31,pipelined_tree,0,1024,4194304,72.877212067,0.071169152,0.004609469,0.114555230,1
actual,12,32,pipelined_tree,0,1024,4194304,73.004505576,0.071293462,0.004360048,0.114910666,1
actual,13,33,pipelined_tree,0,1024,4194304,73.050928285,0.071338797,0.004619849,0.114926717,1
actual,14,34,pipelined_tree,0,1024,4194304,73.010279974,0.071299102,0.004487469,0.114787586,1
actual,15,35,pipelined_tree,0,1024,4194304,72.924067607,0.071214910,0.004548735,0.114657732,1
actual,16,36,pipelined_tree,0,1024,4194304,72.933857810,0.071224471,0.004610230,0.114643976,1
actual,17,37,pipelined_tree,0,1024,4194304,73.017198168,0.071305858,0.004576367,0.114837439,1
actual,18,38,pipelined_tree,0,1024,4194304,72.980123524,0.071269652,0.004600222,0.114250056,1
actual,19,39,pipelined_tree,0,1024,4194304,72.952509893,0.071242685,0.004503830,0.114417070,1
warmup,0,0,pipelined_tree,0,1024,6291456,111.602751246,0.108987062,0.008632452,0.171041989,1
warmup,1,1,pipelined_tree,0,1024,6291456,111.591751861,0.108976320,0.008399733,0.171719270,1
warmup,2,2,pipelined_tree,0,1024,6291456,111.606330453,0.108990557,0.008198484,0.172010267,1
warmup,3,3,pipelined_tree,0,1024,6291456,111.732906797,0.109114167,0.007411721,0.171794993,1
warmup,4,4,pipelined_tree,0,1024,6291456,111.640529565,0.109023955,0.007257801,0.172316261,1
warmup,5,5,pipelined_tree,0,1024,6291456,111.636823724,0.109020336,0.007347610,0.172606186,1
warmup,6,6,pipelined_tree,0,1024,6291456,111.666939998,0.109049746,0.007236822,0.172443241,1
warmup,7,7,pipelined_tree,0,1024,6291456,111.903367237,0.109280632,0.007448240,0.173054789,1
warmup,8,8,pipelined_tree,0,1024,6291456,111.682806785,0.109065241,0.007042145,0.171762832,1
warmup,9,9,pipelined_tree,0,1024,6291456,111.765220944,0.109145724,0.007296303,0.172448430,1
warmup,10,10,pipelined_tree,0,1024,6291456,111.497208173,0.108883992,0.007403184,0.172498143,1
warmup,11,11,pipelined_tree,0,1024,6291456,111.687559767,0.109069883,0.007307664,0.172006911,1
warmup,12,12,pipelined_tree,0,1024,6291456,111.551548194,0.108937059,0.007319737,0.171936769,1
warmup,13,13,pipelined_tree,0,1024,6291456,111.397669692,0.108786787,0.007492774,0.171994768,1
warmup,14,14,pipelined_tree,0,1024,6291456,111.605242022,0.108989494,0.007275755,0.171830820,1
warmup,15,15,pipelined_tree,0,1024,6291456,111.593970391,0.108978487,0.007262780,0.171891083,1
warmup,16,16,pipelined_tree,0,1024,6291456,111.705815793,0.109087711,0.007292737,0.171925618,1
warmup,17,17,pipelined_tree,0,1024,6291456,111.796385443,0.109176158,0.007188469,0.172044822,1
warmup,18,18,pipelined_tree,0,1024,6291456,111.575129488,0.108960087,0.007297416,0.172051565,1
warmup,19,19,pipelined_tree,0,1024,6291456,111.817744648,0.109197016,0.007279351,0.172126215,1
actual,0,20,pipelined_tree,0,1024,6291456,111.939462093,0.109315881,0.007320990,0.172205184,1
actual,1,21,pipelined_tree,0,1024,6291456,111.739379073,0.109120487,0.007506900,0.172236933,1
actual,2,22,pipelined_tree,0,1024,6291456,111.740426218,0.109121510,0.007198800,0.172053749,1
actual,3,23,pipelined_tree,0,1024,6291456,111.719213812,0.109100795,0.007468878,0.172133629,1
actual,4,24,pipelined_tree,0,1024,6291456,111.854641524,0.109233048,0.007278159,0.172035825,1
actual,5,25,pipelined_tree,0,1024,6291456,111.702081692,0.109084064,0.007385962,0.171559099,1
actual,6,26,pipelined_tree,0,1024,6291456,111.692226460,0.109074440,0.007320088,0.171692370,1
actual,7,27,pipelined_tree,0,1024,6291456,111.737891165,0.109119034,0.007271466,0.171948120,1
actual,8,28,pipelined_tree,0,1024,6291456,111.666378758,0.109049198,0.007213678,0.172339816,1
actual,9,29,pipelined_tree,0,1024,6291456,111.698448176,0.109080516,0.007217735,0.171546696,1
actual,10,30,pipelined_tree,0,1024,6291456,111.620971173,0.109004855,0.007240168,0.171744308,1
actual,11,31,pipelined_tree,0,1024,6291456,111.753243215,0.109134027,0.007279611,0.171069992,1
actual,12,32,pipelined_tree,0,1024,6291456,111.669328982,0.109052079,0.007316241,0.171923464,1
actual,13,33,pipelined_tree,0,1024,6291456,111.814908193,0.109194246,0.007067803,0.171635624,1
actual,14,34,pipelined_tree,0,1024,6291456,111.774784385,0.109155063,0.007215261,0.171548721,1
actual,15,35,pipelined_tree,0,1024,6291456,111.865788334,0.109243934,0.007235489,0.171555544,1
actual,16,36,pipelined_tree,0,1024,6291456,111.655723892,0.109038793,0.007568636,0.171992902,1
actual,17,37,pipelined_tree,0,1024,6291456,111.714149950,0.109095850,0.007266878,0.172214128,1
actual,18,38,pipelined_tree,0,1024,6291456,111.654876100,0.109037965,0.007305951,0.171959369,1
actual,19,39,pipelined_tree,0,1024,6291456,111.641223071,0.109024632,0.007351407,0.171904747,1
warmup,0,0,pipelined_tree,0,1024,8388608,150.353867522,0.146829949,0.010314643,0.229488990,1
warmup,1,1,pipelined_tree,0,1024,8388608,150.861030962,0.147325226,0.010494352,0.228918148,1
warmup,2,2,pipelined_tree,0,1024,8388608,150.647671313,0.147116867,0.010158097,0.229599356,1
warmup,3,3,pipelined_tree,0,1024,8388608,150.697821074,0.147165841,0.010151014,0.229380797,1
warmup,4,4,pipelined_tree,0,1024,8388608,150.518311802,0.146990539,0.010246194,0.229260572,1
warmup,5,5,pipelined_tree,0,1024,8388608,150.700884463,0.147168832,0.010193034,0.229211319,1
warmup,6,6,pipelined_tree,0,1024,8388608,150.616328631,0.147086258,0.010137669,0.228897029,1
warmup,7,7,pipelined_tree,0,1024,8388608,150.702614487,0.147170522,0.010193585,0.229027203,1
warmup,8,8,pipelined_tree,0,1024,8388608,151.670145607,0.148115377,0.009956769,0.229391987,1
warmup,9,9,pipelined_tree,0,1024,8388608,151.177964045,0.147634731,0.010423107,0.229819330,1
warmup,10,10,pipelined_tree,0,1024,8388608,150.707437294,0.147175232,0.010145695,0.228744702,1
warmup,11,11,pipelined_tree,0,1024,8388608,150.749942760,0.147216741,0.010115708,0.228684300,1
warmup,12,12,pipelined_tree,0,1024,8388608,151.073487634,0.147532703,0.010165832,0.229598856,1
warmup,13,13,pipelined_tree,0,1024,8388608,149.944657759,0.146430330,0.010605350,0.225639835,1
warmup,14,14,pipelined_tree,0,1024,8388608,150.142638106,0.146623670,0.010321446,0.226914097,1
warmup,15,15,pipelined_tree,0,1024,8388608,150.124666326,0.146606119,0.010295106,0.226639200,1
warmup,16,16,pipelined_tree,0,1024,8388608,150.127762631,0.146609143,0.010159651,0.226886054,1
warmup,17,17,pipelined_tree,0,1024,8388608,150.241892676,0.146720598,0.010162347,0.226018566,1
warmup,18,18,pipelined_tree,0,1024,8388608,150.012563696,0.146496644,0.010121109,0.226872007,1
warmup,19,19,pipelined_tree,0,1024,8388608,150.206659152,0.146686191,0.010888706,0.226330301,1
actual,0,20,pipelined_tree,0,1024,8388608,150.169626265,0.146650026,0.010172486,0.226662995,1
actual,1,21,pipelined_tree,0,1024,8388608,150.321634745,0.146798471,0.010198666,0.227304840,1
actual,2,22,pipelined_tree,0,1024,8388608,150.117279425,0.146598906,0.010041028,0.226693733,1
actual,3,23,pipelined_tree,0,1024,8388608,150.224310676,0.146703428,0.009994511,0.226944313,1
actual,4,24,pipelined_tree,0,1024,8388608,150.139649895,0.146620752,0.010289346,0.226309892,1
actual,5,25,pipelined_tree,0,1024,8388608,150.162000032,0.146642578,0.010464036,0.226717968,1
actual,6,26,pipelined_tree,0,1024,8388608,150.015501790,0.146499513,0.010348317,0.226794171,1
actual,7,27,pipelined_tree,0,1024,8388608,150.128615630,0.146609976,0.010367804,0.226511090,1
actual,8,28,pipelined_tree,0,1024,8388608,149.965940600,0.146451114,0.010403261,0.226194956,1
actual,9,29,pipelined_tree,0,1024,8388608,150.277336462,0.146755211,0.010372513,0.226793471,1
actual,10,30,pipelined_tree,0,1024,8388608,150.168076705,0.146648512,0.010312811,0.226165201,1
actual,11,31,pipelined_tree,0,1024,8388608,150.286241505,0.146763908,0.010439850,0.226659138,1
actual,12,32,pipelined_tree,0,1024,8388608,149.996492033,0.146480949,0.010273045,0.227317143,1
actual,13,33,pipelined_tree,0,1024,8388608,150.281321166,0.146759103,0.010251985,0.227199713,1
actual,14,34,pipelined_tree,0,1024,8388608,149.863138808,0.146350721,0.010478012,0.226638619,1
actual,15,35,pipelined_tree,0,1024,8388608,150.122962735,0.146604456,0.010218573,0.226572215,1
actual,16,36,pipelined_tree,0,1024,8388608,150.214824530,0.146694165,0.010393673,0.226543661,1
actual,17,37,pipelined_tree,0,1024,8388608,150.310635793,0.146787730,0.010429691,0.226667514,1
actual,18,38,pipelined_tree,0,1024,8388608,150.179722236,0.146659885,0.010346193,0.226074521,1
actual,19,39,pipelined_tree,0,1024,8388608,150.122507185,0.146604011,0.010108415,0.226983487,1
warmup,0,0,pipelined_tree,0,1024,12582912,227.183202102,0.221858596,0.017489940,0.339187098,1
warmup,1,1,pipelined_tree,0,1024,12582912,227.272633747,0.221945931,0.016476990,0.340691180,1
warmup,2,2,pipelined_tree,0,1024,12582912,226.988143837,0.221668109,0.016494694,0.338309199,1
warmup,3,3,pipelined_tree,0,1024,12582912,227.100240845,0.221777579,0.016529139,0.338511369,1
warmup,4,4,pipelined_tree,0,1024,12582912,227.076984228,0.221754867,0.016370680,0.337207612,1
warmup,5,5,pipelined_tree,0,1024,12582912,227.300679013,0.221973319,0.016268107,0.338324762,1
warmup,6,6,pipelined_tree,0,1024,12582912,226.806382213,0.221490608,0.016172446,0.338340759,1
warmup,7,7,pipelined_tree,0,1024,12582912,227.166412138,0.221842199,0.016343840,0.338925246,1
warmup,8,8,pipelined_tree,0,1024,12582912,226.810287224,0.221494421,0.016337899,0.338639429,1
warmup,9,9,pipelined_tree,0,1024,12582912,226.875059165,0.221557675,0.016289907,0.340403484,1
warmup,10,10,pipelined_tree,0,1024,12582912,227.046399065,0.221724999,0.016264300,0.338064571,1
warmup,11,11,pipelined_tree,0,1024,12582912,228.585407434,0.223227937,0.015971438,0.337619280,1
warmup,12,12,pipelined_tree,0,1024,12582912,228.596226484,0.223238502,0.016138001,0.352041833,1
warmup,13,13,pipelined_tree,0,1024,12582912,228.267647607,0.222917625,0.016052349,0.354531070,1
warmup,14,14,pipelined_tree,0,1024,12582912,227.576429220,0.222242607,0.016190270,0.337922438,1
warmup,15,15,pipelined_tree,0,1024,12582912,227.443617708,0.222112908,0.016289638,0.337244340,1
warmup,16,16,pipelined_tree,0,1024,12582912,228.463957181,0.223109333,0.016275701,0.335431838,1
warmup,17,17,pipelined_tree,0,1024,12582912,227.130890523,0.221807510,0.016105931,0.337283564,1
warmup,18,18,pipelined_tree,0,1024,12582912,226.972337931,0.221652674,0.016304265,0.338607000,1
warmup,19,19,pipelined_tree,0,1024,12582912,227.271824911,0.221945142,0.016522677,0.337713321,1
actual,0,20,pipelined_tree,0,1024,12582912,226.718562238,0.221404846,0.016217342,0.338065986,1
actual,1,21,pipelined_tree,0,1024,12582912,227.008166755,0.221687663,0.016354720,0.338146474,1
actual,2,22,pipelined_tree,0,1024,12582912,227.150264632,0.221826430,0.016266124,0.338511118,1
actual,3,23,pipelined_tree,0,1024,12582912,227.337099623,0.222008886,0.016604361,0.336720317,1
actual,4,24,pipelined_tree,0,1024,12582912,226.850857083,0.221534040,0.016307671,0.338700584,1
actual,5,25,pipelined_tree,0,1024,12582912,227.158444120,0.221834418,0.016532756,0.338328856,1
actual,6,26,pipelined_tree,0,1024,12582912,226.757761153,0.221443126,0.016232549,0.338611617,1
actual,7,27,pipelined_tree,0,1024,12582912,227.071211954,0.221749230,0.016306940,0.338196288,1
actual,8,28,pipelined_tree,0,1024,12582912,227.037577879,0.221716385,0.016482821,0.338017853,1
actual,9,29,pipelined_tree,0,1024,12582912,226.783504670,0.221468266,0.020592999,0.338217978,1
actual,10,30,pipelined_tree,0,1024,12582912,227.789706976,0.222450886,0.016831538,0.338068467,1
actual,11,31,pipelined_tree,0,1024,12582912,227.377785511,0.222048619,0.017047767,0.338137657,1
actual,12,32,pipelined_tree,0,1024,12582912,227.503253156,0.222171146,0.016790211,0.338726303,1
actual,13,33,pipelined_tree,0,1024,12582912,227.455389396,0.222124404,0.016931528,0.338489480,1
actual,14,34,pipelined_tree,0,1024,12582912,227.357484516,0.222028793,0.016825918,0.338615224,1
actual,15,35,pipelined_tree,0,1024,12582912,227.101320040,0.221778633,0.017123169,0.338187395,1
actual,16,36,pipelined_tree,0,1024,12582912,227.388028979,0.222058622,0.016619870,0.339254863,1
actual,17,37,pipelined_tree,0,1024,12582912,228.722069900,0.223361396,0.016682929,0.340582412,1
actual,18,38,pipelined_tree,0,1024,12582912,227.763792735,0.222425579,0.016596836,0.340859086,1
actual,19,39,pipelined_tree,0,1024,12582912,228.823555772,0.223460504,0.016560188,0.344059079,1
warmup,0,0,pipelined_tree,0,1024,16777216,305.570991301,0.298409171,0.024304276,0.453484118,1
warmup,1,1,pipelined_tree,0,1024,16777216,305.360425919,0.298203541,0.023346731,0.454352711,1
warmup,2,2,pipelined_tree,0,1024,16777216,305.193494800,0.298040522,0.022260643,0.452273023,1
warmup,3,3,pipelined_tree,0,1024,16777216,304.356586384,0.297223229,0.022495786,0.450618063,1
warmup,4,4,pipelined_tree,0,1024,16777216,304.415738410,0.297280995,0.021343915,0.450065786,1
warmup,5,5,pipelined_tree,0,1024,16777216,305.410170944,0.298252120,0.021642698,0.462976086,1
warmup,6,6,pipelined_tree,0,1024,16777216,304.994959630,0.297846640,0.022191162,0.448799266,1
warmup,7,7,pipelined_tree,0,1024,16777216,304.612568994,0.297473212,0.021728670,0.449521793,1
warmup,8,8,pipelined_tree,0,1024,16777216,304.667712561,0.297527063,0.021870288,0.448859659,1
warmup,9,9,pipelined_tree,0,1024,16777216,304.881374145,0.297735717,0.021655803,0.451709694,1
warmup,10,10,pipelined_tree,0,1024,16777216,304.547792192,0.297409953,0.021214852,0.447677658,1
warmup,11,11,pipelined_tree,0,1024,16777216,303.749953766,0.296630814,0.021435568,0.449437655,1
warmup,12,12,pipelined_tree,0,1024,16777216,304.638903641,0.297498929,0.022202965,0.448570605,1
warmup,13,13,pipelined_tree,0,1024,16777216,305.282153852,0.298127103,0.022948600,0.451076866,1
warmup,14,14,pipelined_tree,0,1024,16777216,304.229543241,0.297099163,0.021443964,0.448981989,1
warmup,15,15,pipelined_tree,0,1024,16777216,304.517726302,0.297380592,0.021617100,0.449097556,1
warmup,16,16,pipelined_tree,0,1024,16777216,306.548685038,0.299363950,0.021692512,0.452044884,1
warmup,17,17,pipelined_tree,0,1024,16777216,304.655142528,0.297514788,0.022282634,0.449559154,1
warmup,18,18,pipelined_tree,0,1024,16777216,304.749374487,0.297606811,0.022382793,0.451545687,1
warmup,19,19,pipelined_tree,0,1024,16777216,305.212263896,0.298058851,0.021897468,0.448892271,1
actual,0,20,pipelined_tree,0,1024,16777216,304.209397163,0.297079489,0.021803863,0.448864427,1
actual,1,21,pipelined_tree,0,1024,16777216,304.406371738,0.297271847,0.021867863,0.449959465,1
actual,2,22,pipelined_tree,0,1024,16777216,304.243160351,0.297112461,0.022262116,0.448717071,1
actual,3,23,pipelined_tree,0,1024,16777216,304.931570610,0.297784737,0.023150731,0.449685761,1
actual,4,24,pipelined_tree,0,1024,16777216,304.877042952,0.297731487,0.021576845,0.450212603,1
actual,5,25,pipelined_tree,0,1024,16777216,304.637480437,0.297497539,0.021748768,0.449248670,1
actual,6,26,pipelined_tree,0,1024,16777216,304.262176230,0.297131031,0.021544844,0.448481468,1
actual,7,27,pipelined_tree,0,1024,16777216,303.995986222,0.296871080,0.022255273,0.449518077,1
actual,8,28,pipelined_tree,0,1024,16777216,304.806045381,0.297662154,0.022016824,0.450843223,1
actual,9,29,pipelined_tree,0,1024,16777216,304.866843806,0.297721527,0.021378982,0.450224493,1
actual,10,30,pipelined_tree,0,1024,16777216,304.493040391,0.297356485,0.021601140,0.450501103,1
actual,11,31,pipelined_tree,0,1024,16777216,304.183281557,0.297053986,0.021685629,0.450614026,1
actual,12,32,pipelined_tree,0,1024,16777216,304.053033917,0.296926791,0.022134486,0.449247818,1
actual,13,33,pipelined_tree,0,1024,16777216,304.396238605,0.297261952,0.022438669,0.449980275,1
actual,14,34,pipelined_tree,0,1024,16777216,304.042763603,0.296916761,0.021796528,0.450100291,1
actual,15,35,pipelined_tree,0,1024,16777216,304.674614145,0.297533803,0.022000954,0.449927967,1
actual,16,36,pipelined_tree,0,1024,16777216,304.150180712,0.297021661,0.022998224,0.448389174,1
actual,17,37,pipelined_tree,0,1024,16777216,304.175805086,0.297046685,0.022554388,0.449057891,1
actual,18,38,pipelined_tree,0,1024,16777216,304.458191109,0.297322452,0.022027604,0.449545397,1
actual,19,39,pipelined_tree,0,1024,16777216,304.493375448,0.297356812,0.023086170,0.449037683,1
warmup,0,0,pipelined_tree,0,1024,25165824,462.135369382,0.451304072,0.040326640,0.669246666,1
warmup,1,1,pipelined_tree,0,1024,25165824,458.553394174,0.447806049,0.033429127,0.670625607,1
warmup,2,2,pipelined_tree,0,1024,25165824,459.403693500,0.448636419,0.033085379,0.671001313,1
warmup,3,3,pipelined_tree,0,1024,25165824,458.399764614,0.447656020,0.034537706,0.668781493,1
warmup,4,4,pipelined_tree,0,1024,25165824,459.634898733,0.448862206,0.034292685,0.672077376,1
warmup,5,5,pipelined_tree,0,1024,25165824,460.751605198,0.449952739,0.035896077,0.671888711,1
warmup,6,6,pipelined_tree,0,1024,25165824,459.533261066,0.448762950,0.033328607,0.672893380,1
warmup,7,7,pipelined_tree,0,1024,25165824,460.587049772,0.449792041,0.034233153,0.673352321,1
warmup,8,8,pipelined_tree,0,1024,25165824,459.491007870,0.448721687,0.032932110,0.671629714,1
warmup,9,9,pipelined_tree,0,1024,25165824,459.435739192,0.448667714,0.034379798,0.669693155,1
warmup,10,10,pipelined_tree,0,1024,25165824,458.408441796,0.447664494,0.033345059,0.670614477,1
warmup,11,11,pipelined_tree,0,1024,25165824,458.890042807,0.448134807,0.033887460,0.670876629,1
warmup,12,12,pipelined_tree,0,1024,25165824,459.098704410,0.448338579,0.033448363,0.675273081,1
warmup,13,13,pipelined_tree,0,1024,25165824,458.936044829,0.448179731,0.034062271,0.669776287,1
warmup,14,14,pipelined_tree,0,1024,25165824,459.182867036,0.448420769,0.033498818,0.673309263,1
warmup,15,15,pipelined_tree,0,1024,25165824,459.020207661,0.448261922,0.033999632,0.674616997,1
warmup,16,16,pipelined_tree,0,1024,25165824,458.520527197,0.447773952,0.033653460,0.672127454,1
warmup,17,17,pipelined_tree,0,1024,25165824,459.710921820,0.448936447,0.034353629,0.669311248,1
warmup,18,18,pipelined_tree,0,1024,25165824,459.306793707,0.448541791,0.033429098,0.671919734,1
warmup,19,19,pipelined_tree,0,1024,25165824,459.502744660,0.448733149,0.033831725,0.674203031,1
actual,0,20,pipelined_tree,0,1024,25165824,459.157852763,0.448396341,0.033642950,0.672536612,1
actual,1,21,pipelined_tree,0,1024,25165824,459.626479337,0.448853984,0.033798383,0.675774120,1
actual,2,22,pipelined_tree,0,1024,25165824,459.403806469,0.448636530,0.033571595,0.673034808,1
actual,3,23,pipelined_tree,0,1024,25165824,459.366900564,0.448600489,0.033965214,0.671970129,1
actual,4,24,pipelined_tree,0,1024,25165824,459.412039809,0.448644570,0.033353160,0.669824442,1
actual,5,25,pipelined_tree,0,1024,25165824,459.736444288,0.448961371,0.034002424,0.671148487,1
actual,6,26,pipelined_tree,0,1024,25165824,458.928490493,0.448172354,0.033466533,0.669031182,1
actual,7,27,pipelined_tree,0,1024,25165824,458.716774344,0.447965600,0.033937812,0.670455817,1
actual,8,28,pipelined_tree,0,1024,25165824,458.943116170,0.448186637,0.033676659,0.671149038,1
actual,9,29,pipelined_tree,0,1024,25165824,459.181704052,0.448419633,0.034149622,0.674465444,1
actual,10,30,pipelined_tree,0,1024,25165824,459.087023662,0.448327172,0.033623119,0.671398726,1
actual,11,31,pipelined_tree,0,1024,25165824,458.423897772,0.447679588,0.033731573,0.671153666,1
actual,12,32,pipelined_tree,0,1024,25165824,458.662405005,0.447912505,0.033880744,0.671907682,1
actual,13,33,pipelined_tree,0,1024,25165824,458.886935343,0.448131773,0.033833906,0.671280315,1
actual,14,34,pipelined_tree,0,1024,25165824,458.646136266,0.447896617,0.033230088,0.670613232,1
actual,15,35,pipelined_tree,0,1024,25165824,459.118646372,0.448358053,0.033824247,0.670884341,1
actual,16,36,pipelined_tree,0,1024,25165824,458.912531285,0.448156769,0.033523776,0.671122648,1
actual,17,37,pipelined_tree,0,1024,25165824,459.508961072,0.448739220,0.033521592,0.672293817,1
actual,18,38,pipelined_tree,0,1024,25165824,458.225002770,0.447485354,0.033589209,0.672961019,1
actual,19,39,pipelined_tree,0,1024,25165824,458.856309809,0.448101865,0.033547691,0.666555325,1
warmup,0,0,pipelined_tree,0,1024,33554432,615.401063365,0.600977601,0.047935101,0.894214509,1
warmup,1,1,pipelined_tree,0,1024,33554432,614.049973038,0.599658177,0.047269697,0.897282177,1
warmup,2,2,pipelined_tree,0,1024,33554432,618.268370930,0.603777706,0.047004016,0.896657766,1
warmup,3,3,pipelined_tree,0,1024,33554432,613.497182548,0.599118342,0.045774607,0.897618700,1
warmup,4,4,pipelined_tree,0,1024,33554432,615.310361937,0.600889025,0.047069300,0.897614521,1
warmup,5,5,pipelined_tree,0,1024,33554432,615.434032775,0.601009798,0.046637053,0.902292172,1
warmup,6,6,pipelined_tree,0,1024,33554432,616.903654747,0.602444975,0.046252490,0.900911700,1
warmup,7,7,pipelined_tree,0,1024,33554432,613.790058363,0.599404354,0.045510779,0.896976975,1
warmup,8,8,pipelined_tree,0,1024,33554432,612.242833647,0.597893392,0.044864282,0.893173735,1
warmup,9,9,pipelined_tree,0,1024,33554432,614.224113109,0.599828235,0.045903971,0.898601434,1
warmup,10,10,pipelined_tree,0,1024,33554432,613.649039797,0.599266640,0.045527713,0.895956900,1
warmup,11,11,pipelined_tree,0,1024,33554432,614.711759300,0.600304452,0.044734156,0.896327135,1
warmup,12,12,pipelined_tree,0,1024,33554432,613.773419413,0.599388105,0.045968975,0.893265748,1
warmup,13,13,pipelined_tree,0,1024,33554432,613.795628898,0.599409794,0.045264907,0.895700287,1
warmup,14,14,pipelined_tree,0,1024,33554432,613.374216533,0.598998258,0.045205194,0.898495385,1
warmup,15,15,pipelined_tree,0,1024,33554432,615.202591974,0.600783781,0.045436731,0.910535035,1
warmup,16,16,pipelined_tree,0,1024,33554432,614.598738632,0.600194081,0.044237279,0.903253617,1
warmup,17,17,pipelined_tree,0,1024,33554432,615.759056461,0.601327204,0.045971859,0.900566872,1
warmup,18,18,pipelined_tree,0,1024,33554432,615.524351283,0.601097999,0.043931101,0.893951460,1
warmup,19,19,pipelined_tree,0,1024,33554432,615.630179678,0.601201347,0.045022900,0.900433912,1
actual,0,20,pipelined_tree,0,1024,33554432,614.200763599,0.599805433,0.045416433,0.892541911,1
actual,1,21,pipelined_tree,0,1024,33554432,615.345195015,0.600923042,0.046154374,0.895090951,1
actual,2,22,pipelined_tree,0,1024,33554432,615.355110486,0.600932725,0.045333417,0.891842546,1
actual,3,23,pipelined_tree,0,1024,33554432,614.943361384,0.600530626,0.046401800,0.900744466,1
actual,4,24,pipelined_tree,0,1024,33554432,613.451839502,0.599074062,0.044161286,0.895142017,1
actual,5,25,pipelined_tree,0,1024,33554432,613.425815276,0.599048648,0.046042481,0.897670319,1
actual,6,26,pipelined_tree,0,1024,33554432,613.601927547,0.599220632,0.045497735,0.896494319,1
actual,7,27,pipelined_tree,0,1024,33554432,614.570267706,0.600166277,0.046149442,0.894678916,1
actual,8,28,pipelined_tree,0,1024,33554432,613.774969407,0.599389619,0.045369012,0.896135745,1
actual,9,29,pipelined_tree,0,1024,33554432,613.591079906,0.599210039,0.045665651,0.893853826,1
actual,10,30,pipelined_tree,0,1024,33554432,612.502576044,0.598147047,0.045379191,0.899039773,1
actual,11,31,pipelined_tree,0,1024,33554432,614.238985050,0.599842759,0.045105715,0.896662995,1
actual,12,32,pipelined_tree,0,1024,33554432,613.425820473,0.599048653,0.044448867,0.893964574,1
actual,13,33,pipelined_tree,0,1024,33554432,614.209372755,0.599813841,0.045518524,0.896072115,1
actual,14,34,pipelined_tree,0,1024,33554432,613.597063780,0.599215883,0.045253343,0.895892257,1
actual,15,35,pipelined_tree,0,1024,33554432,614.282846070,0.599885592,0.044698147,0.898387907,1
actual,16,36,pipelined_tree,0,1024,33554432,613.311640541,0.598937149,0.046675053,0.895979420,1
actual,17,37,pipelined_tree,0,1024,33554432,614.328942885,0.599930608,0.045625886,0.900112818,1
actual,18,38,pipelined_tree,0,1024,33554432,613.909434323,0.599520932,0.044102855,0.899554118,1
actual,19,39,pipelined_tree,0,1024,33554432,613.536942757,0.599157171,0.044768489,0.897087013,1
