phase,phase_iteration,global_iteration,algorithm,root,nproc,message_size_bytes,time_sum_sec,avg_latency_sec,min_time_sec,max_time_sec,correct
warmup,0,0,scatter_recursive_doubling_allgather,0,2048,2,0.696527761,0.000340101,0.000210414,0.001507522,1
warmup,1,1,scatter_recursive_doubling_allgather,0,2048,2,0.968803144,0.000473048,0.000214542,0.001469308,1
warmup,2,2,scatter_recursive_doubling_allgather,0,2048,2,0.554745882,0.000270872,0.000170690,0.000392476,1
warmup,3,3,scatter_recursive_doubling_allgather,0,2048,2,0.595195572,0.000290623,0.000208650,0.000411779,1
warmup,4,4,scatter_recursive_doubling_allgather,0,2048,2,0.620276335,0.000302869,0.000183544,0.000437563,1
warmup,5,5,scatter_recursive_doubling_allgather,0,2048,2,0.607132051,0.000296451,0.000204303,0.000408588,1
warmup,6,6,scatter_recursive_doubling_allgather,0,2048,2,0.552899755,0.000269971,0.000165540,0.000392315,1
warmup,7,7,scatter_recursive_doubling_allgather,0,2048,2,0.553266603,0.000270150,0.000169206,0.000422031,1
warmup,8,8,scatter_recursive_doubling_allgather,0,2048,2,0.549211605,0.000268170,0.000172093,0.000397635,1
warmup,9,9,scatter_recursive_doubling_allgather,0,2048,2,0.563271192,0.000275035,0.000159027,0.000422954,1
warmup,10,10,scatter_recursive_doubling_allgather,0,2048,2,0.532872423,0.000260192,0.000171101,0.000406593,1
warmup,11,11,scatter_recursive_doubling_allgather,0,2048,2,0.551056267,0.000269070,0.000170319,0.000407062,1
warmup,12,12,scatter_recursive_doubling_allgather,0,2048,2,0.543550830,0.000265406,0.000175078,0.000356517,1
warmup,13,13,scatter_recursive_doubling_allgather,0,2048,2,0.586795688,0.000286521,0.000193342,0.000421843,1
warmup,14,14,scatter_recursive_doubling_allgather,0,2048,2,0.539715831,0.000263533,0.000178253,0.000399001,1
warmup,15,15,scatter_recursive_doubling_allgather,0,2048,2,0.546906314,0.000267044,0.000170840,0.000411821,1
warmup,16,16,scatter_recursive_doubling_allgather,0,2048,2,1.256280059,0.000613418,0.000121618,0.000720363,1
warmup,17,17,scatter_recursive_doubling_allgather,0,2048,2,0.542255536,0.000264773,0.000161923,0.000394681,1
warmup,18,18,scatter_recursive_doubling_allgather,0,2048,2,0.539780552,0.000263565,0.000163547,0.000376565,1
warmup,19,19,scatter_recursive_doubling_allgather,0,2048,2,0.547436297,0.000267303,0.000179415,0.000377417,1
warmup,20,20,scatter_recursive_doubling_allgather,0,2048,2,0.522139462,0.000254951,0.000169688,0.000358203,1
warmup,21,21,scatter_recursive_doubling_allgather,0,2048,2,0.546567219,0.000266879,0.000175628,0.000375155,1
warmup,22,22,scatter_recursive_doubling_allgather,0,2048,2,0.537649309,0.000262524,0.000172483,0.000362120,1
warmup,23,23,scatter_recursive_doubling_allgather,0,2048,2,0.550597836,0.000268847,0.000181800,0.000384803,1
warmup,24,24,scatter_recursive_doubling_allgather,0,2048,2,0.578108495,0.000282280,0.000197350,0.000392707,1
warmup,25,25,scatter_recursive_doubling_allgather,0,2048,2,0.608157492,0.000296952,0.000193262,0.000485929,1
warmup,26,26,scatter_recursive_doubling_allgather,0,2048,2,0.579228852,0.000282827,0.000209082,0.000383297,1
warmup,27,27,scatter_recursive_doubling_allgather,0,2048,2,0.534334905,0.000260906,0.000175428,0.000398378,1
warmup,28,28,scatter_recursive_doubling_allgather,0,2048,2,0.554834709,0.000270915,0.000164779,0.000394711,1
warmup,29,29,scatter_recursive_doubling_allgather,0,2048,2,0.575098903,0.000280810,0.000186188,0.000425668,1
warmup,30,30,scatter_recursive_doubling_allgather,0,2048,2,0.535746908,0.000261595,0.000181520,0.000396004,1
warmup,31,31,scatter_recursive_doubling_allgather,0,2048,2,0.583456589,0.000284891,0.000182512,0.000411533,1
warmup,32,32,scatter_recursive_doubling_allgather,0,2048,2,0.525450053,0.000256567,0.000167023,0.000382648,1
warmup,33,33,scatter_recursive_doubling_allgather,0,2048,2,0.529785893,0.000258685,0.000171420,0.000411701,1
warmup,34,34,scatter_recursive_doubling_allgather,0,2048,2,0.522591964,0.000255172,0.000167023,0.000363141,1
warmup,35,35,scatter_recursive_doubling_allgather,0,2048,2,0.640055389,0.000312527,0.000198672,0.000433344,1
warmup,36,36,scatter_recursive_doubling_allgather,0,2048,2,0.640584638,0.000312785,0.000182653,0.000424047,1
warmup,37,37,scatter_recursive_doubling_allgather,0,2048,2,0.581355536,0.000283865,0.000193152,0.000417845,1
warmup,38,38,scatter_recursive_doubling_allgather,0,2048,2,0.522785182,0.000255266,0.000172223,0.000354897,1
warmup,39,39,scatter_recursive_doubling_allgather,0,2048,2,0.531575251,0.000259558,0.000168305,0.000392537,1
warmup,40,40,scatter_recursive_doubling_allgather,0,2048,2,0.529037324,0.000258319,0.000173906,0.000385594,1
warmup,41,41,scatter_recursive_doubling_allgather,0,2048,2,0.556167024,0.000271566,0.000185247,0.000385605,1
warmup,42,42,scatter_recursive_doubling_allgather,0,2048,2,0.516355427,0.000252127,0.000158546,0.000379021,1
warmup,43,43,scatter_recursive_doubling_allgather,0,2048,2,0.575959272,0.000281230,0.000190567,0.000397236,1
warmup,44,44,scatter_recursive_doubling_allgather,0,2048,2,0.552433182,0.000269743,0.000177482,0.000423184,1
warmup,45,45,scatter_recursive_doubling_allgather,0,2048,2,0.580438930,0.000283417,0.000188763,0.000396229,1
warmup,46,46,scatter_recursive_doubling_allgather,0,2048,2,0.578972771,0.000282702,0.000193452,0.000423224,1
warmup,47,47,scatter_recursive_doubling_allgather,0,2048,2,0.584278406,0.000285292,0.000188914,0.000427443,1
warmup,48,48,scatter_recursive_doubling_allgather,0,2048,2,0.564183424,0.000275480,0.000189284,0.000401133,1
warmup,49,49,scatter_recursive_doubling_allgather,0,2048,2,0.544838274,0.000266034,0.000170819,0.000377938,1
actual,0,50,scatter_recursive_doubling_allgather,0,2048,2,0.546678964,0.000266933,0.000172333,0.000393036,1
actual,1,51,scatter_recursive_doubling_allgather,0,2048,2,0.545409083,0.000266313,0.000169077,0.000396941,1
actual,2,52,scatter_recursive_doubling_allgather,0,2048,2,0.528894605,0.000258249,0.000180438,0.000389932,1
actual,3,53,scatter_recursive_doubling_allgather,0,2048,2,0.575937026,0.000281219,0.000185587,0.000433048,1
actual,4,54,scatter_recursive_doubling_allgather,0,2048,2,0.559458885,0.000273173,0.000189845,0.000405090,1
actual,5,55,scatter_recursive_doubling_allgather,0,2048,2,0.547233725,0.000267204,0.000181711,0.000416754,1
actual,6,56,scatter_recursive_doubling_allgather,0,2048,2,0.510886359,0.000249456,0.000164968,0.000367702,1
actual,7,57,scatter_recursive_doubling_allgather,0,2048,2,0.538461809,0.000262921,0.000176411,0.000387053,1
actual,8,58,scatter_recursive_doubling_allgather,0,2048,2,0.541193007,0.000264254,0.000174406,0.000395252,1
actual,9,59,scatter_recursive_doubling_allgather,0,2048,2,0.529377404,0.000258485,0.000167864,0.000411821,1
actual,10,60,scatter_recursive_doubling_allgather,0,2048,2,0.590159131,0.000288164,0.000192390,0.000400210,1
actual,11,61,scatter_recursive_doubling_allgather,0,2048,2,0.561121208,0.000273985,0.000186659,0.000410592,1
actual,12,62,scatter_recursive_doubling_allgather,0,2048,2,0.528475332,0.000258045,0.000166682,0.000373131,1
actual,13,63,scatter_recursive_doubling_allgather,0,2048,2,0.540491518,0.000263912,0.000167794,0.000385911,1
actual,14,64,scatter_recursive_doubling_allgather,0,2048,2,0.525598816,0.000256640,0.000178764,0.000374780,1
actual,15,65,scatter_recursive_doubling_allgather,0,2048,2,0.534805646,0.000261136,0.000183183,0.000360416,1
actual,16,66,scatter_recursive_doubling_allgather,0,2048,2,0.538840351,0.000263106,0.000180327,0.000370666,1
actual,17,67,scatter_recursive_doubling_allgather,0,2048,2,0.531328719,0.000259438,0.000171030,0.000438771,1
actual,18,68,scatter_recursive_doubling_allgather,0,2048,2,0.571391444,0.000279000,0.000187501,0.000392607,1
actual,19,69,scatter_recursive_doubling_allgather,0,2048,2,0.528295252,0.000257957,0.000165590,0.000358001,1
actual,20,70,scatter_recursive_doubling_allgather,0,2048,2,0.624398691,0.000304882,0.000170208,0.000417896,1
actual,21,71,scatter_recursive_doubling_allgather,0,2048,2,0.619455254,0.000302468,0.000214952,0.000575180,1
actual,22,72,scatter_recursive_doubling_allgather,0,2048,2,0.606886466,0.000296331,0.000139231,0.000387529,1
actual,23,73,scatter_recursive_doubling_allgather,0,2048,2,0.533906621,0.000260697,0.000171912,0.000386567,1
actual,24,74,scatter_recursive_doubling_allgather,0,2048,2,0.536743892,0.000262082,0.000174256,0.000394172,1
actual,25,75,scatter_recursive_doubling_allgather,0,2048,2,0.544393682,0.000265817,0.000177312,0.000413085,1
actual,26,76,scatter_recursive_doubling_allgather,0,2048,2,0.533034893,0.000260271,0.000175909,0.000368460,1
actual,27,77,scatter_recursive_doubling_allgather,0,2048,2,0.563788285,0.000275287,0.000181771,0.000397255,1
actual,28,78,scatter_recursive_doubling_allgather,0,2048,2,0.517673022,0.000252770,0.000165360,0.000378151,1
actual,29,79,scatter_recursive_doubling_allgather,0,2048,2,0.580028291,0.000283217,0.000188613,0.000421496,1
actual,30,80,scatter_recursive_doubling_allgather,0,2048,2,0.527580050,0.000257607,0.000177242,0.000376197,1
actual,31,81,scatter_recursive_doubling_allgather,0,2048,2,0.591944214,0.000289035,0.000210234,0.000387556,1
actual,32,82,scatter_recursive_doubling_allgather,0,2048,2,0.787761558,0.000384649,0.000207970,0.000536608,1
actual,33,83,scatter_recursive_doubling_allgather,0,2048,2,0.543047541,0.000265160,0.000175609,0.000399275,1
actual,34,84,scatter_recursive_doubling_allgather,0,2048,2,0.515519325,0.000251718,0.000162283,0.000405120,1
actual,35,85,scatter_recursive_doubling_allgather,0,2048,2,0.566785321,0.000276751,0.000186139,0.000482804,1
actual,36,86,scatter_recursive_doubling_allgather,0,2048,2,0.533011808,0.000260260,0.000170228,0.000371058,1
actual,37,87,scatter_recursive_doubling_allgather,0,2048,2,0.529408580,0.000258500,0.000158567,0.000525167,1
actual,38,88,scatter_recursive_doubling_allgather,0,2048,2,0.511660852,0.000249834,0.000158747,0.000351188,1
actual,39,89,scatter_recursive_doubling_allgather,0,2048,2,0.534942601,0.000261202,0.000182030,0.000403072,1
actual,40,90,scatter_recursive_doubling_allgather,0,2048,2,0.553157989,0.000270097,0.000155102,0.000399171,1
actual,41,91,scatter_recursive_doubling_allgather,0,2048,2,0.548647650,0.000267894,0.000167434,0.000381275,1
actual,42,92,scatter_recursive_doubling_allgather,0,2048,2,0.536349130,0.000261889,0.000168225,0.000377379,1
actual,43,93,scatter_recursive_doubling_allgather,0,2048,2,0.551879444,0.000269472,0.000184595,0.000387032,1
actual,44,94,scatter_recursive_doubling_allgather,0,2048,2,0.541872535,0.000264586,0.000192230,0.000358190,1
actual,45,95,scatter_recursive_doubling_allgather,0,2048,2,0.529470431,0.000258530,0.000171120,0.000384031,1
actual,46,96,scatter_recursive_doubling_allgather,0,2048,2,0.533109542,0.000260307,0.000173655,0.000356731,1
actual,47,97,scatter_recursive_doubling_allgather,0,2048,2,0.512305553,0.000250149,0.000161702,0.000384342,1
actual,48,98,scatter_recursive_doubling_allgather,0,2048,2,0.547495749,0.000267332,0.000185637,0.000374433,1
actual,49,99,scatter_recursive_doubling_allgather,0,2048,2,0.560351692,0.000273609,0.000180318,0.000387316,1
warmup,0,0,scatter_recursive_doubling_allgather,0,2048,3,0.535409841,0.000261431,0.000177492,0.000420229,1
warmup,1,1,scatter_recursive_doubling_allgather,0,2048,3,0.543981300,0.000265616,0.000171541,0.000394199,1
warmup,2,2,scatter_recursive_doubling_allgather,0,2048,3,0.554261537,0.000270636,0.000174366,0.000405001,1
warmup,3,3,scatter_recursive_doubling_allgather,0,2048,3,0.545238007,0.000266229,0.000174197,0.000394992,1
warmup,4,4,scatter_recursive_doubling_allgather,0,2048,3,0.519379180,0.000253603,0.000163526,0.000361910,1
warmup,5,5,scatter_recursive_doubling_allgather,0,2048,3,0.529834713,0.000258708,0.000168987,0.000391335,1
warmup,6,6,scatter_recursive_doubling_allgather,0,2048,3,0.521561489,0.000254669,0.000174075,0.000388860,1
warmup,7,7,scatter_recursive_doubling_allgather,0,2048,3,0.555255203,0.000271121,0.000186008,0.000419567,1
warmup,8,8,scatter_recursive_doubling_allgather,0,2048,3,0.556406396,0.000271683,0.000186779,0.000403409,1
warmup,9,9,scatter_recursive_doubling_allgather,0,2048,3,0.541562033,0.000264435,0.000178304,0.000394339,1
warmup,10,10,scatter_recursive_doubling_allgather,0,2048,3,0.522879584,0.000255312,0.000162153,0.000372538,1
warmup,11,11,scatter_recursive_doubling_allgather,0,2048,3,0.537095690,0.000262254,0.000170719,0.000433862,1
warmup,12,12,scatter_recursive_doubling_allgather,0,2048,3,0.522684996,0.000255217,0.000162304,0.000370857,1
warmup,13,13,scatter_recursive_doubling_allgather,0,2048,3,0.564899406,0.000275830,0.000180057,0.000401674,1
warmup,14,14,scatter_recursive_doubling_allgather,0,2048,3,0.538513249,0.000262946,0.000179506,0.000401620,1
warmup,15,15,scatter_recursive_doubling_allgather,0,2048,3,0.620765831,0.000303108,0.000202650,0.000418336,1
warmup,16,16,scatter_recursive_doubling_allgather,0,2048,3,0.532522359,0.000260021,0.000175900,0.000387517,1
warmup,17,17,scatter_recursive_doubling_allgather,0,2048,3,0.568021200,0.000277354,0.000174036,0.000408282,1
warmup,18,18,scatter_recursive_doubling_allgather,0,2048,3,0.553860896,0.000270440,0.000174827,0.000398497,1
warmup,19,19,scatter_recursive_doubling_allgather,0,2048,3,0.581968430,0.000284164,0.000182301,0.000454432,1
warmup,20,20,scatter_recursive_doubling_allgather,0,2048,3,0.579603680,0.000283010,0.000147356,0.000451386,1
warmup,21,21,scatter_recursive_doubling_allgather,0,2048,3,0.531999860,0.000259766,0.000173965,0.000405891,1
warmup,22,22,scatter_recursive_doubling_allgather,0,2048,3,0.560669883,0.000273765,0.000171943,0.000391294,1
warmup,23,23,scatter_recursive_doubling_allgather,0,2048,3,0.552208694,0.000269633,0.000177502,0.000396625,1
warmup,24,24,scatter_recursive_doubling_allgather,0,2048,3,0.512660401,0.000250322,0.000159429,0.000369473,1
warmup,25,25,scatter_recursive_doubling_allgather,0,2048,3,0.551156288,0.000269119,0.000175338,0.000396360,1
warmup,26,26,scatter_recursive_doubling_allgather,0,2048,3,0.517253005,0.000252565,0.000154259,0.000376858,1
warmup,27,27,scatter_recursive_doubling_allgather,0,2048,3,0.528192960,0.000257907,0.000167113,0.000395167,1
warmup,28,28,scatter_recursive_doubling_allgather,0,2048,3,0.522608051,0.000255180,0.000153167,0.000371468,1
warmup,29,29,scatter_recursive_doubling_allgather,0,2048,3,0.541823565,0.000264562,0.000172242,0.000515257,1
warmup,30,30,scatter_recursive_doubling_allgather,0,2048,3,0.605938147,0.000295868,0.000185116,0.000395703,1
warmup,31,31,scatter_recursive_doubling_allgather,0,2048,3,0.553436761,0.000270233,0.000173064,0.000384623,1
warmup,32,32,scatter_recursive_doubling_allgather,0,2048,3,0.528150538,0.000257886,0.000169417,0.000375636,1
warmup,33,33,scatter_recursive_doubling_allgather,0,2048,3,0.576020072,0.000281260,0.000180868,0.000436025,1
warmup,34,34,scatter_recursive_doubling_allgather,0,2048,3,0.539958009,0.000263651,0.000178624,0.000383550,1
warmup,35,35,scatter_recursive_doubling_allgather,0,2048,3,0.541955342,0.000264627,0.000180277,0.000400682,1
warmup,36,36,scatter_recursive_doubling_allgather,0,2048,3,0.520271924,0.000254039,0.000175228,0.000364925,1
warmup,37,37,scatter_recursive_doubling_allgather,0,2048,3,0.509835085,0.000248943,0.000150923,0.000385804,1
warmup,38,38,scatter_recursive_doubling_allgather,0,2048,3,0.514671853,0.000251305,0.000166131,0.000397746,1
warmup,39,39,scatter_recursive_doubling_allgather,0,2048,3,0.539621450,0.000263487,0.000161202,0.000404068,1
warmup,40,40,scatter_recursive_doubling_allgather,0,2048,3,0.589193844,0.000287692,0.000189023,0.000401640,1
warmup,41,41,scatter_recursive_doubling_allgather,0,2048,3,0.564619379,0.000275693,0.000185438,0.000400473,1
warmup,42,42,scatter_recursive_doubling_allgather,0,2048,3,0.525356379,0.000256522,0.000165469,0.000356478,1
warmup,43,43,scatter_recursive_doubling_allgather,0,2048,3,0.569920728,0.000278282,0.000182782,0.000394531,1
warmup,44,44,scatter_recursive_doubling_allgather,0,2048,3,0.535294724,0.000261374,0.000172653,0.000385813,1
warmup,45,45,scatter_recursive_doubling_allgather,0,2048,3,0.560903384,0.000273879,0.000192691,0.000406503,1
warmup,46,46,scatter_recursive_doubling_allgather,0,2048,3,0.534186151,0.000260833,0.000170229,0.000399721,1
warmup,47,47,scatter_recursive_doubling_allgather,0,2048,3,0.554475977,0.000270740,0.000186179,0.000398368,1
warmup,48,48,scatter_recursive_doubling_allgather,0,2048,3,0.519142182,0.000253487,0.000166381,0.000370015,1
warmup,49,49,scatter_recursive_doubling_allgather,0,2048,3,0.536962748,0.000262189,0.000171250,0.000386695,1
actual,0,50,scatter_recursive_doubling_allgather,0,2048,3,0.580359162,0.000283378,0.000196668,0.000415130,1
actual,1,51,scatter_recursive_doubling_allgather,0,2048,3,0.549907442,0.000268509,0.000177913,0.000386857,1
actual,2,52,scatter_recursive_doubling_allgather,0,2048,3,0.547141913,0.000267159,0.000167815,0.000401745,1
actual,3,53,scatter_recursive_doubling_allgather,0,2048,3,0.544033780,0.000265641,0.000167233,0.000386427,1
actual,4,54,scatter_recursive_doubling_allgather,0,2048,3,0.545445076,0.000266331,0.000183453,0.000381195,1
actual,5,55,scatter_recursive_doubling_allgather,0,2048,3,0.553136765,0.000270086,0.000180057,0.000453559,1
actual,6,56,scatter_recursive_doubling_allgather,0,2048,3,0.528649456,0.000258130,0.000165871,0.000380957,1
actual,7,57,scatter_recursive_doubling_allgather,0,2048,3,0.545191666,0.000266207,0.000182221,0.000392377,1
actual,8,58,scatter_recursive_doubling_allgather,0,2048,3,0.523614826,0.000255671,0.000168515,0.000380485,1
actual,9,59,scatter_recursive_doubling_allgather,0,2048,3,0.534062679,0.000260773,0.000171421,0.000392077,1
actual,10,60,scatter_recursive_doubling_allgather,0,2048,3,0.540143230,0.000263742,0.000171401,0.000399489,1
actual,11,61,scatter_recursive_doubling_allgather,0,2048,3,0.537508187,0.000262455,0.000169547,0.000384321,1
actual,12,62,scatter_recursive_doubling_allgather,0,2048,3,0.519909838,0.000253862,0.000167393,0.000363711,1
actual,13,63,scatter_recursive_doubling_allgather,0,2048,3,0.746339760,0.000364424,0.000161251,0.000453020,1
actual,14,64,scatter_recursive_doubling_allgather,0,2048,3,0.534357682,0.000260917,0.000171792,0.000364235,1
actual,15,65,scatter_recursive_doubling_allgather,0,2048,3,0.539174978,0.000263269,0.000173224,0.000416993,1
actual,16,66,scatter_recursive_doubling_allgather,0,2048,3,0.537471892,0.000262437,0.000169698,0.000383580,1
actual,17,67,scatter_recursive_doubling_allgather,0,2048,3,0.567934110,0.000277312,0.000197530,0.000419417,1
actual,18,68,scatter_recursive_doubling_allgather,0,2048,3,0.559363509,0.000273127,0.000182682,0.000384352,1
actual,19,69,scatter_recursive_doubling_allgather,0,2048,3,0.534612126,0.000261041,0.000181900,0.000373772,1
actual,20,70,scatter_recursive_doubling_allgather,0,2048,3,0.522151209,0.000254957,0.000168705,0.000364325,1
actual,21,71,scatter_recursive_doubling_allgather,0,2048,3,0.558117852,0.000272518,0.000170760,0.000410850,1
actual,22,72,scatter_recursive_doubling_allgather,0,2048,3,0.515991748,0.000251949,0.000167804,0.000379981,1
actual,23,73,scatter_recursive_doubling_allgather,0,2048,3,0.607864778,0.000296809,0.000173105,0.000414317,1
actual,24,74,scatter_recursive_doubling_allgather,0,2048,3,0.686664807,0.000335286,0.000152736,0.000448181,1
actual,25,75,scatter_recursive_doubling_allgather,0,2048,3,0.530261687,0.000258917,0.000165300,0.000367858,1
actual,26,76,scatter_recursive_doubling_allgather,0,2048,3,0.506397906,0.000247265,0.000162524,0.000358070,1
actual,27,77,scatter_recursive_doubling_allgather,0,2048,3,0.589146326,0.000287669,0.000170730,0.000426240,1
actual,28,78,scatter_recursive_doubling_allgather,0,2048,3,0.534752838,0.000261110,0.000175709,0.000414506,1
actual,29,79,scatter_recursive_doubling_allgather,0,2048,3,0.569047299,0.000277855,0.000188594,0.000390134,1
actual,30,80,scatter_recursive_doubling_allgather,0,2048,3,0.549993772,0.000268552,0.000187301,0.000395282,1
actual,31,81,scatter_recursive_doubling_allgather,0,2048,3,0.538231304,0.000262808,0.000181069,0.000362831,1
actual,32,82,scatter_recursive_doubling_allgather,0,2048,3,0.540570938,0.000263951,0.000171781,0.000388397,1
actual,33,83,scatter_recursive_doubling_allgather,0,2048,3,0.540597095,0.000263963,0.000172272,0.000394151,1
actual,34,84,scatter_recursive_doubling_allgather,0,2048,3,0.542685086,0.000264983,0.000177482,0.000378569,1
actual,35,85,scatter_recursive_doubling_allgather,0,2048,3,0.624603299,0.000304982,0.000204804,0.000440077,1
actual,36,86,scatter_recursive_doubling_allgather,0,2048,3,0.535973516,0.000261706,0.000181510,0.000397064,1
actual,37,87,scatter_recursive_doubling_allgather,0,2048,3,0.545780924,0.000266495,0.000183764,0.000392943,1
actual,38,88,scatter_recursive_doubling_allgather,0,2048,3,0.515488963,0.000251704,0.000167945,0.000362400,1
actual,39,89,scatter_recursive_doubling_allgather,0,2048,3,0.560831444,0.000273843,0.000193172,0.000408476,1
actual,40,90,scatter_recursive_doubling_allgather,0,2048,3,0.616977631,0.000301259,0.000190958,0.000420831,1
actual,41,91,scatter_recursive_doubling_allgather,0,2048,3,0.538308142,0.000262846,0.000171871,0.000371105,1
actual,42,92,scatter_recursive_doubling_allgather,0,2048,3,0.526401284,0.000257032,0.000171581,0.000387689,1
actual,43,93,scatter_recursive_doubling_allgather,0,2048,3,0.604291323,0.000295064,0.000201568,0.000429498,1
actual,44,94,scatter_recursive_doubling_allgather,0,2048,3,0.518958670,0.000253398,0.000174036,0.000381467,1
actual,45,95,scatter_recursive_doubling_allgather,0,2048,3,0.547425943,0.000267298,0.000177212,0.000408341,1
actual,46,96,scatter_recursive_doubling_allgather,0,2048,3,0.588468212,0.000287338,0.000197329,0.000407296,1
actual,47,97,scatter_recursive_doubling_allgather,0,2048,3,0.546736379,0.000266961,0.000173755,0.000412965,1
actual,48,98,scatter_recursive_doubling_allgather,0,2048,3,0.518276033,0.000253064,0.000174788,0.000364766,1
actual,49,99,scatter_recursive_doubling_allgather,0,2048,3,0.582356516,0.000284354,0.000184566,0.000390212,1
warmup,0,0,scatter_recursive_doubling_allgather,0,2048,4,0.555467022,0.000271224,0.000176921,0.000406091,1
warmup,1,1,scatter_recursive_doubling_allgather,0,2048,4,0.542121538,0.000264708,0.000162945,0.000434285,1
warmup,2,2,scatter_recursive_doubling_allgather,0,2048,4,0.526280488,0.000256973,0.000173264,0.000382917,1
warmup,3,3,scatter_recursive_doubling_allgather,0,2048,4,0.540498164,0.000263915,0.000165560,0.000420890,1
warmup,4,4,scatter_recursive_doubling_allgather,0,2048,4,0.545070880,0.000266148,0.000181960,0.000383220,1
warmup,5,5,scatter_recursive_doubling_allgather,0,2048,4,0.566853687,0.000276784,0.000181329,0.000413201,1
warmup,6,6,scatter_recursive_doubling_allgather,0,2048,4,0.630496704,0.000307860,0.000149199,0.000464352,1
warmup,7,7,scatter_recursive_doubling_allgather,0,2048,4,0.559990483,0.000273433,0.000180458,0.000404669,1
warmup,8,8,scatter_recursive_doubling_allgather,0,2048,4,0.573994187,0.000280271,0.000171982,0.000427771,1
warmup,9,9,scatter_recursive_doubling_allgather,0,2048,4,0.556220452,0.000271592,0.000166071,0.000432131,1
warmup,10,10,scatter_recursive_doubling_allgather,0,2048,4,0.548270204,0.000267710,0.000179526,0.000384873,1
warmup,11,11,scatter_recursive_doubling_allgather,0,2048,4,0.535618941,0.000261533,0.000168997,0.000396524,1
warmup,12,12,scatter_recursive_doubling_allgather,0,2048,4,0.534254527,0.000260866,0.000171031,0.000365856,1
warmup,13,13,scatter_recursive_doubling_allgather,0,2048,4,0.531539872,0.000259541,0.000173865,0.000381776,1
warmup,14,14,scatter_recursive_doubling_allgather,0,2048,4,0.546944488,0.000267063,0.000177903,0.000414288,1
warmup,15,15,scatter_recursive_doubling_allgather,0,2048,4,0.524458969,0.000256083,0.000169026,0.000404385,1
warmup,16,16,scatter_recursive_doubling_allgather,0,2048,4,0.542999168,0.000265136,0.000173685,0.000407644,1
warmup,17,17,scatter_recursive_doubling_allgather,0,2048,4,0.546549418,0.000266870,0.000175378,0.000381264,1
warmup,18,18,scatter_recursive_doubling_allgather,0,2048,4,0.538003522,0.000262697,0.000182642,0.000398072,1
warmup,19,19,scatter_recursive_doubling_allgather,0,2048,4,0.524365772,0.000256038,0.000170719,0.000377949,1
warmup,20,20,scatter_recursive_doubling_allgather,0,2048,4,0.533220391,0.000260362,0.000184646,0.000372616,1
warmup,21,21,scatter_recursive_doubling_allgather,0,2048,4,0.536311086,0.000261871,0.000173414,0.000378170,1
warmup,22,22,scatter_recursive_doubling_allgather,0,2048,4,0.527500640,0.000257569,0.000179957,0.000420467,1
warmup,23,23,scatter_recursive_doubling_allgather,0,2048,4,0.548881948,0.000268009,0.000167634,0.000386583,1
warmup,24,24,scatter_recursive_doubling_allgather,0,2048,4,0.527774429,0.000257702,0.000174697,0.000365346,1
warmup,25,25,scatter_recursive_doubling_allgather,0,2048,4,0.559488260,0.000273188,0.000182883,0.000414428,1
warmup,26,26,scatter_recursive_doubling_allgather,0,2048,4,0.589925129,0.000288049,0.000142748,0.000388840,1
warmup,27,27,scatter_recursive_doubling_allgather,0,2048,4,0.543416872,0.000265340,0.000172493,0.000444204,1
warmup,28,28,scatter_recursive_doubling_allgather,0,2048,4,0.562215073,0.000274519,0.000177121,0.000401985,1
warmup,29,29,scatter_recursive_doubling_allgather,0,2048,4,0.566063299,0.000276398,0.000172784,0.000394369,1
warmup,30,30,scatter_recursive_doubling_allgather,0,2048,4,0.549295413,0.000268211,0.000182512,0.000381396,1
warmup,31,31,scatter_recursive_doubling_allgather,0,2048,4,0.553201225,0.000270118,0.000180318,0.000434133,1
warmup,32,32,scatter_recursive_doubling_allgather,0,2048,4,0.532427814,0.000259975,0.000170700,0.000373151,1
warmup,33,33,scatter_recursive_doubling_allgather,0,2048,4,0.535858635,0.000261650,0.000180337,0.000376558,1
warmup,34,34,scatter_recursive_doubling_allgather,0,2048,4,0.575322916,0.000280919,0.000197220,0.000388639,1
warmup,35,35,scatter_recursive_doubling_allgather,0,2048,4,0.535921823,0.000261681,0.000165160,0.000387368,1
warmup,36,36,scatter_recursive_doubling_allgather,0,2048,4,0.554438478,0.000270722,0.000158647,0.000397727,1
warmup,37,37,scatter_recursive_doubling_allgather,0,2048,4,0.542840866,0.000265059,0.000168555,0.000378090,1
warmup,38,38,scatter_recursive_doubling_allgather,0,2048,4,0.513852810,0.000250905,0.000168907,0.000361009,1
warmup,39,39,scatter_recursive_doubling_allgather,0,2048,4,0.524177055,0.000255946,0.000161492,0.000374324,1
warmup,40,40,scatter_recursive_doubling_allgather,0,2048,4,0.584482159,0.000285392,0.000196738,0.000396655,1
warmup,41,41,scatter_recursive_doubling_allgather,0,2048,4,0.549514147,0.000268317,0.000180878,0.000378842,1
warmup,42,42,scatter_recursive_doubling_allgather,0,2048,4,0.509417343,0.000248739,0.000164468,0.000356320,1
warmup,43,43,scatter_recursive_doubling_allgather,0,2048,4,0.582402768,0.000284376,0.000172253,0.000462909,1
warmup,44,44,scatter_recursive_doubling_allgather,0,2048,4,0.543757363,0.000265507,0.000174206,0.000399989,1
warmup,45,45,scatter_recursive_doubling_allgather,0,2048,4,0.578661016,0.000282549,0.000186619,0.000412285,1
warmup,46,46,scatter_recursive_doubling_allgather,0,2048,4,0.521907937,0.000254838,0.000162454,0.000368850,1
warmup,47,47,scatter_recursive_doubling_allgather,0,2048,4,0.527681445,0.000257657,0.000172884,0.000393233,1
warmup,48,48,scatter_recursive_doubling_allgather,0,2048,4,0.547224752,0.000267200,0.000175869,0.000395093,1
warmup,49,49,scatter_recursive_doubling_allgather,0,2048,4,0.538001781,0.000262696,0.000178654,0.000383018,1
actual,0,50,scatter_recursive_doubling_allgather,0,2048,4,0.529227603,0.000258412,0.000174897,0.000436790,1
actual,1,51,scatter_recursive_doubling_allgather,0,2048,4,0.527331667,0.000257486,0.000163255,0.000375795,1
actual,2,52,scatter_recursive_doubling_allgather,0,2048,4,0.573094230,0.000279831,0.000158296,0.000436528,1
actual,3,53,scatter_recursive_doubling_allgather,0,2048,4,0.538713780,0.000263044,0.000170209,0.000416099,1
actual,4,54,scatter_recursive_doubling_allgather,0,2048,4,0.527853066,0.000257741,0.000169888,0.000404289,1
actual,5,55,scatter_recursive_doubling_allgather,0,2048,4,0.548464449,0.000267805,0.000171962,0.000411042,1
actual,6,56,scatter_recursive_doubling_allgather,0,2048,4,0.531584149,0.000259563,0.000166071,0.000353985,1
actual,7,57,scatter_recursive_doubling_allgather,0,2048,4,0.537167837,0.000262289,0.000173796,0.000384413,1
actual,8,58,scatter_recursive_doubling_allgather,0,2048,4,0.528057899,0.000257841,0.000174566,0.000382206,1
actual,9,59,scatter_recursive_doubling_allgather,0,2048,4,0.545934956,0.000266570,0.000184465,0.000432522,1
actual,10,60,scatter_recursive_doubling_allgather,0,2048,4,0.523402986,0.000255568,0.000173305,0.000386415,1
actual,11,61,scatter_recursive_doubling_allgather,0,2048,4,0.527794944,0.000257712,0.000164208,0.000367961,1
actual,12,62,scatter_recursive_doubling_allgather,0,2048,4,0.540025466,0.000263684,0.000164848,0.000387326,1
actual,13,63,scatter_recursive_doubling_allgather,0,2048,4,0.529434239,0.000258513,0.000150021,0.000378010,1
actual,14,64,scatter_recursive_doubling_allgather,0,2048,4,0.525293004,0.000256491,0.000184255,0.000362812,1
actual,15,65,scatter_recursive_doubling_allgather,0,2048,4,0.544138141,0.000265692,0.000179817,0.000407476,1
actual,16,66,scatter_recursive_doubling_allgather,0,2048,4,0.562118601,0.000274472,0.000171681,0.000392247,1
actual,17,67,scatter_recursive_doubling_allgather,0,2048,4,0.699858414,0.000341728,0.000182141,0.000447701,1
actual,18,68,scatter_recursive_doubling_allgather,0,2048,4,0.545225185,0.000266223,0.000179105,0.000434184,1
actual,19,69,scatter_recursive_doubling_allgather,0,2048,4,0.536846558,0.000262132,0.000168876,0.000400433,1
actual,20,70,scatter_recursive_doubling_allgather,0,2048,4,0.522655520,0.000255203,0.000170179,0.000377680,1
actual,21,71,scatter_recursive_doubling_allgather,0,2048,4,0.567175771,0.000276941,0.000184686,0.000402286,1
actual,22,72,scatter_recursive_doubling_allgather,0,2048,4,0.540655548,0.000263992,0.000184835,0.000365016,1
actual,23,73,scatter_recursive_doubling_allgather,0,2048,4,0.547877500,0.000267518,0.000179807,0.000367449,1
actual,24,74,scatter_recursive_doubling_allgather,0,2048,4,0.531530684,0.000259536,0.000168325,0.000390060,1
actual,25,75,scatter_recursive_doubling_allgather,0,2048,4,0.586570418,0.000286411,0.000195537,0.000409700,1
actual,26,76,scatter_recursive_doubling_allgather,0,2048,4,0.764782128,0.000373429,0.000142117,0.000465866,1
actual,27,77,scatter_recursive_doubling_allgather,0,2048,4,0.578248933,0.000282348,0.000182461,0.000450767,1
actual,28,78,scatter_recursive_doubling_allgather,0,2048,4,0.534292964,0.000260885,0.000177002,0.000431711,1
actual,29,79,scatter_recursive_doubling_allgather,0,2048,4,0.537928651,0.000262660,0.000170639,0.000403128,1
actual,30,80,scatter_recursive_doubling_allgather,0,2048,4,0.560473242,0.000273669,0.000189214,0.000410722,1
actual,31,81,scatter_recursive_doubling_allgather,0,2048,4,0.569872707,0.000278258,0.000188914,0.000416984,1
actual,32,82,scatter_recursive_doubling_allgather,0,2048,4,0.555520085,0.000271250,0.000197480,0.000393841,1
actual,33,83,scatter_recursive_doubling_allgather,0,2048,4,0.580642707,0.000283517,0.000200025,0.000433743,1
actual,34,84,scatter_recursive_doubling_allgather,0,2048,4,0.538509598,0.000262944,0.000172463,0.000370836,1
actual,35,85,scatter_recursive_doubling_allgather,0,2048,4,0.603101529,0.000294483,0.000204022,0.000411201,1
actual,36,86,scatter_recursive_doubling_allgather,0,2048,4,0.593027745,0.000289564,0.000143659,0.000413451,1
actual,37,87,scatter_recursive_doubling_allgather,0,2048,4,0.527070577,0.000257359,0.000160971,0.000391400,1
actual,38,88,scatter_recursive_doubling_allgather,0,2048,4,0.543576767,0.000265418,0.000159738,0.000378129,1
actual,39,89,scatter_recursive_doubling_allgather,0,2048,4,0.552782558,0.000269913,0.000174827,0.000389257,1
actual,40,90,scatter_recursive_doubling_allgather,0,2048,4,0.535745176,0.000261594,0.000172683,0.000427264,1
actual,41,91,scatter_recursive_doubling_allgather,0,2048,4,0.532291800,0.000259908,0.000162504,0.000396825,1
actual,42,92,scatter_recursive_doubling_allgather,0,2048,4,0.532242899,0.000259884,0.000174037,0.000382097,1
actual,43,93,scatter_recursive_doubling_allgather,0,2048,4,0.551575489,0.000269324,0.000185197,0.000408935,1
actual,44,94,scatter_recursive_doubling_allgather,0,2048,4,0.538715736,0.000263045,0.000169458,0.000406894,1
actual,45,95,scatter_recursive_doubling_allgather,0,2048,4,0.586768735,0.000286508,0.000182011,0.000396444,1
actual,46,96,scatter_recursive_doubling_allgather,0,2048,4,0.517465506,0.000252669,0.000158968,0.000383871,1
actual,47,97,scatter_recursive_doubling_allgather,0,2048,4,0.543851556,0.000265553,0.000174507,0.000413642,1
actual,48,98,scatter_recursive_doubling_allgather,0,2048,4,0.547962046,0.000267560,0.000150783,0.000378641,1
actual,49,99,scatter_recursive_doubling_allgather,0,2048,4,0.541535239,0.000264422,0.000169067,0.000383439,1
warmup,0,0,scatter_recursive_doubling_allgather,0,2048,6,0.539931248,0.000263638,0.000186809,0.000371188,1
warmup,1,1,scatter_recursive_doubling_allgather,0,2048,6,0.560620916,0.000273741,0.000178284,0.000468066,1
warmup,2,2,scatter_recursive_doubling_allgather,0,2048,6,0.565673261,0.000276208,0.000186269,0.000470562,1
warmup,3,3,scatter_recursive_doubling_allgather,0,2048,6,0.528642643,0.000258126,0.000180808,0.000379714,1
warmup,4,4,scatter_recursive_doubling_allgather,0,2048,6,0.541245619,0.000264280,0.000176741,0.000373732,1
warmup,5,5,scatter_recursive_doubling_allgather,0,2048,6,0.553425621,0.000270227,0.000169377,0.000393680,1
warmup,6,6,scatter_recursive_doubling_allgather,0,2048,6,0.511588595,0.000249799,0.000164388,0.000381331,1
warmup,7,7,scatter_recursive_doubling_allgather,0,2048,6,0.521373096,0.000254577,0.000161542,0.000402755,1
warmup,8,8,scatter_recursive_doubling_allgather,0,2048,6,0.532731430,0.000260123,0.000173475,0.000380764,1
warmup,9,9,scatter_recursive_doubling_allgather,0,2048,6,0.596291639,0.000291158,0.000176230,0.000428349,1
warmup,10,10,scatter_recursive_doubling_allgather,0,2048,6,0.522821104,0.000255284,0.000172032,0.000370110,1
warmup,11,11,scatter_recursive_doubling_allgather,0,2048,6,0.549802284,0.000268458,0.000174616,0.000407009,1
warmup,12,12,scatter_recursive_doubling_allgather,0,2048,6,0.518141531,0.000252999,0.000158096,0.000377197,1
warmup,13,13,scatter_recursive_doubling_allgather,0,2048,6,0.548502671,0.000267824,0.000190677,0.000429235,1
warmup,14,14,scatter_recursive_doubling_allgather,0,2048,6,0.518822057,0.000253331,0.000165971,0.000368413,1
warmup,15,15,scatter_recursive_doubling_allgather,0,2048,6,0.526692554,0.000257174,0.000166221,0.000373012,1
warmup,16,16,scatter_recursive_doubling_allgather,0,2048,6,0.545673055,0.000266442,0.000176811,0.000377935,1
warmup,17,17,scatter_recursive_doubling_allgather,0,2048,6,0.581752377,0.000284059,0.000189986,0.000404539,1
warmup,18,18,scatter_recursive_doubling_allgather,0,2048,6,0.566002168,0.000276368,0.000187150,0.000372817,1
warmup,19,19,scatter_recursive_doubling_allgather,0,2048,6,0.596438394,0.000291230,0.000182912,0.000439676,1
warmup,20,20,scatter_recursive_doubling_allgather,0,2048,6,0.531893365,0.000259714,0.000170750,0.000383461,1
warmup,21,21,scatter_recursive_doubling_allgather,0,2048,6,0.531641611,0.000259591,0.000174116,0.000371959,1
warmup,22,22,scatter_recursive_doubling_allgather,0,2048,6,0.526527509,0.000257094,0.000175989,0.000376985,1
warmup,23,23,scatter_recursive_doubling_allgather,0,2048,6,0.568893180,0.000277780,0.000179817,0.000436407,1
warmup,24,24,scatter_recursive_doubling_allgather,0,2048,6,0.527964543,0.000257795,0.000164788,0.000375665,1
warmup,25,25,scatter_recursive_doubling_allgather,0,2048,6,0.527730262,0.000257681,0.000170820,0.000400301,1
warmup,26,26,scatter_recursive_doubling_allgather,0,2048,6,0.539732334,0.000263541,0.000176460,0.000381555,1
warmup,27,27,scatter_recursive_doubling_allgather,0,2048,6,0.526583518,0.000257121,0.000172352,0.000410349,1
warmup,28,28,scatter_recursive_doubling_allgather,0,2048,6,0.718245602,0.000350706,0.000148779,0.000432993,1
warmup,29,29,scatter_recursive_doubling_allgather,0,2048,6,0.534678135,0.000261073,0.000169156,0.000373131,1
warmup,30,30,scatter_recursive_doubling_allgather,0,2048,6,0.535417060,0.000261434,0.000175248,0.000375976,1
warmup,31,31,scatter_recursive_doubling_allgather,0,2048,6,0.549950543,0.000268531,0.000185016,0.000396845,1
warmup,32,32,scatter_recursive_doubling_allgather,0,2048,6,0.513163659,0.000250568,0.000160681,0.000366420,1
warmup,33,33,scatter_recursive_doubling_allgather,0,2048,6,0.539657560,0.000263505,0.000171100,0.000382228,1
warmup,34,34,scatter_recursive_doubling_allgather,0,2048,6,0.522233002,0.000254997,0.000168085,0.000357861,1
warmup,35,35,scatter_recursive_doubling_allgather,0,2048,6,0.579497111,0.000282958,0.000181209,0.000423856,1
warmup,36,36,scatter_recursive_doubling_allgather,0,2048,6,0.547280914,0.000267227,0.000177792,0.000382436,1
warmup,37,37,scatter_recursive_doubling_allgather,0,2048,6,0.588593986,0.000287399,0.000191028,0.000426039,1
warmup,38,38,scatter_recursive_doubling_allgather,0,2048,6,0.538133089,0.000262760,0.000176731,0.000396870,1
warmup,39,39,scatter_recursive_doubling_allgather,0,2048,6,0.565089841,0.000275923,0.000180538,0.000403376,1
warmup,40,40,scatter_recursive_doubling_allgather,0,2048,6,0.537895204,0.000262644,0.000170259,0.000400459,1
warmup,41,41,scatter_recursive_doubling_allgather,0,2048,6,0.550644542,0.000268869,0.000180619,0.000392525,1
warmup,42,42,scatter_recursive_doubling_allgather,0,2048,6,0.513375123,0.000250671,0.000167574,0.000368161,1
warmup,43,43,scatter_recursive_doubling_allgather,0,2048,6,0.531956387,0.000259744,0.000177572,0.000386241,1
warmup,44,44,scatter_recursive_doubling_allgather,0,2048,6,0.513719260,0.000250839,0.000162394,0.000386255,1
warmup,45,45,scatter_recursive_doubling_allgather,0,2048,6,0.572301041,0.000279444,0.000183664,0.000407283,1
warmup,46,46,scatter_recursive_doubling_allgather,0,2048,6,0.520296438,0.000254051,0.000160380,0.000400012,1
warmup,47,47,scatter_recursive_doubling_allgather,0,2048,6,0.534185445,0.000260833,0.000172573,0.000391054,1
warmup,48,48,scatter_recursive_doubling_allgather,0,2048,6,0.519386993,0.000253607,0.000174267,0.000361476,1
warmup,49,49,scatter_recursive_doubling_allgather,0,2048,6,0.526370066,0.000257017,0.000157715,0.000384522,1
actual,0,50,scatter_recursive_doubling_allgather,0,2048,6,0.540082585,0.000263712,0.000177091,0.000369233,1
actual,1,51,scatter_recursive_doubling_allgather,0,2048,6,0.522350200,0.000255054,0.000165971,0.000377660,1
actual,2,52,scatter_recursive_doubling_allgather,0,2048,6,0.569046580,0.000277855,0.000184746,0.000384091,1
actual,3,53,scatter_recursive_doubling_allgather,0,2048,6,0.556128622,0.000271547,0.000184665,0.000407807,1
actual,4,54,scatter_recursive_doubling_allgather,0,2048,6,0.535912334,0.000261676,0.000181219,0.000371627,1
actual,5,55,scatter_recursive_doubling_allgather,0,2048,6,0.528321226,0.000257969,0.000168306,0.000393639,1
actual,6,56,scatter_recursive_doubling_allgather,0,2048,6,0.570345531,0.000278489,0.000197751,0.000393128,1
actual,7,57,scatter_recursive_doubling_allgather,0,2048,6,0.578106796,0.000282279,0.000192290,0.000435282,1
actual,8,58,scatter_recursive_doubling_allgather,0,2048,6,0.550504308,0.000268801,0.000173334,0.000375262,1
actual,9,59,scatter_recursive_doubling_allgather,0,2048,6,0.550043397,0.000268576,0.000183694,0.000382848,1
actual,10,60,scatter_recursive_doubling_allgather,0,2048,6,0.599392907,0.000292672,0.000139552,0.000420540,1
actual,11,61,scatter_recursive_doubling_allgather,0,2048,6,0.549501400,0.000268311,0.000176220,0.000408464,1
actual,12,62,scatter_recursive_doubling_allgather,0,2048,6,0.535986657,0.000261712,0.000177242,0.000378410,1
actual,13,63,scatter_recursive_doubling_allgather,0,2048,6,0.565073709,0.000275915,0.000185648,0.000394527,1
actual,14,64,scatter_recursive_doubling_allgather,0,2048,6,0.585425954,0.000285853,0.000197530,0.000386577,1
actual,15,65,scatter_recursive_doubling_allgather,0,2048,6,0.559822909,0.000273351,0.000185758,0.000410632,1
actual,16,66,scatter_recursive_doubling_allgather,0,2048,6,0.548045539,0.000267600,0.000179456,0.000418785,1
actual,17,67,scatter_recursive_doubling_allgather,0,2048,6,0.603709213,0.000294780,0.000159308,0.000426291,1
actual,18,68,scatter_recursive_doubling_allgather,0,2048,6,0.568370375,0.000277525,0.000179916,0.000420641,1
actual,19,69,scatter_recursive_doubling_allgather,0,2048,6,0.710318076,0.000346835,0.000161504,0.000477458,1
actual,20,70,scatter_recursive_doubling_allgather,0,2048,6,0.537330166,0.000262368,0.000175358,0.000407926,1
actual,21,71,scatter_recursive_doubling_allgather,0,2048,6,0.552810222,0.000269927,0.000181330,0.000411290,1
actual,22,72,scatter_recursive_doubling_allgather,0,2048,6,0.560579521,0.000273720,0.000205996,0.000364064,1
actual,23,73,scatter_recursive_doubling_allgather,0,2048,6,0.603912407,0.000294879,0.000198131,0.000430028,1
actual,24,74,scatter_recursive_doubling_allgather,0,2048,6,0.519464117,0.000253645,0.000168174,0.000384007,1
actual,25,75,scatter_recursive_doubling_allgather,0,2048,6,0.583134827,0.000284734,0.000184937,0.000425640,1
actual,26,76,scatter_recursive_doubling_allgather,0,2048,6,0.541451024,0.000264380,0.000170059,0.000390363,1
actual,27,77,scatter_recursive_doubling_allgather,0,2048,6,0.563298823,0.000275048,0.000185628,0.000401694,1
actual,28,78,scatter_recursive_doubling_allgather,0,2048,6,0.521176426,0.000254481,0.000159288,0.000356397,1
actual,29,79,scatter_recursive_doubling_allgather,0,2048,6,0.539983350,0.000263664,0.000170600,0.000375054,1
actual,30,80,scatter_recursive_doubling_allgather,0,2048,6,0.534580619,0.000261026,0.000180257,0.000404961,1
actual,31,81,scatter_recursive_doubling_allgather,0,2048,6,0.519022349,0.000253429,0.000160210,0.000379823,1
actual,32,82,scatter_recursive_doubling_allgather,0,2048,6,0.529062295,0.000258331,0.000172843,0.000378677,1
actual,33,83,scatter_recursive_doubling_allgather,0,2048,6,0.528140344,0.000257881,0.000167112,0.000379504,1
actual,34,84,scatter_recursive_doubling_allgather,0,2048,6,0.526358812,0.000257011,0.000166452,0.000367660,1
actual,35,85,scatter_recursive_doubling_allgather,0,2048,6,0.555670878,0.000271324,0.000175780,0.000394987,1
actual,36,86,scatter_recursive_doubling_allgather,0,2048,6,0.529778932,0.000258681,0.000174537,0.000382650,1
actual,37,87,scatter_recursive_doubling_allgather,0,2048,6,0.556129962,0.000271548,0.000181800,0.000405863,1
actual,38,88,scatter_recursive_doubling_allgather,0,2048,6,0.509894521,0.000248972,0.000165981,0.000361970,1
actual,39,89,scatter_recursive_doubling_allgather,0,2048,6,0.533890317,0.000260689,0.000169237,0.000411741,1
actual,40,90,scatter_recursive_doubling_allgather,0,2048,6,0.508582051,0.000248331,0.000161673,0.000363773,1
actual,41,91,scatter_recursive_doubling_allgather,0,2048,6,0.526173136,0.000256920,0.000167303,0.000367929,1
actual,42,92,scatter_recursive_doubling_allgather,0,2048,6,0.552959698,0.000270000,0.000168045,0.000403347,1
actual,43,93,scatter_recursive_doubling_allgather,0,2048,6,0.804319375,0.000392734,0.000167966,0.000524672,1
actual,44,94,scatter_recursive_doubling_allgather,0,2048,6,0.546369651,0.000266782,0.000186319,0.000388507,1
actual,45,95,scatter_recursive_doubling_allgather,0,2048,6,0.533751474,0.000260621,0.000167784,0.000438081,1
actual,46,96,scatter_recursive_doubling_allgather,0,2048,6,0.530023710,0.000258801,0.000161964,0.000372059,1
actual,47,97,scatter_recursive_doubling_allgather,0,2048,6,0.587448718,0.000286840,0.000195676,0.000409567,1
actual,48,98,scatter_recursive_doubling_allgather,0,2048,6,0.537815883,0.000262605,0.000176931,0.000360498,1
actual,49,99,scatter_recursive_doubling_allgather,0,2048,6,0.583596545,0.000284959,0.000175588,0.000419988,1
warmup,0,0,scatter_recursive_doubling_allgather,0,2048,8,0.508109181,0.000248100,0.000162394,0.000383921,1
warmup,1,1,scatter_recursive_doubling_allgather,0,2048,8,0.528623997,0.000258117,0.000160460,0.000373682,1
warmup,2,2,scatter_recursive_doubling_allgather,0,2048,8,0.543119833,0.000265195,0.000170238,0.000391425,1
warmup,3,3,scatter_recursive_doubling_allgather,0,2048,8,0.520716272,0.000254256,0.000170930,0.000379081,1
warmup,4,4,scatter_recursive_doubling_allgather,0,2048,8,0.529067666,0.000258334,0.000170640,0.000387216,1
warmup,5,5,scatter_recursive_doubling_allgather,0,2048,8,0.544246487,0.000265745,0.000173405,0.000394501,1
warmup,6,6,scatter_recursive_doubling_allgather,0,2048,8,0.570658422,0.000278642,0.000194495,0.000406463,1
warmup,7,7,scatter_recursive_doubling_allgather,0,2048,8,0.551410007,0.000269243,0.000179396,0.000399128,1
warmup,8,8,scatter_recursive_doubling_allgather,0,2048,8,0.528274043,0.000257946,0.000179225,0.000363250,1
warmup,9,9,scatter_recursive_doubling_allgather,0,2048,8,0.534651138,0.000261060,0.000183122,0.000377336,1
warmup,10,10,scatter_recursive_doubling_allgather,0,2048,8,0.536261954,0.000261847,0.000181760,0.000381517,1
warmup,11,11,scatter_recursive_doubling_allgather,0,2048,8,0.534888596,0.000261176,0.000176991,0.000384773,1
warmup,12,12,scatter_recursive_doubling_allgather,0,2048,8,0.528000343,0.000257813,0.000175088,0.000373096,1
warmup,13,13,scatter_recursive_doubling_allgather,0,2048,8,0.552698161,0.000269872,0.000174747,0.000394418,1
warmup,14,14,scatter_recursive_doubling_allgather,0,2048,8,0.504120234,0.000246152,0.000162745,0.000342201,1
warmup,15,15,scatter_recursive_doubling_allgather,0,2048,8,0.542326336,0.000264808,0.000162925,0.000387809,1
warmup,16,16,scatter_recursive_doubling_allgather,0,2048,8,0.536861312,0.000262139,0.000163516,0.000438171,1
warmup,17,17,scatter_recursive_doubling_allgather,0,2048,8,0.556471810,0.000271715,0.000172363,0.000406501,1
warmup,18,18,scatter_recursive_doubling_allgather,0,2048,8,0.576600757,0.000281543,0.000164137,0.000416864,1
warmup,19,19,scatter_recursive_doubling_allgather,0,2048,8,0.581441417,0.000283907,0.000202038,0.000427352,1
warmup,20,20,scatter_recursive_doubling_allgather,0,2048,8,0.528416767,0.000258016,0.000171371,0.000368211,1
warmup,21,21,scatter_recursive_doubling_allgather,0,2048,8,0.562873305,0.000274840,0.000182332,0.000421632,1
warmup,22,22,scatter_recursive_doubling_allgather,0,2048,8,0.714039141,0.000348652,0.000269254,0.000552850,1
warmup,23,23,scatter_recursive_doubling_allgather,0,2048,8,0.545628000,0.000266420,0.000178985,0.000409148,1
warmup,24,24,scatter_recursive_doubling_allgather,0,2048,8,0.574971213,0.000280748,0.000162514,0.000404610,1
warmup,25,25,scatter_recursive_doubling_allgather,0,2048,8,0.616042658,0.000300802,0.000188613,0.000443332,1
warmup,26,26,scatter_recursive_doubling_allgather,0,2048,8,0.557691820,0.000272310,0.000176540,0.000397955,1
warmup,27,27,scatter_recursive_doubling_allgather,0,2048,8,0.559855525,0.000273367,0.000177152,0.000403179,1
warmup,28,28,scatter_recursive_doubling_allgather,0,2048,8,0.553870774,0.000270445,0.000182592,0.000391225,1
warmup,29,29,scatter_recursive_doubling_allgather,0,2048,8,0.530387287,0.000258978,0.000161953,0.000404991,1
warmup,30,30,scatter_recursive_doubling_allgather,0,2048,8,0.538106401,0.000262747,0.000171771,0.000386256,1
warmup,31,31,scatter_recursive_doubling_allgather,0,2048,8,0.571886677,0.000279242,0.000186910,0.000418024,1
warmup,32,32,scatter_recursive_doubling_allgather,0,2048,8,0.546871469,0.000267027,0.000188513,0.000393547,1
warmup,33,33,scatter_recursive_doubling_allgather,0,2048,8,0.542600320,0.000264942,0.000177832,0.000392897,1
warmup,34,34,scatter_recursive_doubling_allgather,0,2048,8,0.562317380,0.000274569,0.000182091,0.000471561,1
warmup,35,35,scatter_recursive_doubling_allgather,0,2048,8,0.588508708,0.000287358,0.000168816,0.000428606,1
warmup,36,36,scatter_recursive_doubling_allgather,0,2048,8,0.519131532,0.000253482,0.000163055,0.000374522,1
warmup,37,37,scatter_recursive_doubling_allgather,0,2048,8,0.543759697,0.000265508,0.000171461,0.000399090,1
warmup,38,38,scatter_recursive_doubling_allgather,0,2048,8,0.518039076,0.000252949,0.000167894,0.000377890,1
warmup,39,39,scatter_recursive_doubling_allgather,0,2048,8,0.536269747,0.000261850,0.000163236,0.000400292,1
warmup,40,40,scatter_recursive_doubling_allgather,0,2048,8,0.580036180,0.000283221,0.000193442,0.000417474,1
warmup,41,41,scatter_recursive_doubling_allgather,0,2048,8,0.528732062,0.000258170,0.000161512,0.000382549,1
warmup,42,42,scatter_recursive_doubling_allgather,0,2048,8,0.550846113,0.000268968,0.000178393,0.000400492,1
warmup,43,43,scatter_recursive_doubling_allgather,0,2048,8,0.563448667,0.000275121,0.000178645,0.000391376,1
warmup,44,44,scatter_recursive_doubling_allgather,0,2048,8,0.532935971,0.000260223,0.000173505,0.000381376,1
warmup,45,45,scatter_recursive_doubling_allgather,0,2048,8,0.533841378,0.000260665,0.000162704,0.000389386,1
warmup,46,46,scatter_recursive_doubling_allgather,0,2048,8,0.541624507,0.000264465,0.000168085,0.000373953,1
warmup,47,47,scatter_recursive_doubling_allgather,0,2048,8,0.594871909,0.000290465,0.000182412,0.000419833,1
warmup,48,48,scatter_recursive_doubling_allgather,0,2048,8,0.532196802,0.000259862,0.000165790,0.000394171,1
warmup,49,49,scatter_recursive_doubling_allgather,0,2048,8,0.549218250,0.000268173,0.000177352,0.000397074,1
actual,0,50,scatter_recursive_doubling_allgather,0,2048,8,0.539586819,0.000263470,0.000176571,0.000368913,1
actual,1,51,scatter_recursive_doubling_allgather,0,2048,8,0.551390135,0.000269233,0.000179306,0.000438042,1
actual,2,52,scatter_recursive_doubling_allgather,0,2048,8,0.517387824,0.000252631,0.000164057,0.000383009,1
actual,3,53,scatter_recursive_doubling_allgather,0,2048,8,0.588895367,0.000287547,0.000188843,0.000421451,1
actual,4,54,scatter_recursive_doubling_allgather,0,2048,8,0.534684995,0.000261077,0.000176290,0.000376835,1
actual,5,55,scatter_recursive_doubling_allgather,0,2048,8,0.538943339,0.000263156,0.000165821,0.000398598,1
actual,6,56,scatter_recursive_doubling_allgather,0,2048,8,0.572538753,0.000279560,0.000181680,0.000412756,1
actual,7,57,scatter_recursive_doubling_allgather,0,2048,8,0.610946035,0.000298313,0.000190137,0.000428483,1
actual,8,58,scatter_recursive_doubling_allgather,0,2048,8,0.531587856,0.000259564,0.000178494,0.000365315,1
actual,9,59,scatter_recursive_doubling_allgather,0,2048,8,0.553320167,0.000270176,0.000173134,0.000419656,1
actual,10,60,scatter_recursive_doubling_allgather,0,2048,8,0.511074260,0.000249548,0.000165880,0.000355046,1
actual,11,61,scatter_recursive_doubling_allgather,0,2048,8,0.537552836,0.000262477,0.000169347,0.000420581,1
actual,12,62,scatter_recursive_doubling_allgather,0,2048,8,0.569367324,0.000278011,0.000156052,0.000431299,1
actual,13,63,scatter_recursive_doubling_allgather,0,2048,8,0.568215462,0.000277449,0.000176100,0.000404759,1
actual,14,64,scatter_recursive_doubling_allgather,0,2048,8,0.530878048,0.000259218,0.000173444,0.000369834,1
actual,15,65,scatter_recursive_doubling_allgather,0,2048,8,0.549791229,0.000268453,0.000173054,0.000435286,1
actual,16,66,scatter_recursive_doubling_allgather,0,2048,8,0.515420412,0.000251670,0.000171601,0.000366318,1
actual,17,67,scatter_recursive_doubling_allgather,0,2048,8,0.539078451,0.000263222,0.000171772,0.000391541,1
actual,18,68,scatter_recursive_doubling_allgather,0,2048,8,0.523794538,0.000255759,0.000158727,0.000369434,1
actual,19,69,scatter_recursive_doubling_allgather,0,2048,8,0.577036681,0.000281756,0.000191729,0.000425218,1
actual,20,70,scatter_recursive_doubling_allgather,0,2048,8,0.561313461,0.000274079,0.000178514,0.000397527,1
actual,21,71,scatter_recursive_doubling_allgather,0,2048,8,0.537669316,0.000262534,0.000168145,0.000404239,1
actual,22,72,scatter_recursive_doubling_allgather,0,2048,8,0.529875543,0.000258728,0.000183393,0.000389041,1
actual,23,73,scatter_recursive_doubling_allgather,0,2048,8,0.553176027,0.000270105,0.000177593,0.000381507,1
actual,24,74,scatter_recursive_doubling_allgather,0,2048,8,0.531273373,0.000259411,0.000167534,0.000414467,1
actual,25,75,scatter_recursive_doubling_allgather,0,2048,8,0.561870066,0.000274351,0.000180948,0.000423901,1
actual,26,76,scatter_recursive_doubling_allgather,0,2048,8,0.522157786,0.000254960,0.000168195,0.000419636,1
actual,27,77,scatter_recursive_doubling_allgather,0,2048,8,0.604477688,0.000295155,0.000199604,0.000402387,1
actual,28,78,scatter_recursive_doubling_allgather,0,2048,8,0.545695972,0.000266453,0.000193212,0.000369789,1
actual,29,79,scatter_recursive_doubling_allgather,0,2048,8,0.571884416,0.000279240,0.000187410,0.000422523,1
actual,30,80,scatter_recursive_doubling_allgather,0,2048,8,0.514120291,0.000251035,0.000159128,0.000369103,1
actual,31,81,scatter_recursive_doubling_allgather,0,2048,8,0.546764167,0.000266975,0.000174126,0.000390383,1
actual,32,82,scatter_recursive_doubling_allgather,0,2048,8,0.539271106,0.000263316,0.000181680,0.000363683,1
actual,33,83,scatter_recursive_doubling_allgather,0,2048,8,0.663471239,0.000323961,0.000170490,0.000416409,1
actual,34,84,scatter_recursive_doubling_allgather,0,2048,8,0.545559465,0.000266386,0.000180287,0.000406613,1
actual,35,85,scatter_recursive_doubling_allgather,0,2048,8,0.535361799,0.000261407,0.000179536,0.000365937,1
actual,36,86,scatter_recursive_doubling_allgather,0,2048,8,0.525529573,0.000256606,0.000169608,0.000378883,1
actual,37,87,scatter_recursive_doubling_allgather,0,2048,8,0.568010668,0.000277349,0.000197930,0.000382829,1
actual,38,88,scatter_recursive_doubling_allgather,0,2048,8,0.543125982,0.000265198,0.000177482,0.000394291,1
actual,39,89,scatter_recursive_doubling_allgather,0,2048,8,0.542500238,0.000264893,0.000170129,0.000401594,1
actual,40,90,scatter_recursive_doubling_allgather,0,2048,8,0.537340106,0.000262373,0.000181540,0.000356254,1
actual,41,91,scatter_recursive_doubling_allgather,0,2048,8,0.521999371,0.000254883,0.000168395,0.000374823,1
actual,42,92,scatter_recursive_doubling_allgather,0,2048,8,0.557407029,0.000272171,0.000182902,0.000384712,1
actual,43,93,scatter_recursive_doubling_allgather,0,2048,8,0.569967556,0.000278304,0.000178194,0.000394832,1
actual,44,94,scatter_recursive_doubling_allgather,0,2048,8,0.530579516,0.000259072,0.000172302,0.000378000,1
actual,45,95,scatter_recursive_doubling_allgather,0,2048,8,0.577179868,0.000281826,0.000193652,0.000406183,1
actual,46,96,scatter_recursive_doubling_allgather,0,2048,8,0.522198107,0.000254980,0.000168476,0.000372366,1
actual,47,97,scatter_recursive_doubling_allgather,0,2048,8,0.580250785,0.000283326,0.000188944,0.000417705,1
actual,48,98,scatter_recursive_doubling_allgather,0,2048,8,0.522440169,0.000255098,0.000174397,0.000357602,1
actual,49,99,scatter_recursive_doubling_allgather,0,2048,8,0.602685081,0.000294280,0.000197560,0.000425079,1
warmup,0,0,scatter_recursive_doubling_allgather,0,2048,12,0.534402227,0.000260939,0.000168866,0.000391676,1
warmup,1,1,scatter_recursive_doubling_allgather,0,2048,12,0.586510758,0.000286382,0.000183233,0.000468325,1
warmup,2,2,scatter_recursive_doubling_allgather,0,2048,12,0.647287051,0.000316058,0.000183935,0.000611141,1
warmup,3,3,scatter_recursive_doubling_allgather,0,2048,12,0.561376486,0.000274110,0.000180738,0.000501533,1
warmup,4,4,scatter_recursive_doubling_allgather,0,2048,12,0.522923510,0.000255334,0.000160821,0.000421062,1
warmup,5,5,scatter_recursive_doubling_allgather,0,2048,12,0.539605479,0.000263479,0.000183424,0.000386034,1
warmup,6,6,scatter_recursive_doubling_allgather,0,2048,12,0.552478055,0.000269765,0.000175700,0.000463761,1
warmup,7,7,scatter_recursive_doubling_allgather,0,2048,12,0.539812028,0.000263580,0.000167805,0.000413356,1
warmup,8,8,scatter_recursive_doubling_allgather,0,2048,12,0.557607264,0.000272269,0.000185076,0.000391613,1
warmup,9,9,scatter_recursive_doubling_allgather,0,2048,12,0.547868325,0.000267514,0.000170108,0.000393358,1
warmup,10,10,scatter_recursive_doubling_allgather,0,2048,12,0.535220217,0.000261338,0.000178975,0.000353993,1
warmup,11,11,scatter_recursive_doubling_allgather,0,2048,12,0.570235368,0.000278435,0.000188803,0.000430789,1
warmup,12,12,scatter_recursive_doubling_allgather,0,2048,12,0.555212233,0.000271100,0.000175188,0.000414807,1
warmup,13,13,scatter_recursive_doubling_allgather,0,2048,12,0.556256925,0.000271610,0.000163466,0.000454603,1
warmup,14,14,scatter_recursive_doubling_allgather,0,2048,12,0.546094262,0.000266648,0.000176180,0.000381627,1
warmup,15,15,scatter_recursive_doubling_allgather,0,2048,12,0.559058302,0.000272978,0.000176831,0.000426857,1
warmup,16,16,scatter_recursive_doubling_allgather,0,2048,12,0.579246779,0.000282835,0.000188053,0.000383761,1
warmup,17,17,scatter_recursive_doubling_allgather,0,2048,12,0.548658955,0.000267900,0.000178945,0.000394690,1
warmup,18,18,scatter_recursive_doubling_allgather,0,2048,12,0.553668961,0.000270346,0.000178113,0.000393359,1
warmup,19,19,scatter_recursive_doubling_allgather,0,2048,12,0.560550736,0.000273706,0.000172813,0.000424887,1
warmup,20,20,scatter_recursive_doubling_allgather,0,2048,12,0.565431242,0.000276089,0.000166753,0.000419167,1
warmup,21,21,scatter_recursive_doubling_allgather,0,2048,12,0.530791670,0.000259176,0.000165420,0.000377159,1
warmup,22,22,scatter_recursive_doubling_allgather,0,2048,12,0.533727883,0.000260609,0.000173535,0.000380525,1
warmup,23,23,scatter_recursive_doubling_allgather,0,2048,12,0.545144202,0.000266184,0.000168425,0.000387879,1
warmup,24,24,scatter_recursive_doubling_allgather,0,2048,12,0.588339204,0.000287275,0.000124803,0.000386426,1
warmup,25,25,scatter_recursive_doubling_allgather,0,2048,12,0.528216495,0.000257918,0.000160911,0.000403563,1
warmup,26,26,scatter_recursive_doubling_allgather,0,2048,12,0.552717087,0.000269881,0.000180608,0.000374343,1
warmup,27,27,scatter_recursive_doubling_allgather,0,2048,12,0.538619714,0.000262998,0.000168555,0.000410291,1
warmup,28,28,scatter_recursive_doubling_allgather,0,2048,12,0.528655351,0.000258132,0.000154710,0.000375994,1
warmup,29,29,scatter_recursive_doubling_allgather,0,2048,12,0.537637862,0.000262518,0.000173835,0.000382990,1
warmup,30,30,scatter_recursive_doubling_allgather,0,2048,12,0.527434554,0.000257536,0.000177182,0.000382019,1
warmup,31,31,scatter_recursive_doubling_allgather,0,2048,12,0.567604724,0.000277151,0.000176991,0.000403383,1
warmup,32,32,scatter_recursive_doubling_allgather,0,2048,12,0.544041466,0.000265645,0.000175779,0.000404007,1
warmup,33,33,scatter_recursive_doubling_allgather,0,2048,12,0.572933861,0.000279753,0.000176260,0.000404146,1
warmup,34,34,scatter_recursive_doubling_allgather,0,2048,12,0.602510097,0.000294194,0.000148628,0.000412596,1
warmup,35,35,scatter_recursive_doubling_allgather,0,2048,12,0.540987845,0.000264154,0.000171471,0.000377648,1
warmup,36,36,scatter_recursive_doubling_allgather,0,2048,12,0.532378409,0.000259950,0.000182642,0.000383971,1
warmup,37,37,scatter_recursive_doubling_allgather,0,2048,12,0.527801664,0.000257716,0.000157945,0.000387398,1
warmup,38,38,scatter_recursive_doubling_allgather,0,2048,12,0.580892340,0.000283639,0.000181359,0.000409790,1
warmup,39,39,scatter_recursive_doubling_allgather,0,2048,12,0.528051279,0.000257838,0.000169888,0.000360508,1
warmup,40,40,scatter_recursive_doubling_allgather,0,2048,12,0.567767372,0.000277230,0.000186819,0.000383219,1
warmup,41,41,scatter_recursive_doubling_allgather,0,2048,12,0.538727004,0.000263050,0.000172372,0.000381447,1
warmup,42,42,scatter_recursive_doubling_allgather,0,2048,12,0.532648097,0.000260082,0.000172233,0.000373131,1
warmup,43,43,scatter_recursive_doubling_allgather,0,2048,12,0.556694811,0.000271824,0.000175959,0.000398499,1
warmup,44,44,scatter_recursive_doubling_allgather,0,2048,12,0.555802120,0.000271388,0.000175118,0.000391171,1
warmup,45,45,scatter_recursive_doubling_allgather,0,2048,12,0.531469327,0.000259507,0.000164097,0.000404334,1
warmup,46,46,scatter_recursive_doubling_allgather,0,2048,12,0.547627978,0.000267396,0.000186419,0.000377408,1
warmup,47,47,scatter_recursive_doubling_allgather,0,2048,12,0.533419901,0.000260459,0.000171221,0.000378471,1
warmup,48,48,scatter_recursive_doubling_allgather,0,2048,12,0.516656045,0.000252273,0.000161512,0.000358373,1
warmup,49,49,scatter_recursive_doubling_allgather,0,2048,12,0.556348759,0.000271655,0.000180287,0.000406141,1
actual,0,50,scatter_recursive_doubling_allgather,0,2048,12,0.553351843,0.000270191,0.000164229,0.000453799,1
actual,1,51,scatter_recursive_doubling_allgather,0,2048,12,0.560206128,0.000273538,0.000181460,0.000410278,1
actual,2,52,scatter_recursive_doubling_allgather,0,2048,12,0.563283136,0.000275041,0.000169186,0.000407123,1
actual,3,53,scatter_recursive_doubling_allgather,0,2048,12,0.536656227,0.000262039,0.000177022,0.000381257,1
actual,4,54,scatter_recursive_doubling_allgather,0,2048,12,0.615901424,0.000300733,0.000195165,0.000402256,1
actual,5,55,scatter_recursive_doubling_allgather,0,2048,12,0.546882956,0.000267033,0.000168896,0.000393828,1
actual,6,56,scatter_recursive_doubling_allgather,0,2048,12,0.556758255,0.000271855,0.000182421,0.000435747,1
actual,7,57,scatter_recursive_doubling_allgather,0,2048,12,0.566220436,0.000276475,0.000181951,0.000406562,1
actual,8,58,scatter_recursive_doubling_allgather,0,2048,12,0.526234137,0.000256950,0.000177332,0.000355476,1
actual,9,59,scatter_recursive_doubling_allgather,0,2048,12,0.550651842,0.000268873,0.000180969,0.000414636,1
actual,10,60,scatter_recursive_doubling_allgather,0,2048,12,0.523126056,0.000255433,0.000163286,0.000369199,1
actual,11,61,scatter_recursive_doubling_allgather,0,2048,12,0.586974687,0.000286609,0.000185047,0.000434055,1
actual,12,62,scatter_recursive_doubling_allgather,0,2048,12,0.545835917,0.000266521,0.000163697,0.000373131,1
actual,13,63,scatter_recursive_doubling_allgather,0,2048,12,0.548395023,0.000267771,0.000174607,0.000373692,1
actual,14,64,scatter_recursive_doubling_allgather,0,2048,12,0.560617726,0.000273739,0.000174687,0.000400540,1
actual,15,65,scatter_recursive_doubling_allgather,0,2048,12,0.578725244,0.000282581,0.000192551,0.000402301,1
actual,16,66,scatter_recursive_doubling_allgather,0,2048,12,0.563035533,0.000274920,0.000176390,0.000447810,1
actual,17,67,scatter_recursive_doubling_allgather,0,2048,12,0.605093505,0.000295456,0.000190807,0.000429786,1
actual,18,68,scatter_recursive_doubling_allgather,0,2048,12,0.533273553,0.000260387,0.000171771,0.000411050,1
actual,19,69,scatter_recursive_doubling_allgather,0,2048,12,0.630013690,0.000307624,0.000206497,0.000464902,1
actual,20,70,scatter_recursive_doubling_allgather,0,2048,12,0.555832267,0.000271402,0.000181229,0.000403879,1
actual,21,71,scatter_recursive_doubling_allgather,0,2048,12,0.543098581,0.000265185,0.000166261,0.000393948,1
actual,22,72,scatter_recursive_doubling_allgather,0,2048,12,0.512554553,0.000250271,0.000165560,0.000365897,1
actual,23,73,scatter_recursive_doubling_allgather,0,2048,12,0.533515194,0.000260505,0.000166372,0.000390382,1
actual,24,74,scatter_recursive_doubling_allgather,0,2048,12,0.551473796,0.000269274,0.000179025,0.000363584,1
actual,25,75,scatter_recursive_doubling_allgather,0,2048,12,0.572099396,0.000279345,0.000182652,0.000457168,1
actual,26,76,scatter_recursive_doubling_allgather,0,2048,12,0.546229814,0.000266714,0.000181410,0.000409459,1
actual,27,77,scatter_recursive_doubling_allgather,0,2048,12,0.548982515,0.000268058,0.000161252,0.000403888,1
actual,28,78,scatter_recursive_doubling_allgather,0,2048,12,0.595589137,0.000290815,0.000186269,0.000393018,1
actual,29,79,scatter_recursive_doubling_allgather,0,2048,12,0.559973881,0.000273425,0.000168916,0.000399911,1
actual,30,80,scatter_recursive_doubling_allgather,0,2048,12,0.501260318,0.000244756,0.000161953,0.000352570,1
actual,31,81,scatter_recursive_doubling_allgather,0,2048,12,0.543235975,0.000265252,0.000175158,0.000416892,1
actual,32,82,scatter_recursive_doubling_allgather,0,2048,12,0.528025731,0.000257825,0.000159178,0.000399530,1
actual,33,83,scatter_recursive_doubling_allgather,0,2048,12,0.523382668,0.000255558,0.000147185,0.000390398,1
actual,34,84,scatter_recursive_doubling_allgather,0,2048,12,0.543287592,0.000265277,0.000179637,0.000365956,1
actual,35,85,scatter_recursive_doubling_allgather,0,2048,12,0.557576328,0.000272254,0.000178023,0.000418574,1
actual,36,86,scatter_recursive_doubling_allgather,0,2048,12,0.521029085,0.000254409,0.000160881,0.000510237,1
actual,37,87,scatter_recursive_doubling_allgather,0,2048,12,0.522360483,0.000255059,0.000156974,0.000386153,1
actual,38,88,scatter_recursive_doubling_allgather,0,2048,12,0.547951673,0.000267555,0.000176761,0.000399630,1
actual,39,89,scatter_recursive_doubling_allgather,0,2048,12,0.526823722,0.000257238,0.000167554,0.000424845,1
actual,40,90,scatter_recursive_doubling_allgather,0,2048,12,0.536479876,0.000261953,0.000170219,0.000378301,1
actual,41,91,scatter_recursive_doubling_allgather,0,2048,12,0.569848214,0.000278246,0.000189394,0.000427470,1
actual,42,92,scatter_recursive_doubling_allgather,0,2048,12,0.521265436,0.000254524,0.000169768,0.000385294,1
actual,43,93,scatter_recursive_doubling_allgather,0,2048,12,0.540369816,0.000263852,0.000172143,0.000412005,1
actual,44,94,scatter_recursive_doubling_allgather,0,2048,12,0.535333282,0.000261393,0.000176821,0.000398266,1
actual,45,95,scatter_recursive_doubling_allgather,0,2048,12,0.568383359,0.000277531,0.000184545,0.000440797,1
actual,46,96,scatter_recursive_doubling_allgather,0,2048,12,0.565275887,0.000276014,0.000169718,0.000417603,1
actual,47,97,scatter_recursive_doubling_allgather,0,2048,12,0.584038085,0.000285175,0.000185878,0.000416934,1
actual,48,98,scatter_recursive_doubling_allgather,0,2048,12,0.526077524,0.000256874,0.000163877,0.000382018,1
actual,49,99,scatter_recursive_doubling_allgather,0,2048,12,0.532086043,0.000259808,0.000170599,0.000395888,1
warmup,0,0,scatter_recursive_doubling_allgather,0,2048,16,0.555102728,0.000271046,0.000191078,0.000358614,1
warmup,1,1,scatter_recursive_doubling_allgather,0,2048,16,0.596252653,0.000291139,0.000182833,0.000407906,1
warmup,2,2,scatter_recursive_doubling_allgather,0,2048,16,0.528301535,0.000257960,0.000171671,0.000393310,1
warmup,3,3,scatter_recursive_doubling_allgather,0,2048,16,0.552007490,0.000269535,0.000176400,0.000406098,1
warmup,4,4,scatter_recursive_doubling_allgather,0,2048,16,0.557520842,0.000272227,0.000186259,0.000385374,1
warmup,5,5,scatter_recursive_doubling_allgather,0,2048,16,0.608669523,0.000297202,0.000176420,0.000434207,1
warmup,6,6,scatter_recursive_doubling_allgather,0,2048,16,0.516107992,0.000252006,0.000165841,0.000388050,1
warmup,7,7,scatter_recursive_doubling_allgather,0,2048,16,0.537408554,0.000262407,0.000168966,0.000378221,1
warmup,8,8,scatter_recursive_doubling_allgather,0,2048,16,0.544328012,0.000265785,0.000183163,0.000370322,1
warmup,9,9,scatter_recursive_doubling_allgather,0,2048,16,0.547098891,0.000267138,0.000175799,0.000446237,1
warmup,10,10,scatter_recursive_doubling_allgather,0,2048,16,0.526841894,0.000257247,0.000171100,0.000364766,1
warmup,11,11,scatter_recursive_doubling_allgather,0,2048,16,0.542634645,0.000264958,0.000180507,0.000434104,1
warmup,12,12,scatter_recursive_doubling_allgather,0,2048,16,0.523225745,0.000255481,0.000164949,0.000370336,1
warmup,13,13,scatter_recursive_doubling_allgather,0,2048,16,0.574850552,0.000280689,0.000175669,0.000396014,1
warmup,14,14,scatter_recursive_doubling_allgather,0,2048,16,0.629922144,0.000307579,0.000181038,0.000411544,1
warmup,15,15,scatter_recursive_doubling_allgather,0,2048,16,0.554674340,0.000270837,0.000176751,0.000397458,1
warmup,16,16,scatter_recursive_doubling_allgather,0,2048,16,0.533042432,0.000260275,0.000173094,0.000391617,1
warmup,17,17,scatter_recursive_doubling_allgather,0,2048,16,0.563972060,0.000275377,0.000189404,0.000416823,1
warmup,18,18,scatter_recursive_doubling_allgather,0,2048,16,0.531229898,0.000259390,0.000169818,0.000368363,1
warmup,19,19,scatter_recursive_doubling_allgather,0,2048,16,0.543662401,0.000265460,0.000170610,0.000394760,1
warmup,20,20,scatter_recursive_doubling_allgather,0,2048,16,0.557741331,0.000272335,0.000187852,0.000381707,1
warmup,21,21,scatter_recursive_doubling_allgather,0,2048,16,0.544650478,0.000265943,0.000168646,0.000399879,1
warmup,22,22,scatter_recursive_doubling_allgather,0,2048,16,0.520726592,0.000254261,0.000169988,0.000380543,1
warmup,23,23,scatter_recursive_doubling_allgather,0,2048,16,0.576521689,0.000281505,0.000185087,0.000418515,1
warmup,24,24,scatter_recursive_doubling_allgather,0,2048,16,0.513655285,0.000250808,0.000162224,0.000411983,1
warmup,25,25,scatter_recursive_doubling_allgather,0,2048,16,0.554318144,0.000270663,0.000180618,0.000391594,1
warmup,26,26,scatter_recursive_doubling_allgather,0,2048,16,0.542664518,0.000264973,0.000178344,0.000394119,1
warmup,27,27,scatter_recursive_doubling_allgather,0,2048,16,0.572889567,0.000279731,0.000183464,0.000405672,1
warmup,28,28,scatter_recursive_doubling_allgather,0,2048,16,0.543137632,0.000265204,0.000176431,0.000399170,1
warmup,29,29,scatter_recursive_doubling_allgather,0,2048,16,0.564167280,0.000275472,0.000182592,0.000432751,1
warmup,30,30,scatter_recursive_doubling_allgather,0,2048,16,0.698310351,0.000340972,0.000147927,0.000457187,1
warmup,31,31,scatter_recursive_doubling_allgather,0,2048,16,0.570267483,0.000278451,0.000184565,0.000439916,1
warmup,32,32,scatter_recursive_doubling_allgather,0,2048,16,0.531022547,0.000259288,0.000179246,0.000389457,1
warmup,33,33,scatter_recursive_doubling_allgather,0,2048,16,0.689398804,0.000336621,0.000162003,0.000474440,1
warmup,34,34,scatter_recursive_doubling_allgather,0,2048,16,0.554199998,0.000270605,0.000190446,0.000376658,1
warmup,35,35,scatter_recursive_doubling_allgather,0,2048,16,0.589284358,0.000287737,0.000187723,0.000430169,1
warmup,36,36,scatter_recursive_doubling_allgather,0,2048,16,0.532192069,0.000259859,0.000170058,0.000376377,1
warmup,37,37,scatter_recursive_doubling_allgather,0,2048,16,0.566892891,0.000276803,0.000190196,0.000420960,1
warmup,38,38,scatter_recursive_doubling_allgather,0,2048,16,0.551977362,0.000269520,0.000189436,0.000360787,1
warmup,39,39,scatter_recursive_doubling_allgather,0,2048,16,0.577927146,0.000282191,0.000191238,0.000466883,1
warmup,40,40,scatter_recursive_doubling_allgather,0,2048,16,0.536844531,0.000262131,0.000178274,0.000410411,1
warmup,41,41,scatter_recursive_doubling_allgather,0,2048,16,0.538233464,0.000262809,0.000171431,0.000394159,1
warmup,42,42,scatter_recursive_doubling_allgather,0,2048,16,0.548008196,0.000267582,0.000180408,0.000380763,1
warmup,43,43,scatter_recursive_doubling_allgather,0,2048,16,0.592425804,0.000289270,0.000155191,0.000437982,1
warmup,44,44,scatter_recursive_doubling_allgather,0,2048,16,0.546041735,0.000266622,0.000175258,0.000375524,1
warmup,45,45,scatter_recursive_doubling_allgather,0,2048,16,0.530773397,0.000259167,0.000164709,0.000401215,1
warmup,46,46,scatter_recursive_doubling_allgather,0,2048,16,0.520402014,0.000254103,0.000168565,0.000357731,1
warmup,47,47,scatter_recursive_doubling_allgather,0,2048,16,0.544042116,0.000265646,0.000168796,0.000393901,1
warmup,48,48,scatter_recursive_doubling_allgather,0,2048,16,0.576621780,0.000281554,0.000184656,0.000423144,1
warmup,49,49,scatter_recursive_doubling_allgather,0,2048,16,0.542191784,0.000264742,0.000181509,0.000384462,1
actual,0,50,scatter_recursive_doubling_allgather,0,2048,16,0.530194213,0.000258884,0.000173434,0.000394780,1
actual,1,51,scatter_recursive_doubling_allgather,0,2048,16,0.546241500,0.000266719,0.000181109,0.000399129,1
actual,2,52,scatter_recursive_doubling_allgather,0,2048,16,0.527226494,0.000257435,0.000166963,0.000371077,1
actual,3,53,scatter_recursive_doubling_allgather,0,2048,16,0.538728470,0.000263051,0.000169628,0.000404698,1
actual,4,54,scatter_recursive_doubling_allgather,0,2048,16,0.544720409,0.000265977,0.000173676,0.000407093,1
actual,5,55,scatter_recursive_doubling_allgather,0,2048,16,0.532741803,0.000260128,0.000161091,0.000380289,1
actual,6,56,scatter_recursive_doubling_allgather,0,2048,16,0.557124130,0.000272033,0.000195867,0.000396025,1
actual,7,57,scatter_recursive_doubling_allgather,0,2048,16,0.553905163,0.000270462,0.000173364,0.000397206,1
actual,8,58,scatter_recursive_doubling_allgather,0,2048,16,0.594114791,0.000290095,0.000149280,0.000421944,1
actual,9,59,scatter_recursive_doubling_allgather,0,2048,16,0.546157155,0.000266678,0.000171090,0.000410882,1
actual,10,60,scatter_recursive_doubling_allgather,0,2048,16,0.543390641,0.000265327,0.000173435,0.000391203,1
actual,11,61,scatter_recursive_doubling_allgather,0,2048,16,0.540130148,0.000263735,0.000165270,0.000432690,1
actual,12,62,scatter_recursive_doubling_allgather,0,2048,16,0.536336743,0.000261883,0.000181781,0.000402376,1
actual,13,63,scatter_recursive_doubling_allgather,0,2048,16,0.564628513,0.000275698,0.000182312,0.000442899,1
actual,14,64,scatter_recursive_doubling_allgather,0,2048,16,0.552948524,0.000269994,0.000186218,0.000393720,1
actual,15,65,scatter_recursive_doubling_allgather,0,2048,16,0.533721375,0.000260606,0.000171681,0.000398885,1
actual,16,66,scatter_recursive_doubling_allgather,0,2048,16,0.521165621,0.000254475,0.000162405,0.000371928,1
actual,17,67,scatter_recursive_doubling_allgather,0,2048,16,0.544802747,0.000266017,0.000177282,0.000440447,1
actual,18,68,scatter_recursive_doubling_allgather,0,2048,16,0.518646577,0.000253245,0.000158537,0.000379438,1
actual,19,69,scatter_recursive_doubling_allgather,0,2048,16,0.561451607,0.000274146,0.000172403,0.000402173,1
actual,20,70,scatter_recursive_doubling_allgather,0,2048,16,0.506458328,0.000247294,0.000166361,0.000350216,1
actual,21,71,scatter_recursive_doubling_allgather,0,2048,16,0.562118488,0.000274472,0.000177893,0.000424788,1
actual,22,72,scatter_recursive_doubling_allgather,0,2048,16,0.573347577,0.000279955,0.000165601,0.000397698,1
actual,23,73,scatter_recursive_doubling_allgather,0,2048,16,0.534062310,0.000260773,0.000168716,0.000408572,1
actual,24,74,scatter_recursive_doubling_allgather,0,2048,16,0.533440091,0.000260469,0.000177823,0.000369382,1
actual,25,75,scatter_recursive_doubling_allgather,0,2048,16,0.553407254,0.000270218,0.000177412,0.000433983,1
actual,26,76,scatter_recursive_doubling_allgather,0,2048,16,0.546837647,0.000267011,0.000179557,0.000399679,1
actual,27,77,scatter_recursive_doubling_allgather,0,2048,16,0.604400437,0.000295117,0.000174887,0.000415862,1
actual,28,78,scatter_recursive_doubling_allgather,0,2048,16,0.551247091,0.000269164,0.000183704,0.000383832,1
actual,29,79,scatter_recursive_doubling_allgather,0,2048,16,0.594603392,0.000290334,0.000196117,0.000407867,1
actual,30,80,scatter_recursive_doubling_allgather,0,2048,16,0.546212156,0.000266705,0.000176691,0.000381465,1
actual,31,81,scatter_recursive_doubling_allgather,0,2048,16,0.532511886,0.000260016,0.000166542,0.000362922,1
actual,32,82,scatter_recursive_doubling_allgather,0,2048,16,0.522984514,0.000255364,0.000171041,0.000373512,1
actual,33,83,scatter_recursive_doubling_allgather,0,2048,16,0.545194244,0.000266208,0.000172283,0.000393259,1
actual,34,84,scatter_recursive_doubling_allgather,0,2048,16,0.515282821,0.000251603,0.000162353,0.000362817,1
actual,35,85,scatter_recursive_doubling_allgather,0,2048,16,0.531482576,0.000259513,0.000161702,0.000391430,1
actual,36,86,scatter_recursive_doubling_allgather,0,2048,16,0.560642806,0.000273751,0.000180728,0.000389352,1
actual,37,87,scatter_recursive_doubling_allgather,0,2048,16,0.569285737,0.000277972,0.000193983,0.000404550,1
actual,38,88,scatter_recursive_doubling_allgather,0,2048,16,0.533648450,0.000260571,0.000178985,0.000370807,1
actual,39,89,scatter_recursive_doubling_allgather,0,2048,16,0.560817929,0.000273837,0.000179476,0.000411533,1
actual,40,90,scatter_recursive_doubling_allgather,0,2048,16,0.527358084,0.000257499,0.000173264,0.000376297,1
actual,41,91,scatter_recursive_doubling_allgather,0,2048,16,0.573746149,0.000280149,0.000179346,0.000553759,1
actual,42,92,scatter_recursive_doubling_allgather,0,2048,16,0.515035937,0.000251482,0.000168536,0.000354432,1
actual,43,93,scatter_recursive_doubling_allgather,0,2048,16,0.549290887,0.000268208,0.000182131,0.000397557,1
actual,44,94,scatter_recursive_doubling_allgather,0,2048,16,0.548988330,0.000268061,0.000184675,0.000384061,1
actual,45,95,scatter_recursive_doubling_allgather,0,2048,16,0.531021986,0.000259288,0.000170138,0.000395502,1
actual,46,96,scatter_recursive_doubling_allgather,0,2048,16,0.520228783,0.000254018,0.000165971,0.000379232,1
actual,47,97,scatter_recursive_doubling_allgather,0,2048,16,0.557408258,0.000272172,0.000184816,0.000391283,1
actual,48,98,scatter_recursive_doubling_allgather,0,2048,16,0.510091107,0.000249068,0.000154279,0.000354112,1
actual,49,99,scatter_recursive_doubling_allgather,0,2048,16,0.573963113,0.000280255,0.000186719,0.000430075,1
warmup,0,0,scatter_recursive_doubling_allgather,0,2048,24,0.554673486,0.000270837,0.000161072,0.000391065,1
warmup,1,1,scatter_recursive_doubling_allgather,0,2048,24,0.542503252,0.000264894,0.000176491,0.000401703,1
warmup,2,2,scatter_recursive_doubling_allgather,0,2048,24,0.569246549,0.000277952,0.000185757,0.000403779,1
warmup,3,3,scatter_recursive_doubling_allgather,0,2048,24,0.580295730,0.000283348,0.000182662,0.000418575,1
warmup,4,4,scatter_recursive_doubling_allgather,0,2048,24,0.513124741,0.000250549,0.000163036,0.000362672,1
warmup,5,5,scatter_recursive_doubling_allgather,0,2048,24,0.543515406,0.000265388,0.000179526,0.000418845,1
warmup,6,6,scatter_recursive_doubling_allgather,0,2048,24,0.518145346,0.000253001,0.000169607,0.000358605,1
warmup,7,7,scatter_recursive_doubling_allgather,0,2048,24,0.598422791,0.000292199,0.000187672,0.000407113,1
warmup,8,8,scatter_recursive_doubling_allgather,0,2048,24,0.520125171,0.000253967,0.000169438,0.000348523,1
warmup,9,9,scatter_recursive_doubling_allgather,0,2048,24,0.558371255,0.000272642,0.000170479,0.000381948,1
warmup,10,10,scatter_recursive_doubling_allgather,0,2048,24,0.525639030,0.000256660,0.000171731,0.000384722,1
warmup,11,11,scatter_recursive_doubling_allgather,0,2048,24,0.544837347,0.000266034,0.000162264,0.000398658,1
warmup,12,12,scatter_recursive_doubling_allgather,0,2048,24,0.531500188,0.000259522,0.000176470,0.000371609,1
warmup,13,13,scatter_recursive_doubling_allgather,0,2048,24,0.563099873,0.000274951,0.000160380,0.000409280,1
warmup,14,14,scatter_recursive_doubling_allgather,0,2048,24,0.539621390,0.000263487,0.000176841,0.000403235,1
warmup,15,15,scatter_recursive_doubling_allgather,0,2048,24,0.559037110,0.000272967,0.000179957,0.000419077,1
warmup,16,16,scatter_recursive_doubling_allgather,0,2048,24,0.531183518,0.000259367,0.000182341,0.000369254,1
warmup,17,17,scatter_recursive_doubling_allgather,0,2048,24,0.561297582,0.000274071,0.000185627,0.000405632,1
warmup,18,18,scatter_recursive_doubling_allgather,0,2048,24,0.583305397,0.000284817,0.000152044,0.000428964,1
warmup,19,19,scatter_recursive_doubling_allgather,0,2048,24,0.608960152,0.000297344,0.000164277,0.000469300,1
warmup,20,20,scatter_recursive_doubling_allgather,0,2048,24,0.517471656,0.000252672,0.000165470,0.000377918,1
warmup,21,21,scatter_recursive_doubling_allgather,0,2048,24,0.541151131,0.000264234,0.000172984,0.000406693,1
warmup,22,22,scatter_recursive_doubling_allgather,0,2048,24,0.532153871,0.000259841,0.000172363,0.000370526,1
warmup,23,23,scatter_recursive_doubling_allgather,0,2048,24,0.552595277,0.000269822,0.000179385,0.000430818,1
warmup,24,24,scatter_recursive_doubling_allgather,0,2048,24,0.572809317,0.000279692,0.000172844,0.000406733,1
warmup,25,25,scatter_recursive_doubling_allgather,0,2048,24,0.549916202,0.000268514,0.000177051,0.000400032,1
warmup,26,26,scatter_recursive_doubling_allgather,0,2048,24,0.545749738,0.000266479,0.000165530,0.000391586,1
warmup,27,27,scatter_recursive_doubling_allgather,0,2048,24,0.556818056,0.000271884,0.000178164,0.000387418,1
warmup,28,28,scatter_recursive_doubling_allgather,0,2048,24,0.524373977,0.000256042,0.000167905,0.000382939,1
warmup,29,29,scatter_recursive_doubling_allgather,0,2048,24,0.547537822,0.000267352,0.000180027,0.000404417,1
warmup,30,30,scatter_recursive_doubling_allgather,0,2048,24,0.507399243,0.000247754,0.000161492,0.000374764,1
warmup,31,31,scatter_recursive_doubling_allgather,0,2048,24,0.567089541,0.000276899,0.000183814,0.000399800,1
warmup,32,32,scatter_recursive_doubling_allgather,0,2048,24,0.534885365,0.000261174,0.000176260,0.000366136,1
warmup,33,33,scatter_recursive_doubling_allgather,0,2048,24,0.584986850,0.000285638,0.000186158,0.000400558,1
warmup,34,34,scatter_recursive_doubling_allgather,0,2048,24,0.545430631,0.000266324,0.000178935,0.000401844,1
warmup,35,35,scatter_recursive_doubling_allgather,0,2048,24,0.546634020,0.000266911,0.000173385,0.000425617,1
warmup,36,36,scatter_recursive_doubling_allgather,0,2048,24,0.539502357,0.000263429,0.000178224,0.000403646,1
warmup,37,37,scatter_recursive_doubling_allgather,0,2048,24,0.572448840,0.000279516,0.000178284,0.000421229,1
warmup,38,38,scatter_recursive_doubling_allgather,0,2048,24,0.527857526,0.000257743,0.000163827,0.000373289,1
warmup,39,39,scatter_recursive_doubling_allgather,0,2048,24,0.549209419,0.000268169,0.000174277,0.000414255,1
warmup,40,40,scatter_recursive_doubling_allgather,0,2048,24,0.550377585,0.000268739,0.000181430,0.000412349,1
warmup,41,41,scatter_recursive_doubling_allgather,0,2048,24,0.554744242,0.000270871,0.000169938,0.000408747,1
warmup,42,42,scatter_recursive_doubling_allgather,0,2048,24,0.548295200,0.000267722,0.000169598,0.000384483,1
warmup,43,43,scatter_recursive_doubling_allgather,0,2048,24,0.574671079,0.000280601,0.000185277,0.000403858,1
warmup,44,44,scatter_recursive_doubling_allgather,0,2048,24,0.597382377,0.000291691,0.000201537,0.000392558,1
warmup,45,45,scatter_recursive_doubling_allgather,0,2048,24,0.553823987,0.000270422,0.000176160,0.000395031,1
warmup,46,46,scatter_recursive_doubling_allgather,0,2048,24,0.562022556,0.000274425,0.000188112,0.000412715,1
warmup,47,47,scatter_recursive_doubling_allgather,0,2048,24,0.563308414,0.000275053,0.000190046,0.000384223,1
warmup,48,48,scatter_recursive_doubling_allgather,0,2048,24,0.532173458,0.000259850,0.000165771,0.000390655,1
warmup,49,49,scatter_recursive_doubling_allgather,0,2048,24,0.554652671,0.000270826,0.000182111,0.000383461,1
actual,0,50,scatter_recursive_doubling_allgather,0,2048,24,0.591576323,0.000288856,0.000180128,0.000414128,1
actual,1,51,scatter_recursive_doubling_allgather,0,2048,24,0.547128816,0.000267153,0.000169628,0.000391745,1
actual,2,52,scatter_recursive_doubling_allgather,0,2048,24,0.724763803,0.000353889,0.000172604,0.000462926,1
actual,3,53,scatter_recursive_doubling_allgather,0,2048,24,0.569498975,0.000278076,0.000177923,0.000427371,1
actual,4,54,scatter_recursive_doubling_allgather,0,2048,24,0.531978862,0.000259755,0.000171862,0.000370351,1
actual,5,55,scatter_recursive_doubling_allgather,0,2048,24,0.566326417,0.000276527,0.000185518,0.000433142,1
actual,6,56,scatter_recursive_doubling_allgather,0,2048,24,0.551426367,0.000269251,0.000178815,0.000363463,1
actual,7,57,scatter_recursive_doubling_allgather,0,2048,24,0.551031499,0.000269058,0.000177782,0.000449472,1
actual,8,58,scatter_recursive_doubling_allgather,0,2048,24,0.537135557,0.000262273,0.000177592,0.000375043,1
actual,9,59,scatter_recursive_doubling_allgather,0,2048,24,0.590398404,0.000288280,0.000189355,0.000429778,1
actual,10,60,scatter_recursive_doubling_allgather,0,2048,24,0.563592145,0.000275191,0.000155191,0.000365696,1
actual,11,61,scatter_recursive_doubling_allgather,0,2048,24,0.555457087,0.000271219,0.000167113,0.000404619,1
actual,12,62,scatter_recursive_doubling_allgather,0,2048,24,0.530613447,0.000259089,0.000171781,0.000376045,1
actual,13,63,scatter_recursive_doubling_allgather,0,2048,24,0.575499305,0.000281006,0.000176872,0.000434853,1
actual,14,64,scatter_recursive_doubling_allgather,0,2048,24,0.539304493,0.000263332,0.000170950,0.000375776,1
actual,15,65,scatter_recursive_doubling_allgather,0,2048,24,0.564214801,0.000275496,0.000193582,0.000386415,1
actual,16,66,scatter_recursive_doubling_allgather,0,2048,24,0.542593153,0.000264938,0.000171812,0.000385163,1
actual,17,67,scatter_recursive_doubling_allgather,0,2048,24,0.540351672,0.000263844,0.000172423,0.000473020,1
actual,18,68,scatter_recursive_doubling_allgather,0,2048,24,0.535566230,0.000261507,0.000178174,0.000372760,1
actual,19,69,scatter_recursive_doubling_allgather,0,2048,24,0.632564653,0.000308869,0.000203591,0.000447238,1
actual,20,70,scatter_recursive_doubling_allgather,0,2048,24,0.535886947,0.000261664,0.000175349,0.000375846,1
actual,21,71,scatter_recursive_doubling_allgather,0,2048,24,0.522284006,0.000255021,0.000166231,0.000399149,1
actual,22,72,scatter_recursive_doubling_allgather,0,2048,24,0.525864051,0.000256770,0.000165780,0.000371998,1
actual,23,73,scatter_recursive_doubling_allgather,0,2048,24,0.538233469,0.000262809,0.000175649,0.000398788,1
actual,24,74,scatter_recursive_doubling_allgather,0,2048,24,0.532341178,0.000259932,0.000173384,0.000389482,1
actual,25,75,scatter_recursive_doubling_allgather,0,2048,24,0.597933965,0.000291960,0.000187932,0.000414006,1
actual,26,76,scatter_recursive_doubling_allgather,0,2048,24,0.515878263,0.000251894,0.000157855,0.000429898,1
actual,27,77,scatter_recursive_doubling_allgather,0,2048,24,0.578384914,0.000282415,0.000187201,0.000425277,1
actual,28,78,scatter_recursive_doubling_allgather,0,2048,24,0.530102379,0.000258839,0.000159228,0.000390282,1
actual,29,79,scatter_recursive_doubling_allgather,0,2048,24,0.532585711,0.000260052,0.000169668,0.000394251,1
actual,30,80,scatter_recursive_doubling_allgather,0,2048,24,0.543913638,0.000265583,0.000176260,0.000400311,1
actual,31,81,scatter_recursive_doubling_allgather,0,2048,24,0.564290064,0.000275532,0.000183824,0.000404528,1
actual,32,82,scatter_recursive_doubling_allgather,0,2048,24,0.571827067,0.000279212,0.000172292,0.000414278,1
actual,33,83,scatter_recursive_doubling_allgather,0,2048,24,0.536851651,0.000262135,0.000168115,0.000390450,1
actual,34,84,scatter_recursive_doubling_allgather,0,2048,24,0.609116272,0.000297420,0.000202368,0.000394592,1
actual,35,85,scatter_recursive_doubling_allgather,0,2048,24,0.553491821,0.000270260,0.000179015,0.000390394,1
actual,36,86,scatter_recursive_doubling_allgather,0,2048,24,0.550677782,0.000268886,0.000182953,0.000428864,1
actual,37,87,scatter_recursive_doubling_allgather,0,2048,24,0.557845613,0.000272386,0.000183023,0.000408424,1
actual,38,88,scatter_recursive_doubling_allgather,0,2048,24,0.544547427,0.000265892,0.000183003,0.000363583,1
actual,39,89,scatter_recursive_doubling_allgather,0,2048,24,0.564231889,0.000275504,0.000173154,0.000429814,1
actual,40,90,scatter_recursive_doubling_allgather,0,2048,24,0.523190142,0.000255464,0.000177983,0.000369023,1
actual,41,91,scatter_recursive_doubling_allgather,0,2048,24,0.564564223,0.000275666,0.000177292,0.000396886,1
actual,42,92,scatter_recursive_doubling_allgather,0,2048,24,0.598811804,0.000292389,0.000144651,0.000421741,1
actual,43,93,scatter_recursive_doubling_allgather,0,2048,24,0.578472824,0.000282457,0.000182462,0.000425259,1
actual,44,94,scatter_recursive_doubling_allgather,0,2048,24,0.548260755,0.000267705,0.000178434,0.000417403,1
actual,45,95,scatter_recursive_doubling_allgather,0,2048,24,0.555792150,0.000271383,0.000175038,0.000437912,1
actual,46,96,scatter_recursive_doubling_allgather,0,2048,24,0.587422728,0.000286828,0.000145783,0.000473208,1
actual,47,97,scatter_recursive_doubling_allgather,0,2048,24,0.567536472,0.000277117,0.000180437,0.000405343,1
actual,48,98,scatter_recursive_doubling_allgather,0,2048,24,0.545036650,0.000266131,0.000175148,0.000398737,1
actual,49,99,scatter_recursive_doubling_allgather,0,2048,24,0.536830983,0.000262125,0.000169207,0.000425757,1
warmup,0,0,scatter_recursive_doubling_allgather,0,2048,32,0.532068985,0.000259799,0.000170770,0.000386976,1
warmup,1,1,scatter_recursive_doubling_allgather,0,2048,32,0.548855930,0.000267996,0.000171350,0.000404207,1
warmup,2,2,scatter_recursive_doubling_allgather,0,2048,32,0.580399988,0.000283398,0.000178254,0.000399531,1
warmup,3,3,scatter_recursive_doubling_allgather,0,2048,32,0.639674378,0.000312341,0.000214892,0.000483406,1
warmup,4,4,scatter_recursive_doubling_allgather,0,2048,32,0.541248063,0.000264281,0.000163266,0.000384431,1
warmup,5,5,scatter_recursive_doubling_allgather,0,2048,32,0.583948888,0.000285131,0.000194744,0.000451335,1
warmup,6,6,scatter_recursive_doubling_allgather,0,2048,32,0.532461350,0.000259991,0.000174958,0.000372880,1
warmup,7,7,scatter_recursive_doubling_allgather,0,2048,32,0.552710930,0.000269878,0.000181420,0.000391225,1
warmup,8,8,scatter_recursive_doubling_allgather,0,2048,32,0.541998804,0.000264648,0.000183303,0.000395300,1
warmup,9,9,scatter_recursive_doubling_allgather,0,2048,32,0.575119012,0.000280820,0.000183764,0.000403476,1
warmup,10,10,scatter_recursive_doubling_allgather,0,2048,32,0.540954379,0.000264138,0.000174838,0.000388627,1
warmup,11,11,scatter_recursive_doubling_allgather,0,2048,32,0.537664884,0.000262532,0.000177191,0.000383008,1
warmup,12,12,scatter_recursive_doubling_allgather,0,2048,32,0.583367002,0.000284847,0.000196418,0.000410209,1
warmup,13,13,scatter_recursive_doubling_allgather,0,2048,32,0.548717385,0.000267928,0.000177452,0.000387278,1
warmup,14,14,scatter_recursive_doubling_allgather,0,2048,32,0.548142982,0.000267648,0.000184756,0.000391724,1
warmup,15,15,scatter_recursive_doubling_allgather,0,2048,32,0.513022288,0.000250499,0.000164578,0.000440609,1
warmup,16,16,scatter_recursive_doubling_allgather,0,2048,32,0.536311183,0.000261871,0.000174136,0.000389732,1
warmup,17,17,scatter_recursive_doubling_allgather,0,2048,32,0.555951167,0.000271461,0.000175939,0.000405259,1
warmup,18,18,scatter_recursive_doubling_allgather,0,2048,32,0.562535781,0.000274676,0.000183454,0.000372427,1
warmup,19,19,scatter_recursive_doubling_allgather,0,2048,32,0.600021456,0.000292979,0.000177182,0.000421592,1
warmup,20,20,scatter_recursive_doubling_allgather,0,2048,32,0.561923016,0.000274376,0.000161453,0.000393289,1
warmup,21,21,scatter_recursive_doubling_allgather,0,2048,32,0.573196546,0.000279881,0.000179266,0.000429707,1
warmup,22,22,scatter_recursive_doubling_allgather,0,2048,32,0.518111895,0.000252984,0.000174116,0.000358914,1
warmup,23,23,scatter_recursive_doubling_allgather,0,2048,32,0.597118394,0.000291562,0.000184828,0.000414649,1
warmup,24,24,scatter_recursive_doubling_allgather,0,2048,32,0.543857587,0.000265555,0.000183223,0.000385855,1
warmup,25,25,scatter_recursive_doubling_allgather,0,2048,32,0.586235413,0.000286248,0.000189495,0.000440035,1
warmup,26,26,scatter_recursive_doubling_allgather,0,2048,32,0.548207190,0.000267679,0.000183223,0.000419949,1
warmup,27,27,scatter_recursive_doubling_allgather,0,2048,32,0.558133658,0.000272526,0.000183875,0.000390533,1
warmup,28,28,scatter_recursive_doubling_allgather,0,2048,32,0.556095569,0.000271531,0.000151524,0.000415440,1
warmup,29,29,scatter_recursive_doubling_allgather,0,2048,32,0.570297265,0.000278465,0.000195095,0.000409718,1
warmup,30,30,scatter_recursive_doubling_allgather,0,2048,32,0.535332735,0.000261393,0.000178635,0.000400963,1
warmup,31,31,scatter_recursive_doubling_allgather,0,2048,32,0.539986610,0.000263665,0.000175689,0.000387989,1
warmup,32,32,scatter_recursive_doubling_allgather,0,2048,32,0.575120194,0.000280820,0.000148899,0.000406301,1
warmup,33,33,scatter_recursive_doubling_allgather,0,2048,32,0.567172139,0.000276940,0.000179456,0.000434996,1
warmup,34,34,scatter_recursive_doubling_allgather,0,2048,32,0.561616345,0.000274227,0.000179075,0.000414827,1
warmup,35,35,scatter_recursive_doubling_allgather,0,2048,32,0.538992666,0.000263180,0.000180227,0.000393839,1
warmup,36,36,scatter_recursive_doubling_allgather,0,2048,32,0.538341522,0.000262862,0.000179466,0.000374584,1
warmup,37,37,scatter_recursive_doubling_allgather,0,2048,32,0.551897015,0.000269481,0.000174426,0.000412153,1
warmup,38,38,scatter_recursive_doubling_allgather,0,2048,32,0.544833773,0.000266032,0.000171852,0.000391356,1
warmup,39,39,scatter_recursive_doubling_allgather,0,2048,32,0.591091979,0.000288619,0.000179856,0.000413922,1
warmup,40,40,scatter_recursive_doubling_allgather,0,2048,32,0.562415956,0.000274617,0.000179666,0.000393790,1
warmup,41,41,scatter_recursive_doubling_allgather,0,2048,32,0.546656565,0.000266922,0.000178554,0.000421300,1
warmup,42,42,scatter_recursive_doubling_allgather,0,2048,32,0.532635088,0.000260076,0.000176961,0.000380030,1
warmup,43,43,scatter_recursive_doubling_allgather,0,2048,32,0.557077980,0.000272011,0.000193192,0.000392917,1
warmup,44,44,scatter_recursive_doubling_allgather,0,2048,32,0.567649806,0.000277173,0.000189214,0.000381625,1
warmup,45,45,scatter_recursive_doubling_allgather,0,2048,32,0.590183223,0.000288175,0.000194274,0.000444125,1
warmup,46,46,scatter_recursive_doubling_allgather,0,2048,32,0.554558871,0.000270781,0.000168856,0.000399781,1
warmup,47,47,scatter_recursive_doubling_allgather,0,2048,32,0.576934923,0.000281707,0.000195697,0.000389262,1
warmup,48,48,scatter_recursive_doubling_allgather,0,2048,32,0.542761047,0.000265020,0.000169597,0.000378671,1
warmup,49,49,scatter_recursive_doubling_allgather,0,2048,32,0.588176380,0.000287195,0.000196699,0.000439225,1
actual,0,50,scatter_recursive_doubling_allgather,0,2048,32,0.539344612,0.000263352,0.000181099,0.000470441,1
actual,1,51,scatter_recursive_doubling_allgather,0,2048,32,0.598671851,0.000292320,0.000185299,0.000436869,1
actual,2,52,scatter_recursive_doubling_allgather,0,2048,32,0.529945931,0.000258763,0.000180317,0.000364494,1
actual,3,53,scatter_recursive_doubling_allgather,0,2048,32,0.579885983,0.000283147,0.000184736,0.000423373,1
actual,4,54,scatter_recursive_doubling_allgather,0,2048,32,0.636363676,0.000310724,0.000228658,0.000408377,1
actual,5,55,scatter_recursive_doubling_allgather,0,2048,32,0.524727798,0.000256215,0.000167454,0.000385923,1
actual,6,56,scatter_recursive_doubling_allgather,0,2048,32,0.539486783,0.000263421,0.000175409,0.000386253,1
actual,7,57,scatter_recursive_doubling_allgather,0,2048,32,0.568414277,0.000277546,0.000173024,0.000408965,1
actual,8,58,scatter_recursive_doubling_allgather,0,2048,32,0.535879147,0.000261660,0.000168726,0.000395613,1
actual,9,59,scatter_recursive_doubling_allgather,0,2048,32,0.548281879,0.000267716,0.000171912,0.000425598,1
actual,10,60,scatter_recursive_doubling_allgather,0,2048,32,0.563947801,0.000275365,0.000128551,0.000431971,1
actual,11,61,scatter_recursive_doubling_allgather,0,2048,32,0.546447413,0.000266820,0.000185738,0.000370575,1
actual,12,62,scatter_recursive_doubling_allgather,0,2048,32,0.529584496,0.000258586,0.000176260,0.000410100,1
actual,13,63,scatter_recursive_doubling_allgather,0,2048,32,0.558636814,0.000272772,0.000183112,0.000395893,1
actual,14,64,scatter_recursive_doubling_allgather,0,2048,32,0.545893322,0.000266549,0.000179526,0.000390123,1
actual,15,65,scatter_recursive_doubling_allgather,0,2048,32,0.553929741,0.000270474,0.000175679,0.000421182,1
actual,16,66,scatter_recursive_doubling_allgather,0,2048,32,0.545379012,0.000266298,0.000179617,0.000387378,1
actual,17,67,scatter_recursive_doubling_allgather,0,2048,32,0.542090297,0.000264693,0.000173425,0.000400212,1
actual,18,68,scatter_recursive_doubling_allgather,0,2048,32,0.560493548,0.000273678,0.000171912,0.000403166,1
actual,19,69,scatter_recursive_doubling_allgather,0,2048,32,0.529822673,0.000258702,0.000165489,0.000413556,1
actual,20,70,scatter_recursive_doubling_allgather,0,2048,32,0.530966262,0.000259261,0.000170399,0.000399200,1
actual,21,71,scatter_recursive_doubling_allgather,0,2048,32,0.553280351,0.000270156,0.000174688,0.000419096,1
actual,22,72,scatter_recursive_doubling_allgather,0,2048,32,0.524834395,0.000256267,0.000169747,0.000386968,1
actual,23,73,scatter_recursive_doubling_allgather,0,2048,32,0.551523623,0.000269299,0.000175959,0.000409207,1
actual,24,74,scatter_recursive_doubling_allgather,0,2048,32,0.542424578,0.000264856,0.000168726,0.000390041,1
actual,25,75,scatter_recursive_doubling_allgather,0,2048,32,0.545209989,0.000266216,0.000181199,0.000360405,1
actual,26,76,scatter_recursive_doubling_allgather,0,2048,32,0.565577719,0.000276161,0.000160381,0.000396646,1
actual,27,77,scatter_recursive_doubling_allgather,0,2048,32,0.606121359,0.000295958,0.000164448,0.000437692,1
actual,28,78,scatter_recursive_doubling_allgather,0,2048,32,0.579174254,0.000282800,0.000193262,0.000380783,1
actual,29,79,scatter_recursive_doubling_allgather,0,2048,32,0.563016881,0.000274911,0.000182121,0.000427300,1
actual,30,80,scatter_recursive_doubling_allgather,0,2048,32,0.517043634,0.000252463,0.000166642,0.000368988,1
actual,31,81,scatter_recursive_doubling_allgather,0,2048,32,0.558310151,0.000272612,0.000178534,0.000425356,1
actual,32,82,scatter_recursive_doubling_allgather,0,2048,32,0.572373471,0.000279479,0.000170018,0.000512592,1
actual,33,83,scatter_recursive_doubling_allgather,0,2048,32,0.618322684,0.000301915,0.000171441,0.000425875,1
actual,34,84,scatter_recursive_doubling_allgather,0,2048,32,0.585605052,0.000285940,0.000157765,0.000433181,1
actual,35,85,scatter_recursive_doubling_allgather,0,2048,32,0.557634026,0.000272282,0.000179286,0.000408438,1
actual,36,86,scatter_recursive_doubling_allgather,0,2048,32,0.585144889,0.000285715,0.000192380,0.000405722,1
actual,37,87,scatter_recursive_doubling_allgather,0,2048,32,0.572500056,0.000279541,0.000181470,0.000406003,1
actual,38,88,scatter_recursive_doubling_allgather,0,2048,32,0.519598578,0.000253710,0.000166291,0.000373791,1
actual,39,89,scatter_recursive_doubling_allgather,0,2048,32,0.536128480,0.000261781,0.000173916,0.000401304,1
actual,40,90,scatter_recursive_doubling_allgather,0,2048,32,0.581061201,0.000283721,0.000186209,0.000422664,1
actual,41,91,scatter_recursive_doubling_allgather,0,2048,32,0.549024206,0.000268078,0.000170940,0.000409600,1
actual,42,92,scatter_recursive_doubling_allgather,0,2048,32,0.528399764,0.000258008,0.000174927,0.000371378,1
actual,43,93,scatter_recursive_doubling_allgather,0,2048,32,0.547838202,0.000267499,0.000168806,0.000419857,1
actual,44,94,scatter_recursive_doubling_allgather,0,2048,32,0.540714204,0.000264021,0.000181300,0.000395263,1
actual,45,95,scatter_recursive_doubling_allgather,0,2048,32,0.543544271,0.000265402,0.000170038,0.000422643,1
actual,46,96,scatter_recursive_doubling_allgather,0,2048,32,0.509101980,0.000248585,0.000164969,0.000360817,1
actual,47,97,scatter_recursive_doubling_allgather,0,2048,32,0.568258380,0.000277470,0.000181560,0.000395253,1
actual,48,98,scatter_recursive_doubling_allgather,0,2048,32,0.556959786,0.000271953,0.000182812,0.000389136,1
actual,49,99,scatter_recursive_doubling_allgather,0,2048,32,0.544678842,0.000265956,0.000173795,0.000426310,1
warmup,0,0,scatter_recursive_doubling_allgather,0,2048,48,0.573775300,0.000280164,0.000187631,0.000389211,1
warmup,1,1,scatter_recursive_doubling_allgather,0,2048,48,0.559056418,0.000272977,0.000184836,0.000402786,1
warmup,2,2,scatter_recursive_doubling_allgather,0,2048,48,0.562795088,0.000274802,0.000184506,0.000404068,1
warmup,3,3,scatter_recursive_doubling_allgather,0,2048,48,0.587838221,0.000287030,0.000186378,0.000429707,1
warmup,4,4,scatter_recursive_doubling_allgather,0,2048,48,0.566889844,0.000276802,0.000193174,0.000384671,1
warmup,5,5,scatter_recursive_doubling_allgather,0,2048,48,0.555900800,0.000271436,0.000175508,0.000374201,1
warmup,6,6,scatter_recursive_doubling_allgather,0,2048,48,0.523566928,0.000255648,0.000166782,0.000380575,1
warmup,7,7,scatter_recursive_doubling_allgather,0,2048,48,0.546919801,0.000267051,0.000172332,0.000401444,1
warmup,8,8,scatter_recursive_doubling_allgather,0,2048,48,0.541292203,0.000264303,0.000182311,0.000383361,1
warmup,9,9,scatter_recursive_doubling_allgather,0,2048,48,0.531800657,0.000259668,0.000171290,0.000404440,1
warmup,10,10,scatter_recursive_doubling_allgather,0,2048,48,0.541109915,0.000264214,0.000172994,0.000377370,1
warmup,11,11,scatter_recursive_doubling_allgather,0,2048,48,0.542949662,0.000265112,0.000171311,0.000397986,1
warmup,12,12,scatter_recursive_doubling_allgather,0,2048,48,0.550453604,0.000268776,0.000182962,0.000391495,1
warmup,13,13,scatter_recursive_doubling_allgather,0,2048,48,0.536895916,0.000262156,0.000170318,0.000393955,1
warmup,14,14,scatter_recursive_doubling_allgather,0,2048,48,0.517496177,0.000252684,0.000172953,0.000360077,1
warmup,15,15,scatter_recursive_doubling_allgather,0,2048,48,0.537890998,0.000262642,0.000173665,0.000388359,1
warmup,16,16,scatter_recursive_doubling_allgather,0,2048,48,0.525147467,0.000256420,0.000169607,0.000372856,1
warmup,17,17,scatter_recursive_doubling_allgather,0,2048,48,0.532220285,0.000259873,0.000162254,0.000387648,1
warmup,18,18,scatter_recursive_doubling_allgather,0,2048,48,0.562901501,0.000274854,0.000153678,0.000397007,1
warmup,19,19,scatter_recursive_doubling_allgather,0,2048,48,0.568655131,0.000277664,0.000188723,0.000404470,1
warmup,20,20,scatter_recursive_doubling_allgather,0,2048,48,0.550300921,0.000268702,0.000178344,0.000394712,1
warmup,21,21,scatter_recursive_doubling_allgather,0,2048,48,0.585304285,0.000285793,0.000180166,0.000410030,1
warmup,22,22,scatter_recursive_doubling_allgather,0,2048,48,0.556195985,0.000271580,0.000170650,0.000393058,1
warmup,23,23,scatter_recursive_doubling_allgather,0,2048,48,0.581611677,0.000283990,0.000184966,0.000406021,1
warmup,24,24,scatter_recursive_doubling_allgather,0,2048,48,0.570299692,0.000278467,0.000186830,0.000404100,1
warmup,25,25,scatter_recursive_doubling_allgather,0,2048,48,0.529469070,0.000258530,0.000169097,0.000394318,1
warmup,26,26,scatter_recursive_doubling_allgather,0,2048,48,0.549357473,0.000268241,0.000187310,0.000405139,1
warmup,27,27,scatter_recursive_doubling_allgather,0,2048,48,0.553672119,0.000270348,0.000170840,0.000401375,1
warmup,28,28,scatter_recursive_doubling_allgather,0,2048,48,0.536340308,0.000261885,0.000166341,0.000362952,1
warmup,29,29,scatter_recursive_doubling_allgather,0,2048,48,0.600757630,0.000293339,0.000174226,0.000406972,1
warmup,30,30,scatter_recursive_doubling_allgather,0,2048,48,0.552925553,0.000269983,0.000177733,0.000370474,1
warmup,31,31,scatter_recursive_doubling_allgather,0,2048,48,0.538570013,0.000262974,0.000173475,0.000374190,1
warmup,32,32,scatter_recursive_doubling_allgather,0,2048,48,0.543823888,0.000265539,0.000175609,0.000379633,1
warmup,33,33,scatter_recursive_doubling_allgather,0,2048,48,0.580236274,0.000283318,0.000183984,0.000417495,1
warmup,34,34,scatter_recursive_doubling_allgather,0,2048,48,0.546852148,0.000267018,0.000187241,0.000379362,1
warmup,35,35,scatter_recursive_doubling_allgather,0,2048,48,0.559050539,0.000272974,0.000179145,0.000392668,1
warmup,36,36,scatter_recursive_doubling_allgather,0,2048,48,0.516469237,0.000252182,0.000166793,0.000376648,1
warmup,37,37,scatter_recursive_doubling_allgather,0,2048,48,0.592914524,0.000289509,0.000190327,0.000412369,1
warmup,38,38,scatter_recursive_doubling_allgather,0,2048,48,0.532118574,0.000259824,0.000179757,0.000393839,1
warmup,39,39,scatter_recursive_doubling_allgather,0,2048,48,0.538598509,0.000262988,0.000160541,0.000381597,1
warmup,40,40,scatter_recursive_doubling_allgather,0,2048,48,0.566696379,0.000276707,0.000174788,0.000395022,1
warmup,41,41,scatter_recursive_doubling_allgather,0,2048,48,0.537050469,0.000262232,0.000177332,0.000399950,1
warmup,42,42,scatter_recursive_doubling_allgather,0,2048,48,0.550186886,0.000268646,0.000183243,0.000378379,1
warmup,43,43,scatter_recursive_doubling_allgather,0,2048,48,0.548834964,0.000267986,0.000172853,0.000395403,1
warmup,44,44,scatter_recursive_doubling_allgather,0,2048,48,0.521414053,0.000254597,0.000166491,0.000391224,1
warmup,45,45,scatter_recursive_doubling_allgather,0,2048,48,0.545642676,0.000266427,0.000178073,0.000384712,1
warmup,46,46,scatter_recursive_doubling_allgather,0,2048,48,0.558401212,0.000272657,0.000182401,0.000385826,1
warmup,47,47,scatter_recursive_doubling_allgather,0,2048,48,0.554057540,0.000270536,0.000177532,0.000440587,1
warmup,48,48,scatter_recursive_doubling_allgather,0,2048,48,0.573829727,0.000280190,0.000193181,0.000406244,1
warmup,49,49,scatter_recursive_doubling_allgather,0,2048,48,0.551195636,0.000269138,0.000178935,0.000422896,1
actual,0,50,scatter_recursive_doubling_allgather,0,2048,48,0.566651811,0.000276685,0.000178554,0.000412433,1
actual,1,51,scatter_recursive_doubling_allgather,0,2048,48,0.565266597,0.000276009,0.000174978,0.000452327,1
actual,2,52,scatter_recursive_doubling_allgather,0,2048,48,0.580154843,0.000283279,0.000187591,0.000384823,1
actual,3,53,scatter_recursive_doubling_allgather,0,2048,48,0.539525129,0.000263440,0.000167734,0.000409287,1
actual,4,54,scatter_recursive_doubling_allgather,0,2048,48,0.549825190,0.000268469,0.000175839,0.000396901,1
actual,5,55,scatter_recursive_doubling_allgather,0,2048,48,0.547564994,0.000267366,0.000174156,0.000398940,1
actual,6,56,scatter_recursive_doubling_allgather,0,2048,48,0.546690421,0.000266939,0.000175930,0.000425408,1
actual,7,57,scatter_recursive_doubling_allgather,0,2048,48,0.546157792,0.000266679,0.000178594,0.000396255,1
actual,8,58,scatter_recursive_doubling_allgather,0,2048,48,0.535888648,0.000261664,0.000176871,0.000384534,1
actual,9,59,scatter_recursive_doubling_allgather,0,2048,48,0.553848166,0.000270434,0.000174367,0.000435747,1
actual,10,60,scatter_recursive_doubling_allgather,0,2048,48,0.515275019,0.000251599,0.000160781,0.000395863,1
actual,11,61,scatter_recursive_doubling_allgather,0,2048,48,0.553932525,0.000270475,0.000179886,0.000408919,1
actual,12,62,scatter_recursive_doubling_allgather,0,2048,48,0.563580519,0.000275186,0.000188012,0.000403007,1
actual,13,63,scatter_recursive_doubling_allgather,0,2048,48,0.528744608,0.000258176,0.000171301,0.000381878,1
actual,14,64,scatter_recursive_doubling_allgather,0,2048,48,0.544039075,0.000265644,0.000183453,0.000406864,1
actual,15,65,scatter_recursive_doubling_allgather,0,2048,48,0.537701756,0.000262550,0.000174136,0.000426490,1
actual,16,66,scatter_recursive_doubling_allgather,0,2048,48,0.547988581,0.000267573,0.000184616,0.000359505,1
actual,17,67,scatter_recursive_doubling_allgather,0,2048,48,0.598536204,0.000292254,0.000195025,0.000412184,1
actual,18,68,scatter_recursive_doubling_allgather,0,2048,48,0.528851000,0.000258228,0.000171691,0.000377530,1
actual,19,69,scatter_recursive_doubling_allgather,0,2048,48,0.589214162,0.000287702,0.000182552,0.000423494,1
actual,20,70,scatter_recursive_doubling_allgather,0,2048,48,0.570780537,0.000278701,0.000190367,0.000379292,1
actual,21,71,scatter_recursive_doubling_allgather,0,2048,48,0.546974897,0.000267078,0.000170840,0.000408936,1
actual,22,72,scatter_recursive_doubling_allgather,0,2048,48,0.508377749,0.000248231,0.000163576,0.000380415,1
actual,23,73,scatter_recursive_doubling_allgather,0,2048,48,0.597768112,0.000291879,0.000203271,0.000420259,1
actual,24,74,scatter_recursive_doubling_allgather,0,2048,48,0.534372524,0.000260924,0.000171061,0.000383034,1
actual,25,75,scatter_recursive_doubling_allgather,0,2048,48,0.561838810,0.000274335,0.000175689,0.000413958,1
actual,26,76,scatter_recursive_doubling_allgather,0,2048,48,0.606659434,0.000296220,0.000184957,0.000435117,1
actual,27,77,scatter_recursive_doubling_allgather,0,2048,48,0.548470843,0.000267808,0.000186239,0.000364865,1
actual,28,78,scatter_recursive_doubling_allgather,0,2048,48,0.551780859,0.000269424,0.000166312,0.000427563,1
actual,29,79,scatter_recursive_doubling_allgather,0,2048,48,0.594964064,0.000290510,0.000195666,0.000427572,1
actual,30,80,scatter_recursive_doubling_allgather,0,2048,48,0.561009563,0.000273930,0.000176030,0.000410341,1
actual,31,81,scatter_recursive_doubling_allgather,0,2048,48,0.548743445,0.000267941,0.000179476,0.000399050,1
actual,32,82,scatter_recursive_doubling_allgather,0,2048,48,0.556931050,0.000271939,0.000172303,0.000396705,1
actual,33,83,scatter_recursive_doubling_allgather,0,2048,48,0.580004289,0.000283205,0.000190196,0.000408759,1
actual,34,84,scatter_recursive_doubling_allgather,0,2048,48,0.522933457,0.000255339,0.000165871,0.000379554,1
actual,35,85,scatter_recursive_doubling_allgather,0,2048,48,0.550553024,0.000268825,0.000180377,0.000432399,1
actual,36,86,scatter_recursive_doubling_allgather,0,2048,48,0.550965336,0.000269026,0.000180127,0.000393839,1
actual,37,87,scatter_recursive_doubling_allgather,0,2048,48,0.541728197,0.000264516,0.000184505,0.000366719,1
actual,38,88,scatter_recursive_doubling_allgather,0,2048,48,0.548906420,0.000268021,0.000177082,0.000380063,1
actual,39,89,scatter_recursive_doubling_allgather,0,2048,48,0.563382138,0.000275089,0.000181620,0.000388761,1
actual,40,90,scatter_recursive_doubling_allgather,0,2048,48,0.564937656,0.000275848,0.000179165,0.000414146,1
actual,41,91,scatter_recursive_doubling_allgather,0,2048,48,0.585785030,0.000286028,0.000184345,0.000441090,1
actual,42,92,scatter_recursive_doubling_allgather,0,2048,48,0.639099566,0.000312060,0.000173605,0.000462400,1
actual,43,93,scatter_recursive_doubling_allgather,0,2048,48,0.604822166,0.000295323,0.000196768,0.000415830,1
actual,44,94,scatter_recursive_doubling_allgather,0,2048,48,0.559967827,0.000273422,0.000190497,0.000400711,1
actual,45,95,scatter_recursive_doubling_allgather,0,2048,48,0.643654627,0.000314284,0.000209272,0.000440226,1
actual,46,96,scatter_recursive_doubling_allgather,0,2048,48,0.524231280,0.000255972,0.000175539,0.000374001,1
actual,47,97,scatter_recursive_doubling_allgather,0,2048,48,0.552543965,0.000269797,0.000171281,0.000405551,1
actual,48,98,scatter_recursive_doubling_allgather,0,2048,48,0.540726215,0.000264026,0.000176461,0.000407255,1
actual,49,99,scatter_recursive_doubling_allgather,0,2048,48,0.540799761,0.000264062,0.000182101,0.000380436,1
warmup,0,0,scatter_recursive_doubling_allgather,0,2048,64,0.523495204,0.000255613,0.000165640,0.000370445,1
warmup,1,1,scatter_recursive_doubling_allgather,0,2048,64,0.559410437,0.000273150,0.000181059,0.000414072,1
warmup,2,2,scatter_recursive_doubling_allgather,0,2048,64,0.538587130,0.000262982,0.000164077,0.000403928,1
warmup,3,3,scatter_recursive_doubling_allgather,0,2048,64,0.544734160,0.000265983,0.000177843,0.000392328,1
warmup,4,4,scatter_recursive_doubling_allgather,0,2048,64,0.521843819,0.000254807,0.000177783,0.000355496,1
warmup,5,5,scatter_recursive_doubling_allgather,0,2048,64,0.552367556,0.000269711,0.000176009,0.000396803,1
warmup,6,6,scatter_recursive_doubling_allgather,0,2048,64,0.548216223,0.000267684,0.000183003,0.000391896,1
warmup,7,7,scatter_recursive_doubling_allgather,0,2048,64,0.553181169,0.000270108,0.000180538,0.000404050,1
warmup,8,8,scatter_recursive_doubling_allgather,0,2048,64,0.539575306,0.000263465,0.000179426,0.000422075,1
warmup,9,9,scatter_recursive_doubling_allgather,0,2048,64,0.573391265,0.000279976,0.000207508,0.000422323,1
warmup,10,10,scatter_recursive_doubling_allgather,0,2048,64,0.594338107,0.000290204,0.000190797,0.000407804,1
warmup,11,11,scatter_recursive_doubling_allgather,0,2048,64,0.633893897,0.000309519,0.000210454,0.000424989,1
warmup,12,12,scatter_recursive_doubling_allgather,0,2048,64,0.532918892,0.000260214,0.000191319,0.000389251,1
warmup,13,13,scatter_recursive_doubling_allgather,0,2048,64,0.538183255,0.000262785,0.000195556,0.000409699,1
warmup,14,14,scatter_recursive_doubling_allgather,0,2048,64,0.570824127,0.000278723,0.000170358,0.000388059,1
warmup,15,15,scatter_recursive_doubling_allgather,0,2048,64,0.541512991,0.000264411,0.000183443,0.000389460,1
warmup,16,16,scatter_recursive_doubling_allgather,0,2048,64,0.758509334,0.000370366,0.000136507,0.000512912,1
warmup,17,17,scatter_recursive_doubling_allgather,0,2048,64,0.592480836,0.000289297,0.000187040,0.000437186,1
warmup,18,18,scatter_recursive_doubling_allgather,0,2048,64,0.522435832,0.000255096,0.000168957,0.000378232,1
warmup,19,19,scatter_recursive_doubling_allgather,0,2048,64,0.532369140,0.000259946,0.000167464,0.000414037,1
warmup,20,20,scatter_recursive_doubling_allgather,0,2048,64,0.581079713,0.000283730,0.000191619,0.000394551,1
warmup,21,21,scatter_recursive_doubling_allgather,0,2048,64,0.552070113,0.000269565,0.000179346,0.000392938,1
warmup,22,22,scatter_recursive_doubling_allgather,0,2048,64,0.561605610,0.000274221,0.000183373,0.000416861,1
warmup,23,23,scatter_recursive_doubling_allgather,0,2048,64,0.587837015,0.000287030,0.000184836,0.000413979,1
warmup,24,24,scatter_recursive_doubling_allgather,0,2048,64,0.534092826,0.000260788,0.000180378,0.000369243,1
warmup,25,25,scatter_recursive_doubling_allgather,0,2048,64,0.594673184,0.000290368,0.000169428,0.000426300,1
warmup,26,26,scatter_recursive_doubling_allgather,0,2048,64,0.543366047,0.000265315,0.000178003,0.000371708,1
warmup,27,27,scatter_recursive_doubling_allgather,0,2048,64,0.574978306,0.000280751,0.000180668,0.000420086,1
warmup,28,28,scatter_recursive_doubling_allgather,0,2048,64,0.572479616,0.000279531,0.000159138,0.000414670,1
warmup,29,29,scatter_recursive_doubling_allgather,0,2048,64,0.551589660,0.000269331,0.000172553,0.000411961,1
warmup,30,30,scatter_recursive_doubling_allgather,0,2048,64,0.531777113,0.000259657,0.000176089,0.000371553,1
warmup,31,31,scatter_recursive_doubling_allgather,0,2048,64,0.536326229,0.000261878,0.000168365,0.000391263,1
warmup,32,32,scatter_recursive_doubling_allgather,0,2048,64,0.558637613,0.000272772,0.000180758,0.000411701,1
warmup,33,33,scatter_recursive_doubling_allgather,0,2048,64,0.577342123,0.000281905,0.000192561,0.000419363,1
warmup,34,34,scatter_recursive_doubling_allgather,0,2048,64,0.549731214,0.000268423,0.000172162,0.000386697,1
warmup,35,35,scatter_recursive_doubling_allgather,0,2048,64,0.535064404,0.000261262,0.000171812,0.000432272,1
warmup,36,36,scatter_recursive_doubling_allgather,0,2048,64,0.526685838,0.000257171,0.000184335,0.000361630,1
warmup,37,37,scatter_recursive_doubling_allgather,0,2048,64,0.546725283,0.000266956,0.000174036,0.000383932,1
warmup,38,38,scatter_recursive_doubling_allgather,0,2048,64,0.591657730,0.000288895,0.000192189,0.000391985,1
warmup,39,39,scatter_recursive_doubling_allgather,0,2048,64,0.550501989,0.000268800,0.000196266,0.000406208,1
warmup,40,40,scatter_recursive_doubling_allgather,0,2048,64,0.529727585,0.000258656,0.000174807,0.000372144,1
warmup,41,41,scatter_recursive_doubling_allgather,0,2048,64,0.539756703,0.000263553,0.000174056,0.000396563,1
warmup,42,42,scatter_recursive_doubling_allgather,0,2048,64,0.535783390,0.000261613,0.000177803,0.000388209,1
warmup,43,43,scatter_recursive_doubling_allgather,0,2048,64,0.538233920,0.000262810,0.000189635,0.000369522,1
warmup,44,44,scatter_recursive_doubling_allgather,0,2048,64,0.539447426,0.000263402,0.000179316,0.000382337,1
warmup,45,45,scatter_recursive_doubling_allgather,0,2048,64,0.592608429,0.000289360,0.000190286,0.000410302,1
warmup,46,46,scatter_recursive_doubling_allgather,0,2048,64,0.539887266,0.000263617,0.000186570,0.000374173,1
warmup,47,47,scatter_recursive_doubling_allgather,0,2048,64,0.583861017,0.000285088,0.000188853,0.000417134,1
warmup,48,48,scatter_recursive_doubling_allgather,0,2048,64,0.563149269,0.000274975,0.000212208,0.000398458,1
warmup,49,49,scatter_recursive_doubling_allgather,0,2048,64,0.546846757,0.000267015,0.000180738,0.000382587,1
actual,0,50,scatter_recursive_doubling_allgather,0,2048,64,0.529134087,0.000258366,0.000181520,0.000389160,1
actual,1,51,scatter_recursive_doubling_allgather,0,2048,64,0.536013539,0.000261725,0.000180107,0.000378721,1
actual,2,52,scatter_recursive_doubling_allgather,0,2048,64,0.522996281,0.000255369,0.000170309,0.000391075,1
actual,3,53,scatter_recursive_doubling_allgather,0,2048,64,0.545322926,0.000266271,0.000181229,0.000388515,1
actual,4,54,scatter_recursive_doubling_allgather,0,2048,64,0.559728361,0.000273305,0.000159969,0.000410621,1
actual,5,55,scatter_recursive_doubling_allgather,0,2048,64,0.559746272,0.000273314,0.000172493,0.000415099,1
actual,6,56,scatter_recursive_doubling_allgather,0,2048,64,0.783112384,0.000382379,0.000194234,0.000491130,1
actual,7,57,scatter_recursive_doubling_allgather,0,2048,64,0.545261288,0.000266241,0.000174276,0.000380313,1
actual,8,58,scatter_recursive_doubling_allgather,0,2048,64,0.526847915,0.000257250,0.000178384,0.000409709,1
actual,9,59,scatter_recursive_doubling_allgather,0,2048,64,0.567097767,0.000276903,0.000199774,0.000407595,1
actual,10,60,scatter_recursive_doubling_allgather,0,2048,64,0.539775269,0.000263562,0.000169959,0.000393148,1
actual,11,61,scatter_recursive_doubling_allgather,0,2048,64,0.543384167,0.000265324,0.000169477,0.000408947,1
actual,12,62,scatter_recursive_doubling_allgather,0,2048,64,0.556662314,0.000271808,0.000183804,0.000395662,1
actual,13,63,scatter_recursive_doubling_allgather,0,2048,64,0.536175441,0.000261804,0.000170890,0.000383270,1
actual,14,64,scatter_recursive_doubling_allgather,0,2048,64,0.529032456,0.000258317,0.000180187,0.000361488,1
actual,15,65,scatter_recursive_doubling_allgather,0,2048,64,0.536396257,0.000261912,0.000182823,0.000364746,1
actual,16,66,scatter_recursive_doubling_allgather,0,2048,64,0.546554582,0.000266872,0.000180388,0.000387453,1
actual,17,67,scatter_recursive_doubling_allgather,0,2048,64,0.562169177,0.000274497,0.000172734,0.000408291,1
actual,18,68,scatter_recursive_doubling_allgather,0,2048,64,0.524121688,0.000255919,0.000175569,0.000376326,1
actual,19,69,scatter_recursive_doubling_allgather,0,2048,64,0.563244113,0.000275022,0.000190447,0.000392867,1
actual,20,70,scatter_recursive_doubling_allgather,0,2048,64,0.539138996,0.000263251,0.000180839,0.000392856,1
actual,21,71,scatter_recursive_doubling_allgather,0,2048,64,0.552110753,0.000269585,0.000183002,0.000402641,1
actual,22,72,scatter_recursive_doubling_allgather,0,2048,64,0.567574156,0.000277136,0.000158688,0.000406614,1
actual,23,73,scatter_recursive_doubling_allgather,0,2048,64,0.578085219,0.000282268,0.000193492,0.000435437,1
actual,24,74,scatter_recursive_doubling_allgather,0,2048,64,0.534941304,0.000261202,0.000179106,0.000397356,1
actual,25,75,scatter_recursive_doubling_allgather,0,2048,64,0.535077998,0.000261269,0.000183854,0.000390894,1
actual,26,76,scatter_recursive_doubling_allgather,0,2048,64,0.540589271,0.000263960,0.000179716,0.000370284,1
actual,27,77,scatter_recursive_doubling_allgather,0,2048,64,0.549990063,0.000268550,0.000181580,0.000418421,1
actual,28,78,scatter_recursive_doubling_allgather,0,2048,64,0.532757783,0.000260136,0.000165049,0.000375955,1
actual,29,79,scatter_recursive_doubling_allgather,0,2048,64,0.553358170,0.000270194,0.000176440,0.000403342,1
actual,30,80,scatter_recursive_doubling_allgather,0,2048,64,0.541930230,0.000264614,0.000170089,0.000370607,1
actual,31,81,scatter_recursive_doubling_allgather,0,2048,64,0.583301076,0.000284815,0.000195186,0.000398209,1
actual,32,82,scatter_recursive_doubling_allgather,0,2048,64,0.528169771,0.000257895,0.000178474,0.000353323,1
actual,33,83,scatter_recursive_doubling_allgather,0,2048,64,0.544165688,0.000265706,0.000178865,0.000398879,1
actual,34,84,scatter_recursive_doubling_allgather,0,2048,64,0.527692539,0.000257662,0.000174146,0.000360949,1
actual,35,85,scatter_recursive_doubling_allgather,0,2048,64,0.535429792,0.000261440,0.000185447,0.000411341,1
actual,36,86,scatter_recursive_doubling_allgather,0,2048,64,0.551948791,0.000269506,0.000184476,0.000390665,1
actual,37,87,scatter_recursive_doubling_allgather,0,2048,64,0.547861929,0.000267511,0.000182942,0.000461434,1
actual,38,88,scatter_recursive_doubling_allgather,0,2048,64,0.535967671,0.000261703,0.000179106,0.000419487,1
actual,39,89,scatter_recursive_doubling_allgather,0,2048,64,0.542478831,0.000264882,0.000187391,0.000404130,1
actual,40,90,scatter_recursive_doubling_allgather,0,2048,64,0.531546538,0.000259544,0.000176601,0.000393760,1
actual,41,91,scatter_recursive_doubling_allgather,0,2048,64,0.540141717,0.000263741,0.000188913,0.000363421,1
actual,42,92,scatter_recursive_doubling_allgather,0,2048,64,0.551321754,0.000269200,0.000175669,0.000380435,1
actual,43,93,scatter_recursive_doubling_allgather,0,2048,64,0.552842242,0.000269943,0.000185227,0.000411020,1
actual,44,94,scatter_recursive_doubling_allgather,0,2048,64,0.528206198,0.000257913,0.000176942,0.000370576,1
actual,45,95,scatter_recursive_doubling_allgather,0,2048,64,0.557168048,0.000272055,0.000191599,0.000396633,1
actual,46,96,scatter_recursive_doubling_allgather,0,2048,64,0.532371453,0.000259947,0.000181189,0.000374599,1
actual,47,97,scatter_recursive_doubling_allgather,0,2048,64,0.555407533,0.000271195,0.000179866,0.000450673,1
actual,48,98,scatter_recursive_doubling_allgather,0,2048,64,0.538594037,0.000262985,0.000174968,0.000393865,1
actual,49,99,scatter_recursive_doubling_allgather,0,2048,64,0.568456589,0.000277567,0.000178755,0.000407807,1
warmup,0,0,scatter_recursive_doubling_allgather,0,2048,96,6.071138423,0.002964423,0.000071123,0.003047937,1
warmup,1,1,scatter_recursive_doubling_allgather,0,2048,96,0.530681218,0.000259122,0.000167424,0.000405000,1
warmup,2,2,scatter_recursive_doubling_allgather,0,2048,96,0.550164335,0.000268635,0.000184805,0.000395661,1
warmup,3,3,scatter_recursive_doubling_allgather,0,2048,96,0.556673199,0.000271813,0.000175749,0.000522790,1
warmup,4,4,scatter_recursive_doubling_allgather,0,2048,96,0.544460630,0.000265850,0.000175087,0.000455874,1
warmup,5,5,scatter_recursive_doubling_allgather,0,2048,96,0.554689667,0.000270845,0.000177813,0.000400413,1
warmup,6,6,scatter_recursive_doubling_allgather,0,2048,96,0.522746206,0.000255247,0.000173504,0.000355043,1
warmup,7,7,scatter_recursive_doubling_allgather,0,2048,96,0.589301650,0.000287745,0.000197410,0.000465965,1
warmup,8,8,scatter_recursive_doubling_allgather,0,2048,96,0.594505718,0.000290286,0.000206649,0.000427643,1
warmup,9,9,scatter_recursive_doubling_allgather,0,2048,96,0.558322692,0.000272619,0.000184917,0.000405601,1
warmup,10,10,scatter_recursive_doubling_allgather,0,2048,96,0.527707394,0.000257670,0.000168856,0.000387444,1
warmup,11,11,scatter_recursive_doubling_allgather,0,2048,96,0.575691315,0.000281099,0.000189755,0.000409617,1
warmup,12,12,scatter_recursive_doubling_allgather,0,2048,96,0.549583066,0.000268351,0.000182762,0.000373682,1
warmup,13,13,scatter_recursive_doubling_allgather,0,2048,96,0.591327568,0.000288734,0.000194824,0.000394409,1
warmup,14,14,scatter_recursive_doubling_allgather,0,2048,96,0.539935103,0.000263640,0.000187130,0.000365126,1
warmup,15,15,scatter_recursive_doubling_allgather,0,2048,96,0.553219720,0.000270127,0.000193482,0.000389502,1
warmup,16,16,scatter_recursive_doubling_allgather,0,2048,96,0.533242944,0.000260373,0.000175038,0.000406784,1
warmup,17,17,scatter_recursive_doubling_allgather,0,2048,96,0.557559832,0.000272246,0.000175438,0.000397918,1
warmup,18,18,scatter_recursive_doubling_allgather,0,2048,96,0.542036946,0.000264666,0.000182762,0.000399540,1
warmup,19,19,scatter_recursive_doubling_allgather,0,2048,96,0.530667608,0.000259115,0.000186800,0.000390332,1
warmup,20,20,scatter_recursive_doubling_allgather,0,2048,96,0.521508799,0.000254643,0.000170559,0.000371970,1
warmup,21,21,scatter_recursive_doubling_allgather,0,2048,96,0.542282330,0.000264786,0.000175999,0.000384841,1
warmup,22,22,scatter_recursive_doubling_allgather,0,2048,96,0.599580962,0.000292764,0.000193622,0.000408198,1
warmup,23,23,scatter_recursive_doubling_allgather,0,2048,96,0.555194062,0.000271091,0.000185808,0.000386335,1
warmup,24,24,scatter_recursive_doubling_allgather,0,2048,96,0.534331838,0.000260904,0.000169497,0.000362341,1
warmup,25,25,scatter_recursive_doubling_allgather,0,2048,96,0.579689914,0.000283052,0.000178203,0.000441028,1
warmup,26,26,scatter_recursive_doubling_allgather,0,2048,96,0.552604776,0.000269827,0.000179586,0.000384583,1
warmup,27,27,scatter_recursive_doubling_allgather,0,2048,96,0.580518700,0.000283456,0.000189505,0.000408235,1
warmup,28,28,scatter_recursive_doubling_allgather,0,2048,96,0.529720441,0.000258653,0.000172002,0.000398016,1
warmup,29,29,scatter_recursive_doubling_allgather,0,2048,96,0.544979495,0.000266103,0.000181941,0.000373390,1
warmup,30,30,scatter_recursive_doubling_allgather,0,2048,96,0.527476621,0.000257557,0.000177883,0.000378250,1
warmup,31,31,scatter_recursive_doubling_allgather,0,2048,96,0.550947374,0.000269017,0.000183213,0.000401148,1
warmup,32,32,scatter_recursive_doubling_allgather,0,2048,96,0.528895165,0.000258250,0.000177843,0.000374020,1
warmup,33,33,scatter_recursive_doubling_allgather,0,2048,96,0.564761943,0.000275763,0.000185828,0.000415215,1
warmup,34,34,scatter_recursive_doubling_allgather,0,2048,96,0.521068582,0.000254428,0.000174978,0.000375182,1
warmup,35,35,scatter_recursive_doubling_allgather,0,2048,96,0.585892642,0.000286080,0.000191620,0.000459790,1
warmup,36,36,scatter_recursive_doubling_allgather,0,2048,96,0.540311202,0.000263824,0.000180047,0.000395801,1
warmup,37,37,scatter_recursive_doubling_allgather,0,2048,96,0.554051466,0.000270533,0.000178244,0.000410312,1
warmup,38,38,scatter_recursive_doubling_allgather,0,2048,96,0.542950131,0.000265112,0.000175238,0.000396976,1
warmup,39,39,scatter_recursive_doubling_allgather,0,2048,96,0.551430883,0.000269253,0.000175108,0.000379392,1
warmup,40,40,scatter_recursive_doubling_allgather,0,2048,96,0.545424010,0.000266320,0.000186660,0.000388507,1
warmup,41,41,scatter_recursive_doubling_allgather,0,2048,96,0.564728389,0.000275746,0.000189655,0.000391675,1
warmup,42,42,scatter_recursive_doubling_allgather,0,2048,96,0.543746594,0.000265501,0.000188583,0.000379982,1
warmup,43,43,scatter_recursive_doubling_allgather,0,2048,96,0.564578627,0.000275673,0.000185407,0.000417110,1
warmup,44,44,scatter_recursive_doubling_allgather,0,2048,96,0.616996658,0.000301268,0.000183954,0.000404350,1
warmup,45,45,scatter_recursive_doubling_allgather,0,2048,96,0.562493743,0.000274655,0.000178244,0.000406903,1
warmup,46,46,scatter_recursive_doubling_allgather,0,2048,96,0.547724221,0.000267443,0.000184225,0.000372228,1
warmup,47,47,scatter_recursive_doubling_allgather,0,2048,96,0.621186151,0.000303314,0.000161071,0.000440566,1
warmup,48,48,scatter_recursive_doubling_allgather,0,2048,96,0.541876761,0.000264588,0.000184456,0.000367680,1
warmup,49,49,scatter_recursive_doubling_allgather,0,2048,96,0.572288126,0.000279438,0.000179376,0.000395594,1
actual,0,50,scatter_recursive_doubling_allgather,0,2048,96,0.521045204,0.000254417,0.000168215,0.000371485,1
actual,1,51,scatter_recursive_doubling_allgather,0,2048,96,0.553682014,0.000270353,0.000197490,0.000401885,1
actual,2,52,scatter_recursive_doubling_allgather,0,2048,96,0.545108714,0.000266166,0.000197039,0.000390439,1
actual,3,53,scatter_recursive_doubling_allgather,0,2048,96,0.544007990,0.000265629,0.000186359,0.000375139,1
actual,4,54,scatter_recursive_doubling_allgather,0,2048,96,0.518490360,0.000253169,0.000171391,0.000344057,1
actual,5,55,scatter_recursive_doubling_allgather,0,2048,96,0.581782422,0.000284073,0.000185718,0.000416968,1
actual,6,56,scatter_recursive_doubling_allgather,0,2048,96,0.590734275,0.000288444,0.000177031,0.000389332,1
actual,7,57,scatter_recursive_doubling_allgather,0,2048,96,0.534703490,0.000261086,0.000178064,0.000404675,1
actual,8,58,scatter_recursive_doubling_allgather,0,2048,96,0.520120061,0.000253965,0.000174657,0.000398165,1
actual,9,59,scatter_recursive_doubling_allgather,0,2048,96,0.565957438,0.000276346,0.000183674,0.000406704,1
actual,10,60,scatter_recursive_doubling_allgather,0,2048,96,0.805801326,0.000393458,0.000174327,0.000513154,1
actual,11,61,scatter_recursive_doubling_allgather,0,2048,96,0.559527061,0.000273207,0.000185638,0.000390201,1
actual,12,62,scatter_recursive_doubling_allgather,0,2048,96,0.533777024,0.000260633,0.000178695,0.000366799,1
actual,13,63,scatter_recursive_doubling_allgather,0,2048,96,0.569959844,0.000278301,0.000195606,0.000402245,1
actual,14,64,scatter_recursive_doubling_allgather,0,2048,96,0.569160137,0.000277910,0.000189465,0.000407695,1
actual,15,65,scatter_recursive_doubling_allgather,0,2048,96,0.601310803,0.000293609,0.000194113,0.000405731,1
actual,16,66,scatter_recursive_doubling_allgather,0,2048,96,0.533493109,0.000260495,0.000183774,0.000393240,1
actual,17,67,scatter_recursive_doubling_allgather,0,2048,96,0.528085108,0.000257854,0.000172422,0.000395641,1
actual,18,68,scatter_recursive_doubling_allgather,0,2048,96,0.521917483,0.000254843,0.000170820,0.000417635,1
actual,19,69,scatter_recursive_doubling_allgather,0,2048,96,0.589187294,0.000287689,0.000197730,0.000449855,1
actual,20,70,scatter_recursive_doubling_allgather,0,2048,96,0.559331218,0.000273111,0.000188893,0.000408274,1
actual,21,71,scatter_recursive_doubling_allgather,0,2048,96,0.550635930,0.000268865,0.000178915,0.000410751,1
actual,22,72,scatter_recursive_doubling_allgather,0,2048,96,0.595486011,0.000290765,0.000183905,0.000425388,1
actual,23,73,scatter_recursive_doubling_allgather,0,2048,96,0.551159797,0.000269121,0.000175529,0.000403087,1
actual,24,74,scatter_recursive_doubling_allgather,0,2048,96,0.521227653,0.000254506,0.000171100,0.000339046,1
actual,25,75,scatter_recursive_doubling_allgather,0,2048,96,0.554910609,0.000270952,0.000186248,0.000408920,1
actual,26,76,scatter_recursive_doubling_allgather,0,2048,96,0.521989591,0.000254878,0.000170299,0.000399161,1
actual,27,77,scatter_recursive_doubling_allgather,0,2048,96,0.560241425,0.000273555,0.000191138,0.000421188,1
actual,28,78,scatter_recursive_doubling_allgather,0,2048,96,0.536489413,0.000261958,0.000178093,0.000362070,1
actual,29,79,scatter_recursive_doubling_allgather,0,2048,96,0.527517096,0.000257577,0.000176521,0.000382887,1
actual,30,80,scatter_recursive_doubling_allgather,0,2048,96,0.556769999,0.000271860,0.000182572,0.000395613,1
actual,31,81,scatter_recursive_doubling_allgather,0,2048,96,0.544057505,0.000265653,0.000194484,0.000400583,1
actual,32,82,scatter_recursive_doubling_allgather,0,2048,96,0.542329241,0.000264809,0.000174748,0.000383810,1
actual,33,83,scatter_recursive_doubling_allgather,0,2048,96,0.540534647,0.000263933,0.000183934,0.000409779,1
actual,34,84,scatter_recursive_doubling_allgather,0,2048,96,0.545686321,0.000266448,0.000177923,0.000396181,1
actual,35,85,scatter_recursive_doubling_allgather,0,2048,96,0.571833382,0.000279216,0.000188312,0.000409259,1
actual,36,86,scatter_recursive_doubling_allgather,0,2048,96,0.536863205,0.000262140,0.000179997,0.000415037,1
actual,37,87,scatter_recursive_doubling_allgather,0,2048,96,0.605262116,0.000295538,0.000196388,0.000427301,1
actual,38,88,scatter_recursive_doubling_allgather,0,2048,96,0.573679773,0.000280117,0.000163276,0.000417813,1
actual,39,89,scatter_recursive_doubling_allgather,0,2048,96,0.548468430,0.000267807,0.000167484,0.000412054,1
actual,40,90,scatter_recursive_doubling_allgather,0,2048,96,0.634232972,0.000309684,0.000156242,0.000455897,1
actual,41,91,scatter_recursive_doubling_allgather,0,2048,96,0.566772882,0.000276745,0.000180458,0.000421666,1
actual,42,92,scatter_recursive_doubling_allgather,0,2048,96,0.566364969,0.000276545,0.000180838,0.000416433,1
actual,43,93,scatter_recursive_doubling_allgather,0,2048,96,0.566977622,0.000276845,0.000174527,0.000398208,1
actual,44,94,scatter_recursive_doubling_allgather,0,2048,96,0.530164390,0.000258869,0.000184926,0.000379913,1
actual,45,95,scatter_recursive_doubling_allgather,0,2048,96,0.576679957,0.000281582,0.000192540,0.000414447,1
actual,46,96,scatter_recursive_doubling_allgather,0,2048,96,0.517242583,0.000252560,0.000174106,0.000368191,1
actual,47,97,scatter_recursive_doubling_allgather,0,2048,96,0.553338955,0.000270185,0.000179886,0.000396555,1
actual,48,98,scatter_recursive_doubling_allgather,0,2048,96,0.532670033,0.000260093,0.000180518,0.000388721,1
actual,49,99,scatter_recursive_doubling_allgather,0,2048,96,0.552598005,0.000269823,0.000180628,0.000381455,1
warmup,0,0,scatter_recursive_doubling_allgather,0,2048,128,0.533974753,0.000260730,0.000180508,0.000386316,1
warmup,1,1,scatter_recursive_doubling_allgather,0,2048,128,0.558892475,0.000272897,0.000183153,0.000393811,1
warmup,2,2,scatter_recursive_doubling_allgather,0,2048,128,0.575727234,0.000281117,0.000185397,0.000408226,1
warmup,3,3,scatter_recursive_doubling_allgather,0,2048,128,0.542865089,0.000265071,0.000157685,0.000424607,1
warmup,4,4,scatter_recursive_doubling_allgather,0,2048,128,0.544626537,0.000265931,0.000140594,0.000365145,1
warmup,5,5,scatter_recursive_doubling_allgather,0,2048,128,0.686476603,0.000335194,0.000171832,0.000511212,1
warmup,6,6,scatter_recursive_doubling_allgather,0,2048,128,0.535873939,0.000261657,0.000190476,0.000372430,1
warmup,7,7,scatter_recursive_doubling_allgather,0,2048,128,0.546389903,0.000266792,0.000197480,0.000392586,1
warmup,8,8,scatter_recursive_doubling_allgather,0,2048,128,0.539948854,0.000263647,0.000194975,0.000372319,1
warmup,9,9,scatter_recursive_doubling_allgather,0,2048,128,0.552384685,0.000269719,0.000182722,0.000402356,1
warmup,10,10,scatter_recursive_doubling_allgather,0,2048,128,0.544525863,0.000265882,0.000184726,0.000384881,1
warmup,11,11,scatter_recursive_doubling_allgather,0,2048,128,0.566985210,0.000276848,0.000167944,0.000412641,1
warmup,12,12,scatter_recursive_doubling_allgather,0,2048,128,0.541429792,0.000264370,0.000199995,0.000377597,1
warmup,13,13,scatter_recursive_doubling_allgather,0,2048,128,0.552197979,0.000269628,0.000186960,0.000411851,1
warmup,14,14,scatter_recursive_doubling_allgather,0,2048,128,0.553200474,0.000270117,0.000180237,0.000384643,1
warmup,15,15,scatter_recursive_doubling_allgather,0,2048,128,0.579723876,0.000283068,0.000192301,0.000436150,1
warmup,16,16,scatter_recursive_doubling_allgather,0,2048,128,0.579717056,0.000283065,0.000188363,0.000406274,1
warmup,17,17,scatter_recursive_doubling_allgather,0,2048,128,0.711337099,0.000347333,0.000159710,0.000444994,1
warmup,18,18,scatter_recursive_doubling_allgather,0,2048,128,0.541503788,0.000264406,0.000186549,0.000405862,1
warmup,19,19,scatter_recursive_doubling_allgather,0,2048,128,0.599671489,0.000292808,0.000167153,0.000435045,1
warmup,20,20,scatter_recursive_doubling_allgather,0,2048,128,0.551809871,0.000269438,0.000191198,0.000400661,1
warmup,21,21,scatter_recursive_doubling_allgather,0,2048,128,0.581361775,0.000283868,0.000192410,0.000422137,1
warmup,22,22,scatter_recursive_doubling_allgather,0,2048,128,0.569052491,0.000277858,0.000179657,0.000394822,1
warmup,23,23,scatter_recursive_doubling_allgather,0,2048,128,0.608157837,0.000296952,0.000196207,0.000435566,1
warmup,24,24,scatter_recursive_doubling_allgather,0,2048,128,0.580224208,0.000283313,0.000204233,0.000393650,1
warmup,25,25,scatter_recursive_doubling_allgather,0,2048,128,0.548037707,0.000267597,0.000194384,0.000408257,1
warmup,26,26,scatter_recursive_doubling_allgather,0,2048,128,0.546298658,0.000266747,0.000175799,0.000370204,1
warmup,27,27,scatter_recursive_doubling_allgather,0,2048,128,0.550551862,0.000268824,0.000180258,0.000415922,1
warmup,28,28,scatter_recursive_doubling_allgather,0,2048,128,0.554997682,0.000270995,0.000183744,0.000367880,1
warmup,29,29,scatter_recursive_doubling_allgather,0,2048,128,0.573511256,0.000280035,0.000192771,0.000400812,1
warmup,30,30,scatter_recursive_doubling_allgather,0,2048,128,0.554707073,0.000270853,0.000182241,0.000377729,1
warmup,31,31,scatter_recursive_doubling_allgather,0,2048,128,0.541471775,0.000264391,0.000187511,0.000389269,1
warmup,32,32,scatter_recursive_doubling_allgather,0,2048,128,0.539261288,0.000263311,0.000186199,0.000381286,1
warmup,33,33,scatter_recursive_doubling_allgather,0,2048,128,0.552700964,0.000269874,0.000201548,0.000390914,1
warmup,34,34,scatter_recursive_doubling_allgather,0,2048,128,0.537604487,0.000262502,0.000194906,0.000371396,1
warmup,35,35,scatter_recursive_doubling_allgather,0,2048,128,0.560028348,0.000273451,0.000196598,0.000420912,1
warmup,36,36,scatter_recursive_doubling_allgather,0,2048,128,0.540313729,0.000263825,0.000170549,0.000388120,1
warmup,37,37,scatter_recursive_doubling_allgather,0,2048,128,0.561051324,0.000273951,0.000184095,0.000388210,1
warmup,38,38,scatter_recursive_doubling_allgather,0,2048,128,0.533487739,0.000260492,0.000185838,0.000374462,1
warmup,39,39,scatter_recursive_doubling_allgather,0,2048,128,0.542452918,0.000264870,0.000193784,0.000380634,1
warmup,40,40,scatter_recursive_doubling_allgather,0,2048,128,0.550793696,0.000268942,0.000189274,0.000388739,1
warmup,41,41,scatter_recursive_doubling_allgather,0,2048,128,0.554572260,0.000270787,0.000191058,0.000391561,1
warmup,42,42,scatter_recursive_doubling_allgather,0,2048,128,0.549852401,0.000268483,0.000198232,0.000380665,1
warmup,43,43,scatter_recursive_doubling_allgather,0,2048,128,0.556125161,0.000271545,0.000198792,0.000384251,1
warmup,44,44,scatter_recursive_doubling_allgather,0,2048,128,0.532224418,0.000259875,0.000196549,0.000362871,1
warmup,45,45,scatter_recursive_doubling_allgather,0,2048,128,0.550331743,0.000268717,0.000197650,0.000399099,1
warmup,46,46,scatter_recursive_doubling_allgather,0,2048,128,0.569927365,0.000278285,0.000177332,0.000408304,1
warmup,47,47,scatter_recursive_doubling_allgather,0,2048,128,0.559880592,0.000273379,0.000190256,0.000413161,1
warmup,48,48,scatter_recursive_doubling_allgather,0,2048,128,0.563817931,0.000275302,0.000195346,0.000394862,1
warmup,49,49,scatter_recursive_doubling_allgather,0,2048,128,0.563032675,0.000274918,0.000187431,0.000430799,1
actual,0,50,scatter_recursive_doubling_allgather,0,2048,128,0.561186398,0.000274017,0.000188052,0.000384352,1
actual,1,51,scatter_recursive_doubling_allgather,0,2048,128,0.556218271,0.000271591,0.000199133,0.000436650,1
actual,2,52,scatter_recursive_doubling_allgather,0,2048,128,0.543117530,0.000265194,0.000182972,0.000409046,1
actual,3,53,scatter_recursive_doubling_allgather,0,2048,128,0.546052155,0.000266627,0.000185968,0.000391797,1
actual,4,54,scatter_recursive_doubling_allgather,0,2048,128,0.529125637,0.000258362,0.000185518,0.000411431,1
actual,5,55,scatter_recursive_doubling_allgather,0,2048,128,0.560152660,0.000273512,0.000198963,0.000413786,1
actual,6,56,scatter_recursive_doubling_allgather,0,2048,128,0.552149608,0.000269604,0.000185617,0.000405561,1
actual,7,57,scatter_recursive_doubling_allgather,0,2048,128,0.573232322,0.000279899,0.000190857,0.000392346,1
actual,8,58,scatter_recursive_doubling_allgather,0,2048,128,0.549856712,0.000268485,0.000186900,0.000399009,1
actual,9,59,scatter_recursive_doubling_allgather,0,2048,128,0.559744121,0.000273313,0.000189776,0.000382979,1
actual,10,60,scatter_recursive_doubling_allgather,0,2048,128,0.557495801,0.000272215,0.000181039,0.000376758,1
actual,11,61,scatter_recursive_doubling_allgather,0,2048,128,0.567819387,0.000277256,0.000189174,0.000411130,1
actual,12,62,scatter_recursive_doubling_allgather,0,2048,128,0.526205815,0.000256936,0.000177742,0.000378501,1
actual,13,63,scatter_recursive_doubling_allgather,0,2048,128,0.552186970,0.000269623,0.000199834,0.000384863,1
actual,14,64,scatter_recursive_doubling_allgather,0,2048,128,0.545710148,0.000266460,0.000191489,0.000409459,1
actual,15,65,scatter_recursive_doubling_allgather,0,2048,128,0.586745624,0.000286497,0.000189054,0.000409899,1
actual,16,66,scatter_recursive_doubling_allgather,0,2048,128,0.531809258,0.000259672,0.000184846,0.000400403,1
actual,17,67,scatter_recursive_doubling_allgather,0,2048,128,0.584534674,0.000285417,0.000186219,0.000413644,1
actual,18,68,scatter_recursive_doubling_allgather,0,2048,128,0.552442919,0.000269748,0.000182351,0.000396344,1
actual,19,69,scatter_recursive_doubling_allgather,0,2048,128,0.549676277,0.000268397,0.000195897,0.000373392,1
actual,20,70,scatter_recursive_doubling_allgather,0,2048,128,0.564113919,0.000275446,0.000188293,0.000387212,1
actual,21,71,scatter_recursive_doubling_allgather,0,2048,128,0.569922439,0.000278282,0.000190617,0.000415566,1
actual,22,72,scatter_recursive_doubling_allgather,0,2048,128,0.552952175,0.000269996,0.000178965,0.000417825,1
actual,23,73,scatter_recursive_doubling_allgather,0,2048,128,0.542720378,0.000265000,0.000187231,0.000402254,1
actual,24,74,scatter_recursive_doubling_allgather,0,2048,128,0.542076047,0.000264686,0.000197299,0.000369003,1
actual,25,75,scatter_recursive_doubling_allgather,0,2048,128,0.561148763,0.000273998,0.000187972,0.000414049,1
actual,26,76,scatter_recursive_doubling_allgather,0,2048,128,0.542298626,0.000264794,0.000185497,0.000384071,1
actual,27,77,scatter_recursive_doubling_allgather,0,2048,128,0.547237342,0.000267206,0.000179406,0.000395682,1
actual,28,78,scatter_recursive_doubling_allgather,0,2048,128,0.574667761,0.000280599,0.000172683,0.000398650,1
actual,29,79,scatter_recursive_doubling_allgather,0,2048,128,0.543862022,0.000265558,0.000191819,0.000411293,1
actual,30,80,scatter_recursive_doubling_allgather,0,2048,128,0.540665919,0.000263997,0.000185968,0.000386876,1
actual,31,81,scatter_recursive_doubling_allgather,0,2048,128,0.538902108,0.000263136,0.000190206,0.000373240,1
actual,32,82,scatter_recursive_doubling_allgather,0,2048,128,0.549318064,0.000268222,0.000194434,0.000398117,1
actual,33,83,scatter_recursive_doubling_allgather,0,2048,128,0.569741535,0.000278194,0.000196949,0.000391414,1
actual,34,84,scatter_recursive_doubling_allgather,0,2048,128,0.555090456,0.000271040,0.000190207,0.000392917,1
actual,35,85,scatter_recursive_doubling_allgather,0,2048,128,0.548763108,0.000267951,0.000182672,0.000385114,1
actual,36,86,scatter_recursive_doubling_allgather,0,2048,128,0.539471000,0.000263414,0.000187852,0.000371747,1
actual,37,87,scatter_recursive_doubling_allgather,0,2048,128,0.561100422,0.000273975,0.000195396,0.000387348,1
actual,38,88,scatter_recursive_doubling_allgather,0,2048,128,0.528822569,0.000258214,0.000192030,0.000367454,1
actual,39,89,scatter_recursive_doubling_allgather,0,2048,128,0.549457976,0.000268290,0.000193683,0.000392228,1
actual,40,90,scatter_recursive_doubling_allgather,0,2048,128,0.548136267,0.000267645,0.000203781,0.000363262,1
actual,41,91,scatter_recursive_doubling_allgather,0,2048,128,0.552283235,0.000269670,0.000187751,0.000390123,1
actual,42,92,scatter_recursive_doubling_allgather,0,2048,128,0.536485314,0.000261956,0.000187822,0.000370916,1
actual,43,93,scatter_recursive_doubling_allgather,0,2048,128,0.543865054,0.000265559,0.000194965,0.000384782,1
actual,44,94,scatter_recursive_doubling_allgather,0,2048,128,0.544183923,0.000265715,0.000183052,0.000378326,1
actual,45,95,scatter_recursive_doubling_allgather,0,2048,128,0.553750012,0.000270386,0.000193613,0.000379013,1
actual,46,96,scatter_recursive_doubling_allgather,0,2048,128,0.536525254,0.000261975,0.000173996,0.000388358,1
actual,47,97,scatter_recursive_doubling_allgather,0,2048,128,0.559668334,0.000273276,0.000199383,0.000398475,1
actual,48,98,scatter_recursive_doubling_allgather,0,2048,128,0.532281084,0.000259903,0.000180368,0.000369926,1
actual,49,99,scatter_recursive_doubling_allgather,0,2048,128,0.548408275,0.000267777,0.000188423,0.000375534,1
warmup,0,0,scatter_recursive_doubling_allgather,0,2048,192,0.556253331,0.000271608,0.000207559,0.000382457,1
warmup,1,1,scatter_recursive_doubling_allgather,0,2048,192,0.568358589,0.000277519,0.000207620,0.000398858,1
warmup,2,2,scatter_recursive_doubling_allgather,0,2048,192,0.573726452,0.000280140,0.000202520,0.000365174,1
warmup,3,3,scatter_recursive_doubling_allgather,0,2048,192,0.556664763,0.000271809,0.000202440,0.000399670,1
warmup,4,4,scatter_recursive_doubling_allgather,0,2048,192,0.556246378,0.000271605,0.000200165,0.000390101,1
warmup,5,5,scatter_recursive_doubling_allgather,0,2048,192,0.567073318,0.000276891,0.000205646,0.000389121,1
warmup,6,6,scatter_recursive_doubling_allgather,0,2048,192,0.552258655,0.000269658,0.000206397,0.000378171,1
warmup,7,7,scatter_recursive_doubling_allgather,0,2048,192,0.577572966,0.000282018,0.000217317,0.000396073,1
warmup,8,8,scatter_recursive_doubling_allgather,0,2048,192,0.556288208,0.000271625,0.000201007,0.000389453,1
warmup,9,9,scatter_recursive_doubling_allgather,0,2048,192,0.555352942,0.000271168,0.000197800,0.000384742,1
warmup,10,10,scatter_recursive_doubling_allgather,0,2048,192,0.568114190,0.000277400,0.000205655,0.000400059,1
warmup,11,11,scatter_recursive_doubling_allgather,0,2048,192,0.574260459,0.000280401,0.000192911,0.000423485,1
warmup,12,12,scatter_recursive_doubling_allgather,0,2048,192,0.537865909,0.000262630,0.000189656,0.000399390,1
warmup,13,13,scatter_recursive_doubling_allgather,0,2048,192,0.569503867,0.000278078,0.000197660,0.000427643,1
warmup,14,14,scatter_recursive_doubling_allgather,0,2048,192,0.559170340,0.000273032,0.000195837,0.000408266,1
warmup,15,15,scatter_recursive_doubling_allgather,0,2048,192,0.573291759,0.000279928,0.000206888,0.000398878,1
warmup,16,16,scatter_recursive_doubling_allgather,0,2048,192,0.565372649,0.000276061,0.000198020,0.000411530,1
warmup,17,17,scatter_recursive_doubling_allgather,0,2048,192,0.572023186,0.000279308,0.000194945,0.000420780,1
warmup,18,18,scatter_recursive_doubling_allgather,0,2048,192,0.911160698,0.000444903,0.000132899,0.000566725,1
warmup,19,19,scatter_recursive_doubling_allgather,0,2048,192,0.559013150,0.000272956,0.000197009,0.000417113,1
warmup,20,20,scatter_recursive_doubling_allgather,0,2048,192,0.567503673,0.000277101,0.000220093,0.000389532,1
warmup,21,21,scatter_recursive_doubling_allgather,0,2048,192,0.569230765,0.000277945,0.000198293,0.000393878,1
warmup,22,22,scatter_recursive_doubling_allgather,0,2048,192,0.561833566,0.000274333,0.000209371,0.000381116,1
warmup,23,23,scatter_recursive_doubling_allgather,0,2048,192,0.583529062,0.000284926,0.000207128,0.000419659,1
warmup,24,24,scatter_recursive_doubling_allgather,0,2048,192,0.535871661,0.000261656,0.000194034,0.000369393,1
warmup,25,25,scatter_recursive_doubling_allgather,0,2048,192,0.559048469,0.000272973,0.000206556,0.000429456,1
warmup,26,26,scatter_recursive_doubling_allgather,0,2048,192,0.553811228,0.000270416,0.000202589,0.000378230,1
warmup,27,27,scatter_recursive_doubling_allgather,0,2048,192,0.544758557,0.000265995,0.000183633,0.000384391,1
warmup,28,28,scatter_recursive_doubling_allgather,0,2048,192,0.571946822,0.000279271,0.000192710,0.000396169,1
warmup,29,29,scatter_recursive_doubling_allgather,0,2048,192,0.564247326,0.000275511,0.000192020,0.000409468,1
warmup,30,30,scatter_recursive_doubling_allgather,0,2048,192,0.536715146,0.000262068,0.000194654,0.000372018,1
warmup,31,31,scatter_recursive_doubling_allgather,0,2048,192,0.578056399,0.000282254,0.000208831,0.000430117,1
warmup,32,32,scatter_recursive_doubling_allgather,0,2048,192,0.534161969,0.000260821,0.000194955,0.000371238,1
warmup,33,33,scatter_recursive_doubling_allgather,0,2048,192,0.573384028,0.000279973,0.000213910,0.000397906,1
warmup,34,34,scatter_recursive_doubling_allgather,0,2048,192,0.558849147,0.000272876,0.000202869,0.000378080,1
warmup,35,35,scatter_recursive_doubling_allgather,0,2048,192,0.555493124,0.000271237,0.000192742,0.000377527,1
warmup,36,36,scatter_recursive_doubling_allgather,0,2048,192,0.540386675,0.000263861,0.000196759,0.000408177,1
warmup,37,37,scatter_recursive_doubling_allgather,0,2048,192,0.565558831,0.000276152,0.000209612,0.000401844,1
warmup,38,38,scatter_recursive_doubling_allgather,0,2048,192,0.552889310,0.000269965,0.000204453,0.000381214,1
warmup,39,39,scatter_recursive_doubling_allgather,0,2048,192,0.582486667,0.000284417,0.000191408,0.000428685,1
warmup,40,40,scatter_recursive_doubling_allgather,0,2048,192,0.551349241,0.000269213,0.000207459,0.000374233,1
warmup,41,41,scatter_recursive_doubling_allgather,0,2048,192,0.563874921,0.000275330,0.000212607,0.000403126,1
warmup,42,42,scatter_recursive_doubling_allgather,0,2048,192,0.542647610,0.000264965,0.000200255,0.000392166,1
warmup,43,43,scatter_recursive_doubling_allgather,0,2048,192,0.567722687,0.000277208,0.000204693,0.000401484,1
warmup,44,44,scatter_recursive_doubling_allgather,0,2048,192,0.548524653,0.000267834,0.000197199,0.000373460,1
warmup,45,45,scatter_recursive_doubling_allgather,0,2048,192,0.565420318,0.000276084,0.000197320,0.000392193,1
warmup,46,46,scatter_recursive_doubling_allgather,0,2048,192,0.558890708,0.000272896,0.000194716,0.000397654,1
warmup,47,47,scatter_recursive_doubling_allgather,0,2048,192,0.555452324,0.000271217,0.000204613,0.000381015,1
warmup,48,48,scatter_recursive_doubling_allgather,0,2048,192,0.553585977,0.000270306,0.000198301,0.000382228,1
warmup,49,49,scatter_recursive_doubling_allgather,0,2048,192,0.581391717,0.000283883,0.000210214,0.000404829,1
actual,0,50,scatter_recursive_doubling_allgather,0,2048,192,0.557612294,0.000272272,0.000186699,0.000407895,1
actual,1,51,scatter_recursive_doubling_allgather,0,2048,192,0.569485900,0.000278069,0.000197480,0.000420378,1
actual,2,52,scatter_recursive_doubling_allgather,0,2048,192,0.563529967,0.000275161,0.000207228,0.000374664,1
actual,3,53,scatter_recursive_doubling_allgather,0,2048,192,0.569930270,0.000278286,0.000208069,0.000398668,1
actual,4,54,scatter_recursive_doubling_allgather,0,2048,192,0.564516740,0.000275643,0.000194364,0.000415789,1
actual,5,55,scatter_recursive_doubling_allgather,0,2048,192,0.571238376,0.000278925,0.000203871,0.000403528,1
actual,6,56,scatter_recursive_doubling_allgather,0,2048,192,0.549716627,0.000268416,0.000200936,0.000375613,1
actual,7,57,scatter_recursive_doubling_allgather,0,2048,192,0.557149169,0.000272045,0.000190506,0.000384177,1
actual,8,58,scatter_recursive_doubling_allgather,0,2048,192,0.596179844,0.000291103,0.000196237,0.000427253,1
actual,9,59,scatter_recursive_doubling_allgather,0,2048,192,0.554343387,0.000270675,0.000203401,0.000396685,1
actual,10,60,scatter_recursive_doubling_allgather,0,2048,192,0.549635737,0.000268377,0.000203671,0.000362159,1
actual,11,61,scatter_recursive_doubling_allgather,0,2048,192,0.560355531,0.000273611,0.000201958,0.000398148,1
actual,12,62,scatter_recursive_doubling_allgather,0,2048,192,0.550042047,0.000268575,0.000200275,0.000387316,1
actual,13,63,scatter_recursive_doubling_allgather,0,2048,192,0.561912879,0.000274372,0.000199263,0.000397186,1
actual,14,64,scatter_recursive_doubling_allgather,0,2048,192,0.554092562,0.000270553,0.000201126,0.000388940,1
actual,15,65,scatter_recursive_doubling_allgather,0,2048,192,0.564817578,0.000275790,0.000210104,0.000427243,1
actual,16,66,scatter_recursive_doubling_allgather,0,2048,192,0.549327032,0.000268226,0.000192440,0.000383662,1
actual,17,67,scatter_recursive_doubling_allgather,0,2048,192,0.560077048,0.000273475,0.000202831,0.000408627,1
actual,18,68,scatter_recursive_doubling_allgather,0,2048,192,0.544736238,0.000265984,0.000198231,0.000384983,1
actual,19,69,scatter_recursive_doubling_allgather,0,2048,192,0.565510162,0.000276128,0.000204864,0.000404790,1
actual,20,70,scatter_recursive_doubling_allgather,0,2048,192,0.566841543,0.000276778,0.000197860,0.000385914,1
actual,21,71,scatter_recursive_doubling_allgather,0,2048,192,0.568241862,0.000277462,0.000199684,0.000408789,1
actual,22,72,scatter_recursive_doubling_allgather,0,2048,192,0.565763626,0.000276252,0.000196217,0.000391275,1
actual,23,73,scatter_recursive_doubling_allgather,0,2048,192,0.569200552,0.000277930,0.000191969,0.000402116,1
actual,24,74,scatter_recursive_doubling_allgather,0,2048,192,0.556260850,0.000271612,0.000208079,0.000395121,1
actual,25,75,scatter_recursive_doubling_allgather,0,2048,192,0.701816104,0.000342684,0.000170720,0.000461046,1
actual,26,76,scatter_recursive_doubling_allgather,0,2048,192,0.534626699,0.000261048,0.000196397,0.000389810,1
actual,27,77,scatter_recursive_doubling_allgather,0,2048,192,0.578095667,0.000282273,0.000203311,0.000414217,1
actual,28,78,scatter_recursive_doubling_allgather,0,2048,192,0.557962064,0.000272442,0.000186219,0.000377800,1
actual,29,79,scatter_recursive_doubling_allgather,0,2048,192,0.568165531,0.000277425,0.000211286,0.000389874,1
actual,30,80,scatter_recursive_doubling_allgather,0,2048,192,0.553431532,0.000270230,0.000199464,0.000405491,1
actual,31,81,scatter_recursive_doubling_allgather,0,2048,192,0.550533993,0.000268815,0.000191749,0.000392197,1
actual,32,82,scatter_recursive_doubling_allgather,0,2048,192,0.563527787,0.000275160,0.000209873,0.000379333,1
actual,33,83,scatter_recursive_doubling_allgather,0,2048,192,0.603609966,0.000294731,0.000202028,0.000421670,1
actual,34,84,scatter_recursive_doubling_allgather,0,2048,192,0.559006832,0.000272953,0.000190377,0.000384663,1
actual,35,85,scatter_recursive_doubling_allgather,0,2048,192,0.565965371,0.000276350,0.000197139,0.000412984,1
actual,36,86,scatter_recursive_doubling_allgather,0,2048,192,0.550688170,0.000268891,0.000192771,0.000391574,1
actual,37,87,scatter_recursive_doubling_allgather,0,2048,192,0.611238213,0.000298456,0.000207398,0.000419848,1
actual,38,88,scatter_recursive_doubling_allgather,0,2048,192,0.549163058,0.000268146,0.000190777,0.000380382,1
actual,39,89,scatter_recursive_doubling_allgather,0,2048,192,0.556115295,0.000271541,0.000199824,0.000401335,1
actual,40,90,scatter_recursive_doubling_allgather,0,2048,192,0.549203560,0.000268166,0.000205786,0.000387988,1
actual,41,91,scatter_recursive_doubling_allgather,0,2048,192,0.572777470,0.000279676,0.000197329,0.000465383,1
actual,42,92,scatter_recursive_doubling_allgather,0,2048,192,0.571321443,0.000278966,0.000186238,0.000442540,1
actual,43,93,scatter_recursive_doubling_allgather,0,2048,192,0.579855400,0.000283133,0.000196087,0.000426000,1
actual,44,94,scatter_recursive_doubling_allgather,0,2048,192,0.548249116,0.000267700,0.000194254,0.000419177,1
actual,45,95,scatter_recursive_doubling_allgather,0,2048,192,0.556724362,0.000271838,0.000203902,0.000381597,1
actual,46,96,scatter_recursive_doubling_allgather,0,2048,192,0.565516877,0.000276131,0.000202610,0.000386827,1
actual,47,97,scatter_recursive_doubling_allgather,0,2048,192,0.597433219,0.000291715,0.000189604,0.000431808,1
actual,48,98,scatter_recursive_doubling_allgather,0,2048,192,0.552738467,0.000269892,0.000196397,0.000385333,1
actual,49,99,scatter_recursive_doubling_allgather,0,2048,192,0.558302451,0.000272609,0.000194154,0.000392827,1
warmup,0,0,scatter_recursive_doubling_allgather,0,2048,256,0.657906510,0.000321243,0.000206527,0.000482326,1
warmup,1,1,scatter_recursive_doubling_allgather,0,2048,256,0.644840480,0.000314864,0.000204953,0.000524927,1
warmup,2,2,scatter_recursive_doubling_allgather,0,2048,256,0.618579192,0.000302041,0.000199894,0.000484060,1
warmup,3,3,scatter_recursive_doubling_allgather,0,2048,256,0.674296084,0.000329246,0.000211236,0.000532378,1
warmup,4,4,scatter_recursive_doubling_allgather,0,2048,256,0.619694409,0.000302585,0.000187602,0.000523931,1
warmup,5,5,scatter_recursive_doubling_allgather,0,2048,256,0.645509019,0.000315190,0.000204653,0.000532067,1
warmup,6,6,scatter_recursive_doubling_allgather,0,2048,256,0.686681435,0.000335294,0.000221715,0.000535093,1
warmup,7,7,scatter_recursive_doubling_allgather,0,2048,256,0.677662513,0.000330890,0.000201577,0.000532550,1
warmup,8,8,scatter_recursive_doubling_allgather,0,2048,256,0.642199665,0.000313574,0.000204252,0.000498447,1
warmup,9,9,scatter_recursive_doubling_allgather,0,2048,256,0.728112351,0.000355524,0.000241753,0.000536939,1
warmup,10,10,scatter_recursive_doubling_allgather,0,2048,256,0.660722805,0.000322619,0.000204593,0.000522118,1
warmup,11,11,scatter_recursive_doubling_allgather,0,2048,256,0.631963223,0.000308576,0.000210755,0.000535384,1
warmup,12,12,scatter_recursive_doubling_allgather,0,2048,256,0.620540076,0.000302998,0.000192811,0.000498825,1
warmup,13,13,scatter_recursive_doubling_allgather,0,2048,256,0.638742843,0.000311886,0.000196468,0.000507663,1
warmup,14,14,scatter_recursive_doubling_allgather,0,2048,256,0.664115417,0.000324275,0.000202259,0.000562294,1
warmup,15,15,scatter_recursive_doubling_allgather,0,2048,256,0.630915901,0.000308064,0.000189344,0.000499238,1
warmup,16,16,scatter_recursive_doubling_allgather,0,2048,256,0.613724891,0.000299670,0.000201097,0.000498955,1
warmup,17,17,scatter_recursive_doubling_allgather,0,2048,256,0.820569075,0.000400668,0.000291105,0.000585748,1
warmup,18,18,scatter_recursive_doubling_allgather,0,2048,256,0.638254714,0.000311648,0.000196908,0.000490129,1
warmup,19,19,scatter_recursive_doubling_allgather,0,2048,256,0.635887219,0.000310492,0.000193311,0.000521791,1
warmup,20,20,scatter_recursive_doubling_allgather,0,2048,256,0.630366912,0.000307796,0.000204603,0.000515500,1
warmup,21,21,scatter_recursive_doubling_allgather,0,2048,256,0.691222359,0.000337511,0.000219851,0.000555623,1
warmup,22,22,scatter_recursive_doubling_allgather,0,2048,256,0.631964014,0.000308576,0.000198471,0.000513545,1
warmup,23,23,scatter_recursive_doubling_allgather,0,2048,256,0.673203743,0.000328713,0.000210134,0.000497926,1
warmup,24,24,scatter_recursive_doubling_allgather,0,2048,256,0.614180075,0.000299893,0.000184566,0.000490820,1
warmup,25,25,scatter_recursive_doubling_allgather,0,2048,256,0.642473856,0.000313708,0.000203741,0.000504677,1
warmup,26,26,scatter_recursive_doubling_allgather,0,2048,256,0.633790000,0.000309468,0.000210635,0.000477387,1
warmup,27,27,scatter_recursive_doubling_allgather,0,2048,256,0.654404449,0.000319533,0.000199102,0.000526178,1
warmup,28,28,scatter_recursive_doubling_allgather,0,2048,256,0.635665048,0.000310383,0.000208120,0.000500701,1
warmup,29,29,scatter_recursive_doubling_allgather,0,2048,256,0.631539200,0.000308369,0.000192630,0.000540284,1
warmup,30,30,scatter_recursive_doubling_allgather,0,2048,256,0.612207660,0.000298930,0.000179456,0.000495209,1
warmup,31,31,scatter_recursive_doubling_allgather,0,2048,256,0.644639100,0.000314765,0.000201157,0.000503928,1
warmup,32,32,scatter_recursive_doubling_allgather,0,2048,256,0.638722424,0.000311876,0.000199483,0.000514906,1
warmup,33,33,scatter_recursive_doubling_allgather,0,2048,256,0.645721914,0.000315294,0.000205985,0.000519985,1
warmup,34,34,scatter_recursive_doubling_allgather,0,2048,256,0.621419339,0.000303427,0.000193793,0.000486353,1
warmup,35,35,scatter_recursive_doubling_allgather,0,2048,256,0.638973156,0.000311999,0.000189255,0.000475964,1
warmup,36,36,scatter_recursive_doubling_allgather,0,2048,256,0.678883822,0.000331486,0.000218872,0.000488017,1
warmup,37,37,scatter_recursive_doubling_allgather,0,2048,256,0.640681295,0.000312833,0.000197320,0.000507833,1
warmup,38,38,scatter_recursive_doubling_allgather,0,2048,256,0.636885040,0.000310979,0.000206006,0.000530316,1
warmup,39,39,scatter_recursive_doubling_allgather,0,2048,256,0.657024412,0.000320813,0.000208511,0.000547165,1
warmup,40,40,scatter_recursive_doubling_allgather,0,2048,256,0.621217936,0.000303329,0.000181970,0.000518842,1
warmup,41,41,scatter_recursive_doubling_allgather,0,2048,256,0.626178540,0.000305751,0.000196208,0.000522350,1
warmup,42,42,scatter_recursive_doubling_allgather,0,2048,256,0.641800700,0.000313379,0.000196288,0.000525739,1
warmup,43,43,scatter_recursive_doubling_allgather,0,2048,256,0.622575511,0.000303992,0.000192420,0.000488542,1
warmup,44,44,scatter_recursive_doubling_allgather,0,2048,256,0.636376978,0.000310731,0.000201377,0.000543760,1
warmup,45,45,scatter_recursive_doubling_allgather,0,2048,256,0.719320089,0.000351231,0.000193473,0.000534714,1
warmup,46,46,scatter_recursive_doubling_allgather,0,2048,256,0.632205524,0.000308694,0.000187892,0.000513596,1
warmup,47,47,scatter_recursive_doubling_allgather,0,2048,256,0.698086088,0.000340862,0.000215373,0.000513170,1
warmup,48,48,scatter_recursive_doubling_allgather,0,2048,256,0.834251297,0.000407349,0.000298258,0.000607582,1
warmup,49,49,scatter_recursive_doubling_allgather,0,2048,256,0.625690473,0.000305513,0.000179315,0.000537068,1
actual,0,50,scatter_recursive_doubling_allgather,0,2048,256,0.643000575,0.000313965,0.000199093,0.000514615,1
actual,1,51,scatter_recursive_doubling_allgather,0,2048,256,0.641632883,0.000313297,0.000206005,0.000498437,1
actual,2,52,scatter_recursive_doubling_allgather,0,2048,256,0.641666607,0.000313314,0.000201998,0.000502865,1
actual,3,53,scatter_recursive_doubling_allgather,0,2048,256,0.642254106,0.000313601,0.000196788,0.000512353,1
actual,4,54,scatter_recursive_doubling_allgather,0,2048,256,0.675837704,0.000329999,0.000207368,0.000542159,1
actual,5,55,scatter_recursive_doubling_allgather,0,2048,256,0.727964207,0.000355451,0.000196999,0.000547850,1
actual,6,56,scatter_recursive_doubling_allgather,0,2048,256,0.623799382,0.000304590,0.000191218,0.000559260,1
actual,7,57,scatter_recursive_doubling_allgather,0,2048,256,0.631016750,0.000308114,0.000196307,0.000535524,1
actual,8,58,scatter_recursive_doubling_allgather,0,2048,256,0.615848851,0.000300707,0.000186108,0.000485041,1
actual,9,59,scatter_recursive_doubling_allgather,0,2048,256,0.625687122,0.000305511,0.000189294,0.000512502,1
actual,10,60,scatter_recursive_doubling_allgather,0,2048,256,0.643053228,0.000313991,0.000192631,0.000493757,1
actual,11,61,scatter_recursive_doubling_allgather,0,2048,256,0.641544360,0.000313254,0.000200375,0.000526029,1
actual,12,62,scatter_recursive_doubling_allgather,0,2048,256,0.611810968,0.000298736,0.000181480,0.000508026,1
actual,13,63,scatter_recursive_doubling_allgather,0,2048,256,0.648004399,0.000316408,0.000205264,0.000485051,1
actual,14,64,scatter_recursive_doubling_allgather,0,2048,256,0.642199447,0.000313574,0.000200896,0.000517211,1
actual,15,65,scatter_recursive_doubling_allgather,0,2048,256,0.658380841,0.000321475,0.000210624,0.000540924,1
actual,16,66,scatter_recursive_doubling_allgather,0,2048,256,0.633247343,0.000309203,0.000194894,0.000484090,1
actual,17,67,scatter_recursive_doubling_allgather,0,2048,256,0.619806947,0.000302640,0.000187170,0.000513152,1
actual,18,68,scatter_recursive_doubling_allgather,0,2048,256,0.639435532,0.000312224,0.000193903,0.000529666,1
actual,19,69,scatter_recursive_doubling_allgather,0,2048,256,0.616743276,0.000301144,0.000181180,0.000516569,1
actual,20,70,scatter_recursive_doubling_allgather,0,2048,256,0.651545657,0.000318138,0.000201157,0.000527629,1
actual,21,71,scatter_recursive_doubling_allgather,0,2048,256,0.648661185,0.000316729,0.000188843,0.000553451,1
actual,22,72,scatter_recursive_doubling_allgather,0,2048,256,0.628269736,0.000306772,0.000191459,0.000571715,1
actual,23,73,scatter_recursive_doubling_allgather,0,2048,256,0.669861081,0.000327081,0.000212488,0.000553707,1
actual,24,74,scatter_recursive_doubling_allgather,0,2048,256,0.639553671,0.000312282,0.000196608,0.000538363,1
actual,25,75,scatter_recursive_doubling_allgather,0,2048,256,0.650007812,0.000317387,0.000196538,0.000544434,1
actual,26,76,scatter_recursive_doubling_allgather,0,2048,256,0.618345107,0.000301926,0.000186329,0.000480208,1
actual,27,77,scatter_recursive_doubling_allgather,0,2048,256,0.630949794,0.000308081,0.000194264,0.000618482,1
actual,28,78,scatter_recursive_doubling_allgather,0,2048,256,0.632701147,0.000308936,0.000192941,0.000457901,1
actual,29,79,scatter_recursive_doubling_allgather,0,2048,256,0.715462274,0.000349347,0.000223939,0.000547437,1
actual,30,80,scatter_recursive_doubling_allgather,0,2048,256,0.669506275,0.000326907,0.000229088,0.000499409,1
actual,31,81,scatter_recursive_doubling_allgather,0,2048,256,0.638424894,0.000311731,0.000199193,0.000542237,1
actual,32,82,scatter_recursive_doubling_allgather,0,2048,256,0.628638248,0.000306952,0.000188483,0.000494300,1
actual,33,83,scatter_recursive_doubling_allgather,0,2048,256,0.620897310,0.000303173,0.000183573,0.000513175,1
actual,34,84,scatter_recursive_doubling_allgather,0,2048,256,0.616971675,0.000301256,0.000184024,0.000524394,1
actual,35,85,scatter_recursive_doubling_allgather,0,2048,256,0.803322257,0.000392247,0.000230251,0.000632660,1
actual,36,86,scatter_recursive_doubling_allgather,0,2048,256,0.702258666,0.000342900,0.000239068,0.000563817,1
actual,37,87,scatter_recursive_doubling_allgather,0,2048,256,0.632031334,0.000308609,0.000198161,0.000475688,1
actual,38,88,scatter_recursive_doubling_allgather,0,2048,256,0.889089913,0.000434126,0.000135754,0.000624073,1
actual,39,89,scatter_recursive_doubling_allgather,0,2048,256,0.632118830,0.000308652,0.000203110,0.000534285,1
actual,40,90,scatter_recursive_doubling_allgather,0,2048,256,0.644590830,0.000314742,0.000199493,0.000537820,1
actual,41,91,scatter_recursive_doubling_allgather,0,2048,256,0.639868114,0.000312436,0.000186058,0.000509805,1
actual,42,92,scatter_recursive_doubling_allgather,0,2048,256,0.643445688,0.000314182,0.000209382,0.000522272,1
actual,43,93,scatter_recursive_doubling_allgather,0,2048,256,0.651866192,0.000318294,0.000201457,0.000558056,1
actual,44,94,scatter_recursive_doubling_allgather,0,2048,256,0.614114540,0.000299861,0.000186750,0.000537720,1
actual,45,95,scatter_recursive_doubling_allgather,0,2048,256,0.639818481,0.000312411,0.000198291,0.000539724,1
actual,46,96,scatter_recursive_doubling_allgather,0,2048,256,0.615611342,0.000300591,0.000182221,0.000496891,1
actual,47,97,scatter_recursive_doubling_allgather,0,2048,256,0.635165579,0.000310139,0.000200486,0.000490878,1
actual,48,98,scatter_recursive_doubling_allgather,0,2048,256,0.647511869,0.000316168,0.000196848,0.000502628,1
actual,49,99,scatter_recursive_doubling_allgather,0,2048,256,0.641353848,0.000313161,0.000198692,0.000524085,1
warmup,0,0,scatter_recursive_doubling_allgather,0,2048,384,0.663098511,0.000323779,0.000217808,0.000489940,1
warmup,1,1,scatter_recursive_doubling_allgather,0,2048,384,0.674738196,0.000329462,0.000202439,0.000524356,1
warmup,2,2,scatter_recursive_doubling_allgather,0,2048,384,0.657344495,0.000320969,0.000204643,0.000490933,1
warmup,3,3,scatter_recursive_doubling_allgather,0,2048,384,0.677514491,0.000330818,0.000209292,0.000514535,1
warmup,4,4,scatter_recursive_doubling_allgather,0,2048,384,0.653702100,0.000319190,0.000175790,0.000486204,1
warmup,5,5,scatter_recursive_doubling_allgather,0,2048,384,0.674351713,0.000329273,0.000213319,0.000575991,1
warmup,6,6,scatter_recursive_doubling_allgather,0,2048,384,0.695329597,0.000339516,0.000231403,0.000578876,1
warmup,7,7,scatter_recursive_doubling_allgather,0,2048,384,0.663565605,0.000324007,0.000208601,0.000504146,1
warmup,8,8,scatter_recursive_doubling_allgather,0,2048,384,0.654916641,0.000319784,0.000210214,0.000497183,1
warmup,9,9,scatter_recursive_doubling_allgather,0,2048,384,0.654397736,0.000319530,0.000195396,0.000535334,1
warmup,10,10,scatter_recursive_doubling_allgather,0,2048,384,0.681505259,0.000332766,0.000210785,0.000564829,1
warmup,11,11,scatter_recursive_doubling_allgather,0,2048,384,0.646030066,0.000315444,0.000208510,0.000496442,1
warmup,12,12,scatter_recursive_doubling_allgather,0,2048,384,0.657324088,0.000320959,0.000209883,0.000543562,1
warmup,13,13,scatter_recursive_doubling_allgather,0,2048,384,0.674484555,0.000329338,0.000210794,0.000495679,1
warmup,14,14,scatter_recursive_doubling_allgather,0,2048,384,0.641373972,0.000313171,0.000198873,0.000494337,1
warmup,15,15,scatter_recursive_doubling_allgather,0,2048,384,0.693394717,0.000338572,0.000215683,0.000558497,1
warmup,16,16,scatter_recursive_doubling_allgather,0,2048,384,0.660020882,0.000322276,0.000209402,0.000488085,1
warmup,17,17,scatter_recursive_doubling_allgather,0,2048,384,0.646694254,0.000315769,0.000205314,0.000505669,1
warmup,18,18,scatter_recursive_doubling_allgather,0,2048,384,0.644753681,0.000314821,0.000200836,0.000533373,1
warmup,19,19,scatter_recursive_doubling_allgather,0,2048,384,0.639673516,0.000312341,0.000198532,0.000517191,1
warmup,20,20,scatter_recursive_doubling_allgather,0,2048,384,0.655889275,0.000320258,0.000206206,0.000554242,1
warmup,21,21,scatter_recursive_doubling_allgather,0,2048,384,0.736795200,0.000359763,0.000239398,0.000546547,1
warmup,22,22,scatter_recursive_doubling_allgather,0,2048,384,0.659748438,0.000322143,0.000218589,0.000569890,1
warmup,23,23,scatter_recursive_doubling_allgather,0,2048,384,0.673859001,0.000329033,0.000204994,0.000578655,1
warmup,24,24,scatter_recursive_doubling_allgather,0,2048,384,0.648614918,0.000316707,0.000207508,0.000489294,1
warmup,25,25,scatter_recursive_doubling_allgather,0,2048,384,0.666578195,0.000325478,0.000203190,0.000514856,1
warmup,26,26,scatter_recursive_doubling_allgather,0,2048,384,0.648636475,0.000316717,0.000212558,0.000492135,1
warmup,27,27,scatter_recursive_doubling_allgather,0,2048,384,0.652394571,0.000318552,0.000201998,0.000508193,1
warmup,28,28,scatter_recursive_doubling_allgather,0,2048,384,0.664864548,0.000324641,0.000209642,0.000517160,1
warmup,29,29,scatter_recursive_doubling_allgather,0,2048,384,0.656722097,0.000320665,0.000199563,0.000508295,1
warmup,30,30,scatter_recursive_doubling_allgather,0,2048,384,0.650785172,0.000317766,0.000209201,0.000484010,1
warmup,31,31,scatter_recursive_doubling_allgather,0,2048,384,0.663991983,0.000324215,0.000212938,0.000525036,1
warmup,32,32,scatter_recursive_doubling_allgather,0,2048,384,0.685144850,0.000334543,0.000216124,0.000550832,1
warmup,33,33,scatter_recursive_doubling_allgather,0,2048,384,0.653858101,0.000319267,0.000203641,0.000529583,1
warmup,34,34,scatter_recursive_doubling_allgather,0,2048,384,0.663749806,0.000324097,0.000212198,0.000535224,1
warmup,35,35,scatter_recursive_doubling_allgather,0,2048,384,0.648891159,0.000316841,0.000205144,0.000529806,1
warmup,36,36,scatter_recursive_doubling_allgather,0,2048,384,0.678403623,0.000331252,0.000224831,0.000496734,1
warmup,37,37,scatter_recursive_doubling_allgather,0,2048,384,0.644786450,0.000314837,0.000190557,0.000490572,1
warmup,38,38,scatter_recursive_doubling_allgather,0,2048,384,0.665920831,0.000325157,0.000203130,0.000504338,1
warmup,39,39,scatter_recursive_doubling_allgather,0,2048,384,0.671930614,0.000328091,0.000222687,0.000545883,1
warmup,40,40,scatter_recursive_doubling_allgather,0,2048,384,0.721668425,0.000352377,0.000209172,0.000544735,1
warmup,41,41,scatter_recursive_doubling_allgather,0,2048,384,0.695519239,0.000339609,0.000218349,0.000526407,1
warmup,42,42,scatter_recursive_doubling_allgather,0,2048,384,0.650237361,0.000317499,0.000216144,0.000497984,1
warmup,43,43,scatter_recursive_doubling_allgather,0,2048,384,0.650711446,0.000317730,0.000204703,0.000547989,1
warmup,44,44,scatter_recursive_doubling_allgather,0,2048,384,0.683118537,0.000333554,0.000228278,0.000520266,1
warmup,45,45,scatter_recursive_doubling_allgather,0,2048,384,0.671398844,0.000327831,0.000204913,0.000530377,1
warmup,46,46,scatter_recursive_doubling_allgather,0,2048,384,0.659113351,0.000321833,0.000213590,0.000493427,1
warmup,47,47,scatter_recursive_doubling_allgather,0,2048,384,0.672293123,0.000328268,0.000202530,0.000522311,1
warmup,48,48,scatter_recursive_doubling_allgather,0,2048,384,0.658613149,0.000321588,0.000205535,0.000501572,1
warmup,49,49,scatter_recursive_doubling_allgather,0,2048,384,0.646321066,0.000315586,0.000201428,0.000532669,1
actual,0,50,scatter_recursive_doubling_allgather,0,2048,384,0.655371028,0.000320005,0.000204272,0.000514846,1
actual,1,51,scatter_recursive_doubling_allgather,0,2048,384,0.685455099,0.000334695,0.000210995,0.000520766,1
actual,2,52,scatter_recursive_doubling_allgather,0,2048,384,0.641814032,0.000313386,0.000197250,0.000486054,1
actual,3,53,scatter_recursive_doubling_allgather,0,2048,384,0.646748237,0.000315795,0.000198893,0.000575660,1
actual,4,54,scatter_recursive_doubling_allgather,0,2048,384,0.726125881,0.000354554,0.000176611,0.004367973,1
actual,5,55,scatter_recursive_doubling_allgather,0,2048,384,0.684548526,0.000334252,0.000212127,0.000571545,1
actual,6,56,scatter_recursive_doubling_allgather,0,2048,384,0.674064605,0.000329133,0.000209251,0.000513255,1
actual,7,57,scatter_recursive_doubling_allgather,0,2048,384,0.637170154,0.000311118,0.000198913,0.000514708,1
actual,8,58,scatter_recursive_doubling_allgather,0,2048,384,0.645340366,0.000315108,0.000205665,0.000505799,1
actual,9,59,scatter_recursive_doubling_allgather,0,2048,384,0.659607821,0.000322074,0.000213460,0.000518082,1
actual,10,60,scatter_recursive_doubling_allgather,0,2048,384,0.636491627,0.000310787,0.000193613,0.000473899,1
actual,11,61,scatter_recursive_doubling_allgather,0,2048,384,0.673442819,0.000328830,0.000215092,0.000509648,1
actual,12,62,scatter_recursive_doubling_allgather,0,2048,384,0.668726535,0.000326527,0.000205034,0.000511219,1
actual,13,63,scatter_recursive_doubling_allgather,0,2048,384,0.634944178,0.000310031,0.000196929,0.000467229,1
actual,14,64,scatter_recursive_doubling_allgather,0,2048,384,0.629618861,0.000307431,0.000200175,0.000493004,1
actual,15,65,scatter_recursive_doubling_allgather,0,2048,384,0.655343409,0.000319992,0.000200235,0.000499407,1
actual,16,66,scatter_recursive_doubling_allgather,0,2048,384,0.632435374,0.000308806,0.000201798,0.000519946,1
actual,17,67,scatter_recursive_doubling_allgather,0,2048,384,0.849742123,0.000414913,0.000289634,0.000601633,1
actual,18,68,scatter_recursive_doubling_allgather,0,2048,384,0.670637770,0.000327460,0.000198923,0.000544875,1
actual,19,69,scatter_recursive_doubling_allgather,0,2048,384,0.698558077,0.000341093,0.000220913,0.000524195,1
actual,20,70,scatter_recursive_doubling_allgather,0,2048,384,0.664699922,0.000324561,0.000212047,0.000512103,1
actual,21,71,scatter_recursive_doubling_allgather,0,2048,384,0.703905073,0.000343704,0.000214111,0.000557817,1
actual,22,72,scatter_recursive_doubling_allgather,0,2048,384,0.658003393,0.000321291,0.000209603,0.000533784,1
actual,23,73,scatter_recursive_doubling_allgather,0,2048,384,0.642186669,0.000313568,0.000197620,0.000504707,1
actual,24,74,scatter_recursive_doubling_allgather,0,2048,384,0.716401093,0.000349805,0.000238547,0.000550124,1
actual,25,75,scatter_recursive_doubling_allgather,0,2048,384,0.659414258,0.000321980,0.000208110,0.000514748,1
actual,26,76,scatter_recursive_doubling_allgather,0,2048,384,0.646144269,0.000315500,0.000202539,0.000492154,1
actual,27,77,scatter_recursive_doubling_allgather,0,2048,384,0.679104548,0.000331594,0.000217808,0.000504497,1
actual,28,78,scatter_recursive_doubling_allgather,0,2048,384,0.626310386,0.000305816,0.000197790,0.000483537,1
actual,29,79,scatter_recursive_doubling_allgather,0,2048,384,0.677534230,0.000330827,0.000216025,0.000527751,1
actual,30,80,scatter_recursive_doubling_allgather,0,2048,384,0.657251618,0.000320924,0.000209181,0.000497314,1
actual,31,81,scatter_recursive_doubling_allgather,0,2048,384,0.661497711,0.000322997,0.000204102,0.000526878,1
actual,32,82,scatter_recursive_doubling_allgather,0,2048,384,0.689097185,0.000336473,0.000217297,0.000500519,1
actual,33,83,scatter_recursive_doubling_allgather,0,2048,384,0.677249324,0.000330688,0.000212137,0.000555775,1
actual,34,84,scatter_recursive_doubling_allgather,0,2048,384,0.664433282,0.000324430,0.000209131,0.000526707,1
actual,35,85,scatter_recursive_doubling_allgather,0,2048,384,0.656162995,0.000320392,0.000208430,0.000545865,1
actual,36,86,scatter_recursive_doubling_allgather,0,2048,384,0.658916548,0.000321737,0.000211656,0.000565442,1
actual,37,87,scatter_recursive_doubling_allgather,0,2048,384,0.659477768,0.000322011,0.000201958,0.000517818,1
actual,38,88,scatter_recursive_doubling_allgather,0,2048,384,0.633416366,0.000309285,0.000200675,0.000477146,1
actual,39,89,scatter_recursive_doubling_allgather,0,2048,384,0.668048965,0.000326196,0.000207839,0.000536787,1
actual,40,90,scatter_recursive_doubling_allgather,0,2048,384,0.656559396,0.000320586,0.000196057,0.000560973,1
actual,41,91,scatter_recursive_doubling_allgather,0,2048,384,0.652427397,0.000318568,0.000200525,0.000519846,1
actual,42,92,scatter_recursive_doubling_allgather,0,2048,384,0.643589492,0.000314253,0.000194975,0.000532209,1
actual,43,93,scatter_recursive_doubling_allgather,0,2048,384,0.648122310,0.000316466,0.000207328,0.000528382,1
actual,44,94,scatter_recursive_doubling_allgather,0,2048,384,0.661214982,0.000322859,0.000214762,0.000558047,1
actual,45,95,scatter_recursive_doubling_allgather,0,2048,384,0.675731224,0.000329947,0.000211215,0.000518093,1
actual,46,96,scatter_recursive_doubling_allgather,0,2048,384,0.667903503,0.000326125,0.000209823,0.000513394,1
actual,47,97,scatter_recursive_doubling_allgather,0,2048,384,0.697137979,0.000340399,0.000214592,0.000549674,1
actual,48,98,scatter_recursive_doubling_allgather,0,2048,384,0.668787226,0.000326556,0.000217447,0.000534001,1
actual,49,99,scatter_recursive_doubling_allgather,0,2048,384,0.650149315,0.000317456,0.000200996,0.000534913,1
warmup,0,0,scatter_recursive_doubling_allgather,0,2048,512,0.735602551,0.000359181,0.000251771,0.000537604,1
warmup,1,1,scatter_recursive_doubling_allgather,0,2048,512,0.741992820,0.000362301,0.000248164,0.000542230,1
warmup,2,2,scatter_recursive_doubling_allgather,0,2048,512,0.700478376,0.000342030,0.000238616,0.000512564,1
warmup,3,3,scatter_recursive_doubling_allgather,0,2048,512,0.749653296,0.000366042,0.000260297,0.000598902,1
warmup,4,4,scatter_recursive_doubling_allgather,0,2048,512,0.742200961,0.000362403,0.000256711,0.000542467,1
warmup,5,5,scatter_recursive_doubling_allgather,0,2048,512,0.754812973,0.000368561,0.000259546,0.000580248,1
warmup,6,6,scatter_recursive_doubling_allgather,0,2048,512,0.755974104,0.000369128,0.000256380,0.000567497,1
warmup,7,7,scatter_recursive_doubling_allgather,0,2048,512,0.750830406,0.000366616,0.000258825,0.000603914,1
warmup,8,8,scatter_recursive_doubling_allgather,0,2048,512,0.743150433,0.000362866,0.000256390,0.000588707,1
warmup,9,9,scatter_recursive_doubling_allgather,0,2048,512,0.765529608,0.000373794,0.000250078,0.000565320,1
warmup,10,10,scatter_recursive_doubling_allgather,0,2048,512,0.717488692,0.000350336,0.000242204,0.000573125,1
warmup,11,11,scatter_recursive_doubling_allgather,0,2048,512,0.726439065,0.000354707,0.000240740,0.000550794,1
warmup,12,12,scatter_recursive_doubling_allgather,0,2048,512,0.752677043,0.000367518,0.000250679,0.000604988,1
warmup,13,13,scatter_recursive_doubling_allgather,0,2048,512,0.746831238,0.000364664,0.000259666,0.000552859,1
warmup,14,14,scatter_recursive_doubling_allgather,0,2048,512,0.733803552,0.000358303,0.000247634,0.000558330,1
warmup,15,15,scatter_recursive_doubling_allgather,0,2048,512,0.749976160,0.000366199,0.000263233,0.000546787,1
warmup,16,16,scatter_recursive_doubling_allgather,0,2048,512,0.753924124,0.000368127,0.000261059,0.000586874,1
warmup,17,17,scatter_recursive_doubling_allgather,0,2048,512,0.743587498,0.000363080,0.000245981,0.000592263,1
warmup,18,18,scatter_recursive_doubling_allgather,0,2048,512,0.720046324,0.000351585,0.000241091,0.000587922,1
warmup,19,19,scatter_recursive_doubling_allgather,0,2048,512,0.736457988,0.000359599,0.000245940,0.000580582,1
warmup,20,20,scatter_recursive_doubling_allgather,0,2048,512,0.742540604,0.000362569,0.000259906,0.000582100,1
warmup,21,21,scatter_recursive_doubling_allgather,0,2048,512,0.727666517,0.000355306,0.000235220,0.000567023,1
warmup,22,22,scatter_recursive_doubling_allgather,0,2048,512,0.758593258,0.000370407,0.000253144,0.000587932,1
warmup,23,23,scatter_recursive_doubling_allgather,0,2048,512,0.726630084,0.000354800,0.000244457,0.000569208,1
warmup,24,24,scatter_recursive_doubling_allgather,0,2048,512,1.692592391,0.000826461,0.000141145,0.001002934,1
warmup,25,25,scatter_recursive_doubling_allgather,0,2048,512,0.735245674,0.000359007,0.000250429,0.000561764,1
warmup,26,26,scatter_recursive_doubling_allgather,0,2048,512,0.751782928,0.000367082,0.000254076,0.000556406,1
warmup,27,27,scatter_recursive_doubling_allgather,0,2048,512,0.719337285,0.000351239,0.000230602,0.000576824,1
warmup,28,28,scatter_recursive_doubling_allgather,0,2048,512,0.714603039,0.000348927,0.000243315,0.000552048,1
warmup,29,29,scatter_recursive_doubling_allgather,0,2048,512,0.740608346,0.000361625,0.000252603,0.000586220,1
warmup,30,30,scatter_recursive_doubling_allgather,0,2048,512,0.778443226,0.000380099,0.000274153,0.000549661,1
warmup,31,31,scatter_recursive_doubling_allgather,0,2048,512,0.799912241,0.000390582,0.000272079,0.000564812,1
warmup,32,32,scatter_recursive_doubling_allgather,0,2048,512,0.754203386,0.000368263,0.000251932,0.000602159,1
warmup,33,33,scatter_recursive_doubling_allgather,0,2048,512,0.746754272,0.000364626,0.000260037,0.000616389,1
warmup,34,34,scatter_recursive_doubling_allgather,0,2048,512,0.711306304,0.000347318,0.000232676,0.000563597,1
warmup,35,35,scatter_recursive_doubling_allgather,0,2048,512,0.773226574,0.000377552,0.000268713,0.000580510,1
warmup,36,36,scatter_recursive_doubling_allgather,0,2048,512,0.732713217,0.000357770,0.000245319,0.000563430,1
warmup,37,37,scatter_recursive_doubling_allgather,0,2048,512,0.731541051,0.000357198,0.000252293,0.000538459,1
warmup,38,38,scatter_recursive_doubling_allgather,0,2048,512,0.697285678,0.000340472,0.000228237,0.000532941,1
warmup,39,39,scatter_recursive_doubling_allgather,0,2048,512,0.745982344,0.000364249,0.000255458,0.000558659,1
warmup,40,40,scatter_recursive_doubling_allgather,0,2048,512,0.726487963,0.000354730,0.000240961,0.000540443,1
warmup,41,41,scatter_recursive_doubling_allgather,0,2048,512,0.721453532,0.000352272,0.000239489,0.000558408,1
warmup,42,42,scatter_recursive_doubling_allgather,0,2048,512,0.738866269,0.000360775,0.000255197,0.000539943,1
warmup,43,43,scatter_recursive_doubling_allgather,0,2048,512,0.738957598,0.000360819,0.000256440,0.000599684,1
warmup,44,44,scatter_recursive_doubling_allgather,0,2048,512,0.724173013,0.000353600,0.000240530,0.000533120,1
warmup,45,45,scatter_recursive_doubling_allgather,0,2048,512,0.741517542,0.000362069,0.000240531,0.000570730,1
warmup,46,46,scatter_recursive_doubling_allgather,0,2048,512,0.709286422,0.000346331,0.000234810,0.000538673,1
warmup,47,47,scatter_recursive_doubling_allgather,0,2048,512,0.746911872,0.000364703,0.000255358,0.000595176,1
warmup,48,48,scatter_recursive_doubling_allgather,0,2048,512,0.854898629,0.000417431,0.000245891,0.000909791,1
warmup,49,49,scatter_recursive_doubling_allgather,0,2048,512,0.722256609,0.000352664,0.000248465,0.000585588,1
actual,0,50,scatter_recursive_doubling_allgather,0,2048,512,0.722429577,0.000352749,0.000257612,0.000552439,1
actual,1,51,scatter_recursive_doubling_allgather,0,2048,512,0.744678575,0.000363613,0.000251380,0.000543311,1
actual,2,52,scatter_recursive_doubling_allgather,0,2048,512,0.759296554,0.000370750,0.000252833,0.000569468,1
actual,3,53,scatter_recursive_doubling_allgather,0,2048,512,0.772142497,0.000377023,0.000261630,0.000575719,1
actual,4,54,scatter_recursive_doubling_allgather,0,2048,512,0.726324014,0.000354650,0.000248806,0.000581694,1
actual,5,55,scatter_recursive_doubling_allgather,0,2048,512,0.747466483,0.000364974,0.000245670,0.000555084,1
actual,6,56,scatter_recursive_doubling_allgather,0,2048,512,0.745626191,0.000364075,0.000253695,0.000604223,1
actual,7,57,scatter_recursive_doubling_allgather,0,2048,512,0.737567722,0.000360140,0.000246661,0.000572664,1
actual,8,58,scatter_recursive_doubling_allgather,0,2048,512,0.735369732,0.000359067,0.000246842,0.000565601,1
actual,9,59,scatter_recursive_doubling_allgather,0,2048,512,0.751827896,0.000367103,0.000253585,0.000587333,1
actual,10,60,scatter_recursive_doubling_allgather,0,2048,512,0.733436351,0.000358123,0.000245770,0.000577284,1
actual,11,61,scatter_recursive_doubling_allgather,0,2048,512,0.769810545,0.000375884,0.000262952,0.000635611,1
actual,12,62,scatter_recursive_doubling_allgather,0,2048,512,0.725111372,0.000354058,0.000235742,0.000624434,1
actual,13,63,scatter_recursive_doubling_allgather,0,2048,512,0.739881661,0.000361270,0.000248365,0.000570690,1
actual,14,64,scatter_recursive_doubling_allgather,0,2048,512,0.731152566,0.000357008,0.000246772,0.000579259,1
actual,15,65,scatter_recursive_doubling_allgather,0,2048,512,0.749755625,0.000366092,0.000264615,0.000570543,1
actual,16,66,scatter_recursive_doubling_allgather,0,2048,512,0.719509236,0.000351323,0.000245199,0.000555665,1
actual,17,67,scatter_recursive_doubling_allgather,0,2048,512,0.737306613,0.000360013,0.000252182,0.000571955,1
actual,18,68,scatter_recursive_doubling_allgather,0,2048,512,0.726265636,0.000354622,0.000254747,0.000508975,1
actual,19,69,scatter_recursive_doubling_allgather,0,2048,512,0.741453659,0.000362038,0.000246382,0.000603040,1
actual,20,70,scatter_recursive_doubling_allgather,0,2048,512,0.753220750,0.000367784,0.000254908,0.000607410,1
actual,21,71,scatter_recursive_doubling_allgather,0,2048,512,0.734149000,0.000358471,0.000241242,0.000571311,1
actual,22,72,scatter_recursive_doubling_allgather,0,2048,512,0.726299277,0.000354638,0.000247584,0.000585979,1
actual,23,73,scatter_recursive_doubling_allgather,0,2048,512,0.755697384,0.000368993,0.000263383,0.000575520,1
actual,24,74,scatter_recursive_doubling_allgather,0,2048,512,0.726108908,0.000354545,0.000251050,0.000543442,1
actual,25,75,scatter_recursive_doubling_allgather,0,2048,512,0.739612725,0.000361139,0.000250729,0.000574160,1
actual,26,76,scatter_recursive_doubling_allgather,0,2048,512,0.726280990,0.000354629,0.000247773,0.000534653,1
actual,27,77,scatter_recursive_doubling_allgather,0,2048,512,0.735440300,0.000359102,0.000240250,0.000554129,1
actual,28,78,scatter_recursive_doubling_allgather,0,2048,512,0.728222017,0.000355577,0.000239088,0.000552229,1
actual,29,79,scatter_recursive_doubling_allgather,0,2048,512,0.752758009,0.000367558,0.000259235,0.000594044,1
actual,30,80,scatter_recursive_doubling_allgather,0,2048,512,0.719772440,0.000351451,0.000236633,0.000549182,1
actual,31,81,scatter_recursive_doubling_allgather,0,2048,512,0.743579064,0.000363076,0.000241061,0.000567235,1
actual,32,82,scatter_recursive_doubling_allgather,0,2048,512,0.719561591,0.000351348,0.000243836,0.000532328,1
actual,33,83,scatter_recursive_doubling_allgather,0,2048,512,0.721529158,0.000352309,0.000238276,0.000552416,1
actual,34,84,scatter_recursive_doubling_allgather,0,2048,512,0.733939322,0.000358369,0.000252953,0.000547928,1
actual,35,85,scatter_recursive_doubling_allgather,0,2048,512,0.737374547,0.000360046,0.000255388,0.000592664,1
actual,36,86,scatter_recursive_doubling_allgather,0,2048,512,0.711608062,0.000347465,0.000243736,0.000526378,1
actual,37,87,scatter_recursive_doubling_allgather,0,2048,512,0.756243549,0.000369260,0.000250379,0.000604964,1
actual,38,88,scatter_recursive_doubling_allgather,0,2048,512,0.743941946,0.000363253,0.000252582,0.000575950,1
actual,39,89,scatter_recursive_doubling_allgather,0,2048,512,0.745666434,0.000364095,0.000258363,0.000588718,1
actual,40,90,scatter_recursive_doubling_allgather,0,2048,512,0.697289490,0.000340473,0.000232996,0.000549293,1
actual,41,91,scatter_recursive_doubling_allgather,0,2048,512,0.761119734,0.000371640,0.000269354,0.000537228,1
actual,42,92,scatter_recursive_doubling_allgather,0,2048,512,0.749928529,0.000366176,0.000258513,0.000588797,1
actual,43,93,scatter_recursive_doubling_allgather,0,2048,512,0.722971235,0.000353013,0.000240199,0.000546482,1
actual,44,94,scatter_recursive_doubling_allgather,0,2048,512,0.759513686,0.000370856,0.000257402,0.000550558,1
actual,45,95,scatter_recursive_doubling_allgather,0,2048,512,0.750594781,0.000366501,0.000260337,0.000553688,1
actual,46,96,scatter_recursive_doubling_allgather,0,2048,512,0.735348819,0.000359057,0.000249287,0.000522271,1
actual,47,97,scatter_recursive_doubling_allgather,0,2048,512,0.744966287,0.000363753,0.000260227,0.000546516,1
actual,48,98,scatter_recursive_doubling_allgather,0,2048,512,0.733166116,0.000357991,0.000249367,0.000580191,1
actual,49,99,scatter_recursive_doubling_allgather,0,2048,512,0.771672107,0.000376793,0.000261058,0.000561935,1
warmup,0,0,scatter_recursive_doubling_allgather,0,2048,768,0.799318210,0.000390292,0.000273211,0.000601601,1
warmup,1,1,scatter_recursive_doubling_allgather,0,2048,768,0.812428685,0.000396694,0.000280025,0.000592100,1
warmup,2,2,scatter_recursive_doubling_allgather,0,2048,768,0.834820298,0.000407627,0.000289762,0.000596589,1
warmup,3,3,scatter_recursive_doubling_allgather,0,2048,768,0.823403713,0.000402053,0.000279583,0.000616292,1
warmup,4,4,scatter_recursive_doubling_allgather,0,2048,768,0.816984819,0.000398918,0.000277119,0.000611010,1
warmup,5,5,scatter_recursive_doubling_allgather,0,2048,768,0.792768810,0.000387094,0.000270967,0.000588706,1
warmup,6,6,scatter_recursive_doubling_allgather,0,2048,768,0.841467352,0.000410873,0.000298008,0.000615595,1
warmup,7,7,scatter_recursive_doubling_allgather,0,2048,768,0.796182535,0.000388761,0.000279433,0.000626404,1
warmup,8,8,scatter_recursive_doubling_allgather,0,2048,768,0.807016429,0.000394051,0.000277029,0.000646746,1
warmup,9,9,scatter_recursive_doubling_allgather,0,2048,768,0.823127161,0.000401918,0.000290604,0.000613203,1
warmup,10,10,scatter_recursive_doubling_allgather,0,2048,768,0.815330898,0.000398111,0.000279253,0.000577500,1
warmup,11,11,scatter_recursive_doubling_allgather,0,2048,768,0.856447108,0.000418187,0.000289161,0.000625285,1
warmup,12,12,scatter_recursive_doubling_allgather,0,2048,768,0.835862012,0.000408136,0.000296184,0.000628562,1
warmup,13,13,scatter_recursive_doubling_allgather,0,2048,768,0.823217923,0.000401962,0.000288430,0.000628842,1
warmup,14,14,scatter_recursive_doubling_allgather,0,2048,768,0.814879124,0.000397890,0.000284132,0.000648720,1
warmup,15,15,scatter_recursive_doubling_allgather,0,2048,768,0.835849112,0.000408129,0.000293480,0.000648379,1
warmup,16,16,scatter_recursive_doubling_allgather,0,2048,768,0.811720713,0.000396348,0.000284422,0.000604863,1
warmup,17,17,scatter_recursive_doubling_allgather,0,2048,768,0.804180325,0.000392666,0.000269625,0.000614423,1
warmup,18,18,scatter_recursive_doubling_allgather,0,2048,768,0.808950428,0.000394995,0.000287348,0.000585799,1
warmup,19,19,scatter_recursive_doubling_allgather,0,2048,768,0.830579983,0.000405557,0.000288309,0.000594893,1
warmup,20,20,scatter_recursive_doubling_allgather,0,2048,768,0.815202104,0.000398048,0.000276187,0.000601328,1
warmup,21,21,scatter_recursive_doubling_allgather,0,2048,768,0.851593295,0.000415817,0.000282619,0.000613762,1
warmup,22,22,scatter_recursive_doubling_allgather,0,2048,768,0.816907729,0.000398881,0.000280335,0.000641136,1
warmup,23,23,scatter_recursive_doubling_allgather,0,2048,768,0.826718075,0.000403671,0.000276107,0.000598813,1
warmup,24,24,scatter_recursive_doubling_allgather,0,2048,768,0.851496035,0.000415770,0.000296625,0.000650053,1
warmup,25,25,scatter_recursive_doubling_allgather,0,2048,768,0.801120358,0.000391172,0.000276227,0.000578396,1
warmup,26,26,scatter_recursive_doubling_allgather,0,2048,768,0.842864378,0.000411555,0.000304630,0.000612789,1
warmup,27,27,scatter_recursive_doubling_allgather,0,2048,768,0.826822362,0.000403722,0.000287028,0.000587434,1
warmup,28,28,scatter_recursive_doubling_allgather,0,2048,768,0.791968178,0.000386703,0.000268102,0.000571424,1
warmup,29,29,scatter_recursive_doubling_allgather,0,2048,768,0.826633079,0.000403629,0.000293379,0.000612841,1
warmup,30,30,scatter_recursive_doubling_allgather,0,2048,768,0.813180009,0.000397061,0.000266190,0.000626338,1
warmup,31,31,scatter_recursive_doubling_allgather,0,2048,768,0.796369384,0.000388852,0.000277830,0.000626628,1
warmup,32,32,scatter_recursive_doubling_allgather,0,2048,768,0.921770281,0.000450083,0.000338674,0.000629250,1
warmup,33,33,scatter_recursive_doubling_allgather,0,2048,768,0.813138827,0.000397040,0.000269114,0.000591069,1
warmup,34,34,scatter_recursive_doubling_allgather,0,2048,768,0.824757434,0.000402714,0.000289893,0.000599624,1
warmup,35,35,scatter_recursive_doubling_allgather,0,2048,768,0.842514435,0.000411384,0.000295874,0.000652407,1
warmup,36,36,scatter_recursive_doubling_allgather,0,2048,768,0.809788107,0.000395404,0.000285665,0.000581866,1
warmup,37,37,scatter_recursive_doubling_allgather,0,2048,768,0.869226109,0.000424427,0.000298258,0.000643067,1
warmup,38,38,scatter_recursive_doubling_allgather,0,2048,768,0.831351251,0.000405933,0.000295723,0.000624580,1
warmup,39,39,scatter_recursive_doubling_allgather,0,2048,768,0.811115725,0.000396053,0.000280195,0.000579096,1
warmup,40,40,scatter_recursive_doubling_allgather,0,2048,768,0.806092549,0.000393600,0.000283390,0.000530110,1
warmup,41,41,scatter_recursive_doubling_allgather,0,2048,768,0.807310137,0.000394194,0.000290935,0.000613222,1
warmup,42,42,scatter_recursive_doubling_allgather,0,2048,768,0.797659886,0.000389482,0.000278591,0.000581972,1
warmup,43,43,scatter_recursive_doubling_allgather,0,2048,768,0.819015125,0.000399910,0.000282139,0.000635331,1
warmup,44,44,scatter_recursive_doubling_allgather,0,2048,768,0.844203657,0.000412209,0.000299811,0.000632990,1
warmup,45,45,scatter_recursive_doubling_allgather,0,2048,768,0.798889588,0.000390083,0.000271748,0.000639417,1
warmup,46,46,scatter_recursive_doubling_allgather,0,2048,768,0.824217682,0.000402450,0.000297387,0.000615908,1
warmup,47,47,scatter_recursive_doubling_allgather,0,2048,768,0.802929750,0.000392056,0.000275015,0.000604803,1
warmup,48,48,scatter_recursive_doubling_allgather,0,2048,768,0.802211095,0.000391705,0.000274835,0.000589976,1
warmup,49,49,scatter_recursive_doubling_allgather,0,2048,768,0.809951421,0.000395484,0.000280966,0.000588334,1
actual,0,50,scatter_recursive_doubling_allgather,0,2048,768,0.823916319,0.000402303,0.000295072,0.000580108,1
actual,1,51,scatter_recursive_doubling_allgather,0,2048,768,1.189018188,0.000580575,0.000179567,0.000803267,1
actual,2,52,scatter_recursive_doubling_allgather,0,2048,768,0.819943592,0.000400363,0.000294321,0.000572094,1
actual,3,53,scatter_recursive_doubling_allgather,0,2048,768,0.834428087,0.000407436,0.000286366,0.000622741,1
actual,4,54,scatter_recursive_doubling_allgather,0,2048,768,0.859243196,0.000419552,0.000301855,0.000593383,1
actual,5,55,scatter_recursive_doubling_allgather,0,2048,768,0.825278825,0.000402968,0.000286196,0.000611749,1
actual,6,56,scatter_recursive_doubling_allgather,0,2048,768,0.859286202,0.000419573,0.000302045,0.000609081,1
actual,7,57,scatter_recursive_doubling_allgather,0,2048,768,0.837119959,0.000408750,0.000286637,0.000637409,1
actual,8,58,scatter_recursive_doubling_allgather,0,2048,768,0.821788980,0.000401264,0.000287899,0.000618052,1
actual,9,59,scatter_recursive_doubling_allgather,0,2048,768,0.798078684,0.000389687,0.000279934,0.000593293,1
actual,10,60,scatter_recursive_doubling_allgather,0,2048,768,0.812087206,0.000396527,0.000283982,0.000633238,1
actual,11,61,scatter_recursive_doubling_allgather,0,2048,768,0.832623626,0.000406555,0.000285845,0.000628983,1
actual,12,62,scatter_recursive_doubling_allgather,0,2048,768,0.836051959,0.000408228,0.000294050,0.000579828,1
actual,13,63,scatter_recursive_doubling_allgather,0,2048,768,0.824315060,0.000402498,0.000284653,0.000627380,1
actual,14,64,scatter_recursive_doubling_allgather,0,2048,768,0.800655201,0.000390945,0.000271729,0.000605778,1
actual,15,65,scatter_recursive_doubling_allgather,0,2048,768,0.812074196,0.000396521,0.000279292,0.000637739,1
actual,16,66,scatter_recursive_doubling_allgather,0,2048,768,0.827387294,0.000403998,0.000285234,0.000618824,1
actual,17,67,scatter_recursive_doubling_allgather,0,2048,768,0.813115347,0.000397029,0.000284182,0.000592752,1
actual,18,68,scatter_recursive_doubling_allgather,0,2048,768,0.829869730,0.000405210,0.000284292,0.000636794,1
actual,19,69,scatter_recursive_doubling_allgather,0,2048,768,0.831821760,0.000406163,0.000290985,0.000576444,1
actual,20,70,scatter_recursive_doubling_allgather,0,2048,768,0.820196142,0.000400486,0.000286095,0.000607560,1
actual,21,71,scatter_recursive_doubling_allgather,0,2048,768,0.810872561,0.000395934,0.000273041,0.000611997,1
actual,22,72,scatter_recursive_doubling_allgather,0,2048,768,0.832799513,0.000406640,0.000280886,0.000611116,1
actual,23,73,scatter_recursive_doubling_allgather,0,2048,768,0.820135682,0.000400457,0.000288430,0.000606008,1
actual,24,74,scatter_recursive_doubling_allgather,0,2048,768,0.838282645,0.000409318,0.000288651,0.000594475,1
actual,25,75,scatter_recursive_doubling_allgather,0,2048,768,0.805066954,0.000393099,0.000279414,0.000604806,1
actual,26,76,scatter_recursive_doubling_allgather,0,2048,768,0.825660435,0.000403155,0.000285905,0.000607850,1
actual,27,77,scatter_recursive_doubling_allgather,0,2048,768,0.825748833,0.000403198,0.000284723,0.000609937,1
actual,28,78,scatter_recursive_doubling_allgather,0,2048,768,0.800321761,0.000390782,0.000285735,0.000561554,1
actual,29,79,scatter_recursive_doubling_allgather,0,2048,768,0.847820634,0.000413975,0.000303458,0.000620103,1
actual,30,80,scatter_recursive_doubling_allgather,0,2048,768,0.791438054,0.000386444,0.000280876,0.000544922,1
actual,31,81,scatter_recursive_doubling_allgather,0,2048,768,0.803194567,0.000392185,0.000283621,0.000584547,1
actual,32,82,scatter_recursive_doubling_allgather,0,2048,768,0.821511757,0.000401129,0.000296304,0.000630222,1
actual,33,83,scatter_recursive_doubling_allgather,0,2048,768,0.805701417,0.000393409,0.000274033,0.000612542,1
actual,34,84,scatter_recursive_doubling_allgather,0,2048,768,0.799410597,0.000390337,0.000275475,0.000558578,1
actual,35,85,scatter_recursive_doubling_allgather,0,2048,768,0.825186775,0.000402923,0.000284993,0.000639799,1
actual,36,86,scatter_recursive_doubling_allgather,0,2048,768,0.847928985,0.000414028,0.000298920,0.000643487,1
actual,37,87,scatter_recursive_doubling_allgather,0,2048,768,0.810277964,0.000395644,0.000288270,0.000597582,1
actual,38,88,scatter_recursive_doubling_allgather,0,2048,768,0.824455360,0.000402566,0.000294291,0.000645511,1
actual,39,89,scatter_recursive_doubling_allgather,0,2048,768,0.814030130,0.000397476,0.000281296,0.000586481,1
actual,40,90,scatter_recursive_doubling_allgather,0,2048,768,0.826500674,0.000403565,0.000282008,0.000628690,1
actual,41,91,scatter_recursive_doubling_allgather,0,2048,768,0.838202479,0.000409279,0.000290534,0.000668903,1
actual,42,92,scatter_recursive_doubling_allgather,0,2048,768,0.836815516,0.000408601,0.000296154,0.000605392,1
actual,43,93,scatter_recursive_doubling_allgather,0,2048,768,1.141463163,0.000557355,0.000186015,0.000810330,1
actual,44,94,scatter_recursive_doubling_allgather,0,2048,768,0.820087880,0.000400434,0.000290284,0.000639688,1
actual,45,95,scatter_recursive_doubling_allgather,0,2048,768,0.830494216,0.000405515,0.000284473,0.000604235,1
actual,46,96,scatter_recursive_doubling_allgather,0,2048,768,0.796174983,0.000388757,0.000279894,0.000579479,1
actual,47,97,scatter_recursive_doubling_allgather,0,2048,768,0.847801224,0.000413965,0.000291546,0.000623119,1
actual,48,98,scatter_recursive_doubling_allgather,0,2048,768,0.841040690,0.000410664,0.000298990,0.000624220,1
actual,49,99,scatter_recursive_doubling_allgather,0,2048,768,0.824704699,0.000402688,0.000285294,0.000625332,1
warmup,0,0,scatter_recursive_doubling_allgather,0,2048,1024,0.831871458,0.000406187,0.000284212,0.000607261,1
warmup,1,1,scatter_recursive_doubling_allgather,0,2048,1024,0.837288549,0.000408832,0.000296878,0.000629230,1
warmup,2,2,scatter_recursive_doubling_allgather,0,2048,1024,0.850305715,0.000415188,0.000292267,0.000642244,1
warmup,3,3,scatter_recursive_doubling_allgather,0,2048,1024,0.843468162,0.000411850,0.000286987,0.000630685,1
warmup,4,4,scatter_recursive_doubling_allgather,0,2048,1024,0.844364969,0.000412288,0.000297396,0.000639473,1
warmup,5,5,scatter_recursive_doubling_allgather,0,2048,1024,0.830469146,0.000405503,0.000288430,0.000602610,1
warmup,6,6,scatter_recursive_doubling_allgather,0,2048,1024,0.848861233,0.000414483,0.000298789,0.000600206,1
warmup,7,7,scatter_recursive_doubling_allgather,0,2048,1024,0.828444404,0.000404514,0.000294311,0.000618340,1
warmup,8,8,scatter_recursive_doubling_allgather,0,2048,1024,0.834357886,0.000407401,0.000288991,0.000596981,1
warmup,9,9,scatter_recursive_doubling_allgather,0,2048,1024,0.861027045,0.000420423,0.000307777,0.000616719,1
warmup,10,10,scatter_recursive_doubling_allgather,0,2048,1024,0.852239423,0.000416133,0.000293249,0.000631896,1
warmup,11,11,scatter_recursive_doubling_allgather,0,2048,1024,0.832599463,0.000406543,0.000279633,0.000615405,1
warmup,12,12,scatter_recursive_doubling_allgather,0,2048,1024,0.835269020,0.000407846,0.000288039,0.000613443,1
warmup,13,13,scatter_recursive_doubling_allgather,0,2048,1024,0.879016671,0.000429207,0.000305843,0.000650172,1
warmup,14,14,scatter_recursive_doubling_allgather,0,2048,1024,0.833446539,0.000406956,0.000284433,0.000601118,1
warmup,15,15,scatter_recursive_doubling_allgather,0,2048,1024,0.829995169,0.000405271,0.000288420,0.000620915,1
warmup,16,16,scatter_recursive_doubling_allgather,0,2048,1024,0.851473197,0.000415758,0.000299621,0.000666329,1
warmup,17,17,scatter_recursive_doubling_allgather,0,2048,1024,0.844778657,0.000412490,0.000288109,0.000614783,1
warmup,18,18,scatter_recursive_doubling_allgather,0,2048,1024,0.840183728,0.000410246,0.000297316,0.000706635,1
warmup,19,19,scatter_recursive_doubling_allgather,0,2048,1024,0.873241805,0.000426388,0.000302757,0.000667280,1
warmup,20,20,scatter_recursive_doubling_allgather,0,2048,1024,0.844857769,0.000412528,0.000293650,0.000618982,1
warmup,21,21,scatter_recursive_doubling_allgather,0,2048,1024,0.890165150,0.000434651,0.000310711,0.000639020,1
warmup,22,22,scatter_recursive_doubling_allgather,0,2048,1024,0.851599320,0.000415820,0.000309038,0.000619402,1
warmup,23,23,scatter_recursive_doubling_allgather,0,2048,1024,0.852646608,0.000416331,0.000286816,0.000666193,1
warmup,24,24,scatter_recursive_doubling_allgather,0,2048,1024,0.826167568,0.000403402,0.000284443,0.000634420,1
warmup,25,25,scatter_recursive_doubling_allgather,0,2048,1024,0.853286373,0.000416644,0.000304470,0.000623060,1
warmup,26,26,scatter_recursive_doubling_allgather,0,2048,1024,0.831626294,0.000406068,0.000290424,0.000625495,1
warmup,27,27,scatter_recursive_doubling_allgather,0,2048,1024,0.831294999,0.000405906,0.000287689,0.000629951,1
warmup,28,28,scatter_recursive_doubling_allgather,0,2048,1024,0.838506291,0.000409427,0.000293309,0.000619214,1
warmup,29,29,scatter_recursive_doubling_allgather,0,2048,1024,0.854636765,0.000417303,0.000301955,0.000630644,1
warmup,30,30,scatter_recursive_doubling_allgather,0,2048,1024,0.837891033,0.000409126,0.000302667,0.000607340,1
warmup,31,31,scatter_recursive_doubling_allgather,0,2048,1024,0.843248662,0.000411743,0.000299671,0.000643109,1
warmup,32,32,scatter_recursive_doubling_allgather,0,2048,1024,0.840155941,0.000410232,0.000294491,0.000619032,1
warmup,33,33,scatter_recursive_doubling_allgather,0,2048,1024,0.862968210,0.000421371,0.000303538,0.000618424,1
warmup,34,34,scatter_recursive_doubling_allgather,0,2048,1024,0.863512685,0.000421637,0.000306584,0.000656054,1
warmup,35,35,scatter_recursive_doubling_allgather,0,2048,1024,0.841843421,0.000411056,0.000297888,0.000625003,1
warmup,36,36,scatter_recursive_doubling_allgather,0,2048,1024,0.886226332,0.000432728,0.000313477,0.000657843,1
warmup,37,37,scatter_recursive_doubling_allgather,0,2048,1024,0.856308144,0.000418119,0.000287719,0.000629123,1
warmup,38,38,scatter_recursive_doubling_allgather,0,2048,1024,0.824947021,0.000402806,0.000287298,0.000627448,1
warmup,39,39,scatter_recursive_doubling_allgather,0,2048,1024,0.848154584,0.000414138,0.000293379,0.000635964,1
warmup,40,40,scatter_recursive_doubling_allgather,0,2048,1024,0.849194118,0.000414646,0.000302607,0.000607483,1
warmup,41,41,scatter_recursive_doubling_allgather,0,2048,1024,0.840755173,0.000410525,0.000297938,0.000638801,1
warmup,42,42,scatter_recursive_doubling_allgather,0,2048,1024,0.851010305,0.000415532,0.000304480,0.000659987,1
warmup,43,43,scatter_recursive_doubling_allgather,0,2048,1024,0.844861412,0.000412530,0.000292026,0.000646354,1
warmup,44,44,scatter_recursive_doubling_allgather,0,2048,1024,0.842639934,0.000411445,0.000285485,0.000609876,1
warmup,45,45,scatter_recursive_doubling_allgather,0,2048,1024,0.841145688,0.000410716,0.000286186,0.000616688,1
warmup,46,46,scatter_recursive_doubling_allgather,0,2048,1024,0.832729258,0.000406606,0.000289992,0.000603253,1
warmup,47,47,scatter_recursive_doubling_allgather,0,2048,1024,0.827596433,0.000404100,0.000288319,0.000651944,1
warmup,48,48,scatter_recursive_doubling_allgather,0,2048,1024,0.837900230,0.000409131,0.000299801,0.000630833,1
warmup,49,49,scatter_recursive_doubling_allgather,0,2048,1024,0.832387353,0.000406439,0.000282138,0.000635952,1
actual,0,50,scatter_recursive_doubling_allgather,0,2048,1024,0.840968800,0.000410629,0.000291976,0.000639363,1
actual,1,51,scatter_recursive_doubling_allgather,0,2048,1024,0.835212085,0.000407818,0.000287798,0.000606638,1
actual,2,52,scatter_recursive_doubling_allgather,0,2048,1024,0.818452825,0.000399635,0.000287769,0.000600005,1
actual,3,53,scatter_recursive_doubling_allgather,0,2048,1024,0.820328791,0.000400551,0.000275846,0.000608531,1
actual,4,54,scatter_recursive_doubling_allgather,0,2048,1024,0.814699930,0.000397803,0.000286156,0.000618561,1
actual,5,55,scatter_recursive_doubling_allgather,0,2048,1024,0.853952342,0.000416969,0.000304831,0.000674444,1
actual,6,56,scatter_recursive_doubling_allgather,0,2048,1024,0.817382373,0.000399112,0.000289703,0.000605546,1
actual,7,57,scatter_recursive_doubling_allgather,0,2048,1024,0.848266784,0.000414193,0.000303598,0.000656303,1
actual,8,58,scatter_recursive_doubling_allgather,0,2048,1024,0.822636372,0.000401678,0.000278742,0.000617360,1
actual,9,59,scatter_recursive_doubling_allgather,0,2048,1024,0.840683719,0.000410490,0.000289983,0.000623911,1
actual,10,60,scatter_recursive_doubling_allgather,0,2048,1024,0.919876659,0.000449159,0.000344906,0.000618694,1
actual,11,61,scatter_recursive_doubling_allgather,0,2048,1024,0.860644861,0.000420237,0.000299621,0.000662205,1
actual,12,62,scatter_recursive_doubling_allgather,0,2048,1024,0.836237895,0.000408319,0.000302847,0.000610074,1
actual,13,63,scatter_recursive_doubling_allgather,0,2048,1024,0.874908087,0.000427201,0.000300683,0.000688050,1
actual,14,64,scatter_recursive_doubling_allgather,0,2048,1024,0.841986036,0.000411126,0.000282739,0.000622139,1
actual,15,65,scatter_recursive_doubling_allgather,0,2048,1024,0.851668612,0.000415854,0.000292808,0.000637699,1
actual,16,66,scatter_recursive_doubling_allgather,0,2048,1024,0.851667096,0.000415853,0.000288961,0.000630835,1
actual,17,67,scatter_recursive_doubling_allgather,0,2048,1024,0.861844054,0.000420822,0.000296004,0.000671388,1
actual,18,68,scatter_recursive_doubling_allgather,0,2048,1024,0.837590347,0.000408980,0.000299420,0.000659077,1
actual,19,69,scatter_recursive_doubling_allgather,0,2048,1024,0.846738767,0.000413447,0.000291065,0.000638850,1
actual,20,70,scatter_recursive_doubling_allgather,0,2048,1024,0.867964709,0.000423811,0.000314338,0.000650903,1
actual,21,71,scatter_recursive_doubling_allgather,0,2048,1024,0.843744701,0.000411985,0.000289602,0.000634520,1
actual,22,72,scatter_recursive_doubling_allgather,0,2048,1024,0.817742306,0.000399288,0.000289933,0.000629297,1
actual,23,73,scatter_recursive_doubling_allgather,0,2048,1024,0.832460099,0.000406475,0.000286737,0.000608704,1
actual,24,74,scatter_recursive_doubling_allgather,0,2048,1024,0.822000234,0.000401367,0.000283330,0.000615736,1
actual,25,75,scatter_recursive_doubling_allgather,0,2048,1024,0.830503886,0.000405519,0.000283931,0.000631706,1
actual,26,76,scatter_recursive_doubling_allgather,0,2048,1024,0.854479388,0.000417226,0.000298809,0.000667264,1
actual,27,77,scatter_recursive_doubling_allgather,0,2048,1024,0.878310801,0.000428863,0.000292608,0.000685315,1
actual,28,78,scatter_recursive_doubling_allgather,0,2048,1024,0.841272574,0.000410778,0.000291125,0.000618240,1
actual,29,79,scatter_recursive_doubling_allgather,0,2048,1024,0.839079782,0.000409707,0.000291796,0.000647346,1
actual,30,80,scatter_recursive_doubling_allgather,0,2048,1024,0.827914033,0.000404255,0.000286186,0.000640084,1
actual,31,81,scatter_recursive_doubling_allgather,0,2048,1024,0.851038581,0.000415546,0.000304310,0.000629481,1
actual,32,82,scatter_recursive_doubling_allgather,0,2048,1024,0.827066998,0.000403841,0.000289271,0.000627607,1
actual,33,83,scatter_recursive_doubling_allgather,0,2048,1024,0.840160741,0.000410235,0.000290884,0.000642558,1
actual,34,84,scatter_recursive_doubling_allgather,0,2048,1024,0.860417566,0.000420126,0.000308979,0.000618099,1
actual,35,85,scatter_recursive_doubling_allgather,0,2048,1024,0.852395290,0.000416209,0.000296465,0.000610537,1
actual,36,86,scatter_recursive_doubling_allgather,0,2048,1024,0.815982523,0.000398429,0.000293871,0.000590711,1
actual,37,87,scatter_recursive_doubling_allgather,0,2048,1024,0.857595104,0.000418748,0.000305993,0.000643214,1
actual,38,88,scatter_recursive_doubling_allgather,0,2048,1024,0.842774512,0.000411511,0.000296606,0.000586353,1
actual,39,89,scatter_recursive_doubling_allgather,0,2048,1024,0.842692088,0.000411471,0.000294151,0.000600578,1
actual,40,90,scatter_recursive_doubling_allgather,0,2048,1024,0.827150119,0.000403882,0.000288841,0.000640915,1
actual,41,91,scatter_recursive_doubling_allgather,0,2048,1024,0.821444690,0.000401096,0.000284673,0.000630830,1
actual,42,92,scatter_recursive_doubling_allgather,0,2048,1024,0.867829771,0.000423745,0.000299641,0.000627400,1
actual,43,93,scatter_recursive_doubling_allgather,0,2048,1024,0.852122327,0.000416075,0.000286156,0.000627599,1
actual,44,94,scatter_recursive_doubling_allgather,0,2048,1024,0.871281867,0.000425431,0.000299831,0.000669958,1
actual,45,95,scatter_recursive_doubling_allgather,0,2048,1024,0.814096682,0.000397508,0.000280866,0.000597042,1
actual,46,96,scatter_recursive_doubling_allgather,0,2048,1024,0.841166329,0.000410726,0.000300192,0.000656281,1
actual,47,97,scatter_recursive_doubling_allgather,0,2048,1024,0.858455271,0.000419168,0.000295914,0.001418129,1
actual,48,98,scatter_recursive_doubling_allgather,0,2048,1024,0.831650530,0.000406079,0.000287358,0.000593916,1
actual,49,99,scatter_recursive_doubling_allgather,0,2048,1024,0.857670026,0.000418784,0.000298519,0.000642889,1
warmup,0,0,scatter_recursive_doubling_allgather,0,2048,1536,0.925723002,0.000452013,0.000327944,0.000659407,1
warmup,1,1,scatter_recursive_doubling_allgather,0,2048,1536,0.887371854,0.000433287,0.000311664,0.000662293,1
warmup,2,2,scatter_recursive_doubling_allgather,0,2048,1536,0.949153240,0.000463454,0.000344945,0.000690777,1
warmup,3,3,scatter_recursive_doubling_allgather,0,2048,1536,0.928753435,0.000453493,0.000324117,0.000667653,1
warmup,4,4,scatter_recursive_doubling_allgather,0,2048,1536,0.909439933,0.000444062,0.000324788,0.000650791,1
warmup,5,5,scatter_recursive_doubling_allgather,0,2048,1536,0.936492676,0.000457272,0.000335488,0.000682872,1
warmup,6,6,scatter_recursive_doubling_allgather,0,2048,1536,0.914720561,0.000446641,0.000330588,0.000654307,1
warmup,7,7,scatter_recursive_doubling_allgather,0,2048,1536,0.913588294,0.000446088,0.000328685,0.000688301,1
warmup,8,8,scatter_recursive_doubling_allgather,0,2048,1536,0.937239425,0.000457636,0.000336490,0.000728145,1
warmup,9,9,scatter_recursive_doubling_allgather,0,2048,1536,0.924483541,0.000451408,0.000337702,0.000675277,1
warmup,10,10,scatter_recursive_doubling_allgather,0,2048,1536,0.925911376,0.000452105,0.000331110,0.000665729,1
warmup,11,11,scatter_recursive_doubling_allgather,0,2048,1536,0.919210026,0.000448833,0.000333444,0.000681191,1
warmup,12,12,scatter_recursive_doubling_allgather,0,2048,1536,0.910692049,0.000444674,0.000328646,0.000632656,1
warmup,13,13,scatter_recursive_doubling_allgather,0,2048,1536,0.939898261,0.000458935,0.000331260,0.000657934,1
warmup,14,14,scatter_recursive_doubling_allgather,0,2048,1536,0.928174993,0.000453210,0.000343082,0.000677574,1
warmup,15,15,scatter_recursive_doubling_allgather,0,2048,1536,0.923643036,0.000450998,0.000337011,0.000666270,1
warmup,16,16,scatter_recursive_doubling_allgather,0,2048,1536,0.926919952,0.000452598,0.000317775,0.000665720,1
warmup,17,17,scatter_recursive_doubling_allgather,0,2048,1536,0.930043580,0.000454123,0.000337001,0.000655129,1
warmup,18,18,scatter_recursive_doubling_allgather,0,2048,1536,0.902425736,0.000440638,0.000325739,0.000644610,1
warmup,19,19,scatter_recursive_doubling_allgather,0,2048,1536,0.926089237,0.000452192,0.000331721,0.000680165,1
warmup,20,20,scatter_recursive_doubling_allgather,0,2048,1536,0.962347955,0.000469896,0.000343142,0.000685919,1
warmup,21,21,scatter_recursive_doubling_allgather,0,2048,1536,0.928968975,0.000453598,0.000337011,0.000712700,1
warmup,22,22,scatter_recursive_doubling_allgather,0,2048,1536,0.916965450,0.000447737,0.000335588,0.000665250,1
warmup,23,23,scatter_recursive_doubling_allgather,0,2048,1536,0.959418328,0.000468466,0.000340367,0.000707687,1
warmup,24,24,scatter_recursive_doubling_allgather,0,2048,1536,0.907202968,0.000442970,0.000327293,0.000638528,1
warmup,25,25,scatter_recursive_doubling_allgather,0,2048,1536,0.910617137,0.000444637,0.000256221,0.000700445,1
warmup,26,26,scatter_recursive_doubling_allgather,0,2048,1536,0.933992482,0.000456051,0.000334897,0.000638758,1
warmup,27,27,scatter_recursive_doubling_allgather,0,2048,1536,0.956356878,0.000466971,0.000341019,0.000699736,1
warmup,28,28,scatter_recursive_doubling_allgather,0,2048,1536,0.921536606,0.000449969,0.000330679,0.000665008,1
warmup,29,29,scatter_recursive_doubling_allgather,0,2048,1536,0.915978924,0.000447255,0.000328214,0.000678342,1
warmup,30,30,scatter_recursive_doubling_allgather,0,2048,1536,0.933114243,0.000455622,0.000327473,0.000665599,1
warmup,31,31,scatter_recursive_doubling_allgather,0,2048,1536,0.910799411,0.000444726,0.000322374,0.000686210,1
warmup,32,32,scatter_recursive_doubling_allgather,0,2048,1536,0.913847520,0.000446215,0.000327563,0.000645923,1
warmup,33,33,scatter_recursive_doubling_allgather,0,2048,1536,0.912999558,0.000445801,0.000323356,0.000641185,1
warmup,34,34,scatter_recursive_doubling_allgather,0,2048,1536,0.913334284,0.000445964,0.000328164,0.000660822,1
warmup,35,35,scatter_recursive_doubling_allgather,0,2048,1536,0.914306296,0.000446439,0.000322113,0.000681640,1
warmup,36,36,scatter_recursive_doubling_allgather,0,2048,1536,0.916262781,0.000447394,0.000332903,0.000692279,1
warmup,37,37,scatter_recursive_doubling_allgather,0,2048,1536,0.929893668,0.000454050,0.000333905,0.000680179,1
warmup,38,38,scatter_recursive_doubling_allgather,0,2048,1536,0.924074395,0.000451208,0.000327744,0.000668805,1
warmup,39,39,scatter_recursive_doubling_allgather,0,2048,1536,0.935053816,0.000456569,0.000335198,0.000662447,1
warmup,40,40,scatter_recursive_doubling_allgather,0,2048,1536,0.909416846,0.000444051,0.000325369,0.000669337,1
warmup,41,41,scatter_recursive_doubling_allgather,0,2048,1536,0.924099353,0.000451220,0.000328114,0.000683273,1
warmup,42,42,scatter_recursive_doubling_allgather,0,2048,1536,0.913048739,0.000445825,0.000327554,0.000653336,1
warmup,43,43,scatter_recursive_doubling_allgather,0,2048,1536,0.933639388,0.000455879,0.000336930,0.000684434,1
warmup,44,44,scatter_recursive_doubling_allgather,0,2048,1536,1.097218669,0.000535751,0.000408124,0.000778544,1
warmup,45,45,scatter_recursive_doubling_allgather,0,2048,1536,0.924816507,0.000451571,0.000333624,0.000672181,1
warmup,46,46,scatter_recursive_doubling_allgather,0,2048,1536,0.927358215,0.000452812,0.000318225,0.000677401,1
warmup,47,47,scatter_recursive_doubling_allgather,0,2048,1536,0.927261174,0.000452764,0.000332402,0.000655252,1
warmup,48,48,scatter_recursive_doubling_allgather,0,2048,1536,0.987509777,0.000482183,0.000383099,0.000670917,1
warmup,49,49,scatter_recursive_doubling_allgather,0,2048,1536,0.936599439,0.000457324,0.000327674,0.000667050,1
actual,0,50,scatter_recursive_doubling_allgather,0,2048,1536,0.921256099,0.000449832,0.000331951,0.000682068,1
actual,1,51,scatter_recursive_doubling_allgather,0,2048,1536,0.935722370,0.000456896,0.000333274,0.000690426,1
actual,2,52,scatter_recursive_doubling_allgather,0,2048,1536,0.909629071,0.000444155,0.000315020,0.000665709,1
actual,3,53,scatter_recursive_doubling_allgather,0,2048,1536,0.911980039,0.000445303,0.000330399,0.000672811,1
actual,4,54,scatter_recursive_doubling_allgather,0,2048,1536,0.915055972,0.000446805,0.000329457,0.000657465,1
actual,5,55,scatter_recursive_doubling_allgather,0,2048,1536,0.939239293,0.000458613,0.000326241,0.000719432,1
actual,6,56,scatter_recursive_doubling_allgather,0,2048,1536,0.994809461,0.000485747,0.000371275,0.000718729,1
actual,7,57,scatter_recursive_doubling_allgather,0,2048,1536,0.909089928,0.000443892,0.000323045,0.000660309,1
actual,8,58,scatter_recursive_doubling_allgather,0,2048,1536,0.929615951,0.000453914,0.000341549,0.000674017,1
actual,9,59,scatter_recursive_doubling_allgather,0,2048,1536,0.926506633,0.000452396,0.000325409,0.000666775,1
actual,10,60,scatter_recursive_doubling_allgather,0,2048,1536,0.919803580,0.000449123,0.000338834,0.000671028,1
actual,11,61,scatter_recursive_doubling_allgather,0,2048,1536,0.929070499,0.000453648,0.000331080,0.000651943,1
actual,12,62,scatter_recursive_doubling_allgather,0,2048,1536,0.903143020,0.000440988,0.000317154,0.000680098,1
actual,13,63,scatter_recursive_doubling_allgather,0,2048,1536,0.920117013,0.000449276,0.000331360,0.000711195,1
actual,14,64,scatter_recursive_doubling_allgather,0,2048,1536,0.923239074,0.000450800,0.000327794,0.000666750,1
actual,15,65,scatter_recursive_doubling_allgather,0,2048,1536,0.929904867,0.000454055,0.000331691,0.000677342,1
actual,16,66,scatter_recursive_doubling_allgather,0,2048,1536,0.930558485,0.000454374,0.000331371,0.000676018,1
actual,17,67,scatter_recursive_doubling_allgather,0,2048,1536,0.927866264,0.000453060,0.000327623,0.000651197,1
actual,18,68,scatter_recursive_doubling_allgather,0,2048,1536,0.908980136,0.000443838,0.000316473,0.000646335,1
actual,19,69,scatter_recursive_doubling_allgather,0,2048,1536,0.924577317,0.000451454,0.000333885,0.000672531,1
actual,20,70,scatter_recursive_doubling_allgather,0,2048,1536,0.931236857,0.000454705,0.000338564,0.000673967,1
actual,21,71,scatter_recursive_doubling_allgather,0,2048,1536,0.916264547,0.000447395,0.000328806,0.000653058,1
actual,22,72,scatter_recursive_doubling_allgather,0,2048,1536,0.914966017,0.000446761,0.000323746,0.000717669,1
actual,23,73,scatter_recursive_doubling_allgather,0,2048,1536,0.938408685,0.000458207,0.000322705,0.000681651,1
actual,24,74,scatter_recursive_doubling_allgather,0,2048,1536,0.982036912,0.000479510,0.000351128,0.000733550,1
actual,25,75,scatter_recursive_doubling_allgather,0,2048,1536,0.939155151,0.000458572,0.000329487,0.000668685,1
actual,26,76,scatter_recursive_doubling_allgather,0,2048,1536,0.949592652,0.000463668,0.000322254,0.000682163,1
actual,27,77,scatter_recursive_doubling_allgather,0,2048,1536,0.938157460,0.000458085,0.000321923,0.000713159,1
actual,28,78,scatter_recursive_doubling_allgather,0,2048,1536,0.913903960,0.000446242,0.000331982,0.000667943,1
actual,29,79,scatter_recursive_doubling_allgather,0,2048,1536,0.907765716,0.000443245,0.000313967,0.000665659,1
actual,30,80,scatter_recursive_doubling_allgather,0,2048,1536,0.906254411,0.000442507,0.000327573,0.000709003,1
actual,31,81,scatter_recursive_doubling_allgather,0,2048,1536,0.928969294,0.000453598,0.000334346,0.000693471,1
actual,32,82,scatter_recursive_doubling_allgather,0,2048,1536,0.926550868,0.000452417,0.000336860,0.000709882,1
actual,33,83,scatter_recursive_doubling_allgather,0,2048,1536,0.934022895,0.000456066,0.000330078,0.000681027,1
actual,34,84,scatter_recursive_doubling_allgather,0,2048,1536,0.914187630,0.000446381,0.000309259,0.000666843,1
actual,35,85,scatter_recursive_doubling_allgather,0,2048,1536,0.898370044,0.000438657,0.000317604,0.000635793,1
actual,36,86,scatter_recursive_doubling_allgather,0,2048,1536,0.916580553,0.000447549,0.000330428,0.000670641,1
actual,37,87,scatter_recursive_doubling_allgather,0,2048,1536,0.931248742,0.000454711,0.000329877,0.000706154,1
actual,38,88,scatter_recursive_doubling_allgather,0,2048,1536,0.915078968,0.000446816,0.000324868,0.000657988,1
actual,39,89,scatter_recursive_doubling_allgather,0,2048,1536,0.947003567,0.000462404,0.000335929,0.000678485,1
actual,40,90,scatter_recursive_doubling_allgather,0,2048,1536,0.944302776,0.000461085,0.000347080,0.000702878,1
actual,41,91,scatter_recursive_doubling_allgather,0,2048,1536,0.959215028,0.000468367,0.000352219,0.000696827,1
actual,42,92,scatter_recursive_doubling_allgather,0,2048,1536,0.903725980,0.000441272,0.000323856,0.000649832,1
actual,43,93,scatter_recursive_doubling_allgather,0,2048,1536,0.948270452,0.000463023,0.000343112,0.000667288,1
actual,44,94,scatter_recursive_doubling_allgather,0,2048,1536,0.916237259,0.000447381,0.000318146,0.000700635,1
actual,45,95,scatter_recursive_doubling_allgather,0,2048,1536,0.938866853,0.000458431,0.000328475,0.000676803,1
actual,46,96,scatter_recursive_doubling_allgather,0,2048,1536,0.917745112,0.000448118,0.000322685,0.000667683,1
actual,47,97,scatter_recursive_doubling_allgather,0,2048,1536,0.927688409,0.000452973,0.000338984,0.000653298,1
actual,48,98,scatter_recursive_doubling_allgather,0,2048,1536,0.924309978,0.000451323,0.000327593,0.000677954,1
actual,49,99,scatter_recursive_doubling_allgather,0,2048,1536,0.925158591,0.000451738,0.000337883,0.000712450,1
warmup,0,0,scatter_recursive_doubling_allgather,0,2048,2048,0.958702016,0.000468116,0.000347070,0.000689747,1
warmup,1,1,scatter_recursive_doubling_allgather,0,2048,2048,0.959378171,0.000468446,0.000349604,0.000737052,1
warmup,2,2,scatter_recursive_doubling_allgather,0,2048,2048,0.956345851,0.000466966,0.000354383,0.000688445,1
warmup,3,3,scatter_recursive_doubling_allgather,0,2048,2048,0.963926012,0.000470667,0.000347020,0.000703413,1
warmup,4,4,scatter_recursive_doubling_allgather,0,2048,2048,0.943720977,0.000460801,0.000344815,0.000674158,1
warmup,5,5,scatter_recursive_doubling_allgather,0,2048,2048,0.945728166,0.000461781,0.000343002,0.000692705,1
warmup,6,6,scatter_recursive_doubling_allgather,0,2048,2048,0.956947534,0.000467260,0.000353462,0.000698119,1
warmup,7,7,scatter_recursive_doubling_allgather,0,2048,2048,0.974438225,0.000475800,0.000365926,0.000722465,1
warmup,8,8,scatter_recursive_doubling_allgather,0,2048,2048,0.930337931,0.000454267,0.000327544,0.000704260,1
warmup,9,9,scatter_recursive_doubling_allgather,0,2048,2048,0.941107080,0.000459525,0.000345858,0.000697379,1
warmup,10,10,scatter_recursive_doubling_allgather,0,2048,2048,0.946313088,0.000462067,0.000347200,0.000676310,1
warmup,11,11,scatter_recursive_doubling_allgather,0,2048,2048,0.959817749,0.000468661,0.000351037,0.000719280,1
warmup,12,12,scatter_recursive_doubling_allgather,0,2048,2048,0.943567702,0.000460726,0.000345386,0.000691856,1
warmup,13,13,scatter_recursive_doubling_allgather,0,2048,2048,0.966383203,0.000471867,0.000356818,0.000716826,1
warmup,14,14,scatter_recursive_doubling_allgather,0,2048,2048,0.932746264,0.000455443,0.000332172,0.000679585,1
warmup,15,15,scatter_recursive_doubling_allgather,0,2048,2048,0.954058811,0.000465849,0.000348973,0.000710523,1
warmup,16,16,scatter_recursive_doubling_allgather,0,2048,2048,0.952718728,0.000465195,0.000349504,0.000719611,1
warmup,17,17,scatter_recursive_doubling_allgather,0,2048,2048,0.952111758,0.000464898,0.000345336,0.000680499,1
warmup,18,18,scatter_recursive_doubling_allgather,0,2048,2048,0.954820413,0.000466221,0.000345637,0.000683873,1
warmup,19,19,scatter_recursive_doubling_allgather,0,2048,2048,0.968448187,0.000472875,0.000346177,0.000740768,1
warmup,20,20,scatter_recursive_doubling_allgather,0,2048,2048,0.943699671,0.000460791,0.000334576,0.000698603,1
warmup,21,21,scatter_recursive_doubling_allgather,0,2048,2048,0.956107104,0.000466849,0.000333575,0.000679809,1
warmup,22,22,scatter_recursive_doubling_allgather,0,2048,2048,0.946071278,0.000461949,0.000341820,0.000689964,1
warmup,23,23,scatter_recursive_doubling_allgather,0,2048,2048,0.951764574,0.000464729,0.000351849,0.000658605,1
warmup,24,24,scatter_recursive_doubling_allgather,0,2048,2048,0.961625112,0.000469544,0.000355866,0.000664338,1
warmup,25,25,scatter_recursive_doubling_allgather,0,2048,2048,0.971323848,0.000474279,0.000352019,0.000703353,1
warmup,26,26,scatter_recursive_doubling_allgather,0,2048,2048,0.961323300,0.000469396,0.000349524,0.000706758,1
warmup,27,27,scatter_recursive_doubling_allgather,0,2048,2048,0.960775886,0.000469129,0.000352510,0.000694014,1
warmup,28,28,scatter_recursive_doubling_allgather,0,2048,2048,0.949421262,0.000463585,0.000351869,0.000706096,1
warmup,29,29,scatter_recursive_doubling_allgather,0,2048,2048,0.956994420,0.000467282,0.000351207,0.000691559,1
warmup,30,30,scatter_recursive_doubling_allgather,0,2048,2048,0.952418710,0.000465048,0.000345467,0.000685449,1
warmup,31,31,scatter_recursive_doubling_allgather,0,2048,2048,0.960753409,0.000469118,0.000351258,0.000714128,1
warmup,32,32,scatter_recursive_doubling_allgather,0,2048,2048,0.921631246,0.000450015,0.000328174,0.000655109,1
warmup,33,33,scatter_recursive_doubling_allgather,0,2048,2048,0.954437967,0.000466034,0.000346860,0.000677050,1
warmup,34,34,scatter_recursive_doubling_allgather,0,2048,2048,0.963224195,0.000470324,0.000352720,0.000712156,1
warmup,35,35,scatter_recursive_doubling_allgather,0,2048,2048,0.957037191,0.000467303,0.000340338,0.000702880,1
warmup,36,36,scatter_recursive_doubling_allgather,0,2048,2048,0.939403252,0.000458693,0.000347049,0.000698011,1
warmup,37,37,scatter_recursive_doubling_allgather,0,2048,2048,0.953720299,0.000465684,0.000340468,0.000677046,1
warmup,38,38,scatter_recursive_doubling_allgather,0,2048,2048,0.943673438,0.000460778,0.000315792,0.000655844,1
warmup,39,39,scatter_recursive_doubling_allgather,0,2048,2048,0.963711915,0.000470562,0.000360014,0.000694252,1
warmup,40,40,scatter_recursive_doubling_allgather,0,2048,2048,0.970244312,0.000473752,0.000360214,0.000681011,1
warmup,41,41,scatter_recursive_doubling_allgather,0,2048,2048,0.958317032,0.000467928,0.000351759,0.000708246,1
warmup,42,42,scatter_recursive_doubling_allgather,0,2048,2048,0.954240300,0.000465938,0.000353622,0.000676340,1
warmup,43,43,scatter_recursive_doubling_allgather,0,2048,2048,0.951751488,0.000464722,0.000348272,0.000690685,1
warmup,44,44,scatter_recursive_doubling_allgather,0,2048,2048,0.950464277,0.000464094,0.000344135,0.000716113,1
warmup,45,45,scatter_recursive_doubling_allgather,0,2048,2048,0.968620340,0.000472959,0.000347230,0.000692382,1
warmup,46,46,scatter_recursive_doubling_allgather,0,2048,2048,0.968299345,0.000472802,0.000361597,0.000703573,1
warmup,47,47,scatter_recursive_doubling_allgather,0,2048,2048,0.950994338,0.000464353,0.000338373,0.000684455,1
warmup,48,48,scatter_recursive_doubling_allgather,0,2048,2048,0.960591672,0.000469039,0.000355526,0.000693049,1
warmup,49,49,scatter_recursive_doubling_allgather,0,2048,2048,0.966274126,0.000471814,0.000352089,0.000691419,1
actual,0,50,scatter_recursive_doubling_allgather,0,2048,2048,0.962805778,0.000470120,0.000353171,0.000679684,1
actual,1,51,scatter_recursive_doubling_allgather,0,2048,2048,0.964712022,0.000471051,0.000353081,0.000740760,1
actual,2,52,scatter_recursive_doubling_allgather,0,2048,2048,0.953955901,0.000465799,0.000352030,0.000697139,1
actual,3,53,scatter_recursive_doubling_allgather,0,2048,2048,0.957463921,0.000467512,0.000353321,0.000710053,1
actual,4,54,scatter_recursive_doubling_allgather,0,2048,2048,0.931382686,0.000454777,0.000332893,0.000655383,1
actual,5,55,scatter_recursive_doubling_allgather,0,2048,2048,0.985063536,0.000480988,0.000357209,0.000672444,1
actual,6,56,scatter_recursive_doubling_allgather,0,2048,2048,0.939870202,0.000458921,0.000278341,0.000663274,1
actual,7,57,scatter_recursive_doubling_allgather,0,2048,2048,0.962890150,0.000470161,0.000354704,0.000742697,1
actual,8,58,scatter_recursive_doubling_allgather,0,2048,2048,0.952268270,0.000464975,0.000346819,0.000723305,1
actual,9,59,scatter_recursive_doubling_allgather,0,2048,2048,0.950551260,0.000464136,0.000349434,0.000691588,1
actual,10,60,scatter_recursive_doubling_allgather,0,2048,2048,0.945274072,0.000461560,0.000352560,0.000653644,1
actual,11,61,scatter_recursive_doubling_allgather,0,2048,2048,0.971133739,0.000474186,0.000353121,0.000700044,1
actual,12,62,scatter_recursive_doubling_allgather,0,2048,2048,0.949886110,0.000463812,0.000348723,0.000684557,1
actual,13,63,scatter_recursive_doubling_allgather,0,2048,2048,0.964789001,0.000471088,0.000351428,0.000694315,1
actual,14,64,scatter_recursive_doubling_allgather,0,2048,2048,0.945398450,0.000461620,0.000339215,0.000727253,1
actual,15,65,scatter_recursive_doubling_allgather,0,2048,2048,0.970989475,0.000474116,0.000354845,0.000702872,1
actual,16,66,scatter_recursive_doubling_allgather,0,2048,2048,0.938053192,0.000458034,0.000337802,0.000693002,1
actual,17,67,scatter_recursive_doubling_allgather,0,2048,2048,0.942218869,0.000460068,0.000335268,0.000685326,1
actual,18,68,scatter_recursive_doubling_allgather,0,2048,2048,0.939291403,0.000458638,0.000342541,0.000677513,1
actual,19,69,scatter_recursive_doubling_allgather,0,2048,2048,0.995816760,0.000486239,0.000364713,0.000713432,1
actual,20,70,scatter_recursive_doubling_allgather,0,2048,2048,0.953590187,0.000465620,0.000348252,0.000683776,1
actual,21,71,scatter_recursive_doubling_allgather,0,2048,2048,0.958788170,0.000468158,0.000344415,0.000700528,1
actual,22,72,scatter_recursive_doubling_allgather,0,2048,2048,0.957718398,0.000467636,0.000353882,0.000697330,1
actual,23,73,scatter_recursive_doubling_allgather,0,2048,2048,0.921992305,0.000450192,0.000336329,0.000684503,1
actual,24,74,scatter_recursive_doubling_allgather,0,2048,2048,0.971232486,0.000474235,0.000357710,0.000680187,1
actual,25,75,scatter_recursive_doubling_allgather,0,2048,2048,0.937057016,0.000457547,0.000343974,0.000654749,1
actual,26,76,scatter_recursive_doubling_allgather,0,2048,2048,0.971037031,0.000474139,0.000348382,0.000702250,1
actual,27,77,scatter_recursive_doubling_allgather,0,2048,2048,0.957974355,0.000467761,0.000349324,0.000693253,1
actual,28,78,scatter_recursive_doubling_allgather,0,2048,2048,0.952758157,0.000465214,0.000347560,0.000690123,1
actual,29,79,scatter_recursive_doubling_allgather,0,2048,2048,0.983001031,0.000479981,0.000358090,0.000704755,1
actual,30,80,scatter_recursive_doubling_allgather,0,2048,2048,0.952921878,0.000465294,0.000342371,0.000714870,1
actual,31,81,scatter_recursive_doubling_allgather,0,2048,2048,0.966562460,0.000471954,0.000351468,0.000703760,1
actual,32,82,scatter_recursive_doubling_allgather,0,2048,2048,0.955138555,0.000466376,0.000353112,0.000729830,1
actual,33,83,scatter_recursive_doubling_allgather,0,2048,2048,0.959894029,0.000468698,0.000356758,0.000690845,1
actual,34,84,scatter_recursive_doubling_allgather,0,2048,2048,0.967436041,0.000472381,0.000364512,0.000674408,1
actual,35,85,scatter_recursive_doubling_allgather,0,2048,2048,0.964628840,0.000471010,0.000341450,0.000704385,1
actual,36,86,scatter_recursive_doubling_allgather,0,2048,2048,0.928702032,0.000453468,0.000326200,0.000684716,1
actual,37,87,scatter_recursive_doubling_allgather,0,2048,2048,0.969943286,0.000473605,0.000356287,0.000705866,1
actual,38,88,scatter_recursive_doubling_allgather,0,2048,2048,0.935373584,0.000456725,0.000344134,0.000670207,1
actual,39,89,scatter_recursive_doubling_allgather,0,2048,2048,0.955428948,0.000466518,0.000351248,0.000698682,1
actual,40,90,scatter_recursive_doubling_allgather,0,2048,2048,0.966298853,0.000471826,0.000350547,0.000697890,1
actual,41,91,scatter_recursive_doubling_allgather,0,2048,2048,0.975849346,0.000476489,0.000354063,0.000692450,1
actual,42,92,scatter_recursive_doubling_allgather,0,2048,2048,0.947645869,0.000462718,0.000346929,0.000667426,1
actual,43,93,scatter_recursive_doubling_allgather,0,2048,2048,0.974038363,0.000475605,0.000356387,0.000742676,1
actual,44,94,scatter_recursive_doubling_allgather,0,2048,2048,0.967115008,0.000472224,0.000360395,0.000676882,1
actual,45,95,scatter_recursive_doubling_allgather,0,2048,2048,0.965276286,0.000471326,0.000355846,0.000699994,1
actual,46,96,scatter_recursive_doubling_allgather,0,2048,2048,0.965251161,0.000471314,0.000361828,0.000699114,1
actual,47,97,scatter_recursive_doubling_allgather,0,2048,2048,0.985681135,0.000481290,0.000355676,0.000715415,1
actual,48,98,scatter_recursive_doubling_allgather,0,2048,2048,0.946599136,0.000462207,0.000334767,0.000696826,1
actual,49,99,scatter_recursive_doubling_allgather,0,2048,2048,0.945624760,0.000461731,0.000347200,0.000681107,1
warmup,0,0,scatter_recursive_doubling_allgather,0,2048,3072,1.070293268,0.000522604,0.000395641,0.000796034,1
warmup,1,1,scatter_recursive_doubling_allgather,0,2048,3072,1.071682189,0.000523282,0.000383618,0.000749997,1
warmup,2,2,scatter_recursive_doubling_allgather,0,2048,3072,1.062022293,0.000518566,0.000395520,0.000798628,1
warmup,3,3,scatter_recursive_doubling_allgather,0,2048,3072,1.028326231,0.000502112,0.000376355,0.000805802,1
warmup,4,4,scatter_recursive_doubling_allgather,0,2048,3072,1.073984762,0.000524407,0.000392054,0.000759761,1
warmup,5,5,scatter_recursive_doubling_allgather,0,2048,3072,1.066512918,0.000520758,0.000395080,0.000793607,1
warmup,6,6,scatter_recursive_doubling_allgather,0,2048,3072,1.069830190,0.000522378,0.000391994,0.000818319,1
warmup,7,7,scatter_recursive_doubling_allgather,0,2048,3072,1.052199269,0.000513769,0.000372257,0.000786258,1
warmup,8,8,scatter_recursive_doubling_allgather,0,2048,3072,1.076491709,0.000525631,0.000373379,0.000792918,1
warmup,9,9,scatter_recursive_doubling_allgather,0,2048,3072,1.054776644,0.000515028,0.000388297,0.000780055,1
warmup,10,10,scatter_recursive_doubling_allgather,0,2048,3072,1.033020303,0.000504404,0.000379370,0.000791545,1
warmup,11,11,scatter_recursive_doubling_allgather,0,2048,3072,1.058331677,0.000516764,0.000392605,0.000764254,1
warmup,12,12,scatter_recursive_doubling_allgather,0,2048,3072,1.100264075,0.000537238,0.000408906,0.000773064,1
warmup,13,13,scatter_recursive_doubling_allgather,0,2048,3072,1.044818306,0.000510165,0.000377807,0.000775195,1
warmup,14,14,scatter_recursive_doubling_allgather,0,2048,3072,1.058633848,0.000516911,0.000385712,0.000808696,1
warmup,15,15,scatter_recursive_doubling_allgather,0,2048,3072,1.053452572,0.000514381,0.000385943,0.000762108,1
warmup,16,16,scatter_recursive_doubling_allgather,0,2048,3072,1.070862923,0.000522882,0.000391063,0.000789322,1
warmup,17,17,scatter_recursive_doubling_allgather,0,2048,3072,1.061364362,0.000518244,0.000379420,0.000864180,1
warmup,18,18,scatter_recursive_doubling_allgather,0,2048,3072,1.037110770,0.000506402,0.000367508,0.000776386,1
warmup,19,19,scatter_recursive_doubling_allgather,0,2048,3072,1.060792914,0.000517965,0.000379260,0.000770656,1
warmup,20,20,scatter_recursive_doubling_allgather,0,2048,3072,1.082255757,0.000528445,0.000379700,0.000778264,1
warmup,21,21,scatter_recursive_doubling_allgather,0,2048,3072,1.032999665,0.000504394,0.000383157,0.000752282,1
warmup,22,22,scatter_recursive_doubling_allgather,0,2048,3072,1.063083611,0.000519084,0.000389549,0.000772630,1
warmup,23,23,scatter_recursive_doubling_allgather,0,2048,3072,1.065522887,0.000520275,0.000389439,0.000766959,1
warmup,24,24,scatter_recursive_doubling_allgather,0,2048,3072,1.062911088,0.000519000,0.000387195,0.000764274,1
warmup,25,25,scatter_recursive_doubling_allgather,0,2048,3072,1.066643688,0.000520822,0.000394649,0.000798443,1
warmup,26,26,scatter_recursive_doubling_allgather,0,2048,3072,1.051573957,0.000513464,0.000375012,0.000801052,1
warmup,27,27,scatter_recursive_doubling_allgather,0,2048,3072,1.060601905,0.000517872,0.000390581,0.000787538,1
warmup,28,28,scatter_recursive_doubling_allgather,0,2048,3072,1.068805839,0.000521878,0.000382215,0.000778370,1
warmup,29,29,scatter_recursive_doubling_allgather,0,2048,3072,1.060745113,0.000517942,0.000367839,0.000763336,1
warmup,30,30,scatter_recursive_doubling_allgather,0,2048,3072,1.061156370,0.000518143,0.000395040,0.000765800,1
warmup,31,31,scatter_recursive_doubling_allgather,0,2048,3072,1.064104971,0.000519583,0.000375303,0.000798782,1
warmup,32,32,scatter_recursive_doubling_allgather,0,2048,3072,1.058738231,0.000516962,0.000383588,0.000763516,1
warmup,33,33,scatter_recursive_doubling_allgather,0,2048,3072,1.058416146,0.000516805,0.000384811,0.000753353,1
warmup,34,34,scatter_recursive_doubling_allgather,0,2048,3072,1.055287086,0.000515277,0.000372427,0.000742424,1
warmup,35,35,scatter_recursive_doubling_allgather,0,2048,3072,1.062575148,0.000518836,0.000381985,0.000773672,1
warmup,36,36,scatter_recursive_doubling_allgather,0,2048,3072,1.066097360,0.000520555,0.000390491,0.000769999,1
warmup,37,37,scatter_recursive_doubling_allgather,0,2048,3072,1.064901676,0.000519972,0.000386603,0.000776017,1
warmup,38,38,scatter_recursive_doubling_allgather,0,2048,3072,1.048519425,0.000511972,0.000371525,0.000775795,1
warmup,39,39,scatter_recursive_doubling_allgather,0,2048,3072,1.070027291,0.000522474,0.000388988,0.000771387,1
warmup,40,40,scatter_recursive_doubling_allgather,0,2048,3072,1.054622179,0.000514952,0.000382135,0.000818565,1
warmup,41,41,scatter_recursive_doubling_allgather,0,2048,3072,1.069725757,0.000522327,0.000391363,0.000825618,1
warmup,42,42,scatter_recursive_doubling_allgather,0,2048,3072,1.050179225,0.000512783,0.000382346,0.000760951,1
warmup,43,43,scatter_recursive_doubling_allgather,0,2048,3072,1.069426929,0.000522181,0.000392134,0.000769284,1
warmup,44,44,scatter_recursive_doubling_allgather,0,2048,3072,1.072108551,0.000523491,0.000380973,0.000784723,1
warmup,45,45,scatter_recursive_doubling_allgather,0,2048,3072,1.044348211,0.000509936,0.000370363,0.000730330,1
warmup,46,46,scatter_recursive_doubling_allgather,0,2048,3072,1.051398278,0.000513378,0.000390912,0.000806393,1
warmup,47,47,scatter_recursive_doubling_allgather,0,2048,3072,1.049460023,0.000512432,0.000371015,0.000786837,1
warmup,48,48,scatter_recursive_doubling_allgather,0,2048,3072,1.074068114,0.000524447,0.000400450,0.000813346,1
warmup,49,49,scatter_recursive_doubling_allgather,0,2048,3072,1.037974790,0.000506824,0.000375273,0.000759084,1
actual,0,50,scatter_recursive_doubling_allgather,0,2048,3072,1.039652007,0.000507643,0.000369672,0.000745127,1
actual,1,51,scatter_recursive_doubling_allgather,0,2048,3072,1.062880214,0.000518984,0.000384199,0.000794923,1
actual,2,52,scatter_recursive_doubling_allgather,0,2048,3072,1.075089733,0.000524946,0.000400390,0.000820430,1
actual,3,53,scatter_recursive_doubling_allgather,0,2048,3072,1.047031066,0.000511246,0.000381294,0.000786587,1
actual,4,54,scatter_recursive_doubling_allgather,0,2048,3072,1.059394865,0.000517283,0.000317916,0.000766448,1
actual,5,55,scatter_recursive_doubling_allgather,0,2048,3072,1.058242431,0.000516720,0.000381465,0.000785593,1
actual,6,56,scatter_recursive_doubling_allgather,0,2048,3072,1.039109872,0.000507378,0.000384199,0.000749678,1
actual,7,57,scatter_recursive_doubling_allgather,0,2048,3072,1.054899973,0.000515088,0.000388427,0.000781506,1
actual,8,58,scatter_recursive_doubling_allgather,0,2048,3072,1.045740363,0.000510615,0.000379080,0.000784903,1
actual,9,59,scatter_recursive_doubling_allgather,0,2048,3072,1.051368444,0.000513363,0.000392585,0.000802867,1
actual,10,60,scatter_recursive_doubling_allgather,0,2048,3072,1.061255624,0.000518191,0.000379180,0.000765727,1
actual,11,61,scatter_recursive_doubling_allgather,0,2048,3072,1.130530495,0.000552017,0.000417150,0.000798528,1
actual,12,62,scatter_recursive_doubling_allgather,0,2048,3072,1.056682207,0.000515958,0.000392425,0.000762695,1
actual,13,63,scatter_recursive_doubling_allgather,0,2048,3072,1.064024243,0.000519543,0.000366917,0.000803648,1
actual,14,64,scatter_recursive_doubling_allgather,0,2048,3072,1.069340280,0.000522139,0.000391563,0.000784676,1
actual,15,65,scatter_recursive_doubling_allgather,0,2048,3072,1.059488544,0.000517328,0.000378990,0.000782552,1
actual,16,66,scatter_recursive_doubling_allgather,0,2048,3072,1.055995232,0.000515623,0.000386353,0.000755398,1
actual,17,67,scatter_recursive_doubling_allgather,0,2048,3072,1.039242639,0.000507443,0.000373107,0.000770289,1
actual,18,68,scatter_recursive_doubling_allgather,0,2048,3072,1.042104189,0.000508840,0.000359864,0.000745468,1
actual,19,69,scatter_recursive_doubling_allgather,0,2048,3072,1.052130296,0.000513735,0.000379410,0.000799934,1
actual,20,70,scatter_recursive_doubling_allgather,0,2048,3072,1.057150364,0.000516187,0.000387255,0.000771779,1
actual,21,71,scatter_recursive_doubling_allgather,0,2048,3072,1.054053904,0.000514675,0.000373299,0.000806461,1
actual,22,72,scatter_recursive_doubling_allgather,0,2048,3072,1.058976117,0.000517078,0.000396963,0.000747334,1
actual,23,73,scatter_recursive_doubling_allgather,0,2048,3072,1.046904230,0.000511184,0.000380873,0.000770747,1
actual,24,74,scatter_recursive_doubling_allgather,0,2048,3072,1.042680616,0.000509121,0.000382737,0.000759775,1
actual,25,75,scatter_recursive_doubling_allgather,0,2048,3072,1.051992168,0.000513668,0.000377537,0.000771638,1
actual,26,76,scatter_recursive_doubling_allgather,0,2048,3072,1.091912254,0.000533160,0.000405970,0.000793337,1
actual,27,77,scatter_recursive_doubling_allgather,0,2048,3072,1.069081197,0.000522012,0.000376505,0.000769705,1
actual,28,78,scatter_recursive_doubling_allgather,0,2048,3072,1.068355761,0.000521658,0.000383077,0.000771451,1
actual,29,79,scatter_recursive_doubling_allgather,0,2048,3072,1.056741242,0.000515987,0.000371696,0.000797236,1
actual,30,80,scatter_recursive_doubling_allgather,0,2048,3072,1.069310146,0.000522124,0.000392615,0.000760861,1
actual,31,81,scatter_recursive_doubling_allgather,0,2048,3072,1.047845253,0.000511643,0.000378980,0.000780204,1
actual,32,82,scatter_recursive_doubling_allgather,0,2048,3072,1.082531220,0.000528580,0.000405099,0.000800433,1
actual,33,83,scatter_recursive_doubling_allgather,0,2048,3072,1.068729293,0.000521840,0.000385502,0.000811051,1
actual,34,84,scatter_recursive_doubling_allgather,0,2048,3072,1.042985711,0.000509270,0.000393006,0.000813236,1
actual,35,85,scatter_recursive_doubling_allgather,0,2048,3072,1.055137553,0.000515204,0.000376875,0.000768932,1
actual,36,86,scatter_recursive_doubling_allgather,0,2048,3072,1.072911538,0.000523883,0.000398025,0.000776197,1
actual,37,87,scatter_recursive_doubling_allgather,0,2048,3072,1.052432245,0.000513883,0.000387224,0.000799500,1
actual,38,88,scatter_recursive_doubling_allgather,0,2048,3072,1.058966975,0.000517074,0.000393166,0.000878600,1
actual,39,89,scatter_recursive_doubling_allgather,0,2048,3072,1.060840678,0.000517989,0.000390842,0.000805983,1
actual,40,90,scatter_recursive_doubling_allgather,0,2048,3072,1.079697603,0.000527196,0.000405629,0.000774113,1
actual,41,91,scatter_recursive_doubling_allgather,0,2048,3072,1.046753394,0.000511110,0.000381404,0.000785963,1
actual,42,92,scatter_recursive_doubling_allgather,0,2048,3072,1.070940255,0.000522920,0.000397253,0.000779012,1
actual,43,93,scatter_recursive_doubling_allgather,0,2048,3072,1.073477614,0.000524159,0.000404026,0.000780394,1
actual,44,94,scatter_recursive_doubling_allgather,0,2048,3072,1.052113441,0.000513727,0.000389779,0.000777546,1
actual,45,95,scatter_recursive_doubling_allgather,0,2048,3072,1.068647941,0.000521801,0.000387927,0.000795122,1
actual,46,96,scatter_recursive_doubling_allgather,0,2048,3072,1.065064786,0.000520051,0.000392074,0.000800994,1
actual,47,97,scatter_recursive_doubling_allgather,0,2048,3072,1.051495009,0.000513425,0.000392525,0.000762674,1
actual,48,98,scatter_recursive_doubling_allgather,0,2048,3072,1.108876293,0.000541444,0.000384209,0.000785826,1
actual,49,99,scatter_recursive_doubling_allgather,0,2048,3072,1.065824503,0.000520422,0.000396943,0.000785105,1
warmup,0,0,scatter_recursive_doubling_allgather,0,2048,4096,1.079996978,0.000527342,0.000397524,0.000765349,1
warmup,1,1,scatter_recursive_doubling_allgather,0,2048,4096,1.063969619,0.000519516,0.000388748,0.000777242,1
warmup,2,2,scatter_recursive_doubling_allgather,0,2048,4096,1.057400124,0.000516309,0.000395370,0.000742076,1
warmup,3,3,scatter_recursive_doubling_allgather,0,2048,4096,1.065725547,0.000520374,0.000400620,0.000750860,1
warmup,4,4,scatter_recursive_doubling_allgather,0,2048,4096,1.066694533,0.000520847,0.000391533,0.000773406,1
warmup,5,5,scatter_recursive_doubling_allgather,0,2048,4096,1.036465799,0.000506087,0.000387686,0.000825268,1
warmup,6,6,scatter_recursive_doubling_allgather,0,2048,4096,1.059453440,0.000517311,0.000399318,0.000749761,1
warmup,7,7,scatter_recursive_doubling_allgather,0,2048,4096,1.080236601,0.000527459,0.000408856,0.000821752,1
warmup,8,8,scatter_recursive_doubling_allgather,0,2048,4096,1.054617313,0.000514950,0.000397615,0.000762420,1
warmup,9,9,scatter_recursive_doubling_allgather,0,2048,4096,1.052813967,0.000514069,0.000388778,0.000767822,1
warmup,10,10,scatter_recursive_doubling_allgather,0,2048,4096,1.052121406,0.000513731,0.000317405,0.000770194,1
warmup,11,11,scatter_recursive_doubling_allgather,0,2048,4096,1.081386772,0.000528021,0.000403355,0.000772960,1
warmup,12,12,scatter_recursive_doubling_allgather,0,2048,4096,1.071796815,0.000523338,0.000401262,0.000782737,1
warmup,13,13,scatter_recursive_doubling_allgather,0,2048,4096,1.069673140,0.000522301,0.000405048,0.000759308,1
warmup,14,14,scatter_recursive_doubling_allgather,0,2048,4096,1.071825554,0.000523352,0.000392635,0.000766939,1
warmup,15,15,scatter_recursive_doubling_allgather,0,2048,4096,1.088599097,0.000531543,0.000347602,0.000802657,1
warmup,16,16,scatter_recursive_doubling_allgather,0,2048,4096,1.057049941,0.000516138,0.000395561,0.000766872,1
warmup,17,17,scatter_recursive_doubling_allgather,0,2048,4096,1.042486358,0.000509027,0.000394588,0.000776627,1
warmup,18,18,scatter_recursive_doubling_allgather,0,2048,4096,1.057218475,0.000516220,0.000388627,0.000772180,1
warmup,19,19,scatter_recursive_doubling_allgather,0,2048,4096,1.064773886,0.000519909,0.000398987,0.000777414,1
warmup,20,20,scatter_recursive_doubling_allgather,0,2048,4096,1.031725580,0.000503772,0.000382175,0.000757150,1
warmup,21,21,scatter_recursive_doubling_allgather,0,2048,4096,1.046114062,0.000510798,0.000384891,0.000746300,1
warmup,22,22,scatter_recursive_doubling_allgather,0,2048,4096,1.075961778,0.000525372,0.000406441,0.000750061,1
warmup,23,23,scatter_recursive_doubling_allgather,0,2048,4096,1.043433750,0.000509489,0.000394058,0.000760340,1
warmup,24,24,scatter_recursive_doubling_allgather,0,2048,4096,1.024054296,0.000500027,0.000381024,0.000704121,1
warmup,25,25,scatter_recursive_doubling_allgather,0,2048,4096,1.072368230,0.000523617,0.000385592,0.000778310,1
warmup,26,26,scatter_recursive_doubling_allgather,0,2048,4096,1.046083809,0.000510783,0.000400279,0.000773524,1
warmup,27,27,scatter_recursive_doubling_allgather,0,2048,4096,1.040079653,0.000507851,0.000380552,0.000795532,1
warmup,28,28,scatter_recursive_doubling_allgather,0,2048,4096,1.052458420,0.000513896,0.000388237,0.000754599,1
warmup,29,29,scatter_recursive_doubling_allgather,0,2048,4096,1.028322319,0.000502111,0.000373119,0.000733203,1
warmup,30,30,scatter_recursive_doubling_allgather,0,2048,4096,1.071826980,0.000523353,0.000397374,0.000808076,1
warmup,31,31,scatter_recursive_doubling_allgather,0,2048,4096,1.051308358,0.000513334,0.000388908,0.000770405,1
warmup,32,32,scatter_recursive_doubling_allgather,0,2048,4096,1.070721358,0.000522813,0.000409006,0.000803507,1
warmup,33,33,scatter_recursive_doubling_allgather,0,2048,4096,1.073044524,0.000523948,0.000391313,0.000758823,1
warmup,34,34,scatter_recursive_doubling_allgather,0,2048,4096,1.081285964,0.000527972,0.000402624,0.000793049,1
warmup,35,35,scatter_recursive_doubling_allgather,0,2048,4096,1.065776860,0.000520399,0.000393997,0.000773813,1
warmup,36,36,scatter_recursive_doubling_allgather,0,2048,4096,1.047944631,0.000511692,0.000385172,0.000782441,1
warmup,37,37,scatter_recursive_doubling_allgather,0,2048,4096,1.077421790,0.000526085,0.000398877,0.000841728,1
warmup,38,38,scatter_recursive_doubling_allgather,0,2048,4096,1.093216546,0.000533797,0.000409737,0.000763976,1
warmup,39,39,scatter_recursive_doubling_allgather,0,2048,4096,1.053476588,0.000514393,0.000376695,0.000742877,1
warmup,40,40,scatter_recursive_doubling_allgather,0,2048,4096,1.045210169,0.000510357,0.000385532,0.000745140,1
warmup,41,41,scatter_recursive_doubling_allgather,0,2048,4096,1.053237464,0.000514276,0.000396682,0.000787459,1
warmup,42,42,scatter_recursive_doubling_allgather,0,2048,4096,1.049628005,0.000512514,0.000389710,0.000745594,1
warmup,43,43,scatter_recursive_doubling_allgather,0,2048,4096,1.072976267,0.000523914,0.000401081,0.000765109,1
warmup,44,44,scatter_recursive_doubling_allgather,0,2048,4096,1.048626405,0.000512025,0.000380453,0.000756933,1
warmup,45,45,scatter_recursive_doubling_allgather,0,2048,4096,1.027787557,0.000501849,0.000375763,0.000767269,1
warmup,46,46,scatter_recursive_doubling_allgather,0,2048,4096,1.058412542,0.000516803,0.000391894,0.000761963,1
warmup,47,47,scatter_recursive_doubling_allgather,0,2048,4096,1.062358569,0.000518730,0.000400681,0.000767223,1
warmup,48,48,scatter_recursive_doubling_allgather,0,2048,4096,1.026997163,0.000501463,0.000379861,0.000741926,1
warmup,49,49,scatter_recursive_doubling_allgather,0,2048,4096,1.054743390,0.000515011,0.000380583,0.000792076,1
actual,0,50,scatter_recursive_doubling_allgather,0,2048,4096,1.055451918,0.000515357,0.000390271,0.000765576,1
actual,1,51,scatter_recursive_doubling_allgather,0,2048,4096,1.062380776,0.000518741,0.000401582,0.000758633,1
actual,2,52,scatter_recursive_doubling_allgather,0,2048,4096,1.036737473,0.000506219,0.000392635,0.000745422,1
actual,3,53,scatter_recursive_doubling_allgather,0,2048,4096,1.235616979,0.000603329,0.000475169,0.000854177,1
actual,4,54,scatter_recursive_doubling_allgather,0,2048,4096,1.046790648,0.000511128,0.000390682,0.000732597,1
actual,5,55,scatter_recursive_doubling_allgather,0,2048,4096,1.073260377,0.000524053,0.000396463,0.000777549,1
actual,6,56,scatter_recursive_doubling_allgather,0,2048,4096,1.060465648,0.000517805,0.000393807,0.000752946,1
actual,7,57,scatter_recursive_doubling_allgather,0,2048,4096,1.052143990,0.000513742,0.000392084,0.000749800,1
actual,8,58,scatter_recursive_doubling_allgather,0,2048,4096,1.051353815,0.000513356,0.000388728,0.000764504,1
actual,9,59,scatter_recursive_doubling_allgather,0,2048,4096,1.066197767,0.000520604,0.000388778,0.000753184,1
actual,10,60,scatter_recursive_doubling_allgather,0,2048,4096,1.062278910,0.000518691,0.000394348,0.000757150,1
actual,11,61,scatter_recursive_doubling_allgather,0,2048,4096,1.053318766,0.000514316,0.000376244,0.000784172,1
actual,12,62,scatter_recursive_doubling_allgather,0,2048,4096,1.062592627,0.000518844,0.000399848,0.000773903,1
actual,13,63,scatter_recursive_doubling_allgather,0,2048,4096,1.057161078,0.000516192,0.000383759,0.000777568,1
actual,14,64,scatter_recursive_doubling_allgather,0,2048,4096,1.058000653,0.000516602,0.000391252,0.000772921,1
actual,15,65,scatter_recursive_doubling_allgather,0,2048,4096,1.037194194,0.000506442,0.000391763,0.000753433,1
actual,16,66,scatter_recursive_doubling_allgather,0,2048,4096,1.073823964,0.000524328,0.000401081,0.000783714,1
actual,17,67,scatter_recursive_doubling_allgather,0,2048,4096,1.080875895,0.000527771,0.000406321,0.000788052,1
actual,18,68,scatter_recursive_doubling_allgather,0,2048,4096,1.069607865,0.000522269,0.000399729,0.000763613,1
actual,19,69,scatter_recursive_doubling_allgather,0,2048,4096,1.049145388,0.000512278,0.000397935,0.000770756,1
actual,20,70,scatter_recursive_doubling_allgather,0,2048,4096,1.054948308,0.000515111,0.000395390,0.000762303,1
actual,21,71,scatter_recursive_doubling_allgather,0,2048,4096,1.035399491,0.000505566,0.000381384,0.000774344,1
actual,22,72,scatter_recursive_doubling_allgather,0,2048,4096,1.055319689,0.000515293,0.000387385,0.000761273,1
actual,23,73,scatter_recursive_doubling_allgather,0,2048,4096,1.066148983,0.000520581,0.000401021,0.000778460,1
actual,24,74,scatter_recursive_doubling_allgather,0,2048,4096,1.050497051,0.000512938,0.000393547,0.000750291,1
actual,25,75,scatter_recursive_doubling_allgather,0,2048,4096,1.059529993,0.000517349,0.000399428,0.000752682,1
actual,26,76,scatter_recursive_doubling_allgather,0,2048,4096,1.076824822,0.000525793,0.000416971,0.000759534,1
actual,27,77,scatter_recursive_doubling_allgather,0,2048,4096,1.043606694,0.000509574,0.000363601,0.000807034,1
actual,28,78,scatter_recursive_doubling_allgather,0,2048,4096,1.075497370,0.000525145,0.000413424,0.000760617,1
actual,29,79,scatter_recursive_doubling_allgather,0,2048,4096,1.052928612,0.000514125,0.000389620,0.000788519,1
actual,30,80,scatter_recursive_doubling_allgather,0,2048,4096,1.057653936,0.000516433,0.000390280,0.000746220,1
actual,31,81,scatter_recursive_doubling_allgather,0,2048,4096,1.041949794,0.000508765,0.000373760,0.000790564,1
actual,32,82,scatter_recursive_doubling_allgather,0,2048,4096,1.045736621,0.000510614,0.000395330,0.000771220,1
actual,33,83,scatter_recursive_doubling_allgather,0,2048,4096,1.059544983,0.000517356,0.000403625,0.000764525,1
actual,34,84,scatter_recursive_doubling_allgather,0,2048,4096,1.058151702,0.000516676,0.000380974,0.000805280,1
actual,35,85,scatter_recursive_doubling_allgather,0,2048,4096,1.046652463,0.000511061,0.000385352,0.000755912,1
actual,36,86,scatter_recursive_doubling_allgather,0,2048,4096,1.056012994,0.000515631,0.000394860,0.000796343,1
actual,37,87,scatter_recursive_doubling_allgather,0,2048,4096,1.020312486,0.000498199,0.000375442,0.000747471,1
actual,38,88,scatter_recursive_doubling_allgather,0,2048,4096,1.067001184,0.000520997,0.000389709,0.000762884,1
actual,39,89,scatter_recursive_doubling_allgather,0,2048,4096,1.047642379,0.000511544,0.000387375,0.000766687,1
actual,40,90,scatter_recursive_doubling_allgather,0,2048,4096,1.048177753,0.000511806,0.000386053,0.000738737,1
actual,41,91,scatter_recursive_doubling_allgather,0,2048,4096,1.036923863,0.000506310,0.000383498,0.000764741,1
actual,42,92,scatter_recursive_doubling_allgather,0,2048,4096,1.056779698,0.000516006,0.000393527,0.000769174,1
actual,43,93,scatter_recursive_doubling_allgather,0,2048,4096,1.072577081,0.000523719,0.000396723,0.000781176,1
actual,44,94,scatter_recursive_doubling_allgather,0,2048,4096,1.074263781,0.000524543,0.000402573,0.000816821,1
actual,45,95,scatter_recursive_doubling_allgather,0,2048,4096,1.051352990,0.000513356,0.000401111,0.000726746,1
actual,46,96,scatter_recursive_doubling_allgather,0,2048,4096,1.066464201,0.000520734,0.000394930,0.000758407,1
actual,47,97,scatter_recursive_doubling_allgather,0,2048,4096,1.058991940,0.000517086,0.000384129,0.000772990,1
actual,48,98,scatter_recursive_doubling_allgather,0,2048,4096,1.051860440,0.000513604,0.000385883,0.000753253,1
actual,49,99,scatter_recursive_doubling_allgather,0,2048,4096,1.046068844,0.000510776,0.000391673,0.000799130,1
warmup,0,0,scatter_recursive_doubling_allgather,0,2048,6144,1.050796210,0.000513084,0.000395400,0.000760166,1
warmup,1,1,scatter_recursive_doubling_allgather,0,2048,6144,1.065785204,0.000520403,0.000395260,0.000812423,1
warmup,2,2,scatter_recursive_doubling_allgather,0,2048,6144,1.046850335,0.000511157,0.000390711,0.000734992,1
warmup,3,3,scatter_recursive_doubling_allgather,0,2048,6144,1.011294454,0.000493796,0.000373049,0.000735129,1
warmup,4,4,scatter_recursive_doubling_allgather,0,2048,6144,1.045871961,0.000510680,0.000389138,0.000744520,1
warmup,5,5,scatter_recursive_doubling_allgather,0,2048,6144,1.045140470,0.000510322,0.000389379,0.000773102,1
warmup,6,6,scatter_recursive_doubling_allgather,0,2048,6144,1.021902104,0.000498976,0.000386894,0.000747005,1
warmup,7,7,scatter_recursive_doubling_allgather,0,2048,6144,1.058334335,0.000516765,0.000398195,0.000784973,1
warmup,8,8,scatter_recursive_doubling_allgather,0,2048,6144,1.065019294,0.000520029,0.000399488,0.000745753,1
warmup,9,9,scatter_recursive_doubling_allgather,0,2048,6144,1.049577684,0.000512489,0.000395059,0.000743771,1
warmup,10,10,scatter_recursive_doubling_allgather,0,2048,6144,1.038310535,0.000506988,0.000390110,0.000763854,1
warmup,11,11,scatter_recursive_doubling_allgather,0,2048,6144,1.079343985,0.000527023,0.000395521,0.000766919,1
warmup,12,12,scatter_recursive_doubling_allgather,0,2048,6144,1.027782201,0.000501847,0.000378880,0.000718632,1
warmup,13,13,scatter_recursive_doubling_allgather,0,2048,6144,1.051940546,0.000513643,0.000394599,0.000744964,1
warmup,14,14,scatter_recursive_doubling_allgather,0,2048,6144,1.040840686,0.000508223,0.000389207,0.000726553,1
warmup,15,15,scatter_recursive_doubling_allgather,0,2048,6144,1.055300466,0.000515283,0.000391042,0.000759476,1
warmup,16,16,scatter_recursive_doubling_allgather,0,2048,6144,1.051979297,0.000513662,0.000382225,0.000810794,1
warmup,17,17,scatter_recursive_doubling_allgather,0,2048,6144,1.032205471,0.000504007,0.000365434,0.000760086,1
warmup,18,18,scatter_recursive_doubling_allgather,0,2048,6144,1.046101626,0.000510792,0.000385291,0.000806502,1
warmup,19,19,scatter_recursive_doubling_allgather,0,2048,6144,1.025683209,0.000500822,0.000376495,0.000739560,1
warmup,20,20,scatter_recursive_doubling_allgather,0,2048,6144,1.029801473,0.000502833,0.000379902,0.000735079,1
warmup,21,21,scatter_recursive_doubling_allgather,0,2048,6144,1.048845355,0.000512132,0.000392494,0.000745269,1
warmup,22,22,scatter_recursive_doubling_allgather,0,2048,6144,1.022992538,0.000499508,0.000385802,0.000739651,1
warmup,23,23,scatter_recursive_doubling_allgather,0,2048,6144,1.046127987,0.000510805,0.000394659,0.000761249,1
warmup,24,24,scatter_recursive_doubling_allgather,0,2048,6144,1.054504786,0.000514895,0.000394849,0.000759355,1
warmup,25,25,scatter_recursive_doubling_allgather,0,2048,6144,1.030241707,0.000503048,0.000381073,0.000800381,1
warmup,26,26,scatter_recursive_doubling_allgather,0,2048,6144,1.034744680,0.000505246,0.000385913,0.000724543,1
warmup,27,27,scatter_recursive_doubling_allgather,0,2048,6144,1.059430339,0.000517300,0.000394719,0.000750499,1
warmup,28,28,scatter_recursive_doubling_allgather,0,2048,6144,1.038258777,0.000506962,0.000380933,0.000738285,1
warmup,29,29,scatter_recursive_doubling_allgather,0,2048,6144,1.024040207,0.000500020,0.000365895,0.000739471,1
warmup,30,30,scatter_recursive_doubling_allgather,0,2048,6144,1.029676470,0.000502772,0.000377146,0.000762590,1
warmup,31,31,scatter_recursive_doubling_allgather,0,2048,6144,1.065935091,0.000520476,0.000402894,0.000765289,1
warmup,32,32,scatter_recursive_doubling_allgather,0,2048,6144,1.074208792,0.000524516,0.000401662,0.000730113,1
warmup,33,33,scatter_recursive_doubling_allgather,0,2048,6144,1.035666725,0.000505697,0.000373840,0.000754308,1
warmup,34,34,scatter_recursive_doubling_allgather,0,2048,6144,1.062308093,0.000518705,0.000401722,0.000769467,1
warmup,35,35,scatter_recursive_doubling_allgather,0,2048,6144,1.037361908,0.000506524,0.000370193,0.000765787,1
warmup,36,36,scatter_recursive_doubling_allgather,0,2048,6144,1.048957657,0.000512186,0.000393196,0.000750732,1
warmup,37,37,scatter_recursive_doubling_allgather,0,2048,6144,1.047872325,0.000511656,0.000379931,0.000751854,1
warmup,38,38,scatter_recursive_doubling_allgather,0,2048,6144,1.025562700,0.000500763,0.000377497,0.000730193,1
warmup,39,39,scatter_recursive_doubling_allgather,0,2048,6144,1.035696058,0.000505711,0.000378990,0.000747206,1
warmup,40,40,scatter_recursive_doubling_allgather,0,2048,6144,1.044065089,0.000509797,0.000394017,0.000739931,1
warmup,41,41,scatter_recursive_doubling_allgather,0,2048,6144,1.026932082,0.000501432,0.000366626,0.000750189,1
warmup,42,42,scatter_recursive_doubling_allgather,0,2048,6144,1.038611971,0.000507135,0.000382185,0.000785053,1
warmup,43,43,scatter_recursive_doubling_allgather,0,2048,6144,1.055897837,0.000515575,0.000382125,0.000762831,1
warmup,44,44,scatter_recursive_doubling_allgather,0,2048,6144,1.037771840,0.000506725,0.000385812,0.000724984,1
warmup,45,45,scatter_recursive_doubling_allgather,0,2048,6144,1.043593902,0.000509567,0.000385071,0.000808988,1
warmup,46,46,scatter_recursive_doubling_allgather,0,2048,6144,1.018484565,0.000497307,0.000374821,0.000723882,1
warmup,47,47,scatter_recursive_doubling_allgather,0,2048,6144,1.027055230,0.000501492,0.000378999,0.000735560,1
warmup,48,48,scatter_recursive_doubling_allgather,0,2048,6144,1.048688755,0.000512055,0.000398285,0.000755410,1
warmup,49,49,scatter_recursive_doubling_allgather,0,2048,6144,1.022231936,0.000499137,0.000374371,0.000787776,1
actual,0,50,scatter_recursive_doubling_allgather,0,2048,6144,1.037825249,0.000506751,0.000392996,0.000731352,1
actual,1,51,scatter_recursive_doubling_allgather,0,2048,6144,1.056989797,0.000516108,0.000389660,0.000780826,1
actual,2,52,scatter_recursive_doubling_allgather,0,2048,6144,1.011738216,0.000494013,0.000376185,0.000752803,1
actual,3,53,scatter_recursive_doubling_allgather,0,2048,6144,1.043595655,0.000509568,0.000383448,0.000748205,1
actual,4,54,scatter_recursive_doubling_allgather,0,2048,6144,1.024367671,0.000500180,0.000375743,0.000745800,1
actual,5,55,scatter_recursive_doubling_allgather,0,2048,6144,1.038006030,0.000506839,0.000386023,0.000736091,1
actual,6,56,scatter_recursive_doubling_allgather,0,2048,6144,1.062211173,0.000518658,0.000394859,0.000782101,1
actual,7,57,scatter_recursive_doubling_allgather,0,2048,6144,1.052573521,0.000513952,0.000392266,0.000768823,1
actual,8,58,scatter_recursive_doubling_allgather,0,2048,6144,1.043403733,0.000509474,0.000385632,0.000743569,1
actual,9,59,scatter_recursive_doubling_allgather,0,2048,6144,1.032219935,0.000504014,0.000383257,0.000781756,1
actual,10,60,scatter_recursive_doubling_allgather,0,2048,6144,1.039642950,0.000507638,0.000396783,0.000744958,1
actual,11,61,scatter_recursive_doubling_allgather,0,2048,6144,1.050345268,0.000512864,0.000389079,0.000802285,1
actual,12,62,scatter_recursive_doubling_allgather,0,2048,6144,0.993447074,0.000485082,0.000364873,0.000739449,1
actual,13,63,scatter_recursive_doubling_allgather,0,2048,6144,1.042542808,0.000509054,0.000391253,0.000743175,1
actual,14,64,scatter_recursive_doubling_allgather,0,2048,6144,1.053367516,0.000514340,0.000388467,0.000743819,1
actual,15,65,scatter_recursive_doubling_allgather,0,2048,6144,1.050895379,0.000513133,0.000398155,0.000761412,1
actual,16,66,scatter_recursive_doubling_allgather,0,2048,6144,1.011183587,0.000493742,0.000376285,0.000731606,1
actual,17,67,scatter_recursive_doubling_allgather,0,2048,6144,1.042328911,0.000508950,0.000395651,0.000761162,1
actual,18,68,scatter_recursive_doubling_allgather,0,2048,6144,1.012816924,0.000494540,0.000370213,0.000742792,1
actual,19,69,scatter_recursive_doubling_allgather,0,2048,6144,1.042622010,0.000509093,0.000380352,0.000736114,1
actual,20,70,scatter_recursive_doubling_allgather,0,2048,6144,1.041950668,0.000508765,0.000375713,0.000732474,1
actual,21,71,scatter_recursive_doubling_allgather,0,2048,6144,1.038970773,0.000507310,0.000391173,0.000745592,1
actual,22,72,scatter_recursive_doubling_allgather,0,2048,6144,1.046860973,0.000511163,0.000386363,0.000760931,1
actual,23,73,scatter_recursive_doubling_allgather,0,2048,6144,1.044195802,0.000509861,0.000381184,0.000765227,1
actual,24,74,scatter_recursive_doubling_allgather,0,2048,6144,1.066211776,0.000520611,0.000392375,0.000775598,1
actual,25,75,scatter_recursive_doubling_allgather,0,2048,6144,1.018589348,0.000497358,0.000380773,0.000739399,1
actual,26,76,scatter_recursive_doubling_allgather,0,2048,6144,1.052654889,0.000513992,0.000400931,0.000812944,1
actual,27,77,scatter_recursive_doubling_allgather,0,2048,6144,1.052314139,0.000513825,0.000389710,0.000732939,1
actual,28,78,scatter_recursive_doubling_allgather,0,2048,6144,1.031008239,0.000503422,0.000380964,0.000772693,1
actual,29,79,scatter_recursive_doubling_allgather,0,2048,6144,1.040005333,0.000507815,0.000378328,0.000740963,1
actual,30,80,scatter_recursive_doubling_allgather,0,2048,6144,1.038485122,0.000507073,0.000388938,0.000736075,1
actual,31,81,scatter_recursive_doubling_allgather,0,2048,6144,1.037834733,0.000506755,0.000382346,0.000754417,1
actual,32,82,scatter_recursive_doubling_allgather,0,2048,6144,1.032227206,0.000504017,0.000369442,0.000748784,1
actual,33,83,scatter_recursive_doubling_allgather,0,2048,6144,1.057927665,0.000516566,0.000397504,0.000802359,1
actual,34,84,scatter_recursive_doubling_allgather,0,2048,6144,1.045278402,0.000510390,0.000388717,0.000764466,1
actual,35,85,scatter_recursive_doubling_allgather,0,2048,6144,1.030658001,0.000503251,0.000382597,0.000771290,1
actual,36,86,scatter_recursive_doubling_allgather,0,2048,6144,1.021279775,0.000498672,0.000384500,0.000752996,1
actual,37,87,scatter_recursive_doubling_allgather,0,2048,6144,1.043087134,0.000509320,0.000384179,0.000752202,1
actual,38,88,scatter_recursive_doubling_allgather,0,2048,6144,1.058608355,0.000516899,0.000401011,0.000768765,1
actual,39,89,scatter_recursive_doubling_allgather,0,2048,6144,1.037850535,0.000506763,0.000381133,0.000789852,1
actual,40,90,scatter_recursive_doubling_allgather,0,2048,6144,1.084669925,0.000529624,0.000408806,0.000734038,1
actual,41,91,scatter_recursive_doubling_allgather,0,2048,6144,1.051887805,0.000513617,0.000397834,0.000754335,1
actual,42,92,scatter_recursive_doubling_allgather,0,2048,6144,1.056886599,0.000516058,0.000405178,0.000742364,1
actual,43,93,scatter_recursive_doubling_allgather,0,2048,6144,1.072277292,0.000523573,0.000394018,0.000767015,1
actual,44,94,scatter_recursive_doubling_allgather,0,2048,6144,1.027814266,0.000501862,0.000383277,0.000745072,1
actual,45,95,scatter_recursive_doubling_allgather,0,2048,6144,1.003301491,0.000489893,0.000359904,0.000714921,1
actual,46,96,scatter_recursive_doubling_allgather,0,2048,6144,1.046888060,0.000511176,0.000387816,0.000756673,1
actual,47,97,scatter_recursive_doubling_allgather,0,2048,6144,1.079359167,0.000527031,0.000412111,0.000777482,1
actual,48,98,scatter_recursive_doubling_allgather,0,2048,6144,1.044954873,0.000510232,0.000381314,0.000720815,1
actual,49,99,scatter_recursive_doubling_allgather,0,2048,6144,1.037302443,0.000506495,0.000386764,0.000750920,1
warmup,0,0,scatter_recursive_doubling_allgather,0,2048,8192,1.189916057,0.000581014,0.000451024,0.000904206,1
warmup,1,1,scatter_recursive_doubling_allgather,0,2048,8192,1.147996498,0.000560545,0.000423884,0.000853672,1
warmup,2,2,scatter_recursive_doubling_allgather,0,2048,8192,1.163428533,0.000568080,0.000436237,0.000858551,1
warmup,3,3,scatter_recursive_doubling_allgather,0,2048,8192,1.202110725,0.000586968,0.000449391,0.000830850,1
warmup,4,4,scatter_recursive_doubling_allgather,0,2048,8192,1.160693244,0.000566745,0.000384129,0.000823176,1
warmup,5,5,scatter_recursive_doubling_allgather,0,2048,8192,1.152162459,0.000562579,0.000435034,0.000825729,1
warmup,6,6,scatter_recursive_doubling_allgather,0,2048,8192,1.185072393,0.000578649,0.000449091,0.000884660,1
warmup,7,7,scatter_recursive_doubling_allgather,0,2048,8192,1.163490277,0.000568110,0.000437279,0.000830548,1
warmup,8,8,scatter_recursive_doubling_allgather,0,2048,8192,1.179660796,0.000576006,0.000456817,0.000818168,1
warmup,9,9,scatter_recursive_doubling_allgather,0,2048,8192,1.178098502,0.000575243,0.000443971,0.000819030,1
warmup,10,10,scatter_recursive_doubling_allgather,0,2048,8192,1.172997342,0.000572753,0.000436567,0.000808837,1
warmup,11,11,scatter_recursive_doubling_allgather,0,2048,8192,1.180707604,0.000576517,0.000440365,0.000837502,1
warmup,12,12,scatter_recursive_doubling_allgather,0,2048,8192,1.154857404,0.000563895,0.000434382,0.000829657,1
warmup,13,13,scatter_recursive_doubling_allgather,0,2048,8192,1.168180608,0.000570401,0.000444693,0.000868653,1
warmup,14,14,scatter_recursive_doubling_allgather,0,2048,8192,1.156837400,0.000564862,0.000439923,0.000812267,1
warmup,15,15,scatter_recursive_doubling_allgather,0,2048,8192,1.172781764,0.000572647,0.000442256,0.000834698,1
warmup,16,16,scatter_recursive_doubling_allgather,0,2048,8192,1.207894516,0.000589792,0.000451034,0.000969979,1
warmup,17,17,scatter_recursive_doubling_allgather,0,2048,8192,1.136952844,0.000555153,0.000428202,0.000822792,1
warmup,18,18,scatter_recursive_doubling_allgather,0,2048,8192,1.169330625,0.000570962,0.000443319,0.000821652,1
warmup,19,19,scatter_recursive_doubling_allgather,0,2048,8192,1.134958071,0.000554179,0.000430887,0.000818199,1
warmup,20,20,scatter_recursive_doubling_allgather,0,2048,8192,1.141035018,0.000557146,0.000428803,0.000798678,1
warmup,21,21,scatter_recursive_doubling_allgather,0,2048,8192,1.158950529,0.000565894,0.000437317,0.000819652,1
warmup,22,22,scatter_recursive_doubling_allgather,0,2048,8192,1.190456305,0.000581277,0.000446015,0.000831050,1
warmup,23,23,scatter_recursive_doubling_allgather,0,2048,8192,1.166923975,0.000569787,0.000441096,0.000786667,1
warmup,24,24,scatter_recursive_doubling_allgather,0,2048,8192,1.154878880,0.000563906,0.000426067,0.000829110,1
warmup,25,25,scatter_recursive_doubling_allgather,0,2048,8192,1.139044591,0.000556174,0.000422110,0.000843673,1
warmup,26,26,scatter_recursive_doubling_allgather,0,2048,8192,1.168111132,0.000570367,0.000432991,0.000817594,1
warmup,27,27,scatter_recursive_doubling_allgather,0,2048,8192,1.153477359,0.000563221,0.000437950,0.000835888,1
warmup,28,28,scatter_recursive_doubling_allgather,0,2048,8192,1.168671476,0.000570640,0.000443871,0.000822105,1
warmup,29,29,scatter_recursive_doubling_allgather,0,2048,8192,1.152707230,0.000562845,0.000426638,0.000812515,1
warmup,30,30,scatter_recursive_doubling_allgather,0,2048,8192,1.191519977,0.000581797,0.000453328,0.000811477,1
warmup,31,31,scatter_recursive_doubling_allgather,0,2048,8192,1.208427424,0.000590052,0.000459730,0.000871919,1
warmup,32,32,scatter_recursive_doubling_allgather,0,2048,8192,1.173091928,0.000572799,0.000439313,0.000825722,1
warmup,33,33,scatter_recursive_doubling_allgather,0,2048,8192,1.177612965,0.000575006,0.000444683,0.000827664,1
warmup,34,34,scatter_recursive_doubling_allgather,0,2048,8192,1.183020474,0.000577647,0.000428863,0.000814828,1
warmup,35,35,scatter_recursive_doubling_allgather,0,2048,8192,1.143014395,0.000558112,0.000420777,0.000845729,1
warmup,36,36,scatter_recursive_doubling_allgather,0,2048,8192,1.179141991,0.000575753,0.000442638,0.000825012,1
warmup,37,37,scatter_recursive_doubling_allgather,0,2048,8192,1.165162207,0.000568927,0.000434463,0.000840831,1
warmup,38,38,scatter_recursive_doubling_allgather,0,2048,8192,1.147424319,0.000560266,0.000430236,0.000872377,1
warmup,39,39,scatter_recursive_doubling_allgather,0,2048,8192,1.140973556,0.000557116,0.000419736,0.000815975,1
warmup,40,40,scatter_recursive_doubling_allgather,0,2048,8192,1.173888319,0.000573188,0.000432249,0.000876728,1
warmup,41,41,scatter_recursive_doubling_allgather,0,2048,8192,1.169584827,0.000571086,0.000435245,0.000834588,1
warmup,42,42,scatter_recursive_doubling_allgather,0,2048,8192,1.170983734,0.000571769,0.000448359,0.000879820,1
warmup,43,43,scatter_recursive_doubling_allgather,0,2048,8192,1.157557574,0.000565214,0.000434002,0.000845126,1
warmup,44,44,scatter_recursive_doubling_allgather,0,2048,8192,1.167598494,0.000570116,0.000435806,0.000831704,1
warmup,45,45,scatter_recursive_doubling_allgather,0,2048,8192,1.142734411,0.000557976,0.000426368,0.000811259,1
warmup,46,46,scatter_recursive_doubling_allgather,0,2048,8192,1.170468655,0.000571518,0.000430566,0.000868060,1
warmup,47,47,scatter_recursive_doubling_allgather,0,2048,8192,1.178379076,0.000575380,0.000444953,0.000831622,1
warmup,48,48,scatter_recursive_doubling_allgather,0,2048,8192,1.156055720,0.000564480,0.000424094,0.000851678,1
warmup,49,49,scatter_recursive_doubling_allgather,0,2048,8192,1.144681238,0.000558926,0.000415508,0.000845196,1
actual,0,50,scatter_recursive_doubling_allgather,0,2048,8192,1.159516443,0.000566170,0.000435565,0.000832130,1
actual,1,51,scatter_recursive_doubling_allgather,0,2048,8192,1.152541276,0.000562764,0.000433562,0.000833188,1
actual,2,52,scatter_recursive_doubling_allgather,0,2048,8192,1.139237565,0.000556268,0.000423172,0.000812457,1
actual,3,53,scatter_recursive_doubling_allgather,0,2048,8192,1.136863834,0.000555109,0.000422922,0.000823196,1
actual,4,54,scatter_recursive_doubling_allgather,0,2048,8192,1.166023533,0.000569347,0.000439262,0.000825780,1
actual,5,55,scatter_recursive_doubling_allgather,0,2048,8192,1.158168479,0.000565512,0.000433752,0.000825331,1
actual,6,56,scatter_recursive_doubling_allgather,0,2048,8192,1.142380267,0.000557803,0.000432469,0.000805430,1
actual,7,57,scatter_recursive_doubling_allgather,0,2048,8192,1.168045864,0.000570335,0.000447628,0.000815798,1
actual,8,58,scatter_recursive_doubling_allgather,0,2048,8192,1.150215951,0.000561629,0.000441176,0.000824026,1
actual,9,59,scatter_recursive_doubling_allgather,0,2048,8192,1.167513314,0.000570075,0.000437109,0.000837401,1
actual,10,60,scatter_recursive_doubling_allgather,0,2048,8192,1.169443471,0.000571017,0.000440966,0.000819751,1
actual,11,61,scatter_recursive_doubling_allgather,0,2048,8192,1.149971350,0.000561509,0.000429835,0.000827592,1
actual,12,62,scatter_recursive_doubling_allgather,0,2048,8192,1.135566913,0.000554476,0.000430627,0.000822012,1
actual,13,63,scatter_recursive_doubling_allgather,0,2048,8192,1.138724482,0.000556018,0.000424295,0.000794244,1
actual,14,64,scatter_recursive_doubling_allgather,0,2048,8192,1.158263417,0.000565558,0.000436848,0.000816131,1
actual,15,65,scatter_recursive_doubling_allgather,0,2048,8192,1.151756480,0.000562381,0.000434473,0.000805824,1
actual,16,66,scatter_recursive_doubling_allgather,0,2048,8192,1.150973059,0.000561999,0.000431037,0.000799921,1
actual,17,67,scatter_recursive_doubling_allgather,0,2048,8192,1.188627324,0.000580384,0.000451706,0.000843051,1
actual,18,68,scatter_recursive_doubling_allgather,0,2048,8192,1.148639489,0.000560859,0.000428312,0.000804981,1
actual,19,69,scatter_recursive_doubling_allgather,0,2048,8192,1.154808980,0.000563872,0.000436497,0.000818910,1
actual,20,70,scatter_recursive_doubling_allgather,0,2048,8192,1.146055481,0.000559597,0.000432549,0.000832031,1
actual,21,71,scatter_recursive_doubling_allgather,0,2048,8192,1.171549621,0.000572046,0.000439012,0.000836199,1
actual,22,72,scatter_recursive_doubling_allgather,0,2048,8192,1.189074444,0.000580603,0.000433932,0.000887986,1
actual,23,73,scatter_recursive_doubling_allgather,0,2048,8192,1.178536610,0.000575457,0.000444923,0.000814598,1
actual,24,74,scatter_recursive_doubling_allgather,0,2048,8192,1.149971986,0.000561510,0.000422180,0.000884600,1
actual,25,75,scatter_recursive_doubling_allgather,0,2048,8192,1.166888701,0.000569770,0.000446235,0.000833204,1
actual,26,76,scatter_recursive_doubling_allgather,0,2048,8192,1.143717936,0.000558456,0.000429744,0.000809650,1
actual,27,77,scatter_recursive_doubling_allgather,0,2048,8192,1.177007041,0.000574710,0.000441567,0.000832729,1
actual,28,78,scatter_recursive_doubling_allgather,0,2048,8192,1.168217069,0.000570418,0.000433481,0.000814535,1
actual,29,79,scatter_recursive_doubling_allgather,0,2048,8192,1.147835956,0.000560467,0.000421279,0.000810098,1
actual,30,80,scatter_recursive_doubling_allgather,0,2048,8192,1.149220720,0.000561143,0.000434223,0.000814261,1
actual,31,81,scatter_recursive_doubling_allgather,0,2048,8192,1.154710715,0.000563824,0.000445414,0.000871865,1
actual,32,82,scatter_recursive_doubling_allgather,0,2048,8192,1.164234488,0.000568474,0.000430076,0.000840799,1
actual,33,83,scatter_recursive_doubling_allgather,0,2048,8192,1.157653554,0.000565261,0.000421879,0.000797807,1
actual,34,84,scatter_recursive_doubling_allgather,0,2048,8192,1.146290477,0.000559712,0.000425126,0.000822253,1
actual,35,85,scatter_recursive_doubling_allgather,0,2048,8192,1.157109536,0.000564995,0.000441475,0.000818406,1
actual,36,86,scatter_recursive_doubling_allgather,0,2048,8192,1.149238396,0.000561152,0.000437449,0.000847562,1
actual,37,87,scatter_recursive_doubling_allgather,0,2048,8192,1.174982136,0.000573722,0.000443210,0.000844346,1
actual,38,88,scatter_recursive_doubling_allgather,0,2048,8192,1.162983989,0.000567863,0.000427129,0.000801291,1
actual,39,89,scatter_recursive_doubling_allgather,0,2048,8192,1.153047544,0.000563011,0.000435445,0.000827042,1
actual,40,90,scatter_recursive_doubling_allgather,0,2048,8192,1.196872382,0.000584410,0.000457466,0.000830695,1
actual,41,91,scatter_recursive_doubling_allgather,0,2048,8192,1.160057971,0.000566435,0.000425647,0.000826169,1
actual,42,92,scatter_recursive_doubling_allgather,0,2048,8192,1.127297310,0.000550438,0.000423202,0.000799213,1
actual,43,93,scatter_recursive_doubling_allgather,0,2048,8192,1.180293161,0.000576315,0.000441917,0.000852039,1
actual,44,94,scatter_recursive_doubling_allgather,0,2048,8192,1.152758146,0.000562870,0.000431427,0.000814869,1
actual,45,95,scatter_recursive_doubling_allgather,0,2048,8192,1.158800245,0.000565820,0.000442839,0.000822056,1
actual,46,96,scatter_recursive_doubling_allgather,0,2048,8192,1.161814935,0.000567292,0.000428352,0.000806586,1
actual,47,97,scatter_recursive_doubling_allgather,0,2048,8192,1.175520240,0.000573984,0.000436657,0.000859352,1
actual,48,98,scatter_recursive_doubling_allgather,0,2048,8192,1.165807119,0.000569242,0.000443881,0.000818496,1
actual,49,99,scatter_recursive_doubling_allgather,0,2048,8192,1.209689848,0.000590669,0.000446526,0.000845948,1
warmup,0,0,scatter_recursive_doubling_allgather,0,2048,12288,1.153819838,0.000563389,0.000433712,0.000819549,1
warmup,1,1,scatter_recursive_doubling_allgather,0,2048,12288,1.137408304,0.000555375,0.000416340,0.000831309,1
warmup,2,2,scatter_recursive_doubling_allgather,0,2048,12288,1.141214062,0.000557233,0.000435114,0.000806928,1
warmup,3,3,scatter_recursive_doubling_allgather,0,2048,12288,1.172730219,0.000572622,0.000439593,0.000820322,1
warmup,4,4,scatter_recursive_doubling_allgather,0,2048,12288,1.139914804,0.000556599,0.000434963,0.000802467,1
warmup,5,5,scatter_recursive_doubling_allgather,0,2048,12288,1.153882799,0.000563419,0.000427200,0.000810524,1
warmup,6,6,scatter_recursive_doubling_allgather,0,2048,12288,1.129963922,0.000551740,0.000424134,0.000797582,1
warmup,7,7,scatter_recursive_doubling_allgather,0,2048,12288,1.144679715,0.000558926,0.000432209,0.000816350,1
warmup,8,8,scatter_recursive_doubling_allgather,0,2048,12288,1.147127478,0.000560121,0.000439914,0.000803527,1
warmup,9,9,scatter_recursive_doubling_allgather,0,2048,12288,1.167656515,0.000570145,0.000442058,0.000812964,1
warmup,10,10,scatter_recursive_doubling_allgather,0,2048,12288,1.169971618,0.000571275,0.000438601,0.000817504,1
warmup,11,11,scatter_recursive_doubling_allgather,0,2048,12288,1.151623768,0.000562316,0.000438030,0.000822905,1
warmup,12,12,scatter_recursive_doubling_allgather,0,2048,12288,1.172354864,0.000572439,0.000440162,0.000822212,1
warmup,13,13,scatter_recursive_doubling_allgather,0,2048,12288,1.118144986,0.000545969,0.000422661,0.000776454,1
warmup,14,14,scatter_recursive_doubling_allgather,0,2048,12288,1.173196138,0.000572850,0.000431668,0.000830878,1
warmup,15,15,scatter_recursive_doubling_allgather,0,2048,12288,1.125481366,0.000549551,0.000425968,0.000810901,1
warmup,16,16,scatter_recursive_doubling_allgather,0,2048,12288,1.164901574,0.000568800,0.000439453,0.000785231,1
warmup,17,17,scatter_recursive_doubling_allgather,0,2048,12288,1.146425949,0.000559778,0.000430886,0.000803567,1
warmup,18,18,scatter_recursive_doubling_allgather,0,2048,12288,1.160178018,0.000566493,0.000438651,0.000826033,1
warmup,19,19,scatter_recursive_doubling_allgather,0,2048,12288,1.147212889,0.000560163,0.000430636,0.000816743,1
warmup,20,20,scatter_recursive_doubling_allgather,0,2048,12288,1.152402279,0.000562696,0.000435715,0.000838904,1
warmup,21,21,scatter_recursive_doubling_allgather,0,2048,12288,1.127597701,0.000550585,0.000427108,0.000807014,1
warmup,22,22,scatter_recursive_doubling_allgather,0,2048,12288,1.144107265,0.000558646,0.000440926,0.000869292,1
warmup,23,23,scatter_recursive_doubling_allgather,0,2048,12288,1.161602005,0.000567188,0.000438952,0.000809779,1
warmup,24,24,scatter_recursive_doubling_allgather,0,2048,12288,1.194210521,0.000583111,0.000461875,0.000822313,1
warmup,25,25,scatter_recursive_doubling_allgather,0,2048,12288,1.358077365,0.000663124,0.000453619,0.000991157,1
warmup,26,26,scatter_recursive_doubling_allgather,0,2048,12288,1.151028677,0.000562026,0.000444732,0.000789552,1
warmup,27,27,scatter_recursive_doubling_allgather,0,2048,12288,1.150158236,0.000561601,0.000429484,0.000809028,1
warmup,28,28,scatter_recursive_doubling_allgather,0,2048,12288,1.136997072,0.000555174,0.000420708,0.000831371,1
warmup,29,29,scatter_recursive_doubling_allgather,0,2048,12288,1.136681194,0.000555020,0.000428622,0.000842762,1
warmup,30,30,scatter_recursive_doubling_allgather,0,2048,12288,1.153994105,0.000563474,0.000426829,0.000798250,1
warmup,31,31,scatter_recursive_doubling_allgather,0,2048,12288,1.139721712,0.000556505,0.000428202,0.000817283,1
warmup,32,32,scatter_recursive_doubling_allgather,0,2048,12288,1.564283396,0.000763810,0.000659555,0.000943213,1
warmup,33,33,scatter_recursive_doubling_allgather,0,2048,12288,1.131870105,0.000552671,0.000410128,0.000816165,1
warmup,34,34,scatter_recursive_doubling_allgather,0,2048,12288,1.162981377,0.000567862,0.000437328,0.000980313,1
warmup,35,35,scatter_recursive_doubling_allgather,0,2048,12288,1.141260285,0.000557256,0.000433432,0.000813510,1
warmup,36,36,scatter_recursive_doubling_allgather,0,2048,12288,1.163753302,0.000568239,0.000442149,0.000823088,1
warmup,37,37,scatter_recursive_doubling_allgather,0,2048,12288,1.168923906,0.000570764,0.000440023,0.000883847,1
warmup,38,38,scatter_recursive_doubling_allgather,0,2048,12288,1.171264002,0.000571906,0.000437378,0.000816211,1
warmup,39,39,scatter_recursive_doubling_allgather,0,2048,12288,1.146685438,0.000559905,0.000434702,0.000806728,1
warmup,40,40,scatter_recursive_doubling_allgather,0,2048,12288,1.143863410,0.000558527,0.000426729,0.000806807,1
warmup,41,41,scatter_recursive_doubling_allgather,0,2048,12288,1.123334731,0.000548503,0.000424515,0.000810706,1
warmup,42,42,scatter_recursive_doubling_allgather,0,2048,12288,1.119707865,0.000546732,0.000414606,0.000804391,1
warmup,43,43,scatter_recursive_doubling_allgather,0,2048,12288,1.148438059,0.000560761,0.000422821,0.000819638,1
warmup,44,44,scatter_recursive_doubling_allgather,0,2048,12288,1.150513316,0.000561774,0.000426167,0.000812204,1
warmup,45,45,scatter_recursive_doubling_allgather,0,2048,12288,1.137482641,0.000555411,0.000426919,0.000806744,1
warmup,46,46,scatter_recursive_doubling_allgather,0,2048,12288,1.152338165,0.000562665,0.000432399,0.000859693,1
warmup,47,47,scatter_recursive_doubling_allgather,0,2048,12288,1.132347427,0.000552904,0.000423222,0.000806414,1
warmup,48,48,scatter_recursive_doubling_allgather,0,2048,12288,1.151623667,0.000562316,0.000429364,0.000808137,1
warmup,49,49,scatter_recursive_doubling_allgather,0,2048,12288,1.146022206,0.000559581,0.000427600,0.000819668,1
actual,0,50,scatter_recursive_doubling_allgather,0,2048,12288,1.140605144,0.000556936,0.000423032,0.000813705,1
actual,1,51,scatter_recursive_doubling_allgather,0,2048,12288,1.133705615,0.000553567,0.000427631,0.000825761,1
actual,2,52,scatter_recursive_doubling_allgather,0,2048,12288,1.101659438,0.000537920,0.000404316,0.000823094,1
actual,3,53,scatter_recursive_doubling_allgather,0,2048,12288,1.135125466,0.000554260,0.000422341,0.000800582,1
actual,4,54,scatter_recursive_doubling_allgather,0,2048,12288,1.133290151,0.000553364,0.000423873,0.000807419,1
actual,5,55,scatter_recursive_doubling_allgather,0,2048,12288,1.153828979,0.000563393,0.000442018,0.000854503,1
actual,6,56,scatter_recursive_doubling_allgather,0,2048,12288,1.168141967,0.000570382,0.000442919,0.000834137,1
actual,7,57,scatter_recursive_doubling_allgather,0,2048,12288,1.134715298,0.000554060,0.000433782,0.000816096,1
actual,8,58,scatter_recursive_doubling_allgather,0,2048,12288,1.155710420,0.000564312,0.000436828,0.000825592,1
actual,9,59,scatter_recursive_doubling_allgather,0,2048,12288,1.140578899,0.000556923,0.000420077,0.000814188,1
actual,10,60,scatter_recursive_doubling_allgather,0,2048,12288,1.161079784,0.000566933,0.000448239,0.000842732,1
actual,11,61,scatter_recursive_doubling_allgather,0,2048,12288,1.160919632,0.000566855,0.000435704,0.000845757,1
actual,12,62,scatter_recursive_doubling_allgather,0,2048,12288,1.160043754,0.000566428,0.000446346,0.000826290,1
actual,13,63,scatter_recursive_doubling_allgather,0,2048,12288,1.152905502,0.000562942,0.000437559,0.000809760,1
actual,14,64,scatter_recursive_doubling_allgather,0,2048,12288,1.159492965,0.000566159,0.000441857,0.000834886,1
actual,15,65,scatter_recursive_doubling_allgather,0,2048,12288,1.162802897,0.000567775,0.000449061,0.000823455,1
actual,16,66,scatter_recursive_doubling_allgather,0,2048,12288,1.134466727,0.000553939,0.000426698,0.000808127,1
actual,17,67,scatter_recursive_doubling_allgather,0,2048,12288,1.147064385,0.000560090,0.000437429,0.000846770,1
actual,18,68,scatter_recursive_doubling_allgather,0,2048,12288,1.138886089,0.000556097,0.000430295,0.000804080,1
actual,19,69,scatter_recursive_doubling_allgather,0,2048,12288,1.128196775,0.000550877,0.000425286,0.000807746,1
actual,20,70,scatter_recursive_doubling_allgather,0,2048,12288,1.133433396,0.000553434,0.000422371,0.000812294,1
actual,21,71,scatter_recursive_doubling_allgather,0,2048,12288,1.180610867,0.000576470,0.000446917,0.000825530,1
actual,22,72,scatter_recursive_doubling_allgather,0,2048,12288,1.144671112,0.000558921,0.000442418,0.000819899,1
actual,23,73,scatter_recursive_doubling_allgather,0,2048,12288,1.149127303,0.000561097,0.000436538,0.000803641,1
actual,24,74,scatter_recursive_doubling_allgather,0,2048,12288,1.150607062,0.000561820,0.000433371,0.000832953,1
actual,25,75,scatter_recursive_doubling_allgather,0,2048,12288,1.174999308,0.000573730,0.000446366,0.000813346,1
actual,26,76,scatter_recursive_doubling_allgather,0,2048,12288,1.149736366,0.000561395,0.000429743,0.000834867,1
actual,27,77,scatter_recursive_doubling_allgather,0,2048,12288,1.153834440,0.000563396,0.000431758,0.000828134,1
actual,28,78,scatter_recursive_doubling_allgather,0,2048,12288,1.156345218,0.000564622,0.000446466,0.000820880,1
actual,29,79,scatter_recursive_doubling_allgather,0,2048,12288,1.135649120,0.000554516,0.000419205,0.000785575,1
actual,30,80,scatter_recursive_doubling_allgather,0,2048,12288,1.116745230,0.000545286,0.000414667,0.000872988,1
actual,31,81,scatter_recursive_doubling_allgather,0,2048,12288,1.161112780,0.000566950,0.000447027,0.000835869,1
actual,32,82,scatter_recursive_doubling_allgather,0,2048,12288,1.168408237,0.000570512,0.000442849,0.000819900,1
actual,33,83,scatter_recursive_doubling_allgather,0,2048,12288,1.157109083,0.000564995,0.000414736,0.000809730,1
actual,34,84,scatter_recursive_doubling_allgather,0,2048,12288,1.139581778,0.000556436,0.000419786,0.000789552,1
actual,35,85,scatter_recursive_doubling_allgather,0,2048,12288,1.154586412,0.000563763,0.000443378,0.000818556,1
actual,36,86,scatter_recursive_doubling_allgather,0,2048,12288,1.152163821,0.000562580,0.000426448,0.000805702,1
actual,37,87,scatter_recursive_doubling_allgather,0,2048,12288,1.131366704,0.000552425,0.000426068,0.000809762,1
actual,38,88,scatter_recursive_doubling_allgather,0,2048,12288,1.175913732,0.000574177,0.000446496,0.000813487,1
actual,39,89,scatter_recursive_doubling_allgather,0,2048,12288,1.156033867,0.000564470,0.000430847,0.000796698,1
actual,40,90,scatter_recursive_doubling_allgather,0,2048,12288,1.128866797,0.000551204,0.000423553,0.000817495,1
actual,41,91,scatter_recursive_doubling_allgather,0,2048,12288,1.162336650,0.000567547,0.000436447,0.000861476,1
actual,42,92,scatter_recursive_doubling_allgather,0,2048,12288,1.149149498,0.000561108,0.000415217,0.000840347,1
actual,43,93,scatter_recursive_doubling_allgather,0,2048,12288,1.142509865,0.000557866,0.000425095,0.000845617,1
actual,44,94,scatter_recursive_doubling_allgather,0,2048,12288,1.125034412,0.000549333,0.000412392,0.000813447,1
actual,45,95,scatter_recursive_doubling_allgather,0,2048,12288,1.155943772,0.000564426,0.000439252,0.000806624,1
actual,46,96,scatter_recursive_doubling_allgather,0,2048,12288,1.158158782,0.000565507,0.000442368,0.000790544,1
actual,47,97,scatter_recursive_doubling_allgather,0,2048,12288,1.161898807,0.000567333,0.000443701,0.000787846,1
actual,48,98,scatter_recursive_doubling_allgather,0,2048,12288,1.136914164,0.000555134,0.000424094,0.000820059,1
actual,49,99,scatter_recursive_doubling_allgather,0,2048,12288,1.134803518,0.000554103,0.000429023,0.000821982,1
warmup,0,0,scatter_recursive_doubling_allgather,0,2048,16384,1.303409307,0.000636430,0.000491710,0.000923043,1
warmup,1,1,scatter_recursive_doubling_allgather,0,2048,16384,1.279677857,0.000624843,0.000476402,0.000925217,1
warmup,2,2,scatter_recursive_doubling_allgather,0,2048,16384,1.285055531,0.000627469,0.000493905,0.000929034,1
warmup,3,3,scatter_recursive_doubling_allgather,0,2048,16384,1.281676272,0.000625818,0.000483605,0.000951545,1
warmup,4,4,scatter_recursive_doubling_allgather,0,2048,16384,1.290239857,0.000630000,0.000490659,0.000985419,1
warmup,5,5,scatter_recursive_doubling_allgather,0,2048,16384,1.283698494,0.000626806,0.000486040,0.000919304,1
warmup,6,6,scatter_recursive_doubling_allgather,0,2048,16384,1.301474690,0.000635486,0.000485589,0.000892645,1
warmup,7,7,scatter_recursive_doubling_allgather,0,2048,16384,1.291761509,0.000630743,0.000498233,0.000924584,1
warmup,8,8,scatter_recursive_doubling_allgather,0,2048,16384,1.262441243,0.000616426,0.000489627,0.000901682,1
warmup,9,9,scatter_recursive_doubling_allgather,0,2048,16384,1.269502542,0.000619874,0.000485519,0.000928783,1
warmup,10,10,scatter_recursive_doubling_allgather,0,2048,16384,1.288600721,0.000629200,0.000486300,0.000934846,1
warmup,11,11,scatter_recursive_doubling_allgather,0,2048,16384,1.271444215,0.000620822,0.000490308,0.000942478,1
warmup,12,12,scatter_recursive_doubling_allgather,0,2048,16384,1.279289516,0.000624653,0.000491220,0.000942408,1
warmup,13,13,scatter_recursive_doubling_allgather,0,2048,16384,1.271787877,0.000620990,0.000486320,0.000950153,1
warmup,14,14,scatter_recursive_doubling_allgather,0,2048,16384,1.275017314,0.000622567,0.000486250,0.000903264,1
warmup,15,15,scatter_recursive_doubling_allgather,0,2048,16384,1.278120992,0.000624083,0.000492171,0.000897705,1
warmup,16,16,scatter_recursive_doubling_allgather,0,2048,16384,1.287627351,0.000628724,0.000488505,0.000940295,1
warmup,17,17,scatter_recursive_doubling_allgather,0,2048,16384,1.285274359,0.000627575,0.000498252,0.000869088,1
warmup,18,18,scatter_recursive_doubling_allgather,0,2048,16384,1.267307445,0.000618802,0.000483685,0.000970913,1
warmup,19,19,scatter_recursive_doubling_allgather,0,2048,16384,1.259768577,0.000615121,0.000480670,0.000895694,1
warmup,20,20,scatter_recursive_doubling_allgather,0,2048,16384,1.281492064,0.000625729,0.000487393,0.000971814,1
warmup,21,21,scatter_recursive_doubling_allgather,0,2048,16384,1.252505496,0.000611575,0.000474598,0.000897534,1
warmup,22,22,scatter_recursive_doubling_allgather,0,2048,16384,1.356930851,0.000662564,0.000523480,0.000950748,1
warmup,23,23,scatter_recursive_doubling_allgather,0,2048,16384,1.293580296,0.000631631,0.000494156,0.000934444,1
warmup,24,24,scatter_recursive_doubling_allgather,0,2048,16384,1.277567772,0.000623812,0.000484998,0.000905059,1
warmup,25,25,scatter_recursive_doubling_allgather,0,2048,16384,1.276755880,0.000623416,0.000484537,0.000905699,1
warmup,26,26,scatter_recursive_doubling_allgather,0,2048,16384,1.291832938,0.000630778,0.000497862,0.000939324,1
warmup,27,27,scatter_recursive_doubling_allgather,0,2048,16384,1.263181958,0.000616788,0.000482984,0.000893176,1
warmup,28,28,scatter_recursive_doubling_allgather,0,2048,16384,1.300495271,0.000635007,0.000491552,0.000952587,1
warmup,29,29,scatter_recursive_doubling_allgather,0,2048,16384,1.299724934,0.000634631,0.000499254,0.000928500,1
warmup,30,30,scatter_recursive_doubling_allgather,0,2048,16384,1.289670173,0.000629722,0.000486260,0.000941486,1
warmup,31,31,scatter_recursive_doubling_allgather,0,2048,16384,1.333989406,0.000651362,0.000503153,0.001010229,1
warmup,32,32,scatter_recursive_doubling_allgather,0,2048,16384,1.284789616,0.000627339,0.000481832,0.000903606,1
warmup,33,33,scatter_recursive_doubling_allgather,0,2048,16384,1.317468791,0.000643295,0.000463258,0.000970214,1
warmup,34,34,scatter_recursive_doubling_allgather,0,2048,16384,1.278059564,0.000624053,0.000483715,0.000924024,1
warmup,35,35,scatter_recursive_doubling_allgather,0,2048,16384,1.265177306,0.000617762,0.000466223,0.000901463,1
warmup,36,36,scatter_recursive_doubling_allgather,0,2048,16384,1.273667076,0.000621908,0.000486811,0.000929956,1
warmup,37,37,scatter_recursive_doubling_allgather,0,2048,16384,1.279473803,0.000624743,0.000485499,0.000949131,1
warmup,38,38,scatter_recursive_doubling_allgather,0,2048,16384,1.312049451,0.000640649,0.000500126,0.000907904,1
warmup,39,39,scatter_recursive_doubling_allgather,0,2048,16384,1.288590947,0.000629195,0.000490318,0.001060543,1
warmup,40,40,scatter_recursive_doubling_allgather,0,2048,16384,1.288783709,0.000629289,0.000496428,0.000906171,1
warmup,41,41,scatter_recursive_doubling_allgather,0,2048,16384,1.275633944,0.000622868,0.000476362,0.000885521,1
warmup,42,42,scatter_recursive_doubling_allgather,0,2048,16384,1.274105985,0.000622122,0.000483244,0.000922632,1
warmup,43,43,scatter_recursive_doubling_allgather,0,2048,16384,1.268749175,0.000619506,0.000472715,0.000926372,1
warmup,44,44,scatter_recursive_doubling_allgather,0,2048,16384,1.272775693,0.000621473,0.000482924,0.000859155,1
warmup,45,45,scatter_recursive_doubling_allgather,0,2048,16384,1.267302066,0.000618800,0.000476721,0.000994987,1
warmup,46,46,scatter_recursive_doubling_allgather,0,2048,16384,1.282569538,0.000626255,0.000475800,0.000920838,1
warmup,47,47,scatter_recursive_doubling_allgather,0,2048,16384,1.269015139,0.000619636,0.000488725,0.000933582,1
warmup,48,48,scatter_recursive_doubling_allgather,0,2048,16384,1.283306023,0.000626614,0.000485058,0.000936377,1
warmup,49,49,scatter_recursive_doubling_allgather,0,2048,16384,1.289560390,0.000629668,0.000498393,0.000922731,1
actual,0,50,scatter_recursive_doubling_allgather,0,2048,16384,1.269077177,0.000619667,0.000482122,0.000911291,1
actual,1,51,scatter_recursive_doubling_allgather,0,2048,16384,1.292829992,0.000631265,0.000493464,0.000951706,1
actual,2,52,scatter_recursive_doubling_allgather,0,2048,16384,1.277759933,0.000623906,0.000479077,0.000910159,1
actual,3,53,scatter_recursive_doubling_allgather,0,2048,16384,1.278025781,0.000624036,0.000482694,0.000915508,1
actual,4,54,scatter_recursive_doubling_allgather,0,2048,16384,1.289918827,0.000629843,0.000489847,0.000930024,1
actual,5,55,scatter_recursive_doubling_allgather,0,2048,16384,1.261497839,0.000615966,0.000478085,0.000868992,1
actual,6,56,scatter_recursive_doubling_allgather,0,2048,16384,1.272426107,0.000621302,0.000492200,0.000897183,1
actual,7,57,scatter_recursive_doubling_allgather,0,2048,16384,1.258402335,0.000614454,0.000470892,0.000944522,1
actual,8,58,scatter_recursive_doubling_allgather,0,2048,16384,1.286367164,0.000628109,0.000484277,0.000922821,1
actual,9,59,scatter_recursive_doubling_allgather,0,2048,16384,1.290323374,0.000630041,0.000495247,0.000946287,1
actual,10,60,scatter_recursive_doubling_allgather,0,2048,16384,1.303063991,0.000636262,0.000499244,0.000951295,1
actual,11,61,scatter_recursive_doubling_allgather,0,2048,16384,1.259093324,0.000614792,0.000478396,0.000922330,1
actual,12,62,scatter_recursive_doubling_allgather,0,2048,16384,1.259158728,0.000614824,0.000485369,0.000927440,1
actual,13,63,scatter_recursive_doubling_allgather,0,2048,16384,1.272468498,0.000621323,0.000492892,0.000936346,1
actual,14,64,scatter_recursive_doubling_allgather,0,2048,16384,1.288954571,0.000629372,0.000491329,0.000903984,1
actual,15,65,scatter_recursive_doubling_allgather,0,2048,16384,1.256640390,0.000613594,0.000483024,0.000910400,1
actual,16,66,scatter_recursive_doubling_allgather,0,2048,16384,1.266824687,0.000618567,0.000481752,0.000921199,1
actual,17,67,scatter_recursive_doubling_allgather,0,2048,16384,1.255661957,0.000613116,0.000473927,0.000955132,1
actual,18,68,scatter_recursive_doubling_allgather,0,2048,16384,1.283568805,0.000626743,0.000492824,0.000953769,1
actual,19,69,scatter_recursive_doubling_allgather,0,2048,16384,1.286659907,0.000628252,0.000484688,0.000926248,1
actual,20,70,scatter_recursive_doubling_allgather,0,2048,16384,1.302622019,0.000636046,0.000498703,0.000950955,1
actual,21,71,scatter_recursive_doubling_allgather,0,2048,16384,1.275667266,0.000622884,0.000487182,0.000904307,1
actual,22,72,scatter_recursive_doubling_allgather,0,2048,16384,1.291970000,0.000630845,0.000493304,0.000911200,1
actual,23,73,scatter_recursive_doubling_allgather,0,2048,16384,1.285780687,0.000627823,0.000482252,0.000945554,1
actual,24,74,scatter_recursive_doubling_allgather,0,2048,16384,1.273110141,0.000621636,0.000490578,0.000933092,1
actual,25,75,scatter_recursive_doubling_allgather,0,2048,16384,1.264531097,0.000617447,0.000481842,0.000923143,1
actual,26,76,scatter_recursive_doubling_allgather,0,2048,16384,1.291936992,0.000630829,0.000488734,0.000932680,1
actual,27,77,scatter_recursive_doubling_allgather,0,2048,16384,1.281471308,0.000625718,0.000483465,0.000905400,1
actual,28,78,scatter_recursive_doubling_allgather,0,2048,16384,1.298846491,0.000634202,0.000481230,0.000950253,1
actual,29,79,scatter_recursive_doubling_allgather,0,2048,16384,1.250188673,0.000610444,0.000477864,0.000931777,1
actual,30,80,scatter_recursive_doubling_allgather,0,2048,16384,1.288655814,0.000629226,0.000499525,0.000917953,1
actual,31,81,scatter_recursive_doubling_allgather,0,2048,16384,1.279456630,0.000624735,0.000480340,0.000928352,1
actual,32,82,scatter_recursive_doubling_allgather,0,2048,16384,1.252727338,0.000611683,0.000483084,0.000897251,1
actual,33,83,scatter_recursive_doubling_allgather,0,2048,16384,1.275114696,0.000622615,0.000488256,0.000897935,1
actual,34,84,scatter_recursive_doubling_allgather,0,2048,16384,1.311079320,0.000640175,0.000491911,0.000925939,1
actual,35,85,scatter_recursive_doubling_allgather,0,2048,16384,1.268689956,0.000619478,0.000480730,0.000946996,1
actual,36,86,scatter_recursive_doubling_allgather,0,2048,16384,1.262240880,0.000616329,0.000463670,0.000919767,1
actual,37,87,scatter_recursive_doubling_allgather,0,2048,16384,1.272692160,0.000621432,0.000481883,0.000936636,1
actual,38,88,scatter_recursive_doubling_allgather,0,2048,16384,1.269151189,0.000619703,0.000480941,0.000949191,1
actual,39,89,scatter_recursive_doubling_allgather,0,2048,16384,1.275867514,0.000622982,0.000478425,0.000928062,1
actual,40,90,scatter_recursive_doubling_allgather,0,2048,16384,1.259370217,0.000614927,0.000472704,0.000921230,1
actual,41,91,scatter_recursive_doubling_allgather,0,2048,16384,1.272037217,0.000621112,0.000485288,0.000942076,1
actual,42,92,scatter_recursive_doubling_allgather,0,2048,16384,1.305340632,0.000637373,0.000495397,0.000957587,1
actual,43,93,scatter_recursive_doubling_allgather,0,2048,16384,1.278316046,0.000624178,0.000493414,0.000886463,1
actual,44,94,scatter_recursive_doubling_allgather,0,2048,16384,1.282439557,0.000626191,0.000489406,0.000895661,1
actual,45,95,scatter_recursive_doubling_allgather,0,2048,16384,1.254095481,0.000612351,0.000466253,0.000891393,1
actual,46,96,scatter_recursive_doubling_allgather,0,2048,16384,1.292419980,0.000631064,0.000482734,0.000892364,1
actual,47,97,scatter_recursive_doubling_allgather,0,2048,16384,1.274687440,0.000622406,0.000476502,0.000950876,1
actual,48,98,scatter_recursive_doubling_allgather,0,2048,16384,1.295784517,0.000632707,0.000489957,0.000887999,1
actual,49,99,scatter_recursive_doubling_allgather,0,2048,16384,1.283465999,0.000626692,0.000480970,0.000891223,1
warmup,0,0,scatter_recursive_doubling_allgather,0,2048,24576,1.276386306,0.000623236,0.000477584,0.000968878,1
warmup,1,1,scatter_recursive_doubling_allgather,0,2048,24576,1.283537102,0.000626727,0.000491440,0.000938451,1
warmup,2,2,scatter_recursive_doubling_allgather,0,2048,24576,1.267196545,0.000618748,0.000482643,0.000866696,1
warmup,3,3,scatter_recursive_doubling_allgather,0,2048,24576,1.311320836,0.000640293,0.000507751,0.000885442,1
warmup,4,4,scatter_recursive_doubling_allgather,0,2048,24576,1.333546818,0.000651146,0.000499064,0.000898676,1
warmup,5,5,scatter_recursive_doubling_allgather,0,2048,24576,1.283770173,0.000626841,0.000489116,0.000931427,1
warmup,6,6,scatter_recursive_doubling_allgather,0,2048,24576,1.298052125,0.000633815,0.000490919,0.000934174,1
warmup,7,7,scatter_recursive_doubling_allgather,0,2048,24576,1.317822726,0.000643468,0.000508452,0.000918113,1
warmup,8,8,scatter_recursive_doubling_allgather,0,2048,24576,1.304232245,0.000636832,0.000496119,0.000908424,1
warmup,9,9,scatter_recursive_doubling_allgather,0,2048,24576,1.278602424,0.000624318,0.000479207,0.000958519,1
warmup,10,10,scatter_recursive_doubling_allgather,0,2048,24576,1.272909206,0.000621538,0.000484958,0.000891010,1
warmup,11,11,scatter_recursive_doubling_allgather,0,2048,24576,1.279867962,0.000624936,0.000489376,0.000950132,1
warmup,12,12,scatter_recursive_doubling_allgather,0,2048,24576,1.293884561,0.000631780,0.000500998,0.000927129,1
warmup,13,13,scatter_recursive_doubling_allgather,0,2048,24576,1.275008551,0.000622563,0.000478516,0.000913483,1
warmup,14,14,scatter_recursive_doubling_allgather,0,2048,24576,1.281693029,0.000625827,0.000493714,0.000931278,1
warmup,15,15,scatter_recursive_doubling_allgather,0,2048,24576,1.301491389,0.000635494,0.000488324,0.001048578,1
warmup,16,16,scatter_recursive_doubling_allgather,0,2048,24576,1.315780071,0.000642471,0.000506268,0.000891656,1
warmup,17,17,scatter_recursive_doubling_allgather,0,2048,24576,1.270506737,0.000620365,0.000493594,0.000911962,1
warmup,18,18,scatter_recursive_doubling_allgather,0,2048,24576,1.287533073,0.000628678,0.000496579,0.000877589,1
warmup,19,19,scatter_recursive_doubling_allgather,0,2048,24576,1.303495626,0.000636472,0.000503923,0.000944282,1
warmup,20,20,scatter_recursive_doubling_allgather,0,2048,24576,1.295865392,0.000632747,0.000506268,0.000953589,1
warmup,21,21,scatter_recursive_doubling_allgather,0,2048,24576,1.289170708,0.000629478,0.000508282,0.000881104,1
warmup,22,22,scatter_recursive_doubling_allgather,0,2048,24576,1.282032262,0.000625992,0.000495558,0.000887585,1
warmup,23,23,scatter_recursive_doubling_allgather,0,2048,24576,1.288268159,0.000629037,0.000497111,0.000937008,1
warmup,24,24,scatter_recursive_doubling_allgather,0,2048,24576,1.286862307,0.000628351,0.000501669,0.000894889,1
warmup,25,25,scatter_recursive_doubling_allgather,0,2048,24576,1.298884702,0.000634221,0.000499515,0.000899602,1
warmup,26,26,scatter_recursive_doubling_allgather,0,2048,24576,1.300211367,0.000634869,0.000489537,0.000983195,1
warmup,27,27,scatter_recursive_doubling_allgather,0,2048,24576,1.300707129,0.000635111,0.000507420,0.000909728,1
warmup,28,28,scatter_recursive_doubling_allgather,0,2048,24576,1.278813297,0.000624421,0.000487382,0.000917662,1
warmup,29,29,scatter_recursive_doubling_allgather,0,2048,24576,1.267251329,0.000618775,0.000485699,0.000915880,1
warmup,30,30,scatter_recursive_doubling_allgather,0,2048,24576,1.282171980,0.000626061,0.000498644,0.000927540,1
warmup,31,31,scatter_recursive_doubling_allgather,0,2048,24576,1.291855095,0.000630789,0.000494226,0.000877839,1
warmup,32,32,scatter_recursive_doubling_allgather,0,2048,24576,1.297562626,0.000633576,0.000504955,0.000935957,1
warmup,33,33,scatter_recursive_doubling_allgather,0,2048,24576,1.281743345,0.000625851,0.000500437,0.000879612,1
warmup,34,34,scatter_recursive_doubling_allgather,0,2048,24576,1.339332680,0.000653971,0.000511578,0.001161919,1
warmup,35,35,scatter_recursive_doubling_allgather,0,2048,24576,1.263992487,0.000617184,0.000467355,0.000922872,1
warmup,36,36,scatter_recursive_doubling_allgather,0,2048,24576,1.289861070,0.000629815,0.000495367,0.000916681,1
warmup,37,37,scatter_recursive_doubling_allgather,0,2048,24576,1.275456952,0.000622782,0.000482904,0.000900388,1
warmup,38,38,scatter_recursive_doubling_allgather,0,2048,24576,1.293263902,0.000631477,0.000508321,0.000881628,1
warmup,39,39,scatter_recursive_doubling_allgather,0,2048,24576,1.296523148,0.000633068,0.000492622,0.000896371,1
warmup,40,40,scatter_recursive_doubling_allgather,0,2048,24576,1.272657094,0.000621415,0.000498754,0.000897656,1
warmup,41,41,scatter_recursive_doubling_allgather,0,2048,24576,1.278270125,0.000624155,0.000481201,0.000879681,1
warmup,42,42,scatter_recursive_doubling_allgather,0,2048,24576,1.276818245,0.000623446,0.000480699,0.000903254,1
warmup,43,43,scatter_recursive_doubling_allgather,0,2048,24576,1.277097562,0.000623583,0.000492683,0.000917201,1
warmup,44,44,scatter_recursive_doubling_allgather,0,2048,24576,1.294596210,0.000632127,0.000500627,0.000891133,1
warmup,45,45,scatter_recursive_doubling_allgather,0,2048,24576,1.281925794,0.000625940,0.000492923,0.000873580,1
warmup,46,46,scatter_recursive_doubling_allgather,0,2048,24576,1.300971301,0.000635240,0.000495948,0.000950143,1
warmup,47,47,scatter_recursive_doubling_allgather,0,2048,24576,1.285542570,0.000627706,0.000504284,0.000882163,1
warmup,48,48,scatter_recursive_doubling_allgather,0,2048,24576,1.301465823,0.000635481,0.000506047,0.000909878,1
warmup,49,49,scatter_recursive_doubling_allgather,0,2048,24576,1.287310989,0.000628570,0.000486641,0.000879651,1
actual,0,50,scatter_recursive_doubling_allgather,0,2048,24576,1.296325867,0.000632972,0.000499014,0.000866698,1
actual,1,51,scatter_recursive_doubling_allgather,0,2048,24576,1.273282330,0.000621720,0.000489717,0.000886413,1
actual,2,52,scatter_recursive_doubling_allgather,0,2048,24576,1.287087221,0.000628461,0.000496539,0.000905419,1
actual,3,53,scatter_recursive_doubling_allgather,0,2048,24576,1.271862710,0.000621027,0.000486661,0.000977144,1
actual,4,54,scatter_recursive_doubling_allgather,0,2048,24576,1.279861689,0.000624932,0.000498203,0.000875061,1
actual,5,55,scatter_recursive_doubling_allgather,0,2048,24576,1.330622117,0.000649718,0.000513581,0.000933632,1
actual,6,56,scatter_recursive_doubling_allgather,0,2048,24576,1.297356899,0.000633475,0.000507300,0.000884660,1
actual,7,57,scatter_recursive_doubling_allgather,0,2048,24576,1.292775126,0.000631238,0.000495357,0.000933411,1
actual,8,58,scatter_recursive_doubling_allgather,0,2048,24576,1.287688362,0.000628754,0.000491560,0.000904286,1
actual,9,59,scatter_recursive_doubling_allgather,0,2048,24576,1.287789458,0.000628803,0.000497181,0.000942639,1
actual,10,60,scatter_recursive_doubling_allgather,0,2048,24576,1.258954506,0.000614724,0.000476782,0.000906011,1
actual,11,61,scatter_recursive_doubling_allgather,0,2048,24576,1.290450561,0.000630103,0.000487282,0.000911681,1
actual,12,62,scatter_recursive_doubling_allgather,0,2048,24576,1.248261727,0.000609503,0.000481481,0.000912603,1
actual,13,63,scatter_recursive_doubling_allgather,0,2048,24576,1.277431195,0.000623746,0.000483575,0.000890031,1
actual,14,64,scatter_recursive_doubling_allgather,0,2048,24576,1.297880877,0.000633731,0.000497211,0.000903295,1
actual,15,65,scatter_recursive_doubling_allgather,0,2048,24576,1.255595475,0.000613084,0.000491110,0.000917301,1
actual,16,66,scatter_recursive_doubling_allgather,0,2048,24576,1.278262795,0.000624152,0.000489597,0.000871897,1
actual,17,67,scatter_recursive_doubling_allgather,0,2048,24576,1.272945923,0.000621556,0.000473637,0.000892805,1
actual,18,68,scatter_recursive_doubling_allgather,0,2048,24576,1.287080218,0.000628457,0.000490439,0.000889830,1
actual,19,69,scatter_recursive_doubling_allgather,0,2048,24576,1.288057357,0.000628934,0.000487423,0.000904697,1
actual,20,70,scatter_recursive_doubling_allgather,0,2048,24576,1.282554468,0.000626247,0.000485670,0.000906232,1
actual,21,71,scatter_recursive_doubling_allgather,0,2048,24576,1.262375237,0.000616394,0.000471282,0.000894739,1
actual,22,72,scatter_recursive_doubling_allgather,0,2048,24576,1.280772331,0.000625377,0.000483134,0.000893426,1
actual,23,73,scatter_recursive_doubling_allgather,0,2048,24576,1.286359440,0.000628105,0.000494376,0.000946777,1
actual,24,74,scatter_recursive_doubling_allgather,0,2048,24576,1.263597647,0.000616991,0.000475779,0.000886413,1
actual,25,75,scatter_recursive_doubling_allgather,0,2048,24576,1.306689505,0.000638032,0.000494185,0.000941917,1
actual,26,76,scatter_recursive_doubling_allgather,0,2048,24576,1.273453350,0.000621803,0.000501438,0.000887976,1
actual,27,77,scatter_recursive_doubling_allgather,0,2048,24576,1.291153369,0.000630446,0.000503200,0.000934544,1
actual,28,78,scatter_recursive_doubling_allgather,0,2048,24576,1.287382997,0.000628605,0.000498463,0.000927071,1
actual,29,79,scatter_recursive_doubling_allgather,0,2048,24576,1.279148794,0.000624584,0.000496408,0.000919778,1
actual,30,80,scatter_recursive_doubling_allgather,0,2048,24576,1.262675090,0.000616541,0.000486771,0.000926619,1
actual,31,81,scatter_recursive_doubling_allgather,0,2048,24576,1.287106215,0.000628470,0.000490688,0.000883268,1
actual,32,82,scatter_recursive_doubling_allgather,0,2048,24576,1.268159583,0.000619219,0.000495037,0.000915779,1
actual,33,83,scatter_recursive_doubling_allgather,0,2048,24576,1.262958134,0.000616679,0.000483285,0.000915920,1
actual,34,84,scatter_recursive_doubling_allgather,0,2048,24576,1.270883985,0.000620549,0.000485930,0.000916394,1
actual,35,85,scatter_recursive_doubling_allgather,0,2048,24576,1.303114042,0.000636286,0.000513031,0.000873279,1
actual,36,86,scatter_recursive_doubling_allgather,0,2048,24576,1.282578162,0.000626259,0.000487343,0.000874962,1
actual,37,87,scatter_recursive_doubling_allgather,0,2048,24576,1.305176483,0.000637293,0.000492021,0.000959090,1
actual,38,88,scatter_recursive_doubling_allgather,0,2048,24576,1.269592160,0.000619918,0.000485469,0.000884679,1
actual,39,89,scatter_recursive_doubling_allgather,0,2048,24576,1.291195687,0.000630467,0.000493384,0.000948399,1
actual,40,90,scatter_recursive_doubling_allgather,0,2048,24576,1.276777147,0.000623426,0.000484828,0.000902336,1
actual,41,91,scatter_recursive_doubling_allgather,0,2048,24576,1.281876224,0.000625916,0.000501859,0.000885604,1
actual,42,92,scatter_recursive_doubling_allgather,0,2048,24576,1.288692414,0.000629244,0.000496440,0.000945114,1
actual,43,93,scatter_recursive_doubling_allgather,0,2048,24576,1.283726063,0.000626819,0.000498033,0.000896271,1
actual,44,94,scatter_recursive_doubling_allgather,0,2048,24576,1.274643400,0.000622384,0.000488835,0.000904207,1
actual,45,95,scatter_recursive_doubling_allgather,0,2048,24576,1.280501032,0.000625245,0.000489508,0.000956656,1
actual,46,96,scatter_recursive_doubling_allgather,0,2048,24576,1.312731030,0.000640982,0.000504795,0.000932299,1
actual,47,97,scatter_recursive_doubling_allgather,0,2048,24576,1.237914170,0.000604450,0.000457978,0.000891523,1
actual,48,98,scatter_recursive_doubling_allgather,0,2048,24576,1.276104002,0.000623098,0.000495127,0.000886785,1
actual,49,99,scatter_recursive_doubling_allgather,0,2048,24576,1.280105959,0.000625052,0.000495498,0.000893614,1
warmup,0,0,scatter_recursive_doubling_allgather,0,2048,32768,1.437267099,0.000701791,0.000552354,0.001024622,1
warmup,1,1,scatter_recursive_doubling_allgather,0,2048,32768,1.392764009,0.000680061,0.000527217,0.001005232,1
warmup,2,2,scatter_recursive_doubling_allgather,0,2048,32768,1.399211157,0.000683209,0.000532507,0.000985787,1
warmup,3,3,scatter_recursive_doubling_allgather,0,2048,32768,1.391531608,0.000679459,0.000538669,0.000981382,1
warmup,4,4,scatter_recursive_doubling_allgather,0,2048,32768,1.422948161,0.000694799,0.000539720,0.001031875,1
warmup,5,5,scatter_recursive_doubling_allgather,0,2048,32768,1.402922709,0.000685021,0.000527307,0.000975763,1
warmup,6,6,scatter_recursive_doubling_allgather,0,2048,32768,1.441663382,0.000703937,0.000561001,0.000980009,1
warmup,7,7,scatter_recursive_doubling_allgather,0,2048,32768,1.415716696,0.000691268,0.000553706,0.000972697,1
warmup,8,8,scatter_recursive_doubling_allgather,0,2048,32768,1.403115481,0.000685115,0.000535423,0.000987622,1
warmup,9,9,scatter_recursive_doubling_allgather,0,2048,32768,1.398660378,0.000682940,0.000541183,0.001022279,1
warmup,10,10,scatter_recursive_doubling_allgather,0,2048,32768,1.410971397,0.000688951,0.000542676,0.000997904,1
warmup,11,11,scatter_recursive_doubling_allgather,0,2048,32768,1.387262861,0.000677374,0.000529281,0.000967776,1
warmup,12,12,scatter_recursive_doubling_allgather,0,2048,32768,1.435273846,0.000700817,0.000557063,0.000989006,1
warmup,13,13,scatter_recursive_doubling_allgather,0,2048,32768,1.418860471,0.000692803,0.000544730,0.000969779,1
warmup,14,14,scatter_recursive_doubling_allgather,0,2048,32768,1.401703007,0.000684425,0.000539580,0.001028431,1
warmup,15,15,scatter_recursive_doubling_allgather,0,2048,32768,1.409084091,0.000688029,0.000540633,0.001009994,1
warmup,16,16,scatter_recursive_doubling_allgather,0,2048,32768,1.409660290,0.000688311,0.000537687,0.000981982,1
warmup,17,17,scatter_recursive_doubling_allgather,0,2048,32768,1.398066787,0.000682650,0.000537648,0.001015293,1
warmup,18,18,scatter_recursive_doubling_allgather,0,2048,32768,1.385990420,0.000676753,0.000542152,0.000982004,1
warmup,19,19,scatter_recursive_doubling_allgather,0,2048,32768,1.389910361,0.000678667,0.000535001,0.000988014,1
warmup,20,20,scatter_recursive_doubling_allgather,0,2048,32768,1.376566821,0.000672152,0.000533940,0.001012509,1
warmup,21,21,scatter_recursive_doubling_allgather,0,2048,32768,1.397508392,0.000682377,0.000535092,0.000998884,1
warmup,22,22,scatter_recursive_doubling_allgather,0,2048,32768,1.414991687,0.000690914,0.000539640,0.001018411,1
warmup,23,23,scatter_recursive_doubling_allgather,0,2048,32768,1.395931166,0.000681607,0.000539030,0.000994726,1
warmup,24,24,scatter_recursive_doubling_allgather,0,2048,32768,1.412869148,0.000689878,0.000536946,0.000973457,1
warmup,25,25,scatter_recursive_doubling_allgather,0,2048,32768,1.407485662,0.000687249,0.000542656,0.000986521,1
warmup,26,26,scatter_recursive_doubling_allgather,0,2048,32768,1.413178279,0.000690028,0.000551111,0.000995419,1
warmup,27,27,scatter_recursive_doubling_allgather,0,2048,32768,1.416505807,0.000691653,0.000551931,0.000986982,1
warmup,28,28,scatter_recursive_doubling_allgather,0,2048,32768,1.383982100,0.000675773,0.000531635,0.001055538,1
warmup,29,29,scatter_recursive_doubling_allgather,0,2048,32768,1.382821827,0.000675206,0.000525554,0.000976623,1
warmup,30,30,scatter_recursive_doubling_allgather,0,2048,32768,1.432715404,0.000699568,0.000553816,0.001011960,1
warmup,31,31,scatter_recursive_doubling_allgather,0,2048,32768,1.402366270,0.000684749,0.000528109,0.000989551,1
warmup,32,32,scatter_recursive_doubling_allgather,0,2048,32768,1.409152126,0.000688063,0.000544419,0.001031744,1
warmup,33,33,scatter_recursive_doubling_allgather,0,2048,32768,1.395500771,0.000681397,0.000525634,0.000989078,1
warmup,34,34,scatter_recursive_doubling_allgather,0,2048,32768,1.383926814,0.000675746,0.000532547,0.000970771,1
warmup,35,35,scatter_recursive_doubling_allgather,0,2048,32768,1.379800737,0.000673731,0.000529842,0.000980420,1
warmup,36,36,scatter_recursive_doubling_allgather,0,2048,32768,1.375348798,0.000671557,0.000524921,0.000980230,1
warmup,37,37,scatter_recursive_doubling_allgather,0,2048,32768,1.387160521,0.000677324,0.000541264,0.000988043,1
warmup,38,38,scatter_recursive_doubling_allgather,0,2048,32768,1.414927565,0.000690883,0.000543608,0.000969288,1
warmup,39,39,scatter_recursive_doubling_allgather,0,2048,32768,1.411586791,0.000689251,0.000543688,0.001012229,1
warmup,40,40,scatter_recursive_doubling_allgather,0,2048,32768,1.386689465,0.000677094,0.000537486,0.000998163,1
warmup,41,41,scatter_recursive_doubling_allgather,0,2048,32768,1.402606394,0.000684866,0.000545701,0.001025746,1
warmup,42,42,scatter_recursive_doubling_allgather,0,2048,32768,1.394865126,0.000681086,0.000529101,0.000982384,1
warmup,43,43,scatter_recursive_doubling_allgather,0,2048,32768,1.389247558,0.000678344,0.000525554,0.000986421,1
warmup,44,44,scatter_recursive_doubling_allgather,0,2048,32768,1.400367763,0.000683773,0.000504614,0.000990878,1
warmup,45,45,scatter_recursive_doubling_allgather,0,2048,32768,1.359817575,0.000663973,0.000528588,0.000972198,1
warmup,46,46,scatter_recursive_doubling_allgather,0,2048,32768,1.400446025,0.000683812,0.000547195,0.000976465,1
warmup,47,47,scatter_recursive_doubling_allgather,0,2048,32768,1.393582681,0.000680460,0.000542847,0.000977034,1
warmup,48,48,scatter_recursive_doubling_allgather,0,2048,32768,1.381457583,0.000674540,0.000530814,0.000980534,1
warmup,49,49,scatter_recursive_doubling_allgather,0,2048,32768,1.399181061,0.000683194,0.000542686,0.001012200,1
actual,0,50,scatter_recursive_doubling_allgather,0,2048,32768,1.410916097,0.000688924,0.000541103,0.000981025,1
actual,1,51,scatter_recursive_doubling_allgather,0,2048,32768,1.401418214,0.000684286,0.000544980,0.000985739,1
actual,2,52,scatter_recursive_doubling_allgather,0,2048,32768,1.394148303,0.000680736,0.000540331,0.000991853,1
actual,3,53,scatter_recursive_doubling_allgather,0,2048,32768,1.385445384,0.000676487,0.000525263,0.000978746,1
actual,4,54,scatter_recursive_doubling_allgather,0,2048,32768,1.366464216,0.000667219,0.000518641,0.000970311,1
actual,5,55,scatter_recursive_doubling_allgather,0,2048,32768,1.387316948,0.000677401,0.000535703,0.000991211,1
actual,6,56,scatter_recursive_doubling_allgather,0,2048,32768,1.400869777,0.000684018,0.000551934,0.000970696,1
actual,7,57,scatter_recursive_doubling_allgather,0,2048,32768,1.387076261,0.000677283,0.000530303,0.000996450,1
actual,8,58,scatter_recursive_doubling_allgather,0,2048,32768,1.403475982,0.000685291,0.000536795,0.000974979,1
actual,9,59,scatter_recursive_doubling_allgather,0,2048,32768,1.383827750,0.000675697,0.000525524,0.001049853,1
actual,10,60,scatter_recursive_doubling_allgather,0,2048,32768,1.391627210,0.000679505,0.000536184,0.001020135,1
actual,11,61,scatter_recursive_doubling_allgather,0,2048,32768,1.354151833,0.000661207,0.000524392,0.000982704,1
actual,12,62,scatter_recursive_doubling_allgather,0,2048,32768,1.414898624,0.000690868,0.000532387,0.000977067,1
actual,13,63,scatter_recursive_doubling_allgather,0,2048,32768,1.418566333,0.000692659,0.000555510,0.001002631,1
actual,14,64,scatter_recursive_doubling_allgather,0,2048,32768,1.396055287,0.000681668,0.000540442,0.000986151,1
actual,15,65,scatter_recursive_doubling_allgather,0,2048,32768,1.378712051,0.000673199,0.000527758,0.000984090,1
actual,16,66,scatter_recursive_doubling_allgather,0,2048,32768,1.407982974,0.000687492,0.000536724,0.000992161,1
actual,17,67,scatter_recursive_doubling_allgather,0,2048,32768,1.386141791,0.000676827,0.000533078,0.000974458,1
actual,18,68,scatter_recursive_doubling_allgather,0,2048,32768,1.403250718,0.000685181,0.000539811,0.001013242,1
actual,19,69,scatter_recursive_doubling_allgather,0,2048,32768,1.407281074,0.000687149,0.000547976,0.000992982,1
actual,20,70,scatter_recursive_doubling_allgather,0,2048,32768,1.418498523,0.000692626,0.000554107,0.001037628,1
actual,21,71,scatter_recursive_doubling_allgather,0,2048,32768,1.405988863,0.000686518,0.000537185,0.000989497,1
actual,22,72,scatter_recursive_doubling_allgather,0,2048,32768,1.397894127,0.000682565,0.000530373,0.001047083,1
actual,23,73,scatter_recursive_doubling_allgather,0,2048,32768,1.407579669,0.000687295,0.000546633,0.000993314,1
actual,24,74,scatter_recursive_doubling_allgather,0,2048,32768,1.389401614,0.000678419,0.000529341,0.000988033,1
actual,25,75,scatter_recursive_doubling_allgather,0,2048,32768,1.390287616,0.000678851,0.000537266,0.000993854,1
actual,26,76,scatter_recursive_doubling_allgather,0,2048,32768,1.379274135,0.000673474,0.000535903,0.000982453,1
actual,27,77,scatter_recursive_doubling_allgather,0,2048,32768,1.402202096,0.000684669,0.000534050,0.000989106,1
actual,28,78,scatter_recursive_doubling_allgather,0,2048,32768,1.396278786,0.000681777,0.000537205,0.001031595,1
actual,29,79,scatter_recursive_doubling_allgather,0,2048,32768,1.391246246,0.000679319,0.000535753,0.001009664,1
actual,30,80,scatter_recursive_doubling_allgather,0,2048,32768,1.396309949,0.000681792,0.000541894,0.001000286,1
actual,31,81,scatter_recursive_doubling_allgather,0,2048,32768,1.397280232,0.000682266,0.000544800,0.001007189,1
actual,32,82,scatter_recursive_doubling_allgather,0,2048,32768,1.393121063,0.000680235,0.000543536,0.001004845,1
actual,33,83,scatter_recursive_doubling_allgather,0,2048,32768,1.411918725,0.000689413,0.000548828,0.000989195,1
actual,34,84,scatter_recursive_doubling_allgather,0,2048,32768,1.418650933,0.000692701,0.000548507,0.001008622,1
actual,35,85,scatter_recursive_doubling_allgather,0,2048,32768,1.411685349,0.000689299,0.000551662,0.001010145,1
actual,36,86,scatter_recursive_doubling_allgather,0,2048,32768,1.397726271,0.000682484,0.000546904,0.001029794,1
actual,37,87,scatter_recursive_doubling_allgather,0,2048,32768,1.382846863,0.000675218,0.000536494,0.000970873,1
actual,38,88,scatter_recursive_doubling_allgather,0,2048,32768,1.377131791,0.000672428,0.000526676,0.001013452,1
actual,39,89,scatter_recursive_doubling_allgather,0,2048,32768,1.405584414,0.000686321,0.000538518,0.001013272,1
actual,40,90,scatter_recursive_doubling_allgather,0,2048,32768,1.392774322,0.000680066,0.000534300,0.001014614,1
actual,41,91,scatter_recursive_doubling_allgather,0,2048,32768,1.393276768,0.000680311,0.000528720,0.000997050,1
actual,42,92,scatter_recursive_doubling_allgather,0,2048,32768,1.385540721,0.000676534,0.000537147,0.000988975,1
actual,43,93,scatter_recursive_doubling_allgather,0,2048,32768,1.404531532,0.000685806,0.000551212,0.000981944,1
actual,44,94,scatter_recursive_doubling_allgather,0,2048,32768,1.405095275,0.000686082,0.000534521,0.001003997,1
actual,45,95,scatter_recursive_doubling_allgather,0,2048,32768,1.404675683,0.000685877,0.000537025,0.000993685,1
actual,46,96,scatter_recursive_doubling_allgather,0,2048,32768,1.392873655,0.000680114,0.000540112,0.000998994,1
actual,47,97,scatter_recursive_doubling_allgather,0,2048,32768,1.382211476,0.000674908,0.000518441,0.001030565,1
actual,48,98,scatter_recursive_doubling_allgather,0,2048,32768,1.395452055,0.000681373,0.000542185,0.001005797,1
actual,49,99,scatter_recursive_doubling_allgather,0,2048,32768,1.397023232,0.000682140,0.000534130,0.000993794,1
warmup,0,0,scatter_recursive_doubling_allgather,0,2048,49152,1.433085030,0.000699749,0.000561612,0.001002000,1
warmup,1,1,scatter_recursive_doubling_allgather,0,2048,49152,1.415718089,0.000691269,0.000554307,0.001006659,1
warmup,2,2,scatter_recursive_doubling_allgather,0,2048,49152,1.419767640,0.000693246,0.000560379,0.001019063,1
warmup,3,3,scatter_recursive_doubling_allgather,0,2048,49152,1.426458630,0.000696513,0.000533448,0.000991742,1
warmup,4,4,scatter_recursive_doubling_allgather,0,2048,49152,1.422313770,0.000694489,0.000550930,0.000986211,1
warmup,5,5,scatter_recursive_doubling_allgather,0,2048,49152,1.386946885,0.000677220,0.000536805,0.000998464,1
warmup,6,6,scatter_recursive_doubling_allgather,0,2048,49152,1.442430417,0.000704312,0.000545671,0.001007120,1
warmup,7,7,scatter_recursive_doubling_allgather,0,2048,49152,1.413090592,0.000689986,0.000543618,0.000984677,1
warmup,8,8,scatter_recursive_doubling_allgather,0,2048,49152,1.414496480,0.000690672,0.000549719,0.000969016,1
warmup,9,9,scatter_recursive_doubling_allgather,0,2048,49152,1.399606716,0.000683402,0.000548757,0.000958353,1
warmup,10,10,scatter_recursive_doubling_allgather,0,2048,49152,1.378843803,0.000673264,0.000540211,0.001001160,1
warmup,11,11,scatter_recursive_doubling_allgather,0,2048,49152,1.415710401,0.000691265,0.000544659,0.001001429,1
warmup,12,12,scatter_recursive_doubling_allgather,0,2048,49152,1.422267287,0.000694466,0.000536354,0.001012881,1
warmup,13,13,scatter_recursive_doubling_allgather,0,2048,49152,1.423709977,0.000695171,0.000449381,0.000967496,1
warmup,14,14,scatter_recursive_doubling_allgather,0,2048,49152,1.416038095,0.000691425,0.000544971,0.000986029,1
warmup,15,15,scatter_recursive_doubling_allgather,0,2048,49152,1.396766093,0.000682015,0.000540091,0.000993494,1
warmup,16,16,scatter_recursive_doubling_allgather,0,2048,49152,1.401826469,0.000684486,0.000537024,0.000979808,1
warmup,17,17,scatter_recursive_doubling_allgather,0,2048,49152,1.424364905,0.000695491,0.000554248,0.000993283,1
warmup,18,18,scatter_recursive_doubling_allgather,0,2048,49152,1.427605709,0.000697073,0.000556431,0.001001600,1
warmup,19,19,scatter_recursive_doubling_allgather,0,2048,49152,1.415900460,0.000691358,0.000550710,0.000992081,1
warmup,20,20,scatter_recursive_doubling_allgather,0,2048,49152,1.403793040,0.000685446,0.000543007,0.001000548,1
warmup,21,21,scatter_recursive_doubling_allgather,0,2048,49152,1.448633119,0.000707340,0.000570508,0.001007462,1
warmup,22,22,scatter_recursive_doubling_allgather,0,2048,49152,1.417847280,0.000692308,0.000554268,0.000989036,1
warmup,23,23,scatter_recursive_doubling_allgather,0,2048,49152,1.404413597,0.000685749,0.000538218,0.000989501,1
warmup,24,24,scatter_recursive_doubling_allgather,0,2048,49152,1.392545249,0.000679954,0.000535672,0.000956314,1
warmup,25,25,scatter_recursive_doubling_allgather,0,2048,49152,1.420010638,0.000693365,0.000548757,0.000996920,1
warmup,26,26,scatter_recursive_doubling_allgather,0,2048,49152,1.404758888,0.000685917,0.000542996,0.001015056,1
warmup,27,27,scatter_recursive_doubling_allgather,0,2048,49152,1.422052508,0.000694362,0.000544581,0.000991993,1
warmup,28,28,scatter_recursive_doubling_allgather,0,2048,49152,1.411373899,0.000689147,0.000538859,0.001010777,1
warmup,29,29,scatter_recursive_doubling_allgather,0,2048,49152,1.419328369,0.000693031,0.000553696,0.000998924,1
warmup,30,30,scatter_recursive_doubling_allgather,0,2048,49152,1.403420051,0.000685264,0.000540572,0.001070309,1
warmup,31,31,scatter_recursive_doubling_allgather,0,2048,49152,1.403288717,0.000685200,0.000525935,0.001024172,1
warmup,32,32,scatter_recursive_doubling_allgather,0,2048,49152,1.363997086,0.000666014,0.000516366,0.000978917,1
warmup,33,33,scatter_recursive_doubling_allgather,0,2048,49152,1.414905826,0.000690872,0.000552855,0.000997201,1
warmup,34,34,scatter_recursive_doubling_allgather,0,2048,49152,1.385243061,0.000676388,0.000536445,0.001005145,1
warmup,35,35,scatter_recursive_doubling_allgather,0,2048,49152,1.411095041,0.000689011,0.000542094,0.000970816,1
warmup,36,36,scatter_recursive_doubling_allgather,0,2048,49152,1.420925653,0.000693811,0.000555198,0.000983536,1
warmup,37,37,scatter_recursive_doubling_allgather,0,2048,49152,1.414632733,0.000690739,0.000546443,0.000995527,1
warmup,38,38,scatter_recursive_doubling_allgather,0,2048,49152,1.408115106,0.000687556,0.000547485,0.000990378,1
warmup,39,39,scatter_recursive_doubling_allgather,0,2048,49152,1.406856843,0.000686942,0.000541885,0.000966965,1
warmup,40,40,scatter_recursive_doubling_allgather,0,2048,49152,1.411878288,0.000689394,0.000549989,0.000972325,1
warmup,41,41,scatter_recursive_doubling_allgather,0,2048,49152,1.395804466,0.000681545,0.000534741,0.000981653,1
warmup,42,42,scatter_recursive_doubling_allgather,0,2048,49152,1.395795043,0.000681541,0.000535623,0.000968457,1
warmup,43,43,scatter_recursive_doubling_allgather,0,2048,49152,1.399236850,0.000683221,0.000550842,0.000975620,1
warmup,44,44,scatter_recursive_doubling_allgather,0,2048,49152,1.422777357,0.000694716,0.000545090,0.001001971,1
warmup,45,45,scatter_recursive_doubling_allgather,0,2048,49152,1.403755910,0.000685428,0.000533869,0.000976359,1
warmup,46,46,scatter_recursive_doubling_allgather,0,2048,49152,1.378820697,0.000673252,0.000523149,0.000985339,1
warmup,47,47,scatter_recursive_doubling_allgather,0,2048,49152,1.412266432,0.000689583,0.000549148,0.001005478,1
warmup,48,48,scatter_recursive_doubling_allgather,0,2048,49152,1.390517749,0.000678964,0.000535483,0.000977684,1
warmup,49,49,scatter_recursive_doubling_allgather,0,2048,49152,1.413056807,0.000689969,0.000549056,0.000981683,1
actual,0,50,scatter_recursive_doubling_allgather,0,2048,49152,1.400992791,0.000684079,0.000541522,0.000999786,1
actual,1,51,scatter_recursive_doubling_allgather,0,2048,49152,1.421717008,0.000694198,0.000546954,0.000997822,1
actual,2,52,scatter_recursive_doubling_allgather,0,2048,49152,1.414244990,0.000690549,0.000538468,0.000980218,1
actual,3,53,scatter_recursive_doubling_allgather,0,2048,49152,1.410673102,0.000688805,0.000557562,0.000978079,1
actual,4,54,scatter_recursive_doubling_allgather,0,2048,49152,1.418690362,0.000692720,0.000543969,0.000968702,1
actual,5,55,scatter_recursive_doubling_allgather,0,2048,49152,1.421257946,0.000693974,0.000544048,0.001014293,1
actual,6,56,scatter_recursive_doubling_allgather,0,2048,49152,1.418709828,0.000692729,0.000541534,0.001008431,1
actual,7,57,scatter_recursive_doubling_allgather,0,2048,49152,1.398400396,0.000682813,0.000532326,0.001046194,1
actual,8,58,scatter_recursive_doubling_allgather,0,2048,49152,1.413015280,0.000689949,0.000542175,0.000945153,1
actual,9,59,scatter_recursive_doubling_allgather,0,2048,49152,1.406787229,0.000686908,0.000540772,0.000999695,1
actual,10,60,scatter_recursive_doubling_allgather,0,2048,49152,1.420303832,0.000693508,0.000544598,0.001005345,1
actual,11,61,scatter_recursive_doubling_allgather,0,2048,49152,1.411952478,0.000689430,0.000529932,0.001005166,1
actual,12,62,scatter_recursive_doubling_allgather,0,2048,49152,1.411580701,0.000689248,0.000551212,0.000970280,1
actual,13,63,scatter_recursive_doubling_allgather,0,2048,49152,1.421736141,0.000694207,0.000551973,0.000995269,1
actual,14,64,scatter_recursive_doubling_allgather,0,2048,49152,1.422351399,0.000694508,0.000549970,0.001008412,1
actual,15,65,scatter_recursive_doubling_allgather,0,2048,49152,1.403086249,0.000685101,0.000532957,0.001009175,1
actual,16,66,scatter_recursive_doubling_allgather,0,2048,49152,1.419046203,0.000692894,0.000537827,0.001000095,1
actual,17,67,scatter_recursive_doubling_allgather,0,2048,49152,1.397779895,0.000682510,0.000541815,0.000988685,1
actual,18,68,scatter_recursive_doubling_allgather,0,2048,49152,1.398133236,0.000682682,0.000546753,0.000975201,1
actual,19,69,scatter_recursive_doubling_allgather,0,2048,49152,1.407552776,0.000687282,0.000545762,0.001002781,1
actual,20,70,scatter_recursive_doubling_allgather,0,2048,49152,1.396035870,0.000681658,0.000539370,0.000998573,1
actual,21,71,scatter_recursive_doubling_allgather,0,2048,49152,1.391625193,0.000679504,0.000543906,0.000994896,1
actual,22,72,scatter_recursive_doubling_allgather,0,2048,49152,1.381054618,0.000674343,0.000534772,0.000975661,1
actual,23,73,scatter_recursive_doubling_allgather,0,2048,49152,1.399989474,0.000683589,0.000551052,0.000967124,1
actual,24,74,scatter_recursive_doubling_allgather,0,2048,49152,1.407877006,0.000687440,0.000542455,0.001010615,1
actual,25,75,scatter_recursive_doubling_allgather,0,2048,49152,1.411280604,0.000689102,0.000549748,0.001010886,1
actual,26,76,scatter_recursive_doubling_allgather,0,2048,49152,1.424054039,0.000695339,0.000557714,0.001004775,1
actual,27,77,scatter_recursive_doubling_allgather,0,2048,49152,1.405426384,0.000686243,0.000535442,0.000977794,1
actual,28,78,scatter_recursive_doubling_allgather,0,2048,49152,1.407044500,0.000687033,0.000545080,0.001003914,1
actual,29,79,scatter_recursive_doubling_allgather,0,2048,49152,1.398259094,0.000682744,0.000539299,0.000986762,1
actual,30,80,scatter_recursive_doubling_allgather,0,2048,49152,1.422305796,0.000694485,0.000558184,0.000995151,1
actual,31,81,scatter_recursive_doubling_allgather,0,2048,49152,1.402444486,0.000684787,0.000543708,0.001009514,1
actual,32,82,scatter_recursive_doubling_allgather,0,2048,49152,1.413329275,0.000690102,0.000554748,0.000975410,1
actual,33,83,scatter_recursive_doubling_allgather,0,2048,49152,1.408179656,0.000687588,0.000549008,0.001004184,1
actual,34,84,scatter_recursive_doubling_allgather,0,2048,49152,1.402083992,0.000684611,0.000536454,0.000991359,1
actual,35,85,scatter_recursive_doubling_allgather,0,2048,49152,1.386094221,0.000676804,0.000535273,0.001004154,1
actual,36,86,scatter_recursive_doubling_allgather,0,2048,49152,1.398072684,0.000682653,0.000542886,0.000994425,1
actual,37,87,scatter_recursive_doubling_allgather,0,2048,49152,1.418226613,0.000692493,0.000559658,0.000973997,1
actual,38,88,scatter_recursive_doubling_allgather,0,2048,49152,1.403294980,0.000685203,0.000536835,0.001000578,1
actual,39,89,scatter_recursive_doubling_allgather,0,2048,49152,1.410884041,0.000688908,0.000535272,0.000999387,1
actual,40,90,scatter_recursive_doubling_allgather,0,2048,49152,1.395491864,0.000681393,0.000544329,0.000990550,1
actual,41,91,scatter_recursive_doubling_allgather,0,2048,49152,1.425673356,0.000696130,0.000552445,0.001004084,1
actual,42,92,scatter_recursive_doubling_allgather,0,2048,49152,1.412801915,0.000689845,0.000541864,0.001003642,1
actual,43,93,scatter_recursive_doubling_allgather,0,2048,49152,1.365676140,0.000666834,0.000512810,0.000970160,1
actual,44,94,scatter_recursive_doubling_allgather,0,2048,49152,1.430730376,0.000698599,0.000556121,0.000971432,1
actual,45,95,scatter_recursive_doubling_allgather,0,2048,49152,1.415259195,0.000691045,0.000553878,0.000990899,1
actual,46,96,scatter_recursive_doubling_allgather,0,2048,49152,1.397044834,0.000682151,0.000547857,0.000990509,1
actual,47,97,scatter_recursive_doubling_allgather,0,2048,49152,1.456339925,0.000711103,0.000572442,0.001050482,1
actual,48,98,scatter_recursive_doubling_allgather,0,2048,49152,1.411173069,0.000689049,0.000536224,0.000968397,1
actual,49,99,scatter_recursive_doubling_allgather,0,2048,49152,1.398782002,0.000682999,0.000540571,0.001004043,1
warmup,0,0,scatter_recursive_doubling_allgather,0,2048,65536,1.521003146,0.000742677,0.000588882,0.001051301,1
warmup,1,1,scatter_recursive_doubling_allgather,0,2048,65536,1.560380206,0.000761904,0.000601305,0.001146905,1
warmup,2,2,scatter_recursive_doubling_allgather,0,2048,65536,1.536125612,0.000750061,0.000599873,0.001094137,1
warmup,3,3,scatter_recursive_doubling_allgather,0,2048,65536,1.521535948,0.000742937,0.000586869,0.001073704,1
warmup,4,4,scatter_recursive_doubling_allgather,0,2048,65536,1.519238727,0.000741816,0.000589143,0.001061351,1
warmup,5,5,scatter_recursive_doubling_allgather,0,2048,65536,1.542863152,0.000753351,0.000597018,0.001152914,1
warmup,6,6,scatter_recursive_doubling_allgather,0,2048,65536,1.527649718,0.000745923,0.000585736,0.001069637,1
warmup,7,7,scatter_recursive_doubling_allgather,0,2048,65536,1.510639036,0.000737617,0.000574004,0.001164058,1
warmup,8,8,scatter_recursive_doubling_allgather,0,2048,65536,1.489775099,0.000727429,0.000585979,0.001045632,1
warmup,9,9,scatter_recursive_doubling_allgather,0,2048,65536,1.508110557,0.000736382,0.000576359,0.001063296,1
warmup,10,10,scatter_recursive_doubling_allgather,0,2048,65536,1.530202985,0.000747169,0.000590496,0.001030602,1
warmup,11,11,scatter_recursive_doubling_allgather,0,2048,65536,1.496252839,0.000730592,0.000570017,0.001075838,1
warmup,12,12,scatter_recursive_doubling_allgather,0,2048,65536,1.497586190,0.000731243,0.000580927,0.001074459,1
warmup,13,13,scatter_recursive_doubling_allgather,0,2048,65536,1.538590812,0.000751265,0.000603279,0.001038077,1
warmup,14,14,scatter_recursive_doubling_allgather,0,2048,65536,1.518857153,0.000741629,0.000588652,0.001077932,1
warmup,15,15,scatter_recursive_doubling_allgather,0,2048,65536,1.523431193,0.000743863,0.000591457,0.001060800,1
warmup,16,16,scatter_recursive_doubling_allgather,0,2048,65536,1.503504371,0.000734133,0.000592619,0.001083924,1
warmup,17,17,scatter_recursive_doubling_allgather,0,2048,65536,1.529126901,0.000746644,0.000604311,0.001079505,1
warmup,18,18,scatter_recursive_doubling_allgather,0,2048,65536,1.505735382,0.000735222,0.000578633,0.001111329,1
warmup,19,19,scatter_recursive_doubling_allgather,0,2048,65536,1.510892551,0.000737741,0.000588833,0.001045518,1
warmup,20,20,scatter_recursive_doubling_allgather,0,2048,65536,1.493552864,0.000729274,0.000573984,0.001059429,1
warmup,21,21,scatter_recursive_doubling_allgather,0,2048,65536,1.521565302,0.000742952,0.000592409,0.001067062,1
warmup,22,22,scatter_recursive_doubling_allgather,0,2048,65536,1.506737589,0.000735712,0.000588242,0.001070468,1
warmup,23,23,scatter_recursive_doubling_allgather,0,2048,65536,1.513353521,0.000738942,0.000596437,0.001063945,1
warmup,24,24,scatter_recursive_doubling_allgather,0,2048,65536,1.523632722,0.000743961,0.000582571,0.001052905,1
warmup,25,25,scatter_recursive_doubling_allgather,0,2048,65536,1.510879692,0.000737734,0.000590976,0.001045473,1
warmup,26,26,scatter_recursive_doubling_allgather,0,2048,65536,1.516139538,0.000740303,0.000575387,0.001070067,1
warmup,27,27,scatter_recursive_doubling_allgather,0,2048,65536,1.531914439,0.000748005,0.000596908,0.001084559,1
warmup,28,28,scatter_recursive_doubling_allgather,0,2048,65536,1.515898639,0.000740185,0.000559696,0.001081821,1
warmup,29,29,scatter_recursive_doubling_allgather,0,2048,65536,1.529724963,0.000746936,0.000592941,0.001046394,1
warmup,30,30,scatter_recursive_doubling_allgather,0,2048,65536,1.530819485,0.000747470,0.000590265,0.001072523,1
warmup,31,31,scatter_recursive_doubling_allgather,0,2048,65536,1.511705681,0.000738138,0.000566731,0.001098383,1
warmup,32,32,scatter_recursive_doubling_allgather,0,2048,65536,1.510274439,0.000737439,0.000581329,0.001067054,1
warmup,33,33,scatter_recursive_doubling_allgather,0,2048,65536,1.508691371,0.000736666,0.000592850,0.001057584,1
warmup,34,34,scatter_recursive_doubling_allgather,0,2048,65536,1.524590871,0.000744429,0.000584835,0.001077252,1
warmup,35,35,scatter_recursive_doubling_allgather,0,2048,65536,1.507544420,0.000736106,0.000585406,0.001066190,1
warmup,36,36,scatter_recursive_doubling_allgather,0,2048,65536,1.507951665,0.000736305,0.000584374,0.001086930,1
warmup,37,37,scatter_recursive_doubling_allgather,0,2048,65536,1.502392829,0.000733590,0.000583032,0.001084504,1
warmup,38,38,scatter_recursive_doubling_allgather,0,2048,65536,1.524763782,0.000744514,0.000590786,0.001069867,1
warmup,39,39,scatter_recursive_doubling_allgather,0,2048,65536,1.495324039,0.000730139,0.000577702,0.001076199,1
warmup,40,40,scatter_recursive_doubling_allgather,0,2048,65536,1.520492066,0.000742428,0.000595085,0.001069827,1
warmup,41,41,scatter_recursive_doubling_allgather,0,2048,65536,1.513458676,0.000738993,0.000594762,0.001085629,1
warmup,42,42,scatter_recursive_doubling_allgather,0,2048,65536,1.530572579,0.000747350,0.000593260,0.001043680,1
warmup,43,43,scatter_recursive_doubling_allgather,0,2048,65536,1.541405348,0.000752639,0.000591277,0.001064318,1
warmup,44,44,scatter_recursive_doubling_allgather,0,2048,65536,1.523653141,0.000743971,0.000594934,0.001083713,1
warmup,45,45,scatter_recursive_doubling_allgather,0,2048,65536,1.535209164,0.000749614,0.000601965,0.001103202,1
warmup,46,46,scatter_recursive_doubling_allgather,0,2048,65536,1.562842004,0.000763106,0.000605101,0.001226342,1
warmup,47,47,scatter_recursive_doubling_allgather,0,2048,65536,1.506776456,0.000735731,0.000574766,0.001083224,1
warmup,48,48,scatter_recursive_doubling_allgather,0,2048,65536,1.570723570,0.000766955,0.000620352,0.001057646,1
warmup,49,49,scatter_recursive_doubling_allgather,0,2048,65536,1.528874955,0.000746521,0.000598150,0.001093091,1
actual,0,50,scatter_recursive_doubling_allgather,0,2048,65536,1.528018440,0.000746103,0.000582921,0.001082601,1
actual,1,51,scatter_recursive_doubling_allgather,0,2048,65536,1.509488085,0.000737055,0.000595745,0.001072112,1
actual,2,52,scatter_recursive_doubling_allgather,0,2048,65536,1.513270285,0.000738902,0.000587629,0.001083183,1
actual,3,53,scatter_recursive_doubling_allgather,0,2048,65536,1.536585055,0.000750286,0.000579845,0.001082701,1
actual,4,54,scatter_recursive_doubling_allgather,0,2048,65536,1.525303724,0.000744777,0.000597288,0.001072772,1
actual,5,55,scatter_recursive_doubling_allgather,0,2048,65536,1.521827103,0.000743080,0.000593028,0.001057546,1
actual,6,56,scatter_recursive_doubling_allgather,0,2048,65536,1.514368354,0.000739438,0.000583713,0.001084514,1
actual,7,57,scatter_recursive_doubling_allgather,0,2048,65536,1.505156129,0.000734940,0.000588832,0.001048697,1
actual,8,58,scatter_recursive_doubling_allgather,0,2048,65536,1.515805431,0.000740139,0.000588241,0.001062765,1
actual,9,59,scatter_recursive_doubling_allgather,0,2048,65536,1.521392190,0.000742867,0.000590295,0.001068146,1
actual,10,60,scatter_recursive_doubling_allgather,0,2048,65536,1.518483986,0.000741447,0.000592369,0.001110428,1
actual,11,61,scatter_recursive_doubling_allgather,0,2048,65536,1.722088892,0.000840864,0.000596056,0.001342243,1
actual,12,62,scatter_recursive_doubling_allgather,0,2048,65536,1.497851977,0.000731373,0.000581608,0.001080918,1
actual,13,63,scatter_recursive_doubling_allgather,0,2048,65536,1.528163326,0.000746173,0.000579656,0.001088542,1
actual,14,64,scatter_recursive_doubling_allgather,0,2048,65536,1.541330393,0.000752603,0.000608970,0.001065729,1
actual,15,65,scatter_recursive_doubling_allgather,0,2048,65536,1.534585890,0.000749310,0.000597508,0.001070028,1
actual,16,66,scatter_recursive_doubling_allgather,0,2048,65536,1.500183641,0.000732512,0.000575828,0.001059351,1
actual,17,67,scatter_recursive_doubling_allgather,0,2048,65536,1.509508240,0.000737065,0.000572843,0.001052977,1
actual,18,68,scatter_recursive_doubling_allgather,0,2048,65536,1.520128669,0.000742250,0.000584895,0.001064451,1
actual,19,69,scatter_recursive_doubling_allgather,0,2048,65536,1.505258307,0.000734989,0.000590997,0.001091607,1
actual,20,70,scatter_recursive_doubling_allgather,0,2048,65536,1.550188600,0.000756928,0.000601055,0.001108350,1
actual,21,71,scatter_recursive_doubling_allgather,0,2048,65536,1.508677718,0.000736659,0.000582030,0.001074909,1
actual,22,72,scatter_recursive_doubling_allgather,0,2048,65536,1.525656137,0.000744949,0.000596257,0.001055540,1
actual,23,73,scatter_recursive_doubling_allgather,0,2048,65536,1.519101685,0.000741749,0.000578182,0.001097841,1
actual,24,74,scatter_recursive_doubling_allgather,0,2048,65536,1.498319001,0.000731601,0.000586698,0.001066350,1
actual,25,75,scatter_recursive_doubling_allgather,0,2048,65536,1.515710437,0.000740093,0.000589585,0.001081448,1
actual,26,76,scatter_recursive_doubling_allgather,0,2048,65536,1.522083003,0.000743205,0.000590916,0.001053217,1
actual,27,77,scatter_recursive_doubling_allgather,0,2048,65536,1.509347688,0.000736986,0.000586506,0.001104603,1
actual,28,78,scatter_recursive_doubling_allgather,0,2048,65536,1.492997257,0.000729003,0.000568555,0.001029230,1
actual,29,79,scatter_recursive_doubling_allgather,0,2048,65536,1.534843020,0.000749435,0.000598571,0.001085127,1
actual,30,80,scatter_recursive_doubling_allgather,0,2048,65536,1.534544804,0.000749289,0.000603299,0.001069077,1
actual,31,81,scatter_recursive_doubling_allgather,0,2048,65536,1.516025478,0.000740247,0.000600775,0.001085917,1
actual,32,82,scatter_recursive_doubling_allgather,0,2048,65536,1.511373402,0.000737975,0.000576249,0.001057294,1
actual,33,83,scatter_recursive_doubling_allgather,0,2048,65536,1.515049516,0.000739770,0.000595525,0.001056062,1
actual,34,84,scatter_recursive_doubling_allgather,0,2048,65536,1.519383666,0.000741887,0.000596716,0.001063476,1
actual,35,85,scatter_recursive_doubling_allgather,0,2048,65536,1.519474541,0.000741931,0.000596355,0.001078252,1
actual,36,86,scatter_recursive_doubling_allgather,0,2048,65536,1.507137104,0.000735907,0.000583445,0.001075457,1
actual,37,87,scatter_recursive_doubling_allgather,0,2048,65536,1.519060377,0.000741729,0.000582491,0.001105084,1
actual,38,88,scatter_recursive_doubling_allgather,0,2048,65536,1.516585153,0.000740520,0.000589865,0.001082962,1
actual,39,89,scatter_recursive_doubling_allgather,0,2048,65536,1.509792575,0.000737203,0.000600101,0.001044861,1
actual,40,90,scatter_recursive_doubling_allgather,0,2048,65536,1.552357406,0.000757987,0.000614911,0.001082830,1
actual,41,91,scatter_recursive_doubling_allgather,0,2048,65536,1.520703570,0.000742531,0.000594313,0.001062696,1
actual,42,92,scatter_recursive_doubling_allgather,0,2048,65536,1.526293793,0.000745261,0.000593792,0.001055701,1
actual,43,93,scatter_recursive_doubling_allgather,0,2048,65536,1.533413400,0.000748737,0.000594391,0.001095165,1
actual,44,94,scatter_recursive_doubling_allgather,0,2048,65536,1.526794022,0.000745505,0.000589454,0.001067364,1
actual,45,95,scatter_recursive_doubling_allgather,0,2048,65536,1.509977018,0.000737293,0.000586107,0.001083783,1
actual,46,96,scatter_recursive_doubling_allgather,0,2048,65536,1.504038403,0.000734394,0.000584213,0.001072723,1
actual,47,97,scatter_recursive_doubling_allgather,0,2048,65536,1.482235152,0.000723748,0.000576409,0.001049639,1
actual,48,98,scatter_recursive_doubling_allgather,0,2048,65536,1.514665139,0.000739583,0.000584074,0.001071670,1
actual,49,99,scatter_recursive_doubling_allgather,0,2048,65536,1.498023184,0.000731457,0.000573544,0.001080077,1
warmup,0,0,scatter_recursive_doubling_allgather,0,2048,98304,1.570395490,0.000766795,0.000605915,0.001138555,1
warmup,1,1,scatter_recursive_doubling_allgather,0,2048,98304,1.581032616,0.000771989,0.000610222,0.001114381,1
warmup,2,2,scatter_recursive_doubling_allgather,0,2048,98304,1.583816731,0.000773348,0.000606964,0.001082220,1
warmup,3,3,scatter_recursive_doubling_allgather,0,2048,98304,1.567416743,0.000765340,0.000603370,0.001087390,1
warmup,4,4,scatter_recursive_doubling_allgather,0,2048,98304,1.580273187,0.000771618,0.000612416,0.001146683,1
warmup,5,5,scatter_recursive_doubling_allgather,0,2048,98304,1.588899179,0.000775830,0.000622553,0.001101701,1
warmup,6,6,scatter_recursive_doubling_allgather,0,2048,98304,1.562287318,0.000762836,0.000603931,0.001094094,1
warmup,7,7,scatter_recursive_doubling_allgather,0,2048,98304,1.579032483,0.000771012,0.000608117,0.001099965,1
warmup,8,8,scatter_recursive_doubling_allgather,0,2048,98304,1.575972826,0.000769518,0.000602406,0.001081278,1
warmup,9,9,scatter_recursive_doubling_allgather,0,2048,98304,1.613842009,0.000788009,0.000627462,0.001133458,1
warmup,10,10,scatter_recursive_doubling_allgather,0,2048,98304,1.579494785,0.000771238,0.000606024,0.001106616,1
warmup,11,11,scatter_recursive_doubling_allgather,0,2048,98304,1.551163566,0.000757404,0.000600294,0.001113136,1
warmup,12,12,scatter_recursive_doubling_allgather,0,2048,98304,1.544486691,0.000754144,0.000595975,0.001100397,1
warmup,13,13,scatter_recursive_doubling_allgather,0,2048,98304,1.591630426,0.000777163,0.000612797,0.001083370,1
warmup,14,14,scatter_recursive_doubling_allgather,0,2048,98304,1.580786159,0.000771868,0.000609311,0.001084560,1
warmup,15,15,scatter_recursive_doubling_allgather,0,2048,98304,1.559096704,0.000761278,0.000599892,0.001093592,1
warmup,16,16,scatter_recursive_doubling_allgather,0,2048,98304,1.606673989,0.000784509,0.000621012,0.001152888,1
warmup,17,17,scatter_recursive_doubling_allgather,0,2048,98304,1.575397508,0.000769237,0.000600492,0.001143272,1
warmup,18,18,scatter_recursive_doubling_allgather,0,2048,98304,1.577784513,0.000770403,0.000621083,0.001107768,1
warmup,19,19,scatter_recursive_doubling_allgather,0,2048,98304,1.586781527,0.000774796,0.000607236,0.001114751,1
warmup,20,20,scatter_recursive_doubling_allgather,0,2048,98304,1.569104552,0.000766164,0.000593101,0.001123337,1
warmup,21,21,scatter_recursive_doubling_allgather,0,2048,98304,1.552813100,0.000758210,0.000606542,0.001064881,1
warmup,22,22,scatter_recursive_doubling_allgather,0,2048,98304,1.573686713,0.000768402,0.000606325,0.001091298,1
warmup,23,23,scatter_recursive_doubling_allgather,0,2048,98304,1.592623622,0.000777648,0.000606484,0.001071952,1
warmup,24,24,scatter_recursive_doubling_allgather,0,2048,98304,1.568286246,0.000765765,0.000618458,0.001103440,1
warmup,25,25,scatter_recursive_doubling_allgather,0,2048,98304,1.556391907,0.000759957,0.000591096,0.001107177,1
warmup,26,26,scatter_recursive_doubling_allgather,0,2048,98304,1.572890467,0.000768013,0.000602987,0.001097101,1
warmup,27,27,scatter_recursive_doubling_allgather,0,2048,98304,1.567770669,0.000765513,0.000601787,0.001084015,1
warmup,28,28,scatter_recursive_doubling_allgather,0,2048,98304,1.575292572,0.000769186,0.000611065,0.001091281,1
warmup,29,29,scatter_recursive_doubling_allgather,0,2048,98304,1.579619345,0.000771299,0.000602979,0.001135496,1
warmup,30,30,scatter_recursive_doubling_allgather,0,2048,98304,1.571876264,0.000767518,0.000618256,0.001071761,1
warmup,31,31,scatter_recursive_doubling_allgather,0,2048,98304,1.549166420,0.000756429,0.000595094,0.001100745,1
warmup,32,32,scatter_recursive_doubling_allgather,0,2048,98304,1.576127806,0.000769594,0.000610311,0.001101346,1
warmup,33,33,scatter_recursive_doubling_allgather,0,2048,98304,1.569411274,0.000766314,0.000600957,0.001084946,1
warmup,34,34,scatter_recursive_doubling_allgather,0,2048,98304,1.580825653,0.000771888,0.000613028,0.001105935,1
warmup,35,35,scatter_recursive_doubling_allgather,0,2048,98304,1.561611247,0.000762505,0.000605825,0.001103810,1
warmup,36,36,scatter_recursive_doubling_allgather,0,2048,98304,1.584818183,0.000773837,0.000612907,0.001061300,1
warmup,37,37,scatter_recursive_doubling_allgather,0,2048,98304,1.553053813,0.000758327,0.000578042,0.001091960,1
warmup,38,38,scatter_recursive_doubling_allgather,0,2048,98304,1.571173659,0.000767175,0.000610301,0.001085997,1
warmup,39,39,scatter_recursive_doubling_allgather,0,2048,98304,1.575350101,0.000769214,0.000610834,0.001097158,1
warmup,40,40,scatter_recursive_doubling_allgather,0,2048,98304,1.571977855,0.000767567,0.000612907,0.001086980,1
warmup,41,41,scatter_recursive_doubling_allgather,0,2048,98304,1.585538495,0.000774189,0.000623026,0.001093130,1
warmup,42,42,scatter_recursive_doubling_allgather,0,2048,98304,1.567647165,0.000765453,0.000616344,0.001110383,1
warmup,43,43,scatter_recursive_doubling_allgather,0,2048,98304,1.572531093,0.000767837,0.000607658,0.001077300,1
warmup,44,44,scatter_recursive_doubling_allgather,0,2048,98304,1.550777105,0.000757215,0.000598220,0.001072271,1
warmup,45,45,scatter_recursive_doubling_allgather,0,2048,98304,1.586494793,0.000774656,0.000616895,0.001093953,1
warmup,46,46,scatter_recursive_doubling_allgather,0,2048,98304,1.678288877,0.000819477,0.000623897,0.001260936,1
warmup,47,47,scatter_recursive_doubling_allgather,0,2048,98304,1.585940964,0.000774385,0.000614801,0.001082060,1
warmup,48,48,scatter_recursive_doubling_allgather,0,2048,98304,1.587076870,0.000774940,0.000623375,0.001084404,1
warmup,49,49,scatter_recursive_doubling_allgather,0,2048,98304,1.580440404,0.000771699,0.000623497,0.001075388,1
actual,0,50,scatter_recursive_doubling_allgather,0,2048,98304,1.579688840,0.000771332,0.000616985,0.001112315,1
actual,1,51,scatter_recursive_doubling_allgather,0,2048,98304,1.557166211,0.000760335,0.000588290,0.001049109,1
actual,2,52,scatter_recursive_doubling_allgather,0,2048,98304,1.562363885,0.000762873,0.000607788,0.001098551,1
actual,3,53,scatter_recursive_doubling_allgather,0,2048,98304,1.576196614,0.000769627,0.000613879,0.001060909,1
actual,4,54,scatter_recursive_doubling_allgather,0,2048,98304,1.573864189,0.000768488,0.000601415,0.001084431,1
actual,5,55,scatter_recursive_doubling_allgather,0,2048,98304,1.571499577,0.000767334,0.000610841,0.001084075,1
actual,6,56,scatter_recursive_doubling_allgather,0,2048,98304,1.575251887,0.000769166,0.000611465,0.001083567,1
actual,7,57,scatter_recursive_doubling_allgather,0,2048,98304,1.576684603,0.000769866,0.000618997,0.001074000,1
actual,8,58,scatter_recursive_doubling_allgather,0,2048,98304,1.584247568,0.000773558,0.000614379,0.001071750,1
actual,9,59,scatter_recursive_doubling_allgather,0,2048,98304,1.605272858,0.000783825,0.000627197,0.001098291,1
actual,10,60,scatter_recursive_doubling_allgather,0,2048,98304,1.575367040,0.000769222,0.000600094,0.001065339,1
actual,11,61,scatter_recursive_doubling_allgather,0,2048,98304,1.576783636,0.000769914,0.000611545,0.001115783,1
actual,12,62,scatter_recursive_doubling_allgather,0,2048,98304,1.559229581,0.000761343,0.000608359,0.001082504,1
actual,13,63,scatter_recursive_doubling_allgather,0,2048,98304,1.571459344,0.000767314,0.000601585,0.001106155,1
actual,14,64,scatter_recursive_doubling_allgather,0,2048,98304,1.566716531,0.000764998,0.000592868,0.001102047,1
actual,15,65,scatter_recursive_doubling_allgather,0,2048,98304,1.554031234,0.000758804,0.000604353,0.001114991,1
actual,16,66,scatter_recursive_doubling_allgather,0,2048,98304,1.591511872,0.000777105,0.000621292,0.001088662,1
actual,17,67,scatter_recursive_doubling_allgather,0,2048,98304,1.558896036,0.000761180,0.000596897,0.001111370,1
actual,18,68,scatter_recursive_doubling_allgather,0,2048,98304,1.567563379,0.000765412,0.000603860,0.001087851,1
actual,19,69,scatter_recursive_doubling_allgather,0,2048,98304,1.562307271,0.000762845,0.000599793,0.001085256,1
actual,20,70,scatter_recursive_doubling_allgather,0,2048,98304,1.567488358,0.000765375,0.000613270,0.001077555,1
actual,21,71,scatter_recursive_doubling_allgather,0,2048,98304,1.573765334,0.000768440,0.000614440,0.001068589,1
actual,22,72,scatter_recursive_doubling_allgather,0,2048,98304,1.550627415,0.000757142,0.000588623,0.001064618,1
actual,23,73,scatter_recursive_doubling_allgather,0,2048,98304,1.575164112,0.000769123,0.000578662,0.001077206,1
actual,24,74,scatter_recursive_doubling_allgather,0,2048,98304,1.576313108,0.000769684,0.000617076,0.001092149,1
actual,25,75,scatter_recursive_doubling_allgather,0,2048,98304,1.570088825,0.000766645,0.000613869,0.001066655,1
actual,26,76,scatter_recursive_doubling_allgather,0,2048,98304,1.562359612,0.000762871,0.000597258,0.001118783,1
actual,27,77,scatter_recursive_doubling_allgather,0,2048,98304,1.565966479,0.000764632,0.000576910,0.001111680,1
actual,28,78,scatter_recursive_doubling_allgather,0,2048,98304,1.549970437,0.000756822,0.000596735,0.001080146,1
actual,29,79,scatter_recursive_doubling_allgather,0,2048,98304,1.565059493,0.000764189,0.000608951,0.001098870,1
actual,30,80,scatter_recursive_doubling_allgather,0,2048,98304,1.577617693,0.000770321,0.000613248,0.001092299,1
actual,31,81,scatter_recursive_doubling_allgather,0,2048,98304,1.566448313,0.000764867,0.000606445,0.001122187,1
actual,32,82,scatter_recursive_doubling_allgather,0,2048,98304,1.557187707,0.000760346,0.000617183,0.001082390,1
actual,33,83,scatter_recursive_doubling_allgather,0,2048,98304,1.566052512,0.000764674,0.000596747,0.001079956,1
actual,34,84,scatter_recursive_doubling_allgather,0,2048,98304,1.593771194,0.000778209,0.000619981,0.001093804,1
actual,35,85,scatter_recursive_doubling_allgather,0,2048,98304,1.558165662,0.000760823,0.000595775,0.001080627,1
actual,36,86,scatter_recursive_doubling_allgather,0,2048,98304,1.588132014,0.000775455,0.000621904,0.001096559,1
actual,37,87,scatter_recursive_doubling_allgather,0,2048,98304,1.572137228,0.000767645,0.000605654,0.001077553,1
actual,38,88,scatter_recursive_doubling_allgather,0,2048,98304,1.541348179,0.000752611,0.000585466,0.001076800,1
actual,39,89,scatter_recursive_doubling_allgather,0,2048,98304,1.563470749,0.000763413,0.000608900,0.001119570,1
actual,40,90,scatter_recursive_doubling_allgather,0,2048,98304,1.561689439,0.000762544,0.000615010,0.001067954,1
actual,41,91,scatter_recursive_doubling_allgather,0,2048,98304,1.566235314,0.000764763,0.000610754,0.001089664,1
actual,42,92,scatter_recursive_doubling_allgather,0,2048,98304,1.587241437,0.000775020,0.000630608,0.001129580,1
actual,43,93,scatter_recursive_doubling_allgather,0,2048,98304,1.562691519,0.000763033,0.000595996,0.001116298,1
actual,44,94,scatter_recursive_doubling_allgather,0,2048,98304,1.565201414,0.000764259,0.000586849,0.001064066,1
actual,45,95,scatter_recursive_doubling_allgather,0,2048,98304,1.592165445,0.000777425,0.000617106,0.001095013,1
actual,46,96,scatter_recursive_doubling_allgather,0,2048,98304,1.567327420,0.000765297,0.000604942,0.001087534,1
actual,47,97,scatter_recursive_doubling_allgather,0,2048,98304,1.568537788,0.000765888,0.000601155,0.001075307,1
actual,48,98,scatter_recursive_doubling_allgather,0,2048,98304,1.583784825,0.000773332,0.000615843,0.001086833,1
actual,49,99,scatter_recursive_doubling_allgather,0,2048,98304,1.562648336,0.000763012,0.000597628,0.001097669,1
warmup,0,0,scatter_recursive_doubling_allgather,0,2048,131072,1.771005399,0.000864749,0.000683077,0.001215254,1
warmup,1,1,scatter_recursive_doubling_allgather,0,2048,131072,1.751401346,0.000855176,0.000676036,0.001258019,1
warmup,2,2,scatter_recursive_doubling_allgather,0,2048,131072,1.770779516,0.000864638,0.000680392,0.001227022,1
warmup,3,3,scatter_recursive_doubling_allgather,0,2048,131072,1.761801989,0.000860255,0.000680011,0.001203146,1
warmup,4,4,scatter_recursive_doubling_allgather,0,2048,131072,1.758054012,0.000858425,0.000662099,0.001206935,1
warmup,5,5,scatter_recursive_doubling_allgather,0,2048,131072,1.754401520,0.000856641,0.000676157,0.001228605,1
warmup,6,6,scatter_recursive_doubling_allgather,0,2048,131072,1.763880774,0.000861270,0.000675964,0.001264864,1
warmup,7,7,scatter_recursive_doubling_allgather,0,2048,131072,1.753637888,0.000856269,0.000682656,0.001250425,1
warmup,8,8,scatter_recursive_doubling_allgather,0,2048,131072,1.769536001,0.000864031,0.000689990,0.001253287,1
warmup,9,9,scatter_recursive_doubling_allgather,0,2048,131072,1.750197182,0.000854588,0.000660665,0.001217084,1
warmup,10,10,scatter_recursive_doubling_allgather,0,2048,131072,1.781819242,0.000870029,0.000692577,0.001267518,1
warmup,11,11,scatter_recursive_doubling_allgather,0,2048,131072,1.757635991,0.000858221,0.000671126,0.001451621,1
warmup,12,12,scatter_recursive_doubling_allgather,0,2048,131072,1.784162029,0.000871173,0.000689679,0.001294558,1
warmup,13,13,scatter_recursive_doubling_allgather,0,2048,131072,1.732833817,0.000846110,0.000653651,0.001216393,1
warmup,14,14,scatter_recursive_doubling_allgather,0,2048,131072,1.755931797,0.000857389,0.000663963,0.001237613,1
warmup,15,15,scatter_recursive_doubling_allgather,0,2048,131072,1.772988890,0.000865717,0.000686254,0.001205460,1
warmup,16,16,scatter_recursive_doubling_allgather,0,2048,131072,1.773757297,0.000866092,0.000688078,0.001246374,1
warmup,17,17,scatter_recursive_doubling_allgather,0,2048,131072,1.744535376,0.000851824,0.000667988,0.001225028,1
warmup,18,18,scatter_recursive_doubling_allgather,0,2048,131072,1.753588690,0.000856244,0.000675116,0.001230358,1
warmup,19,19,scatter_recursive_doubling_allgather,0,2048,131072,1.748177808,0.000853602,0.000666127,0.001218548,1
warmup,20,20,scatter_recursive_doubling_allgather,0,2048,131072,1.753132617,0.000856022,0.000672920,0.001242913,1
warmup,21,21,scatter_recursive_doubling_allgather,0,2048,131072,1.748123285,0.000853576,0.000663832,0.001224768,1
warmup,22,22,scatter_recursive_doubling_allgather,0,2048,131072,1.760735677,0.000859734,0.000657050,0.001222894,1
warmup,23,23,scatter_recursive_doubling_allgather,0,2048,131072,1.751961671,0.000855450,0.000672157,0.001221185,1
warmup,24,24,scatter_recursive_doubling_allgather,0,2048,131072,1.758170854,0.000858482,0.000670203,0.001215209,1
warmup,25,25,scatter_recursive_doubling_allgather,0,2048,131072,1.737681235,0.000848477,0.000658713,0.001245046,1
warmup,26,26,scatter_recursive_doubling_allgather,0,2048,131072,1.773612101,0.000866022,0.000681766,0.001199757,1
warmup,27,27,scatter_recursive_doubling_allgather,0,2048,131072,1.736156179,0.000847733,0.000667187,0.001220070,1
warmup,28,28,scatter_recursive_doubling_allgather,0,2048,131072,1.735482975,0.000847404,0.000666918,0.001230829,1
warmup,29,29,scatter_recursive_doubling_allgather,0,2048,131072,1.757133751,0.000857975,0.000682538,0.001248302,1
warmup,30,30,scatter_recursive_doubling_allgather,0,2048,131072,1.762417087,0.000860555,0.000687827,0.001194100,1
warmup,31,31,scatter_recursive_doubling_allgather,0,2048,131072,1.748446995,0.000853734,0.000676589,0.001213517,1
warmup,32,32,scatter_recursive_doubling_allgather,0,2048,131072,1.761617693,0.000860165,0.000698488,0.001231931,1
warmup,33,33,scatter_recursive_doubling_allgather,0,2048,131072,1.736025104,0.000847669,0.000651760,0.001215901,1
warmup,34,34,scatter_recursive_doubling_allgather,0,2048,131072,1.757471225,0.000858140,0.000683069,0.001196716,1
warmup,35,35,scatter_recursive_doubling_allgather,0,2048,131072,1.757244510,0.000858030,0.000679290,0.001197175,1
warmup,36,36,scatter_recursive_doubling_allgather,0,2048,131072,1.764116672,0.000861385,0.000666617,0.001244176,1
warmup,37,37,scatter_recursive_doubling_allgather,0,2048,131072,1.752508169,0.000855717,0.000679803,0.001201475,1
warmup,38,38,scatter_recursive_doubling_allgather,0,2048,131072,1.781465456,0.000869856,0.000691386,0.001284742,1
warmup,39,39,scatter_recursive_doubling_allgather,0,2048,131072,1.771036669,0.000864764,0.000673912,0.001267016,1
warmup,40,40,scatter_recursive_doubling_allgather,0,2048,131072,1.753411833,0.000856158,0.000681875,0.001242021,1
warmup,41,41,scatter_recursive_doubling_allgather,0,2048,131072,1.742805443,0.000850979,0.000661007,0.001355484,1
warmup,42,42,scatter_recursive_doubling_allgather,0,2048,131072,1.737748383,0.000848510,0.000663933,0.001218445,1
warmup,43,43,scatter_recursive_doubling_allgather,0,2048,131072,1.761755420,0.000860232,0.000669173,0.001251017,1
warmup,44,44,scatter_recursive_doubling_allgather,0,2048,131072,1.772690571,0.000865572,0.000682969,0.001221185,1
warmup,45,45,scatter_recursive_doubling_allgather,0,2048,131072,1.743705167,0.000851419,0.000645609,0.001238634,1
warmup,46,46,scatter_recursive_doubling_allgather,0,2048,131072,1.767959272,0.000863261,0.000681765,0.001224109,1
warmup,47,47,scatter_recursive_doubling_allgather,0,2048,131072,1.773447137,0.000865941,0.000682427,0.001261145,1
warmup,48,48,scatter_recursive_doubling_allgather,0,2048,131072,1.743784666,0.000851457,0.000644296,0.001331976,1
warmup,49,49,scatter_recursive_doubling_allgather,0,2048,131072,1.731465249,0.000845442,0.000659332,0.001205832,1
actual,0,50,scatter_recursive_doubling_allgather,0,2048,131072,1.770122813,0.000864318,0.000688198,0.001249420,1
actual,1,51,scatter_recursive_doubling_allgather,0,2048,131072,1.770306153,0.000864407,0.000682478,0.001251478,1
actual,2,52,scatter_recursive_doubling_allgather,0,2048,131072,1.757106415,0.000857962,0.000679832,0.001215401,1
actual,3,53,scatter_recursive_doubling_allgather,0,2048,131072,1.788948377,0.000873510,0.000681466,0.001257760,1
actual,4,54,scatter_recursive_doubling_allgather,0,2048,131072,1.746264032,0.000852668,0.000654876,0.001185816,1
actual,5,55,scatter_recursive_doubling_allgather,0,2048,131072,1.718563294,0.000839142,0.000653331,0.001222563,1
actual,6,56,scatter_recursive_doubling_allgather,0,2048,131072,1.749519601,0.000854258,0.000659323,0.001267588,1
actual,7,57,scatter_recursive_doubling_allgather,0,2048,131072,1.737582440,0.000848429,0.000663973,0.001222894,1
actual,8,58,scatter_recursive_doubling_allgather,0,2048,131072,1.756068521,0.000857455,0.000659463,0.001220153,1
actual,9,59,scatter_recursive_doubling_allgather,0,2048,131072,1.742374321,0.000850769,0.000671254,0.001264412,1
actual,10,60,scatter_recursive_doubling_allgather,0,2048,131072,1.743939979,0.000851533,0.000668241,0.001211783,1
actual,11,61,scatter_recursive_doubling_allgather,0,2048,131072,1.816395342,0.000886912,0.000689661,0.001260652,1
actual,12,62,scatter_recursive_doubling_allgather,0,2048,131072,1.820990672,0.000889156,0.000683508,0.001706559,1
actual,13,63,scatter_recursive_doubling_allgather,0,2048,131072,1.726452024,0.000842994,0.000649686,0.001212785,1
actual,14,64,scatter_recursive_doubling_allgather,0,2048,131072,1.744286079,0.000851702,0.000678238,0.001187829,1
actual,15,65,scatter_recursive_doubling_allgather,0,2048,131072,1.743692450,0.000851412,0.000678180,0.001222133,1
actual,16,66,scatter_recursive_doubling_allgather,0,2048,131072,1.754838612,0.000856855,0.000670966,0.001226591,1
actual,17,67,scatter_recursive_doubling_allgather,0,2048,131072,1.712350203,0.000836108,0.000660076,0.001191064,1
actual,18,68,scatter_recursive_doubling_allgather,0,2048,131072,1.764176481,0.000861414,0.000674841,0.001265604,1
actual,19,69,scatter_recursive_doubling_allgather,0,2048,131072,1.740568446,0.000849887,0.000656308,0.001199935,1
actual,20,70,scatter_recursive_doubling_allgather,0,2048,131072,1.737979668,0.000848623,0.000671054,0.001229392,1
actual,21,71,scatter_recursive_doubling_allgather,0,2048,131072,1.755105559,0.000856985,0.000669733,0.001205882,1
actual,22,72,scatter_recursive_doubling_allgather,0,2048,131072,1.742751136,0.000850953,0.000662151,0.001226831,1
actual,23,73,scatter_recursive_doubling_allgather,0,2048,131072,1.736323010,0.000847814,0.000670605,0.001220780,1
actual,24,74,scatter_recursive_doubling_allgather,0,2048,131072,1.747793326,0.000853415,0.000676795,0.001180094,1
actual,25,75,scatter_recursive_doubling_allgather,0,2048,131072,1.749743447,0.000854367,0.000673200,0.001195151,1
actual,26,76,scatter_recursive_doubling_allgather,0,2048,131072,1.766821274,0.000862706,0.000675024,0.001214062,1
actual,27,77,scatter_recursive_doubling_allgather,0,2048,131072,1.744826336,0.000851966,0.000667892,0.001217744,1
actual,28,78,scatter_recursive_doubling_allgather,0,2048,131072,1.769793113,0.000864157,0.000679973,0.001222934,1
actual,29,79,scatter_recursive_doubling_allgather,0,2048,131072,1.746977020,0.000853016,0.000688699,0.001227232,1
actual,30,80,scatter_recursive_doubling_allgather,0,2048,131072,1.752415536,0.000855672,0.000678603,0.001198821,1
actual,31,81,scatter_recursive_doubling_allgather,0,2048,131072,1.773721479,0.000866075,0.000678691,0.001225399,1
actual,32,82,scatter_recursive_doubling_allgather,0,2048,131072,1.740475463,0.000849842,0.000663380,0.001216202,1
actual,33,83,scatter_recursive_doubling_allgather,0,2048,131072,1.735598003,0.000847460,0.000659278,0.001182422,1
actual,34,84,scatter_recursive_doubling_allgather,0,2048,131072,1.767711071,0.000863140,0.000684242,0.001292024,1
actual,35,85,scatter_recursive_doubling_allgather,0,2048,131072,1.849547152,0.000903099,0.000711590,0.001735859,1
actual,36,86,scatter_recursive_doubling_allgather,0,2048,131072,2.121275499,0.001035779,0.000826368,0.001401300,1
actual,37,87,scatter_recursive_doubling_allgather,0,2048,131072,1.755324640,0.000857092,0.000668882,0.001245537,1
actual,38,88,scatter_recursive_doubling_allgather,0,2048,131072,1.763635460,0.000861150,0.000681665,0.001230848,1
actual,39,89,scatter_recursive_doubling_allgather,0,2048,131072,1.749934826,0.000854460,0.000660476,0.001223004,1
actual,40,90,scatter_recursive_doubling_allgather,0,2048,131072,1.726030531,0.000842788,0.000672797,0.001218676,1
actual,41,91,scatter_recursive_doubling_allgather,0,2048,131072,1.780423671,0.000869347,0.000692735,0.001297218,1
actual,42,92,scatter_recursive_doubling_allgather,0,2048,131072,1.898290521,0.000926900,0.000735588,0.001314180,1
actual,43,93,scatter_recursive_doubling_allgather,0,2048,131072,1.742429941,0.000850796,0.000671555,0.001244466,1
actual,44,94,scatter_recursive_doubling_allgather,0,2048,131072,1.763083530,0.000860881,0.000676336,0.001285347,1
actual,45,95,scatter_recursive_doubling_allgather,0,2048,131072,1.756642209,0.000857735,0.000682197,0.001218777,1
actual,46,96,scatter_recursive_doubling_allgather,0,2048,131072,1.763397522,0.000861034,0.000677589,0.001235879,1
actual,47,97,scatter_recursive_doubling_allgather,0,2048,131072,1.747055424,0.000853054,0.000666809,0.001223104,1
actual,48,98,scatter_recursive_doubling_allgather,0,2048,131072,1.752744429,0.000855832,0.000679252,0.001218427,1
actual,49,99,scatter_recursive_doubling_allgather,0,2048,131072,1.754606148,0.000856741,0.000687746,0.001190644,1
warmup,0,0,scatter_recursive_doubling_allgather,0,2048,196608,1.883185953,0.000919524,0.000687086,0.001423427,1
warmup,1,1,scatter_recursive_doubling_allgather,0,2048,196608,1.904806063,0.000930081,0.000733763,0.001319776,1
warmup,2,2,scatter_recursive_doubling_allgather,0,2048,196608,1.901082258,0.000928263,0.000722152,0.001358598,1
warmup,3,3,scatter_recursive_doubling_allgather,0,2048,196608,1.896352191,0.000925953,0.000728231,0.001333571,1
warmup,4,4,scatter_recursive_doubling_allgather,0,2048,196608,1.886443815,0.000921115,0.000727082,0.001327680,1
warmup,5,5,scatter_recursive_doubling_allgather,0,2048,196608,1.876651545,0.000916334,0.000720923,0.001284298,1
warmup,6,6,scatter_recursive_doubling_allgather,0,2048,196608,1.963973118,0.000958971,0.000748409,0.001465764,1
warmup,7,7,scatter_recursive_doubling_allgather,0,2048,196608,1.895826926,0.000925697,0.000719815,0.001350969,1
warmup,8,8,scatter_recursive_doubling_allgather,0,2048,196608,1.892224019,0.000923938,0.000717346,0.001329003,1
warmup,9,9,scatter_recursive_doubling_allgather,0,2048,196608,1.906937729,0.000931122,0.000737741,0.001321429,1
warmup,10,10,scatter_recursive_doubling_allgather,0,2048,196608,1.883453806,0.000919655,0.000717165,0.001274041,1
warmup,11,11,scatter_recursive_doubling_allgather,0,2048,196608,1.888376538,0.000922059,0.000718799,0.001304117,1
warmup,12,12,scatter_recursive_doubling_allgather,0,2048,196608,1.896250406,0.000925904,0.000720597,0.001318524,1
warmup,13,13,scatter_recursive_doubling_allgather,0,2048,196608,1.913316251,0.000934236,0.000738292,0.001312883,1
warmup,14,14,scatter_recursive_doubling_allgather,0,2048,196608,1.883803008,0.000919826,0.000723725,0.001292467,1
warmup,15,15,scatter_recursive_doubling_allgather,0,2048,196608,1.884572960,0.000920202,0.000710079,0.001352964,1
warmup,16,16,scatter_recursive_doubling_allgather,0,2048,196608,1.907218771,0.000931259,0.000711430,0.001308444,1
warmup,17,17,scatter_recursive_doubling_allgather,0,2048,196608,1.896578661,0.000926064,0.000723372,0.001344763,1
warmup,18,18,scatter_recursive_doubling_allgather,0,2048,196608,1.901621412,0.000928526,0.000737057,0.001302709,1
warmup,19,19,scatter_recursive_doubling_allgather,0,2048,196608,1.881627927,0.000918764,0.000695302,0.001332630,1
warmup,20,20,scatter_recursive_doubling_allgather,0,2048,196608,1.872239303,0.000914179,0.000709760,0.001311151,1
warmup,21,21,scatter_recursive_doubling_allgather,0,2048,196608,1.893476891,0.000924549,0.000727930,0.001337185,1
warmup,22,22,scatter_recursive_doubling_allgather,0,2048,196608,1.883620378,0.000919737,0.000721589,0.001303166,1
warmup,23,23,scatter_recursive_doubling_allgather,0,2048,196608,1.883007012,0.000919437,0.000724024,0.001293261,1
warmup,24,24,scatter_recursive_doubling_allgather,0,2048,196608,1.885261062,0.000920538,0.000725206,0.001310198,1
warmup,25,25,scatter_recursive_doubling_allgather,0,2048,196608,1.849826284,0.000903235,0.000708146,0.001277606,1
warmup,26,26,scatter_recursive_doubling_allgather,0,2048,196608,1.875949060,0.000915991,0.000729026,0.001315899,1
warmup,27,27,scatter_recursive_doubling_allgather,0,2048,196608,1.899474599,0.000927478,0.000719968,0.001306518,1
warmup,28,28,scatter_recursive_doubling_allgather,0,2048,196608,1.914329268,0.000934731,0.000740807,0.001331428,1
warmup,29,29,scatter_recursive_doubling_allgather,0,2048,196608,1.907637052,0.000931463,0.000727093,0.001371878,1
warmup,30,30,scatter_recursive_doubling_allgather,0,2048,196608,1.904774694,0.000930066,0.000732041,0.001355299,1
warmup,31,31,scatter_recursive_doubling_allgather,0,2048,196608,1.863277978,0.000909804,0.000728201,0.001325317,1
warmup,32,32,scatter_recursive_doubling_allgather,0,2048,196608,1.916704753,0.000935891,0.000725305,0.001314917,1
warmup,33,33,scatter_recursive_doubling_allgather,0,2048,196608,1.912842683,0.000934005,0.000717992,0.001334874,1
warmup,34,34,scatter_recursive_doubling_allgather,0,2048,196608,1.882956053,0.000919412,0.000695770,0.001291903,1
warmup,35,35,scatter_recursive_doubling_allgather,0,2048,196608,1.901375281,0.000928406,0.000723816,0.001296472,1
warmup,36,36,scatter_recursive_doubling_allgather,0,2048,196608,1.895041228,0.000925313,0.000723252,0.001290637,1
warmup,37,37,scatter_recursive_doubling_allgather,0,2048,196608,1.877837594,0.000916913,0.000722364,0.001293006,1
warmup,38,38,scatter_recursive_doubling_allgather,0,2048,196608,1.897234016,0.000926384,0.000724146,0.001274878,1
warmup,39,39,scatter_recursive_doubling_allgather,0,2048,196608,1.882650905,0.000919263,0.000717371,0.001444034,1
warmup,40,40,scatter_recursive_doubling_allgather,0,2048,196608,1.901284142,0.000928361,0.000723906,0.001299499,1
warmup,41,41,scatter_recursive_doubling_allgather,0,2048,196608,1.885645817,0.000920725,0.000721479,0.001298936,1
warmup,42,42,scatter_recursive_doubling_allgather,0,2048,196608,1.895143430,0.000925363,0.000730247,0.001309655,1
warmup,43,43,scatter_recursive_doubling_allgather,0,2048,196608,1.872889981,0.000914497,0.000599615,0.001286692,1
warmup,44,44,scatter_recursive_doubling_allgather,0,2048,196608,1.865397339,0.000910839,0.000714105,0.001263265,1
warmup,45,45,scatter_recursive_doubling_allgather,0,2048,196608,1.897086690,0.000926312,0.000724977,0.001290323,1
warmup,46,46,scatter_recursive_doubling_allgather,0,2048,196608,1.905728048,0.000930531,0.000728554,0.001321549,1
warmup,47,47,scatter_recursive_doubling_allgather,0,2048,196608,1.886100645,0.000920948,0.000718513,0.001300339,1
warmup,48,48,scatter_recursive_doubling_allgather,0,2048,196608,1.890006852,0.000922855,0.000712001,0.001354120,1
warmup,49,49,scatter_recursive_doubling_allgather,0,2048,196608,2.095732509,0.001023307,0.000781703,0.001436516,1
actual,0,50,scatter_recursive_doubling_allgather,0,2048,196608,1.873828112,0.000914955,0.000716302,0.001304829,1
actual,1,51,scatter_recursive_doubling_allgather,0,2048,196608,1.883695983,0.000919773,0.000719058,0.001297235,1
actual,2,52,scatter_recursive_doubling_allgather,0,2048,196608,1.895744045,0.000925656,0.000711913,0.001288787,1
actual,3,53,scatter_recursive_doubling_allgather,0,2048,196608,1.903831187,0.000929605,0.000727819,0.001363576,1
actual,4,54,scatter_recursive_doubling_allgather,0,2048,196608,1.916978283,0.000936025,0.000736226,0.001362764,1
actual,5,55,scatter_recursive_doubling_allgather,0,2048,196608,1.872873993,0.000914489,0.000711262,0.001318003,1
actual,6,56,scatter_recursive_doubling_allgather,0,2048,196608,1.876175792,0.000916101,0.000727201,0.001316025,1
actual,7,57,scatter_recursive_doubling_allgather,0,2048,196608,1.887049800,0.000921411,0.000704900,0.001316700,1
actual,8,58,scatter_recursive_doubling_allgather,0,2048,196608,1.908339277,0.000931806,0.000736046,0.001325146,1
actual,9,59,scatter_recursive_doubling_allgather,0,2048,196608,1.895646399,0.000925609,0.000709979,0.001312698,1
actual,10,60,scatter_recursive_doubling_allgather,0,2048,196608,1.893321165,0.000924473,0.000717125,0.001313985,1
actual,11,61,scatter_recursive_doubling_allgather,0,2048,196608,1.885848151,0.000920824,0.000716111,0.001287737,1
actual,12,62,scatter_recursive_doubling_allgather,0,2048,196608,1.897239081,0.000926386,0.000702072,0.001293195,1
actual,13,63,scatter_recursive_doubling_allgather,0,2048,196608,1.872683636,0.000914396,0.000690152,0.001329183,1
actual,14,64,scatter_recursive_doubling_allgather,0,2048,196608,1.870718283,0.000913437,0.000711992,0.001320497,1
actual,15,65,scatter_recursive_doubling_allgather,0,2048,196608,1.876287015,0.000916156,0.000691797,0.001280367,1
actual,16,66,scatter_recursive_doubling_allgather,0,2048,196608,1.861534801,0.000908953,0.000684259,0.001295930,1
actual,17,67,scatter_recursive_doubling_allgather,0,2048,196608,1.863306143,0.000909817,0.000732117,0.001316967,1
actual,18,68,scatter_recursive_doubling_allgather,0,2048,196608,1.901481825,0.000928458,0.000717122,0.001317452,1
actual,19,69,scatter_recursive_doubling_allgather,0,2048,196608,1.900944498,0.000928196,0.000724947,0.001371151,1
actual,20,70,scatter_recursive_doubling_allgather,0,2048,196608,1.863382966,0.000909855,0.000711330,0.001284229,1
actual,21,71,scatter_recursive_doubling_allgather,0,2048,196608,1.894572932,0.000925084,0.000728742,0.001330979,1
actual,22,72,scatter_recursive_doubling_allgather,0,2048,196608,1.898570109,0.000927036,0.000721631,0.001299863,1
actual,23,73,scatter_recursive_doubling_allgather,0,2048,196608,1.888780329,0.000922256,0.000725756,0.001331999,1
actual,24,74,scatter_recursive_doubling_allgather,0,2048,196608,1.906517996,0.000930917,0.000721098,0.001309528,1
actual,25,75,scatter_recursive_doubling_allgather,0,2048,196608,1.886129168,0.000920962,0.000726679,0.001291514,1
actual,26,76,scatter_recursive_doubling_allgather,0,2048,196608,1.897742017,0.000926632,0.000710740,0.001321796,1
actual,27,77,scatter_recursive_doubling_allgather,0,2048,196608,1.893852782,0.000924733,0.000726167,0.001321271,1
actual,28,78,scatter_recursive_doubling_allgather,0,2048,196608,1.863628013,0.000909975,0.000709228,0.001347588,1
actual,29,79,scatter_recursive_doubling_allgather,0,2048,196608,1.870559839,0.000913359,0.000715840,0.001320698,1
actual,30,80,scatter_recursive_doubling_allgather,0,2048,196608,1.918238299,0.000936640,0.000750382,0.001373514,1
actual,31,81,scatter_recursive_doubling_allgather,0,2048,196608,1.894839662,0.000925215,0.000727670,0.001310368,1
actual,32,82,scatter_recursive_doubling_allgather,0,2048,196608,1.886273195,0.000921032,0.000709859,0.001290131,1
actual,33,83,scatter_recursive_doubling_allgather,0,2048,196608,1.873224944,0.000914661,0.000719387,0.001269204,1
actual,34,84,scatter_recursive_doubling_allgather,0,2048,196608,1.938324442,0.000946447,0.000758064,0.001326949,1
actual,35,85,scatter_recursive_doubling_allgather,0,2048,196608,1.861697543,0.000909032,0.000719860,0.001289468,1
actual,36,86,scatter_recursive_doubling_allgather,0,2048,196608,1.885725237,0.000920764,0.000718597,0.001321128,1
actual,37,87,scatter_recursive_doubling_allgather,0,2048,196608,1.903506860,0.000929447,0.000726158,0.001318464,1
actual,38,88,scatter_recursive_doubling_allgather,0,2048,196608,1.868572064,0.000912389,0.000700864,0.001312952,1
actual,39,89,scatter_recursive_doubling_allgather,0,2048,196608,1.895282941,0.000925431,0.000711953,0.001485599,1
actual,40,90,scatter_recursive_doubling_allgather,0,2048,196608,1.899317921,0.000927401,0.000705982,0.001322982,1
actual,41,91,scatter_recursive_doubling_allgather,0,2048,196608,1.901816380,0.000928621,0.000725721,0.001332700,1
actual,42,92,scatter_recursive_doubling_allgather,0,2048,196608,1.891358061,0.000923515,0.000706233,0.001349342,1
actual,43,93,scatter_recursive_doubling_allgather,0,2048,196608,1.874440589,0.000915254,0.000725409,0.001329213,1
actual,44,94,scatter_recursive_doubling_allgather,0,2048,196608,1.888838642,0.000922284,0.000715761,0.001279940,1
actual,45,95,scatter_recursive_doubling_allgather,0,2048,196608,1.894789780,0.000925190,0.000719184,0.001280104,1
actual,46,96,scatter_recursive_doubling_allgather,0,2048,196608,1.893812602,0.000924713,0.000718384,0.001336449,1
actual,47,97,scatter_recursive_doubling_allgather,0,2048,196608,1.875814406,0.000915925,0.000705590,0.001433756,1
actual,48,98,scatter_recursive_doubling_allgather,0,2048,196608,1.898947530,0.000927220,0.000729664,0.001311780,1
actual,49,99,scatter_recursive_doubling_allgather,0,2048,196608,1.902515073,0.000928962,0.000725638,0.001327771,1
warmup,0,0,scatter_recursive_doubling_allgather,0,2048,262144,2.112300207,0.001031397,0.000797816,0.001510571,1
warmup,1,1,scatter_recursive_doubling_allgather,0,2048,262144,2.087086917,0.001019085,0.000793012,0.001479616,1
warmup,2,2,scatter_recursive_doubling_allgather,0,2048,262144,2.087639552,0.001019355,0.000783041,0.001456302,1
warmup,3,3,scatter_recursive_doubling_allgather,0,2048,262144,2.086146560,0.001018626,0.000760411,0.001500183,1
warmup,4,4,scatter_recursive_doubling_allgather,0,2048,262144,2.086291286,0.001018697,0.000751407,0.001509929,1
warmup,5,5,scatter_recursive_doubling_allgather,0,2048,262144,2.091106148,0.001021048,0.000768050,0.001468947,1
warmup,6,6,scatter_recursive_doubling_allgather,0,2048,262144,2.072522675,0.001011974,0.000780499,0.001468285,1
warmup,7,7,scatter_recursive_doubling_allgather,0,2048,262144,2.092265207,0.001021614,0.000776135,0.001424189,1
warmup,8,8,scatter_recursive_doubling_allgather,0,2048,262144,2.044822075,0.000998448,0.000767817,0.001506137,1
warmup,9,9,scatter_recursive_doubling_allgather,0,2048,262144,2.097436600,0.001024139,0.000809022,0.001715316,1
warmup,10,10,scatter_recursive_doubling_allgather,0,2048,262144,2.132145480,0.001041087,0.000823407,0.001497089,1
warmup,11,11,scatter_recursive_doubling_allgather,0,2048,262144,2.054471109,0.001003160,0.000765554,0.001420390,1
warmup,12,12,scatter_recursive_doubling_allgather,0,2048,262144,2.086813939,0.001018952,0.000797293,0.001474616,1
warmup,13,13,scatter_recursive_doubling_allgather,0,2048,262144,2.111148971,0.001030834,0.000802051,0.001557862,1
warmup,14,14,scatter_recursive_doubling_allgather,0,2048,262144,2.090453742,0.001020729,0.000763742,0.001448034,1
warmup,15,15,scatter_recursive_doubling_allgather,0,2048,262144,2.075938156,0.001013642,0.000779668,0.001459818,1
warmup,16,16,scatter_recursive_doubling_allgather,0,2048,262144,2.184315330,0.001066560,0.000850673,0.001523518,1
warmup,17,17,scatter_recursive_doubling_allgather,0,2048,262144,2.070607028,0.001011039,0.000789055,0.001544812,1
warmup,18,18,scatter_recursive_doubling_allgather,0,2048,262144,2.080321749,0.001015782,0.000784005,0.001435813,1
warmup,19,19,scatter_recursive_doubling_allgather,0,2048,262144,2.071881421,0.001011661,0.000795032,0.001478343,1
warmup,20,20,scatter_recursive_doubling_allgather,0,2048,262144,2.092311446,0.001021636,0.000800408,0.001451083,1
warmup,21,21,scatter_recursive_doubling_allgather,0,2048,262144,2.097174738,0.001024011,0.000809303,0.001459258,1
warmup,22,22,scatter_recursive_doubling_allgather,0,2048,262144,2.064558771,0.001008085,0.000766967,0.001456071,1
warmup,23,23,scatter_recursive_doubling_allgather,0,2048,262144,2.094893392,0.001022897,0.000771422,0.001476467,1
warmup,24,24,scatter_recursive_doubling_allgather,0,2048,262144,2.070844496,0.001011155,0.000778968,0.001476238,1
warmup,25,25,scatter_recursive_doubling_allgather,0,2048,262144,2.085204618,0.001018166,0.000801884,0.001438158,1
warmup,26,26,scatter_recursive_doubling_allgather,0,2048,262144,2.086711107,0.001018902,0.000778608,0.001462714,1
warmup,27,27,scatter_recursive_doubling_allgather,0,2048,262144,2.066695643,0.001009129,0.000774538,0.001472783,1
warmup,28,28,scatter_recursive_doubling_allgather,0,2048,262144,2.072457671,0.001011942,0.000798453,0.001424969,1
warmup,29,29,scatter_recursive_doubling_allgather,0,2048,262144,2.078671091,0.001014976,0.000790440,0.001464118,1
warmup,30,30,scatter_recursive_doubling_allgather,0,2048,262144,2.087242281,0.001019161,0.000789964,0.001503166,1
warmup,31,31,scatter_recursive_doubling_allgather,0,2048,262144,2.100803006,0.001025783,0.000789939,0.001490154,1
warmup,32,32,scatter_recursive_doubling_allgather,0,2048,262144,2.062064329,0.001006867,0.000781456,0.001498763,1
warmup,33,33,scatter_recursive_doubling_allgather,0,2048,262144,2.083576989,0.001017372,0.000788943,0.001454892,1
warmup,34,34,scatter_recursive_doubling_allgather,0,2048,262144,2.082799332,0.001016992,0.000797301,0.001466151,1
warmup,35,35,scatter_recursive_doubling_allgather,0,2048,262144,2.083138174,0.001017157,0.000774247,0.001504739,1
warmup,36,36,scatter_recursive_doubling_allgather,0,2048,262144,2.103184660,0.001026946,0.000782602,0.001504024,1
warmup,37,37,scatter_recursive_doubling_allgather,0,2048,262144,2.063298326,0.001007470,0.000725709,0.001462049,1
warmup,38,38,scatter_recursive_doubling_allgather,0,2048,262144,2.097842749,0.001024337,0.000793706,0.001471479,1
warmup,39,39,scatter_recursive_doubling_allgather,0,2048,262144,2.080605584,0.001015921,0.000778968,0.001447671,1
warmup,40,40,scatter_recursive_doubling_allgather,0,2048,262144,2.055855805,0.001003836,0.000762716,0.001407251,1
warmup,41,41,scatter_recursive_doubling_allgather,0,2048,262144,2.065382653,0.001008488,0.000780419,0.001481533,1
warmup,42,42,scatter_recursive_doubling_allgather,0,2048,262144,2.070683034,0.001011076,0.000780493,0.001499589,1
warmup,43,43,scatter_recursive_doubling_allgather,0,2048,262144,2.055854612,0.001003835,0.000783419,0.001466390,1
warmup,44,44,scatter_recursive_doubling_allgather,0,2048,262144,2.089420226,0.001020225,0.000790314,0.001465449,1
warmup,45,45,scatter_recursive_doubling_allgather,0,2048,262144,2.096047701,0.001023461,0.000779857,0.001459892,1
warmup,46,46,scatter_recursive_doubling_allgather,0,2048,262144,2.071841178,0.001011641,0.000789065,0.001480226,1
warmup,47,47,scatter_recursive_doubling_allgather,0,2048,262144,2.083533515,0.001017350,0.000766573,0.001478332,1
warmup,48,48,scatter_recursive_doubling_allgather,0,2048,262144,2.075860660,0.001013604,0.000786841,0.001458325,1
warmup,49,49,scatter_recursive_doubling_allgather,0,2048,262144,2.085517404,0.001018319,0.000790701,0.001459436,1
actual,0,50,scatter_recursive_doubling_allgather,0,2048,262144,2.069067211,0.001010287,0.000792441,0.001478000,1
actual,1,51,scatter_recursive_doubling_allgather,0,2048,262144,2.109976218,0.001030262,0.000792538,0.001467193,1
actual,2,52,scatter_recursive_doubling_allgather,0,2048,262144,2.078073272,0.001014684,0.000787181,0.001461834,1
actual,3,53,scatter_recursive_doubling_allgather,0,2048,262144,2.087704815,0.001019387,0.000783870,0.001498009,1
actual,4,54,scatter_recursive_doubling_allgather,0,2048,262144,2.054621005,0.001003233,0.000781813,0.001430124,1
actual,5,55,scatter_recursive_doubling_allgather,0,2048,262144,2.082878204,0.001017030,0.000790645,0.001461179,1
actual,6,56,scatter_recursive_doubling_allgather,0,2048,262144,2.079237363,0.001015253,0.000775934,0.001539554,1
actual,7,57,scatter_recursive_doubling_allgather,0,2048,262144,2.085578914,0.001018349,0.000779978,0.001476239,1
actual,8,58,scatter_recursive_doubling_allgather,0,2048,262144,2.077914659,0.001014607,0.000783547,0.001530084,1
actual,9,59,scatter_recursive_doubling_allgather,0,2048,262144,2.100385333,0.001025579,0.000814302,0.001457954,1
actual,10,60,scatter_recursive_doubling_allgather,0,2048,262144,2.072130218,0.001011782,0.000794072,0.001444578,1
actual,11,61,scatter_recursive_doubling_allgather,0,2048,262144,2.072253980,0.001011843,0.000750953,0.001451993,1
actual,12,62,scatter_recursive_doubling_allgather,0,2048,262144,2.070166957,0.001010824,0.000758342,0.001422252,1
actual,13,63,scatter_recursive_doubling_allgather,0,2048,262144,2.094617073,0.001022762,0.000776243,0.001463455,1
actual,14,64,scatter_recursive_doubling_allgather,0,2048,262144,2.078833942,0.001015056,0.000783114,0.001452925,1
actual,15,65,scatter_recursive_doubling_allgather,0,2048,262144,2.085357107,0.001018241,0.000774086,0.001445604,1
actual,16,66,scatter_recursive_doubling_allgather,0,2048,262144,2.113677741,0.001032069,0.000797516,0.001460960,1
actual,17,67,scatter_recursive_doubling_allgather,0,2048,262144,2.075136219,0.001013250,0.000789442,0.001493798,1
actual,18,68,scatter_recursive_doubling_allgather,0,2048,262144,2.043769416,0.000997934,0.000757676,0.001404632,1
actual,19,69,scatter_recursive_doubling_allgather,0,2048,262144,2.072162669,0.001011798,0.000784259,0.001475227,1
actual,20,70,scatter_recursive_doubling_allgather,0,2048,262144,2.112365730,0.001031429,0.000787161,0.001480738,1
actual,21,71,scatter_recursive_doubling_allgather,0,2048,262144,2.084912984,0.001018024,0.000779692,0.001514069,1
actual,22,72,scatter_recursive_doubling_allgather,0,2048,262144,2.077646351,0.001014476,0.000802089,0.001435573,1
actual,23,73,scatter_recursive_doubling_allgather,0,2048,262144,2.072785185,0.001012102,0.000782463,0.001447674,1
actual,24,74,scatter_recursive_doubling_allgather,0,2048,262144,2.074915887,0.001013143,0.000794619,0.001493192,1
actual,25,75,scatter_recursive_doubling_allgather,0,2048,262144,2.090937041,0.001020965,0.000807983,0.001458057,1
actual,26,76,scatter_recursive_doubling_allgather,0,2048,262144,2.093667396,0.001022299,0.000782456,0.001464828,1
actual,27,77,scatter_recursive_doubling_allgather,0,2048,262144,2.053035742,0.001002459,0.000769719,0.001423519,1
actual,28,78,scatter_recursive_doubling_allgather,0,2048,262144,2.103350548,0.001027027,0.000773386,0.001450601,1
actual,29,79,scatter_recursive_doubling_allgather,0,2048,262144,2.082325386,0.001016760,0.000799924,0.001452751,1
actual,30,80,scatter_recursive_doubling_allgather,0,2048,262144,2.077679643,0.001014492,0.000788364,0.001465598,1
actual,31,81,scatter_recursive_doubling_allgather,0,2048,262144,2.098983620,0.001024894,0.000792361,0.001469127,1
actual,32,82,scatter_recursive_doubling_allgather,0,2048,262144,2.071219873,0.001011338,0.000772344,0.001733793,1
actual,33,83,scatter_recursive_doubling_allgather,0,2048,262144,2.080692863,0.001015963,0.000782646,0.001446764,1
actual,34,84,scatter_recursive_doubling_allgather,0,2048,262144,2.070831754,0.001011148,0.000785315,0.001474115,1
actual,35,85,scatter_recursive_doubling_allgather,0,2048,262144,2.104824475,0.001027746,0.000782375,0.001474294,1
actual,36,86,scatter_recursive_doubling_allgather,0,2048,262144,2.089142077,0.001020089,0.000758408,0.001443297,1
actual,37,87,scatter_recursive_doubling_allgather,0,2048,262144,2.087071710,0.001019078,0.000803609,0.001508270,1
actual,38,88,scatter_recursive_doubling_allgather,0,2048,262144,2.067188916,0.001009370,0.000784589,0.001457912,1
actual,39,89,scatter_recursive_doubling_allgather,0,2048,262144,2.053555204,0.001002713,0.000787402,0.001422697,1
actual,40,90,scatter_recursive_doubling_allgather,0,2048,262144,2.112747506,0.001031615,0.000756394,0.001502127,1
actual,41,91,scatter_recursive_doubling_allgather,0,2048,262144,2.091615872,0.001021297,0.000759059,0.001448066,1
actual,42,92,scatter_recursive_doubling_allgather,0,2048,262144,2.074701014,0.001013038,0.000798356,0.001434056,1
actual,43,93,scatter_recursive_doubling_allgather,0,2048,262144,2.088471319,0.001019761,0.000795968,0.001507192,1
actual,44,94,scatter_recursive_doubling_allgather,0,2048,262144,2.071404217,0.001011428,0.000788815,0.001472773,1
actual,45,95,scatter_recursive_doubling_allgather,0,2048,262144,2.091122379,0.001021056,0.000788018,0.001446335,1
actual,46,96,scatter_recursive_doubling_allgather,0,2048,262144,2.073373722,0.001012390,0.000778467,0.001461472,1
actual,47,97,scatter_recursive_doubling_allgather,0,2048,262144,2.070276523,0.001010877,0.000763427,0.001454430,1
actual,48,98,scatter_recursive_doubling_allgather,0,2048,262144,2.083414494,0.001017292,0.000771274,0.001556357,1
actual,49,99,scatter_recursive_doubling_allgather,0,2048,262144,2.086514413,0.001018806,0.000788654,0.001432819,1
warmup,0,0,scatter_recursive_doubling_allgather,0,2048,393216,2.489079465,0.001215371,0.000892476,0.001917235,1
warmup,1,1,scatter_recursive_doubling_allgather,0,2048,393216,2.454869878,0.001198667,0.000904771,0.001769134,1
warmup,2,2,scatter_recursive_doubling_allgather,0,2048,393216,2.476392186,0.001209176,0.000887189,0.001959568,1
warmup,3,3,scatter_recursive_doubling_allgather,0,2048,393216,2.438533286,0.001190690,0.000921332,0.001763286,1
warmup,4,4,scatter_recursive_doubling_allgather,0,2048,393216,2.442459196,0.001192607,0.000918011,0.001875165,1
warmup,5,5,scatter_recursive_doubling_allgather,0,2048,393216,2.434296294,0.001188621,0.000913563,0.001824460,1
warmup,6,6,scatter_recursive_doubling_allgather,0,2048,393216,2.428792151,0.001185934,0.000863114,0.001823508,1
warmup,7,7,scatter_recursive_doubling_allgather,0,2048,393216,2.411200298,0.001177344,0.000892184,0.001787922,1
warmup,8,8,scatter_recursive_doubling_allgather,0,2048,393216,2.413104826,0.001178274,0.000891018,0.001812956,1
warmup,9,9,scatter_recursive_doubling_allgather,0,2048,393216,2.399897727,0.001171825,0.000902971,0.001811085,1
warmup,10,10,scatter_recursive_doubling_allgather,0,2048,393216,2.427418540,0.001185263,0.000898358,0.001726478,1
warmup,11,11,scatter_recursive_doubling_allgather,0,2048,393216,2.427128607,0.001185121,0.000887094,0.001876040,1
warmup,12,12,scatter_recursive_doubling_allgather,0,2048,393216,2.430675905,0.001186853,0.000892768,0.001709276,1
warmup,13,13,scatter_recursive_doubling_allgather,0,2048,393216,2.415897170,0.001179637,0.000905328,0.001819267,1
warmup,14,14,scatter_recursive_doubling_allgather,0,2048,393216,2.449078593,0.001195839,0.000865260,0.001752295,1
warmup,15,15,scatter_recursive_doubling_allgather,0,2048,393216,2.419812535,0.001181549,0.000911023,0.001745161,1
warmup,16,16,scatter_recursive_doubling_allgather,0,2048,393216,2.468088773,0.001205121,0.000938653,0.001834039,1
warmup,17,17,scatter_recursive_doubling_allgather,0,2048,393216,2.406060132,0.001174834,0.000884231,0.001774928,1
warmup,18,18,scatter_recursive_doubling_allgather,0,2048,393216,2.434128368,0.001188539,0.000889660,0.001777102,1
warmup,19,19,scatter_recursive_doubling_allgather,0,2048,393216,2.428667544,0.001185873,0.000877023,0.001801278,1
warmup,20,20,scatter_recursive_doubling_allgather,0,2048,393216,2.450403216,0.001196486,0.000920934,0.001825915,1
warmup,21,21,scatter_recursive_doubling_allgather,0,2048,393216,2.429398929,0.001186230,0.000909913,0.001770809,1
warmup,22,22,scatter_recursive_doubling_allgather,0,2048,393216,2.393079134,0.001168496,0.000901992,0.001827947,1
warmup,23,23,scatter_recursive_doubling_allgather,0,2048,393216,2.432081356,0.001187540,0.000887935,0.001770329,1
warmup,24,24,scatter_recursive_doubling_allgather,0,2048,393216,2.439536239,0.001191180,0.000903262,0.001787041,1
warmup,25,25,scatter_recursive_doubling_allgather,0,2048,393216,2.426402938,0.001184767,0.000885265,0.001751825,1
warmup,26,26,scatter_recursive_doubling_allgather,0,2048,393216,2.431231653,0.001187125,0.000900940,0.001774918,1
warmup,27,27,scatter_recursive_doubling_allgather,0,2048,393216,2.430786969,0.001186908,0.000893720,0.001763879,1
warmup,28,28,scatter_recursive_doubling_allgather,0,2048,393216,2.437424773,0.001190149,0.000911141,0.001764929,1
warmup,29,29,scatter_recursive_doubling_allgather,0,2048,393216,2.424523878,0.001183850,0.000906199,0.001806861,1
warmup,30,30,scatter_recursive_doubling_allgather,0,2048,393216,2.435525132,0.001189221,0.000923404,0.001690919,1
warmup,31,31,scatter_recursive_doubling_allgather,0,2048,393216,2.409450515,0.001176490,0.000880621,0.001712091,1
warmup,32,32,scatter_recursive_doubling_allgather,0,2048,393216,2.394257695,0.001169071,0.000895326,0.001705489,1
warmup,33,33,scatter_recursive_doubling_allgather,0,2048,393216,2.424130669,0.001183658,0.000914690,0.001746705,1
warmup,34,34,scatter_recursive_doubling_allgather,0,2048,393216,2.422659047,0.001182939,0.000893413,0.001768137,1
warmup,35,35,scatter_recursive_doubling_allgather,0,2048,393216,2.449971170,0.001196275,0.000918662,0.001796560,1
warmup,36,36,scatter_recursive_doubling_allgather,0,2048,393216,2.411939016,0.001177705,0.000885541,0.001751524,1
warmup,37,37,scatter_recursive_doubling_allgather,0,2048,393216,2.431189400,0.001187104,0.000886862,0.001810874,1
warmup,38,38,scatter_recursive_doubling_allgather,0,2048,393216,2.441641128,0.001192208,0.000892116,0.001755432,1
warmup,39,39,scatter_recursive_doubling_allgather,0,2048,393216,2.423288575,0.001183246,0.000883618,0.001751374,1
warmup,40,40,scatter_recursive_doubling_allgather,0,2048,393216,2.399745792,0.001171751,0.000896473,0.001670425,1
warmup,41,41,scatter_recursive_doubling_allgather,0,2048,393216,2.405404730,0.001174514,0.000899317,0.001709396,1
warmup,42,42,scatter_recursive_doubling_allgather,0,2048,393216,2.450952520,0.001196754,0.000902113,0.001764251,1
warmup,43,43,scatter_recursive_doubling_allgather,0,2048,393216,2.438359311,0.001190605,0.000882861,0.001800553,1
warmup,44,44,scatter_recursive_doubling_allgather,0,2048,393216,2.438190354,0.001190523,0.000916079,0.001739652,1
warmup,45,45,scatter_recursive_doubling_allgather,0,2048,393216,2.428742313,0.001185909,0.000912391,0.001707597,1
warmup,46,46,scatter_recursive_doubling_allgather,0,2048,393216,2.421566793,0.001182406,0.000908352,0.001766302,1
warmup,47,47,scatter_recursive_doubling_allgather,0,2048,393216,2.429501350,0.001186280,0.000886006,0.001798120,1
warmup,48,48,scatter_recursive_doubling_allgather,0,2048,393216,2.406469557,0.001175034,0.000902866,0.001773254,1
warmup,49,49,scatter_recursive_doubling_allgather,0,2048,393216,2.427595421,0.001185349,0.000902982,0.001785447,1
actual,0,50,scatter_recursive_doubling_allgather,0,2048,393216,2.424575141,0.001183875,0.000896856,0.001820217,1
actual,1,51,scatter_recursive_doubling_allgather,0,2048,393216,2.430313857,0.001186677,0.000902066,0.001845139,1
actual,2,52,scatter_recursive_doubling_allgather,0,2048,393216,2.438808355,0.001190824,0.000929908,0.001756321,1
actual,3,53,scatter_recursive_doubling_allgather,0,2048,393216,2.437032026,0.001189957,0.000881233,0.001734650,1
actual,4,54,scatter_recursive_doubling_allgather,0,2048,393216,2.446289849,0.001194477,0.000908043,0.001780468,1
actual,5,55,scatter_recursive_doubling_allgather,0,2048,393216,2.442685590,0.001192718,0.000882964,0.001866490,1
actual,6,56,scatter_recursive_doubling_allgather,0,2048,393216,2.415814047,0.001179597,0.000885678,0.001788477,1
actual,7,57,scatter_recursive_doubling_allgather,0,2048,393216,2.426498289,0.001184814,0.000888721,0.001850845,1
actual,8,58,scatter_recursive_doubling_allgather,0,2048,393216,2.435993873,0.001189450,0.000910256,0.001797874,1
actual,9,59,scatter_recursive_doubling_allgather,0,2048,393216,2.394902648,0.001169386,0.000891336,0.001772483,1
actual,10,60,scatter_recursive_doubling_allgather,0,2048,393216,2.417638463,0.001180488,0.000859430,0.001817156,1
actual,11,61,scatter_recursive_doubling_allgather,0,2048,393216,2.445538753,0.001194111,0.000905839,0.001797522,1
actual,12,62,scatter_recursive_doubling_allgather,0,2048,393216,2.424222260,0.001183702,0.000871394,0.001744021,1
actual,13,63,scatter_recursive_doubling_allgather,0,2048,393216,2.430983909,0.001187004,0.000887577,0.001708788,1
actual,14,64,scatter_recursive_doubling_allgather,0,2048,393216,2.425566879,0.001184359,0.000890358,0.001746706,1
actual,15,65,scatter_recursive_doubling_allgather,0,2048,393216,2.448223971,0.001195422,0.000906202,0.001882891,1
actual,16,66,scatter_recursive_doubling_allgather,0,2048,393216,2.453046111,0.001197776,0.000917783,0.001710646,1
actual,17,67,scatter_recursive_doubling_allgather,0,2048,393216,2.408165844,0.001175862,0.000878662,0.001718822,1
actual,18,68,scatter_recursive_doubling_allgather,0,2048,393216,2.432510209,0.001187749,0.000898826,0.001737298,1
actual,19,69,scatter_recursive_doubling_allgather,0,2048,393216,2.422922583,0.001183068,0.000880506,0.001765190,1
actual,20,70,scatter_recursive_doubling_allgather,0,2048,393216,2.446919261,0.001194785,0.000883426,0.001832265,1
actual,21,71,scatter_recursive_doubling_allgather,0,2048,393216,2.445823916,0.001194250,0.000922261,0.001747703,1
actual,22,72,scatter_recursive_doubling_allgather,0,2048,393216,2.397891699,0.001170846,0.000889032,0.001749426,1
actual,23,73,scatter_recursive_doubling_allgather,0,2048,393216,2.427884251,0.001185490,0.000864440,0.001731275,1
actual,24,74,scatter_recursive_doubling_allgather,0,2048,393216,2.403219920,0.001173447,0.000852187,0.001742633,1
actual,25,75,scatter_recursive_doubling_allgather,0,2048,393216,2.450578159,0.001196571,0.000896180,0.001730074,1
actual,26,76,scatter_recursive_doubling_allgather,0,2048,393216,2.415371887,0.001179381,0.000886976,0.001802520,1
actual,27,77,scatter_recursive_doubling_allgather,0,2048,393216,2.440346499,0.001191575,0.000918463,0.001858806,1
actual,28,78,scatter_recursive_doubling_allgather,0,2048,393216,2.423207202,0.001183207,0.000850406,0.001874013,1
actual,29,79,scatter_recursive_doubling_allgather,0,2048,393216,2.445035692,0.001193865,0.000900696,0.001730873,1
actual,30,80,scatter_recursive_doubling_allgather,0,2048,393216,2.427184894,0.001185149,0.000894256,0.001740373,1
actual,31,81,scatter_recursive_doubling_allgather,0,2048,393216,2.428576109,0.001185828,0.000884984,0.001721964,1
actual,32,82,scatter_recursive_doubling_allgather,0,2048,393216,2.436311794,0.001189605,0.000927328,0.001705655,1
actual,33,83,scatter_recursive_doubling_allgather,0,2048,393216,2.416916862,0.001180135,0.000898548,0.001859911,1
actual,34,84,scatter_recursive_doubling_allgather,0,2048,393216,2.425039651,0.001184101,0.000909649,0.001727190,1
actual,35,85,scatter_recursive_doubling_allgather,0,2048,393216,2.420575552,0.001181922,0.000904751,0.001767345,1
actual,36,86,scatter_recursive_doubling_allgather,0,2048,393216,2.414932703,0.001179166,0.000892398,0.001748031,1
actual,37,87,scatter_recursive_doubling_allgather,0,2048,393216,2.428761796,0.001185919,0.000892252,0.001795566,1
actual,38,88,scatter_recursive_doubling_allgather,0,2048,393216,2.433335204,0.001188152,0.000903459,0.001781851,1
actual,39,89,scatter_recursive_doubling_allgather,0,2048,393216,2.443715237,0.001193220,0.000912900,0.001788566,1
actual,40,90,scatter_recursive_doubling_allgather,0,2048,393216,2.425921073,0.001184532,0.000898388,0.001727922,1
actual,41,91,scatter_recursive_doubling_allgather,0,2048,393216,2.415383178,0.001179386,0.000901170,0.001767784,1
actual,42,92,scatter_recursive_doubling_allgather,0,2048,393216,2.453916229,0.001198201,0.000876148,0.001773445,1
actual,43,93,scatter_recursive_doubling_allgather,0,2048,393216,2.403983826,0.001173820,0.000906867,0.001772755,1
actual,44,94,scatter_recursive_doubling_allgather,0,2048,393216,2.397787893,0.001170795,0.000860805,0.001902075,1
actual,45,95,scatter_recursive_doubling_allgather,0,2048,393216,2.449950812,0.001196265,0.000913432,0.001807728,1
actual,46,96,scatter_recursive_doubling_allgather,0,2048,393216,2.387177413,0.001165614,0.000894883,0.001743087,1
actual,47,97,scatter_recursive_doubling_allgather,0,2048,393216,2.423920605,0.001183555,0.000913811,0.001861883,1
actual,48,98,scatter_recursive_doubling_allgather,0,2048,393216,2.440913944,0.001191853,0.000908774,0.001835918,1
actual,49,99,scatter_recursive_doubling_allgather,0,2048,393216,2.427103807,0.001185109,0.000888587,0.001768892,1
warmup,0,0,scatter_recursive_doubling_allgather,0,2048,524288,2.912152256,0.001421949,0.001054400,0.002153629,1
warmup,1,1,scatter_recursive_doubling_allgather,0,2048,524288,2.906504155,0.001419191,0.001045139,0.002225012,1
warmup,2,2,scatter_recursive_doubling_allgather,0,2048,524288,2.873201633,0.001402930,0.001049873,0.002205937,1
warmup,3,3,scatter_recursive_doubling_allgather,0,2048,524288,2.834602965,0.001384083,0.001013279,0.002183243,1
warmup,4,4,scatter_recursive_doubling_allgather,0,2048,524288,2.856718829,0.001394882,0.001025792,0.002074830,1
warmup,5,5,scatter_recursive_doubling_allgather,0,2048,524288,2.863878590,0.001398378,0.001047531,0.002214423,1
warmup,6,6,scatter_recursive_doubling_allgather,0,2048,524288,2.863684126,0.001398283,0.001014081,0.002161146,1
warmup,7,7,scatter_recursive_doubling_allgather,0,2048,524288,2.793159164,0.001363847,0.001024951,0.002119977,1
warmup,8,8,scatter_recursive_doubling_allgather,0,2048,524288,2.805998643,0.001370117,0.001021810,0.002198661,1
warmup,9,9,scatter_recursive_doubling_allgather,0,2048,524288,2.842780060,0.001388076,0.001037038,0.002083731,1
warmup,10,10,scatter_recursive_doubling_allgather,0,2048,524288,2.830445776,0.001382054,0.001060475,0.002071315,1
warmup,11,11,scatter_recursive_doubling_allgather,0,2048,524288,2.820148210,0.001377025,0.001005490,0.002067162,1
warmup,12,12,scatter_recursive_doubling_allgather,0,2048,524288,2.845725624,0.001389514,0.001027386,0.002100337,1
warmup,13,13,scatter_recursive_doubling_allgather,0,2048,524288,2.814511221,0.001374273,0.000981077,0.002110330,1
warmup,14,14,scatter_recursive_doubling_allgather,0,2048,524288,2.878173786,0.001405358,0.001002646,0.002164999,1
warmup,15,15,scatter_recursive_doubling_allgather,0,2048,524288,2.842364152,0.001387873,0.001016617,0.002114819,1
warmup,16,16,scatter_recursive_doubling_allgather,0,2048,524288,2.828466190,0.001381087,0.001037649,0.002099300,1
warmup,17,17,scatter_recursive_doubling_allgather,0,2048,524288,2.847437325,0.001390350,0.001000986,0.002173145,1
warmup,18,18,scatter_recursive_doubling_allgather,0,2048,524288,2.821071792,0.001377476,0.001018757,0.002092635,1
warmup,19,19,scatter_recursive_doubling_allgather,0,2048,524288,2.870881357,0.001401798,0.001035476,0.002072215,1
warmup,20,20,scatter_recursive_doubling_allgather,0,2048,524288,2.827263074,0.001380500,0.001014601,0.002118592,1
warmup,21,21,scatter_recursive_doubling_allgather,0,2048,524288,2.841848369,0.001387621,0.001058994,0.002064669,1
warmup,22,22,scatter_recursive_doubling_allgather,0,2048,524288,2.832537691,0.001383075,0.001027143,0.002121050,1
warmup,23,23,scatter_recursive_doubling_allgather,0,2048,524288,2.835727396,0.001384633,0.001030361,0.002060587,1
warmup,24,24,scatter_recursive_doubling_allgather,0,2048,524288,2.829771765,0.001381724,0.001056865,0.002062720,1
warmup,25,25,scatter_recursive_doubling_allgather,0,2048,524288,2.844824664,0.001389075,0.001032818,0.002165761,1
warmup,26,26,scatter_recursive_doubling_allgather,0,2048,524288,2.843515636,0.001388435,0.001065262,0.002069862,1
warmup,27,27,scatter_recursive_doubling_allgather,0,2048,524288,2.831213708,0.001382429,0.001013924,0.002145052,1
warmup,28,28,scatter_recursive_doubling_allgather,0,2048,524288,2.824631679,0.001379215,0.001052363,0.002078797,1
warmup,29,29,scatter_recursive_doubling_allgather,0,2048,524288,2.832156268,0.001382889,0.001057364,0.002040145,1
warmup,30,30,scatter_recursive_doubling_allgather,0,2048,524288,2.825750514,0.001379761,0.000991033,0.002156794,1
warmup,31,31,scatter_recursive_doubling_allgather,0,2048,524288,2.843830416,0.001388589,0.001021231,0.002194626,1
warmup,32,32,scatter_recursive_doubling_allgather,0,2048,524288,2.853671427,0.001393394,0.001041752,0.002055441,1
warmup,33,33,scatter_recursive_doubling_allgather,0,2048,524288,2.832652155,0.001383131,0.001034835,0.002088375,1
warmup,34,34,scatter_recursive_doubling_allgather,0,2048,524288,2.816686711,0.001375335,0.001046144,0.002028353,1
warmup,35,35,scatter_recursive_doubling_allgather,0,2048,524288,2.835646882,0.001384593,0.001041713,0.002044395,1
warmup,36,36,scatter_recursive_doubling_allgather,0,2048,524288,2.810574979,0.001372351,0.001031716,0.002384409,1
warmup,37,37,scatter_recursive_doubling_allgather,0,2048,524288,2.839046795,0.001386253,0.001010619,0.002250814,1
warmup,38,38,scatter_recursive_doubling_allgather,0,2048,524288,2.840678094,0.001387050,0.001018908,0.002095091,1
warmup,39,39,scatter_recursive_doubling_allgather,0,2048,524288,2.841260558,0.001387334,0.001049077,0.002047381,1
warmup,40,40,scatter_recursive_doubling_allgather,0,2048,524288,2.864557366,0.001398710,0.001063513,0.002000826,1
warmup,41,41,scatter_recursive_doubling_allgather,0,2048,524288,2.818860481,0.001376397,0.001019414,0.002070263,1
warmup,42,42,scatter_recursive_doubling_allgather,0,2048,524288,2.816745293,0.001375364,0.001034543,0.002062250,1
warmup,43,43,scatter_recursive_doubling_allgather,0,2048,524288,2.815630349,0.001374820,0.000999665,0.002087293,1
warmup,44,44,scatter_recursive_doubling_allgather,0,2048,524288,2.812125097,0.001373108,0.000994734,0.002043373,1
warmup,45,45,scatter_recursive_doubling_allgather,0,2048,524288,2.801887133,0.001368109,0.001042188,0.001981595,1
warmup,46,46,scatter_recursive_doubling_allgather,0,2048,524288,2.827306366,0.001380521,0.001035552,0.002066909,1
warmup,47,47,scatter_recursive_doubling_allgather,0,2048,524288,2.849787364,0.001391498,0.001046653,0.002014639,1
warmup,48,48,scatter_recursive_doubling_allgather,0,2048,524288,2.821045812,0.001377464,0.001052356,0.002053467,1
warmup,49,49,scatter_recursive_doubling_allgather,0,2048,524288,2.809611534,0.001371881,0.001039089,0.002039248,1
actual,0,50,scatter_recursive_doubling_allgather,0,2048,524288,2.826519845,0.001380137,0.001004974,0.002025081,1
actual,1,51,scatter_recursive_doubling_allgather,0,2048,524288,2.822702279,0.001378273,0.001015181,0.002097233,1
actual,2,52,scatter_recursive_doubling_allgather,0,2048,524288,2.825721351,0.001379747,0.001019972,0.002050545,1
actual,3,53,scatter_recursive_doubling_allgather,0,2048,524288,2.823445394,0.001378635,0.001011484,0.002046163,1
actual,4,54,scatter_recursive_doubling_allgather,0,2048,524288,2.846305179,0.001389797,0.001053191,0.002018476,1
actual,5,55,scatter_recursive_doubling_allgather,0,2048,524288,2.828882762,0.001381290,0.001029134,0.002021121,1
actual,6,56,scatter_recursive_doubling_allgather,0,2048,524288,2.808599678,0.001371387,0.001031205,0.002065668,1
actual,7,57,scatter_recursive_doubling_allgather,0,2048,524288,2.812508073,0.001373295,0.001028821,0.002072600,1
actual,8,58,scatter_recursive_doubling_allgather,0,2048,524288,2.873083706,0.001402873,0.001062632,0.002521411,1
actual,9,59,scatter_recursive_doubling_allgather,0,2048,524288,2.843341217,0.001388350,0.001026055,0.002104317,1
actual,10,60,scatter_recursive_doubling_allgather,0,2048,524288,2.823555351,0.001378689,0.001008794,0.002055889,1
actual,11,61,scatter_recursive_doubling_allgather,0,2048,524288,2.826315177,0.001380037,0.001001317,0.002083085,1
actual,12,62,scatter_recursive_doubling_allgather,0,2048,524288,2.823868870,0.001378842,0.000994549,0.002054711,1
actual,13,63,scatter_recursive_doubling_allgather,0,2048,524288,2.792811324,0.001363677,0.001041065,0.001972178,1
actual,14,64,scatter_recursive_doubling_allgather,0,2048,524288,2.822162396,0.001378009,0.001033579,0.002149230,1
actual,15,65,scatter_recursive_doubling_allgather,0,2048,524288,2.854034474,0.001393572,0.001021479,0.002091622,1
actual,16,66,scatter_recursive_doubling_allgather,0,2048,524288,2.818060891,0.001376006,0.001023393,0.002012225,1
actual,17,67,scatter_recursive_doubling_allgather,0,2048,524288,2.826516650,0.001380135,0.001000098,0.002071257,1
actual,18,68,scatter_recursive_doubling_allgather,0,2048,524288,2.835239018,0.001384394,0.001020735,0.002024908,1
actual,19,69,scatter_recursive_doubling_allgather,0,2048,524288,2.823937597,0.001378876,0.001034810,0.001990413,1
actual,20,70,scatter_recursive_doubling_allgather,0,2048,524288,2.806869423,0.001370542,0.001035606,0.002070298,1
actual,21,71,scatter_recursive_doubling_allgather,0,2048,524288,2.810795966,0.001372459,0.000998472,0.002036255,1
actual,22,72,scatter_recursive_doubling_allgather,0,2048,524288,2.838511017,0.001385992,0.001029644,0.002067951,1
actual,23,73,scatter_recursive_doubling_allgather,0,2048,524288,2.856589256,0.001394819,0.001051253,0.002084270,1
actual,24,74,scatter_recursive_doubling_allgather,0,2048,524288,2.897415482,0.001414754,0.001095282,0.002080583,1
actual,25,75,scatter_recursive_doubling_allgather,0,2048,524288,2.787853233,0.001361256,0.001008152,0.002002060,1
actual,26,76,scatter_recursive_doubling_allgather,0,2048,524288,2.800397851,0.001367382,0.001036864,0.002000265,1
actual,27,77,scatter_recursive_doubling_allgather,0,2048,524288,2.817915871,0.001375935,0.001013108,0.002070623,1
actual,28,78,scatter_recursive_doubling_allgather,0,2048,524288,2.788256700,0.001361453,0.000964222,0.002010810,1
actual,29,79,scatter_recursive_doubling_allgather,0,2048,524288,2.836029738,0.001384780,0.001036081,0.002224862,1
actual,30,80,scatter_recursive_doubling_allgather,0,2048,524288,2.830472996,0.001382067,0.001033023,0.002208632,1
actual,31,81,scatter_recursive_doubling_allgather,0,2048,524288,2.838220619,0.001385850,0.001049999,0.002011343,1
actual,32,82,scatter_recursive_doubling_allgather,0,2048,524288,2.810243516,0.001372189,0.001039679,0.002010351,1
actual,33,83,scatter_recursive_doubling_allgather,0,2048,524288,2.855619458,0.001394345,0.001044843,0.002098114,1
actual,34,84,scatter_recursive_doubling_allgather,0,2048,524288,2.852027882,0.001392592,0.001064284,0.002093685,1
actual,35,85,scatter_recursive_doubling_allgather,0,2048,524288,2.847773514,0.001390514,0.001028448,0.002067886,1
actual,36,86,scatter_recursive_doubling_allgather,0,2048,524288,2.804936482,0.001369598,0.001050593,0.002002314,1
actual,37,87,scatter_recursive_doubling_allgather,0,2048,524288,2.846561499,0.001389923,0.001019080,0.002025767,1
actual,38,88,scatter_recursive_doubling_allgather,0,2048,524288,2.839473077,0.001386461,0.001059314,0.002192937,1
actual,39,89,scatter_recursive_doubling_allgather,0,2048,524288,2.822985552,0.001378411,0.001005123,0.002133667,1
actual,40,90,scatter_recursive_doubling_allgather,0,2048,524288,2.795460147,0.001364971,0.000999223,0.002036434,1
actual,41,91,scatter_recursive_doubling_allgather,0,2048,524288,2.842167296,0.001387777,0.001030326,0.002062617,1
actual,42,92,scatter_recursive_doubling_allgather,0,2048,524288,2.833930315,0.001383755,0.001025102,0.002076332,1
actual,43,93,scatter_recursive_doubling_allgather,0,2048,524288,2.834325004,0.001383948,0.000997810,0.002013877,1
actual,44,94,scatter_recursive_doubling_allgather,0,2048,524288,2.817435358,0.001375701,0.001030824,0.002029375,1
actual,45,95,scatter_recursive_doubling_allgather,0,2048,524288,2.824357095,0.001379081,0.001010385,0.002045806,1
actual,46,96,scatter_recursive_doubling_allgather,0,2048,524288,2.830443603,0.001382053,0.001027065,0.002025728,1
actual,47,97,scatter_recursive_doubling_allgather,0,2048,524288,2.806726413,0.001370472,0.001009344,0.002152240,1
actual,48,98,scatter_recursive_doubling_allgather,0,2048,524288,2.856958165,0.001394999,0.001040121,0.002031689,1
actual,49,99,scatter_recursive_doubling_allgather,0,2048,524288,2.819242620,0.001376583,0.001027641,0.002027470,1
warmup,0,0,scatter_recursive_doubling_allgather,0,2048,786432,3.673976927,0.001793934,0.001294583,0.002791048,1
warmup,1,1,scatter_recursive_doubling_allgather,0,2048,786432,3.616734199,0.001765983,0.001291462,0.002744917,1
warmup,2,2,scatter_recursive_doubling_allgather,0,2048,786432,3.569075404,0.001742713,0.001237769,0.002653698,1
warmup,3,3,scatter_recursive_doubling_allgather,0,2048,786432,3.614001851,0.001764649,0.001281706,0.002864586,1
warmup,4,4,scatter_recursive_doubling_allgather,0,2048,786432,3.585496965,0.001750731,0.001284059,0.002736543,1
warmup,5,5,scatter_recursive_doubling_allgather,0,2048,786432,3.568756473,0.001742557,0.001258300,0.002831883,1
warmup,6,6,scatter_recursive_doubling_allgather,0,2048,786432,3.511508955,0.001714604,0.001244005,0.002717290,1
warmup,7,7,scatter_recursive_doubling_allgather,0,2048,786432,3.520984707,0.001719231,0.001267421,0.002658966,1
warmup,8,8,scatter_recursive_doubling_allgather,0,2048,786432,3.528098944,0.001722705,0.001244332,0.002572596,1
warmup,9,9,scatter_recursive_doubling_allgather,0,2048,786432,3.551361219,0.001734063,0.001243603,0.002750320,1
warmup,10,10,scatter_recursive_doubling_allgather,0,2048,786432,3.524281645,0.001720841,0.001226208,0.002751496,1
warmup,11,11,scatter_recursive_doubling_allgather,0,2048,786432,3.581117251,0.001748592,0.001280591,0.002782634,1
warmup,12,12,scatter_recursive_doubling_allgather,0,2048,786432,3.590774403,0.001753308,0.001223966,0.002841596,1
warmup,13,13,scatter_recursive_doubling_allgather,0,2048,786432,3.541919233,0.001729453,0.001218459,0.002650808,1
warmup,14,14,scatter_recursive_doubling_allgather,0,2048,786432,3.575878770,0.001746035,0.001274961,0.002904058,1
warmup,15,15,scatter_recursive_doubling_allgather,0,2048,786432,3.555459515,0.001736064,0.001265484,0.002737386,1
warmup,16,16,scatter_recursive_doubling_allgather,0,2048,786432,3.553621522,0.001735167,0.001231411,0.002775557,1
warmup,17,17,scatter_recursive_doubling_allgather,0,2048,786432,3.534690457,0.001725923,0.001248211,0.002733471,1
warmup,18,18,scatter_recursive_doubling_allgather,0,2048,786432,3.524322731,0.001720861,0.001278697,0.002662407,1
warmup,19,19,scatter_recursive_doubling_allgather,0,2048,786432,3.534077397,0.001725624,0.001182407,0.002685416,1
warmup,20,20,scatter_recursive_doubling_allgather,0,2048,786432,3.562775198,0.001739636,0.001237581,0.002744231,1
warmup,21,21,scatter_recursive_doubling_allgather,0,2048,786432,3.542051038,0.001729517,0.001206625,0.002722497,1
warmup,22,22,scatter_recursive_doubling_allgather,0,2048,786432,3.555972901,0.001736315,0.001268949,0.002668025,1
warmup,23,23,scatter_recursive_doubling_allgather,0,2048,786432,3.545163060,0.001731037,0.001232134,0.002609207,1
warmup,24,24,scatter_recursive_doubling_allgather,0,2048,786432,3.510369249,0.001714047,0.001214340,0.002671439,1
warmup,25,25,scatter_recursive_doubling_allgather,0,2048,786432,3.558058491,0.001737333,0.001270658,0.002781942,1
warmup,26,26,scatter_recursive_doubling_allgather,0,2048,786432,3.519929556,0.001718716,0.001256079,0.002708230,1
warmup,27,27,scatter_recursive_doubling_allgather,0,2048,786432,3.526411628,0.001721881,0.001225860,0.002680254,1
warmup,28,28,scatter_recursive_doubling_allgather,0,2048,786432,3.531160905,0.001724200,0.001257810,0.002705454,1
warmup,29,29,scatter_recursive_doubling_allgather,0,2048,786432,3.549814851,0.001733308,0.001252392,0.002736403,1
warmup,30,30,scatter_recursive_doubling_allgather,0,2048,786432,3.510811357,0.001714263,0.001271967,0.002777074,1
warmup,31,31,scatter_recursive_doubling_allgather,0,2048,786432,3.598748121,0.001757201,0.001248674,0.002918150,1
warmup,32,32,scatter_recursive_doubling_allgather,0,2048,786432,3.527105794,0.001722220,0.001231530,0.002710605,1
warmup,33,33,scatter_recursive_doubling_allgather,0,2048,786432,3.571280271,0.001743789,0.001298267,0.002677330,1
warmup,34,34,scatter_recursive_doubling_allgather,0,2048,786432,3.574875615,0.001745545,0.001274593,0.002789868,1
warmup,35,35,scatter_recursive_doubling_allgather,0,2048,786432,3.519707350,0.001718607,0.001242099,0.002806666,1
warmup,36,36,scatter_recursive_doubling_allgather,0,2048,786432,3.485948055,0.001702123,0.001227406,0.002658626,1
warmup,37,37,scatter_recursive_doubling_allgather,0,2048,786432,3.538035034,0.001727556,0.001273585,0.002620972,1
warmup,38,38,scatter_recursive_doubling_allgather,0,2048,786432,3.510569691,0.001714145,0.001231654,0.002649376,1
warmup,39,39,scatter_recursive_doubling_allgather,0,2048,786432,3.558510160,0.001737554,0.001265781,0.002776867,1
warmup,40,40,scatter_recursive_doubling_allgather,0,2048,786432,3.578263454,0.001747199,0.001195761,0.002833668,1
warmup,41,41,scatter_recursive_doubling_allgather,0,2048,786432,3.513624532,0.001715637,0.001273851,0.002757717,1
warmup,42,42,scatter_recursive_doubling_allgather,0,2048,786432,3.563807203,0.001740140,0.001228543,0.002786220,1
warmup,43,43,scatter_recursive_doubling_allgather,0,2048,786432,3.567075789,0.001741736,0.001270228,0.002859180,1
warmup,44,44,scatter_recursive_doubling_allgather,0,2048,786432,3.549838848,0.001733320,0.001279080,0.002779090,1
warmup,45,45,scatter_recursive_doubling_allgather,0,2048,786432,3.502558485,0.001710234,0.001217776,0.002658897,1
warmup,46,46,scatter_recursive_doubling_allgather,0,2048,786432,3.522840735,0.001720137,0.001233635,0.002679744,1
warmup,47,47,scatter_recursive_doubling_allgather,0,2048,786432,3.559321692,0.001737950,0.001283299,0.002712593,1
warmup,48,48,scatter_recursive_doubling_allgather,0,2048,786432,3.533934686,0.001725554,0.001278418,0.002728285,1
warmup,49,49,scatter_recursive_doubling_allgather,0,2048,786432,3.542491384,0.001729732,0.001269011,0.002718373,1
actual,0,50,scatter_recursive_doubling_allgather,0,2048,786432,3.540332731,0.001728678,0.001273020,0.002825464,1
actual,1,51,scatter_recursive_doubling_allgather,0,2048,786432,3.558984340,0.001737785,0.001216073,0.002661686,1
actual,2,52,scatter_recursive_doubling_allgather,0,2048,786432,3.545220901,0.001731065,0.001271586,0.002757708,1
actual,3,53,scatter_recursive_doubling_allgather,0,2048,786432,3.581927824,0.001748988,0.001288538,0.002673922,1
actual,4,54,scatter_recursive_doubling_allgather,0,2048,786432,3.561721288,0.001739122,0.001239764,0.002804173,1
actual,5,55,scatter_recursive_doubling_allgather,0,2048,786432,3.508334719,0.001713054,0.001233831,0.002703015,1
actual,6,56,scatter_recursive_doubling_allgather,0,2048,786432,3.496761674,0.001707403,0.001282260,0.002711609,1
actual,7,57,scatter_recursive_doubling_allgather,0,2048,786432,3.553877528,0.001735292,0.001239935,0.002771374,1
actual,8,58,scatter_recursive_doubling_allgather,0,2048,786432,3.542928170,0.001729945,0.001266287,0.002595194,1
actual,9,59,scatter_recursive_doubling_allgather,0,2048,786432,3.543366652,0.001730159,0.001243373,0.002790992,1
actual,10,60,scatter_recursive_doubling_allgather,0,2048,786432,3.500003758,0.001708986,0.001214208,0.002677412,1
actual,11,61,scatter_recursive_doubling_allgather,0,2048,786432,3.505802245,0.001711818,0.001247115,0.002697765,1
actual,12,62,scatter_recursive_doubling_allgather,0,2048,786432,3.496609744,0.001707329,0.001125382,0.002715088,1
actual,13,63,scatter_recursive_doubling_allgather,0,2048,786432,3.508903570,0.001713332,0.001236854,0.002684488,1
actual,14,64,scatter_recursive_doubling_allgather,0,2048,786432,3.583643812,0.001749826,0.001249783,0.002692111,1
actual,15,65,scatter_recursive_doubling_allgather,0,2048,786432,3.515987746,0.001716791,0.001251117,0.002601026,1
actual,16,66,scatter_recursive_doubling_allgather,0,2048,786432,3.562746142,0.001739622,0.001252188,0.002702206,1
actual,17,67,scatter_recursive_doubling_allgather,0,2048,786432,3.547482904,0.001732169,0.001231993,0.002708140,1
actual,18,68,scatter_recursive_doubling_allgather,0,2048,786432,3.525610486,0.001721489,0.001272756,0.002682197,1
actual,19,69,scatter_recursive_doubling_allgather,0,2048,786432,3.962336164,0.001934734,0.001338462,0.003764059,1
actual,20,70,scatter_recursive_doubling_allgather,0,2048,786432,3.513340372,0.001715498,0.001227806,0.002650741,1
actual,21,71,scatter_recursive_doubling_allgather,0,2048,786432,3.531127984,0.001724184,0.001245522,0.002627686,1
actual,22,72,scatter_recursive_doubling_allgather,0,2048,786432,3.581087808,0.001748578,0.001279765,0.002618124,1
actual,23,73,scatter_recursive_doubling_allgather,0,2048,786432,3.497014459,0.001707527,0.001257159,0.002653834,1
actual,24,74,scatter_recursive_doubling_allgather,0,2048,786432,3.520966466,0.001719222,0.001253069,0.002682336,1
actual,25,75,scatter_recursive_doubling_allgather,0,2048,786432,3.563310405,0.001739898,0.001283986,0.002784612,1
actual,26,76,scatter_recursive_doubling_allgather,0,2048,786432,3.558034832,0.001737322,0.001270339,0.002808221,1
actual,27,77,scatter_recursive_doubling_allgather,0,2048,786432,3.512754625,0.001715212,0.001286843,0.002685951,1
actual,28,78,scatter_recursive_doubling_allgather,0,2048,786432,3.512730665,0.001715201,0.001237685,0.002658019,1
actual,29,79,scatter_recursive_doubling_allgather,0,2048,786432,3.511184548,0.001714446,0.001230757,0.002676303,1
actual,30,80,scatter_recursive_doubling_allgather,0,2048,786432,3.527857078,0.001722586,0.001274582,0.002725916,1
actual,31,81,scatter_recursive_doubling_allgather,0,2048,786432,3.548064921,0.001732454,0.001256711,0.002826546,1
actual,32,82,scatter_recursive_doubling_allgather,0,2048,786432,3.567942556,0.001742159,0.001249603,0.002683662,1
actual,33,83,scatter_recursive_doubling_allgather,0,2048,786432,3.541930058,0.001729458,0.001256235,0.002656144,1
actual,34,84,scatter_recursive_doubling_allgather,0,2048,786432,3.523253758,0.001720339,0.001149877,0.002598077,1
actual,35,85,scatter_recursive_doubling_allgather,0,2048,786432,3.527994420,0.001722654,0.001236269,0.002796172,1
actual,36,86,scatter_recursive_doubling_allgather,0,2048,786432,3.519798004,0.001718651,0.001314309,0.002619509,1
actual,37,87,scatter_recursive_doubling_allgather,0,2048,786432,3.545185123,0.001731047,0.001243699,0.002655895,1
actual,38,88,scatter_recursive_doubling_allgather,0,2048,786432,3.523519251,0.001720468,0.001195209,0.002623785,1
actual,39,89,scatter_recursive_doubling_allgather,0,2048,786432,3.511869182,0.001714780,0.001222717,0.002658340,1
actual,40,90,scatter_recursive_doubling_allgather,0,2048,786432,3.517576755,0.001717567,0.001216222,0.002569919,1
actual,41,91,scatter_recursive_doubling_allgather,0,2048,786432,3.543604052,0.001730275,0.001218253,0.002701001,1
actual,42,92,scatter_recursive_doubling_allgather,0,2048,786432,3.574176004,0.001745203,0.001294387,0.002681864,1
actual,43,93,scatter_recursive_doubling_allgather,0,2048,786432,3.489726580,0.001703968,0.001216753,0.002695581,1
actual,44,94,scatter_recursive_doubling_allgather,0,2048,786432,3.517056800,0.001717313,0.001138224,0.002605120,1
actual,45,95,scatter_recursive_doubling_allgather,0,2048,786432,3.539259582,0.001728154,0.001239476,0.002684952,1
actual,46,96,scatter_recursive_doubling_allgather,0,2048,786432,3.509488515,0.001713617,0.001262140,0.002679579,1
actual,47,97,scatter_recursive_doubling_allgather,0,2048,786432,3.517276678,0.001717420,0.001256756,0.002702902,1
actual,48,98,scatter_recursive_doubling_allgather,0,2048,786432,3.548447954,0.001732641,0.001154616,0.002672335,1
actual,49,99,scatter_recursive_doubling_allgather,0,2048,786432,3.527431639,0.001722379,0.001267762,0.002641129,1
warmup,0,0,scatter_recursive_doubling_allgather,0,2048,1048576,4.475738604,0.002185419,0.001494124,0.003383533,1
warmup,1,1,scatter_recursive_doubling_allgather,0,2048,1048576,4.381136750,0.002139227,0.001535675,0.003413366,1
warmup,2,2,scatter_recursive_doubling_allgather,0,2048,1048576,4.384416339,0.002140828,0.001527925,0.003556141,1
warmup,3,3,scatter_recursive_doubling_allgather,0,2048,1048576,4.367771533,0.002132701,0.001513517,0.003227140,1
warmup,4,4,scatter_recursive_doubling_allgather,0,2048,1048576,4.336445748,0.002117405,0.001489264,0.003465761,1
warmup,5,5,scatter_recursive_doubling_allgather,0,2048,1048576,4.304907812,0.002102006,0.001553535,0.003317896,1
warmup,6,6,scatter_recursive_doubling_allgather,0,2048,1048576,4.259347245,0.002079759,0.001455975,0.003242144,1
warmup,7,7,scatter_recursive_doubling_allgather,0,2048,1048576,4.298898333,0.002099071,0.001454491,0.003409278,1
warmup,8,8,scatter_recursive_doubling_allgather,0,2048,1048576,4.282165517,0.002090901,0.001495666,0.003442734,1
warmup,9,9,scatter_recursive_doubling_allgather,0,2048,1048576,4.277415030,0.002088582,0.001477819,0.003175433,1
warmup,10,10,scatter_recursive_doubling_allgather,0,2048,1048576,4.274683062,0.002087248,0.001483147,0.003256759,1
warmup,11,11,scatter_recursive_doubling_allgather,0,2048,1048576,4.271705327,0.002085794,0.001417764,0.003359723,1
warmup,12,12,scatter_recursive_doubling_allgather,0,2048,1048576,4.267939328,0.002083955,0.001488982,0.003451677,1
warmup,13,13,scatter_recursive_doubling_allgather,0,2048,1048576,4.295034182,0.002097185,0.001476770,0.003303937,1
warmup,14,14,scatter_recursive_doubling_allgather,0,2048,1048576,4.284310047,0.002091948,0.001525191,0.003140003,1
warmup,15,15,scatter_recursive_doubling_allgather,0,2048,1048576,4.288940984,0.002094209,0.001511323,0.003157104,1
warmup,16,16,scatter_recursive_doubling_allgather,0,2048,1048576,4.245383119,0.002072941,0.001471353,0.003279306,1
warmup,17,17,scatter_recursive_doubling_allgather,0,2048,1048576,4.273412879,0.002086627,0.001480027,0.003160600,1
warmup,18,18,scatter_recursive_doubling_allgather,0,2048,1048576,4.305881549,0.002102481,0.001482350,0.003259967,1
warmup,19,19,scatter_recursive_doubling_allgather,0,2048,1048576,4.307317104,0.002103182,0.001460137,0.003075395,1
warmup,20,20,scatter_recursive_doubling_allgather,0,2048,1048576,4.247078424,0.002073769,0.001504611,0.003324619,1
warmup,21,21,scatter_recursive_doubling_allgather,0,2048,1048576,4.292773123,0.002096081,0.001483966,0.003086885,1
warmup,22,22,scatter_recursive_doubling_allgather,0,2048,1048576,4.262188783,0.002081147,0.001413442,0.003145749,1
warmup,23,23,scatter_recursive_doubling_allgather,0,2048,1048576,4.291826423,0.002095618,0.001511329,0.003284083,1
warmup,24,24,scatter_recursive_doubling_allgather,0,2048,1048576,4.277332094,0.002088541,0.001525960,0.003161875,1
warmup,25,25,scatter_recursive_doubling_allgather,0,2048,1048576,4.319674179,0.002109216,0.001475845,0.003274475,1
warmup,26,26,scatter_recursive_doubling_allgather,0,2048,1048576,4.342551419,0.002120386,0.001479435,0.004441257,1
warmup,27,27,scatter_recursive_doubling_allgather,0,2048,1048576,4.279601317,0.002089649,0.001454475,0.003142889,1
warmup,28,28,scatter_recursive_doubling_allgather,0,2048,1048576,4.320808930,0.002109770,0.001481824,0.003277328,1
warmup,29,29,scatter_recursive_doubling_allgather,0,2048,1048576,4.279026114,0.002089368,0.001468302,0.003290340,1
warmup,30,30,scatter_recursive_doubling_allgather,0,2048,1048576,4.270150492,0.002085034,0.001549157,0.003127018,1
warmup,31,31,scatter_recursive_doubling_allgather,0,2048,1048576,4.285541746,0.002092550,0.001493543,0.003147158,1
warmup,32,32,scatter_recursive_doubling_allgather,0,2048,1048576,4.281444138,0.002090549,0.001523178,0.003238293,1
warmup,33,33,scatter_recursive_doubling_allgather,0,2048,1048576,4.307541970,0.002103292,0.001461049,0.003298547,1
warmup,34,34,scatter_recursive_doubling_allgather,0,2048,1048576,4.285353730,0.002092458,0.001494554,0.003239800,1
warmup,35,35,scatter_recursive_doubling_allgather,0,2048,1048576,4.293951463,0.002096656,0.001465722,0.003353996,1
warmup,36,36,scatter_recursive_doubling_allgather,0,2048,1048576,4.270504120,0.002085207,0.001454728,0.003299521,1
warmup,37,37,scatter_recursive_doubling_allgather,0,2048,1048576,4.262600327,0.002081348,0.001448126,0.003096906,1
warmup,38,38,scatter_recursive_doubling_allgather,0,2048,1048576,4.302601929,0.002100880,0.001497659,0.003169778,1
warmup,39,39,scatter_recursive_doubling_allgather,0,2048,1048576,4.286324007,0.002092932,0.001475677,0.003181736,1
warmup,40,40,scatter_recursive_doubling_allgather,0,2048,1048576,4.292664748,0.002096028,0.001459152,0.003162595,1
warmup,41,41,scatter_recursive_doubling_allgather,0,2048,1048576,4.284775458,0.002092176,0.001517904,0.003120707,1
warmup,42,42,scatter_recursive_doubling_allgather,0,2048,1048576,4.288092057,0.002093795,0.001455194,0.003508705,1
warmup,43,43,scatter_recursive_doubling_allgather,0,2048,1048576,4.276660704,0.002088213,0.001415263,0.003394110,1
warmup,44,44,scatter_recursive_doubling_allgather,0,2048,1048576,4.301602731,0.002100392,0.001461920,0.003544825,1
warmup,45,45,scatter_recursive_doubling_allgather,0,2048,1048576,4.267064184,0.002083527,0.001401666,0.003176249,1
warmup,46,46,scatter_recursive_doubling_allgather,0,2048,1048576,4.248128435,0.002074281,0.001450980,0.003323180,1
warmup,47,47,scatter_recursive_doubling_allgather,0,2048,1048576,4.290368167,0.002094906,0.001447023,0.003427432,1
warmup,48,48,scatter_recursive_doubling_allgather,0,2048,1048576,4.261251548,0.002080689,0.001458516,0.003186354,1
warmup,49,49,scatter_recursive_doubling_allgather,0,2048,1048576,4.293958884,0.002096660,0.001425386,0.003226805,1
actual,0,50,scatter_recursive_doubling_allgather,0,2048,1048576,4.287012258,0.002093268,0.001469283,0.003311990,1
actual,1,51,scatter_recursive_doubling_allgather,0,2048,1048576,4.323925228,0.002111292,0.001431100,0.003215838,1
actual,2,52,scatter_recursive_doubling_allgather,0,2048,1048576,4.253713471,0.002077009,0.001505347,0.003097123,1
actual,3,53,scatter_recursive_doubling_allgather,0,2048,1048576,4.279422631,0.002089562,0.001501501,0.003176316,1
actual,4,54,scatter_recursive_doubling_allgather,0,2048,1048576,4.265173584,0.002082604,0.001458774,0.003084648,1
actual,5,55,scatter_recursive_doubling_allgather,0,2048,1048576,4.281250118,0.002090454,0.001503270,0.003322448,1
actual,6,56,scatter_recursive_doubling_allgather,0,2048,1048576,4.276219481,0.002087998,0.001513481,0.003106910,1
actual,7,57,scatter_recursive_doubling_allgather,0,2048,1048576,4.269300314,0.002084619,0.001512722,0.003119320,1
actual,8,58,scatter_recursive_doubling_allgather,0,2048,1048576,4.306379257,0.002102724,0.001532635,0.003301131,1
actual,9,59,scatter_recursive_doubling_allgather,0,2048,1048576,4.255828351,0.002078041,0.001442734,0.003197350,1
actual,10,60,scatter_recursive_doubling_allgather,0,2048,1048576,4.330992498,0.002114742,0.001472718,0.003600059,1
actual,11,61,scatter_recursive_doubling_allgather,0,2048,1048576,4.299443825,0.002099338,0.001515732,0.003137408,1
actual,12,62,scatter_recursive_doubling_allgather,0,2048,1048576,4.222541924,0.002061788,0.001465227,0.003106551,1
actual,13,63,scatter_recursive_doubling_allgather,0,2048,1048576,4.263368542,0.002081723,0.001493015,0.003235290,1
actual,14,64,scatter_recursive_doubling_allgather,0,2048,1048576,4.232336470,0.002066571,0.001464486,0.003168995,1
actual,15,65,scatter_recursive_doubling_allgather,0,2048,1048576,4.245937411,0.002073212,0.001494507,0.003093957,1
actual,16,66,scatter_recursive_doubling_allgather,0,2048,1048576,4.243635761,0.002072088,0.001464666,0.003189084,1
actual,17,67,scatter_recursive_doubling_allgather,0,2048,1048576,4.295561530,0.002097442,0.001462601,0.003093038,1
actual,18,68,scatter_recursive_doubling_allgather,0,2048,1048576,4.262382229,0.002081241,0.001439782,0.003022532,1
actual,19,69,scatter_recursive_doubling_allgather,0,2048,1048576,4.208590931,0.002054976,0.001490320,0.003070532,1
actual,20,70,scatter_recursive_doubling_allgather,0,2048,1048576,4.271839294,0.002085859,0.001464758,0.003878167,1
actual,21,71,scatter_recursive_doubling_allgather,0,2048,1048576,4.255169594,0.002077720,0.001460648,0.003224462,1
actual,22,72,scatter_recursive_doubling_allgather,0,2048,1048576,4.270181377,0.002085050,0.001445603,0.003096247,1
actual,23,73,scatter_recursive_doubling_allgather,0,2048,1048576,4.307225460,0.002103137,0.001500346,0.003093710,1
actual,24,74,scatter_recursive_doubling_allgather,0,2048,1048576,4.262377258,0.002081239,0.001450932,0.003103615,1
actual,25,75,scatter_recursive_doubling_allgather,0,2048,1048576,4.291964693,0.002095686,0.001457522,0.003300612,1
actual,26,76,scatter_recursive_doubling_allgather,0,2048,1048576,4.308751474,0.002103883,0.001510787,0.003170675,1
actual,27,77,scatter_recursive_doubling_allgather,0,2048,1048576,4.262584690,0.002081340,0.001471200,0.003227858,1
actual,28,78,scatter_recursive_doubling_allgather,0,2048,1048576,4.756467356,0.002322494,0.001642330,0.003287941,1
actual,29,79,scatter_recursive_doubling_allgather,0,2048,1048576,4.324676318,0.002111658,0.001478399,0.003127910,1
actual,30,80,scatter_recursive_doubling_allgather,0,2048,1048576,4.301575985,0.002100379,0.001505449,0.003150071,1
actual,31,81,scatter_recursive_doubling_allgather,0,2048,1048576,4.276297033,0.002088036,0.001520603,0.003176551,1
actual,32,82,scatter_recursive_doubling_allgather,0,2048,1048576,4.250970848,0.002075669,0.001500617,0.003056391,1
actual,33,83,scatter_recursive_doubling_allgather,0,2048,1048576,4.286010416,0.002092779,0.001482763,0.003101140,1
actual,34,84,scatter_recursive_doubling_allgather,0,2048,1048576,4.310366508,0.002104671,0.001512927,0.003139082,1
actual,35,85,scatter_recursive_doubling_allgather,0,2048,1048576,4.235540446,0.002068135,0.001490272,0.003124518,1
actual,36,86,scatter_recursive_doubling_allgather,0,2048,1048576,4.279403542,0.002089553,0.001483183,0.003422853,1
actual,37,87,scatter_recursive_doubling_allgather,0,2048,1048576,4.296218516,0.002097763,0.001522462,0.003208645,1
actual,38,88,scatter_recursive_doubling_allgather,0,2048,1048576,4.262548848,0.002081323,0.001461910,0.003102602,1
actual,39,89,scatter_recursive_doubling_allgather,0,2048,1048576,4.248071664,0.002074254,0.001491647,0.003287660,1
actual,40,90,scatter_recursive_doubling_allgather,0,2048,1048576,4.311994115,0.002105466,0.001513856,0.003142338,1
actual,41,91,scatter_recursive_doubling_allgather,0,2048,1048576,4.270287392,0.002085101,0.001433229,0.003045080,1
actual,42,92,scatter_recursive_doubling_allgather,0,2048,1048576,4.273265132,0.002086555,0.001478471,0.003191304,1
actual,43,93,scatter_recursive_doubling_allgather,0,2048,1048576,4.289743375,0.002094601,0.001478191,0.003133585,1
actual,44,94,scatter_recursive_doubling_allgather,0,2048,1048576,4.271795022,0.002085837,0.001441121,0.003145227,1
actual,45,95,scatter_recursive_doubling_allgather,0,2048,1048576,4.296654582,0.002097976,0.001478094,0.003099117,1
actual,46,96,scatter_recursive_doubling_allgather,0,2048,1048576,4.259786250,0.002079974,0.001508200,0.003071568,1
actual,47,97,scatter_recursive_doubling_allgather,0,2048,1048576,4.286122283,0.002092833,0.001525951,0.003127069,1
actual,48,98,scatter_recursive_doubling_allgather,0,2048,1048576,4.251280309,0.002075820,0.001493217,0.003026560,1
actual,49,99,scatter_recursive_doubling_allgather,0,2048,1048576,4.281939672,0.002090791,0.001457603,0.003110598,1
warmup,0,0,scatter_recursive_doubling_allgather,0,2048,1572864,6.029882770,0.002944279,0.002104470,0.004769571,1
warmup,1,1,scatter_recursive_doubling_allgather,0,2048,1572864,5.894337767,0.002878095,0.002034667,0.004517133,1
warmup,2,2,scatter_recursive_doubling_allgather,0,2048,1572864,5.876221375,0.002869249,0.002009066,0.004923682,1
warmup,3,3,scatter_recursive_doubling_allgather,0,2048,1572864,5.826596209,0.002845018,0.002054997,0.004756985,1
warmup,4,4,scatter_recursive_doubling_allgather,0,2048,1572864,5.814911075,0.002839312,0.001975831,0.004838310,1
warmup,5,5,scatter_recursive_doubling_allgather,0,2048,1572864,5.711903087,0.002789015,0.001951275,0.004641740,1
warmup,6,6,scatter_recursive_doubling_allgather,0,2048,1572864,5.754652721,0.002809889,0.001902036,0.004394777,1
warmup,7,7,scatter_recursive_doubling_allgather,0,2048,1572864,5.687522932,0.002777111,0.001979064,0.004262980,1
warmup,8,8,scatter_recursive_doubling_allgather,0,2048,1572864,5.729302992,0.002797511,0.001855650,0.004492204,1
warmup,9,9,scatter_recursive_doubling_allgather,0,2048,1572864,5.720045280,0.002792991,0.001875623,0.004515046,1
warmup,10,10,scatter_recursive_doubling_allgather,0,2048,1572864,5.663384896,0.002765325,0.001946994,0.004369832,1
warmup,11,11,scatter_recursive_doubling_allgather,0,2048,1572864,5.680579796,0.002773721,0.001921258,0.004282144,1
warmup,12,12,scatter_recursive_doubling_allgather,0,2048,1572864,5.668024441,0.002767590,0.001840284,0.004506400,1
warmup,13,13,scatter_recursive_doubling_allgather,0,2048,1572864,5.667927233,0.002767543,0.001860191,0.004355724,1
warmup,14,14,scatter_recursive_doubling_allgather,0,2048,1572864,5.699422057,0.002782921,0.001956299,0.004244268,1
warmup,15,15,scatter_recursive_doubling_allgather,0,2048,1572864,5.693852851,0.002780202,0.001903831,0.004235442,1
warmup,16,16,scatter_recursive_doubling_allgather,0,2048,1572864,5.732164313,0.002798908,0.001899679,0.004495358,1
warmup,17,17,scatter_recursive_doubling_allgather,0,2048,1572864,5.667143680,0.002767160,0.001881241,0.004601328,1
warmup,18,18,scatter_recursive_doubling_allgather,0,2048,1572864,5.733095857,0.002799363,0.001958686,0.004581711,1
warmup,19,19,scatter_recursive_doubling_allgather,0,2048,1572864,5.613172128,0.002740807,0.001948463,0.004493435,1
warmup,20,20,scatter_recursive_doubling_allgather,0,2048,1572864,5.685824094,0.002776281,0.001877954,0.004467014,1
warmup,21,21,scatter_recursive_doubling_allgather,0,2048,1572864,5.702207147,0.002784281,0.001795599,0.004373459,1
warmup,22,22,scatter_recursive_doubling_allgather,0,2048,1572864,5.681162847,0.002774005,0.001943030,0.004215920,1
warmup,23,23,scatter_recursive_doubling_allgather,0,2048,1572864,5.700531483,0.002783463,0.001949782,0.004204772,1
warmup,24,24,scatter_recursive_doubling_allgather,0,2048,1572864,5.674657956,0.002770829,0.001819120,0.004463795,1
warmup,25,25,scatter_recursive_doubling_allgather,0,2048,1572864,5.694720394,0.002780625,0.001979514,0.004453729,1
warmup,26,26,scatter_recursive_doubling_allgather,0,2048,1572864,5.634766103,0.002751351,0.001835212,0.004357037,1
warmup,27,27,scatter_recursive_doubling_allgather,0,2048,1572864,5.661806206,0.002764554,0.001968976,0.004359538,1
warmup,28,28,scatter_recursive_doubling_allgather,0,2048,1572864,5.708532082,0.002787369,0.001960329,0.004353250,1
warmup,29,29,scatter_recursive_doubling_allgather,0,2048,1572864,5.649287600,0.002758441,0.001940657,0.004389981,1
warmup,30,30,scatter_recursive_doubling_allgather,0,2048,1572864,5.708562629,0.002787384,0.001941182,0.004615887,1
warmup,31,31,scatter_recursive_doubling_allgather,0,2048,1572864,5.739843576,0.002802658,0.001919828,0.004565063,1
warmup,32,32,scatter_recursive_doubling_allgather,0,2048,1572864,5.632366762,0.002750179,0.001879790,0.004485575,1
warmup,33,33,scatter_recursive_doubling_allgather,0,2048,1572864,5.692708240,0.002779643,0.001946599,0.004696961,1
warmup,34,34,scatter_recursive_doubling_allgather,0,2048,1572864,5.663445946,0.002765354,0.001934256,0.004202968,1
warmup,35,35,scatter_recursive_doubling_allgather,0,2048,1572864,5.685999000,0.002776367,0.001896371,0.004303229,1
warmup,36,36,scatter_recursive_doubling_allgather,0,2048,1572864,5.682935867,0.002774871,0.001926389,0.004347068,1
warmup,37,37,scatter_recursive_doubling_allgather,0,2048,1572864,5.692785588,0.002779680,0.001897331,0.004338324,1
warmup,38,38,scatter_recursive_doubling_allgather,0,2048,1572864,5.695246294,0.002780882,0.001879431,0.004367243,1
warmup,39,39,scatter_recursive_doubling_allgather,0,2048,1572864,5.732300654,0.002798975,0.001887541,0.004344175,1
warmup,40,40,scatter_recursive_doubling_allgather,0,2048,1572864,5.647444573,0.002757541,0.001940868,0.004340266,1
warmup,41,41,scatter_recursive_doubling_allgather,0,2048,1572864,5.645815964,0.002756746,0.001993205,0.004454020,1
warmup,42,42,scatter_recursive_doubling_allgather,0,2048,1572864,5.673947197,0.002770482,0.001938812,0.004203681,1
warmup,43,43,scatter_recursive_doubling_allgather,0,2048,1572864,5.699346732,0.002782884,0.001945609,0.004488073,1
warmup,44,44,scatter_recursive_doubling_allgather,0,2048,1572864,5.676111516,0.002771539,0.001918614,0.004254807,1
warmup,45,45,scatter_recursive_doubling_allgather,0,2048,1572864,5.663848793,0.002765551,0.001909505,0.004153234,1
warmup,46,46,scatter_recursive_doubling_allgather,0,2048,1572864,5.664506080,0.002765872,0.001930032,0.004207232,1
warmup,47,47,scatter_recursive_doubling_allgather,0,2048,1572864,5.743515266,0.002804451,0.001928401,0.004165801,1
warmup,48,48,scatter_recursive_doubling_allgather,0,2048,1572864,5.637359538,0.002752617,0.001869328,0.004197885,1
warmup,49,49,scatter_recursive_doubling_allgather,0,2048,1572864,5.655276007,0.002761365,0.001946205,0.004252213,1
actual,0,50,scatter_recursive_doubling_allgather,0,2048,1572864,5.673567890,0.002770297,0.001897233,0.004133614,1
actual,1,51,scatter_recursive_doubling_allgather,0,2048,1572864,5.706827842,0.002786537,0.001891319,0.004197314,1
actual,2,52,scatter_recursive_doubling_allgather,0,2048,1572864,5.641178706,0.002754482,0.001947375,0.004361238,1
actual,3,53,scatter_recursive_doubling_allgather,0,2048,1572864,5.645650569,0.002756665,0.001910806,0.004195376,1
actual,4,54,scatter_recursive_doubling_allgather,0,2048,1572864,5.622736395,0.002745477,0.001961335,0.004459752,1
actual,5,55,scatter_recursive_doubling_allgather,0,2048,1572864,5.702951514,0.002784644,0.001904068,0.004564408,1
actual,6,56,scatter_recursive_doubling_allgather,0,2048,1572864,5.623568948,0.002745883,0.001945406,0.004250780,1
actual,7,57,scatter_recursive_doubling_allgather,0,2048,1572864,5.676977919,0.002771962,0.001866921,0.004214055,1
actual,8,58,scatter_recursive_doubling_allgather,0,2048,1572864,5.667419557,0.002767295,0.001904059,0.004320029,1
actual,9,59,scatter_recursive_doubling_allgather,0,2048,1572864,5.591887337,0.002730414,0.001879462,0.004199570,1
actual,10,60,scatter_recursive_doubling_allgather,0,2048,1572864,5.667573041,0.002767370,0.001876657,0.004232479,1
actual,11,61,scatter_recursive_doubling_allgather,0,2048,1572864,12.312332926,0.006011881,0.002261094,0.007000304,1
actual,12,62,scatter_recursive_doubling_allgather,0,2048,1572864,5.677614089,0.002772273,0.001879794,0.004170597,1
actual,13,63,scatter_recursive_doubling_allgather,0,2048,1572864,5.699940443,0.002783174,0.001886172,0.004382351,1
actual,14,64,scatter_recursive_doubling_allgather,0,2048,1572864,5.598520562,0.002733653,0.001860147,0.004291697,1
actual,15,65,scatter_recursive_doubling_allgather,0,2048,1572864,5.598902779,0.002733839,0.001871646,0.004355986,1
actual,16,66,scatter_recursive_doubling_allgather,0,2048,1572864,5.730650886,0.002798169,0.002008283,0.004497050,1
actual,17,67,scatter_recursive_doubling_allgather,0,2048,1572864,5.714616272,0.002790340,0.001904129,0.004285105,1
actual,18,68,scatter_recursive_doubling_allgather,0,2048,1572864,5.708334557,0.002787273,0.001924426,0.004461852,1
actual,19,69,scatter_recursive_doubling_allgather,0,2048,1572864,5.688407034,0.002777542,0.001889914,0.004442468,1
actual,20,70,scatter_recursive_doubling_allgather,0,2048,1572864,5.700973053,0.002783678,0.001838105,0.004406169,1
actual,21,71,scatter_recursive_doubling_allgather,0,2048,1572864,5.710816615,0.002788485,0.001959821,0.004325985,1
actual,22,72,scatter_recursive_doubling_allgather,0,2048,1572864,5.661996894,0.002764647,0.001954382,0.004273457,1
actual,23,73,scatter_recursive_doubling_allgather,0,2048,1572864,5.738601858,0.002802052,0.001961426,0.004229330,1
actual,24,74,scatter_recursive_doubling_allgather,0,2048,1572864,5.656074983,0.002761755,0.001866406,0.004137992,1
actual,25,75,scatter_recursive_doubling_allgather,0,2048,1572864,5.715839491,0.002790937,0.001900038,0.004426129,1
actual,26,76,scatter_recursive_doubling_allgather,0,2048,1572864,5.664658352,0.002765946,0.001920028,0.004504536,1
actual,27,77,scatter_recursive_doubling_allgather,0,2048,1572864,5.742594224,0.002804001,0.001943731,0.004516868,1
actual,28,78,scatter_recursive_doubling_allgather,0,2048,1572864,5.687511674,0.002777105,0.001950456,0.004436407,1
actual,29,79,scatter_recursive_doubling_allgather,0,2048,1572864,5.700772602,0.002783580,0.001961011,0.004278800,1
actual,30,80,scatter_recursive_doubling_allgather,0,2048,1572864,5.667775552,0.002767469,0.001963803,0.004202109,1
actual,31,81,scatter_recursive_doubling_allgather,0,2048,1572864,5.752255324,0.002808718,0.001912387,0.004203504,1
actual,32,82,scatter_recursive_doubling_allgather,0,2048,1572864,5.735604216,0.002800588,0.001874024,0.004526376,1
actual,33,83,scatter_recursive_doubling_allgather,0,2048,1572864,5.676484654,0.002771721,0.001897458,0.004395250,1
actual,34,84,scatter_recursive_doubling_allgather,0,2048,1572864,5.733198574,0.002799413,0.001931269,0.004273781,1
actual,35,85,scatter_recursive_doubling_allgather,0,2048,1572864,5.675989258,0.002771479,0.001894082,0.004286728,1
actual,36,86,scatter_recursive_doubling_allgather,0,2048,1572864,5.613804883,0.002741116,0.001950476,0.004393497,1
actual,37,87,scatter_recursive_doubling_allgather,0,2048,1572864,5.623190085,0.002745698,0.001900543,0.004342812,1
actual,38,88,scatter_recursive_doubling_allgather,0,2048,1572864,5.641802460,0.002754786,0.001909934,0.004388989,1
actual,39,89,scatter_recursive_doubling_allgather,0,2048,1572864,5.715468463,0.002790756,0.001917853,0.004306064,1
actual,40,90,scatter_recursive_doubling_allgather,0,2048,1572864,5.658738793,0.002763056,0.001936259,0.004387216,1
actual,41,91,scatter_recursive_doubling_allgather,0,2048,1572864,5.662107700,0.002764701,0.001901762,0.004409322,1
actual,42,92,scatter_recursive_doubling_allgather,0,2048,1572864,5.624824587,0.002746496,0.001892094,0.004181674,1
actual,43,93,scatter_recursive_doubling_allgather,0,2048,1572864,5.833221971,0.002848253,0.001997485,0.004292539,1
actual,44,94,scatter_recursive_doubling_allgather,0,2048,1572864,5.672682700,0.002769865,0.001950331,0.004057465,1
actual,45,95,scatter_recursive_doubling_allgather,0,2048,1572864,5.667614914,0.002767390,0.001874283,0.004172576,1
actual,46,96,scatter_recursive_doubling_allgather,0,2048,1572864,5.651062308,0.002759308,0.001870175,0.004257489,1
actual,47,97,scatter_recursive_doubling_allgather,0,2048,1572864,5.701937522,0.002784149,0.001966274,0.004297946,1
actual,48,98,scatter_recursive_doubling_allgather,0,2048,1572864,5.651830833,0.002759683,0.001886434,0.004235958,1
actual,49,99,scatter_recursive_doubling_allgather,0,2048,1572864,5.713038601,0.002789570,0.001911812,0.004198627,1
warmup,0,0,scatter_recursive_doubling_allgather,0,2048,2097152,7.520299297,0.003672021,0.002420660,0.005818522,1
warmup,1,1,scatter_recursive_doubling_allgather,0,2048,2097152,7.418017714,0.003622079,0.002559818,0.005832479,1
warmup,2,2,scatter_recursive_doubling_allgather,0,2048,2097152,7.412989201,0.003619624,0.002481891,0.005914236,1
warmup,3,3,scatter_recursive_doubling_allgather,0,2048,2097152,7.286329432,0.003557778,0.002288150,0.005636160,1
warmup,4,4,scatter_recursive_doubling_allgather,0,2048,2097152,7.201407683,0.003516312,0.002457704,0.005672928,1
warmup,5,5,scatter_recursive_doubling_allgather,0,2048,2097152,7.208491892,0.003519771,0.002323335,0.005834823,1
warmup,6,6,scatter_recursive_doubling_allgather,0,2048,2097152,7.147847282,0.003490160,0.002338038,0.005477128,1
warmup,7,7,scatter_recursive_doubling_allgather,0,2048,2097152,7.234514456,0.003532478,0.002398194,0.005422743,1
warmup,8,8,scatter_recursive_doubling_allgather,0,2048,2097152,7.201028948,0.003516127,0.002460458,0.005866873,1
warmup,9,9,scatter_recursive_doubling_allgather,0,2048,2097152,7.132162597,0.003482501,0.002463812,0.005672242,1
warmup,10,10,scatter_recursive_doubling_allgather,0,2048,2097152,7.284009035,0.003556645,0.002379838,0.005813141,1
warmup,11,11,scatter_recursive_doubling_allgather,0,2048,2097152,7.166988408,0.003499506,0.002336600,0.005668709,1
warmup,12,12,scatter_recursive_doubling_allgather,0,2048,2097152,7.161459117,0.003496806,0.002299123,0.005415053,1
warmup,13,13,scatter_recursive_doubling_allgather,0,2048,2097152,7.221708927,0.003526225,0.002367098,0.006002365,1
warmup,14,14,scatter_recursive_doubling_allgather,0,2048,2097152,7.123096293,0.003478074,0.002462069,0.005582680,1
warmup,15,15,scatter_recursive_doubling_allgather,0,2048,2097152,7.144006314,0.003488284,0.002394863,0.005726319,1
warmup,16,16,scatter_recursive_doubling_allgather,0,2048,2097152,7.143881110,0.003488223,0.002377353,0.005327578,1
warmup,17,17,scatter_recursive_doubling_allgather,0,2048,2097152,7.229371666,0.003529967,0.002501193,0.005529360,1
warmup,18,18,scatter_recursive_doubling_allgather,0,2048,2097152,7.118575123,0.003475867,0.002347576,0.005667910,1
warmup,19,19,scatter_recursive_doubling_allgather,0,2048,2097152,7.138755046,0.003485720,0.002364249,0.005600202,1
warmup,20,20,scatter_recursive_doubling_allgather,0,2048,2097152,7.158670640,0.003495445,0.002465938,0.005478386,1
warmup,21,21,scatter_recursive_doubling_allgather,0,2048,2097152,7.136067187,0.003484408,0.002391308,0.005514244,1
warmup,22,22,scatter_recursive_doubling_allgather,0,2048,2097152,7.240041686,0.003535177,0.002410227,0.005823156,1
warmup,23,23,scatter_recursive_doubling_allgather,0,2048,2097152,7.130371800,0.003481627,0.002365464,0.005565731,1
warmup,24,24,scatter_recursive_doubling_allgather,0,2048,2097152,7.156402985,0.003494337,0.002378767,0.005481343,1
warmup,25,25,scatter_recursive_doubling_allgather,0,2048,2097152,7.181824245,0.003506750,0.002474153,0.005721463,1
warmup,26,26,scatter_recursive_doubling_allgather,0,2048,2097152,7.133435291,0.003483123,0.002352981,0.005294364,1
warmup,27,27,scatter_recursive_doubling_allgather,0,2048,2097152,7.182254786,0.003506960,0.002396271,0.005440281,1
warmup,28,28,scatter_recursive_doubling_allgather,0,2048,2097152,7.116197675,0.003474706,0.002340470,0.005362271,1
warmup,29,29,scatter_recursive_doubling_allgather,0,2048,2097152,7.184718089,0.003508163,0.002471461,0.005644251,1
warmup,30,30,scatter_recursive_doubling_allgather,0,2048,2097152,7.175880736,0.003503848,0.002297742,0.005354544,1
warmup,31,31,scatter_recursive_doubling_allgather,0,2048,2097152,7.189814774,0.003510652,0.002424031,0.005702386,1
warmup,32,32,scatter_recursive_doubling_allgather,0,2048,2097152,7.108104328,0.003470754,0.002423803,0.005745273,1
warmup,33,33,scatter_recursive_doubling_allgather,0,2048,2097152,7.261364260,0.003545588,0.002362482,0.005479190,1
warmup,34,34,scatter_recursive_doubling_allgather,0,2048,2097152,7.134707811,0.003483744,0.002454966,0.005281058,1
warmup,35,35,scatter_recursive_doubling_allgather,0,2048,2097152,7.154192838,0.003493258,0.002427801,0.005338342,1
warmup,36,36,scatter_recursive_doubling_allgather,0,2048,2097152,7.191486504,0.003511468,0.002339675,0.005658725,1
warmup,37,37,scatter_recursive_doubling_allgather,0,2048,2097152,7.163998893,0.003498046,0.002373203,0.005573262,1
warmup,38,38,scatter_recursive_doubling_allgather,0,2048,2097152,7.142626156,0.003487610,0.002455299,0.005561625,1
warmup,39,39,scatter_recursive_doubling_allgather,0,2048,2097152,7.126003309,0.003479494,0.002400471,0.005350960,1
warmup,40,40,scatter_recursive_doubling_allgather,0,2048,2097152,7.095360788,0.003464532,0.002353073,0.005316368,1
warmup,41,41,scatter_recursive_doubling_allgather,0,2048,2097152,7.209447125,0.003520238,0.002478178,0.005237080,1
warmup,42,42,scatter_recursive_doubling_allgather,0,2048,2097152,7.157238698,0.003494745,0.002360441,0.005402035,1
warmup,43,43,scatter_recursive_doubling_allgather,0,2048,2097152,7.176462782,0.003504132,0.002469634,0.005515324,1
warmup,44,44,scatter_recursive_doubling_allgather,0,2048,2097152,7.237200624,0.003533789,0.002386708,0.005352656,1
warmup,45,45,scatter_recursive_doubling_allgather,0,2048,2097152,7.152029818,0.003492202,0.002448217,0.005225877,1
warmup,46,46,scatter_recursive_doubling_allgather,0,2048,2097152,7.100696873,0.003467137,0.002361550,0.005388309,1
warmup,47,47,scatter_recursive_doubling_allgather,0,2048,2097152,7.190491046,0.003510982,0.002404085,0.005465313,1
warmup,48,48,scatter_recursive_doubling_allgather,0,2048,2097152,7.173750362,0.003502808,0.002398926,0.005353593,1
warmup,49,49,scatter_recursive_doubling_allgather,0,2048,2097152,7.191541484,0.003511495,0.002355193,0.005489753,1
actual,0,50,scatter_recursive_doubling_allgather,0,2048,2097152,7.185812889,0.003508698,0.002400604,0.005373336,1
actual,1,51,scatter_recursive_doubling_allgather,0,2048,2097152,7.115732588,0.003474479,0.002343446,0.005854435,1
actual,2,52,scatter_recursive_doubling_allgather,0,2048,2097152,7.117099413,0.003475146,0.002414383,0.005266875,1
actual,3,53,scatter_recursive_doubling_allgather,0,2048,2097152,7.142448156,0.003487524,0.002475154,0.005581420,1
actual,4,54,scatter_recursive_doubling_allgather,0,2048,2097152,7.235689325,0.003533051,0.002428822,0.005509637,1
actual,5,55,scatter_recursive_doubling_allgather,0,2048,2097152,7.163145521,0.003497630,0.002293219,0.005400310,1
actual,6,56,scatter_recursive_doubling_allgather,0,2048,2097152,7.099486190,0.003466546,0.002432240,0.005257759,1
actual,7,57,scatter_recursive_doubling_allgather,0,2048,2097152,7.199426610,0.003515345,0.002389730,0.005374436,1
actual,8,58,scatter_recursive_doubling_allgather,0,2048,2097152,7.140536345,0.003486590,0.002319828,0.005301881,1
actual,9,59,scatter_recursive_doubling_allgather,0,2048,2097152,7.249896819,0.003539989,0.002350085,0.006022812,1
actual,10,60,scatter_recursive_doubling_allgather,0,2048,2097152,7.188012031,0.003509771,0.002339293,0.005503896,1
actual,11,61,scatter_recursive_doubling_allgather,0,2048,2097152,7.145514493,0.003489021,0.002471141,0.005451342,1
actual,12,62,scatter_recursive_doubling_allgather,0,2048,2097152,7.077947074,0.003456029,0.002405999,0.005436433,1
actual,13,63,scatter_recursive_doubling_allgather,0,2048,2097152,7.273849468,0.003551684,0.002412714,0.005587733,1
actual,14,64,scatter_recursive_doubling_allgather,0,2048,2097152,7.108202833,0.003470802,0.002405534,0.005370109,1
actual,15,65,scatter_recursive_doubling_allgather,0,2048,2097152,7.205744724,0.003518430,0.002435855,0.005538172,1
actual,16,66,scatter_recursive_doubling_allgather,0,2048,2097152,7.139678763,0.003486171,0.002410710,0.005259271,1
actual,17,67,scatter_recursive_doubling_allgather,0,2048,2097152,7.193269209,0.003512338,0.002384346,0.005430118,1
actual,18,68,scatter_recursive_doubling_allgather,0,2048,2097152,7.154146717,0.003493236,0.002251767,0.005441134,1
actual,19,69,scatter_recursive_doubling_allgather,0,2048,2097152,7.185192246,0.003508395,0.002387234,0.005403330,1
actual,20,70,scatter_recursive_doubling_allgather,0,2048,2097152,7.169771136,0.003500865,0.002370513,0.005361438,1
actual,21,71,scatter_recursive_doubling_allgather,0,2048,2097152,7.146698998,0.003489599,0.002391350,0.005212131,1
actual,22,72,scatter_recursive_doubling_allgather,0,2048,2097152,7.183710117,0.003507671,0.002441602,0.005393339,1
actual,23,73,scatter_recursive_doubling_allgather,0,2048,2097152,7.256064939,0.003543000,0.002380412,0.005373140,1
actual,24,74,scatter_recursive_doubling_allgather,0,2048,2097152,7.194222458,0.003512804,0.002390542,0.005222873,1
actual,25,75,scatter_recursive_doubling_allgather,0,2048,2097152,7.131391010,0.003482125,0.002321875,0.005332357,1
actual,26,76,scatter_recursive_doubling_allgather,0,2048,2097152,7.161029960,0.003496597,0.002447020,0.005252930,1
actual,27,77,scatter_recursive_doubling_allgather,0,2048,2097152,7.148774702,0.003490613,0.002381504,0.005434897,1
actual,28,78,scatter_recursive_doubling_allgather,0,2048,2097152,7.177986793,0.003504876,0.002317769,0.005265283,1
actual,29,79,scatter_recursive_doubling_allgather,0,2048,2097152,7.165603670,0.003498830,0.002329337,0.005422507,1
actual,30,80,scatter_recursive_doubling_allgather,0,2048,2097152,7.209832416,0.003520426,0.002366305,0.005352077,1
actual,31,81,scatter_recursive_doubling_allgather,0,2048,2097152,7.218813811,0.003524811,0.002413388,0.005354708,1
actual,32,82,scatter_recursive_doubling_allgather,0,2048,2097152,7.206694640,0.003518894,0.002421489,0.005317730,1
actual,33,83,scatter_recursive_doubling_allgather,0,2048,2097152,7.214843826,0.003522873,0.002380828,0.005561790,1
actual,34,84,scatter_recursive_doubling_allgather,0,2048,2097152,7.147062179,0.003489776,0.002278491,0.005522626,1
actual,35,85,scatter_recursive_doubling_allgather,0,2048,2097152,7.165179997,0.003498623,0.002328184,0.005392924,1
actual,36,86,scatter_recursive_doubling_allgather,0,2048,2097152,7.170093687,0.003501022,0.002423320,0.005303830,1
actual,37,87,scatter_recursive_doubling_allgather,0,2048,2097152,7.204040707,0.003517598,0.002431986,0.005283674,1
actual,38,88,scatter_recursive_doubling_allgather,0,2048,2097152,7.099379657,0.003466494,0.002300775,0.005274358,1
actual,39,89,scatter_recursive_doubling_allgather,0,2048,2097152,7.205434880,0.003518279,0.002350064,0.005312020,1
actual,40,90,scatter_recursive_doubling_allgather,0,2048,2097152,7.240224982,0.003535266,0.002326470,0.005498620,1
actual,41,91,scatter_recursive_doubling_allgather,0,2048,2097152,7.161574385,0.003496862,0.002323675,0.005678724,1
actual,42,92,scatter_recursive_doubling_allgather,0,2048,2097152,7.262104761,0.003545950,0.002387946,0.005564249,1
actual,43,93,scatter_recursive_doubling_allgather,0,2048,2097152,7.240090637,0.003535201,0.002339555,0.005353585,1
actual,44,94,scatter_recursive_doubling_allgather,0,2048,2097152,7.258867914,0.003544369,0.002347980,0.005595135,1
actual,45,95,scatter_recursive_doubling_allgather,0,2048,2097152,7.189207165,0.003510355,0.002367978,0.005369148,1
actual,46,96,scatter_recursive_doubling_allgather,0,2048,2097152,7.188918764,0.003510214,0.002316552,0.005291687,1
actual,47,97,scatter_recursive_doubling_allgather,0,2048,2097152,7.188341599,0.003509932,0.002398458,0.005398952,1
actual,48,98,scatter_recursive_doubling_allgather,0,2048,2097152,7.183238868,0.003507441,0.002349379,0.005551155,1
actual,49,99,scatter_recursive_doubling_allgather,0,2048,2097152,7.181458467,0.003506572,0.002401572,0.005312281,1
warmup,0,0,scatter_recursive_doubling_allgather,0,2048,3145728,10.487897374,0.005121044,0.003443905,0.008388308,1
warmup,1,1,scatter_recursive_doubling_allgather,0,2048,3145728,10.329822185,0.005043858,0.003405234,0.008340289,1
warmup,2,2,scatter_recursive_doubling_allgather,0,2048,3145728,10.250826173,0.005005286,0.003423276,0.008549499,1
warmup,3,3,scatter_recursive_doubling_allgather,0,2048,3145728,10.222680734,0.004991543,0.003341701,0.008340686,1
warmup,4,4,scatter_recursive_doubling_allgather,0,2048,3145728,10.115385769,0.004939153,0.003273564,0.008434739,1
warmup,5,5,scatter_recursive_doubling_allgather,0,2048,3145728,10.095697383,0.004929540,0.003293643,0.009034755,1
warmup,6,6,scatter_recursive_doubling_allgather,0,2048,3145728,10.181671782,0.004971519,0.003149151,0.007833004,1
warmup,7,7,scatter_recursive_doubling_allgather,0,2048,3145728,10.137710119,0.004950054,0.003406416,0.007816436,1
warmup,8,8,scatter_recursive_doubling_allgather,0,2048,3145728,10.175178624,0.004968349,0.003333070,0.008314864,1
warmup,9,9,scatter_recursive_doubling_allgather,0,2048,3145728,9.972121099,0.004869200,0.003290842,0.007901190,1
warmup,10,10,scatter_recursive_doubling_allgather,0,2048,3145728,10.054805053,0.004909573,0.003246923,0.008021840,1
warmup,11,11,scatter_recursive_doubling_allgather,0,2048,3145728,10.060258375,0.004912236,0.003263741,0.008567904,1
warmup,12,12,scatter_recursive_doubling_allgather,0,2048,3145728,9.995959610,0.004880840,0.003275319,0.008136596,1
warmup,13,13,scatter_recursive_doubling_allgather,0,2048,3145728,9.972096301,0.004869188,0.003226046,0.007916270,1
warmup,14,14,scatter_recursive_doubling_allgather,0,2048,3145728,10.181427934,0.004971400,0.003377067,0.008058485,1
warmup,15,15,scatter_recursive_doubling_allgather,0,2048,3145728,9.995520521,0.004880625,0.003144664,0.007908734,1
warmup,16,16,scatter_recursive_doubling_allgather,0,2048,3145728,10.040571315,0.004902623,0.003318073,0.007774656,1
warmup,17,17,scatter_recursive_doubling_allgather,0,2048,3145728,9.973494255,0.004869870,0.003136457,0.007752761,1
warmup,18,18,scatter_recursive_doubling_allgather,0,2048,3145728,10.029790668,0.004897359,0.003256566,0.007748577,1
warmup,19,19,scatter_recursive_doubling_allgather,0,2048,3145728,10.083750182,0.004923706,0.003285087,0.007691087,1
warmup,20,20,scatter_recursive_doubling_allgather,0,2048,3145728,10.119584403,0.004941203,0.003372261,0.008098770,1
warmup,21,21,scatter_recursive_doubling_allgather,0,2048,3145728,10.046611747,0.004905572,0.003137143,0.008211912,1
warmup,22,22,scatter_recursive_doubling_allgather,0,2048,3145728,10.042071245,0.004903355,0.003319335,0.008257622,1
warmup,23,23,scatter_recursive_doubling_allgather,0,2048,3145728,10.022262076,0.004893683,0.003411935,0.008194030,1
warmup,24,24,scatter_recursive_doubling_allgather,0,2048,3145728,10.036643886,0.004900705,0.003219481,0.007489692,1
warmup,25,25,scatter_recursive_doubling_allgather,0,2048,3145728,9.955022331,0.004860851,0.003166417,0.007568323,1
warmup,26,26,scatter_recursive_doubling_allgather,0,2048,3145728,10.163412631,0.004962604,0.003129955,0.007613160,1
warmup,27,27,scatter_recursive_doubling_allgather,0,2048,3145728,10.060766403,0.004912484,0.003163445,0.007760181,1
warmup,28,28,scatter_recursive_doubling_allgather,0,2048,3145728,9.966829091,0.004866616,0.003021579,0.008030478,1
warmup,29,29,scatter_recursive_doubling_allgather,0,2048,3145728,10.084074706,0.004923865,0.003159971,0.007845065,1
warmup,30,30,scatter_recursive_doubling_allgather,0,2048,3145728,10.029922114,0.004897423,0.003304070,0.007449170,1
warmup,31,31,scatter_recursive_doubling_allgather,0,2048,3145728,9.992125887,0.004878968,0.003163299,0.007624601,1
warmup,32,32,scatter_recursive_doubling_allgather,0,2048,3145728,10.108395502,0.004935740,0.003274824,0.007817405,1
warmup,33,33,scatter_recursive_doubling_allgather,0,2048,3145728,10.078624203,0.004921203,0.003311957,0.007675896,1
warmup,34,34,scatter_recursive_doubling_allgather,0,2048,3145728,10.026585801,0.004895794,0.003324344,0.007552505,1
warmup,35,35,scatter_recursive_doubling_allgather,0,2048,3145728,10.075633454,0.004919743,0.003324762,0.008033658,1
warmup,36,36,scatter_recursive_doubling_allgather,0,2048,3145728,9.939654375,0.004853347,0.003286199,0.007458692,1
warmup,37,37,scatter_recursive_doubling_allgather,0,2048,3145728,10.118674721,0.004940759,0.003305315,0.007743844,1
warmup,38,38,scatter_recursive_doubling_allgather,0,2048,3145728,10.020059963,0.004892607,0.003261533,0.007749568,1
warmup,39,39,scatter_recursive_doubling_allgather,0,2048,3145728,10.085421322,0.004924522,0.003155614,0.007533165,1
warmup,40,40,scatter_recursive_doubling_allgather,0,2048,3145728,10.044648413,0.004904613,0.003265935,0.007745741,1
warmup,41,41,scatter_recursive_doubling_allgather,0,2048,3145728,10.118188332,0.004940522,0.003305049,0.007672272,1
warmup,42,42,scatter_recursive_doubling_allgather,0,2048,3145728,10.086152205,0.004924879,0.003323611,0.007602949,1
warmup,43,43,scatter_recursive_doubling_allgather,0,2048,3145728,10.056355554,0.004910330,0.003348603,0.007612581,1
warmup,44,44,scatter_recursive_doubling_allgather,0,2048,3145728,10.034574606,0.004899695,0.003227732,0.007545596,1
warmup,45,45,scatter_recursive_doubling_allgather,0,2048,3145728,10.031810466,0.004898345,0.003299840,0.007990572,1
warmup,46,46,scatter_recursive_doubling_allgather,0,2048,3145728,9.987644674,0.004876780,0.003317162,0.008181873,1
warmup,47,47,scatter_recursive_doubling_allgather,0,2048,3145728,10.122618567,0.004942685,0.003223471,0.009293948,1
warmup,48,48,scatter_recursive_doubling_allgather,0,2048,3145728,10.146277766,0.004954237,0.003170199,0.009528548,1
warmup,49,49,scatter_recursive_doubling_allgather,0,2048,3145728,10.055622914,0.004909972,0.003184276,0.009591295,1
actual,0,50,scatter_recursive_doubling_allgather,0,2048,3145728,9.962229175,0.004864370,0.003259153,0.009150509,1
actual,1,51,scatter_recursive_doubling_allgather,0,2048,3145728,10.121119717,0.004941953,0.003318816,0.008781025,1
actual,2,52,scatter_recursive_doubling_allgather,0,2048,3145728,9.931580995,0.004849405,0.003304857,0.008235656,1
actual,3,53,scatter_recursive_doubling_allgather,0,2048,3145728,10.007203817,0.004886330,0.003313069,0.008481958,1
actual,4,54,scatter_recursive_doubling_allgather,0,2048,3145728,10.027382536,0.004896183,0.003178804,0.008256565,1
actual,5,55,scatter_recursive_doubling_allgather,0,2048,3145728,9.917985064,0.004842766,0.003186493,0.007801143,1
actual,6,56,scatter_recursive_doubling_allgather,0,2048,3145728,10.051431739,0.004907926,0.003278943,0.007923201,1
actual,7,57,scatter_recursive_doubling_allgather,0,2048,3145728,10.063289379,0.004913716,0.003259780,0.008140579,1
actual,8,58,scatter_recursive_doubling_allgather,0,2048,3145728,10.088085630,0.004925823,0.003137116,0.007676029,1
actual,9,59,scatter_recursive_doubling_allgather,0,2048,3145728,9.929330257,0.004848306,0.003178966,0.007756631,1
actual,10,60,scatter_recursive_doubling_allgather,0,2048,3145728,10.055719154,0.004910019,0.003295521,0.007469667,1
actual,11,61,scatter_recursive_doubling_allgather,0,2048,3145728,10.131436183,0.004946990,0.003082773,0.007574847,1
actual,12,62,scatter_recursive_doubling_allgather,0,2048,3145728,10.008663467,0.004887043,0.003271789,0.007502363,1
actual,13,63,scatter_recursive_doubling_allgather,0,2048,3145728,10.077534181,0.004920671,0.003118625,0.007470448,1
actual,14,64,scatter_recursive_doubling_allgather,0,2048,3145728,10.061192479,0.004912692,0.003293694,0.007513078,1
actual,15,65,scatter_recursive_doubling_allgather,0,2048,3145728,10.058637186,0.004911444,0.003334145,0.007590632,1
actual,16,66,scatter_recursive_doubling_allgather,0,2048,3145728,10.083999632,0.004923828,0.003182496,0.007729995,1
actual,17,67,scatter_recursive_doubling_allgather,0,2048,3145728,9.950177705,0.004858485,0.003215284,0.007710824,1
actual,18,68,scatter_recursive_doubling_allgather,0,2048,3145728,10.412665090,0.005084309,0.003557719,0.008038115,1
actual,19,69,scatter_recursive_doubling_allgather,0,2048,3145728,10.121285905,0.004942034,0.003197421,0.007696828,1
actual,20,70,scatter_recursive_doubling_allgather,0,2048,3145728,9.954088131,0.004860395,0.003222313,0.007539300,1
actual,21,71,scatter_recursive_doubling_allgather,0,2048,3145728,10.071259854,0.004917607,0.003274591,0.007984282,1
actual,22,72,scatter_recursive_doubling_allgather,0,2048,3145728,9.990058047,0.004877958,0.003142721,0.008158198,1
actual,23,73,scatter_recursive_doubling_allgather,0,2048,3145728,10.085393649,0.004924509,0.003323358,0.007569900,1
actual,24,74,scatter_recursive_doubling_allgather,0,2048,3145728,10.058315336,0.004911287,0.003353294,0.007524014,1
actual,25,75,scatter_recursive_doubling_allgather,0,2048,3145728,9.982410369,0.004874224,0.003262589,0.007548801,1
actual,26,76,scatter_recursive_doubling_allgather,0,2048,3145728,10.105179925,0.004934170,0.003296148,0.007694032,1
actual,27,77,scatter_recursive_doubling_allgather,0,2048,3145728,10.081071228,0.004922398,0.003297210,0.007682567,1
actual,28,78,scatter_recursive_doubling_allgather,0,2048,3145728,10.024218562,0.004894638,0.003186330,0.007397518,1
actual,29,79,scatter_recursive_doubling_allgather,0,2048,3145728,10.056104085,0.004910207,0.003224592,0.007843011,1
actual,30,80,scatter_recursive_doubling_allgather,0,2048,3145728,10.057583955,0.004910930,0.003345481,0.007824985,1
actual,31,81,scatter_recursive_doubling_allgather,0,2048,3145728,9.974699802,0.004870459,0.003352738,0.008024461,1
actual,32,82,scatter_recursive_doubling_allgather,0,2048,3145728,10.053690823,0.004909029,0.003292910,0.007401422,1
actual,33,83,scatter_recursive_doubling_allgather,0,2048,3145728,9.968178488,0.004867275,0.003302547,0.007510093,1
actual,34,84,scatter_recursive_doubling_allgather,0,2048,3145728,10.052523489,0.004908459,0.003346392,0.007715978,1
actual,35,85,scatter_recursive_doubling_allgather,0,2048,3145728,10.049046449,0.004906761,0.003153841,0.007511698,1
actual,36,86,scatter_recursive_doubling_allgather,0,2048,3145728,10.104805857,0.004933987,0.003162724,0.008361763,1
actual,37,87,scatter_recursive_doubling_allgather,0,2048,3145728,9.978551145,0.004872339,0.003175690,0.007499976,1
actual,38,88,scatter_recursive_doubling_allgather,0,2048,3145728,10.036536951,0.004900653,0.003188703,0.007451476,1
actual,39,89,scatter_recursive_doubling_allgather,0,2048,3145728,9.948792141,0.004857809,0.003288377,0.007641582,1
actual,40,90,scatter_recursive_doubling_allgather,0,2048,3145728,10.071975966,0.004917957,0.003238139,0.007667955,1
actual,41,91,scatter_recursive_doubling_allgather,0,2048,3145728,10.031687642,0.004898285,0.003252687,0.007535054,1
actual,42,92,scatter_recursive_doubling_allgather,0,2048,3145728,10.018290930,0.004891744,0.003368368,0.007571427,1
actual,43,93,scatter_recursive_doubling_allgather,0,2048,3145728,10.124812297,0.004943756,0.003345745,0.007891934,1
actual,44,94,scatter_recursive_doubling_allgather,0,2048,3145728,10.043879560,0.004904238,0.003339260,0.007796305,1
actual,45,95,scatter_recursive_doubling_allgather,0,2048,3145728,10.029323422,0.004897131,0.003159908,0.007539581,1
actual,46,96,scatter_recursive_doubling_allgather,0,2048,3145728,10.034439346,0.004899629,0.003056805,0.007479949,1
actual,47,97,scatter_recursive_doubling_allgather,0,2048,3145728,10.002529638,0.004884048,0.003360300,0.007622386,1
actual,48,98,scatter_recursive_doubling_allgather,0,2048,3145728,10.090667271,0.004927084,0.003168234,0.007747471,1
actual,49,99,scatter_recursive_doubling_allgather,0,2048,3145728,10.020830877,0.004892984,0.003292279,0.008074347,1
warmup,0,0,scatter_recursive_doubling_allgather,0,2048,4194304,13.532682256,0.006607755,0.004217214,0.010989046,1
warmup,1,1,scatter_recursive_doubling_allgather,0,2048,4194304,13.218670238,0.006454429,0.004346994,0.010611814,1
warmup,2,2,scatter_recursive_doubling_allgather,0,2048,4194304,13.200325332,0.006445471,0.004074383,0.010703347,1
warmup,3,3,scatter_recursive_doubling_allgather,0,2048,4194304,13.051283508,0.006372697,0.004029074,0.010066755,1
warmup,4,4,scatter_recursive_doubling_allgather,0,2048,4194304,13.056543493,0.006375265,0.004099604,0.010119961,1
warmup,5,5,scatter_recursive_doubling_allgather,0,2048,4194304,13.047625142,0.006370911,0.004215016,0.010257900,1
warmup,6,6,scatter_recursive_doubling_allgather,0,2048,4194304,13.128483294,0.006410392,0.004168746,0.010921799,1
warmup,7,7,scatter_recursive_doubling_allgather,0,2048,4194304,13.065992943,0.006379879,0.004262846,0.010333139,1
warmup,8,8,scatter_recursive_doubling_allgather,0,2048,4194304,12.956617902,0.006326474,0.004278156,0.009631074,1
warmup,9,9,scatter_recursive_doubling_allgather,0,2048,4194304,12.982635366,0.006339177,0.004048625,0.010226070,1
warmup,10,10,scatter_recursive_doubling_allgather,0,2048,4194304,13.007157397,0.006351151,0.004293297,0.010138758,1
warmup,11,11,scatter_recursive_doubling_allgather,0,2048,4194304,13.004587434,0.006349896,0.004201628,0.009834763,1
warmup,12,12,scatter_recursive_doubling_allgather,0,2048,4194304,13.077046518,0.006385277,0.004315846,0.010100968,1
warmup,13,13,scatter_recursive_doubling_allgather,0,2048,4194304,12.854510152,0.006276616,0.004113080,0.010183223,1
warmup,14,14,scatter_recursive_doubling_allgather,0,2048,4194304,12.973126138,0.006334534,0.004144557,0.010001138,1
warmup,15,15,scatter_recursive_doubling_allgather,0,2048,4194304,12.974344505,0.006335129,0.004164729,0.009925222,1
warmup,16,16,scatter_recursive_doubling_allgather,0,2048,4194304,12.924810132,0.006310942,0.004240639,0.009895672,1
warmup,17,17,scatter_recursive_doubling_allgather,0,2048,4194304,13.146454069,0.006419167,0.003830261,0.010319975,1
warmup,18,18,scatter_recursive_doubling_allgather,0,2048,4194304,13.058395919,0.006376170,0.004078782,0.010867841,1
warmup,19,19,scatter_recursive_doubling_allgather,0,2048,4194304,13.132295205,0.006412254,0.004252397,0.009916994,1
warmup,20,20,scatter_recursive_doubling_allgather,0,2048,4194304,12.959399148,0.006327832,0.004102300,0.010176219,1
warmup,21,21,scatter_recursive_doubling_allgather,0,2048,4194304,13.090490407,0.006391841,0.004277890,0.009948913,1
warmup,22,22,scatter_recursive_doubling_allgather,0,2048,4194304,12.975451361,0.006335670,0.004279703,0.009979849,1
warmup,23,23,scatter_recursive_doubling_allgather,0,2048,4194304,12.861320704,0.006279942,0.004294519,0.011041173,1
warmup,24,24,scatter_recursive_doubling_allgather,0,2048,4194304,13.083575055,0.006388464,0.004268240,0.010005898,1
warmup,25,25,scatter_recursive_doubling_allgather,0,2048,4194304,13.042365147,0.006368342,0.003913099,0.009859223,1
warmup,26,26,scatter_recursive_doubling_allgather,0,2048,4194304,12.984289766,0.006339985,0.004142213,0.009785705,1
warmup,27,27,scatter_recursive_doubling_allgather,0,2048,4194304,13.068851402,0.006381275,0.004260391,0.009951099,1
warmup,28,28,scatter_recursive_doubling_allgather,0,2048,4194304,13.102578714,0.006397744,0.004200345,0.010430762,1
warmup,29,29,scatter_recursive_doubling_allgather,0,2048,4194304,13.055086000,0.006374554,0.004217126,0.009961696,1
warmup,30,30,scatter_recursive_doubling_allgather,0,2048,4194304,13.000804411,0.006348049,0.004248304,0.010948224,1
warmup,31,31,scatter_recursive_doubling_allgather,0,2048,4194304,13.078424317,0.006385949,0.004019416,0.010277161,1
warmup,32,32,scatter_recursive_doubling_allgather,0,2048,4194304,13.089310317,0.006391265,0.004270422,0.010151542,1
warmup,33,33,scatter_recursive_doubling_allgather,0,2048,4194304,13.190231829,0.006440543,0.004212949,0.010315127,1
warmup,34,34,scatter_recursive_doubling_allgather,0,2048,4194304,13.039126532,0.006366761,0.004253210,0.009957253,1
warmup,35,35,scatter_recursive_doubling_allgather,0,2048,4194304,13.041207965,0.006367777,0.004149897,0.009689709,1
warmup,36,36,scatter_recursive_doubling_allgather,0,2048,4194304,13.031536379,0.006363055,0.004186661,0.009833129,1
warmup,37,37,scatter_recursive_doubling_allgather,0,2048,4194304,12.925380257,0.006311221,0.004375326,0.010073225,1
warmup,38,38,scatter_recursive_doubling_allgather,0,2048,4194304,12.900259712,0.006298955,0.004101964,0.010501015,1
warmup,39,39,scatter_recursive_doubling_allgather,0,2048,4194304,13.049134439,0.006371648,0.003984110,0.010513986,1
warmup,40,40,scatter_recursive_doubling_allgather,0,2048,4194304,13.107294581,0.006400046,0.004195329,0.009952388,1
warmup,41,41,scatter_recursive_doubling_allgather,0,2048,4194304,13.148137257,0.006419989,0.004072624,0.010250449,1
warmup,42,42,scatter_recursive_doubling_allgather,0,2048,4194304,13.007215664,0.006351180,0.004098692,0.009875593,1
warmup,43,43,scatter_recursive_doubling_allgather,0,2048,4194304,13.123642898,0.006408029,0.004245868,0.010004346,1
warmup,44,44,scatter_recursive_doubling_allgather,0,2048,4194304,12.981999795,0.006338867,0.004074406,0.009941137,1
warmup,45,45,scatter_recursive_doubling_allgather,0,2048,4194304,13.067558448,0.006380644,0.004083066,0.010025974,1
warmup,46,46,scatter_recursive_doubling_allgather,0,2048,4194304,13.018334459,0.006356609,0.004011854,0.015014923,1
warmup,47,47,scatter_recursive_doubling_allgather,0,2048,4194304,12.908717681,0.006303085,0.004254634,0.009900079,1
warmup,48,48,scatter_recursive_doubling_allgather,0,2048,4194304,13.035632932,0.006365055,0.004232740,0.010781852,1
warmup,49,49,scatter_recursive_doubling_allgather,0,2048,4194304,12.973955833,0.006334939,0.004091987,0.009883900,1
actual,0,50,scatter_recursive_doubling_allgather,0,2048,4194304,13.018953448,0.006356911,0.004284340,0.010717542,1
actual,1,51,scatter_recursive_doubling_allgather,0,2048,4194304,13.124513178,0.006408454,0.004122771,0.010601634,1
actual,2,52,scatter_recursive_doubling_allgather,0,2048,4194304,13.009287403,0.006352191,0.004160491,0.009936579,1
actual,3,53,scatter_recursive_doubling_allgather,0,2048,4194304,13.075607496,0.006384574,0.004212253,0.009885322,1
actual,4,54,scatter_recursive_doubling_allgather,0,2048,4194304,13.085865942,0.006389583,0.004328766,0.009802396,1
actual,5,55,scatter_recursive_doubling_allgather,0,2048,4194304,13.110052098,0.006401393,0.004356703,0.010268704,1
actual,6,56,scatter_recursive_doubling_allgather,0,2048,4194304,13.043270176,0.006368784,0.004243125,0.009757628,1
actual,7,57,scatter_recursive_doubling_allgather,0,2048,4194304,13.175325056,0.006433264,0.004184540,0.009835473,1
actual,8,58,scatter_recursive_doubling_allgather,0,2048,4194304,13.062947902,0.006378393,0.004201184,0.009978688,1
actual,9,59,scatter_recursive_doubling_allgather,0,2048,4194304,13.108719933,0.006400742,0.004369862,0.009873086,1
actual,10,60,scatter_recursive_doubling_allgather,0,2048,4194304,12.960957605,0.006328593,0.004042172,0.010582857,1
actual,11,61,scatter_recursive_doubling_allgather,0,2048,4194304,13.042790472,0.006368550,0.004039036,0.009938622,1
actual,12,62,scatter_recursive_doubling_allgather,0,2048,4194304,13.034040379,0.006364278,0.004216548,0.009665910,1
actual,13,63,scatter_recursive_doubling_allgather,0,2048,4194304,13.014367296,0.006354672,0.004278390,0.009948050,1
actual,14,64,scatter_recursive_doubling_allgather,0,2048,4194304,13.088680171,0.006390957,0.004169691,0.009755002,1
actual,15,65,scatter_recursive_doubling_allgather,0,2048,4194304,12.950389369,0.006323432,0.004165182,0.009814549,1
actual,16,66,scatter_recursive_doubling_allgather,0,2048,4194304,13.126841068,0.006409590,0.003968454,0.009975001,1
actual,17,67,scatter_recursive_doubling_allgather,0,2048,4194304,12.982216088,0.006338973,0.004213635,0.010360383,1
actual,18,68,scatter_recursive_doubling_allgather,0,2048,4194304,13.006910852,0.006351031,0.004123358,0.010016246,1
actual,19,69,scatter_recursive_doubling_allgather,0,2048,4194304,12.970489889,0.006333247,0.003953545,0.010887015,1
actual,20,70,scatter_recursive_doubling_allgather,0,2048,4194304,12.890105045,0.006293997,0.004155636,0.009925327,1
actual,21,71,scatter_recursive_doubling_allgather,0,2048,4194304,12.901696046,0.006299656,0.004213709,0.009900841,1
actual,22,72,scatter_recursive_doubling_allgather,0,2048,4194304,13.019071454,0.006356968,0.004145285,0.009876265,1
actual,23,73,scatter_recursive_doubling_allgather,0,2048,4194304,13.167165701,0.006429280,0.004211598,0.010129622,1
actual,24,74,scatter_recursive_doubling_allgather,0,2048,4194304,13.054385925,0.006374212,0.004275433,0.010559249,1
actual,25,75,scatter_recursive_doubling_allgather,0,2048,4194304,12.924011614,0.006310553,0.004328900,0.009878078,1
actual,26,76,scatter_recursive_doubling_allgather,0,2048,4194304,13.063836184,0.006378826,0.003947559,0.010058769,1
actual,27,77,scatter_recursive_doubling_allgather,0,2048,4194304,12.852351871,0.006275562,0.004043847,0.009651099,1
actual,28,78,scatter_recursive_doubling_allgather,0,2048,4194304,13.017431099,0.006356168,0.004071251,0.010473133,1
actual,29,79,scatter_recursive_doubling_allgather,0,2048,4194304,12.943406704,0.006320023,0.004165030,0.010962502,1
actual,30,80,scatter_recursive_doubling_allgather,0,2048,4194304,13.076154501,0.006384841,0.003752336,0.010350834,1
actual,31,81,scatter_recursive_doubling_allgather,0,2048,4194304,13.018528396,0.006356703,0.003982985,0.009854932,1
actual,32,82,scatter_recursive_doubling_allgather,0,2048,4194304,12.916976281,0.006307117,0.004157380,0.009767640,1
actual,33,83,scatter_recursive_doubling_allgather,0,2048,4194304,12.972136275,0.006334051,0.004243932,0.009798924,1
actual,34,84,scatter_recursive_doubling_allgather,0,2048,4194304,13.092823075,0.006392980,0.004248255,0.009972234,1
actual,35,85,scatter_recursive_doubling_allgather,0,2048,4194304,13.068064610,0.006380891,0.004289991,0.009950876,1
actual,36,86,scatter_recursive_doubling_allgather,0,2048,4194304,12.960983059,0.006328605,0.003891635,0.010188415,1
actual,37,87,scatter_recursive_doubling_allgather,0,2048,4194304,13.021570121,0.006358189,0.004113245,0.009858065,1
actual,38,88,scatter_recursive_doubling_allgather,0,2048,4194304,12.997344541,0.006346360,0.004369600,0.009740449,1
actual,39,89,scatter_recursive_doubling_allgather,0,2048,4194304,12.976777493,0.006336317,0.004059392,0.010124659,1
actual,40,90,scatter_recursive_doubling_allgather,0,2048,4194304,13.043478065,0.006368886,0.003999512,0.010797612,1
actual,41,91,scatter_recursive_doubling_allgather,0,2048,4194304,13.149773273,0.006420788,0.004290796,0.010137575,1
actual,42,92,scatter_recursive_doubling_allgather,0,2048,4194304,13.065164118,0.006379475,0.004119303,0.010358318,1
actual,43,93,scatter_recursive_doubling_allgather,0,2048,4194304,12.831979502,0.006265615,0.004287008,0.009671576,1
actual,44,94,scatter_recursive_doubling_allgather,0,2048,4194304,12.900365660,0.006299007,0.004103701,0.009673804,1
actual,45,95,scatter_recursive_doubling_allgather,0,2048,4194304,13.029680973,0.006362149,0.004051912,0.009962026,1
actual,46,96,scatter_recursive_doubling_allgather,0,2048,4194304,12.885785462,0.006291887,0.004190567,0.009698993,1
actual,47,97,scatter_recursive_doubling_allgather,0,2048,4194304,13.167351705,0.006429371,0.004300998,0.010235940,1
actual,48,98,scatter_recursive_doubling_allgather,0,2048,4194304,12.999024678,0.006347180,0.004201832,0.009853331,1
actual,49,99,scatter_recursive_doubling_allgather,0,2048,4194304,12.972968535,0.006334457,0.004402185,0.009924310,1
warmup,0,0,scatter_recursive_doubling_allgather,0,2048,6291456,19.654499202,0.009596923,0.006044670,0.016071465,1
warmup,1,1,scatter_recursive_doubling_allgather,0,2048,6291456,19.450120511,0.009497129,0.006061775,0.015298649,1
warmup,2,2,scatter_recursive_doubling_allgather,0,2048,6291456,19.318375705,0.009432801,0.006424424,0.016494188,1
warmup,3,3,scatter_recursive_doubling_allgather,0,2048,6291456,19.117681797,0.009334806,0.005868035,0.014654734,1
warmup,4,4,scatter_recursive_doubling_allgather,0,2048,6291456,19.085351677,0.009319019,0.005931527,0.015187196,1
warmup,5,5,scatter_recursive_doubling_allgather,0,2048,6291456,19.198285094,0.009374163,0.006100628,0.014704262,1
warmup,6,6,scatter_recursive_doubling_allgather,0,2048,6291456,19.194974513,0.009372546,0.005851573,0.014808896,1
warmup,7,7,scatter_recursive_doubling_allgather,0,2048,6291456,19.265693975,0.009407077,0.006052734,0.015144900,1
warmup,8,8,scatter_recursive_doubling_allgather,0,2048,6291456,18.928073439,0.009242223,0.005797058,0.014369939,1
warmup,9,9,scatter_recursive_doubling_allgather,0,2048,6291456,19.049401571,0.009301466,0.006103903,0.014377538,1
warmup,10,10,scatter_recursive_doubling_allgather,0,2048,6291456,18.870465621,0.009214095,0.006175194,0.014377874,1
warmup,11,11,scatter_recursive_doubling_allgather,0,2048,6291456,19.073382113,0.009313175,0.006078124,0.014949682,1
warmup,12,12,scatter_recursive_doubling_allgather,0,2048,6291456,19.044300896,0.009298975,0.005867262,0.015263390,1
warmup,13,13,scatter_recursive_doubling_allgather,0,2048,6291456,19.075444329,0.009314182,0.005879112,0.015445805,1
warmup,14,14,scatter_recursive_doubling_allgather,0,2048,6291456,19.174398965,0.009362499,0.005958636,0.014694216,1
warmup,15,15,scatter_recursive_doubling_allgather,0,2048,6291456,19.001912696,0.009278278,0.006008953,0.014253096,1
warmup,16,16,scatter_recursive_doubling_allgather,0,2048,6291456,19.006565773,0.009280550,0.006105582,0.014937824,1
warmup,17,17,scatter_recursive_doubling_allgather,0,2048,6291456,19.256681612,0.009402677,0.006068173,0.014204434,1
warmup,18,18,scatter_recursive_doubling_allgather,0,2048,6291456,18.980235224,0.009267693,0.006024019,0.014316301,1
warmup,19,19,scatter_recursive_doubling_allgather,0,2048,6291456,19.101464078,0.009326887,0.005951435,0.014755380,1
warmup,20,20,scatter_recursive_doubling_allgather,0,2048,6291456,18.998544985,0.009276633,0.005946839,0.014667741,1
warmup,21,21,scatter_recursive_doubling_allgather,0,2048,6291456,19.188196369,0.009369237,0.006181524,0.015033869,1
warmup,22,22,scatter_recursive_doubling_allgather,0,2048,6291456,19.018958568,0.009286601,0.006239847,0.014701274,1
warmup,23,23,scatter_recursive_doubling_allgather,0,2048,6291456,19.076930310,0.009314907,0.006067188,0.014525096,1
warmup,24,24,scatter_recursive_doubling_allgather,0,2048,6291456,18.837684793,0.009198088,0.005756115,0.014067104,1
warmup,25,25,scatter_recursive_doubling_allgather,0,2048,6291456,18.992933125,0.009273893,0.005789264,0.015055593,1
warmup,26,26,scatter_recursive_doubling_allgather,0,2048,6291456,19.078708819,0.009315776,0.005986007,0.015197235,1
warmup,27,27,scatter_recursive_doubling_allgather,0,2048,6291456,18.985149211,0.009270092,0.005988624,0.015931764,1
warmup,28,28,scatter_recursive_doubling_allgather,0,2048,6291456,19.270461677,0.009409405,0.005764464,0.015843889,1
warmup,29,29,scatter_recursive_doubling_allgather,0,2048,6291456,19.148321231,0.009349766,0.005892434,0.014832652,1
warmup,30,30,scatter_recursive_doubling_allgather,0,2048,6291456,18.988386242,0.009271673,0.006130753,0.014533513,1
warmup,31,31,scatter_recursive_doubling_allgather,0,2048,6291456,18.898312008,0.009227691,0.005937566,0.014360580,1
warmup,32,32,scatter_recursive_doubling_allgather,0,2048,6291456,19.052702112,0.009303077,0.006230183,0.014296664,1
warmup,33,33,scatter_recursive_doubling_allgather,0,2048,6291456,19.025582001,0.009289835,0.005894949,0.015013330,1
warmup,34,34,scatter_recursive_doubling_allgather,0,2048,6291456,19.232157600,0.009390702,0.006276703,0.015084709,1
warmup,35,35,scatter_recursive_doubling_allgather,0,2048,6291456,19.079959180,0.009316386,0.005938884,0.015825414,1
warmup,36,36,scatter_recursive_doubling_allgather,0,2048,6291456,18.948034265,0.009251970,0.005838621,0.014518282,1
warmup,37,37,scatter_recursive_doubling_allgather,0,2048,6291456,19.084433793,0.009318571,0.006109655,0.014431751,1
warmup,38,38,scatter_recursive_doubling_allgather,0,2048,6291456,19.085334336,0.009319011,0.006201312,0.014410807,1
warmup,39,39,scatter_recursive_doubling_allgather,0,2048,6291456,19.250329682,0.009399575,0.006110762,0.023481601,1
warmup,40,40,scatter_recursive_doubling_allgather,0,2048,6291456,18.993071346,0.009273961,0.005879609,0.014148152,1
warmup,41,41,scatter_recursive_doubling_allgather,0,2048,6291456,18.961396253,0.009258494,0.006005910,0.014631894,1
warmup,42,42,scatter_recursive_doubling_allgather,0,2048,6291456,18.857437582,0.009207733,0.005937101,0.015322340,1
warmup,43,43,scatter_recursive_doubling_allgather,0,2048,6291456,19.052087967,0.009302777,0.005808263,0.014431605,1
warmup,44,44,scatter_recursive_doubling_allgather,0,2048,6291456,18.984086721,0.009269574,0.005928260,0.015420609,1
warmup,45,45,scatter_recursive_doubling_allgather,0,2048,6291456,18.786222494,0.009172960,0.005924116,0.014795919,1
warmup,46,46,scatter_recursive_doubling_allgather,0,2048,6291456,18.913294505,0.009235007,0.006010483,0.014711388,1
warmup,47,47,scatter_recursive_doubling_allgather,0,2048,6291456,18.989920064,0.009272422,0.005943981,0.014348359,1
warmup,48,48,scatter_recursive_doubling_allgather,0,2048,6291456,18.954205750,0.009254983,0.006160776,0.014725149,1
warmup,49,49,scatter_recursive_doubling_allgather,0,2048,6291456,19.232721938,0.009390978,0.006284716,0.014477267,1
actual,0,50,scatter_recursive_doubling_allgather,0,2048,6291456,19.037077008,0.009295448,0.006124781,0.014425885,1
actual,1,51,scatter_recursive_doubling_allgather,0,2048,6291456,18.929308791,0.009242827,0.006178158,0.014776566,1
actual,2,52,scatter_recursive_doubling_allgather,0,2048,6291456,18.926380602,0.009241397,0.006199798,0.014500326,1
actual,3,53,scatter_recursive_doubling_allgather,0,2048,6291456,19.128857527,0.009340262,0.006091245,0.014235924,1
actual,4,54,scatter_recursive_doubling_allgather,0,2048,6291456,19.038376035,0.009296082,0.006066513,0.014674303,1
actual,5,55,scatter_recursive_doubling_allgather,0,2048,6291456,18.954819090,0.009255283,0.006097930,0.014582263,1
actual,6,56,scatter_recursive_doubling_allgather,0,2048,6291456,19.152495133,0.009351804,0.005891489,0.014966151,1
actual,7,57,scatter_recursive_doubling_allgather,0,2048,6291456,19.072850954,0.009312916,0.006073297,0.014987003,1
actual,8,58,scatter_recursive_doubling_allgather,0,2048,6291456,18.960042058,0.009257833,0.005903658,0.014503179,1
actual,9,59,scatter_recursive_doubling_allgather,0,2048,6291456,18.969059961,0.009262236,0.005936349,0.014468677,1
actual,10,60,scatter_recursive_doubling_allgather,0,2048,6291456,19.197402153,0.009373732,0.005811671,0.014229263,1
actual,11,61,scatter_recursive_doubling_allgather,0,2048,6291456,18.837361920,0.009197931,0.005996900,0.014676650,1
actual,12,62,scatter_recursive_doubling_allgather,0,2048,6291456,19.058599988,0.009305957,0.005841345,0.014854071,1
actual,13,63,scatter_recursive_doubling_allgather,0,2048,6291456,19.061778922,0.009307509,0.006075740,0.014102418,1
actual,14,64,scatter_recursive_doubling_allgather,0,2048,6291456,19.035218518,0.009294540,0.006021198,0.014336960,1
actual,15,65,scatter_recursive_doubling_allgather,0,2048,6291456,18.944142634,0.009250070,0.006131741,0.014461123,1
actual,16,66,scatter_recursive_doubling_allgather,0,2048,6291456,19.135951924,0.009343727,0.005797008,0.014913364,1
actual,17,67,scatter_recursive_doubling_allgather,0,2048,6291456,19.016827301,0.009285560,0.005961474,0.015003382,1
actual,18,68,scatter_recursive_doubling_allgather,0,2048,6291456,18.815384782,0.009187200,0.005837280,0.014294303,1
actual,19,69,scatter_recursive_doubling_allgather,0,2048,6291456,18.835390484,0.009196968,0.005871482,0.014484021,1
actual,20,70,scatter_recursive_doubling_allgather,0,2048,6291456,18.948649743,0.009252270,0.005891175,0.014484566,1
actual,21,71,scatter_recursive_doubling_allgather,0,2048,6291456,18.986745876,0.009270872,0.006023312,0.014992811,1
actual,22,72,scatter_recursive_doubling_allgather,0,2048,6291456,18.810010840,0.009184576,0.006142444,0.014758151,1
actual,23,73,scatter_recursive_doubling_allgather,0,2048,6291456,18.980392917,0.009267770,0.006114680,0.014799718,1
actual,24,74,scatter_recursive_doubling_allgather,0,2048,6291456,19.048726613,0.009301136,0.006097959,0.014658283,1
actual,25,75,scatter_recursive_doubling_allgather,0,2048,6291456,19.251148967,0.009399975,0.005834043,0.014995498,1
actual,26,76,scatter_recursive_doubling_allgather,0,2048,6291456,18.876658409,0.009217118,0.005998633,0.014475350,1
actual,27,77,scatter_recursive_doubling_allgather,0,2048,6291456,19.075949305,0.009314428,0.005941977,0.014435331,1
actual,28,78,scatter_recursive_doubling_allgather,0,2048,6291456,19.032196766,0.009293065,0.006011588,0.014836167,1
actual,29,79,scatter_recursive_doubling_allgather,0,2048,6291456,19.014859411,0.009284599,0.005961426,0.014514951,1
actual,30,80,scatter_recursive_doubling_allgather,0,2048,6291456,19.134542120,0.009343038,0.006042119,0.014992076,1
actual,31,81,scatter_recursive_doubling_allgather,0,2048,6291456,18.988556413,0.009271756,0.006065764,0.014289891,1
actual,32,82,scatter_recursive_doubling_allgather,0,2048,6291456,18.993232948,0.009274040,0.006058183,0.014697249,1
actual,33,83,scatter_recursive_doubling_allgather,0,2048,6291456,18.906367166,0.009231625,0.006073409,0.014361399,1
actual,34,84,scatter_recursive_doubling_allgather,0,2048,6291456,19.080756452,0.009316776,0.006145823,0.014256005,1
actual,35,85,scatter_recursive_doubling_allgather,0,2048,6291456,18.987358704,0.009271171,0.006044477,0.014741559,1
actual,36,86,scatter_recursive_doubling_allgather,0,2048,6291456,19.068858766,0.009310966,0.005820344,0.014857679,1
actual,37,87,scatter_recursive_doubling_allgather,0,2048,6291456,19.104632382,0.009328434,0.006245966,0.014823954,1
actual,38,88,scatter_recursive_doubling_allgather,0,2048,6291456,19.117386681,0.009334661,0.006236342,0.014355694,1
actual,39,89,scatter_recursive_doubling_allgather,0,2048,6291456,19.172538101,0.009361591,0.006217896,0.014213482,1
actual,40,90,scatter_recursive_doubling_allgather,0,2048,6291456,18.994699549,0.009274756,0.005890402,0.014490273,1
actual,41,91,scatter_recursive_doubling_allgather,0,2048,6291456,19.145814828,0.009348542,0.005952764,0.014205708,1
actual,42,92,scatter_recursive_doubling_allgather,0,2048,6291456,18.841892319,0.009200143,0.005875665,0.014934782,1
actual,43,93,scatter_recursive_doubling_allgather,0,2048,6291456,18.970985274,0.009263176,0.005934824,0.014229638,1
actual,44,94,scatter_recursive_doubling_allgather,0,2048,6291456,18.984607165,0.009269828,0.005937528,0.015063979,1
actual,45,95,scatter_recursive_doubling_allgather,0,2048,6291456,18.990373601,0.009272643,0.006006301,0.014253289,1
actual,46,96,scatter_recursive_doubling_allgather,0,2048,6291456,18.811264613,0.009185188,0.005842137,0.014192639,1
actual,47,97,scatter_recursive_doubling_allgather,0,2048,6291456,19.105667964,0.009328939,0.006164987,0.014958917,1
actual,48,98,scatter_recursive_doubling_allgather,0,2048,6291456,19.063756283,0.009308475,0.006021416,0.014078449,1
actual,49,99,scatter_recursive_doubling_allgather,0,2048,6291456,19.175852262,0.009363209,0.005796372,0.016382697,1
warmup,0,0,scatter_recursive_doubling_allgather,0,2048,8388608,25.967357185,0.012679374,0.008208179,0.019573613,1
warmup,1,1,scatter_recursive_doubling_allgather,0,2048,8388608,26.103406570,0.012745804,0.008481767,0.021013916,1
warmup,2,2,scatter_recursive_doubling_allgather,0,2048,8388608,25.913652700,0.012653151,0.008452092,0.020503348,1
warmup,3,3,scatter_recursive_doubling_allgather,0,2048,8388608,25.632869230,0.012516049,0.008132173,0.020436894,1
warmup,4,4,scatter_recursive_doubling_allgather,0,2048,8388608,25.703662621,0.012550617,0.008170560,0.019944500,1
warmup,5,5,scatter_recursive_doubling_allgather,0,2048,8388608,25.842255146,0.012618289,0.008676319,0.019553628,1
warmup,6,6,scatter_recursive_doubling_allgather,0,2048,8388608,25.795992894,0.012595700,0.008244182,0.020091847,1
warmup,7,7,scatter_recursive_doubling_allgather,0,2048,8388608,25.617244198,0.012508420,0.007834943,0.019735729,1
warmup,8,8,scatter_recursive_doubling_allgather,0,2048,8388608,25.420474710,0.012412341,0.008156791,0.019079534,1
warmup,9,9,scatter_recursive_doubling_allgather,0,2048,8388608,25.770862365,0.012583429,0.008031112,0.019990585,1
warmup,10,10,scatter_recursive_doubling_allgather,0,2048,8388608,25.311069906,0.012358921,0.007942587,0.019099447,1
warmup,11,11,scatter_recursive_doubling_allgather,0,2048,8388608,25.475367601,0.012439144,0.007705134,0.019552818,1
warmup,12,12,scatter_recursive_doubling_allgather,0,2048,8388608,25.724998622,0.012561034,0.008171255,0.019533138,1
warmup,13,13,scatter_recursive_doubling_allgather,0,2048,8388608,25.453921496,0.012428673,0.008471743,0.019575188,1
warmup,14,14,scatter_recursive_doubling_allgather,0,2048,8388608,25.387411221,0.012396197,0.007831203,0.019265485,1
warmup,15,15,scatter_recursive_doubling_allgather,0,2048,8388608,25.386179421,0.012395595,0.007787276,0.019767297,1
warmup,16,16,scatter_recursive_doubling_allgather,0,2048,8388608,25.432262997,0.012418097,0.007952986,0.019677964,1
warmup,17,17,scatter_recursive_doubling_allgather,0,2048,8388608,25.485566858,0.012444124,0.008308640,0.019692214,1
warmup,18,18,scatter_recursive_doubling_allgather,0,2048,8388608,25.472529277,0.012437758,0.008192727,0.019437347,1
warmup,19,19,scatter_recursive_doubling_allgather,0,2048,8388608,25.503943656,0.012453097,0.008090952,0.020001111,1
warmup,20,20,scatter_recursive_doubling_allgather,0,2048,8388608,25.520958439,0.012461405,0.008273439,0.019966139,1
warmup,21,21,scatter_recursive_doubling_allgather,0,2048,8388608,25.599454250,0.012499734,0.007885678,0.019784434,1
warmup,22,22,scatter_recursive_doubling_allgather,0,2048,8388608,25.367717650,0.012386581,0.008296329,0.019562531,1
warmup,23,23,scatter_recursive_doubling_allgather,0,2048,8388608,25.365884270,0.012385686,0.007942063,0.019620149,1
warmup,24,24,scatter_recursive_doubling_allgather,0,2048,8388608,25.132696883,0.012271825,0.008261164,0.018909414,1
warmup,25,25,scatter_recursive_doubling_allgather,0,2048,8388608,25.480666943,0.012441732,0.008016903,0.019640300,1
warmup,26,26,scatter_recursive_doubling_allgather,0,2048,8388608,25.645566026,0.012522249,0.007933564,0.019916637,1
warmup,27,27,scatter_recursive_doubling_allgather,0,2048,8388608,25.355474749,0.012380603,0.007539829,0.018930470,1
warmup,28,28,scatter_recursive_doubling_allgather,0,2048,8388608,25.633308513,0.012516264,0.008291724,0.019731938,1
warmup,29,29,scatter_recursive_doubling_allgather,0,2048,8388608,25.386249181,0.012395629,0.008138794,0.018801607,1
warmup,30,30,scatter_recursive_doubling_allgather,0,2048,8388608,25.503968588,0.012453110,0.008495572,0.019914001,1
warmup,31,31,scatter_recursive_doubling_allgather,0,2048,8388608,25.392154475,0.012398513,0.008051088,0.019181136,1
warmup,32,32,scatter_recursive_doubling_allgather,0,2048,8388608,25.523201856,0.012462501,0.007978876,0.019680092,1
warmup,33,33,scatter_recursive_doubling_allgather,0,2048,8388608,25.417175850,0.012410730,0.007999267,0.019646961,1
warmup,34,34,scatter_recursive_doubling_allgather,0,2048,8388608,25.379531012,0.012392349,0.008157269,0.019514972,1
warmup,35,35,scatter_recursive_doubling_allgather,0,2048,8388608,25.340016414,0.012373055,0.007953206,0.019238837,1
warmup,36,36,scatter_recursive_doubling_allgather,0,2048,8388608,25.485598428,0.012444140,0.008202642,0.018902465,1
warmup,37,37,scatter_recursive_doubling_allgather,0,2048,8388608,25.328779576,0.012367568,0.008237510,0.019239955,1
warmup,38,38,scatter_recursive_doubling_allgather,0,2048,8388608,25.386464108,0.012395734,0.007999444,0.018880655,1
warmup,39,39,scatter_recursive_doubling_allgather,0,2048,8388608,25.327366408,0.012366878,0.008155406,0.019508440,1
warmup,40,40,scatter_recursive_doubling_allgather,0,2048,8388608,25.293473420,0.012350329,0.008487898,0.019214939,1
warmup,41,41,scatter_recursive_doubling_allgather,0,2048,8388608,25.528690473,0.012465181,0.008004317,0.020071748,1
warmup,42,42,scatter_recursive_doubling_allgather,0,2048,8388608,25.515931592,0.012458951,0.007721021,0.018965459,1
warmup,43,43,scatter_recursive_doubling_allgather,0,2048,8388608,25.271924536,0.012339807,0.008240134,0.019521236,1
warmup,44,44,scatter_recursive_doubling_allgather,0,2048,8388608,25.563727818,0.012482289,0.008307097,0.019383338,1
warmup,45,45,scatter_recursive_doubling_allgather,0,2048,8388608,25.436840646,0.012420332,0.008036628,0.018935810,1
warmup,46,46,scatter_recursive_doubling_allgather,0,2048,8388608,25.407436650,0.012405975,0.008266693,0.019045165,1
warmup,47,47,scatter_recursive_doubling_allgather,0,2048,8388608,25.427805666,0.012415921,0.007874113,0.019206865,1
warmup,48,48,scatter_recursive_doubling_allgather,0,2048,8388608,25.453386826,0.012428412,0.008175700,0.019609410,1
warmup,49,49,scatter_recursive_doubling_allgather,0,2048,8388608,25.411916224,0.012408162,0.008077109,0.019310198,1
actual,0,50,scatter_recursive_doubling_allgather,0,2048,8388608,25.461756006,0.012432498,0.008516124,0.019700532,1
actual,1,51,scatter_recursive_doubling_allgather,0,2048,8388608,25.267173409,0.012337487,0.007740386,0.019361227,1
actual,2,52,scatter_recursive_doubling_allgather,0,2048,8388608,25.654819139,0.012526767,0.007879598,0.019490017,1
actual,3,53,scatter_recursive_doubling_allgather,0,2048,8388608,25.611004939,0.012505374,0.008133432,0.019097350,1
actual,4,54,scatter_recursive_doubling_allgather,0,2048,8388608,25.417337689,0.012410809,0.008429146,0.019479347,1
actual,5,55,scatter_recursive_doubling_allgather,0,2048,8388608,25.175386742,0.012292669,0.008236980,0.018755498,1
actual,6,56,scatter_recursive_doubling_allgather,0,2048,8388608,25.232873001,0.012320739,0.008305682,0.019556710,1
actual,7,57,scatter_recursive_doubling_allgather,0,2048,8388608,25.310255114,0.012358523,0.007997051,0.018834449,1
actual,8,58,scatter_recursive_doubling_allgather,0,2048,8388608,25.553618769,0.012477353,0.007896377,0.019270677,1
actual,9,59,scatter_recursive_doubling_allgather,0,2048,8388608,25.531109704,0.012466362,0.008627190,0.019165373,1
actual,10,60,scatter_recursive_doubling_allgather,0,2048,8388608,25.461455035,0.012432351,0.007835673,0.018975810,1
actual,11,61,scatter_recursive_doubling_allgather,0,2048,8388608,25.377324218,0.012391272,0.008543917,0.018954963,1
actual,12,62,scatter_recursive_doubling_allgather,0,2048,8388608,25.772642751,0.012584298,0.008453571,0.020397993,1
actual,13,63,scatter_recursive_doubling_allgather,0,2048,8388608,25.257936015,0.012332977,0.007934845,0.019735969,1
actual,14,64,scatter_recursive_doubling_allgather,0,2048,8388608,27.698909675,0.013524858,0.009002010,0.019772539,1
actual,15,65,scatter_recursive_doubling_allgather,0,2048,8388608,25.463984041,0.012433586,0.007733896,0.019479256,1
actual,16,66,scatter_recursive_doubling_allgather,0,2048,8388608,25.424786770,0.012414447,0.008042857,0.019391193,1
actual,17,67,scatter_recursive_doubling_allgather,0,2048,8388608,25.318022434,0.012362316,0.007845587,0.019272981,1
actual,18,68,scatter_recursive_doubling_allgather,0,2048,8388608,25.419044865,0.012411643,0.007970745,0.019325177,1
actual,19,69,scatter_recursive_doubling_allgather,0,2048,8388608,25.385828625,0.012395424,0.007553193,0.019121964,1
actual,20,70,scatter_recursive_doubling_allgather,0,2048,8388608,25.280623589,0.012344054,0.008021340,0.019259036,1
actual,21,71,scatter_recursive_doubling_allgather,0,2048,8388608,25.350530257,0.012378189,0.007680065,0.019148561,1
actual,22,72,scatter_recursive_doubling_allgather,0,2048,8388608,25.398247276,0.012401488,0.008327978,0.019439450,1
actual,23,73,scatter_recursive_doubling_allgather,0,2048,8388608,25.274954850,0.012341287,0.007807363,0.018671155,1
actual,24,74,scatter_recursive_doubling_allgather,0,2048,8388608,25.361657959,0.012383622,0.008517735,0.019187718,1
actual,25,75,scatter_recursive_doubling_allgather,0,2048,8388608,25.216835163,0.012312908,0.007944987,0.018974563,1
actual,26,76,scatter_recursive_doubling_allgather,0,2048,8388608,25.333353305,0.012369801,0.008115742,0.019281558,1
actual,27,77,scatter_recursive_doubling_allgather,0,2048,8388608,25.988616075,0.012689754,0.007560080,0.024835267,1
actual,28,78,scatter_recursive_doubling_allgather,0,2048,8388608,25.146414918,0.012278523,0.007691801,0.018872752,1
actual,29,79,scatter_recursive_doubling_allgather,0,2048,8388608,25.295182018,0.012351163,0.008095233,0.019403153,1
actual,30,80,scatter_recursive_doubling_allgather,0,2048,8388608,25.369886963,0.012387640,0.007869585,0.019189045,1
actual,31,81,scatter_recursive_doubling_allgather,0,2048,8388608,25.362778059,0.012384169,0.008159061,0.019766644,1
actual,32,82,scatter_recursive_doubling_allgather,0,2048,8388608,25.323571567,0.012365025,0.008086110,0.019306330,1
actual,33,83,scatter_recursive_doubling_allgather,0,2048,8388608,25.503148150,0.012452709,0.008206810,0.019521518,1
actual,34,84,scatter_recursive_doubling_allgather,0,2048,8388608,25.361622131,0.012383605,0.008358701,0.019406502,1
actual,35,85,scatter_recursive_doubling_allgather,0,2048,8388608,25.469991006,0.012436519,0.008281902,0.019218221,1
actual,36,86,scatter_recursive_doubling_allgather,0,2048,8388608,25.352504932,0.012379153,0.008517545,0.019442710,1
actual,37,87,scatter_recursive_doubling_allgather,0,2048,8388608,25.458084949,0.012430706,0.007999305,0.019258946,1
actual,38,88,scatter_recursive_doubling_allgather,0,2048,8388608,25.242516404,0.012325447,0.007989130,0.019455932,1
actual,39,89,scatter_recursive_doubling_allgather,0,2048,8388608,25.293828837,0.012350502,0.008029021,0.019478766,1
actual,40,90,scatter_recursive_doubling_allgather,0,2048,8388608,25.559642811,0.012480294,0.008740743,0.019774051,1
actual,41,91,scatter_recursive_doubling_allgather,0,2048,8388608,25.444304523,0.012423977,0.008360947,0.018736664,1
actual,42,92,scatter_recursive_doubling_allgather,0,2048,8388608,25.388593967,0.012396774,0.008107751,0.018939223,1
actual,43,93,scatter_recursive_doubling_allgather,0,2048,8388608,25.356021923,0.012380870,0.008370888,0.019110535,1
actual,44,94,scatter_recursive_doubling_allgather,0,2048,8388608,25.197418632,0.012303427,0.007671514,0.018973474,1
actual,45,95,scatter_recursive_doubling_allgather,0,2048,8388608,25.527521070,0.012464610,0.008233615,0.019716383,1
actual,46,96,scatter_recursive_doubling_allgather,0,2048,8388608,25.317521238,0.012362071,0.008083491,0.019677508,1
actual,47,97,scatter_recursive_doubling_allgather,0,2048,8388608,25.231302855,0.012319972,0.007958833,0.019915243,1
actual,48,98,scatter_recursive_doubling_allgather,0,2048,8388608,25.195512784,0.012302496,0.008358011,0.019074444,1
actual,49,99,scatter_recursive_doubling_allgather,0,2048,8388608,26.274990626,0.012829585,0.007639602,0.020389504,1
warmup,0,0,scatter_recursive_doubling_allgather,0,2048,12582912,39.381230343,0.019229116,0.012690598,0.029805656,1
warmup,1,1,scatter_recursive_doubling_allgather,0,2048,12582912,39.655178321,0.019362880,0.012924181,0.029640374,1
warmup,2,2,scatter_recursive_doubling_allgather,0,2048,12582912,39.524370825,0.019299009,0.012137451,0.030111994,1
warmup,3,3,scatter_recursive_doubling_allgather,0,2048,12582912,39.667530844,0.019368912,0.013170908,0.030375145,1
warmup,4,4,scatter_recursive_doubling_allgather,0,2048,12582912,39.117695613,0.019100437,0.012252344,0.029770311,1
warmup,5,5,scatter_recursive_doubling_allgather,0,2048,12582912,39.417101009,0.019246631,0.012981822,0.029936063,1
warmup,6,6,scatter_recursive_doubling_allgather,0,2048,12582912,39.282496659,0.019180907,0.012326449,0.029464836,1
warmup,7,7,scatter_recursive_doubling_allgather,0,2048,12582912,40.659176032,0.019853113,0.013171582,0.030389701,1
warmup,8,8,scatter_recursive_doubling_allgather,0,2048,12582912,39.462419032,0.019268759,0.012025469,0.029234096,1
warmup,9,9,scatter_recursive_doubling_allgather,0,2048,12582912,39.204326310,0.019142737,0.012821419,0.029767035,1
warmup,10,10,scatter_recursive_doubling_allgather,0,2048,12582912,39.402877301,0.019239686,0.012859046,0.030006153,1
warmup,11,11,scatter_recursive_doubling_allgather,0,2048,12582912,39.256714107,0.019168317,0.012299636,0.029195876,1
warmup,12,12,scatter_recursive_doubling_allgather,0,2048,12582912,39.215072041,0.019147984,0.012796272,0.030362600,1
warmup,13,13,scatter_recursive_doubling_allgather,0,2048,12582912,39.369938888,0.019223603,0.012824387,0.030071998,1
warmup,14,14,scatter_recursive_doubling_allgather,0,2048,12582912,39.024215208,0.019054793,0.012624674,0.029445513,1
warmup,15,15,scatter_recursive_doubling_allgather,0,2048,12582912,38.904928216,0.018996547,0.011970700,0.029634945,1
warmup,16,16,scatter_recursive_doubling_allgather,0,2048,12582912,39.091216096,0.019087508,0.012530502,0.030827102,1
warmup,17,17,scatter_recursive_doubling_allgather,0,2048,12582912,39.062879884,0.019073672,0.012835952,0.029604890,1
warmup,18,18,scatter_recursive_doubling_allgather,0,2048,12582912,39.063470537,0.019073960,0.011753117,0.029332478,1
warmup,19,19,scatter_recursive_doubling_allgather,0,2048,12582912,39.069499938,0.019076904,0.012928755,0.029955552,1
warmup,20,20,scatter_recursive_doubling_allgather,0,2048,12582912,38.964664147,0.019025715,0.012938280,0.030361669,1
warmup,21,21,scatter_recursive_doubling_allgather,0,2048,12582912,38.896276651,0.018992323,0.012540543,0.030389391,1
warmup,22,22,scatter_recursive_doubling_allgather,0,2048,12582912,39.358361509,0.019217950,0.012439313,0.029175246,1
warmup,23,23,scatter_recursive_doubling_allgather,0,2048,12582912,39.313679968,0.019196133,0.012136015,0.030149832,1
warmup,24,24,scatter_recursive_doubling_allgather,0,2048,12582912,39.068982723,0.019076652,0.012904700,0.029453133,1
warmup,25,25,scatter_recursive_doubling_allgather,0,2048,12582912,38.999176363,0.019042567,0.012176599,0.030730841,1
warmup,26,26,scatter_recursive_doubling_allgather,0,2048,12582912,39.239277240,0.019159803,0.012548561,0.030548376,1
warmup,27,27,scatter_recursive_doubling_allgather,0,2048,12582912,39.055965668,0.019070296,0.012457702,0.029907607,1
warmup,28,28,scatter_recursive_doubling_allgather,0,2048,12582912,39.224288796,0.019152485,0.012454851,0.030399880,1
warmup,29,29,scatter_recursive_doubling_allgather,0,2048,12582912,39.299874316,0.019189392,0.012570874,0.030357725,1
warmup,30,30,scatter_recursive_doubling_allgather,0,2048,12582912,38.905679479,0.018996914,0.012878065,0.029375512,1
warmup,31,31,scatter_recursive_doubling_allgather,0,2048,12582912,39.016535142,0.019051043,0.011960111,0.029987115,1
warmup,32,32,scatter_recursive_doubling_allgather,0,2048,12582912,39.194848198,0.019138109,0.012268425,0.030600887,1
warmup,33,33,scatter_recursive_doubling_allgather,0,2048,12582912,38.787808403,0.018939360,0.012643083,0.028818931,1
warmup,34,34,scatter_recursive_doubling_allgather,0,2048,12582912,39.076775401,0.019080457,0.012925064,0.029220877,1
warmup,35,35,scatter_recursive_doubling_allgather,0,2048,12582912,39.008545175,0.019047141,0.012512998,0.029405903,1
warmup,36,36,scatter_recursive_doubling_allgather,0,2048,12582912,39.229093437,0.019154831,0.012826193,0.029484946,1
warmup,37,37,scatter_recursive_doubling_allgather,0,2048,12582912,38.715547690,0.018904076,0.012075030,0.030064414,1
warmup,38,38,scatter_recursive_doubling_allgather,0,2048,12582912,38.838839909,0.018964277,0.012802003,0.029790951,1
warmup,39,39,scatter_recursive_doubling_allgather,0,2048,12582912,38.595103042,0.018845265,0.013091474,0.029608297,1
warmup,40,40,scatter_recursive_doubling_allgather,0,2048,12582912,39.000968129,0.019043441,0.012180599,0.029773467,1
warmup,41,41,scatter_recursive_doubling_allgather,0,2048,12582912,38.582930368,0.018839321,0.013079161,0.030007416,1
warmup,42,42,scatter_recursive_doubling_allgather,0,2048,12582912,39.030833175,0.019058024,0.012474348,0.029322953,1
warmup,43,43,scatter_recursive_doubling_allgather,0,2048,12582912,39.086546224,0.019085228,0.012505051,0.029724585,1
warmup,44,44,scatter_recursive_doubling_allgather,0,2048,12582912,39.543336547,0.019308270,0.012304750,0.030153438,1
warmup,45,45,scatter_recursive_doubling_allgather,0,2048,12582912,39.576093115,0.019324264,0.012715792,0.031879919,1
warmup,46,46,scatter_recursive_doubling_allgather,0,2048,12582912,39.080165006,0.019082112,0.012930098,0.028909763,1
warmup,47,47,scatter_recursive_doubling_allgather,0,2048,12582912,38.967619094,0.019027158,0.012776213,0.030212369,1
warmup,48,48,scatter_recursive_doubling_allgather,0,2048,12582912,39.116040019,0.019099629,0.012353520,0.029192623,1
warmup,49,49,scatter_recursive_doubling_allgather,0,2048,12582912,38.943231023,0.019015250,0.012541382,0.029275844,1
actual,0,50,scatter_recursive_doubling_allgather,0,2048,12582912,39.129006230,0.019105960,0.013179049,0.029265019,1
actual,1,51,scatter_recursive_doubling_allgather,0,2048,12582912,39.047637611,0.019066229,0.011609218,0.030125428,1
actual,2,52,scatter_recursive_doubling_allgather,0,2048,12582912,39.305717409,0.019192245,0.012467140,0.030161383,1
actual,3,53,scatter_recursive_doubling_allgather,0,2048,12582912,39.054210181,0.019069439,0.012444939,0.029965626,1
actual,4,54,scatter_recursive_doubling_allgather,0,2048,12582912,39.470476973,0.019272694,0.012534070,0.030193434,1
actual,5,55,scatter_recursive_doubling_allgather,0,2048,12582912,39.104939306,0.019094209,0.012921930,0.029392459,1
actual,6,56,scatter_recursive_doubling_allgather,0,2048,12582912,39.093804695,0.019088772,0.012248136,0.028630399,1
actual,7,57,scatter_recursive_doubling_allgather,0,2048,12582912,39.040375357,0.019062683,0.012598356,0.028437929,1
actual,8,58,scatter_recursive_doubling_allgather,0,2048,12582912,38.839053740,0.018964382,0.012689244,0.029361875,1
actual,9,59,scatter_recursive_doubling_allgather,0,2048,12582912,39.237073829,0.019158727,0.012719634,0.030485731,1
actual,10,60,scatter_recursive_doubling_allgather,0,2048,12582912,39.104988744,0.019094233,0.012716074,0.029471789,1
actual,11,61,scatter_recursive_doubling_allgather,0,2048,12582912,39.057352585,0.019070973,0.012938595,0.030475712,1
actual,12,62,scatter_recursive_doubling_allgather,0,2048,12582912,39.500859535,0.019287529,0.011977001,0.030551856,1
actual,13,63,scatter_recursive_doubling_allgather,0,2048,12582912,39.312369515,0.019195493,0.013029074,0.029930511,1
actual,14,64,scatter_recursive_doubling_allgather,0,2048,12582912,39.210280473,0.019145645,0.012951587,0.029903330,1
actual,15,65,scatter_recursive_doubling_allgather,0,2048,12582912,39.109653323,0.019096510,0.012771705,0.029960818,1
actual,16,66,scatter_recursive_doubling_allgather,0,2048,12582912,39.246090506,0.019163130,0.012722342,0.030854533,1
actual,17,67,scatter_recursive_doubling_allgather,0,2048,12582912,39.198308143,0.019139799,0.012396444,0.030091413,1
actual,18,68,scatter_recursive_doubling_allgather,0,2048,12582912,38.983803760,0.019035060,0.012994726,0.029093573,1
actual,19,69,scatter_recursive_doubling_allgather,0,2048,12582912,39.198306383,0.019139798,0.012794064,0.029244944,1
actual,20,70,scatter_recursive_doubling_allgather,0,2048,12582912,39.033070263,0.019059116,0.012889166,0.030106349,1
actual,21,71,scatter_recursive_doubling_allgather,0,2048,12582912,39.244237499,0.019162225,0.013018926,0.029720545,1
actual,22,72,scatter_recursive_doubling_allgather,0,2048,12582912,39.230716776,0.019155623,0.012694229,0.030604254,1
actual,23,73,scatter_recursive_doubling_allgather,0,2048,12582912,39.042635131,0.019063787,0.012724236,0.028781276,1
actual,24,74,scatter_recursive_doubling_allgather,0,2048,12582912,38.867430154,0.018978237,0.012193795,0.029284963,1
actual,25,75,scatter_recursive_doubling_allgather,0,2048,12582912,38.982096881,0.019034227,0.013056601,0.030579738,1
actual,26,76,scatter_recursive_doubling_allgather,0,2048,12582912,38.936334222,0.019011882,0.012089818,0.030392387,1
actual,27,77,scatter_recursive_doubling_allgather,0,2048,12582912,38.906108302,0.018997123,0.012466243,0.029416358,1
actual,28,78,scatter_recursive_doubling_allgather,0,2048,12582912,38.788207747,0.018939555,0.012733425,0.029923636,1
actual,29,79,scatter_recursive_doubling_allgather,0,2048,12582912,39.183496982,0.019132567,0.012442189,0.029137486,1
actual,30,80,scatter_recursive_doubling_allgather,0,2048,12582912,39.141251208,0.019111939,0.011994298,0.030582735,1
actual,31,81,scatter_recursive_doubling_allgather,0,2048,12582912,38.971947087,0.019029271,0.012412703,0.029822368,1
actual,32,82,scatter_recursive_doubling_allgather,0,2048,12582912,39.198400533,0.019139844,0.013055792,0.028913555,1
actual,33,83,scatter_recursive_doubling_allgather,0,2048,12582912,38.930523261,0.019009045,0.012525624,0.030691167,1
actual,34,84,scatter_recursive_doubling_allgather,0,2048,12582912,38.891813182,0.018990143,0.012779360,0.029933851,1
actual,35,85,scatter_recursive_doubling_allgather,0,2048,12582912,38.686135968,0.018889715,0.012677959,0.029697896,1
actual,36,86,scatter_recursive_doubling_allgather,0,2048,12582912,38.984616135,0.019035457,0.013050017,0.029832717,1
actual,37,87,scatter_recursive_doubling_allgather,0,2048,12582912,38.733384385,0.018912785,0.012788709,0.028797068,1
actual,38,88,scatter_recursive_doubling_allgather,0,2048,12582912,38.762999237,0.018927246,0.012536491,0.029895182,1
actual,39,89,scatter_recursive_doubling_allgather,0,2048,12582912,38.946704349,0.019016945,0.012082379,0.030029306,1
actual,40,90,scatter_recursive_doubling_allgather,0,2048,12582912,38.960916038,0.019023885,0.012226125,0.029480868,1
actual,41,91,scatter_recursive_doubling_allgather,0,2048,12582912,38.943493565,0.019015378,0.012272127,0.030237627,1
actual,42,92,scatter_recursive_doubling_allgather,0,2048,12582912,38.847499266,0.018968506,0.012577293,0.030036578,1
actual,43,93,scatter_recursive_doubling_allgather,0,2048,12582912,39.214831514,0.019147867,0.012645666,0.030089904,1
actual,44,94,scatter_recursive_doubling_allgather,0,2048,12582912,40.507110491,0.019778863,0.012897258,0.030142755,1
actual,45,95,scatter_recursive_doubling_allgather,0,2048,12582912,39.122572754,0.019102819,0.011689738,0.030212762,1
actual,46,96,scatter_recursive_doubling_allgather,0,2048,12582912,39.059120913,0.019071836,0.012132613,0.029609847,1
actual,47,97,scatter_recursive_doubling_allgather,0,2048,12582912,39.200216891,0.019140731,0.012760325,0.030649698,1
actual,48,98,scatter_recursive_doubling_allgather,0,2048,12582912,38.967239412,0.019026972,0.012778558,0.029204692,1
actual,49,99,scatter_recursive_doubling_allgather,0,2048,12582912,39.294836140,0.019186932,0.012787919,0.030768011,1
warmup,0,0,scatter_recursive_doubling_allgather,0,2048,16777216,53.724268439,0.026232553,0.017808156,0.041378771,1
warmup,1,1,scatter_recursive_doubling_allgather,0,2048,16777216,53.982304218,0.026358547,0.016778081,0.041833905,1
warmup,2,2,scatter_recursive_doubling_allgather,0,2048,16777216,54.180567868,0.026455355,0.017238503,0.041915692,1
warmup,3,3,scatter_recursive_doubling_allgather,0,2048,16777216,53.865776102,0.026301648,0.017437732,0.041324092,1
warmup,4,4,scatter_recursive_doubling_allgather,0,2048,16777216,53.933006696,0.026334476,0.017475347,0.040529271,1
warmup,5,5,scatter_recursive_doubling_allgather,0,2048,16777216,53.898331333,0.026317545,0.017498722,0.040292426,1
warmup,6,6,scatter_recursive_doubling_allgather,0,2048,16777216,53.270550256,0.026011011,0.016213260,0.040146001,1
warmup,7,7,scatter_recursive_doubling_allgather,0,2048,16777216,53.883991490,0.026310543,0.017206893,0.040986447,1
warmup,8,8,scatter_recursive_doubling_allgather,0,2048,16777216,53.778316418,0.026258944,0.017328251,0.040367537,1
warmup,9,9,scatter_recursive_doubling_allgather,0,2048,16777216,53.261486086,0.026006585,0.016315021,0.040457496,1
warmup,10,10,scatter_recursive_doubling_allgather,0,2048,16777216,53.636326610,0.026189613,0.017054628,0.040535922,1
warmup,11,11,scatter_recursive_doubling_allgather,0,2048,16777216,53.504037610,0.026125018,0.017721544,0.040780665,1
warmup,12,12,scatter_recursive_doubling_allgather,0,2048,16777216,53.785656911,0.026262528,0.017757585,0.040728423,1
warmup,13,13,scatter_recursive_doubling_allgather,0,2048,16777216,53.644152406,0.026193434,0.017214985,0.039383621,1
warmup,14,14,scatter_recursive_doubling_allgather,0,2048,16777216,53.252083129,0.026001994,0.016352810,0.039853584,1
warmup,15,15,scatter_recursive_doubling_allgather,0,2048,16777216,53.413651975,0.026080885,0.017673251,0.039820127,1
warmup,16,16,scatter_recursive_doubling_allgather,0,2048,16777216,53.836882818,0.026287540,0.017638593,0.039575614,1
warmup,17,17,scatter_recursive_doubling_allgather,0,2048,16777216,53.913459344,0.026324931,0.016910677,0.040451271,1
warmup,18,18,scatter_recursive_doubling_allgather,0,2048,16777216,53.613675743,0.026178553,0.017677773,0.040002222,1
warmup,19,19,scatter_recursive_doubling_allgather,0,2048,16777216,54.024287193,0.026379046,0.017861564,0.040517793,1
warmup,20,20,scatter_recursive_doubling_allgather,0,2048,16777216,54.241671678,0.026485191,0.017754404,0.040497310,1
warmup,21,21,scatter_recursive_doubling_allgather,0,2048,16777216,53.743754379,0.026242068,0.017379794,0.040710488,1
warmup,22,22,scatter_recursive_doubling_allgather,0,2048,16777216,53.315692215,0.026033053,0.017291589,0.040426597,1
warmup,23,23,scatter_recursive_doubling_allgather,0,2048,16777216,53.877051899,0.026307154,0.015954039,0.041854624,1
warmup,24,24,scatter_recursive_doubling_allgather,0,2048,16777216,53.510308141,0.026128080,0.016966864,0.039927790,1
warmup,25,25,scatter_recursive_doubling_allgather,0,2048,16777216,58.824890477,0.028723091,0.019801068,0.041406493,1
warmup,26,26,scatter_recursive_doubling_allgather,0,2048,16777216,53.618537646,0.026180927,0.016680075,0.039357482,1
warmup,27,27,scatter_recursive_doubling_allgather,0,2048,16777216,53.609741398,0.026176632,0.018012854,0.041781165,1
warmup,28,28,scatter_recursive_doubling_allgather,0,2048,16777216,53.815870168,0.026277280,0.016262624,0.040934460,1
warmup,29,29,scatter_recursive_doubling_allgather,0,2048,16777216,53.401421431,0.026074913,0.017254906,0.040980557,1
warmup,30,30,scatter_recursive_doubling_allgather,0,2048,16777216,53.436059575,0.026091826,0.017261542,0.039645454,1
warmup,31,31,scatter_recursive_doubling_allgather,0,2048,16777216,53.634862839,0.026188898,0.017754417,0.039880985,1
warmup,32,32,scatter_recursive_doubling_allgather,0,2048,16777216,53.267859831,0.026009697,0.017993003,0.040204932,1
warmup,33,33,scatter_recursive_doubling_allgather,0,2048,16777216,54.415290544,0.026569966,0.017396018,0.041569974,1
warmup,34,34,scatter_recursive_doubling_allgather,0,2048,16777216,53.468471635,0.026107652,0.016844396,0.040767536,1
warmup,35,35,scatter_recursive_doubling_allgather,0,2048,16777216,53.957597335,0.026346483,0.017438483,0.040314211,1
warmup,36,36,scatter_recursive_doubling_allgather,0,2048,16777216,53.378762668,0.026063849,0.017198358,0.041262373,1
warmup,37,37,scatter_recursive_doubling_allgather,0,2048,16777216,53.817919056,0.026278281,0.017910556,0.040836596,1
warmup,38,38,scatter_recursive_doubling_allgather,0,2048,16777216,53.415738132,0.026081903,0.016994676,0.040425315,1
warmup,39,39,scatter_recursive_doubling_allgather,0,2048,16777216,53.207388099,0.025980170,0.016803998,0.039950072,1
warmup,40,40,scatter_recursive_doubling_allgather,0,2048,16777216,53.165355701,0.025959646,0.016975664,0.041583164,1
warmup,41,41,scatter_recursive_doubling_allgather,0,2048,16777216,53.325264431,0.026037727,0.017224523,0.039726765,1
warmup,42,42,scatter_recursive_doubling_allgather,0,2048,16777216,53.790161702,0.026264727,0.017513431,0.040717652,1
warmup,43,43,scatter_recursive_doubling_allgather,0,2048,16777216,53.962438277,0.026348847,0.017176802,0.041743874,1
warmup,44,44,scatter_recursive_doubling_allgather,0,2048,16777216,53.852666171,0.026295247,0.015711258,0.041185643,1
warmup,45,45,scatter_recursive_doubling_allgather,0,2048,16777216,53.849641912,0.026293770,0.017264970,0.041865589,1
warmup,46,46,scatter_recursive_doubling_allgather,0,2048,16777216,53.659287432,0.026200824,0.017295247,0.041317818,1
warmup,47,47,scatter_recursive_doubling_allgather,0,2048,16777216,53.929729480,0.026332876,0.016988126,0.042151933,1
warmup,48,48,scatter_recursive_doubling_allgather,0,2048,16777216,53.905026727,0.026320814,0.016864810,0.039632339,1
warmup,49,49,scatter_recursive_doubling_allgather,0,2048,16777216,53.577397842,0.026160839,0.018140443,0.042460224,1
actual,0,50,scatter_recursive_doubling_allgather,0,2048,16777216,53.843610300,0.026290825,0.017421947,0.040504203,1
actual,1,51,scatter_recursive_doubling_allgather,0,2048,16777216,53.234081139,0.025993204,0.016319980,0.039935124,1
actual,2,52,scatter_recursive_doubling_allgather,0,2048,16777216,54.205642131,0.026467599,0.016866507,0.041274456,1
actual,3,53,scatter_recursive_doubling_allgather,0,2048,16777216,53.555770901,0.026150279,0.016772301,0.041663536,1
actual,4,54,scatter_recursive_doubling_allgather,0,2048,16777216,53.420474138,0.026084216,0.015525063,0.039704294,1
actual,5,55,scatter_recursive_doubling_allgather,0,2048,16777216,53.318487577,0.026034418,0.016979712,0.040109163,1
actual,6,56,scatter_recursive_doubling_allgather,0,2048,16777216,54.014137040,0.026374090,0.017029271,0.039859916,1
actual,7,57,scatter_recursive_doubling_allgather,0,2048,16777216,53.573354292,0.026158864,0.017492805,0.040916896,1
actual,8,58,scatter_recursive_doubling_allgather,0,2048,16777216,53.493302618,0.026119777,0.015647751,0.040272579,1
actual,9,59,scatter_recursive_doubling_allgather,0,2048,16777216,53.911752828,0.026324098,0.017035025,0.041219322,1
actual,10,60,scatter_recursive_doubling_allgather,0,2048,16777216,53.631247503,0.026187133,0.017284493,0.039566445,1
actual,11,61,scatter_recursive_doubling_allgather,0,2048,16777216,53.389343490,0.026069015,0.018242053,0.039734611,1
actual,12,62,scatter_recursive_doubling_allgather,0,2048,16777216,53.560345010,0.026152512,0.017190477,0.040698747,1
actual,13,63,scatter_recursive_doubling_allgather,0,2048,16777216,53.457615056,0.026102351,0.017540319,0.040151933,1
actual,14,64,scatter_recursive_doubling_allgather,0,2048,16777216,53.774369902,0.026257017,0.016741362,0.039852271,1
actual,15,65,scatter_recursive_doubling_allgather,0,2048,16777216,53.373435584,0.026061248,0.017257623,0.042048347,1
actual,16,66,scatter_recursive_doubling_allgather,0,2048,16777216,53.474924475,0.026110803,0.017794710,0.039029187,1
actual,17,67,scatter_recursive_doubling_allgather,0,2048,16777216,53.506714361,0.026126325,0.017819785,0.041175970,1
actual,18,68,scatter_recursive_doubling_allgather,0,2048,16777216,53.640175448,0.026191492,0.017464879,0.040744571,1
actual,19,69,scatter_recursive_doubling_allgather,0,2048,16777216,54.073745657,0.026403196,0.018291424,0.040819691,1
actual,20,70,scatter_recursive_doubling_allgather,0,2048,16777216,54.299825292,0.026513587,0.016343765,0.040599580,1
actual,21,71,scatter_recursive_doubling_allgather,0,2048,16777216,53.554017294,0.026149423,0.018157635,0.039998302,1
actual,22,72,scatter_recursive_doubling_allgather,0,2048,16777216,53.778612483,0.026259088,0.017240377,0.039617859,1
actual,23,73,scatter_recursive_doubling_allgather,0,2048,16777216,53.903457432,0.026320048,0.016277765,0.040774299,1
actual,24,74,scatter_recursive_doubling_allgather,0,2048,16777216,53.647791896,0.026195211,0.017244123,0.039131369,1
actual,25,75,scatter_recursive_doubling_allgather,0,2048,16777216,55.467123972,0.027083557,0.017702434,0.044034127,1
actual,26,76,scatter_recursive_doubling_allgather,0,2048,16777216,53.871988480,0.026304682,0.017759165,0.041490940,1
actual,27,77,scatter_recursive_doubling_allgather,0,2048,16777216,53.235023543,0.025993664,0.017091168,0.039210926,1
actual,28,78,scatter_recursive_doubling_allgather,0,2048,16777216,53.521850878,0.026133716,0.016401070,0.041240179,1
actual,29,79,scatter_recursive_doubling_allgather,0,2048,16777216,53.765614247,0.026252741,0.016541993,0.040677025,1
actual,30,80,scatter_recursive_doubling_allgather,0,2048,16777216,53.497850956,0.026121998,0.017364276,0.040702521,1
actual,31,81,scatter_recursive_doubling_allgather,0,2048,16777216,53.669336385,0.026205731,0.017921650,0.039644302,1
actual,32,82,scatter_recursive_doubling_allgather,0,2048,16777216,53.470911086,0.026108843,0.016834986,0.040884083,1
actual,33,83,scatter_recursive_doubling_allgather,0,2048,16777216,53.467956487,0.026107401,0.018011233,0.040760255,1
actual,34,84,scatter_recursive_doubling_allgather,0,2048,16777216,54.095526870,0.026413831,0.017046782,0.038907661,1
actual,35,85,scatter_recursive_doubling_allgather,0,2048,16777216,53.841275166,0.026289685,0.017490820,0.041756327,1
actual,36,86,scatter_recursive_doubling_allgather,0,2048,16777216,53.664462505,0.026203351,0.016915106,0.040655935,1
actual,37,87,scatter_recursive_doubling_allgather,0,2048,16777216,53.877659892,0.026307451,0.017800628,0.039921729,1
actual,38,88,scatter_recursive_doubling_allgather,0,2048,16777216,53.357787730,0.026053607,0.018112380,0.039920025,1
actual,39,89,scatter_recursive_doubling_allgather,0,2048,16777216,53.349075928,0.026049353,0.016494826,0.039473720,1
actual,40,90,scatter_recursive_doubling_allgather,0,2048,16777216,53.268469724,0.026009995,0.016915820,0.040847855,1
actual,41,91,scatter_recursive_doubling_allgather,0,2048,16777216,53.888682386,0.026312833,0.016757737,0.041718211,1
actual,42,92,scatter_recursive_doubling_allgather,0,2048,16777216,54.154257055,0.026442508,0.016604389,0.042027916,1
actual,43,93,scatter_recursive_doubling_allgather,0,2048,16777216,53.884853493,0.026310964,0.016880524,0.041101483,1
actual,44,94,scatter_recursive_doubling_allgather,0,2048,16777216,53.660902467,0.026201613,0.017449005,0.039974631,1
actual,45,95,scatter_recursive_doubling_allgather,0,2048,16777216,53.835426926,0.026286830,0.017444837,0.041050765,1
actual,46,96,scatter_recursive_doubling_allgather,0,2048,16777216,54.033431049,0.026383511,0.016453501,0.041307957,1
actual,47,97,scatter_recursive_doubling_allgather,0,2048,16777216,53.493908317,0.026120072,0.017638964,0.040754590,1
actual,48,98,scatter_recursive_doubling_allgather,0,2048,16777216,53.610729009,0.026177114,0.017596078,0.040134527,1
actual,49,99,scatter_recursive_doubling_allgather,0,2048,16777216,53.931584883,0.026333782,0.016889393,0.041683701,1
warmup,0,0,scatter_recursive_doubling_allgather,0,2048,25165824,82.271330765,0.040171548,0.025161048,0.062263174,1
warmup,1,1,scatter_recursive_doubling_allgather,0,2048,25165824,83.734822750,0.040886144,0.026191551,0.061095346,1
warmup,2,2,scatter_recursive_doubling_allgather,0,2048,25165824,85.825594917,0.041907029,0.028420115,0.061548462,1
warmup,3,3,scatter_recursive_doubling_allgather,0,2048,25165824,83.495371500,0.040769224,0.025963005,0.060558424,1
warmup,4,4,scatter_recursive_doubling_allgather,0,2048,25165824,83.790211985,0.040913189,0.026269469,0.061836971,1
warmup,5,5,scatter_recursive_doubling_allgather,0,2048,25165824,83.933981747,0.040983390,0.026800175,0.061790303,1
warmup,6,6,scatter_recursive_doubling_allgather,0,2048,25165824,83.584119927,0.040812559,0.024696137,0.060436095,1
warmup,7,7,scatter_recursive_doubling_allgather,0,2048,25165824,83.260009375,0.040654301,0.026746664,0.060843053,1
warmup,8,8,scatter_recursive_doubling_allgather,0,2048,25165824,83.997465028,0.041014387,0.027768279,0.059309353,1
warmup,9,9,scatter_recursive_doubling_allgather,0,2048,25165824,83.539731619,0.040790885,0.026558462,0.060725081,1
warmup,10,10,scatter_recursive_doubling_allgather,0,2048,25165824,83.903290772,0.040968404,0.027249504,0.062801830,1
warmup,11,11,scatter_recursive_doubling_allgather,0,2048,25165824,83.336327910,0.040691566,0.026810754,0.060101836,1
warmup,12,12,scatter_recursive_doubling_allgather,0,2048,25165824,83.008499153,0.040531494,0.027195315,0.060375988,1
warmup,13,13,scatter_recursive_doubling_allgather,0,2048,25165824,83.561653820,0.040801589,0.027280675,0.062808459,1
warmup,14,14,scatter_recursive_doubling_allgather,0,2048,25165824,84.078578700,0.041053994,0.027395859,0.062602897,1
warmup,15,15,scatter_recursive_doubling_allgather,0,2048,25165824,83.681916536,0.040860311,0.025807186,0.062114302,1
warmup,16,16,scatter_recursive_doubling_allgather,0,2048,25165824,83.589528082,0.040815199,0.026752196,0.059919926,1
warmup,17,17,scatter_recursive_doubling_allgather,0,2048,25165824,83.186997757,0.040618651,0.026471136,0.059684014,1
warmup,18,18,scatter_recursive_doubling_allgather,0,2048,25165824,83.895703765,0.040964699,0.026104000,0.059978138,1
warmup,19,19,scatter_recursive_doubling_allgather,0,2048,25165824,82.462227613,0.040264760,0.025976401,0.061009530,1
warmup,20,20,scatter_recursive_doubling_allgather,0,2048,25165824,83.034119065,0.040544003,0.027749618,0.063454777,1
warmup,21,21,scatter_recursive_doubling_allgather,0,2048,25165824,83.412458181,0.040728739,0.027380257,0.060588888,1
warmup,22,22,scatter_recursive_doubling_allgather,0,2048,25165824,83.348353879,0.040697438,0.025989768,0.061745039,1
warmup,23,23,scatter_recursive_doubling_allgather,0,2048,25165824,84.594023463,0.041305676,0.026511499,0.061021773,1
warmup,24,24,scatter_recursive_doubling_allgather,0,2048,25165824,83.126459607,0.040589092,0.026614453,0.061474531,1
warmup,25,25,scatter_recursive_doubling_allgather,0,2048,25165824,84.864625857,0.041437806,0.026892066,0.061552195,1
warmup,26,26,scatter_recursive_doubling_allgather,0,2048,25165824,83.070894290,0.040561960,0.027756021,0.063553320,1
warmup,27,27,scatter_recursive_doubling_allgather,0,2048,25165824,84.659560566,0.041337676,0.027260290,0.060822370,1
warmup,28,28,scatter_recursive_doubling_allgather,0,2048,25165824,83.357738375,0.040702021,0.027333858,0.065410039,1
warmup,29,29,scatter_recursive_doubling_allgather,0,2048,25165824,83.758794274,0.040897849,0.025520672,0.060914383,1
warmup,30,30,scatter_recursive_doubling_allgather,0,2048,25165824,82.953133152,0.040504460,0.026004450,0.060894875,1
warmup,31,31,scatter_recursive_doubling_allgather,0,2048,25165824,83.102692806,0.040577487,0.027166574,0.062705625,1
warmup,32,32,scatter_recursive_doubling_allgather,0,2048,25165824,84.183701418,0.041105323,0.026245627,0.063839315,1
warmup,33,33,scatter_recursive_doubling_allgather,0,2048,25165824,83.221093714,0.040635300,0.027466457,0.059729020,1
warmup,34,34,scatter_recursive_doubling_allgather,0,2048,25165824,84.190418465,0.041108603,0.026057713,0.061824788,1
warmup,35,35,scatter_recursive_doubling_allgather,0,2048,25165824,84.077472306,0.041053453,0.027109397,0.062189294,1
warmup,36,36,scatter_recursive_doubling_allgather,0,2048,25165824,83.776067143,0.040906283,0.025506744,0.060314784,1
warmup,37,37,scatter_recursive_doubling_allgather,0,2048,25165824,82.911491362,0.040484127,0.026571356,0.060048981,1
warmup,38,38,scatter_recursive_doubling_allgather,0,2048,25165824,84.060619129,0.041045224,0.026900312,0.063106542,1
warmup,39,39,scatter_recursive_doubling_allgather,0,2048,25165824,83.303741516,0.040675655,0.027617797,0.061255181,1
warmup,40,40,scatter_recursive_doubling_allgather,0,2048,25165824,83.486149947,0.040764722,0.024113160,0.060729105,1
warmup,41,41,scatter_recursive_doubling_allgather,0,2048,25165824,83.651267852,0.040845346,0.027776696,0.061954261,1
warmup,42,42,scatter_recursive_doubling_allgather,0,2048,25165824,83.739214199,0.040888288,0.024632722,0.060628006,1
warmup,43,43,scatter_recursive_doubling_allgather,0,2048,25165824,83.989350530,0.041010425,0.025042072,0.059736492,1
warmup,44,44,scatter_recursive_doubling_allgather,0,2048,25165824,83.198988471,0.040624506,0.025391885,0.061088409,1
warmup,45,45,scatter_recursive_doubling_allgather,0,2048,25165824,83.929733717,0.040981315,0.024880008,0.059747116,1
warmup,46,46,scatter_recursive_doubling_allgather,0,2048,25165824,83.959043824,0.040995627,0.026738829,0.060552724,1
warmup,47,47,scatter_recursive_doubling_allgather,0,2048,25165824,83.155408586,0.040603227,0.027004874,0.059259908,1
warmup,48,48,scatter_recursive_doubling_allgather,0,2048,25165824,83.091788380,0.040572162,0.027333905,0.061931739,1
warmup,49,49,scatter_recursive_doubling_allgather,0,2048,25165824,84.169189058,0.041098237,0.028275967,0.062493663,1
actual,0,50,scatter_recursive_doubling_allgather,0,2048,25165824,83.491923318,0.040767541,0.026983497,0.060105415,1
actual,1,51,scatter_recursive_doubling_allgather,0,2048,25165824,82.434641373,0.040251290,0.026154279,0.061921220,1
actual,2,52,scatter_recursive_doubling_allgather,0,2048,25165824,83.297433498,0.040672575,0.026840256,0.059522061,1
actual,3,53,scatter_recursive_doubling_allgather,0,2048,25165824,83.057951395,0.040555640,0.026010124,0.061032323,1
actual,4,54,scatter_recursive_doubling_allgather,0,2048,25165824,84.604259967,0.041310674,0.025983628,0.059983317,1
actual,5,55,scatter_recursive_doubling_allgather,0,2048,25165824,83.804168399,0.040920004,0.028435597,0.061780127,1
actual,6,56,scatter_recursive_doubling_allgather,0,2048,25165824,84.246453403,0.041135964,0.026548824,0.063882997,1
actual,7,57,scatter_recursive_doubling_allgather,0,2048,25165824,83.185320473,0.040617832,0.026048110,0.060440615,1
actual,8,58,scatter_recursive_doubling_allgather,0,2048,25165824,83.519529828,0.040781020,0.026301821,0.062877292,1
actual,9,59,scatter_recursive_doubling_allgather,0,2048,25165824,84.094833615,0.041061930,0.024903390,0.060466502,1
actual,10,60,scatter_recursive_doubling_allgather,0,2048,25165824,83.376415217,0.040711140,0.026824209,0.061181007,1
actual,11,61,scatter_recursive_doubling_allgather,0,2048,25165824,82.942741199,0.040499385,0.026975119,0.063437432,1
actual,12,62,scatter_recursive_doubling_allgather,0,2048,25165824,83.845164065,0.040940022,0.027012794,0.063612764,1
actual,13,63,scatter_recursive_doubling_allgather,0,2048,25165824,83.273427276,0.040660853,0.026544802,0.060744553,1
actual,14,64,scatter_recursive_doubling_allgather,0,2048,25165824,83.820568547,0.040928012,0.026620704,0.061498945,1
actual,15,65,scatter_recursive_doubling_allgather,0,2048,25165824,84.512928920,0.041266079,0.026982314,0.062840292,1
actual,16,66,scatter_recursive_doubling_allgather,0,2048,25165824,83.464940746,0.040754366,0.026639028,0.061695067,1
actual,17,67,scatter_recursive_doubling_allgather,0,2048,25165824,84.193863098,0.041110285,0.026295492,0.060992941,1
actual,18,68,scatter_recursive_doubling_allgather,0,2048,25165824,83.126083259,0.040588908,0.027047990,0.062110735,1
actual,19,69,scatter_recursive_doubling_allgather,0,2048,25165824,83.669804200,0.040854397,0.026436171,0.061979041,1
actual,20,70,scatter_recursive_doubling_allgather,0,2048,25165824,84.297204617,0.041160744,0.028003536,0.064267197,1
actual,21,71,scatter_recursive_doubling_allgather,0,2048,25165824,83.770374680,0.040903503,0.026183738,0.063785334,1
actual,22,72,scatter_recursive_doubling_allgather,0,2048,25165824,83.991519193,0.041011484,0.027349965,0.060541914,1
actual,23,73,scatter_recursive_doubling_allgather,0,2048,25165824,83.846365616,0.040940608,0.026745199,0.060155760,1
actual,24,74,scatter_recursive_doubling_allgather,0,2048,25165824,84.719637098,0.041367010,0.026742925,0.064034892,1
actual,25,75,scatter_recursive_doubling_allgather,0,2048,25165824,82.706377497,0.040383973,0.025612252,0.061042842,1
actual,26,76,scatter_recursive_doubling_allgather,0,2048,25165824,84.383869782,0.041203061,0.025365604,0.061910558,1
actual,27,77,scatter_recursive_doubling_allgather,0,2048,25165824,83.834707396,0.040934916,0.027683634,0.059874178,1
actual,28,78,scatter_recursive_doubling_allgather,0,2048,25165824,83.699744790,0.040869016,0.027252191,0.061569408,1
actual,29,79,scatter_recursive_doubling_allgather,0,2048,25165824,83.993124708,0.041012268,0.025552917,0.063631205,1
actual,30,80,scatter_recursive_doubling_allgather,0,2048,25165824,83.661313348,0.040850251,0.024994367,0.059972621,1
actual,31,81,scatter_recursive_doubling_allgather,0,2048,25165824,83.920684753,0.040976897,0.027480002,0.061988127,1
actual,32,82,scatter_recursive_doubling_allgather,0,2048,25165824,83.504718241,0.040773788,0.026963970,0.059487607,1
actual,33,83,scatter_recursive_doubling_allgather,0,2048,25165824,83.537104141,0.040789602,0.026823278,0.061636920,1
actual,34,84,scatter_recursive_doubling_allgather,0,2048,25165824,83.211031991,0.040630387,0.025431745,0.062614981,1
actual,35,85,scatter_recursive_doubling_allgather,0,2048,25165824,83.180874320,0.040615661,0.027479350,0.061225827,1
actual,36,86,scatter_recursive_doubling_allgather,0,2048,25165824,83.568668990,0.040805014,0.026803910,0.060805760,1
actual,37,87,scatter_recursive_doubling_allgather,0,2048,25165824,84.318994010,0.041171384,0.027182514,0.059742243,1
actual,38,88,scatter_recursive_doubling_allgather,0,2048,25165824,84.545252305,0.041281861,0.027457896,0.061924018,1
actual,39,89,scatter_recursive_doubling_allgather,0,2048,25165824,83.820751213,0.040928101,0.027906006,0.061021054,1
actual,40,90,scatter_recursive_doubling_allgather,0,2048,25165824,83.586847607,0.040813890,0.025892266,0.060804927,1
actual,41,91,scatter_recursive_doubling_allgather,0,2048,25165824,84.406956007,0.041214334,0.026385919,0.062741657,1
actual,42,92,scatter_recursive_doubling_allgather,0,2048,25165824,83.462736482,0.040753289,0.027301485,0.061612661,1
actual,43,93,scatter_recursive_doubling_allgather,0,2048,25165824,83.284916157,0.040666463,0.025895252,0.060591226,1
actual,44,94,scatter_recursive_doubling_allgather,0,2048,25165824,84.119012623,0.041073737,0.026289563,0.061799411,1
actual,45,95,scatter_recursive_doubling_allgather,0,2048,25165824,83.795196521,0.040915623,0.026510222,0.062554726,1
actual,46,96,scatter_recursive_doubling_allgather,0,2048,25165824,83.721389097,0.040879585,0.027807136,0.061505420,1
actual,47,97,scatter_recursive_doubling_allgather,0,2048,25165824,82.590891081,0.040327584,0.026182301,0.061322068,1
actual,48,98,scatter_recursive_doubling_allgather,0,2048,25165824,83.112854141,0.040582448,0.026691930,0.060031956,1
actual,49,99,scatter_recursive_doubling_allgather,0,2048,25165824,83.818003478,0.040926760,0.026561275,0.061075233,1
warmup,0,0,scatter_recursive_doubling_allgather,0,2048,33554432,113.779447741,0.055556371,0.035037898,0.081305057,1
warmup,1,1,scatter_recursive_doubling_allgather,0,2048,33554432,115.756522693,0.056521740,0.036490288,0.083442549,1
warmup,2,2,scatter_recursive_doubling_allgather,0,2048,33554432,114.511410617,0.055913775,0.036614828,0.084285734,1
warmup,3,3,scatter_recursive_doubling_allgather,0,2048,33554432,115.701859219,0.056495048,0.036440771,0.081967312,1
warmup,4,4,scatter_recursive_doubling_allgather,0,2048,33554432,115.002239598,0.056153437,0.035056605,0.079500060,1
warmup,5,5,scatter_recursive_doubling_allgather,0,2048,33554432,114.474681614,0.055895841,0.032852920,0.078540832,1
warmup,6,6,scatter_recursive_doubling_allgather,0,2048,33554432,114.896322759,0.056101720,0.037985179,0.080878044,1
warmup,7,7,scatter_recursive_doubling_allgather,0,2048,33554432,117.202697857,0.057227880,0.037986538,0.086575099,1
warmup,8,8,scatter_recursive_doubling_allgather,0,2048,33554432,115.749624865,0.056518372,0.037328366,0.083609418,1
warmup,9,9,scatter_recursive_doubling_allgather,0,2048,33554432,112.925443790,0.055139377,0.036000620,0.082513642,1
warmup,10,10,scatter_recursive_doubling_allgather,0,2048,33554432,114.813698029,0.056061376,0.037562464,0.083148222,1
warmup,11,11,scatter_recursive_doubling_allgather,0,2048,33554432,114.151413045,0.055737995,0.034105851,0.082370173,1
warmup,12,12,scatter_recursive_doubling_allgather,0,2048,33554432,116.843438239,0.057052460,0.037390970,0.084587760,1
warmup,13,13,scatter_recursive_doubling_allgather,0,2048,33554432,114.788708636,0.056049174,0.036748581,0.081386168,1
warmup,14,14,scatter_recursive_doubling_allgather,0,2048,33554432,114.300909258,0.055810991,0.037310432,0.079285565,1
warmup,15,15,scatter_recursive_doubling_allgather,0,2048,33554432,114.906959947,0.056106914,0.036852632,0.081967243,1
warmup,16,16,scatter_recursive_doubling_allgather,0,2048,33554432,115.531908133,0.056412065,0.036543764,0.081859141,1
warmup,17,17,scatter_recursive_doubling_allgather,0,2048,33554432,112.871935908,0.055113250,0.036803074,0.077123577,1
warmup,18,18,scatter_recursive_doubling_allgather,0,2048,33554432,113.950523587,0.055639904,0.036403736,0.080266240,1
warmup,19,19,scatter_recursive_doubling_allgather,0,2048,33554432,114.144653098,0.055734694,0.035795502,0.079757870,1
warmup,20,20,scatter_recursive_doubling_allgather,0,2048,33554432,113.864420925,0.055597862,0.036483485,0.081247307,1
warmup,21,21,scatter_recursive_doubling_allgather,0,2048,33554432,115.263702198,0.056281105,0.036601368,0.087573700,1
warmup,22,22,scatter_recursive_doubling_allgather,0,2048,33554432,114.413473946,0.055865954,0.037106055,0.081330543,1
warmup,23,23,scatter_recursive_doubling_allgather,0,2048,33554432,115.367358072,0.056331718,0.037368599,0.086158060,1
warmup,24,24,scatter_recursive_doubling_allgather,0,2048,33554432,114.321555303,0.055821072,0.036092973,0.079207778,1
warmup,25,25,scatter_recursive_doubling_allgather,0,2048,33554432,116.101389563,0.056690132,0.037142085,0.084195290,1
warmup,26,26,scatter_recursive_doubling_allgather,0,2048,33554432,116.005597379,0.056643358,0.036763146,0.081845660,1
warmup,27,27,scatter_recursive_doubling_allgather,0,2048,33554432,115.549263661,0.056420539,0.035641507,0.082109477,1
warmup,28,28,scatter_recursive_doubling_allgather,0,2048,33554432,117.531872950,0.057388610,0.035056572,0.085852064,1
warmup,29,29,scatter_recursive_doubling_allgather,0,2048,33554432,115.176703178,0.056238625,0.036978586,0.079563051,1
warmup,30,30,scatter_recursive_doubling_allgather,0,2048,33554432,113.523698749,0.055431494,0.036342791,0.079920952,1
warmup,31,31,scatter_recursive_doubling_allgather,0,2048,33554432,114.496774051,0.055906628,0.031233069,0.083389825,1
warmup,32,32,scatter_recursive_doubling_allgather,0,2048,33554432,114.414950966,0.055866675,0.038297348,0.083869945,1
warmup,33,33,scatter_recursive_doubling_allgather,0,2048,33554432,115.040861123,0.056172295,0.034939800,0.083065681,1
warmup,34,34,scatter_recursive_doubling_allgather,0,2048,33554432,114.695341364,0.056003585,0.037492923,0.082493983,1
warmup,35,35,scatter_recursive_doubling_allgather,0,2048,33554432,114.876001021,0.056091797,0.038153824,0.079923564,1
warmup,36,36,scatter_recursive_doubling_allgather,0,2048,33554432,116.042094267,0.056661179,0.037043521,0.081060913,1
warmup,37,37,scatter_recursive_doubling_allgather,0,2048,33554432,115.009031641,0.056156754,0.036837998,0.083906478,1
warmup,38,38,scatter_recursive_doubling_allgather,0,2048,33554432,114.993651270,0.056149244,0.037258273,0.080245563,1
warmup,39,39,scatter_recursive_doubling_allgather,0,2048,33554432,114.373051609,0.055846217,0.037891835,0.082606496,1
warmup,40,40,scatter_recursive_doubling_allgather,0,2048,33554432,115.040728395,0.056172231,0.037390382,0.084875600,1
warmup,41,41,scatter_recursive_doubling_allgather,0,2048,33554432,113.788802932,0.055560939,0.037847746,0.080966276,1
warmup,42,42,scatter_recursive_doubling_allgather,0,2048,33554432,115.546287351,0.056419086,0.034492305,0.082444778,1
warmup,43,43,scatter_recursive_doubling_allgather,0,2048,33554432,114.774984976,0.056042473,0.035613575,0.080913705,1
warmup,44,44,scatter_recursive_doubling_allgather,0,2048,33554432,113.499367118,0.055419613,0.036484704,0.083432054,1
warmup,45,45,scatter_recursive_doubling_allgather,0,2048,33554432,115.326246150,0.056311644,0.035500673,0.082965109,1
warmup,46,46,scatter_recursive_doubling_allgather,0,2048,33554432,115.644700218,0.056467139,0.035959558,0.082775503,1
warmup,47,47,scatter_recursive_doubling_allgather,0,2048,33554432,115.842062509,0.056563507,0.038817428,0.081660887,1
warmup,48,48,scatter_recursive_doubling_allgather,0,2048,33554432,114.733878102,0.056022401,0.034663304,0.082353932,1
warmup,49,49,scatter_recursive_doubling_allgather,0,2048,33554432,114.745691838,0.056028170,0.035481022,0.082030676,1
actual,0,50,scatter_recursive_doubling_allgather,0,2048,33554432,114.002047963,0.055665062,0.036275521,0.082428646,1
actual,1,51,scatter_recursive_doubling_allgather,0,2048,33554432,113.342182775,0.055342863,0.035653743,0.083612553,1
actual,2,52,scatter_recursive_doubling_allgather,0,2048,33554432,114.897665654,0.056102376,0.037100671,0.084296337,1
actual,3,53,scatter_recursive_doubling_allgather,0,2048,33554432,113.965016635,0.055646981,0.039156045,0.084471101,1
actual,4,54,scatter_recursive_doubling_allgather,0,2048,33554432,115.709431483,0.056498746,0.034618560,0.080389659,1
actual,5,55,scatter_recursive_doubling_allgather,0,2048,33554432,114.914273547,0.056110485,0.038547752,0.083530837,1
actual,6,56,scatter_recursive_doubling_allgather,0,2048,33554432,113.748225561,0.055541126,0.036278449,0.083783623,1
actual,7,57,scatter_recursive_doubling_allgather,0,2048,33554432,117.665127954,0.057453676,0.034319010,0.083622746,1
actual,8,58,scatter_recursive_doubling_allgather,0,2048,33554432,114.505857566,0.055911063,0.037336319,0.081681918,1
actual,9,59,scatter_recursive_doubling_allgather,0,2048,33554432,118.881048196,0.058047387,0.036883805,0.083973912,1
actual,10,60,scatter_recursive_doubling_allgather,0,2048,33554432,114.360974188,0.055840319,0.035688480,0.081488315,1
actual,11,61,scatter_recursive_doubling_allgather,0,2048,33554432,113.048075669,0.055199256,0.036242923,0.081496663,1
actual,12,62,scatter_recursive_doubling_allgather,0,2048,33554432,114.907388065,0.056107123,0.035088467,0.078731887,1
actual,13,63,scatter_recursive_doubling_allgather,0,2048,33554432,115.076166498,0.056189534,0.037233643,0.081752692,1
actual,14,64,scatter_recursive_doubling_allgather,0,2048,33554432,114.020198308,0.055673925,0.034595746,0.082211749,1
actual,15,65,scatter_recursive_doubling_allgather,0,2048,33554432,114.406983175,0.055862785,0.034898413,0.080291827,1
actual,16,66,scatter_recursive_doubling_allgather,0,2048,33554432,114.937027692,0.056121596,0.037975615,0.082095608,1
actual,17,67,scatter_recursive_doubling_allgather,0,2048,33554432,116.843298367,0.057052392,0.036449096,0.080925866,1
actual,18,68,scatter_recursive_doubling_allgather,0,2048,33554432,115.586424304,0.056438684,0.035128152,0.082460252,1
actual,19,69,scatter_recursive_doubling_allgather,0,2048,33554432,116.583308538,0.056925444,0.035335297,0.080467493,1
actual,20,70,scatter_recursive_doubling_allgather,0,2048,33554432,115.961442155,0.056621798,0.038558572,0.082155140,1
actual,21,71,scatter_recursive_doubling_allgather,0,2048,33554432,115.785539010,0.056535908,0.036585346,0.082026961,1
actual,22,72,scatter_recursive_doubling_allgather,0,2048,33554432,117.252664864,0.057252278,0.037697479,0.082260012,1
actual,23,73,scatter_recursive_doubling_allgather,0,2048,33554432,114.675355809,0.055993826,0.033449702,0.081202985,1
actual,24,74,scatter_recursive_doubling_allgather,0,2048,33554432,113.073896074,0.055211863,0.034651936,0.080267795,1
actual,25,75,scatter_recursive_doubling_allgather,0,2048,33554432,114.074206567,0.055700296,0.036588198,0.080692614,1
actual,26,76,scatter_recursive_doubling_allgather,0,2048,33554432,115.106324472,0.056204260,0.037409640,0.082426219,1
actual,27,77,scatter_recursive_doubling_allgather,0,2048,33554432,115.007504874,0.056156008,0.036010778,0.082049644,1
actual,28,78,scatter_recursive_doubling_allgather,0,2048,33554432,116.003877837,0.056642518,0.036189487,0.086284142,1
actual,29,79,scatter_recursive_doubling_allgather,0,2048,33554432,116.130384693,0.056704289,0.034688620,0.080849833,1
actual,30,80,scatter_recursive_doubling_allgather,0,2048,33554432,115.029410799,0.056166704,0.035212665,0.080205264,1
actual,31,81,scatter_recursive_doubling_allgather,0,2048,33554432,113.725650163,0.055530103,0.036235149,0.080830993,1
actual,32,82,scatter_recursive_doubling_allgather,0,2048,33554432,116.671713564,0.056968610,0.036888570,0.083125850,1
actual,33,83,scatter_recursive_doubling_allgather,0,2048,33554432,115.052664494,0.056178059,0.035126649,0.084458278,1
actual,34,84,scatter_recursive_doubling_allgather,0,2048,33554432,115.654245914,0.056471800,0.037318689,0.080739325,1
actual,35,85,scatter_recursive_doubling_allgather,0,2048,33554432,114.556083888,0.055935588,0.034986040,0.082793881,1
actual,36,86,scatter_recursive_doubling_allgather,0,2048,33554432,114.724509955,0.056017827,0.037679000,0.080946192,1
actual,37,87,scatter_recursive_doubling_allgather,0,2048,33554432,116.329407744,0.056801469,0.036052833,0.083704715,1
actual,38,88,scatter_recursive_doubling_allgather,0,2048,33554432,114.106117005,0.055715877,0.036957689,0.080555863,1
actual,39,89,scatter_recursive_doubling_allgather,0,2048,33554432,114.856953181,0.056082497,0.035288291,0.081509618,1
actual,40,90,scatter_recursive_doubling_allgather,0,2048,33554432,115.031086359,0.056167523,0.036305235,0.080208551,1
actual,41,91,scatter_recursive_doubling_allgather,0,2048,33554432,114.784080407,0.056046914,0.036190927,0.082742784,1
actual,42,92,scatter_recursive_doubling_allgather,0,2048,33554432,114.946131970,0.056126041,0.036578328,0.085184329,1
actual,43,93,scatter_recursive_doubling_allgather,0,2048,33554432,115.442873282,0.056368590,0.034277770,0.081732097,1
actual,44,94,scatter_recursive_doubling_allgather,0,2048,33554432,115.500105288,0.056396536,0.035311265,0.081630941,1
actual,45,95,scatter_recursive_doubling_allgather,0,2048,33554432,115.039604498,0.056171682,0.035413102,0.082663682,1
actual,46,96,scatter_recursive_doubling_allgather,0,2048,33554432,114.676844189,0.055994553,0.036936970,0.080647366,1
actual,47,97,scatter_recursive_doubling_allgather,0,2048,33554432,114.316293178,0.055818503,0.034687801,0.083051052,1
actual,48,98,scatter_recursive_doubling_allgather,0,2048,33554432,114.698744388,0.056005246,0.034616578,0.082405460,1
actual,49,99,scatter_recursive_doubling_allgather,0,2048,33554432,113.930315080,0.055630037,0.037043923,0.081820216,1
