phase,phase_iteration,global_iteration,algorithm,root,nproc,message_size_bytes,time_sum_sec,avg_latency_sec,min_time_sec,max_time_sec,correct
warmup,0,0,nb,0,2048,2,1.411143922,0.000689035,0.000142017,0.001107404,1
warmup,1,1,nb,0,2048,2,0.317225027,0.000154895,0.000007113,0.000238618,1
warmup,2,2,nb,0,2048,2,0.336711248,0.000164410,0.000004959,0.000259777,1
warmup,3,3,nb,0,2048,2,0.325724570,0.000159045,0.000005761,0.000242125,1
warmup,4,4,nb,0,2048,2,0.321745849,0.000157102,0.000004278,0.000245861,1
warmup,5,5,nb,0,2048,2,0.316671463,0.000154625,0.000004037,0.000257983,1
warmup,6,6,nb,0,2048,2,0.370495850,0.000180906,0.000004378,0.000270959,1
warmup,7,7,nb,0,2048,2,0.342454717,0.000167214,0.000006162,0.000245791,1
warmup,8,8,nb,0,2048,2,0.314817413,0.000153719,0.000004188,0.000237526,1
warmup,9,9,nb,0,2048,2,0.293902256,0.000143507,0.000004469,0.000237156,1
warmup,10,10,nb,0,2048,2,0.334511702,0.000163336,0.000005280,0.000258585,1
warmup,11,11,nb,0,2048,2,0.315238276,0.000153925,0.000005691,0.000243516,1
warmup,12,12,nb,0,2048,2,0.361690525,0.000176607,0.000005170,0.000259297,1
warmup,13,13,nb,0,2048,2,0.301132687,0.000147037,0.000005440,0.000234682,1
warmup,14,14,nb,0,2048,2,0.322720746,0.000157578,0.000004308,0.000237527,1
warmup,15,15,nb,0,2048,2,0.328585429,0.000160442,0.000005420,0.000235491,1
warmup,16,16,nb,0,2048,2,0.342232741,0.000167106,0.000005080,0.000251653,1
warmup,17,17,nb,0,2048,2,0.297930480,0.000145474,0.000005460,0.000214842,1
warmup,18,18,nb,0,2048,2,0.361916901,0.000176717,0.000005931,0.000261300,1
warmup,19,19,nb,0,2048,2,0.288753673,0.000140993,0.000002084,0.000460184,1
warmup,20,20,nb,0,2048,2,0.344180573,0.000168057,0.000011382,0.000246644,1
warmup,21,21,nb,0,2048,2,0.296120569,0.000144590,0.000005200,0.000223129,1
warmup,22,22,nb,0,2048,2,0.347906872,0.000169876,0.000005640,0.000252874,1
warmup,23,23,nb,0,2048,2,0.304512748,0.000148688,0.000005861,0.000243078,1
warmup,24,24,nb,0,2048,2,0.313107030,0.000152884,0.000004890,0.000228120,1
warmup,25,25,nb,0,2048,2,0.288485869,0.000140862,0.000003987,0.000221877,1
warmup,26,26,nb,0,2048,2,0.323463316,0.000157941,0.000004889,0.000238208,1
warmup,27,27,nb,0,2048,2,0.331201676,0.000161720,0.000004027,0.000259696,1
warmup,28,28,nb,0,2048,2,0.356404263,0.000174026,0.000007815,0.000257923,1
warmup,29,29,nb,0,2048,2,0.298333690,0.000145671,0.000005110,0.000220133,1
warmup,30,30,nb,0,2048,2,0.329084609,0.000160686,0.000005069,0.000232937,1
warmup,31,31,nb,0,2048,2,0.301809368,0.000147368,0.000004849,0.000225843,1
warmup,32,32,nb,0,2048,2,0.336697336,0.000164403,0.000007124,0.000245500,1
warmup,33,33,nb,0,2048,2,0.313348298,0.000153002,0.000004419,0.000232375,1
warmup,34,34,nb,0,2048,2,0.319745946,0.000156126,0.000005140,0.000235353,1
warmup,35,35,nb,0,2048,2,0.312905431,0.000152786,0.000004859,0.000227146,1
warmup,36,36,nb,0,2048,2,0.334311128,0.000163238,0.000007274,0.000242955,1
warmup,37,37,nb,0,2048,2,0.299970054,0.000146470,0.000007304,0.000231263,1
warmup,38,38,nb,0,2048,2,0.351527144,0.000171644,0.000004799,0.000266099,1
warmup,39,39,nb,0,2048,2,0.295614656,0.000144343,0.000005279,0.000222938,1
warmup,40,40,nb,0,2048,2,0.321861572,0.000157159,0.000003937,0.000231113,1
warmup,41,41,nb,0,2048,2,0.306912112,0.000149859,0.000004999,0.000228759,1
warmup,42,42,nb,0,2048,2,0.325567073,0.000158968,0.000003937,0.000247033,1
warmup,43,43,nb,0,2048,2,0.303091928,0.000147994,0.000004749,0.000227917,1
warmup,44,44,nb,0,2048,2,0.335336053,0.000163738,0.000004318,0.000249490,1
warmup,45,45,nb,0,2048,2,0.297913034,0.000145465,0.000004098,0.000231865,1
warmup,46,46,nb,0,2048,2,0.313336374,0.000152996,0.000003857,0.000243867,1
warmup,47,47,nb,0,2048,2,0.307027810,0.000149916,0.000007254,0.000236173,1
warmup,48,48,nb,0,2048,2,0.322785941,0.000157610,0.000004839,0.000230023,1
warmup,49,49,nb,0,2048,2,0.309879545,0.000151308,0.000004559,0.000237004,1
actual,0,50,nb,0,2048,2,0.336364212,0.000164240,0.000003727,0.000545260,1
actual,1,51,nb,0,2048,2,0.353658639,0.000172685,0.000009057,0.000338346,1
actual,2,52,nb,0,2048,2,0.303395487,0.000148142,0.000003847,0.000227037,1
actual,3,53,nb,0,2048,2,0.297438950,0.000145234,0.000004819,0.000221878,1
actual,4,54,nb,0,2048,2,0.336839317,0.000164472,0.000005119,0.000243558,1
actual,5,55,nb,0,2048,2,0.304603753,0.000148732,0.000005670,0.000220873,1
actual,6,56,nb,0,2048,2,0.320593108,0.000156540,0.000004749,0.000240450,1
actual,7,57,nb,0,2048,2,0.301115497,0.000147029,0.000005540,0.000224410,1
actual,8,58,nb,0,2048,2,0.327893090,0.000160104,0.000003606,0.000240422,1
actual,9,59,nb,0,2048,2,0.528219379,0.000257920,0.000014427,0.000347595,1
actual,10,60,nb,0,2048,2,0.350464866,0.000171125,0.000004348,0.000261980,1
actual,11,61,nb,0,2048,2,0.295271217,0.000144175,0.000004348,0.000226777,1
actual,12,62,nb,0,2048,2,0.330578061,0.000161415,0.000005139,0.000241593,1
actual,13,63,nb,0,2048,2,0.298618163,0.000145810,0.000005430,0.000253456,1
actual,14,64,nb,0,2048,2,0.328884570,0.000160588,0.000004909,0.000255749,1
actual,15,65,nb,0,2048,2,0.300514794,0.000146736,0.000004008,0.000237485,1
actual,16,66,nb,0,2048,2,0.336358061,0.000164237,0.000005120,0.000255348,1
actual,17,67,nb,0,2048,2,0.303760165,0.000148320,0.000011502,0.000230544,1
actual,18,68,nb,0,2048,2,0.340965029,0.000166487,0.000007254,0.000246244,1
actual,19,69,nb,0,2048,2,0.300832866,0.000146891,0.000004759,0.000231464,1
actual,20,70,nb,0,2048,2,0.321429698,0.000156948,0.000004899,0.000245953,1
actual,21,71,nb,0,2048,2,0.323323664,0.000157873,0.000005690,0.000244180,1
actual,22,72,nb,0,2048,2,0.321172457,0.000156822,0.000005410,0.000243406,1
actual,23,73,nb,0,2048,2,0.290390708,0.000141792,0.000007063,0.000222236,1
actual,24,74,nb,0,2048,2,0.318902959,0.000155714,0.000004689,0.000228498,1
actual,25,75,nb,0,2048,2,0.300709602,0.000146831,0.000005010,0.000219914,1
actual,26,76,nb,0,2048,2,0.325628622,0.000158998,0.000004248,0.000253445,1
actual,27,77,nb,0,2048,2,0.309415569,0.000151082,0.000007224,0.000349394,1
actual,28,78,nb,0,2048,2,0.308617287,0.000150692,0.000005009,0.000237375,1
actual,29,79,nb,0,2048,2,0.300822061,0.000146886,0.000004970,0.000224994,1
actual,30,80,nb,0,2048,2,0.332067085,0.000162142,0.000005009,0.000239790,1
actual,31,81,nb,0,2048,2,0.286370688,0.000139829,0.000003877,0.000224062,1
actual,32,82,nb,0,2048,2,0.331124246,0.000161682,0.000004529,0.000257794,1
actual,33,83,nb,0,2048,2,0.305756482,0.000149295,0.000005460,0.000239610,1
actual,34,84,nb,0,2048,2,0.332483077,0.000162345,0.000004909,0.000244197,1
actual,35,85,nb,0,2048,2,0.292926247,0.000143030,0.000009769,0.000223268,1
actual,36,86,nb,0,2048,2,0.318035374,0.000155291,0.000003727,0.000251682,1
actual,37,87,nb,0,2048,2,0.318614122,0.000155573,0.000003697,0.000237775,1
actual,38,88,nb,0,2048,2,0.337190245,0.000164644,0.000005230,0.000243896,1
actual,39,89,nb,0,2048,2,0.292155660,0.000142654,0.000008676,0.000232956,1
actual,40,90,nb,0,2048,2,0.322593299,0.000157516,0.000003707,0.000239358,1
actual,41,91,nb,0,2048,2,0.311579595,0.000152138,0.000005070,0.000233448,1
actual,42,92,nb,0,2048,2,0.380592154,0.000185836,0.000005040,0.000309631,1
actual,43,93,nb,0,2048,2,0.296566194,0.000144808,0.000004268,0.000223489,1
actual,44,94,nb,0,2048,2,0.317510583,0.000155034,0.000005300,0.000228519,1
actual,45,95,nb,0,2048,2,0.297041329,0.000145040,0.000004929,0.000230391,1
actual,46,96,nb,0,2048,2,0.334330774,0.000163247,0.000004779,0.000250830,1
actual,47,97,nb,0,2048,2,0.307119691,0.000149961,0.000004969,0.000467325,1
actual,48,98,nb,0,2048,2,0.314589255,0.000153608,0.000004238,0.000236375,1
actual,49,99,nb,0,2048,2,0.313997608,0.000153319,0.000005471,0.000242084,1
warmup,0,0,nb,0,2048,3,0.327370581,0.000159849,0.000004900,0.000245002,1
warmup,1,1,nb,0,2048,3,0.287451966,0.000140357,0.000005521,0.000215083,1
warmup,2,2,nb,0,2048,3,0.327600688,0.000159961,0.000004960,0.000251691,1
warmup,3,3,nb,0,2048,3,0.406616020,0.000198543,0.000005270,0.000344807,1
warmup,4,4,nb,0,2048,3,0.321242306,0.000156857,0.000004358,0.000562873,1
warmup,5,5,nb,0,2048,3,0.297814341,0.000145417,0.000005250,0.000216025,1
warmup,6,6,nb,0,2048,3,0.325004007,0.000158693,0.000005009,0.000243436,1
warmup,7,7,nb,0,2048,3,0.306422056,0.000149620,0.000009799,0.000230702,1
warmup,8,8,nb,0,2048,3,0.333653502,0.000162917,0.000004759,0.000242857,1
warmup,9,9,nb,0,2048,3,0.295633503,0.000144352,0.000004698,0.000224904,1
warmup,10,10,nb,0,2048,3,0.327035363,0.000159685,0.000004949,0.000239892,1
warmup,11,11,nb,0,2048,3,0.302931019,0.000147916,0.000004088,0.000226985,1
warmup,12,12,nb,0,2048,3,0.334297566,0.000163231,0.000007034,0.000243075,1
warmup,13,13,nb,0,2048,3,0.316948756,0.000154760,0.000004829,0.000230783,1
warmup,14,14,nb,0,2048,3,0.338728860,0.000165395,0.000005180,0.000258975,1
warmup,15,15,nb,0,2048,3,0.320808675,0.000156645,0.000007594,0.000238988,1
warmup,16,16,nb,0,2048,3,0.325943707,0.000159152,0.000005039,0.000242304,1
warmup,17,17,nb,0,2048,3,0.292464715,0.000142805,0.000005641,0.000222719,1
warmup,18,18,nb,0,2048,3,0.331908066,0.000162064,0.000004890,0.000240953,1
warmup,19,19,nb,0,2048,3,0.312312210,0.000152496,0.000004829,0.000240640,1
warmup,20,20,nb,0,2048,3,0.323932274,0.000158170,0.000005079,0.000243228,1
warmup,21,21,nb,0,2048,3,0.301992595,0.000147457,0.000005380,0.000240130,1
warmup,22,22,nb,0,2048,3,0.316818914,0.000154697,0.000004939,0.000240721,1
warmup,23,23,nb,0,2048,3,0.315924909,0.000154260,0.000005731,0.000237126,1
warmup,24,24,nb,0,2048,3,0.331191152,0.000161714,0.000004809,0.000246582,1
warmup,25,25,nb,0,2048,3,0.289307084,0.000141263,0.000003917,0.000222899,1
warmup,26,26,nb,0,2048,3,0.320642294,0.000156564,0.000005210,0.000237595,1
warmup,27,27,nb,0,2048,3,0.310473889,0.000151599,0.000005420,0.000225573,1
warmup,28,28,nb,0,2048,3,0.315935849,0.000154266,0.000003767,0.000243709,1
warmup,29,29,nb,0,2048,3,0.285516412,0.000139412,0.000003977,0.000217710,1
warmup,30,30,nb,0,2048,3,0.314896186,0.000153758,0.000004920,0.000233018,1
warmup,31,31,nb,0,2048,3,0.299803080,0.000146388,0.000005070,0.000222817,1
warmup,32,32,nb,0,2048,3,0.342033079,0.000167008,0.000004869,0.000252112,1
warmup,33,33,nb,0,2048,3,0.283795139,0.000138572,0.000003887,0.000222178,1
warmup,34,34,nb,0,2048,3,0.316445808,0.000154515,0.000003737,0.000241023,1
warmup,35,35,nb,0,2048,3,0.329757907,0.000161015,0.000003967,0.000462106,1
warmup,36,36,nb,0,2048,3,0.318866367,0.000155696,0.000004739,0.000232025,1
warmup,37,37,nb,0,2048,3,0.305538754,0.000149189,0.000002395,0.000351280,1
warmup,38,38,nb,0,2048,3,0.312555010,0.000152615,0.000004739,0.000234088,1
warmup,39,39,nb,0,2048,3,0.315182811,0.000153898,0.000005480,0.000230544,1
warmup,40,40,nb,0,2048,3,0.330959346,0.000161601,0.000004839,0.000238306,1
warmup,41,41,nb,0,2048,3,0.292543997,0.000142844,0.000005400,0.000223781,1
warmup,42,42,nb,0,2048,3,0.334665457,0.000163411,0.000005019,0.000248225,1
warmup,43,43,nb,0,2048,3,0.302994477,0.000147947,0.000005130,0.000230071,1
warmup,44,44,nb,0,2048,3,0.314284603,0.000153459,0.000004940,0.000233691,1
warmup,45,45,nb,0,2048,3,0.303259768,0.000148076,0.000009698,0.000234660,1
warmup,46,46,nb,0,2048,3,0.333671366,0.000162925,0.000002334,0.000491198,1
warmup,47,47,nb,0,2048,3,0.299593200,0.000146286,0.000005510,0.000220435,1
warmup,48,48,nb,0,2048,3,0.330796391,0.000161522,0.000004919,0.000244057,1
warmup,49,49,nb,0,2048,3,0.300770927,0.000146861,0.000005400,0.000229430,1
actual,0,50,nb,0,2048,3,0.317204152,0.000154885,0.000003606,0.000238146,1
actual,1,51,nb,0,2048,3,0.298964334,0.000145979,0.000009758,0.000223699,1
actual,2,52,nb,0,2048,3,0.336591023,0.000164351,0.000008957,0.000241655,1
actual,3,53,nb,0,2048,3,0.299421327,0.000146202,0.000005370,0.000225554,1
actual,4,54,nb,0,2048,3,0.320583776,0.000156535,0.000004959,0.000234291,1
actual,5,55,nb,0,2048,3,0.307517809,0.000150155,0.000004679,0.000233269,1
actual,6,56,nb,0,2048,3,0.335671874,0.000163902,0.000007104,0.000253025,1
actual,7,57,nb,0,2048,3,0.288392535,0.000140817,0.000004048,0.000229650,1
actual,8,58,nb,0,2048,3,0.362922302,0.000177208,0.000003597,0.000399210,1
actual,9,59,nb,0,2048,3,0.296370632,0.000144712,0.000004319,0.000253915,1
actual,10,60,nb,0,2048,3,0.333735706,0.000162957,0.000004909,0.000248164,1
actual,11,61,nb,0,2048,3,0.295298299,0.000144189,0.000004017,0.000223739,1
actual,12,62,nb,0,2048,3,0.318532698,0.000155534,0.000004919,0.000227578,1
actual,13,63,nb,0,2048,3,0.303383178,0.000148136,0.000005421,0.000230813,1
actual,14,64,nb,0,2048,3,0.325642896,0.000159005,0.000003907,0.000243398,1
actual,15,65,nb,0,2048,3,0.302054377,0.000147487,0.000004950,0.000228821,1
actual,16,66,nb,0,2048,3,0.295577123,0.000144325,0.000004839,0.000221566,1
actual,17,67,nb,0,2048,3,0.305376853,0.000149110,0.000005570,0.000227208,1
actual,18,68,nb,0,2048,3,0.339182974,0.000165617,0.000007234,0.000238807,1
actual,19,69,nb,0,2048,3,0.292637429,0.000142889,0.000009257,0.000223769,1
actual,20,70,nb,0,2048,3,0.321270398,0.000156870,0.000004849,0.000238266,1
actual,21,71,nb,0,2048,3,0.305762197,0.000149298,0.000005160,0.000230584,1
actual,22,72,nb,0,2048,3,0.370511448,0.000180914,0.000003778,0.000273875,1
actual,23,73,nb,0,2048,3,0.292154178,0.000142653,0.000004148,0.000222406,1
actual,24,74,nb,0,2048,3,0.339946345,0.000165989,0.000004669,0.000269697,1
actual,25,75,nb,0,2048,3,0.303176971,0.000148036,0.000004098,0.000231574,1
actual,26,76,nb,0,2048,3,0.325046226,0.000158714,0.000003797,0.000235342,1
actual,27,77,nb,0,2048,3,0.305770351,0.000149302,0.000005210,0.000230122,1
actual,28,78,nb,0,2048,3,0.316848311,0.000154711,0.000003717,0.000242584,1
actual,29,79,nb,0,2048,3,0.390093075,0.000190475,0.000005079,0.000392816,1
actual,30,80,nb,0,2048,3,0.312087830,0.000152387,0.000004408,0.000233147,1
actual,31,81,nb,0,2048,3,0.357756414,0.000174686,0.000002164,0.000381847,1
actual,32,82,nb,0,2048,3,0.329857584,0.000161063,0.000004779,0.000243226,1
actual,33,83,nb,0,2048,3,0.292266131,0.000142708,0.000004949,0.000222458,1
actual,34,84,nb,0,2048,3,0.328419206,0.000160361,0.000004619,0.000246652,1
actual,35,85,nb,0,2048,3,0.488938259,0.000238739,0.000004408,0.000406331,1
actual,36,86,nb,0,2048,3,0.327430038,0.000159878,0.000004949,0.000246753,1
actual,37,87,nb,0,2048,3,0.302482248,0.000147696,0.000004188,0.000227559,1
actual,38,88,nb,0,2048,3,0.322054016,0.000157253,0.000004689,0.000239569,1
actual,39,89,nb,0,2048,3,0.290118009,0.000141659,0.000003947,0.000225705,1
actual,40,90,nb,0,2048,3,0.329719678,0.000160996,0.000005160,0.000247263,1
actual,41,91,nb,0,2048,3,0.300890906,0.000146919,0.000006312,0.000233457,1
actual,42,92,nb,0,2048,3,0.322007181,0.000157230,0.000004859,0.000232906,1
actual,43,93,nb,0,2048,3,0.295575905,0.000144324,0.000003867,0.000226103,1
actual,44,94,nb,0,2048,3,0.326097669,0.000159227,0.000005611,0.000245139,1
actual,45,95,nb,0,2048,3,0.298363603,0.000145685,0.000004548,0.000227278,1
actual,46,96,nb,0,2048,3,0.319852171,0.000156178,0.000004879,0.000238186,1
actual,47,97,nb,0,2048,3,0.291243474,0.000142209,0.000004739,0.000216066,1
actual,48,98,nb,0,2048,3,0.310799933,0.000151758,0.000003828,0.000230433,1
actual,49,99,nb,0,2048,3,0.305514600,0.000149177,0.000005350,0.000235602,1
warmup,0,0,nb,0,2048,4,0.344800901,0.000168360,0.000007364,0.000253465,1
warmup,1,1,nb,0,2048,4,0.295349966,0.000144214,0.000009958,0.000224851,1
warmup,2,2,nb,0,2048,4,0.329326470,0.000160804,0.000004989,0.000247195,1
warmup,3,3,nb,0,2048,4,0.298352782,0.000145680,0.000005571,0.000228167,1
warmup,4,4,nb,0,2048,4,0.310475719,0.000151599,0.000003827,0.000233417,1
warmup,5,5,nb,0,2048,4,0.299438331,0.000146210,0.000006742,0.000229001,1
warmup,6,6,nb,0,2048,4,0.329878481,0.000161073,0.000005110,0.000251301,1
warmup,7,7,nb,0,2048,4,0.315776633,0.000154188,0.000005901,0.000229882,1
warmup,8,8,nb,0,2048,4,0.322953564,0.000157692,0.000003857,0.000256891,1
warmup,9,9,nb,0,2048,4,0.291758789,0.000142460,0.000009739,0.000223411,1
warmup,10,10,nb,0,2048,4,0.325273319,0.000158825,0.000004909,0.000248766,1
warmup,11,11,nb,0,2048,4,0.407912076,0.000199176,0.000010921,0.000274637,1
warmup,12,12,nb,0,2048,4,0.327003027,0.000159669,0.000004549,0.000243496,1
warmup,13,13,nb,0,2048,4,0.293906001,0.000143509,0.000003958,0.000231877,1
warmup,14,14,nb,0,2048,4,0.318049553,0.000155298,0.000004198,0.000236856,1
warmup,15,15,nb,0,2048,4,0.310566395,0.000151644,0.000005681,0.000228408,1
warmup,16,16,nb,0,2048,4,0.323845518,0.000158128,0.000004689,0.000240039,1
warmup,17,17,nb,0,2048,4,0.291439092,0.000142304,0.000004288,0.000226515,1
warmup,18,18,nb,0,2048,4,0.336149306,0.000164135,0.000004929,0.000245970,1
warmup,19,19,nb,0,2048,4,0.304537457,0.000148700,0.000005450,0.000223982,1
warmup,20,20,nb,0,2048,4,0.319305121,0.000155911,0.000004950,0.000235731,1
warmup,21,21,nb,0,2048,4,0.286457472,0.000139872,0.000004127,0.000219203,1
warmup,22,22,nb,0,2048,4,0.316244010,0.000154416,0.000004799,0.000246071,1
warmup,23,23,nb,0,2048,4,0.317606864,0.000155081,0.000005571,0.000233960,1
warmup,24,24,nb,0,2048,4,0.321527488,0.000156996,0.000003948,0.000241873,1
warmup,25,25,nb,0,2048,4,0.297180308,0.000145108,0.000004539,0.000221808,1
warmup,26,26,nb,0,2048,4,0.328602809,0.000160451,0.000004839,0.000243867,1
warmup,27,27,nb,0,2048,4,0.303225524,0.000148059,0.000005030,0.000228828,1
warmup,28,28,nb,0,2048,4,0.324513542,0.000158454,0.000005050,0.000229170,1
warmup,29,29,nb,0,2048,4,0.292198770,0.000142675,0.000007584,0.000217998,1
warmup,30,30,nb,0,2048,4,0.310072672,0.000151403,0.000004138,0.000231042,1
warmup,31,31,nb,0,2048,4,0.311824153,0.000152258,0.000005620,0.000248618,1
warmup,32,32,nb,0,2048,4,0.315958990,0.000154277,0.000004869,0.000228210,1
warmup,33,33,nb,0,2048,4,0.298638412,0.000145820,0.000004929,0.000227938,1
warmup,34,34,nb,0,2048,4,0.346186102,0.000169036,0.000004929,0.000240961,1
warmup,35,35,nb,0,2048,4,0.314070250,0.000153355,0.000004979,0.000231584,1
warmup,36,36,nb,0,2048,4,0.310677828,0.000151698,0.000003707,0.000226734,1
warmup,37,37,nb,0,2048,4,0.292721485,0.000142930,0.000004138,0.000227546,1
warmup,38,38,nb,0,2048,4,0.332678894,0.000162441,0.000008967,0.000245482,1
warmup,39,39,nb,0,2048,4,0.290528987,0.000141860,0.000004178,0.000227786,1
warmup,40,40,nb,0,2048,4,0.324676108,0.000158533,0.000004569,0.000240250,1
warmup,41,41,nb,0,2048,4,0.293355840,0.000143240,0.000004439,0.000234119,1
warmup,42,42,nb,0,2048,4,0.333877665,0.000163026,0.000004889,0.000242574,1
warmup,43,43,nb,0,2048,4,0.300303028,0.000146632,0.000005079,0.000224200,1
warmup,44,44,nb,0,2048,4,0.324237612,0.000158319,0.000004979,0.000243546,1
warmup,45,45,nb,0,2048,4,0.283798611,0.000138574,0.000007484,0.000224330,1
warmup,46,46,nb,0,2048,4,0.333600568,0.000162891,0.000005480,0.000244418,1
warmup,47,47,nb,0,2048,4,0.293562165,0.000143341,0.000003968,0.000226917,1
warmup,48,48,nb,0,2048,4,0.331439968,0.000161836,0.000005390,0.000244810,1
warmup,49,49,nb,0,2048,4,0.297076547,0.000145057,0.000005400,0.000234822,1
actual,0,50,nb,0,2048,4,0.342427951,0.000167201,0.000008977,0.000244408,1
actual,1,51,nb,0,2048,4,0.294710436,0.000143902,0.000006823,0.000233678,1
actual,2,52,nb,0,2048,4,0.322372446,0.000157408,0.000005260,0.000241412,1
actual,3,53,nb,0,2048,4,0.295866572,0.000144466,0.000005340,0.000228758,1
actual,4,54,nb,0,2048,4,0.333565813,0.000162874,0.000004849,0.000233480,1
actual,5,55,nb,0,2048,4,0.287984741,0.000140618,0.000003938,0.000220654,1
actual,6,56,nb,0,2048,4,0.335964220,0.000164045,0.000009247,0.000249530,1
actual,7,57,nb,0,2048,4,0.298578647,0.000145790,0.000009769,0.000224653,1
actual,8,58,nb,0,2048,4,0.311797816,0.000152245,0.000003687,0.000241121,1
actual,9,59,nb,0,2048,4,0.288087008,0.000140667,0.000003978,0.000222447,1
actual,10,60,nb,0,2048,4,0.312388031,0.000152533,0.000004669,0.000237876,1
actual,11,61,nb,0,2048,4,0.297767225,0.000145394,0.000004919,0.000227467,1
actual,12,62,nb,0,2048,4,0.326835429,0.000159588,0.000005060,0.000283603,1
actual,13,63,nb,0,2048,4,0.295304572,0.000144192,0.000005049,0.000233037,1
actual,14,64,nb,0,2048,4,0.331500299,0.000161865,0.000005420,0.000243437,1
actual,15,65,nb,0,2048,4,0.286966553,0.000140120,0.000009027,0.000225142,1
actual,16,66,nb,0,2048,4,0.325309535,0.000158843,0.000005019,0.000240651,1
actual,17,67,nb,0,2048,4,0.285858955,0.000139580,0.000003987,0.000224170,1
actual,18,68,nb,0,2048,4,0.318593236,0.000155563,0.000003867,0.000239609,1
actual,19,69,nb,0,2048,4,0.291317278,0.000142245,0.000004018,0.000224340,1
actual,20,70,nb,0,2048,4,0.336618312,0.000164364,0.000009027,0.000248956,1
actual,21,71,nb,0,2048,4,0.301905691,0.000147415,0.000004799,0.000230422,1
actual,22,72,nb,0,2048,4,0.318839907,0.000155684,0.000004078,0.000238067,1
actual,23,73,nb,0,2048,4,0.306680820,0.000149746,0.000003607,0.000244548,1
actual,24,74,nb,0,2048,4,0.326651696,0.000159498,0.000005100,0.000232385,1
actual,25,75,nb,0,2048,4,0.287370067,0.000140317,0.000003947,0.000219361,1
actual,26,76,nb,0,2048,4,0.322742689,0.000157589,0.000004959,0.000232185,1
actual,27,77,nb,0,2048,4,0.300874977,0.000146912,0.000004619,0.000228981,1
actual,28,78,nb,0,2048,4,0.333189679,0.000162690,0.000004699,0.000253535,1
actual,29,79,nb,0,2048,4,0.306611719,0.000149713,0.000004358,0.000236145,1
actual,30,80,nb,0,2048,4,0.323652721,0.000158034,0.000005270,0.000234561,1
actual,31,81,nb,0,2048,4,0.297073524,0.000145055,0.000004889,0.000231714,1
actual,32,82,nb,0,2048,4,0.318437498,0.000155487,0.000004799,0.000240801,1
actual,33,83,nb,0,2048,4,0.281566711,0.000137484,0.000003958,0.000215695,1
actual,34,84,nb,0,2048,4,0.330575653,0.000161414,0.000004759,0.000244378,1
actual,35,85,nb,0,2048,4,0.305122532,0.000148986,0.000004879,0.000231005,1
actual,36,86,nb,0,2048,4,0.321511716,0.000156988,0.000003937,0.000248496,1
actual,37,87,nb,0,2048,4,0.296469575,0.000144761,0.000004068,0.000227899,1
actual,38,88,nb,0,2048,4,0.318647094,0.000155589,0.000003657,0.000238627,1
actual,39,89,nb,0,2048,4,0.299304751,0.000146145,0.000004769,0.000225523,1
actual,40,90,nb,0,2048,4,0.329123943,0.000160705,0.000004840,0.000239972,1
actual,41,91,nb,0,2048,4,0.286612054,0.000139947,0.000004227,0.000223801,1
actual,42,92,nb,0,2048,4,0.322764129,0.000157600,0.000004749,0.000237295,1
actual,43,93,nb,0,2048,4,0.284946592,0.000139134,0.000004157,0.000216307,1
actual,44,94,nb,0,2048,4,0.322654877,0.000157546,0.000004308,0.000243198,1
actual,45,95,nb,0,2048,4,0.292666210,0.000142903,0.000005140,0.000229550,1
actual,46,96,nb,0,2048,4,0.310631511,0.000151676,0.000004097,0.000233159,1
actual,47,97,nb,0,2048,4,0.301197936,0.000147069,0.000004819,0.000227406,1
actual,48,98,nb,0,2048,4,0.312925484,0.000152796,0.000005400,0.000231997,1
actual,49,99,nb,0,2048,4,0.293603788,0.000143361,0.000004989,0.000227436,1
warmup,0,0,nb,0,2048,6,0.338657556,0.000165360,0.000007003,0.000247033,1
warmup,1,1,nb,0,2048,6,0.294967521,0.000144027,0.000005571,0.000232558,1
warmup,2,2,nb,0,2048,6,0.338982665,0.000165519,0.000004930,0.000253335,1
warmup,3,3,nb,0,2048,6,0.290640043,0.000141914,0.000004979,0.000222388,1
warmup,4,4,nb,0,2048,6,0.318741805,0.000155636,0.000004719,0.000242685,1
warmup,5,5,nb,0,2048,6,0.290905980,0.000142044,0.000004128,0.000225795,1
warmup,6,6,nb,0,2048,6,0.310749116,0.000151733,0.000003837,0.000235602,1
warmup,7,7,nb,0,2048,6,0.296147787,0.000144603,0.000005019,0.000227718,1
warmup,8,8,nb,0,2048,6,0.306185218,0.000149505,0.000004088,0.000232037,1
warmup,9,9,nb,0,2048,6,0.293051872,0.000143092,0.000005480,0.000227739,1
warmup,10,10,nb,0,2048,6,0.327224740,0.000159778,0.000004638,0.000236876,1
warmup,11,11,nb,0,2048,6,0.293594430,0.000143357,0.000005450,0.000230942,1
warmup,12,12,nb,0,2048,6,0.330362278,0.000161310,0.000005069,0.000235832,1
warmup,13,13,nb,0,2048,6,0.294969950,0.000144028,0.000004308,0.000226645,1
warmup,14,14,nb,0,2048,6,0.323331672,0.000157877,0.000004859,0.000246602,1
warmup,15,15,nb,0,2048,6,0.286450628,0.000139868,0.000010510,0.000225333,1
warmup,16,16,nb,0,2048,6,0.323043497,0.000157736,0.000004509,0.000238719,1
warmup,17,17,nb,0,2048,6,0.288562468,0.000140900,0.000004017,0.000217950,1
warmup,18,18,nb,0,2048,6,0.323919247,0.000158164,0.000004258,0.000232577,1
warmup,19,19,nb,0,2048,6,0.292309579,0.000142729,0.000003837,0.000225893,1
warmup,20,20,nb,0,2048,6,0.327113417,0.000159723,0.000004829,0.000240092,1
warmup,21,21,nb,0,2048,6,0.300783939,0.000146867,0.000004839,0.000225813,1
warmup,22,22,nb,0,2048,6,0.317416883,0.000154989,0.000004870,0.000241993,1
warmup,23,23,nb,0,2048,6,0.298654886,0.000145828,0.000004318,0.000230434,1
warmup,24,24,nb,0,2048,6,0.319082217,0.000155802,0.000004157,0.000231073,1
warmup,25,25,nb,0,2048,6,0.282454393,0.000137917,0.000004017,0.000221315,1
warmup,26,26,nb,0,2048,6,0.326357034,0.000159354,0.000003606,0.000247434,1
warmup,27,27,nb,0,2048,6,0.298622660,0.000145812,0.000005250,0.000232856,1
warmup,28,28,nb,0,2048,6,0.322830337,0.000157632,0.000004739,0.000243235,1
warmup,29,29,nb,0,2048,6,0.294077109,0.000143592,0.000007564,0.000222698,1
warmup,30,30,nb,0,2048,6,0.311574463,0.000152136,0.000004929,0.000232025,1
warmup,31,31,nb,0,2048,6,0.294512526,0.000143805,0.000004999,0.000230653,1
warmup,32,32,nb,0,2048,6,0.329583374,0.000160929,0.000004809,0.000230083,1
warmup,33,33,nb,0,2048,6,0.294741871,0.000143917,0.000004058,0.000225354,1
warmup,34,34,nb,0,2048,6,0.336756421,0.000164432,0.000004759,0.000246542,1
warmup,35,35,nb,0,2048,6,0.296929140,0.000144985,0.000005380,0.000228979,1
warmup,36,36,nb,0,2048,6,0.330476265,0.000161365,0.000005401,0.000249928,1
warmup,37,37,nb,0,2048,6,0.298310679,0.000145660,0.000004088,0.000223962,1
warmup,38,38,nb,0,2048,6,0.327685817,0.000160003,0.000004719,0.000243078,1
warmup,39,39,nb,0,2048,6,0.296905530,0.000144973,0.000009528,0.000221217,1
warmup,40,40,nb,0,2048,6,0.347789808,0.000169819,0.000004027,0.000252473,1
warmup,41,41,nb,0,2048,6,0.281499675,0.000137451,0.000003888,0.000219554,1
warmup,42,42,nb,0,2048,6,0.328121323,0.000160215,0.000004859,0.000244718,1
warmup,43,43,nb,0,2048,6,0.293753628,0.000143434,0.000005010,0.000215075,1
warmup,44,44,nb,0,2048,6,0.319857242,0.000156180,0.000003747,0.000244588,1
warmup,45,45,nb,0,2048,6,0.301579973,0.000147256,0.000005330,0.000226996,1
warmup,46,46,nb,0,2048,6,0.327901290,0.000160108,0.000005019,0.000239448,1
warmup,47,47,nb,0,2048,6,0.290235665,0.000141717,0.000004008,0.000226714,1
warmup,48,48,nb,0,2048,6,0.330347541,0.000161303,0.000004829,0.000242935,1
warmup,49,49,nb,0,2048,6,0.290663163,0.000141925,0.000005560,0.000225934,1
actual,0,50,nb,0,2048,6,0.328790752,0.000160542,0.000004949,0.000236323,1
actual,1,51,nb,0,2048,6,0.306620612,0.000149717,0.000005480,0.000226467,1
actual,2,52,nb,0,2048,6,0.319896545,0.000156199,0.000004107,0.000473168,1
actual,3,53,nb,0,2048,6,0.299628676,0.000146303,0.000003416,0.000229031,1
actual,4,54,nb,0,2048,6,0.322479593,0.000157461,0.000004709,0.000240723,1
actual,5,55,nb,0,2048,6,0.302247077,0.000147582,0.000004609,0.000231955,1
actual,6,56,nb,0,2048,6,0.318846852,0.000155687,0.000004849,0.000247254,1
actual,7,57,nb,0,2048,6,0.304004991,0.000148440,0.000005671,0.000219552,1
actual,8,58,nb,0,2048,6,0.317344670,0.000154953,0.000004799,0.000236884,1
actual,9,59,nb,0,2048,6,0.281227379,0.000137318,0.000003987,0.000214592,1
actual,10,60,nb,0,2048,6,0.316078354,0.000154335,0.000003676,0.000235593,1
actual,11,61,nb,0,2048,6,0.300606707,0.000146781,0.000004118,0.000228781,1
actual,12,62,nb,0,2048,6,0.326408660,0.000159379,0.000005210,0.000240642,1
actual,13,63,nb,0,2048,6,0.288291642,0.000140767,0.000004208,0.000217238,1
actual,14,64,nb,0,2048,6,0.333442588,0.000162814,0.000004749,0.000246342,1
actual,15,65,nb,0,2048,6,0.298237210,0.000145624,0.000010149,0.000231366,1
actual,16,66,nb,0,2048,6,0.330740448,0.000161494,0.000004989,0.000241083,1
actual,17,67,nb,0,2048,6,0.296477205,0.000144764,0.000005240,0.000229530,1
actual,18,68,nb,0,2048,6,0.326860550,0.000159600,0.000005680,0.000239689,1
actual,19,69,nb,0,2048,6,0.296284588,0.000144670,0.000005490,0.000226544,1
actual,20,70,nb,0,2048,6,0.319881554,0.000156192,0.000005270,0.000237464,1
actual,21,71,nb,0,2048,6,0.292720522,0.000142930,0.000004819,0.000223258,1
actual,22,72,nb,0,2048,6,0.320370141,0.000156431,0.000004869,0.000234853,1
actual,23,73,nb,0,2048,6,0.297378562,0.000145204,0.000004078,0.000231376,1
actual,24,74,nb,0,2048,6,0.316548454,0.000154565,0.000004859,0.000235902,1
actual,25,75,nb,0,2048,6,0.297901715,0.000145460,0.000005450,0.000228320,1
actual,26,76,nb,0,2048,6,0.325766953,0.000159066,0.000004829,0.000236513,1
actual,27,77,nb,0,2048,6,0.306666737,0.000149740,0.000005230,0.000232948,1
actual,28,78,nb,0,2048,6,0.324232705,0.000158317,0.000004839,0.000236263,1
actual,29,79,nb,0,2048,6,0.295312572,0.000144196,0.000004499,0.000225312,1
actual,30,80,nb,0,2048,6,0.329101855,0.000160694,0.000004980,0.000238998,1
actual,31,81,nb,0,2048,6,0.298999447,0.000145996,0.000004108,0.000225183,1
actual,32,82,nb,0,2048,6,0.332706453,0.000162454,0.000004959,0.000245453,1
actual,33,83,nb,0,2048,6,0.294912877,0.000144000,0.000004118,0.000220866,1
actual,34,84,nb,0,2048,6,0.320307789,0.000156400,0.000004839,0.000235061,1
actual,35,85,nb,0,2048,6,0.299944608,0.000146457,0.000004799,0.000228648,1
actual,36,86,nb,0,2048,6,0.310231231,0.000151480,0.000004689,0.000230131,1
actual,37,87,nb,0,2048,6,0.301669046,0.000147299,0.000005120,0.000235621,1
actual,38,88,nb,0,2048,6,0.323029310,0.000157729,0.000004739,0.000243256,1
actual,39,89,nb,0,2048,6,0.302720668,0.000147813,0.000005230,0.000242644,1
actual,40,90,nb,0,2048,6,0.320369597,0.000156430,0.000004108,0.000240681,1
actual,41,91,nb,0,2048,6,0.286791497,0.000140035,0.000003927,0.000224463,1
actual,42,92,nb,0,2048,6,0.318174312,0.000155359,0.000004108,0.000231375,1
actual,43,93,nb,0,2048,6,0.301895754,0.000147410,0.000004749,0.000219493,1
actual,44,94,nb,0,2048,6,0.319795767,0.000156150,0.000003957,0.000261009,1
actual,45,95,nb,0,2048,6,0.303591546,0.000148238,0.000004889,0.000245400,1
actual,46,96,nb,0,2048,6,0.319496887,0.000156004,0.000005210,0.000235651,1
actual,47,97,nb,0,2048,6,0.294655172,0.000143875,0.000004288,0.000221658,1
actual,48,98,nb,0,2048,6,0.331535899,0.000161883,0.000004879,0.000238178,1
actual,49,99,nb,0,2048,6,0.292686589,0.000142913,0.000004058,0.000225282,1
warmup,0,0,nb,0,2048,8,0.307976687,0.000150379,0.000003897,0.000231384,1
warmup,1,1,nb,0,2048,8,0.316473329,0.000154528,0.000005630,0.000236676,1
warmup,2,2,nb,0,2048,8,0.329314584,0.000160798,0.000004980,0.000245470,1
warmup,3,3,nb,0,2048,8,0.299923541,0.000146447,0.000005150,0.000218932,1
warmup,4,4,nb,0,2048,8,0.308809134,0.000150786,0.000004007,0.000237919,1
warmup,5,5,nb,0,2048,8,0.280238162,0.000136835,0.000003877,0.000215726,1
warmup,6,6,nb,0,2048,8,0.325754575,0.000159060,0.000003767,0.000245039,1
warmup,7,7,nb,0,2048,8,0.295089977,0.000144087,0.000007694,0.000224130,1
warmup,8,8,nb,0,2048,8,0.330998881,0.000161621,0.000004709,0.000246422,1
warmup,9,9,nb,0,2048,8,0.293689342,0.000143403,0.000005480,0.000225462,1
warmup,10,10,nb,0,2048,8,0.329657956,0.000160966,0.000004829,0.000238349,1
warmup,11,11,nb,0,2048,8,0.293928789,0.000143520,0.000004889,0.000223689,1
warmup,12,12,nb,0,2048,8,0.335326027,0.000163733,0.000004869,0.000256531,1
warmup,13,13,nb,0,2048,8,0.303293496,0.000148093,0.000005390,0.000234118,1
warmup,14,14,nb,0,2048,8,0.311723982,0.000152209,0.000004118,0.000238107,1
warmup,15,15,nb,0,2048,8,0.300154593,0.000146560,0.000003917,0.000229409,1
warmup,16,16,nb,0,2048,8,0.310981421,0.000151846,0.000003898,0.000238740,1
warmup,17,17,nb,0,2048,8,0.363292431,0.000177389,0.000003938,0.000290545,1
warmup,18,18,nb,0,2048,8,0.316037084,0.000154315,0.000004188,0.000231285,1
warmup,19,19,nb,0,2048,8,0.292972895,0.000143053,0.000004167,0.000224601,1
warmup,20,20,nb,0,2048,8,0.337260449,0.000164678,0.000006933,0.000242835,1
warmup,21,21,nb,0,2048,8,0.300293905,0.000146628,0.000004799,0.000235283,1
warmup,22,22,nb,0,2048,8,0.329386847,0.000160833,0.000004308,0.000244077,1
warmup,23,23,nb,0,2048,8,0.294156523,0.000143631,0.000008676,0.000236613,1
warmup,24,24,nb,0,2048,8,0.324882554,0.000158634,0.000004939,0.000240190,1
warmup,25,25,nb,0,2048,8,0.282401606,0.000137891,0.000003907,0.000223679,1
warmup,26,26,nb,0,2048,8,0.329012616,0.000160651,0.000004839,0.000245771,1
warmup,27,27,nb,0,2048,8,0.299374920,0.000146179,0.000004097,0.000230784,1
warmup,28,28,nb,0,2048,8,0.338551555,0.000165308,0.000004869,0.000262922,1
warmup,29,29,nb,0,2048,8,0.295232069,0.000144156,0.000004248,0.000218690,1
warmup,30,30,nb,0,2048,8,0.326333819,0.000159343,0.000004779,0.000235101,1
warmup,31,31,nb,0,2048,8,0.300481370,0.000146719,0.000004468,0.000219882,1
warmup,32,32,nb,0,2048,8,0.329918364,0.000161093,0.000004068,0.000252055,1
warmup,33,33,nb,0,2048,8,0.290594410,0.000141892,0.000004087,0.000221685,1
warmup,34,34,nb,0,2048,8,0.327529439,0.000159926,0.000004839,0.000241241,1
warmup,35,35,nb,0,2048,8,0.299527804,0.000146254,0.000005991,0.000225524,1
warmup,36,36,nb,0,2048,8,0.337179585,0.000164638,0.000005490,0.000243607,1
warmup,37,37,nb,0,2048,8,0.302050089,0.000147485,0.000004859,0.000233427,1
warmup,38,38,nb,0,2048,8,0.318312365,0.000155426,0.000004418,0.000231002,1
warmup,39,39,nb,0,2048,8,0.302325999,0.000147620,0.000004759,0.000231073,1
warmup,40,40,nb,0,2048,8,0.320169641,0.000156333,0.000003907,0.000234990,1
warmup,41,41,nb,0,2048,8,0.291230448,0.000142202,0.000004869,0.000221555,1
warmup,42,42,nb,0,2048,8,0.326105027,0.000159231,0.000004599,0.000245500,1
warmup,43,43,nb,0,2048,8,0.288224320,0.000140735,0.000006822,0.000218379,1
warmup,44,44,nb,0,2048,8,0.335116196,0.000163631,0.000004849,0.000243025,1
warmup,45,45,nb,0,2048,8,0.290363318,0.000141779,0.000005160,0.000219311,1
warmup,46,46,nb,0,2048,8,0.320672688,0.000156578,0.000003908,0.000242364,1
warmup,47,47,nb,0,2048,8,0.288021222,0.000140635,0.000004188,0.000226487,1
warmup,48,48,nb,0,2048,8,0.314651085,0.000153638,0.000003486,0.000230191,1
warmup,49,49,nb,0,2048,8,0.301127863,0.000147035,0.000004559,0.000224513,1
actual,0,50,nb,0,2048,8,0.325427050,0.000158900,0.000004669,0.000237175,1
actual,1,51,nb,0,2048,8,0.299169417,0.000146079,0.000004318,0.000234940,1
actual,2,52,nb,0,2048,8,0.321686329,0.000157073,0.000005169,0.000239902,1
actual,3,53,nb,0,2048,8,0.297599155,0.000145312,0.000003837,0.000229360,1
actual,4,54,nb,0,2048,8,0.344413655,0.000168171,0.000004959,0.000248094,1
actual,5,55,nb,0,2048,8,0.293958152,0.000143534,0.000006943,0.000223369,1
actual,6,56,nb,0,2048,8,0.327181490,0.000159757,0.000004779,0.000240811,1
actual,7,57,nb,0,2048,8,0.302702971,0.000147804,0.000004869,0.000229801,1
actual,8,58,nb,0,2048,8,0.311990411,0.000152339,0.000004799,0.000228798,1
actual,9,59,nb,0,2048,8,0.288694293,0.000140964,0.000004108,0.000228501,1
actual,10,60,nb,0,2048,8,0.326075533,0.000159217,0.000003777,0.000244481,1
actual,11,61,nb,0,2048,8,0.295315539,0.000144197,0.000004068,0.000230031,1
actual,12,62,nb,0,2048,8,0.325404353,0.000158889,0.000003987,0.000239188,1
actual,13,63,nb,0,2048,8,0.296835770,0.000144939,0.000005440,0.000224842,1
actual,14,64,nb,0,2048,8,0.314478874,0.000153554,0.000004899,0.000233757,1
actual,15,65,nb,0,2048,8,0.291533940,0.000142351,0.000004078,0.000228649,1
actual,16,66,nb,0,2048,8,0.320286027,0.000156390,0.000004789,0.000241131,1
actual,17,67,nb,0,2048,8,0.297174378,0.000145105,0.000004629,0.000227247,1
actual,18,68,nb,0,2048,8,0.319422309,0.000155968,0.000005049,0.000235532,1
actual,19,69,nb,0,2048,8,0.296043618,0.000144553,0.000004128,0.000227148,1
actual,20,70,nb,0,2048,8,0.332911242,0.000162554,0.000004588,0.000240562,1
actual,21,71,nb,0,2048,8,0.305190233,0.000149019,0.000004809,0.000220565,1
actual,22,72,nb,0,2048,8,0.330636776,0.000161444,0.000004749,0.000245229,1
actual,23,73,nb,0,2048,8,0.290346321,0.000141771,0.000003908,0.000224562,1
actual,24,74,nb,0,2048,8,0.327734615,0.000160027,0.000005240,0.000257433,1
actual,25,75,nb,0,2048,8,0.297121362,0.000145079,0.000004058,0.000233669,1
actual,26,76,nb,0,2048,8,0.316812826,0.000154694,0.000003526,0.000239489,1
actual,27,77,nb,0,2048,8,0.301841372,0.000147383,0.000005490,0.000230252,1
actual,28,78,nb,0,2048,8,0.308088650,0.000150434,0.000003957,0.000232266,1
actual,29,79,nb,0,2048,8,0.305022354,0.000148937,0.000004288,0.000241672,1
actual,30,80,nb,0,2048,8,0.341944372,0.000166965,0.000004939,0.000259506,1
actual,31,81,nb,0,2048,8,0.291690831,0.000142427,0.000005200,0.000250681,1
actual,32,82,nb,0,2048,8,0.331226431,0.000161732,0.000004809,0.000244057,1
actual,33,83,nb,0,2048,8,0.303866222,0.000148372,0.000005300,0.000225081,1
actual,34,84,nb,0,2048,8,0.324060999,0.000158233,0.000004990,0.000240190,1
actual,35,85,nb,0,2048,8,0.286246700,0.000139769,0.000005130,0.000220503,1
actual,36,86,nb,0,2048,8,0.329209260,0.000160747,0.000004810,0.000241803,1
actual,37,87,nb,0,2048,8,0.288536569,0.000140887,0.000003918,0.000230013,1
actual,38,88,nb,0,2048,8,0.324247534,0.000158324,0.000004969,0.000249928,1
actual,39,89,nb,0,2048,8,0.304927883,0.000148891,0.000004889,0.000228318,1
actual,40,90,nb,0,2048,8,0.319228975,0.000155874,0.000005270,0.000248115,1
actual,41,91,nb,0,2048,8,0.296496649,0.000144774,0.000003997,0.000228148,1
actual,42,92,nb,0,2048,8,0.328333740,0.000160319,0.000004969,0.000236425,1
actual,43,93,nb,0,2048,8,0.301395730,0.000147166,0.000004759,0.000224100,1
actual,44,94,nb,0,2048,8,0.322232823,0.000157340,0.000004628,0.000239900,1
actual,45,95,nb,0,2048,8,0.293610031,0.000143364,0.000003837,0.000228969,1
actual,46,96,nb,0,2048,8,0.324225882,0.000158313,0.000004859,0.000241993,1
actual,47,97,nb,0,2048,8,0.293200557,0.000143164,0.000003907,0.000227007,1
actual,48,98,nb,0,2048,8,0.320232348,0.000156363,0.000003587,0.000243316,1
actual,49,99,nb,0,2048,8,0.298415828,0.000145711,0.000003767,0.000231143,1
warmup,0,0,nb,0,2048,12,0.322798710,0.000157617,0.000003536,0.000240882,1
warmup,1,1,nb,0,2048,12,0.292534787,0.000142839,0.000005630,0.000216266,1
warmup,2,2,nb,0,2048,12,0.313727841,0.000153187,0.000004057,0.000234128,1
warmup,3,3,nb,0,2048,12,0.297596360,0.000145311,0.000004659,0.000231183,1
warmup,4,4,nb,0,2048,12,0.322480207,0.000157461,0.000004579,0.000241312,1
warmup,5,5,nb,0,2048,12,0.299336215,0.000146160,0.000004999,0.000221427,1
warmup,6,6,nb,0,2048,12,0.322194009,0.000157321,0.000003667,0.000249678,1
warmup,7,7,nb,0,2048,12,0.302574908,0.000147742,0.000005610,0.000234572,1
warmup,8,8,nb,0,2048,12,0.329435468,0.000160857,0.000005130,0.000241873,1
warmup,9,9,nb,0,2048,12,0.296772237,0.000144908,0.000005039,0.000228300,1
warmup,10,10,nb,0,2048,12,0.335231961,0.000163687,0.000004949,0.000241773,1
warmup,11,11,nb,0,2048,12,0.287636907,0.000140448,0.000003978,0.000225362,1
warmup,12,12,nb,0,2048,12,0.321335725,0.000156902,0.000004118,0.000236245,1
warmup,13,13,nb,0,2048,12,0.278764526,0.000136115,0.000004048,0.000222600,1
warmup,14,14,nb,0,2048,12,0.312810935,0.000152740,0.000004819,0.000229280,1
warmup,15,15,nb,0,2048,12,0.300574363,0.000146765,0.000005551,0.000221715,1
warmup,16,16,nb,0,2048,12,0.333872858,0.000163024,0.000004629,0.000242865,1
warmup,17,17,nb,0,2048,12,0.330157705,0.000161210,0.000004900,0.000249668,1
warmup,18,18,nb,0,2048,12,0.320838453,0.000156659,0.000004028,0.000238981,1
warmup,19,19,nb,0,2048,12,0.293326895,0.000143226,0.000003887,0.000224901,1
warmup,20,20,nb,0,2048,12,0.320647075,0.000156566,0.000003717,0.000240160,1
warmup,21,21,nb,0,2048,12,0.300390765,0.000146675,0.000003897,0.000234540,1
warmup,22,22,nb,0,2048,12,0.330221261,0.000161241,0.000004939,0.000237916,1
warmup,23,23,nb,0,2048,12,0.305530791,0.000149185,0.000005591,0.000238307,1
warmup,24,24,nb,0,2048,12,0.326497175,0.000159422,0.000005010,0.000251651,1
warmup,25,25,nb,0,2048,12,0.294301631,0.000143702,0.000004238,0.000223519,1
warmup,26,26,nb,0,2048,12,0.319662574,0.000156085,0.000004048,0.000242364,1
warmup,27,27,nb,0,2048,12,0.296214823,0.000144636,0.000004028,0.000221366,1
warmup,28,28,nb,0,2048,12,0.318268800,0.000155405,0.000003908,0.000238968,1
warmup,29,29,nb,0,2048,12,0.301068304,0.000147006,0.000005019,0.000232215,1
warmup,30,30,nb,0,2048,12,0.320648173,0.000156566,0.000004638,0.000235513,1
warmup,31,31,nb,0,2048,12,0.294477680,0.000143788,0.000005400,0.000222128,1
warmup,32,32,nb,0,2048,12,0.318542795,0.000155538,0.000003768,0.000241743,1
warmup,33,33,nb,0,2048,12,0.314045038,0.000153342,0.000005861,0.000228869,1
warmup,34,34,nb,0,2048,12,0.327944599,0.000160129,0.000005170,0.000244479,1
warmup,35,35,nb,0,2048,12,0.284022566,0.000138683,0.000003858,0.000224443,1
warmup,36,36,nb,0,2048,12,0.328764088,0.000160529,0.000005120,0.000240491,1
warmup,37,37,nb,0,2048,12,0.312805944,0.000152737,0.000004769,0.000234228,1
warmup,38,38,nb,0,2048,12,0.328120940,0.000160215,0.000004819,0.000239739,1
warmup,39,39,nb,0,2048,12,0.305963740,0.000149396,0.000004829,0.000232007,1
warmup,40,40,nb,0,2048,12,0.331312667,0.000161774,0.000005179,0.000248336,1
warmup,41,41,nb,0,2048,12,0.294044858,0.000143577,0.000004038,0.000226787,1
warmup,42,42,nb,0,2048,12,0.322712012,0.000157574,0.000004870,0.000235832,1
warmup,43,43,nb,0,2048,12,0.295614541,0.000144343,0.000004779,0.000225414,1
warmup,44,44,nb,0,2048,12,0.312249175,0.000152465,0.000003988,0.000230541,1
warmup,45,45,nb,0,2048,12,0.301552828,0.000147243,0.000003998,0.000232345,1
warmup,46,46,nb,0,2048,12,0.320245662,0.000156370,0.000004929,0.000234913,1
warmup,47,47,nb,0,2048,12,0.299656412,0.000146317,0.000004137,0.000234720,1
warmup,48,48,nb,0,2048,12,0.328303264,0.000160304,0.000004959,0.000249467,1
warmup,49,49,nb,0,2048,12,0.298957733,0.000145975,0.000005249,0.000223528,1
actual,0,50,nb,0,2048,12,0.325952179,0.000159156,0.000004639,0.000242454,1
actual,1,51,nb,0,2048,12,0.301482176,0.000147208,0.000005761,0.000234281,1
actual,2,52,nb,0,2048,12,0.310132638,0.000151432,0.000004728,0.000233127,1
actual,3,53,nb,0,2048,12,0.301158227,0.000147050,0.000004759,0.000220052,1
actual,4,54,nb,0,2048,12,0.318504310,0.000155520,0.000005210,0.000229051,1
actual,5,55,nb,0,2048,12,0.297594269,0.000145310,0.000004088,0.000229542,1
actual,6,56,nb,0,2048,12,0.330175522,0.000161219,0.000004789,0.000248716,1
actual,7,57,nb,0,2048,12,0.292254526,0.000142702,0.000004088,0.000228119,1
actual,8,58,nb,0,2048,12,0.335069682,0.000163608,0.000004809,0.000252914,1
actual,9,59,nb,0,2048,12,0.299721058,0.000146348,0.000005310,0.000224252,1
actual,10,60,nb,0,2048,12,0.323855230,0.000158132,0.000004849,0.000237625,1
actual,11,61,nb,0,2048,12,0.292833193,0.000142985,0.000005370,0.000232556,1
actual,12,62,nb,0,2048,12,0.310613089,0.000151667,0.000005080,0.000233707,1
actual,13,63,nb,0,2048,12,0.293737955,0.000143427,0.000004989,0.000232665,1
actual,14,64,nb,0,2048,12,0.334368426,0.000163266,0.000004749,0.000248295,1
actual,15,65,nb,0,2048,12,0.302920791,0.000147911,0.000004869,0.000224200,1
actual,16,66,nb,0,2048,12,0.324617219,0.000158505,0.000004478,0.000243658,1
actual,17,67,nb,0,2048,12,0.298190556,0.000145601,0.000003867,0.000231724,1
actual,18,68,nb,0,2048,12,0.316523148,0.000154552,0.000005179,0.000233377,1
actual,19,69,nb,0,2048,12,0.296718409,0.000144882,0.000004879,0.000226023,1
actual,20,70,nb,0,2048,12,0.326192052,0.000159273,0.000003857,0.000243487,1
actual,21,71,nb,0,2048,12,0.296842186,0.000144942,0.000005239,0.000221666,1
actual,22,72,nb,0,2048,12,0.315048401,0.000153832,0.000003637,0.000233738,1
actual,23,73,nb,0,2048,12,0.294549376,0.000143823,0.000004338,0.000225622,1
actual,24,74,nb,0,2048,12,0.322461366,0.000157452,0.000004669,0.000243556,1
actual,25,75,nb,0,2048,12,0.294300963,0.000143702,0.000004028,0.000226366,1
actual,26,76,nb,0,2048,12,0.311116872,0.000151913,0.000003927,0.000233938,1
actual,27,77,nb,0,2048,12,0.296172290,0.000144615,0.000004107,0.000240521,1
actual,28,78,nb,0,2048,12,0.316289821,0.000154438,0.000004939,0.000255569,1
actual,29,79,nb,0,2048,12,0.289741452,0.000141475,0.000004920,0.000232275,1
actual,30,80,nb,0,2048,12,0.324800012,0.000158594,0.000003667,0.000247354,1
actual,31,81,nb,0,2048,12,0.301681802,0.000147306,0.000003918,0.000225252,1
actual,32,82,nb,0,2048,12,0.327144430,0.000159738,0.000004829,0.000245600,1
actual,33,83,nb,0,2048,12,0.302967798,0.000147933,0.000005601,0.000235052,1
actual,34,84,nb,0,2048,12,0.318807661,0.000155668,0.000004178,0.000238789,1
actual,35,85,nb,0,2048,12,0.294966897,0.000144027,0.000004018,0.000222369,1
actual,36,86,nb,0,2048,12,0.321335967,0.000156902,0.000005069,0.000238469,1
actual,37,87,nb,0,2048,12,0.297115756,0.000145076,0.000003917,0.000225665,1
actual,38,88,nb,0,2048,12,0.338822241,0.000165441,0.000004890,0.000258865,1
actual,39,89,nb,0,2048,12,0.309388238,0.000151068,0.000003476,0.000242545,1
actual,40,90,nb,0,2048,12,0.339779393,0.000165908,0.000003787,0.000253906,1
actual,41,91,nb,0,2048,12,0.300895207,0.000146921,0.000004709,0.000232037,1
actual,42,92,nb,0,2048,12,0.327281430,0.000159805,0.000003727,0.000238819,1
actual,43,93,nb,0,2048,12,0.276246724,0.000134886,0.000003917,0.000217367,1
actual,44,94,nb,0,2048,12,0.333029833,0.000162612,0.000004749,0.000245540,1
actual,45,95,nb,0,2048,12,0.307977348,0.000150380,0.000005470,0.000236154,1
actual,46,96,nb,0,2048,12,0.317495134,0.000155027,0.000003717,0.000238398,1
actual,47,97,nb,0,2048,12,0.288079957,0.000140664,0.000003978,0.000221297,1
actual,48,98,nb,0,2048,12,0.322208008,0.000157328,0.000005080,0.000240661,1
actual,49,99,nb,0,2048,12,0.304383847,0.000148625,0.000005330,0.000233898,1
warmup,0,0,nb,0,2048,16,0.330729131,0.000161489,0.000003727,0.000244130,1
warmup,1,1,nb,0,2048,16,0.308377076,0.000150575,0.000005340,0.000225783,1
warmup,2,2,nb,0,2048,16,0.310468377,0.000151596,0.000003697,0.000227516,1
warmup,3,3,nb,0,2048,16,0.296894838,0.000144968,0.000003997,0.000223148,1
warmup,4,4,nb,0,2048,16,0.323075444,0.000157752,0.000004779,0.000240441,1
warmup,5,5,nb,0,2048,16,0.290758125,0.000141972,0.000009397,0.000222727,1
warmup,6,6,nb,0,2048,16,0.327108296,0.000159721,0.000003747,0.000239170,1
warmup,7,7,nb,0,2048,16,0.291336057,0.000142254,0.000003927,0.000228941,1
warmup,8,8,nb,0,2048,16,0.323668156,0.000158041,0.000004789,0.000241603,1
warmup,9,9,nb,0,2048,16,0.301669753,0.000147300,0.000007153,0.000226956,1
warmup,10,10,nb,0,2048,16,0.311285674,0.000151995,0.000004759,0.000236775,1
warmup,11,11,nb,0,2048,16,0.311995269,0.000152341,0.000005470,0.000232968,1
warmup,12,12,nb,0,2048,16,0.328510367,0.000160405,0.000005250,0.000245320,1
warmup,13,13,nb,0,2048,16,0.294712407,0.000143903,0.000005269,0.000228541,1
warmup,14,14,nb,0,2048,16,0.331442208,0.000161837,0.000004919,0.000238349,1
warmup,15,15,nb,0,2048,16,0.293236253,0.000143182,0.000003868,0.000233027,1
warmup,16,16,nb,0,2048,16,0.318564594,0.000155549,0.000004819,0.000234803,1
warmup,17,17,nb,0,2048,16,0.291110216,0.000142144,0.000008667,0.000225041,1
warmup,18,18,nb,0,2048,16,0.331530563,0.000161880,0.000004959,0.000253495,1
warmup,19,19,nb,0,2048,16,0.290857578,0.000142020,0.000003988,0.000221978,1
warmup,20,20,nb,0,2048,16,0.365442558,0.000178439,0.000010780,0.000259419,1
warmup,21,21,nb,0,2048,16,0.298763756,0.000145881,0.000004839,0.000225883,1
warmup,22,22,nb,0,2048,16,0.332824244,0.000162512,0.000004949,0.000245711,1
warmup,23,23,nb,0,2048,16,0.293717187,0.000143417,0.000004057,0.000217619,1
warmup,24,24,nb,0,2048,16,0.339421177,0.000165733,0.000005130,0.000243959,1
warmup,25,25,nb,0,2048,16,0.300547354,0.000146752,0.000007114,0.000227345,1
warmup,26,26,nb,0,2048,16,0.320059803,0.000156279,0.000003587,0.000240060,1
warmup,27,27,nb,0,2048,16,0.296277817,0.000144667,0.000004719,0.000217438,1
warmup,28,28,nb,0,2048,16,0.324101304,0.000158253,0.000004719,0.000242976,1
warmup,29,29,nb,0,2048,16,0.296814144,0.000144929,0.000004388,0.000237415,1
warmup,30,30,nb,0,2048,16,0.333918152,0.000163046,0.000004589,0.000241312,1
warmup,31,31,nb,0,2048,16,0.292131960,0.000142643,0.000005019,0.000234239,1
warmup,32,32,nb,0,2048,16,0.314748056,0.000153686,0.000004749,0.000230825,1
warmup,33,33,nb,0,2048,16,0.285208447,0.000139262,0.000005391,0.000220553,1
warmup,34,34,nb,0,2048,16,0.340668358,0.000166342,0.000005149,0.000250439,1
warmup,35,35,nb,0,2048,16,0.287990528,0.000140620,0.000004198,0.000226384,1
warmup,36,36,nb,0,2048,16,0.332005539,0.000162112,0.000003676,0.000249297,1
warmup,37,37,nb,0,2048,16,0.297825829,0.000145423,0.000003978,0.000222727,1
warmup,38,38,nb,0,2048,16,0.318006800,0.000155277,0.000004859,0.000241623,1
warmup,39,39,nb,0,2048,16,0.290802572,0.000141993,0.000004829,0.000223381,1
warmup,40,40,nb,0,2048,16,0.321793265,0.000157126,0.000005009,0.000235433,1
warmup,41,41,nb,0,2048,16,0.288179985,0.000140713,0.000004127,0.000222336,1
warmup,42,42,nb,0,2048,16,0.330788650,0.000161518,0.000004859,0.000247253,1
warmup,43,43,nb,0,2048,16,0.293959467,0.000143535,0.000003967,0.000226877,1
warmup,44,44,nb,0,2048,16,0.330669545,0.000161460,0.000004699,0.000237615,1
warmup,45,45,nb,0,2048,16,0.296994062,0.000145017,0.000005390,0.000229770,1
warmup,46,46,nb,0,2048,16,0.305345012,0.000149094,0.000004769,0.000229252,1
warmup,47,47,nb,0,2048,16,0.301397015,0.000147167,0.000004098,0.000235852,1
warmup,48,48,nb,0,2048,16,0.321693201,0.000157077,0.000003637,0.000241222,1
warmup,49,49,nb,0,2048,16,0.288487908,0.000140863,0.000003787,0.000218933,1
actual,0,50,nb,0,2048,16,0.329745302,0.000161008,0.000005340,0.000243266,1
actual,1,51,nb,0,2048,16,0.303662259,0.000148273,0.000004879,0.000227586,1
actual,2,52,nb,0,2048,16,0.331020869,0.000161631,0.000004749,0.000242875,1
actual,3,53,nb,0,2048,16,0.308725041,0.000150745,0.000004849,0.000232045,1
actual,4,54,nb,0,2048,16,0.324065740,0.000158235,0.000004659,0.000239121,1
actual,5,55,nb,0,2048,16,0.292526836,0.000142835,0.000005120,0.000227236,1
actual,6,56,nb,0,2048,16,0.342724978,0.000167346,0.000006001,0.000256851,1
actual,7,57,nb,0,2048,16,0.293305515,0.000143216,0.000004007,0.000228038,1
actual,8,58,nb,0,2048,16,0.324503216,0.000158449,0.000004999,0.000242293,1
actual,9,59,nb,0,2048,16,0.298592916,0.000145797,0.000004819,0.000231363,1
actual,10,60,nb,0,2048,16,0.323744506,0.000158078,0.000004929,0.000250339,1
actual,11,61,nb,0,2048,16,0.321325759,0.000156897,0.000006993,0.000243867,1
actual,12,62,nb,0,2048,16,0.328439505,0.000160371,0.000005070,0.000239208,1
actual,13,63,nb,0,2048,16,0.298427570,0.000145717,0.000005300,0.000231053,1
actual,14,64,nb,0,2048,16,0.333025754,0.000162610,0.000004929,0.000238567,1
actual,15,65,nb,0,2048,16,0.292884935,0.000143010,0.000004108,0.000222237,1
actual,16,66,nb,0,2048,16,0.325016175,0.000158699,0.000004729,0.000240771,1
actual,17,67,nb,0,2048,16,0.309010759,0.000150884,0.000005741,0.000236653,1
actual,18,68,nb,0,2048,16,0.309248715,0.000151000,0.000004168,0.000238467,1
actual,19,69,nb,0,2048,16,0.294376661,0.000143739,0.000005290,0.000225042,1
actual,20,70,nb,0,2048,16,0.328508303,0.000160404,0.000004859,0.000241202,1
actual,21,71,nb,0,2048,16,0.295543569,0.000144308,0.000004729,0.000228779,1
actual,22,72,nb,0,2048,16,0.320262985,0.000156378,0.000003697,0.000239318,1
actual,23,73,nb,0,2048,16,0.297849534,0.000145434,0.000003987,0.000225022,1
actual,24,74,nb,0,2048,16,0.335528114,0.000163832,0.000004929,0.000255208,1
actual,25,75,nb,0,2048,16,0.301601870,0.000147267,0.000008756,0.000230024,1
actual,26,76,nb,0,2048,16,0.329179348,0.000160732,0.000004688,0.000248165,1
actual,27,77,nb,0,2048,16,0.300240487,0.000146602,0.000004678,0.000226094,1
actual,28,78,nb,0,2048,16,0.316473273,0.000154528,0.000003577,0.000236333,1
actual,29,79,nb,0,2048,16,0.292370150,0.000142759,0.000004218,0.000228327,1
actual,30,80,nb,0,2048,16,0.322962379,0.000157696,0.000004949,0.000237505,1
actual,31,81,nb,0,2048,16,0.300077239,0.000146522,0.000004829,0.000230442,1
actual,32,82,nb,0,2048,16,0.315013576,0.000153815,0.000005060,0.000237517,1
actual,33,83,nb,0,2048,16,0.302729288,0.000147817,0.000003888,0.000230441,1
actual,34,84,nb,0,2048,16,0.323956922,0.000158182,0.000005500,0.000237335,1
actual,35,85,nb,0,2048,16,0.299882723,0.000146427,0.000003877,0.000227225,1
actual,36,86,nb,0,2048,16,0.334769089,0.000163461,0.000004629,0.000240861,1
actual,37,87,nb,0,2048,16,0.292185725,0.000142669,0.000003987,0.000224933,1
actual,38,88,nb,0,2048,16,0.324416075,0.000158406,0.000004949,0.000236443,1
actual,39,89,nb,0,2048,16,0.302062064,0.000147491,0.000004940,0.000228919,1
actual,40,90,nb,0,2048,16,0.319820219,0.000156162,0.000005300,0.000236396,1
actual,41,91,nb,0,2048,16,0.295315816,0.000144197,0.000004979,0.000223719,1
actual,42,92,nb,0,2048,16,0.339381506,0.000165714,0.000005029,0.000253074,1
actual,43,93,nb,0,2048,16,0.288965317,0.000141096,0.000005040,0.000219130,1
actual,44,94,nb,0,2048,16,0.320621195,0.000156553,0.000004789,0.000244839,1
actual,45,95,nb,0,2048,16,0.289710620,0.000141460,0.000008887,0.000223970,1
actual,46,96,nb,0,2048,16,0.315825218,0.000154212,0.000004869,0.000238247,1
actual,47,97,nb,0,2048,16,0.300883615,0.000146916,0.000005620,0.000226704,1
actual,48,98,nb,0,2048,16,0.330488272,0.000161371,0.000004949,0.000237798,1
actual,49,99,nb,0,2048,16,0.302745006,0.000147825,0.000004749,0.000226304,1
warmup,0,0,nb,0,2048,24,0.323160745,0.000157793,0.000004709,0.000237515,1
warmup,1,1,nb,0,2048,24,0.301668714,0.000147299,0.000005471,0.000222567,1
warmup,2,2,nb,0,2048,24,0.331091159,0.000161666,0.000003747,0.000249918,1
warmup,3,3,nb,0,2048,24,0.299212986,0.000146100,0.000005691,0.000234629,1
warmup,4,4,nb,0,2048,24,0.321399550,0.000156933,0.000005230,0.000236292,1
warmup,5,5,nb,0,2048,24,0.303163236,0.000148029,0.000004779,0.000232084,1
warmup,6,6,nb,0,2048,24,0.325680257,0.000159024,0.000005009,0.000243997,1
warmup,7,7,nb,0,2048,24,0.288137896,0.000140692,0.000004097,0.000227025,1
warmup,8,8,nb,0,2048,24,0.312645596,0.000152659,0.000003777,0.000239809,1
warmup,9,9,nb,0,2048,24,0.301786876,0.000147357,0.000004879,0.000227128,1
warmup,10,10,nb,0,2048,24,0.345741013,0.000168819,0.000004789,0.000254016,1
warmup,11,11,nb,0,2048,24,0.302598831,0.000147753,0.000004829,0.000228538,1
warmup,12,12,nb,0,2048,24,0.323661079,0.000158038,0.000003937,0.000238357,1
warmup,13,13,nb,0,2048,24,0.295780990,0.000144424,0.000003897,0.000226705,1
warmup,14,14,nb,0,2048,24,0.319744306,0.000156125,0.000004909,0.000236434,1
warmup,15,15,nb,0,2048,24,0.286406581,0.000139847,0.000004058,0.000226484,1
warmup,16,16,nb,0,2048,24,0.319521029,0.000156016,0.000004800,0.000242975,1
warmup,17,17,nb,0,2048,24,0.300117958,0.000146542,0.000004088,0.000226785,1
warmup,18,18,nb,0,2048,24,0.316515433,0.000154549,0.000003927,0.000234119,1
warmup,19,19,nb,0,2048,24,0.292418034,0.000142782,0.000005571,0.000223579,1
warmup,20,20,nb,0,2048,24,0.324364960,0.000158381,0.000004549,0.000242454,1
warmup,21,21,nb,0,2048,24,0.297442482,0.000145236,0.000005180,0.000223118,1
warmup,22,22,nb,0,2048,24,0.331691043,0.000161959,0.000004979,0.000248585,1
warmup,23,23,nb,0,2048,24,0.295040451,0.000144063,0.000005410,0.000223431,1
warmup,24,24,nb,0,2048,24,0.325184867,0.000158782,0.000004789,0.000239611,1
warmup,25,25,nb,0,2048,24,0.296735633,0.000144890,0.000008987,0.000223561,1
warmup,26,26,nb,0,2048,24,0.323527955,0.000157973,0.000004959,0.000241733,1
warmup,27,27,nb,0,2048,24,0.300521013,0.000146739,0.000005360,0.000227950,1
warmup,28,28,nb,0,2048,24,0.462260864,0.000225713,0.000061505,0.000301328,1
warmup,29,29,nb,0,2048,24,0.299557227,0.000146268,0.000005020,0.000224843,1
warmup,30,30,nb,0,2048,24,0.338198246,0.000165136,0.000004879,0.000249038,1
warmup,31,31,nb,0,2048,24,0.294472042,0.000143785,0.000009037,0.000226675,1
warmup,32,32,nb,0,2048,24,0.331476522,0.000161854,0.000003617,0.000245440,1
warmup,33,33,nb,0,2048,24,0.307485156,0.000150139,0.000004739,0.000231774,1
warmup,34,34,nb,0,2048,24,0.332213622,0.000162214,0.000005421,0.000244859,1
warmup,35,35,nb,0,2048,24,0.302959771,0.000147930,0.000004879,0.000230534,1
warmup,36,36,nb,0,2048,24,0.319923128,0.000156212,0.000003707,0.000240240,1
warmup,37,37,nb,0,2048,24,0.291523437,0.000142345,0.000003867,0.000219021,1
warmup,38,38,nb,0,2048,24,0.324699903,0.000158545,0.000004689,0.000247013,1
warmup,39,39,nb,0,2048,24,0.309483774,0.000151115,0.000004819,0.000227005,1
warmup,40,40,nb,0,2048,24,0.317531333,0.000155045,0.000004197,0.000240190,1
warmup,41,41,nb,0,2048,24,0.297656623,0.000145340,0.000003857,0.000228588,1
warmup,42,42,nb,0,2048,24,0.326533817,0.000159440,0.000004749,0.000233068,1
warmup,43,43,nb,0,2048,24,0.298893096,0.000145944,0.000005200,0.000222787,1
warmup,44,44,nb,0,2048,24,0.323640970,0.000158028,0.000003787,0.000254957,1
warmup,45,45,nb,0,2048,24,0.293345626,0.000143235,0.000005711,0.000219171,1
warmup,46,46,nb,0,2048,24,0.318455319,0.000155496,0.000005129,0.000239329,1
warmup,47,47,nb,0,2048,24,0.295337362,0.000144208,0.000003787,0.000227466,1
warmup,48,48,nb,0,2048,24,0.312784628,0.000152727,0.000005190,0.000235341,1
warmup,49,49,nb,0,2048,24,0.294646680,0.000143870,0.000003907,0.000226394,1
actual,0,50,nb,0,2048,24,0.329119419,0.000160703,0.000003526,0.000250208,1
actual,1,51,nb,0,2048,24,0.296621861,0.000144835,0.000005390,0.000226695,1
actual,2,52,nb,0,2048,24,0.327405238,0.000159866,0.000004729,0.000234860,1
actual,3,53,nb,0,2048,24,0.293489600,0.000143305,0.000009047,0.000229530,1
actual,4,54,nb,0,2048,24,0.333070533,0.000162632,0.000007063,0.000245831,1
actual,5,55,nb,0,2048,24,0.300328302,0.000146645,0.000004910,0.000233627,1
actual,6,56,nb,0,2048,24,0.320443249,0.000156466,0.000004008,0.000238046,1
actual,7,57,nb,0,2048,24,0.299660028,0.000146318,0.000005370,0.000223358,1
actual,8,58,nb,0,2048,24,0.324693232,0.000158542,0.000003927,0.000234890,1
actual,9,59,nb,0,2048,24,0.289505244,0.000141360,0.000003887,0.000229242,1
actual,10,60,nb,0,2048,24,0.311526803,0.000152113,0.000003617,0.000233911,1
actual,11,61,nb,0,2048,24,0.299070870,0.000146031,0.000005060,0.000229700,1
actual,12,62,nb,0,2048,24,0.321837487,0.000157147,0.000004108,0.000243466,1
actual,13,63,nb,0,2048,24,0.301976970,0.000147450,0.000003907,0.000336844,1
actual,14,64,nb,0,2048,24,0.329428732,0.000160854,0.000004890,0.000244798,1
actual,15,65,nb,0,2048,24,0.304797313,0.000148827,0.000005160,0.000225204,1
actual,16,66,nb,0,2048,24,0.324782505,0.000158585,0.000004990,0.000246753,1
actual,17,67,nb,0,2048,24,0.293475949,0.000143299,0.000005109,0.000223448,1
actual,18,68,nb,0,2048,24,0.323233417,0.000157829,0.000004799,0.000236934,1
actual,19,69,nb,0,2048,24,0.306491890,0.000149654,0.000004768,0.000226815,1
actual,20,70,nb,0,2048,24,0.323445828,0.000157933,0.000004759,0.000236242,1
actual,21,71,nb,0,2048,24,0.301669726,0.000147300,0.000005400,0.000233929,1
actual,22,72,nb,0,2048,24,0.322373896,0.000157409,0.000004849,0.000236834,1
actual,23,73,nb,0,2048,24,0.299729523,0.000146352,0.000005370,0.000235261,1
actual,24,74,nb,0,2048,24,0.322252480,0.000157350,0.000004809,0.000243766,1
actual,25,75,nb,0,2048,24,0.295433264,0.000144255,0.000003867,0.000228398,1
actual,26,76,nb,0,2048,24,0.327713181,0.000160016,0.000004749,0.000245941,1
actual,27,77,nb,0,2048,24,0.303550304,0.000148218,0.000005430,0.000236372,1
actual,28,78,nb,0,2048,24,0.327156788,0.000159745,0.000004038,0.000240661,1
actual,29,79,nb,0,2048,24,0.294017098,0.000143563,0.000003877,0.000230051,1
actual,30,80,nb,0,2048,24,0.339235939,0.000165643,0.000005070,0.000249468,1
actual,31,81,nb,0,2048,24,0.304255790,0.000148562,0.000005280,0.000227438,1
actual,32,82,nb,0,2048,24,0.316132562,0.000154362,0.000003577,0.000236825,1
actual,33,83,nb,0,2048,24,0.298519639,0.000145762,0.000007023,0.000229633,1
actual,34,84,nb,0,2048,24,0.317570253,0.000155064,0.000005210,0.000238677,1
actual,35,85,nb,0,2048,24,0.294433398,0.000143766,0.000009487,0.000224521,1
actual,36,86,nb,0,2048,24,0.326473126,0.000159411,0.000004689,0.000251651,1
actual,37,87,nb,0,2048,24,0.306153848,0.000149489,0.000004759,0.000236896,1
actual,38,88,nb,0,2048,24,0.323335314,0.000157879,0.000004989,0.000242647,1
actual,39,89,nb,0,2048,24,0.319446270,0.000155980,0.000005820,0.000233540,1
actual,40,90,nb,0,2048,24,0.314470794,0.000153550,0.000003667,0.000239658,1
actual,41,91,nb,0,2048,24,0.297111352,0.000145074,0.000003897,0.000221395,1
actual,42,92,nb,0,2048,24,0.322201990,0.000157325,0.000005009,0.000240741,1
actual,43,93,nb,0,2048,24,0.298104980,0.000145559,0.000004890,0.000228538,1
actual,44,94,nb,0,2048,24,0.328761590,0.000160528,0.000003727,0.000244719,1
actual,45,95,nb,0,2048,24,0.299371960,0.000146178,0.000004207,0.000230562,1
actual,46,96,nb,0,2048,24,0.319530279,0.000156021,0.000004959,0.000238236,1
actual,47,97,nb,0,2048,24,0.289842949,0.000141525,0.000003647,0.000220455,1
actual,48,98,nb,0,2048,24,0.316958673,0.000154765,0.000003697,0.000235243,1
actual,49,99,nb,0,2048,24,0.298049507,0.000145532,0.000005000,0.000227105,1
warmup,0,0,nb,0,2048,32,0.319024679,0.000155774,0.000005090,0.000237457,1
warmup,1,1,nb,0,2048,32,0.293536744,0.000143328,0.000004128,0.000233731,1
warmup,2,2,nb,0,2048,32,0.315342212,0.000153976,0.000004758,0.000239228,1
warmup,3,3,nb,0,2048,32,0.295157012,0.000144120,0.000004919,0.000226374,1
warmup,4,4,nb,0,2048,32,0.333105277,0.000162649,0.000004880,0.000241042,1
warmup,5,5,nb,0,2048,32,0.296796712,0.000144920,0.000004028,0.000224751,1
warmup,6,6,nb,0,2048,32,0.337320609,0.000164707,0.000007485,0.000249236,1
warmup,7,7,nb,0,2048,32,0.297443657,0.000145236,0.000004749,0.000224964,1
warmup,8,8,nb,0,2048,32,0.318109467,0.000155327,0.000003667,0.000241462,1
warmup,9,9,nb,0,2048,32,0.295727535,0.000144398,0.000004849,0.000224200,1
warmup,10,10,nb,0,2048,32,0.322055540,0.000157254,0.000004699,0.000236453,1
warmup,11,11,nb,0,2048,32,0.298710875,0.000145855,0.000003787,0.000231314,1
warmup,12,12,nb,0,2048,32,0.321145570,0.000156809,0.000005310,0.000248897,1
warmup,13,13,nb,0,2048,32,0.295000234,0.000144043,0.000003977,0.000221996,1
warmup,14,14,nb,0,2048,32,0.349275376,0.000170545,0.000004879,0.000258314,1
warmup,15,15,nb,0,2048,32,0.296863264,0.000144953,0.000005400,0.000223881,1
warmup,16,16,nb,0,2048,32,0.336489522,0.000164302,0.000007033,0.000242495,1
warmup,17,17,nb,0,2048,32,0.296425385,0.000144739,0.000005671,0.000226235,1
warmup,18,18,nb,0,2048,32,0.331776653,0.000162000,0.000005019,0.000252763,1
warmup,19,19,nb,0,2048,32,0.303092174,0.000147994,0.000007784,0.000231195,1
warmup,20,20,nb,0,2048,32,0.321740062,0.000157100,0.000005129,0.000246522,1
warmup,21,21,nb,0,2048,32,0.289116504,0.000141170,0.000005380,0.000225763,1
warmup,22,22,nb,0,2048,32,0.330075534,0.000161170,0.000004829,0.000238909,1
warmup,23,23,nb,0,2048,32,0.339589049,0.000165815,0.000004028,0.000584465,1
warmup,24,24,nb,0,2048,32,0.331691092,0.000161959,0.000004679,0.000243709,1
warmup,25,25,nb,0,2048,32,0.295213368,0.000144147,0.000004649,0.000223099,1
warmup,26,26,nb,0,2048,32,0.337418102,0.000164755,0.000004759,0.000243909,1
warmup,27,27,nb,0,2048,32,0.299799277,0.000146386,0.000008346,0.000237705,1
warmup,28,28,nb,0,2048,32,0.332874112,0.000162536,0.000005079,0.000244750,1
warmup,29,29,nb,0,2048,32,0.288243133,0.000140744,0.000004909,0.000221637,1
warmup,30,30,nb,0,2048,32,0.318636576,0.000155584,0.000004889,0.000240872,1
warmup,31,31,nb,0,2048,32,0.299336777,0.000146161,0.000003897,0.000223018,1
warmup,32,32,nb,0,2048,32,0.328702352,0.000160499,0.000004669,0.000240430,1
warmup,33,33,nb,0,2048,32,0.296769829,0.000144907,0.000004248,0.000225445,1
warmup,34,34,nb,0,2048,32,0.317180451,0.000154873,0.000004920,0.000238036,1
warmup,35,35,nb,0,2048,32,0.292108964,0.000142631,0.000004609,0.000227248,1
warmup,36,36,nb,0,2048,32,0.325046184,0.000158714,0.000004609,0.000237165,1
warmup,37,37,nb,0,2048,32,0.306351332,0.000149586,0.000005290,0.000226667,1
warmup,38,38,nb,0,2048,32,0.325955439,0.000159158,0.000003817,0.000243786,1
warmup,39,39,nb,0,2048,32,0.300604215,0.000146779,0.000004137,0.000243366,1
warmup,40,40,nb,0,2048,32,0.325122128,0.000158751,0.000004769,0.000243777,1
warmup,41,41,nb,0,2048,32,0.291933308,0.000142546,0.000003968,0.000222618,1
warmup,42,42,nb,0,2048,32,0.313987603,0.000153314,0.000005080,0.000243206,1
warmup,43,43,nb,0,2048,32,0.297172777,0.000145104,0.000005250,0.000229212,1
warmup,44,44,nb,0,2048,32,0.331076833,0.000161659,0.000008977,0.000243960,1
warmup,45,45,nb,0,2048,32,0.294058240,0.000143583,0.000005280,0.000224451,1
warmup,46,46,nb,0,2048,32,0.324966997,0.000158675,0.000004739,0.000245009,1
warmup,47,47,nb,0,2048,32,0.294688041,0.000143891,0.000004589,0.000219533,1
warmup,48,48,nb,0,2048,32,0.333996396,0.000163084,0.000004999,0.000473260,1
warmup,49,49,nb,0,2048,32,0.308980567,0.000150869,0.000005370,0.000227757,1
actual,0,50,nb,0,2048,32,0.320923799,0.000156701,0.000003798,0.000244107,1
actual,1,51,nb,0,2048,32,0.296422026,0.000144737,0.000005210,0.000229861,1
actual,2,52,nb,0,2048,32,0.320713710,0.000156598,0.000003437,0.000362331,1
actual,3,53,nb,0,2048,32,0.291427815,0.000142299,0.000003957,0.000227579,1
actual,4,54,nb,0,2048,32,0.320680423,0.000156582,0.000003988,0.000243546,1
actual,5,55,nb,0,2048,32,0.308278791,0.000150527,0.000005430,0.000235013,1
actual,6,56,nb,0,2048,32,0.322786382,0.000157611,0.000004709,0.000239751,1
actual,7,57,nb,0,2048,32,0.303629586,0.000148257,0.000004819,0.000231787,1
actual,8,58,nb,0,2048,32,0.330325628,0.000161292,0.000004809,0.000251761,1
actual,9,59,nb,0,2048,32,0.300493150,0.000146725,0.000005050,0.000224681,1
actual,10,60,nb,0,2048,32,0.335951798,0.000164039,0.000003907,0.000245570,1
actual,11,61,nb,0,2048,32,0.301068522,0.000147006,0.000004228,0.000228428,1
actual,12,62,nb,0,2048,32,0.319248847,0.000155883,0.000004749,0.000245199,1
actual,13,63,nb,0,2048,32,0.293858117,0.000143485,0.000005410,0.000224623,1
actual,14,64,nb,0,2048,32,0.320988287,0.000156733,0.000004889,0.000239420,1
actual,15,65,nb,0,2048,32,0.300198032,0.000146581,0.000004979,0.000227305,1
actual,16,66,nb,0,2048,32,0.326509458,0.000159428,0.000005270,0.000241212,1
actual,17,67,nb,0,2048,32,0.300987910,0.000146967,0.000004960,0.000221926,1
actual,18,68,nb,0,2048,32,0.320298654,0.000156396,0.000004959,0.000241462,1
actual,19,69,nb,0,2048,32,0.288245489,0.000140745,0.000003847,0.000226054,1
actual,20,70,nb,0,2048,32,0.333031596,0.000162613,0.000004779,0.000236813,1
actual,21,71,nb,0,2048,32,0.299870214,0.000146421,0.000004970,0.000228691,1
actual,22,72,nb,0,2048,32,0.318174357,0.000155359,0.000003867,0.000243096,1
actual,23,73,nb,0,2048,32,0.295961432,0.000144512,0.000003978,0.000226066,1
actual,24,74,nb,0,2048,32,0.327527581,0.000159926,0.000004839,0.000239970,1
actual,25,75,nb,0,2048,32,0.293817539,0.000143466,0.000003998,0.000229482,1
actual,26,76,nb,0,2048,32,0.337872114,0.000164977,0.000004789,0.000253495,1
actual,27,77,nb,0,2048,32,0.305498628,0.000149169,0.000003987,0.000231967,1
actual,28,78,nb,0,2048,32,0.321866690,0.000157161,0.000004188,0.000247022,1
actual,29,79,nb,0,2048,32,0.295567383,0.000144320,0.000005420,0.000228779,1
actual,30,80,nb,0,2048,32,0.311052983,0.000151881,0.000004900,0.000231045,1
actual,31,81,nb,0,2048,32,0.296802350,0.000144923,0.000004037,0.000226396,1
actual,32,82,nb,0,2048,32,0.329146180,0.000160716,0.000003737,0.000263423,1
actual,33,83,nb,0,2048,32,0.295808223,0.000144438,0.000004308,0.000230143,1
actual,34,84,nb,0,2048,32,0.321206324,0.000156839,0.000004669,0.000238828,1
actual,35,85,nb,0,2048,32,0.288460312,0.000140850,0.000003967,0.000216918,1
actual,36,86,nb,0,2048,32,0.311311325,0.000152007,0.000004468,0.000232537,1
actual,37,87,nb,0,2048,32,0.295202435,0.000144142,0.000003898,0.000234389,1
actual,38,88,nb,0,2048,32,0.322758428,0.000157597,0.000004679,0.000245050,1
actual,39,89,nb,0,2048,32,0.306058692,0.000149443,0.000005039,0.000231186,1
actual,40,90,nb,0,2048,32,0.335111063,0.000163628,0.000004578,0.000247454,1
actual,41,91,nb,0,2048,32,0.291631245,0.000142398,0.000004628,0.000222509,1
actual,42,92,nb,0,2048,32,0.319490478,0.000156001,0.000005069,0.000243817,1
actual,43,93,nb,0,2048,32,0.301330955,0.000147134,0.000004639,0.000229951,1
actual,44,94,nb,0,2048,32,0.329169786,0.000160727,0.000004048,0.000249828,1
actual,45,95,nb,0,2048,32,0.292657236,0.000142899,0.000003977,0.000223381,1
actual,46,96,nb,0,2048,32,0.322892666,0.000157662,0.000004789,0.000232428,1
actual,47,97,nb,0,2048,32,0.302668326,0.000147787,0.000005300,0.000237065,1
actual,48,98,nb,0,2048,32,0.332108737,0.000162162,0.000004820,0.000240480,1
actual,49,99,nb,0,2048,32,0.298446508,0.000145726,0.000004639,0.000226597,1
warmup,0,0,nb,0,2048,48,0.325667408,0.000159017,0.000005580,0.000237585,1
warmup,1,1,nb,0,2048,48,0.299977614,0.000146473,0.000005351,0.000225562,1
warmup,2,2,nb,0,2048,48,0.353095709,0.000172410,0.000007234,0.000245309,1
warmup,3,3,nb,0,2048,48,0.290439985,0.000141816,0.000004068,0.000221858,1
warmup,4,4,nb,0,2048,48,0.317143492,0.000154855,0.000005080,0.000234209,1
warmup,5,5,nb,0,2048,48,0.304687255,0.000148773,0.000006011,0.000230023,1
warmup,6,6,nb,0,2048,48,0.319552519,0.000156032,0.000003727,0.000243366,1
warmup,7,7,nb,0,2048,48,0.293024749,0.000143078,0.000004167,0.000222148,1
warmup,8,8,nb,0,2048,48,0.323608756,0.000158012,0.000004027,0.000242216,1
warmup,9,9,nb,0,2048,48,0.300434449,0.000146697,0.000004108,0.000230292,1
warmup,10,10,nb,0,2048,48,0.325360237,0.000158867,0.000005199,0.000240351,1
warmup,11,11,nb,0,2048,48,0.300647943,0.000146801,0.000002154,0.000237825,1
warmup,12,12,nb,0,2048,48,0.324088453,0.000158246,0.000005140,0.000249888,1
warmup,13,13,nb,0,2048,48,0.296591031,0.000144820,0.000005640,0.000226905,1
warmup,14,14,nb,0,2048,48,0.314286788,0.000153460,0.000003567,0.000227116,1
warmup,15,15,nb,0,2048,48,0.294334413,0.000143718,0.000004348,0.000227458,1
warmup,16,16,nb,0,2048,48,0.334862834,0.000163507,0.000003707,0.000248155,1
warmup,17,17,nb,0,2048,48,0.303696142,0.000148289,0.000009257,0.000229472,1
warmup,18,18,nb,0,2048,48,0.342658171,0.000167314,0.000006933,0.000244921,1
warmup,19,19,nb,0,2048,48,0.287226293,0.000140247,0.000004008,0.000227175,1
warmup,20,20,nb,0,2048,48,0.315760807,0.000154180,0.000004228,0.000236403,1
warmup,21,21,nb,0,2048,48,0.297588437,0.000145307,0.000005370,0.000228531,1
warmup,22,22,nb,0,2048,48,0.310924256,0.000151818,0.000004979,0.000229049,1
warmup,23,23,nb,0,2048,48,0.297416897,0.000145223,0.000005340,0.000226496,1
warmup,24,24,nb,0,2048,48,0.324730605,0.000158560,0.000003607,0.000240852,1
warmup,25,25,nb,0,2048,48,0.296038416,0.000144550,0.000003967,0.000233457,1
warmup,26,26,nb,0,2048,48,0.328008961,0.000160161,0.000005490,0.000232847,1
warmup,27,27,nb,0,2048,48,0.291729948,0.000142446,0.000004097,0.000226584,1
warmup,28,28,nb,0,2048,48,0.321783907,0.000157121,0.000004909,0.000233838,1
warmup,29,29,nb,0,2048,48,0.289429027,0.000141323,0.000003998,0.000221558,1
warmup,30,30,nb,0,2048,48,0.323869403,0.000158139,0.000004759,0.000241904,1
warmup,31,31,nb,0,2048,48,0.318723700,0.000155627,0.000004538,0.000243566,1
warmup,32,32,nb,0,2048,48,0.329328710,0.000160805,0.000005070,0.000235251,1
warmup,33,33,nb,0,2048,48,0.293527490,0.000143324,0.000004088,0.000225002,1
warmup,34,34,nb,0,2048,48,0.325465282,0.000158919,0.000004959,0.000242124,1
warmup,35,35,nb,0,2048,48,0.309687682,0.000151215,0.000005431,0.000228498,1
warmup,36,36,nb,0,2048,48,0.351639434,0.000171699,0.000005710,0.000254296,1
warmup,37,37,nb,0,2048,48,0.302656390,0.000147781,0.000005791,0.000237925,1
warmup,38,38,nb,0,2048,48,0.326955549,0.000159646,0.000005250,0.000244578,1
warmup,39,39,nb,0,2048,48,0.291657847,0.000142411,0.000004067,0.000225472,1
warmup,40,40,nb,0,2048,48,0.334260931,0.000163213,0.000004949,0.000236804,1
warmup,41,41,nb,0,2048,48,0.293930614,0.000143521,0.000003977,0.000227659,1
warmup,42,42,nb,0,2048,48,0.342789146,0.000167378,0.000004118,0.000254117,1
warmup,43,43,nb,0,2048,48,0.291592956,0.000142379,0.000004829,0.000220284,1
warmup,44,44,nb,0,2048,48,0.323456407,0.000157938,0.000004729,0.000234439,1
warmup,45,45,nb,0,2048,48,0.289665384,0.000141438,0.000004028,0.000224162,1
warmup,46,46,nb,0,2048,48,0.337612740,0.000164850,0.000005030,0.000254446,1
warmup,47,47,nb,0,2048,48,0.318289891,0.000155415,0.000004829,0.000241633,1
warmup,48,48,nb,0,2048,48,0.329518405,0.000160898,0.000005149,0.000244158,1
warmup,49,49,nb,0,2048,48,0.293413482,0.000143268,0.000005270,0.000228037,1
actual,0,50,nb,0,2048,48,0.335362850,0.000163751,0.000004899,0.000246333,1
actual,1,51,nb,0,2048,48,0.308557877,0.000150663,0.000007223,0.000240102,1
actual,2,52,nb,0,2048,48,0.307535064,0.000150164,0.000004098,0.000230732,1
actual,3,53,nb,0,2048,48,0.305608281,0.000149223,0.000004999,0.000229161,1
actual,4,54,nb,0,2048,48,0.323025883,0.000157727,0.000003667,0.000240250,1
actual,5,55,nb,0,2048,48,0.297449937,0.000145239,0.000005060,0.000236064,1
actual,6,56,nb,0,2048,48,0.326779603,0.000159560,0.000004989,0.000244278,1
actual,7,57,nb,0,2048,48,0.297801037,0.000145411,0.000004920,0.000223170,1
actual,8,58,nb,0,2048,48,0.363940382,0.000177705,0.000005130,0.000267191,1
actual,9,59,nb,0,2048,48,0.292912304,0.000143024,0.000004348,0.000228287,1
actual,10,60,nb,0,2048,48,0.331116247,0.000161678,0.000005069,0.000247884,1
actual,11,61,nb,0,2048,48,0.298242923,0.000145626,0.000003707,0.000240400,1
actual,12,62,nb,0,2048,48,0.335196626,0.000163670,0.000004909,0.000248488,1
actual,13,63,nb,0,2048,48,0.292951382,0.000143043,0.000004037,0.000219042,1
actual,14,64,nb,0,2048,48,0.327707387,0.000160013,0.000003667,0.000242765,1
actual,15,65,nb,0,2048,48,0.291705370,0.000142434,0.000003967,0.000222867,1
actual,16,66,nb,0,2048,48,0.334332105,0.000163248,0.000009087,0.000249618,1
actual,17,67,nb,0,2048,48,0.286834252,0.000140056,0.000009207,0.000225001,1
actual,18,68,nb,0,2048,48,0.326201149,0.000159278,0.000005019,0.000240200,1
actual,19,69,nb,0,2048,48,0.293004578,0.000143069,0.000004108,0.000226957,1
actual,20,70,nb,0,2048,48,0.325192448,0.000158785,0.000005200,0.000248445,1
actual,21,71,nb,0,2048,48,0.295937088,0.000144501,0.000003997,0.000224170,1
actual,22,72,nb,0,2048,48,0.327456988,0.000159891,0.000004749,0.000246414,1
actual,23,73,nb,0,2048,48,0.296075897,0.000144568,0.000003617,0.000223970,1
actual,24,74,nb,0,2048,48,0.323792965,0.000158102,0.000005050,0.000247063,1
actual,25,75,nb,0,2048,48,0.299427844,0.000146205,0.000004819,0.000231383,1
actual,26,76,nb,0,2048,48,0.325471314,0.000158922,0.000004909,0.000248245,1
actual,27,77,nb,0,2048,48,0.291543884,0.000142355,0.000003837,0.000226987,1
actual,28,78,nb,0,2048,48,0.319368515,0.000155942,0.000004698,0.000242186,1
actual,29,79,nb,0,2048,48,0.293159583,0.000143144,0.000003897,0.000221156,1
actual,30,80,nb,0,2048,48,0.331781687,0.000162003,0.000004799,0.000254487,1
actual,31,81,nb,0,2048,48,0.300123055,0.000146544,0.000004268,0.000234499,1
actual,32,82,nb,0,2048,48,0.320926415,0.000156702,0.000004929,0.000237405,1
actual,33,83,nb,0,2048,48,0.294489689,0.000143794,0.000004048,0.000226645,1
actual,34,84,nb,0,2048,48,0.331311978,0.000161773,0.000005019,0.000247034,1
actual,35,85,nb,0,2048,48,0.300333695,0.000146647,0.000005169,0.000224142,1
actual,36,86,nb,0,2048,48,0.321417475,0.000156942,0.000005200,0.000237816,1
actual,37,87,nb,0,2048,48,0.298710251,0.000145855,0.000004047,0.000233968,1
actual,38,88,nb,0,2048,48,0.311057117,0.000151883,0.000004107,0.000232215,1
actual,39,89,nb,0,2048,48,0.289302911,0.000141261,0.000003998,0.000223919,1
actual,40,90,nb,0,2048,48,0.327905268,0.000160110,0.000003607,0.000239519,1
actual,41,91,nb,0,2048,48,0.300748177,0.000146850,0.000005621,0.000233340,1
actual,42,92,nb,0,2048,48,0.325255300,0.000158816,0.000005461,0.000244779,1
actual,43,93,nb,0,2048,48,0.299757492,0.000146366,0.000005540,0.000229342,1
actual,44,94,nb,0,2048,48,0.332815882,0.000162508,0.000007174,0.000238980,1
actual,45,95,nb,0,2048,48,0.290220408,0.000141709,0.000009578,0.000227398,1
actual,46,96,nb,0,2048,48,0.320451685,0.000156471,0.000003787,0.000241552,1
actual,47,97,nb,0,2048,48,0.303728857,0.000148305,0.000004890,0.000234640,1
actual,48,98,nb,0,2048,48,0.321282767,0.000156876,0.000005300,0.000239539,1
actual,49,99,nb,0,2048,48,0.305147669,0.000148998,0.000005310,0.000233117,1
warmup,0,0,nb,0,2048,64,0.329707023,0.000160990,0.000003667,0.000254506,1
warmup,1,1,nb,0,2048,64,0.291879163,0.000142519,0.000003948,0.000222539,1
warmup,2,2,nb,0,2048,64,0.321233537,0.000156852,0.000004759,0.000231334,1
warmup,3,3,nb,0,2048,64,0.299628717,0.000146303,0.000004899,0.000232295,1
warmup,4,4,nb,0,2048,64,0.319140401,0.000155830,0.000004869,0.000236926,1
warmup,5,5,nb,0,2048,64,0.290422104,0.000141808,0.000004017,0.000447468,1
warmup,6,6,nb,0,2048,64,0.317061723,0.000154815,0.000004168,0.000243137,1
warmup,7,7,nb,0,2048,64,0.296423026,0.000144738,0.000004899,0.000224150,1
warmup,8,8,nb,0,2048,64,0.315665168,0.000154133,0.000004038,0.000230945,1
warmup,9,9,nb,0,2048,64,0.296343635,0.000144699,0.000005560,0.000221165,1
warmup,10,10,nb,0,2048,64,0.315050963,0.000153833,0.000003807,0.000236834,1
warmup,11,11,nb,0,2048,64,0.299423711,0.000146203,0.000003917,0.000230765,1
warmup,12,12,nb,0,2048,64,0.330406047,0.000161331,0.000003637,0.000246713,1
warmup,13,13,nb,0,2048,64,0.301058241,0.000147001,0.000004388,0.000228549,1
warmup,14,14,nb,0,2048,64,0.342678017,0.000167323,0.000005680,0.000260188,1
warmup,15,15,nb,0,2048,64,0.298797551,0.000145897,0.000003857,0.000231737,1
warmup,16,16,nb,0,2048,64,0.331480468,0.000161856,0.000004769,0.000240351,1
warmup,17,17,nb,0,2048,64,0.308151627,0.000150465,0.000004939,0.000232826,1
warmup,18,18,nb,0,2048,64,0.324530807,0.000158462,0.000004738,0.000246161,1
warmup,19,19,nb,0,2048,64,0.289901609,0.000141554,0.000004959,0.000227176,1
warmup,20,20,nb,0,2048,64,0.331475887,0.000161853,0.000003978,0.000243637,1
warmup,21,21,nb,0,2048,64,0.300318569,0.000146640,0.000005300,0.000237685,1
warmup,22,22,nb,0,2048,64,0.339034523,0.000165544,0.000004989,0.000245222,1
warmup,23,23,nb,0,2048,64,0.295438233,0.000144257,0.000007204,0.000223439,1
warmup,24,24,nb,0,2048,64,0.303930244,0.000148403,0.000003857,0.000229550,1
warmup,25,25,nb,0,2048,64,0.310207434,0.000151468,0.000005360,0.000233199,1
warmup,26,26,nb,0,2048,64,0.341848175,0.000166918,0.000005060,0.000254436,1
warmup,27,27,nb,0,2048,64,0.296056645,0.000144559,0.000004018,0.000219962,1
warmup,28,28,nb,0,2048,64,0.305143933,0.000148996,0.000005080,0.000225603,1
warmup,29,29,nb,0,2048,64,0.292373068,0.000142760,0.000003877,0.000224020,1
warmup,30,30,nb,0,2048,64,0.344524303,0.000168225,0.000009007,0.000249939,1
warmup,31,31,nb,0,2048,64,0.298473670,0.000145739,0.000005039,0.000233039,1
warmup,32,32,nb,0,2048,64,0.319270748,0.000155894,0.000003727,0.000241763,1
warmup,33,33,nb,0,2048,64,0.296561705,0.000144806,0.000003967,0.000231795,1
warmup,34,34,nb,0,2048,64,0.332631312,0.000162418,0.000004999,0.000241152,1
warmup,35,35,nb,0,2048,64,0.293830817,0.000143472,0.000004097,0.000226795,1
warmup,36,36,nb,0,2048,64,0.323981656,0.000158194,0.000005670,0.000247563,1
warmup,37,37,nb,0,2048,64,0.301963010,0.000147443,0.000005030,0.000245192,1
warmup,38,38,nb,0,2048,64,0.320807592,0.000156644,0.000004979,0.000260551,1
warmup,39,39,nb,0,2048,64,0.304485238,0.000148674,0.000005320,0.000231085,1
warmup,40,40,nb,0,2048,64,0.312522900,0.000152599,0.000003667,0.000239832,1
warmup,41,41,nb,0,2048,64,0.294851175,0.000143970,0.000004819,0.000223339,1
warmup,42,42,nb,0,2048,64,0.326434665,0.000159392,0.000005159,0.000239679,1
warmup,43,43,nb,0,2048,64,0.292834096,0.000142985,0.000004168,0.000226536,1
warmup,44,44,nb,0,2048,64,0.325156093,0.000158768,0.000003697,0.000241836,1
warmup,45,45,nb,0,2048,64,0.294169640,0.000143638,0.000005300,0.000226815,1
warmup,46,46,nb,0,2048,64,0.313743831,0.000153195,0.000003918,0.000239539,1
warmup,47,47,nb,0,2048,64,0.298633032,0.000145817,0.000005060,0.000223330,1
warmup,48,48,nb,0,2048,64,0.317469705,0.000155015,0.000004709,0.000230535,1
warmup,49,49,nb,0,2048,64,0.307645657,0.000150218,0.000005149,0.000237965,1
actual,0,50,nb,0,2048,64,0.327972372,0.000160143,0.000004869,0.000242735,1
actual,1,51,nb,0,2048,64,0.304486720,0.000148675,0.000004930,0.000232306,1
actual,2,52,nb,0,2048,64,0.316902718,0.000154738,0.000004769,0.000235482,1
actual,3,53,nb,0,2048,64,0.288325485,0.000140784,0.000004408,0.000228941,1
actual,4,54,nb,0,2048,64,0.316856671,0.000154715,0.000003637,0.000229532,1
actual,5,55,nb,0,2048,64,0.284376243,0.000138856,0.000004078,0.000225144,1
actual,6,56,nb,0,2048,64,0.328531483,0.000160416,0.000004769,0.000240210,1
actual,7,57,nb,0,2048,64,0.287404567,0.000140334,0.000003858,0.000226314,1
actual,8,58,nb,0,2048,64,0.325150051,0.000158765,0.000004237,0.000241473,1
actual,9,59,nb,0,2048,64,0.300070273,0.000146519,0.000004869,0.000233427,1
actual,10,60,nb,0,2048,64,0.321278806,0.000156874,0.000003637,0.000248185,1
actual,11,61,nb,0,2048,64,0.294919638,0.000144004,0.000005289,0.000219182,1
actual,12,62,nb,0,2048,64,0.326528782,0.000159438,0.000003858,0.000245149,1
actual,13,63,nb,0,2048,64,0.312759031,0.000152714,0.000003948,0.000237895,1
actual,14,64,nb,0,2048,64,0.319923564,0.000156213,0.000004388,0.000242244,1
actual,15,65,nb,0,2048,64,0.298754606,0.000145876,0.000003987,0.000230003,1
actual,16,66,nb,0,2048,64,0.335681503,0.000163907,0.000004669,0.000243075,1
actual,17,67,nb,0,2048,64,0.300728789,0.000146840,0.000009989,0.000226164,1
actual,18,68,nb,0,2048,64,0.322542163,0.000157491,0.000004959,0.000238197,1
actual,19,69,nb,0,2048,64,0.309677480,0.000151210,0.000004318,0.000239501,1
actual,20,70,nb,0,2048,64,0.322301666,0.000157374,0.000003687,0.000239709,1
actual,21,71,nb,0,2048,64,0.286922584,0.000140099,0.000004058,0.000227359,1
actual,22,72,nb,0,2048,64,0.310006965,0.000151371,0.000003687,0.000229873,1
actual,23,73,nb,0,2048,64,0.293696343,0.000143406,0.000003917,0.000230502,1
actual,24,74,nb,0,2048,64,0.334772666,0.000163463,0.000004759,0.000245710,1
actual,25,75,nb,0,2048,64,0.302291170,0.000147603,0.000004268,0.000237104,1
actual,26,76,nb,0,2048,64,0.314987751,0.000153803,0.000004929,0.000236313,1
actual,27,77,nb,0,2048,64,0.298566042,0.000145784,0.000005430,0.000227586,1
actual,28,78,nb,0,2048,64,0.317800348,0.000155176,0.000003788,0.000233058,1
actual,29,79,nb,0,2048,64,0.294874627,0.000143982,0.000004849,0.000221294,1
actual,30,80,nb,0,2048,64,0.349149977,0.000170483,0.000004880,0.000255027,1
actual,31,81,nb,0,2048,64,0.302317182,0.000147616,0.000005831,0.000233317,1
actual,32,82,nb,0,2048,64,0.319973210,0.000156237,0.000004919,0.000237646,1
actual,33,83,nb,0,2048,64,0.298305397,0.000145657,0.000003887,0.000235573,1
actual,34,84,nb,0,2048,64,0.339507523,0.000165775,0.000004889,0.000243466,1
actual,35,85,nb,0,2048,64,0.296092996,0.000144577,0.000004629,0.000223689,1
actual,36,86,nb,0,2048,64,0.331694987,0.000161960,0.000005510,0.000241164,1
actual,37,87,nb,0,2048,64,0.303387225,0.000148138,0.000003948,0.000248125,1
actual,38,88,nb,0,2048,64,0.330266955,0.000161263,0.000005450,0.000247126,1
actual,39,89,nb,0,2048,64,0.293159908,0.000143144,0.000004078,0.000221176,1
actual,40,90,nb,0,2048,64,0.332847426,0.000162523,0.000006943,0.000249028,1
actual,41,91,nb,0,2048,64,0.301050852,0.000146997,0.000004919,0.000225352,1
actual,42,92,nb,0,2048,64,0.342389448,0.000167182,0.000005270,0.000250730,1
actual,43,93,nb,0,2048,64,0.297697937,0.000145360,0.000004659,0.000229942,1
actual,44,94,nb,0,2048,64,0.340511400,0.000166265,0.000005110,0.000244440,1
actual,45,95,nb,0,2048,64,0.299753301,0.000146364,0.000004638,0.000231043,1
actual,46,96,nb,0,2048,64,0.324661781,0.000158526,0.000004929,0.000232898,1
actual,47,97,nb,0,2048,64,0.301918978,0.000147421,0.000007354,0.000240320,1
actual,48,98,nb,0,2048,64,0.326863721,0.000159601,0.000004889,0.000231556,1
actual,49,99,nb,0,2048,64,0.297971467,0.000145494,0.000004078,0.000229680,1
warmup,0,0,nb,0,2048,96,0.329862281,0.000161066,0.000004999,0.000240333,1
warmup,1,1,nb,0,2048,96,0.304946603,0.000148900,0.000004128,0.000230925,1
warmup,2,2,nb,0,2048,96,0.326173220,0.000159264,0.000004939,0.000247865,1
warmup,3,3,nb,0,2048,96,0.306086370,0.000149456,0.000003967,0.000236566,1
warmup,4,4,nb,0,2048,96,0.318091924,0.000155318,0.000003606,0.000235732,1
warmup,5,5,nb,0,2048,96,0.299915811,0.000146443,0.000003787,0.000240580,1
warmup,6,6,nb,0,2048,96,0.321153920,0.000156813,0.000004989,0.000239819,1
warmup,7,7,nb,0,2048,96,0.297142196,0.000145089,0.000005490,0.000232779,1
warmup,8,8,nb,0,2048,96,0.318999739,0.000155762,0.000004027,0.000233939,1
warmup,9,9,nb,0,2048,96,0.307292902,0.000150045,0.000005410,0.000230923,1
warmup,10,10,nb,0,2048,96,0.321594232,0.000157028,0.000005220,0.000242535,1
warmup,11,11,nb,0,2048,96,0.301477017,0.000147206,0.000004950,0.000240593,1
warmup,12,12,nb,0,2048,96,0.316585496,0.000154583,0.000004849,0.000237066,1
warmup,13,13,nb,0,2048,96,0.299514068,0.000146247,0.000005360,0.000227255,1
warmup,14,14,nb,0,2048,96,0.336434819,0.000164275,0.000005050,0.000241124,1
warmup,15,15,nb,0,2048,96,0.302563606,0.000147736,0.000005450,0.000230331,1
warmup,16,16,nb,0,2048,96,0.307157765,0.000149979,0.000003948,0.000227949,1
warmup,17,17,nb,0,2048,96,0.300007625,0.000146488,0.000005310,0.000223449,1
warmup,18,18,nb,0,2048,96,0.330286702,0.000161273,0.000004869,0.000252473,1
warmup,19,19,nb,0,2048,96,0.302912423,0.000147906,0.000004138,0.000230231,1
warmup,20,20,nb,0,2048,96,0.321781658,0.000157120,0.000003757,0.000241853,1
warmup,21,21,nb,0,2048,96,0.298539016,0.000145771,0.000005400,0.000223010,1
warmup,22,22,nb,0,2048,96,0.337626904,0.000164857,0.000009127,0.000246502,1
warmup,23,23,nb,0,2048,96,0.303860849,0.000148370,0.000004118,0.000233009,1
warmup,24,24,nb,0,2048,96,0.349476302,0.000170643,0.000010760,0.000253415,1
warmup,25,25,nb,0,2048,96,0.297650843,0.000145337,0.000005441,0.000232285,1
warmup,26,26,nb,0,2048,96,0.327666209,0.000159993,0.000004779,0.000243026,1
warmup,27,27,nb,0,2048,96,0.296493155,0.000144772,0.000003998,0.000236012,1
warmup,28,28,nb,0,2048,96,0.331502569,0.000161866,0.000004949,0.000243298,1
warmup,29,29,nb,0,2048,96,0.295480983,0.000144278,0.000004068,0.000233547,1
warmup,30,30,nb,0,2048,96,0.320173252,0.000156335,0.000003998,0.000243626,1
warmup,31,31,nb,0,2048,96,0.296344040,0.000144699,0.000004278,0.000224934,1
warmup,32,32,nb,0,2048,96,0.334949790,0.000163550,0.000004939,0.000254987,1
warmup,33,33,nb,0,2048,96,0.288067577,0.000140658,0.000005370,0.000223481,1
warmup,34,34,nb,0,2048,96,0.325398969,0.000158886,0.000003607,0.000241272,1
warmup,35,35,nb,0,2048,96,0.323197240,0.000157811,0.000003797,0.000238459,1
warmup,36,36,nb,0,2048,96,0.324937758,0.000158661,0.000003877,0.000250129,1
warmup,37,37,nb,0,2048,96,0.295120091,0.000144102,0.000004969,0.000226818,1
warmup,38,38,nb,0,2048,96,0.332969662,0.000162583,0.000004769,0.000244427,1
warmup,39,39,nb,0,2048,96,0.300713866,0.000146833,0.000004919,0.000225433,1
warmup,40,40,nb,0,2048,96,0.341707662,0.000166849,0.000004970,0.000247383,1
warmup,41,41,nb,0,2048,96,0.299070688,0.000146031,0.000004178,0.000223870,1
warmup,42,42,nb,0,2048,96,0.324426524,0.000158411,0.000003757,0.000246784,1
warmup,43,43,nb,0,2048,96,0.309163720,0.000150959,0.000005521,0.000233658,1
warmup,44,44,nb,0,2048,96,0.318816087,0.000155672,0.000004789,0.000237545,1
warmup,45,45,nb,0,2048,96,0.301269812,0.000147104,0.000005209,0.000227316,1
warmup,46,46,nb,0,2048,96,0.319862749,0.000156183,0.000004148,0.000233490,1
warmup,47,47,nb,0,2048,96,0.300401533,0.000146680,0.000005340,0.000227807,1
warmup,48,48,nb,0,2048,96,0.340571101,0.000166294,0.000004969,0.000248177,1
warmup,49,49,nb,0,2048,96,0.289463184,0.000141339,0.000004228,0.000227529,1
actual,0,50,nb,0,2048,96,0.314105666,0.000153372,0.000003727,0.000244618,1
actual,1,51,nb,0,2048,96,0.298881908,0.000145938,0.000004759,0.000227137,1
actual,2,52,nb,0,2048,96,0.318944986,0.000155735,0.000004108,0.000230224,1
actual,3,53,nb,0,2048,96,0.299566494,0.000146273,0.000005651,0.000228759,1
actual,4,54,nb,0,2048,96,0.322579810,0.000157510,0.000004758,0.000231614,1
actual,5,55,nb,0,2048,96,0.295501922,0.000144288,0.000005220,0.000218200,1
actual,6,56,nb,0,2048,96,0.321142190,0.000156808,0.000004128,0.000242867,1
actual,7,57,nb,0,2048,96,0.301949057,0.000147436,0.000004318,0.000239110,1
actual,8,58,nb,0,2048,96,0.322630134,0.000157534,0.000004709,0.000236573,1
actual,9,59,nb,0,2048,96,0.299911684,0.000146441,0.000005190,0.000227699,1
actual,10,60,nb,0,2048,96,0.317438827,0.000154999,0.000004990,0.000234129,1
actual,11,61,nb,0,2048,96,0.296614612,0.000144831,0.000005270,0.000221828,1
actual,12,62,nb,0,2048,96,0.319292007,0.000155904,0.000003737,0.000238787,1
actual,13,63,nb,0,2048,96,0.298208575,0.000145610,0.000007574,0.000227088,1
actual,14,64,nb,0,2048,96,0.328046613,0.000160179,0.000004769,0.000241091,1
actual,15,65,nb,0,2048,96,0.299379434,0.000146181,0.000010881,0.000222707,1
actual,16,66,nb,0,2048,96,0.320517422,0.000156503,0.000004829,0.000232937,1
actual,17,67,nb,0,2048,96,0.298786048,0.000145892,0.000005681,0.000222970,1
actual,18,68,nb,0,2048,96,0.325421690,0.000158897,0.000004248,0.000245640,1
actual,19,69,nb,0,2048,96,0.305962582,0.000149396,0.000005471,0.000232818,1
actual,20,70,nb,0,2048,96,0.335962497,0.000164044,0.000004939,0.000245320,1
actual,21,71,nb,0,2048,96,0.299571583,0.000146275,0.000005300,0.000228668,1
actual,22,72,nb,0,2048,96,0.319888506,0.000156196,0.000003657,0.000235461,1
actual,23,73,nb,0,2048,96,0.310878692,0.000151796,0.000004749,0.000232415,1
actual,24,74,nb,0,2048,96,0.333515239,0.000162849,0.000003807,0.000250189,1
actual,25,75,nb,0,2048,96,0.301153055,0.000147047,0.000005500,0.000234269,1
actual,26,76,nb,0,2048,96,0.325972363,0.000159166,0.000005170,0.000249507,1
actual,27,77,nb,0,2048,96,0.299932874,0.000146452,0.000009518,0.000227947,1
actual,28,78,nb,0,2048,96,0.333545426,0.000162864,0.000004849,0.000243256,1
actual,29,79,nb,0,2048,96,0.298236867,0.000145623,0.000004308,0.000230655,1
actual,30,80,nb,0,2048,96,0.323998073,0.000158202,0.000005079,0.000247414,1
actual,31,81,nb,0,2048,96,0.296084641,0.000144573,0.000004197,0.000224744,1
actual,32,82,nb,0,2048,96,0.325891896,0.000159127,0.000003747,0.000242694,1
actual,33,83,nb,0,2048,96,0.298085258,0.000145549,0.000005190,0.000228698,1
actual,34,84,nb,0,2048,96,0.318683371,0.000155607,0.000003958,0.000238947,1
actual,35,85,nb,0,2048,96,0.290958172,0.000142069,0.000004308,0.000223030,1
actual,36,86,nb,0,2048,96,0.325778155,0.000159071,0.000005009,0.000238338,1
actual,37,87,nb,0,2048,96,0.299573689,0.000146276,0.000004990,0.000222850,1
actual,38,88,nb,0,2048,96,0.326049005,0.000159204,0.000004889,0.000245653,1
actual,39,89,nb,0,2048,96,0.295151420,0.000144117,0.000005411,0.000229179,1
actual,40,90,nb,0,2048,96,0.335974901,0.000164050,0.000005079,0.000238958,1
actual,41,91,nb,0,2048,96,0.291684313,0.000142424,0.000004007,0.000213391,1
actual,42,92,nb,0,2048,96,0.320243478,0.000156369,0.000003547,0.000240463,1
actual,43,93,nb,0,2048,96,0.294581830,0.000143839,0.000003827,0.000221628,1
actual,44,94,nb,0,2048,96,0.321460765,0.000156963,0.000004969,0.000241602,1
actual,45,95,nb,0,2048,96,0.300540485,0.000146748,0.000004899,0.000223539,1
actual,46,96,nb,0,2048,96,0.326960516,0.000159649,0.000004098,0.000244558,1
actual,47,97,nb,0,2048,96,0.294824573,0.000143957,0.000005110,0.000222429,1
actual,48,98,nb,0,2048,96,0.334150547,0.000163159,0.000004769,0.000251291,1
actual,49,99,nb,0,2048,96,0.294611405,0.000143853,0.000004078,0.000224723,1
warmup,0,0,nb,0,2048,128,0.327590016,0.000159956,0.000003858,0.000245130,1
warmup,1,1,nb,0,2048,128,0.309279677,0.000151015,0.000006211,0.000226807,1
warmup,2,2,nb,0,2048,128,0.308261484,0.000150518,0.000003887,0.000237207,1
warmup,3,3,nb,0,2048,128,0.310999194,0.000151855,0.000005480,0.000234179,1
warmup,4,4,nb,0,2048,128,0.328764741,0.000160530,0.000004939,0.000239581,1
warmup,5,5,nb,0,2048,128,0.305077970,0.000148964,0.000003868,0.000237184,1
warmup,6,6,nb,0,2048,128,0.315853844,0.000154226,0.000004900,0.000231524,1
warmup,7,7,nb,0,2048,128,0.296766617,0.000144906,0.000009989,0.000226216,1
warmup,8,8,nb,0,2048,128,0.331636610,0.000161932,0.000005039,0.000241963,1
warmup,9,9,nb,0,2048,128,0.291574937,0.000142371,0.000003938,0.000220693,1
warmup,10,10,nb,0,2048,128,0.337658588,0.000164872,0.000004819,0.000244350,1
warmup,11,11,nb,0,2048,128,0.288732355,0.000140983,0.000009037,0.000232115,1
warmup,12,12,nb,0,2048,128,0.333788155,0.000162982,0.000004007,0.000247664,1
warmup,13,13,nb,0,2048,128,0.293660080,0.000143389,0.000004078,0.000232245,1
warmup,14,14,nb,0,2048,128,0.321107368,0.000156791,0.000004839,0.000237888,1
warmup,15,15,nb,0,2048,128,0.303954162,0.000148415,0.000004969,0.000228438,1
warmup,16,16,nb,0,2048,128,0.325276602,0.000158826,0.000003687,0.000242234,1
warmup,17,17,nb,0,2048,128,0.324105441,0.000158255,0.000005630,0.000246612,1
warmup,18,18,nb,0,2048,128,0.316027623,0.000154310,0.000004298,0.000223268,1
warmup,19,19,nb,0,2048,128,0.287107450,0.000140189,0.000009017,0.000221735,1
warmup,20,20,nb,0,2048,128,0.331088635,0.000161664,0.000005119,0.000238406,1
warmup,21,21,nb,0,2048,128,0.291564651,0.000142366,0.000004238,0.000223662,1
warmup,22,22,nb,0,2048,128,0.331804538,0.000162014,0.000004649,0.000248876,1
warmup,23,23,nb,0,2048,128,0.313863115,0.000153253,0.000005560,0.000232866,1
warmup,24,24,nb,0,2048,128,0.312856105,0.000152762,0.000003817,0.000232045,1
warmup,25,25,nb,0,2048,128,0.303286968,0.000148089,0.000005260,0.000224242,1
warmup,26,26,nb,0,2048,128,0.320580972,0.000156534,0.000003837,0.000238086,1
warmup,27,27,nb,0,2048,128,0.306284216,0.000149553,0.000004789,0.000239719,1
warmup,28,28,nb,0,2048,128,0.342625359,0.000167298,0.000005200,0.000254097,1
warmup,29,29,nb,0,2048,128,0.307331243,0.000150064,0.000005390,0.000230053,1
warmup,30,30,nb,0,2048,128,0.328122590,0.000160216,0.000005130,0.000247373,1
warmup,31,31,nb,0,2048,128,0.307254248,0.000150026,0.000004939,0.000235031,1
warmup,32,32,nb,0,2048,128,0.334018722,0.000163095,0.000005040,0.000237655,1
warmup,33,33,nb,0,2048,128,0.293330252,0.000143228,0.000004248,0.000223010,1
warmup,34,34,nb,0,2048,128,0.327685936,0.000160003,0.000004278,0.000239852,1
warmup,35,35,nb,0,2048,128,0.295101561,0.000144093,0.000004127,0.000225412,1
warmup,36,36,nb,0,2048,128,0.318614713,0.000155574,0.000003807,0.000242394,1
warmup,37,37,nb,0,2048,128,0.301934415,0.000147429,0.000009758,0.000231213,1
warmup,38,38,nb,0,2048,128,0.313415984,0.000153035,0.000003667,0.000236122,1
warmup,39,39,nb,0,2048,128,0.311737354,0.000152216,0.000009027,0.000238837,1
warmup,40,40,nb,0,2048,128,0.321378103,0.000156923,0.000005370,0.000235183,1
warmup,41,41,nb,0,2048,128,0.288620174,0.000140928,0.000004128,0.000216877,1
warmup,42,42,nb,0,2048,128,0.336713334,0.000164411,0.000004929,0.000247323,1
warmup,43,43,nb,0,2048,128,0.293100823,0.000143116,0.000004007,0.000228641,1
warmup,44,44,nb,0,2048,128,0.336708227,0.000164408,0.000005000,0.000250500,1
warmup,45,45,nb,0,2048,128,0.308032773,0.000150407,0.000005180,0.000238940,1
warmup,46,46,nb,0,2048,128,0.324103271,0.000158254,0.000004919,0.000237938,1
warmup,47,47,nb,0,2048,128,0.293213105,0.000143170,0.000004198,0.000223241,1
warmup,48,48,nb,0,2048,128,0.326320657,0.000159336,0.000004769,0.000251401,1
warmup,49,49,nb,0,2048,128,0.293533960,0.000143327,0.000003997,0.000227757,1
actual,0,50,nb,0,2048,128,0.333505873,0.000162845,0.000003747,0.000242647,1
actual,1,51,nb,0,2048,128,0.296928895,0.000144985,0.000005250,0.000227376,1
actual,2,52,nb,0,2048,128,0.324657541,0.000158524,0.000003627,0.000244939,1
actual,3,53,nb,0,2048,128,0.306679241,0.000149746,0.000004909,0.000231114,1
actual,4,54,nb,0,2048,128,0.349259362,0.000170537,0.000004999,0.000256831,1
actual,5,55,nb,0,2048,128,0.293699052,0.000143408,0.000005030,0.000219103,1
actual,6,56,nb,0,2048,128,0.335572858,0.000163854,0.000004989,0.000240861,1
actual,7,57,nb,0,2048,128,0.308045174,0.000150413,0.000005570,0.000230973,1
actual,8,58,nb,0,2048,128,0.325543614,0.000158957,0.000004879,0.000244520,1
actual,9,59,nb,0,2048,128,0.299789006,0.000146381,0.000004960,0.000228728,1
actual,10,60,nb,0,2048,128,0.338443560,0.000165256,0.000004769,0.000247934,1
actual,11,61,nb,0,2048,128,0.300304841,0.000146633,0.000005029,0.000228087,1
actual,12,62,nb,0,2048,128,0.332517669,0.000162362,0.000005039,0.000246915,1
actual,13,63,nb,0,2048,128,0.301641136,0.000147286,0.000005560,0.000232776,1
actual,14,64,nb,0,2048,128,0.328603110,0.000160451,0.000005240,0.000238046,1
actual,15,65,nb,0,2048,128,0.301787664,0.000147357,0.000004038,0.000226414,1
actual,16,66,nb,0,2048,128,0.316132178,0.000154361,0.000004398,0.000239619,1
actual,17,67,nb,0,2048,128,0.300813956,0.000146882,0.000004018,0.000229239,1
actual,18,68,nb,0,2048,128,0.330654877,0.000161453,0.000005431,0.000246111,1
actual,19,69,nb,0,2048,128,0.298836028,0.000145916,0.000003997,0.000226494,1
actual,20,70,nb,0,2048,128,0.327212765,0.000159772,0.000005230,0.000244318,1
actual,21,71,nb,0,2048,128,0.288331073,0.000140787,0.000004108,0.000221194,1
actual,22,72,nb,0,2048,128,0.349334985,0.000170574,0.000009147,0.000249640,1
actual,23,73,nb,0,2048,128,0.300758347,0.000146855,0.000004719,0.000233319,1
actual,24,74,nb,0,2048,128,0.334276660,0.000163221,0.000003837,0.000244710,1
actual,25,75,nb,0,2048,128,0.305053479,0.000148952,0.000005520,0.000222570,1
actual,26,76,nb,0,2048,128,0.309998614,0.000151367,0.000004859,0.000234031,1
actual,27,77,nb,0,2048,128,0.294208940,0.000143657,0.000004078,0.000219001,1
actual,28,78,nb,0,2048,128,0.333512333,0.000162848,0.000004919,0.000246251,1
actual,29,79,nb,0,2048,128,0.286818834,0.000140048,0.000004319,0.000214134,1
actual,30,80,nb,0,2048,128,0.317779655,0.000155166,0.000003857,0.000247133,1
actual,31,81,nb,0,2048,128,0.302450988,0.000147681,0.000005420,0.000239902,1
actual,32,82,nb,0,2048,128,0.327869485,0.000160093,0.000003988,0.000240811,1
actual,33,83,nb,0,2048,128,0.303063825,0.000147980,0.000005019,0.000226905,1
actual,34,84,nb,0,2048,128,0.326989386,0.000159663,0.000003958,0.000240801,1
actual,35,85,nb,0,2048,128,0.298368949,0.000145688,0.000004128,0.000229259,1
actual,36,86,nb,0,2048,128,0.323328865,0.000157875,0.000005089,0.000237696,1
actual,37,87,nb,0,2048,128,0.295438299,0.000144257,0.000004208,0.000228199,1
actual,38,88,nb,0,2048,128,0.329713789,0.000160993,0.000005020,0.000248435,1
actual,39,89,nb,0,2048,128,0.300340009,0.000146650,0.000007334,0.000227068,1
actual,40,90,nb,0,2048,128,0.328141164,0.000160225,0.000005210,0.000241394,1
actual,41,91,nb,0,2048,128,0.303307258,0.000148099,0.000004047,0.000232117,1
actual,42,92,nb,0,2048,128,0.335536735,0.000163836,0.000005240,0.000245630,1
actual,43,93,nb,0,2048,128,0.279846165,0.000136644,0.000004068,0.000221787,1
actual,44,94,nb,0,2048,128,0.316991171,0.000154781,0.000004138,0.000233358,1
actual,45,95,nb,0,2048,128,0.305564930,0.000149202,0.000005541,0.000226066,1
actual,46,96,nb,0,2048,128,0.322332333,0.000157389,0.000004879,0.000239899,1
actual,47,97,nb,0,2048,128,0.290775021,0.000141980,0.000004318,0.000220465,1
actual,48,98,nb,0,2048,128,0.329194163,0.000160739,0.000005020,0.000246334,1
actual,49,99,nb,0,2048,128,0.301105342,0.000147024,0.000004087,0.000232666,1
warmup,0,0,nb,0,2048,192,0.324211485,0.000158306,0.000004017,0.000238909,1
warmup,1,1,nb,0,2048,192,0.305074845,0.000148962,0.000005340,0.000239749,1
warmup,2,2,nb,0,2048,192,0.320250174,0.000156372,0.000004028,0.000239130,1
warmup,3,3,nb,0,2048,192,0.310571619,0.000151646,0.000005551,0.000236946,1
warmup,4,4,nb,0,2048,192,0.329921997,0.000161095,0.000005180,0.000240411,1
warmup,5,5,nb,0,2048,192,0.322284732,0.000157366,0.000005370,0.000241011,1
warmup,6,6,nb,0,2048,192,0.343683628,0.000167814,0.000005250,0.000244989,1
warmup,7,7,nb,0,2048,192,0.306064459,0.000149446,0.000005109,0.000238820,1
warmup,8,8,nb,0,2048,192,0.332979380,0.000162588,0.000005059,0.000238787,1
warmup,9,9,nb,0,2048,192,0.297762990,0.000145392,0.000004028,0.000230732,1
warmup,10,10,nb,0,2048,192,0.344425168,0.000168176,0.000004879,0.000237836,1
warmup,11,11,nb,0,2048,192,0.300600185,0.000146777,0.000005320,0.000228189,1
warmup,12,12,nb,0,2048,192,0.324106130,0.000158255,0.000004198,0.000241094,1
warmup,13,13,nb,0,2048,192,0.297944466,0.000145481,0.000004288,0.000228520,1
warmup,14,14,nb,0,2048,192,0.313067350,0.000152865,0.000004779,0.000228890,1
warmup,15,15,nb,0,2048,192,0.307029148,0.000149917,0.000004768,0.000228720,1
warmup,16,16,nb,0,2048,192,0.329639190,0.000160957,0.000004839,0.000248345,1
warmup,17,17,nb,0,2048,192,0.305790394,0.000149312,0.000004338,0.000221004,1
warmup,18,18,nb,0,2048,192,0.342271399,0.000167125,0.000004899,0.000244599,1
warmup,19,19,nb,0,2048,192,0.312829999,0.000152749,0.000007204,0.000237696,1
warmup,20,20,nb,0,2048,192,0.334700092,0.000163428,0.000005109,0.000244318,1
warmup,21,21,nb,0,2048,192,0.307300102,0.000150049,0.000004107,0.000238687,1
warmup,22,22,nb,0,2048,192,0.331020517,0.000161631,0.000005090,0.000231654,1
warmup,23,23,nb,0,2048,192,0.318497388,0.000155516,0.000007444,0.000242074,1
warmup,24,24,nb,0,2048,192,0.323062177,0.000157745,0.000004318,0.000243977,1
warmup,25,25,nb,0,2048,192,0.298685130,0.000145842,0.000004048,0.000225064,1
warmup,26,26,nb,0,2048,192,0.337150626,0.000164624,0.000004880,0.000255969,1
warmup,27,27,nb,0,2048,192,0.319425554,0.000155970,0.000005480,0.000241384,1
warmup,28,28,nb,0,2048,192,0.324677529,0.000158534,0.000004138,0.000239118,1
warmup,29,29,nb,0,2048,192,0.301814531,0.000147370,0.000004138,0.000223308,1
warmup,30,30,nb,0,2048,192,0.326338326,0.000159345,0.000004859,0.000234471,1
warmup,31,31,nb,0,2048,192,0.304545786,0.000148704,0.000005109,0.000227268,1
warmup,32,32,nb,0,2048,192,0.334364608,0.000163264,0.000003787,0.000244448,1
warmup,33,33,nb,0,2048,192,0.306132268,0.000149479,0.000004058,0.000221747,1
warmup,34,34,nb,0,2048,192,0.317321301,0.000154942,0.000004137,0.000240290,1
warmup,35,35,nb,0,2048,192,0.303303373,0.000148097,0.000004048,0.000231353,1
warmup,36,36,nb,0,2048,192,0.330688171,0.000161469,0.000003797,0.000241322,1
warmup,37,37,nb,0,2048,192,0.308388075,0.000150580,0.000005239,0.000232889,1
warmup,38,38,nb,0,2048,192,0.350616769,0.000171200,0.000004969,0.000256591,1
warmup,39,39,nb,0,2048,192,0.314458547,0.000153544,0.000005520,0.000236332,1
warmup,40,40,nb,0,2048,192,0.329812725,0.000161041,0.000004699,0.000244778,1
warmup,41,41,nb,0,2048,192,0.304968990,0.000148911,0.000005060,0.000229590,1
warmup,42,42,nb,0,2048,192,0.326935293,0.000159636,0.000004979,0.000243870,1
warmup,43,43,nb,0,2048,192,0.298748350,0.000145873,0.000003977,0.000223087,1
warmup,44,44,nb,0,2048,192,0.347513339,0.000169684,0.000009487,0.000258354,1
warmup,45,45,nb,0,2048,192,0.306661713,0.000149737,0.000005000,0.000227616,1
warmup,46,46,nb,0,2048,192,0.344209523,0.000168071,0.000004959,0.000252032,1
warmup,47,47,nb,0,2048,192,0.310481842,0.000151602,0.000004478,0.000233257,1
warmup,48,48,nb,0,2048,192,0.340722726,0.000166369,0.000005069,0.000252724,1
warmup,49,49,nb,0,2048,192,0.316590913,0.000154585,0.000004939,0.000234349,1
actual,0,50,nb,0,2048,192,0.336112696,0.000164118,0.000005150,0.000242414,1
actual,1,51,nb,0,2048,192,0.310401519,0.000151563,0.000005550,0.000245872,1
actual,2,52,nb,0,2048,192,0.334715187,0.000163435,0.000003767,0.000251411,1
actual,3,53,nb,0,2048,192,0.302406686,0.000147660,0.000004047,0.000233660,1
actual,4,54,nb,0,2048,192,0.341868490,0.000166928,0.000004829,0.000249668,1
actual,5,55,nb,0,2048,192,0.302853353,0.000147878,0.000005080,0.000231386,1
actual,6,56,nb,0,2048,192,0.323705616,0.000158059,0.000004849,0.000237305,1
actual,7,57,nb,0,2048,192,0.303653705,0.000148268,0.000004058,0.000218981,1
actual,8,58,nb,0,2048,192,0.328406233,0.000160355,0.000004959,0.000238657,1
actual,9,59,nb,0,2048,192,0.298457832,0.000145731,0.000005460,0.000230271,1
actual,10,60,nb,0,2048,192,0.333202683,0.000162697,0.000003917,0.000248195,1
actual,11,61,nb,0,2048,192,0.304978768,0.000148915,0.000004459,0.000236575,1
actual,12,62,nb,0,2048,192,0.339864312,0.000165949,0.000004929,0.000244870,1
actual,13,63,nb,0,2048,192,0.299139175,0.000146064,0.000003967,0.000225082,1
actual,14,64,nb,0,2048,192,0.339128656,0.000165590,0.000005169,0.000251273,1
actual,15,65,nb,0,2048,192,0.306662056,0.000149737,0.000005791,0.000223190,1
actual,16,66,nb,0,2048,192,0.334586234,0.000163372,0.000003907,0.000242816,1
actual,17,67,nb,0,2048,192,0.292582349,0.000142862,0.000004028,0.000221054,1
actual,18,68,nb,0,2048,192,0.334468254,0.000163315,0.000003868,0.000240572,1
actual,19,69,nb,0,2048,192,0.306222295,0.000149523,0.000005491,0.000223270,1
actual,20,70,nb,0,2048,192,0.332469273,0.000162339,0.000004890,0.000239690,1
actual,21,71,nb,0,2048,192,0.303224027,0.000148059,0.000004729,0.000219604,1
actual,22,72,nb,0,2048,192,0.338637396,0.000165350,0.000003907,0.000244347,1
actual,23,73,nb,0,2048,192,0.302384680,0.000147649,0.000004147,0.000234482,1
actual,24,74,nb,0,2048,192,0.332787097,0.000162494,0.000005290,0.000241724,1
actual,25,75,nb,0,2048,192,0.314366787,0.000153499,0.000005340,0.000235461,1
actual,26,76,nb,0,2048,192,0.341606983,0.000166800,0.000004899,0.000248585,1
actual,27,77,nb,0,2048,192,0.303228797,0.000148061,0.000004368,0.000237607,1
actual,28,78,nb,0,2048,192,0.329521565,0.000160899,0.000003757,0.000242835,1
actual,29,79,nb,0,2048,192,0.300154521,0.000146560,0.000004218,0.000223952,1
actual,30,80,nb,0,2048,192,0.339010032,0.000165532,0.000004949,0.000247304,1
actual,31,81,nb,0,2048,192,0.312364362,0.000152522,0.000005540,0.000241472,1
actual,32,82,nb,0,2048,192,0.325507200,0.000158939,0.000003998,0.000254810,1
actual,33,83,nb,0,2048,192,0.305397730,0.000149120,0.000005260,0.000236063,1
actual,34,84,nb,0,2048,192,0.327475362,0.000159900,0.000003737,0.000242195,1
actual,35,85,nb,0,2048,192,0.300636658,0.000146795,0.000004128,0.000225884,1
actual,36,86,nb,0,2048,192,0.327973654,0.000160143,0.000003717,0.000243316,1
actual,37,87,nb,0,2048,192,0.303127445,0.000148011,0.000005780,0.000227048,1
actual,38,88,nb,0,2048,192,0.341968558,0.000166977,0.000003938,0.000250559,1
actual,39,89,nb,0,2048,192,0.310237828,0.000151483,0.000005280,0.000233137,1
actual,40,90,nb,0,2048,192,0.339422098,0.000165733,0.000005009,0.000241973,1
actual,41,91,nb,0,2048,192,0.304722911,0.000148790,0.000004018,0.000228360,1
actual,42,92,nb,0,2048,192,0.332482377,0.000162345,0.000004849,0.000247123,1
actual,43,93,nb,0,2048,192,0.324606030,0.000158499,0.000004990,0.000242435,1
actual,44,94,nb,0,2048,192,0.325781842,0.000159073,0.000005450,0.000238797,1
actual,45,95,nb,0,2048,192,0.299337383,0.000146161,0.000004358,0.000223281,1
actual,46,96,nb,0,2048,192,0.334112027,0.000163141,0.000004999,0.000243727,1
actual,47,97,nb,0,2048,192,0.319976351,0.000156238,0.000004168,0.000246141,1
actual,48,98,nb,0,2048,192,0.338020987,0.000165049,0.000005249,0.000244109,1
actual,49,99,nb,0,2048,192,0.304713489,0.000148786,0.000004809,0.000227058,1
warmup,0,0,nb,0,2048,256,0.358283641,0.000174943,0.000007144,0.000251413,1
warmup,1,1,nb,0,2048,256,0.318854053,0.000155690,0.000004949,0.000235091,1
warmup,2,2,nb,0,2048,256,0.337788200,0.000164936,0.000003777,0.000246503,1
warmup,3,3,nb,0,2048,256,0.317054523,0.000154812,0.000004198,0.000230522,1
warmup,4,4,nb,0,2048,256,0.339962997,0.000165998,0.000004989,0.000239710,1
warmup,5,5,nb,0,2048,256,0.309408023,0.000151078,0.000005040,0.000219152,1
warmup,6,6,nb,0,2048,256,0.338188133,0.000165131,0.000005129,0.000250249,1
warmup,7,7,nb,0,2048,256,0.327251357,0.000159791,0.000005230,0.000236904,1
warmup,8,8,nb,0,2048,256,0.344772933,0.000168346,0.000005080,0.002057561,1
warmup,9,9,nb,0,2048,256,0.310214005,0.000151472,0.000005510,0.000228851,1
warmup,10,10,nb,0,2048,256,0.345023041,0.000168468,0.000005190,0.000244129,1
warmup,11,11,nb,0,2048,256,0.324358298,0.000158378,0.000003757,0.000240330,1
warmup,12,12,nb,0,2048,256,0.340928836,0.000166469,0.000004208,0.000235331,1
warmup,13,13,nb,0,2048,256,0.326092394,0.000159225,0.000005009,0.000241382,1
warmup,14,14,nb,0,2048,256,0.341041131,0.000166524,0.000005090,0.000247075,1
warmup,15,15,nb,0,2048,256,0.312621490,0.000152647,0.000005420,0.000226066,1
warmup,16,16,nb,0,2048,256,0.350131738,0.000170963,0.000005019,0.000245021,1
warmup,17,17,nb,0,2048,256,0.316432591,0.000154508,0.000004949,0.000233559,1
warmup,18,18,nb,0,2048,256,0.339550490,0.000165796,0.000004709,0.000235221,1
warmup,19,19,nb,0,2048,256,0.310502709,0.000151613,0.000003937,0.000219050,1
warmup,20,20,nb,0,2048,256,0.347883258,0.000169865,0.000005120,0.000250510,1
warmup,21,21,nb,0,2048,256,0.321870763,0.000157163,0.000004879,0.000237628,1
warmup,22,22,nb,0,2048,256,0.343272472,0.000167614,0.000003908,0.000239870,1
warmup,23,23,nb,0,2048,256,0.320782160,0.000156632,0.000005630,0.000228630,1
warmup,24,24,nb,0,2048,256,0.343578360,0.000167763,0.000004669,0.000246924,1
warmup,25,25,nb,0,2048,256,0.309915794,0.000151326,0.000004048,0.000230363,1
warmup,26,26,nb,0,2048,256,0.341982358,0.000166984,0.000005070,0.000236644,1
warmup,27,27,nb,0,2048,256,0.336810708,0.000164458,0.000004789,0.000246944,1
warmup,28,28,nb,0,2048,256,0.348025237,0.000169934,0.000005320,0.000240281,1
warmup,29,29,nb,0,2048,256,0.316223640,0.000154406,0.000005781,0.000236844,1
warmup,30,30,nb,0,2048,256,0.344098466,0.000168017,0.000004909,0.000245682,1
warmup,31,31,nb,0,2048,256,0.322404720,0.000157424,0.000004759,0.000235472,1
warmup,32,32,nb,0,2048,256,0.341645872,0.000166819,0.000005270,0.000243999,1
warmup,33,33,nb,0,2048,256,0.334916797,0.000163534,0.000005730,0.000233008,1
warmup,34,34,nb,0,2048,256,0.347977254,0.000169911,0.000005049,0.000244990,1
warmup,35,35,nb,0,2048,256,0.315035794,0.000153826,0.000005981,0.000229691,1
warmup,36,36,nb,0,2048,256,0.333910257,0.000163042,0.000004909,0.000239991,1
warmup,37,37,nb,0,2048,256,0.315488566,0.000154047,0.000004809,0.000240020,1
warmup,38,38,nb,0,2048,256,0.359828409,0.000175697,0.000005020,0.000257473,1
warmup,39,39,nb,0,2048,256,0.318723534,0.000155627,0.000004358,0.000233068,1
warmup,40,40,nb,0,2048,256,0.339099737,0.000165576,0.000003707,0.000245161,1
warmup,41,41,nb,0,2048,256,0.316463628,0.000154523,0.000004168,0.000235343,1
warmup,42,42,nb,0,2048,256,0.338183437,0.000165129,0.000003978,0.000248196,1
warmup,43,43,nb,0,2048,256,0.324625479,0.000158509,0.000004910,0.000239308,1
warmup,44,44,nb,0,2048,256,0.346907927,0.000169389,0.000005180,0.000254247,1
warmup,45,45,nb,0,2048,256,0.327386998,0.000159857,0.000004869,0.000234080,1
warmup,46,46,nb,0,2048,256,0.340894676,0.000166452,0.000004719,0.000243719,1
warmup,47,47,nb,0,2048,256,0.323774346,0.000158093,0.000004839,0.000230233,1
warmup,48,48,nb,0,2048,256,0.345891337,0.000168892,0.000004870,0.000244280,1
warmup,49,49,nb,0,2048,256,0.314723898,0.000153674,0.000004298,0.000226146,1
actual,0,50,nb,0,2048,256,0.361213457,0.000176374,0.000004769,0.000255229,1
actual,1,51,nb,0,2048,256,0.318569502,0.000155552,0.000004920,0.000229621,1
actual,2,52,nb,0,2048,256,0.356069607,0.000173862,0.000003687,0.000256112,1
actual,3,53,nb,0,2048,256,0.314710598,0.000153667,0.000003968,0.000233490,1
actual,4,54,nb,0,2048,256,0.348824345,0.000170324,0.000005610,0.000256010,1
actual,5,55,nb,0,2048,256,0.323279489,0.000157851,0.000005029,0.000231995,1
actual,6,56,nb,0,2048,256,0.347189397,0.000169526,0.000005120,0.000246112,1
actual,7,57,nb,0,2048,256,0.316076425,0.000154334,0.000005009,0.000237227,1
actual,8,58,nb,0,2048,256,0.334406479,0.000163284,0.000004028,0.000239429,1
actual,9,59,nb,0,2048,256,0.320360724,0.000156426,0.000004018,0.000232397,1
actual,10,60,nb,0,2048,256,0.342378640,0.000167177,0.000001984,0.000424428,1
actual,11,61,nb,0,2048,256,0.316125620,0.000154358,0.000004709,0.000227326,1
actual,12,62,nb,0,2048,256,0.342514161,0.000167243,0.000003727,0.000238157,1
actual,13,63,nb,0,2048,256,0.321219221,0.000156845,0.000004769,0.000238459,1
actual,14,64,nb,0,2048,256,0.356799866,0.000174219,0.000004919,0.000266740,1
actual,15,65,nb,0,2048,256,0.318776859,0.000155653,0.000005120,0.000227108,1
actual,16,66,nb,0,2048,256,0.333150682,0.000162671,0.000004008,0.000233027,1
actual,17,67,nb,0,2048,256,0.322565056,0.000157502,0.000005460,0.000226917,1
actual,18,68,nb,0,2048,256,0.333162430,0.000162677,0.000003897,0.000245311,1
actual,19,69,nb,0,2048,256,0.316644867,0.000154612,0.000009167,0.000235311,1
actual,20,70,nb,0,2048,256,0.337710699,0.000164898,0.000004058,0.000249029,1
actual,21,71,nb,0,2048,256,0.330685628,0.000161468,0.000009287,0.000238869,1
actual,22,72,nb,0,2048,256,0.347095057,0.000169480,0.000005290,0.000253476,1
actual,23,73,nb,0,2048,256,0.320379123,0.000156435,0.000005721,0.000235893,1
actual,24,74,nb,0,2048,256,0.346871140,0.000169371,0.000004950,0.000245551,1
actual,25,75,nb,0,2048,256,0.330504808,0.000161379,0.000004819,0.000235793,1
actual,26,76,nb,0,2048,256,0.361593327,0.000176559,0.000005340,0.000247084,1
actual,27,77,nb,0,2048,256,0.319348530,0.000155932,0.000005590,0.000239119,1
actual,28,78,nb,0,2048,256,0.346906150,0.000169388,0.000005060,0.000252855,1
actual,29,79,nb,0,2048,256,0.329134791,0.000160710,0.000005020,0.000229241,1
actual,30,80,nb,0,2048,256,0.341407638,0.000166703,0.000004989,0.000242345,1
actual,31,81,nb,0,2048,256,0.328594143,0.000160446,0.000004178,0.000237546,1
actual,32,82,nb,0,2048,256,0.340037722,0.000166034,0.000004889,0.000250480,1
actual,33,83,nb,0,2048,256,0.318561494,0.000155548,0.000005260,0.000238419,1
actual,34,84,nb,0,2048,256,0.343192010,0.000167574,0.000004980,0.000239560,1
actual,35,85,nb,0,2048,256,0.308928916,0.000150844,0.000003998,0.000253164,1
actual,36,86,nb,0,2048,256,0.385300628,0.000188135,0.000007254,0.000270728,1
actual,37,87,nb,0,2048,256,0.313222936,0.000152941,0.000004258,0.000225043,1
actual,38,88,nb,0,2048,256,0.348575050,0.000170203,0.000004919,0.000255219,1
actual,39,89,nb,0,2048,256,0.325739610,0.000159053,0.000005330,0.000240711,1
actual,40,90,nb,0,2048,256,0.348078297,0.000169960,0.000005070,0.000243466,1
actual,41,91,nb,0,2048,256,0.318778110,0.000155653,0.000005100,0.000224672,1
actual,42,92,nb,0,2048,256,0.359303432,0.000175441,0.000007454,0.000259759,1
actual,43,93,nb,0,2048,256,0.317681164,0.000155118,0.000004758,0.000228280,1
actual,44,94,nb,0,2048,256,0.337999577,0.000165039,0.000004859,0.000233999,1
actual,45,95,nb,0,2048,256,0.322856336,0.000157645,0.000004979,0.000241645,1
actual,46,96,nb,0,2048,256,0.343149572,0.000167554,0.000004909,0.000245450,1
actual,47,97,nb,0,2048,256,0.318199371,0.000155371,0.000005099,0.000239791,1
actual,48,98,nb,0,2048,256,0.363386425,0.000177435,0.000005260,0.000250019,1
actual,49,99,nb,0,2048,256,0.311922048,0.000152306,0.000008927,0.000230733,1
warmup,0,0,nb,0,2048,384,0.334426333,0.000163294,0.000004188,0.000241955,1
warmup,1,1,nb,0,2048,384,0.319676345,0.000156092,0.000004047,0.000225263,1
warmup,2,2,nb,0,2048,384,0.347956939,0.000169901,0.000003657,0.000242365,1
warmup,3,3,nb,0,2048,384,0.314674243,0.000153650,0.000005090,0.000236102,1
warmup,4,4,nb,0,2048,384,0.351325281,0.000171546,0.000004959,0.000247787,1
warmup,5,5,nb,0,2048,384,0.319242348,0.000155880,0.000004879,0.000231634,1
warmup,6,6,nb,0,2048,384,0.357026063,0.000174329,0.000004979,0.000250431,1
warmup,7,7,nb,0,2048,384,0.308244756,0.000150510,0.000004088,0.000227499,1
warmup,8,8,nb,0,2048,384,0.350677858,0.000171229,0.000005260,0.000263435,1
warmup,9,9,nb,0,2048,384,0.313901082,0.000153272,0.000004829,0.000218500,1
warmup,10,10,nb,0,2048,384,0.344237243,0.000168085,0.000005120,0.000247815,1
warmup,11,11,nb,0,2048,384,0.324939550,0.000158662,0.000005110,0.000243158,1
warmup,12,12,nb,0,2048,384,0.340839011,0.000166425,0.000003908,0.000256622,1
warmup,13,13,nb,0,2048,384,0.331697286,0.000161962,0.000004158,0.000250470,1
warmup,14,14,nb,0,2048,384,0.348310968,0.000170074,0.000005090,0.000245471,1
warmup,15,15,nb,0,2048,384,0.322501134,0.000157471,0.000005340,0.000237245,1
warmup,16,16,nb,0,2048,384,0.350726977,0.000171253,0.000004920,0.000245322,1
warmup,17,17,nb,0,2048,384,0.321387971,0.000156928,0.000007304,0.000227797,1
warmup,18,18,nb,0,2048,384,0.334614003,0.000163386,0.000005009,0.000241663,1
warmup,19,19,nb,0,2048,384,0.324104702,0.000158254,0.000011361,0.000232046,1
warmup,20,20,nb,0,2048,384,0.335585949,0.000163860,0.000005309,0.000242095,1
warmup,21,21,nb,0,2048,384,0.315213413,0.000153913,0.000005290,0.000225904,1
warmup,22,22,nb,0,2048,384,0.339448050,0.000165746,0.000004999,0.000238467,1
warmup,23,23,nb,0,2048,384,0.322631919,0.000157535,0.000005921,0.000228570,1
warmup,24,24,nb,0,2048,384,0.345580478,0.000168740,0.000005090,0.000241954,1
warmup,25,25,nb,0,2048,384,0.325689788,0.000159028,0.000007404,0.000230693,1
warmup,26,26,nb,0,2048,384,0.338196930,0.000165135,0.000003777,0.000244601,1
warmup,27,27,nb,0,2048,384,0.318592835,0.000155563,0.000005109,0.000233158,1
warmup,28,28,nb,0,2048,384,0.349724216,0.000170764,0.000007213,0.000245643,1
warmup,29,29,nb,0,2048,384,0.325146495,0.000158763,0.000005049,0.000234581,1
warmup,30,30,nb,0,2048,384,0.359940404,0.000175752,0.000005470,0.000249077,1
warmup,31,31,nb,0,2048,384,0.325939797,0.000159150,0.000007384,0.000227638,1
warmup,32,32,nb,0,2048,384,0.353679648,0.000172695,0.000003758,0.000245390,1
warmup,33,33,nb,0,2048,384,0.313654427,0.000153152,0.000004108,0.000235553,1
warmup,34,34,nb,0,2048,384,0.357893276,0.000174753,0.000009138,0.000247395,1
warmup,35,35,nb,0,2048,384,0.329713465,0.000160993,0.000004308,0.000234270,1
warmup,36,36,nb,0,2048,384,0.352496269,0.000172117,0.000005089,0.000245954,1
warmup,37,37,nb,0,2048,384,0.314699338,0.000153662,0.000004258,0.000226084,1
warmup,38,38,nb,0,2048,384,0.337947430,0.000165013,0.000005060,0.000235704,1
warmup,39,39,nb,0,2048,384,0.315330868,0.000153970,0.000004729,0.000231585,1
warmup,40,40,nb,0,2048,384,0.333238659,0.000162714,0.000005050,0.000243087,1
warmup,41,41,nb,0,2048,384,0.313694935,0.000153171,0.000004548,0.000219713,1
warmup,42,42,nb,0,2048,384,0.345276825,0.000168592,0.000004047,0.000243507,1
warmup,43,43,nb,0,2048,384,0.319937134,0.000156219,0.000005210,0.000223899,1
warmup,44,44,nb,0,2048,384,0.332512922,0.000162360,0.000004889,0.000232997,1
warmup,45,45,nb,0,2048,384,0.323242954,0.000157833,0.000004919,0.000244308,1
warmup,46,46,nb,0,2048,384,0.338109866,0.000165093,0.000004348,0.000247164,1
warmup,47,47,nb,0,2048,384,0.327374089,0.000159851,0.000005140,0.000243747,1
warmup,48,48,nb,0,2048,384,0.365460928,0.000178448,0.000007224,0.000265628,1
warmup,49,49,nb,0,2048,384,0.331728188,0.000161977,0.000005119,0.000248787,1
actual,0,50,nb,0,2048,384,0.358753122,0.000175172,0.000007114,0.000256953,1
actual,1,51,nb,0,2048,384,0.323754340,0.000158083,0.000005710,0.000225895,1
actual,2,52,nb,0,2048,384,0.344854576,0.000168386,0.000004198,0.000241905,1
actual,3,53,nb,0,2048,384,0.320805318,0.000156643,0.000005560,0.000236303,1
actual,4,54,nb,0,2048,384,0.351774217,0.000171765,0.000004829,0.000248178,1
actual,5,55,nb,0,2048,384,0.320002200,0.000156251,0.000004188,0.000245050,1
actual,6,56,nb,0,2048,384,0.384007838,0.000187504,0.000004970,0.000269878,1
actual,7,57,nb,0,2048,384,0.331397304,0.000161815,0.000007555,0.000236182,1
actual,8,58,nb,0,2048,384,0.353600578,0.000172657,0.000005039,0.000253446,1
actual,9,59,nb,0,2048,384,0.314285686,0.000153460,0.000005019,0.000231065,1
actual,10,60,nb,0,2048,384,0.359984695,0.000175774,0.000004910,0.000253246,1
actual,11,61,nb,0,2048,384,0.319797985,0.000156151,0.000004769,0.000235582,1
actual,12,62,nb,0,2048,384,0.348598297,0.000170214,0.000004568,0.000244669,1
actual,13,63,nb,0,2048,384,0.318568262,0.000155551,0.000004248,0.000230893,1
actual,14,64,nb,0,2048,384,0.349042932,0.000170431,0.000004970,0.000255220,1
actual,15,65,nb,0,2048,384,0.313146149,0.000152903,0.000004087,0.000229481,1
actual,16,66,nb,0,2048,384,0.332987030,0.000162591,0.000003867,0.000246914,1
actual,17,67,nb,0,2048,384,0.313430854,0.000153042,0.000004910,0.000233369,1
actual,18,68,nb,0,2048,384,0.349275512,0.000170545,0.000005450,0.000249198,1
actual,19,69,nb,0,2048,384,0.305246455,0.000149046,0.000005340,0.000226436,1
actual,20,70,nb,0,2048,384,0.335278831,0.000163710,0.000004759,0.000244448,1
actual,21,71,nb,0,2048,384,0.324982170,0.000158683,0.000004970,0.000236244,1
actual,22,72,nb,0,2048,384,0.337353821,0.000164724,0.000005099,0.000254278,1
actual,23,73,nb,0,2048,384,0.320590315,0.000156538,0.000004087,0.000234241,1
actual,24,74,nb,0,2048,384,0.353797102,0.000172752,0.000005020,0.000244358,1
actual,25,75,nb,0,2048,384,0.323909580,0.000158159,0.000005451,0.000237606,1
actual,26,76,nb,0,2048,384,0.346803596,0.000169338,0.000004990,0.000251813,1
actual,27,77,nb,0,2048,384,0.314062048,0.000153351,0.000005380,0.000232797,1
actual,28,78,nb,0,2048,384,0.342601147,0.000167286,0.000005019,0.000237126,1
actual,29,79,nb,0,2048,384,0.322663852,0.000157551,0.000005179,0.000238178,1
actual,30,80,nb,0,2048,384,0.339099668,0.000165576,0.000003928,0.000244739,1
actual,31,81,nb,0,2048,384,0.314479706,0.000153555,0.000004058,0.000232909,1
actual,32,82,nb,0,2048,384,0.345940009,0.000168916,0.000004839,0.000250701,1
actual,33,83,nb,0,2048,384,0.324980687,0.000158682,0.000004979,0.000232637,1
actual,34,84,nb,0,2048,384,0.346799370,0.000169336,0.000005270,0.000245150,1
actual,35,85,nb,0,2048,384,0.323575200,0.000157996,0.000005010,0.000237405,1
actual,36,86,nb,0,2048,384,0.337743300,0.000164914,0.000005480,0.000232616,1
actual,37,87,nb,0,2048,384,0.309884621,0.000151311,0.000004087,0.000226736,1
actual,38,88,nb,0,2048,384,0.358812520,0.000175201,0.000005019,0.000273312,1
actual,39,89,nb,0,2048,384,0.329835426,0.000161052,0.000007544,0.000233739,1
actual,40,90,nb,0,2048,384,0.349911715,0.000170855,0.000004989,0.000239399,1
actual,41,91,nb,0,2048,384,0.316180850,0.000154385,0.000004950,0.000229952,1
actual,42,92,nb,0,2048,384,0.343016799,0.000167489,0.000005070,0.000246062,1
actual,43,93,nb,0,2048,384,0.317744691,0.000155149,0.000004418,0.000236875,1
actual,44,94,nb,0,2048,384,0.363675847,0.000177576,0.000004949,0.000257123,1
actual,45,95,nb,0,2048,384,0.321160860,0.000156817,0.000004318,0.000245061,1
actual,46,96,nb,0,2048,384,0.353961068,0.000172833,0.000004969,0.000242605,1
actual,47,97,nb,0,2048,384,0.313464174,0.000153059,0.000004338,0.000230254,1
actual,48,98,nb,0,2048,384,0.339471730,0.000165758,0.000005019,0.000238257,1
actual,49,99,nb,0,2048,384,0.309572460,0.000151158,0.000004358,0.000219172,1
warmup,0,0,nb,0,2048,512,0.351647233,0.000171703,0.000004368,0.000254298,1
warmup,1,1,nb,0,2048,512,0.334641474,0.000163399,0.000004288,0.000239258,1
warmup,2,2,nb,0,2048,512,0.364876956,0.000178163,0.000004899,0.000255609,1
warmup,3,3,nb,0,2048,512,0.337772461,0.000164928,0.000005550,0.000245922,1
warmup,4,4,nb,0,2048,512,0.365047735,0.000178246,0.000005060,0.000269936,1
warmup,5,5,nb,0,2048,512,0.342004501,0.000166994,0.000004919,0.000242515,1
warmup,6,6,nb,0,2048,512,0.368812925,0.000180084,0.000005270,0.000262652,1
warmup,7,7,nb,0,2048,512,0.329489045,0.000160883,0.000005551,0.000243628,1
warmup,8,8,nb,0,2048,512,0.368630608,0.000179995,0.000005150,0.000256681,1
warmup,9,9,nb,0,2048,512,0.338965095,0.000165510,0.000004198,0.000245911,1
warmup,10,10,nb,0,2048,512,0.387704998,0.000189309,0.000005100,0.000273003,1
warmup,11,11,nb,0,2048,512,0.330896672,0.000161571,0.000009218,0.000247644,1
warmup,12,12,nb,0,2048,512,0.360656460,0.000176102,0.000004839,0.000246953,1
warmup,13,13,nb,0,2048,512,0.319809592,0.000156157,0.000004328,0.000232897,1
warmup,14,14,nb,0,2048,512,0.357410832,0.000174517,0.000004839,0.000255742,1
warmup,15,15,nb,0,2048,512,0.341558920,0.000166777,0.000004839,0.000246863,1
warmup,16,16,nb,0,2048,512,0.367068401,0.000179233,0.000005420,0.000257854,1
warmup,17,17,nb,0,2048,512,0.339050969,0.000165552,0.000004959,0.000233657,1
warmup,18,18,nb,0,2048,512,0.372263240,0.000181769,0.000005220,0.000266058,1
warmup,19,19,nb,0,2048,512,0.343050305,0.000167505,0.000005680,0.000247164,1
warmup,20,20,nb,0,2048,512,0.362915649,0.000177205,0.000005049,0.000262282,1
warmup,21,21,nb,0,2048,512,0.341205102,0.000166604,0.000012955,0.000241775,1
warmup,22,22,nb,0,2048,512,0.359261314,0.000175421,0.000004619,0.000249848,1
warmup,23,23,nb,0,2048,512,0.340717304,0.000166366,0.000009598,0.000246583,1
warmup,24,24,nb,0,2048,512,0.353829795,0.000172768,0.000003808,0.000256973,1
warmup,25,25,nb,0,2048,512,0.335218843,0.000163681,0.000009228,0.000234882,1
warmup,26,26,nb,0,2048,512,0.354283997,0.000172990,0.000004248,0.000245242,1
warmup,27,27,nb,0,2048,512,0.339147491,0.000165599,0.000005180,0.000255679,1
warmup,28,28,nb,0,2048,512,0.355745045,0.000173704,0.000004980,0.000255449,1
warmup,29,29,nb,0,2048,512,0.325615454,0.000158992,0.000004309,0.000234379,1
warmup,30,30,nb,0,2048,512,0.355825098,0.000173743,0.000004348,0.000248727,1
warmup,31,31,nb,0,2048,512,0.326929572,0.000159634,0.000004268,0.000232275,1
warmup,32,32,nb,0,2048,512,0.362079240,0.000176797,0.000004538,0.000247616,1
warmup,33,33,nb,0,2048,512,0.331617441,0.000161923,0.000004328,0.000241733,1
warmup,34,34,nb,0,2048,512,0.354959795,0.000173320,0.000004549,0.000238940,1
warmup,35,35,nb,0,2048,512,0.327619457,0.000159970,0.000004047,0.000240593,1
warmup,36,36,nb,0,2048,512,0.366206550,0.000178812,0.000005059,0.000253955,1
warmup,37,37,nb,0,2048,512,0.342091672,0.000167037,0.000004358,0.000248417,1
warmup,38,38,nb,0,2048,512,0.372687788,0.000181976,0.000005190,0.000254738,1
warmup,39,39,nb,0,2048,512,0.348261682,0.000170050,0.000004989,0.000246642,1
warmup,40,40,nb,0,2048,512,0.347638844,0.000169746,0.000003697,0.000240742,1
warmup,41,41,nb,0,2048,512,0.332148848,0.000162182,0.000004318,0.000236344,1
warmup,42,42,nb,0,2048,512,0.367344179,0.000179367,0.000005160,0.000260229,1
warmup,43,43,nb,0,2048,512,0.337161775,0.000164630,0.000005471,0.000246764,1
warmup,44,44,nb,0,2048,512,0.353945004,0.000172825,0.000003917,0.000244670,1
warmup,45,45,nb,0,2048,512,0.335339648,0.000163740,0.000004468,0.000235022,1
warmup,46,46,nb,0,2048,512,0.372494718,0.000181882,0.000007093,0.000257743,1
warmup,47,47,nb,0,2048,512,0.342919192,0.000167441,0.000005180,0.000241424,1
warmup,48,48,nb,0,2048,512,0.349834936,0.000170818,0.000005230,0.000245249,1
warmup,49,49,nb,0,2048,512,0.341483455,0.000166740,0.000004819,0.000239950,1
actual,0,50,nb,0,2048,512,0.358748526,0.000175170,0.000004909,0.000260307,1
actual,1,51,nb,0,2048,512,0.325427521,0.000158900,0.000004188,0.000237416,1
actual,2,52,nb,0,2048,512,0.342724385,0.000167346,0.000004999,0.000245060,1
actual,3,53,nb,0,2048,512,0.340731423,0.000166373,0.000004809,0.000249578,1
actual,4,54,nb,0,2048,512,0.349529423,0.000170669,0.000005250,0.000249388,1
actual,5,55,nb,0,2048,512,0.338850912,0.000165455,0.000004428,0.000252143,1
actual,6,56,nb,0,2048,512,0.355590159,0.000173628,0.000005030,0.000245240,1
actual,7,57,nb,0,2048,512,0.343461304,0.000167706,0.000003787,0.000246652,1
actual,8,58,nb,0,2048,512,0.359061538,0.000175323,0.000004809,0.000255981,1
actual,9,59,nb,0,2048,512,0.340642646,0.000166329,0.000005300,0.000243867,1
actual,10,60,nb,0,2048,512,0.362199964,0.000176855,0.000005250,0.000270817,1
actual,11,61,nb,0,2048,512,0.323014914,0.000157722,0.000008796,0.000233088,1
actual,12,62,nb,0,2048,512,0.360583030,0.000176066,0.000004238,0.000246373,1
actual,13,63,nb,0,2048,512,0.339489589,0.000165766,0.000004118,0.000253144,1
actual,14,64,nb,0,2048,512,0.369711985,0.000180523,0.000005190,0.000255470,1
actual,15,65,nb,0,2048,512,0.339998404,0.000166015,0.000004138,0.000243927,1
actual,16,66,nb,0,2048,512,0.364514282,0.000177985,0.000004970,0.000249029,1
actual,17,67,nb,0,2048,512,0.336113362,0.000164118,0.000004910,0.000241203,1
actual,18,68,nb,0,2048,512,0.370771161,0.000181041,0.000004990,0.000251823,1
actual,19,69,nb,0,2048,512,0.341940009,0.000166963,0.000004319,0.000248525,1
actual,20,70,nb,0,2048,512,0.359217702,0.000175399,0.000004829,0.000242516,1
actual,21,71,nb,0,2048,512,0.338343189,0.000165207,0.000004909,0.000235903,1
actual,22,72,nb,0,2048,512,0.349044242,0.000170432,0.000004638,0.000242225,1
actual,23,73,nb,0,2048,512,0.339339161,0.000165693,0.000005671,0.000238338,1
actual,24,74,nb,0,2048,512,0.365143256,0.000178293,0.000005360,0.000263556,1
actual,25,75,nb,0,2048,512,0.328358737,0.000160331,0.000005050,0.000234460,1
actual,26,76,nb,0,2048,512,0.360486895,0.000176019,0.000005050,0.000258063,1
actual,27,77,nb,0,2048,512,0.333132162,0.000162662,0.000004358,0.000236394,1
actual,28,78,nb,0,2048,512,0.368424205,0.000179895,0.000004959,0.000257613,1
actual,29,79,nb,0,2048,512,0.333134649,0.000162663,0.000004238,0.000241622,1
actual,30,80,nb,0,2048,512,0.361324719,0.000176428,0.000005009,0.000249378,1
actual,31,81,nb,0,2048,512,0.340040507,0.000166035,0.000004880,0.000254047,1
actual,32,82,nb,0,2048,512,0.361913324,0.000176715,0.000004990,0.000252845,1
actual,33,83,nb,0,2048,512,0.331133999,0.000161687,0.000005059,0.000242104,1
actual,34,84,nb,0,2048,512,0.344508610,0.000168217,0.000003928,0.000243376,1
actual,35,85,nb,0,2048,512,0.337331498,0.000164713,0.000005169,0.000234641,1
actual,36,86,nb,0,2048,512,0.348522516,0.000170177,0.000003817,0.000246561,1
actual,37,87,nb,0,2048,512,0.323814312,0.000158112,0.000004849,0.000236523,1
actual,38,88,nb,0,2048,512,0.363865830,0.000177669,0.000005060,0.000254347,1
actual,39,89,nb,0,2048,512,0.332354580,0.000162283,0.000004288,0.000236273,1
actual,40,90,nb,0,2048,512,0.349089553,0.000170454,0.000003988,0.000251302,1
actual,41,91,nb,0,2048,512,0.333438757,0.000162812,0.000005551,0.000242175,1
actual,42,92,nb,0,2048,512,0.355744937,0.000173704,0.000005089,0.000252835,1
actual,43,93,nb,0,2048,512,0.341541844,0.000166768,0.000005511,0.000244920,1
actual,44,94,nb,0,2048,512,0.359610691,0.000175591,0.000005029,0.000245702,1
actual,45,95,nb,0,2048,512,0.331295986,0.000161766,0.000005220,0.000233789,1
actual,46,96,nb,0,2048,512,0.359366471,0.000175472,0.000005270,0.000256490,1
actual,47,97,nb,0,2048,512,0.324982789,0.000158683,0.000004208,0.000241613,1
actual,48,98,nb,0,2048,512,0.366450957,0.000178931,0.000009257,0.000257533,1
actual,49,99,nb,0,2048,512,0.336658288,0.000164384,0.000005390,0.000252504,1
warmup,0,0,nb,0,2048,768,0.377210041,0.000184185,0.000004980,0.000263173,1
warmup,1,1,nb,0,2048,768,0.347663727,0.000169758,0.000004488,0.000246922,1
warmup,2,2,nb,0,2048,768,0.361332409,0.000176432,0.000004228,0.000267602,1
warmup,3,3,nb,0,2048,768,0.347650157,0.000169751,0.000005230,0.000251171,1
warmup,4,4,nb,0,2048,768,0.367651085,0.000179517,0.000004248,0.000267412,1
warmup,5,5,nb,0,2048,768,0.351356153,0.000171561,0.000005200,0.000258484,1
warmup,6,6,nb,0,2048,768,0.355058635,0.000173368,0.000004539,0.000249891,1
warmup,7,7,nb,0,2048,768,0.342030219,0.000167007,0.000004158,0.000263844,1
warmup,8,8,nb,0,2048,768,0.361752237,0.000176637,0.000005049,0.000262162,1
warmup,9,9,nb,0,2048,768,0.344561656,0.000168243,0.000005059,0.000249870,1
warmup,10,10,nb,0,2048,768,0.357273941,0.000174450,0.000005029,0.000253577,1
warmup,11,11,nb,0,2048,768,0.336533852,0.000164323,0.000005310,0.000248687,1
warmup,12,12,nb,0,2048,768,0.364173633,0.000177819,0.000004358,0.000261459,1
warmup,13,13,nb,0,2048,768,0.346143391,0.000169015,0.000004358,0.000249969,1
warmup,14,14,nb,0,2048,768,0.353481684,0.000172598,0.000003757,0.000250692,1
warmup,15,15,nb,0,2048,768,0.325356912,0.000158866,0.000003867,0.000241724,1
warmup,16,16,nb,0,2048,768,0.380195635,0.000185642,0.000004920,0.000274707,1
warmup,17,17,nb,0,2048,768,0.348448626,0.000170141,0.000009899,0.000251441,1
warmup,18,18,nb,0,2048,768,0.376887506,0.000184027,0.000004980,0.000270006,1
warmup,19,19,nb,0,2048,768,0.330682512,0.000161466,0.000004238,0.000235952,1
warmup,20,20,nb,0,2048,768,0.366447839,0.000178930,0.000004258,0.000260949,1
warmup,21,21,nb,0,2048,768,0.350415126,0.000171101,0.000005020,0.000253916,1
warmup,22,22,nb,0,2048,768,0.632712201,0.000308942,0.000126929,0.000391002,1
warmup,23,23,nb,0,2048,768,0.333704426,0.000162942,0.000010340,0.000243496,1
warmup,24,24,nb,0,2048,768,0.379117826,0.000185116,0.000004940,0.000260261,1
warmup,25,25,nb,0,2048,768,0.334186988,0.000163177,0.000004228,0.000244528,1
warmup,26,26,nb,0,2048,768,0.375688193,0.000183442,0.000005460,0.000268034,1
warmup,27,27,nb,0,2048,768,0.351408214,0.000171586,0.000005681,0.000259105,1
warmup,28,28,nb,0,2048,768,0.363119149,0.000177304,0.000005159,0.000266760,1
warmup,29,29,nb,0,2048,768,0.346522451,0.000169200,0.000005621,0.000248946,1
warmup,30,30,nb,0,2048,768,0.362761674,0.000177130,0.000005080,0.000256752,1
warmup,31,31,nb,0,2048,768,0.344618794,0.000168271,0.000004027,0.000243178,1
warmup,32,32,nb,0,2048,768,0.376559172,0.000183867,0.000005150,0.000271228,1
warmup,33,33,nb,0,2048,768,0.340814516,0.000166413,0.000004238,0.000249687,1
warmup,34,34,nb,0,2048,768,0.365639617,0.000178535,0.000004067,0.000255200,1
warmup,35,35,nb,0,2048,768,0.339715748,0.000165877,0.000005400,0.000249367,1
warmup,36,36,nb,0,2048,768,0.361455606,0.000176492,0.000005160,0.000253608,1
warmup,37,37,nb,0,2048,768,0.338541930,0.000165304,0.000004759,0.000261853,1
warmup,38,38,nb,0,2048,768,0.377487437,0.000184320,0.000005049,0.000261159,1
warmup,39,39,nb,0,2048,768,0.340363300,0.000166193,0.000003997,0.000245089,1
warmup,40,40,nb,0,2048,768,0.362029816,0.000176772,0.000005150,0.000254438,1
warmup,41,41,nb,0,2048,768,0.341085832,0.000166546,0.000005671,0.000243556,1
warmup,42,42,nb,0,2048,768,0.364987108,0.000178216,0.000003967,0.000255148,1
warmup,43,43,nb,0,2048,768,0.336119680,0.000164121,0.000005791,0.000255198,1
warmup,44,44,nb,0,2048,768,0.366858972,0.000179130,0.000004999,0.000263255,1
warmup,45,45,nb,0,2048,768,0.343035194,0.000167498,0.000005299,0.000251631,1
warmup,46,46,nb,0,2048,768,0.365176581,0.000178309,0.000005190,0.000261200,1
warmup,47,47,nb,0,2048,768,0.347278370,0.000169570,0.000004439,0.000248376,1
warmup,48,48,nb,0,2048,768,0.371161247,0.000181231,0.000003967,0.000263383,1
warmup,49,49,nb,0,2048,768,0.339191014,0.000165621,0.000004699,0.000558471,1
actual,0,50,nb,0,2048,768,0.361774690,0.000176648,0.000005109,0.000254568,1
actual,1,51,nb,0,2048,768,0.333136072,0.000162664,0.000005821,0.000241303,1
actual,2,52,nb,0,2048,768,0.354313662,0.000173005,0.000005069,0.000256350,1
actual,3,53,nb,0,2048,768,0.354448556,0.000173071,0.000005580,0.000249667,1
actual,4,54,nb,0,2048,768,0.371110412,0.000181206,0.000005150,0.000267282,1
actual,5,55,nb,0,2048,768,0.343668859,0.000167807,0.000005229,0.000245289,1
actual,6,56,nb,0,2048,768,0.370838429,0.000181073,0.000005520,0.000253496,1
actual,7,57,nb,0,2048,768,0.334288055,0.000163227,0.000004368,0.000243597,1
actual,8,58,nb,0,2048,768,0.359421203,0.000175499,0.000004969,0.000259597,1
actual,9,59,nb,0,2048,768,0.350477704,0.000171132,0.000004198,0.000258273,1
actual,10,60,nb,0,2048,768,0.368098286,0.000179735,0.000005350,0.000261470,1
actual,11,61,nb,0,2048,768,0.333674800,0.000162927,0.000004449,0.000240773,1
actual,12,62,nb,0,2048,768,0.359187177,0.000175384,0.000004028,0.000249698,1
actual,13,63,nb,0,2048,768,0.339458064,0.000165751,0.000003937,0.000245340,1
actual,14,64,nb,0,2048,768,0.382417815,0.000186727,0.000005540,0.000266130,1
actual,15,65,nb,0,2048,768,0.331770618,0.000161997,0.000004027,0.000245240,1
actual,16,66,nb,0,2048,768,0.372812198,0.000182037,0.000004939,0.000269365,1
actual,17,67,nb,0,2048,768,0.333822259,0.000162999,0.000005100,0.000243437,1
actual,18,68,nb,0,2048,768,0.386340960,0.000188643,0.000004949,0.000275737,1
actual,19,69,nb,0,2048,768,0.338009726,0.000165044,0.000004499,0.000251481,1
actual,20,70,nb,0,2048,768,0.366522208,0.000178966,0.000004488,0.000265768,1
actual,21,71,nb,0,2048,768,0.343079118,0.000167519,0.000005660,0.000255981,1
actual,22,72,nb,0,2048,768,0.369489989,0.000180415,0.000005039,0.000253506,1
actual,23,73,nb,0,2048,768,0.335782126,0.000163956,0.000005610,0.000248054,1
actual,24,74,nb,0,2048,768,0.375276643,0.000183241,0.000003877,0.000269507,1
actual,25,75,nb,0,2048,768,0.344504898,0.000168215,0.000005911,0.000251863,1
actual,26,76,nb,0,2048,768,0.368027602,0.000179701,0.000005620,0.000270577,1
actual,27,77,nb,0,2048,768,0.338468087,0.000165268,0.000005310,0.000239960,1
actual,28,78,nb,0,2048,768,0.367040045,0.000179219,0.000005130,0.000271408,1
actual,29,79,nb,0,2048,768,0.339136832,0.000165594,0.000004038,0.000248115,1
actual,30,80,nb,0,2048,768,0.359787265,0.000175677,0.000005120,0.000263614,1
actual,31,81,nb,0,2048,768,0.333178085,0.000162685,0.000004017,0.000237867,1
actual,32,82,nb,0,2048,768,0.386715733,0.000188826,0.000009949,0.000270066,1
actual,33,83,nb,0,2048,768,0.325836012,0.000159100,0.000004178,0.000237095,1
actual,34,84,nb,0,2048,768,0.368374237,0.000179870,0.000005149,0.000265167,1
actual,35,85,nb,0,2048,768,0.347076966,0.000169471,0.000005521,0.000254909,1
actual,36,86,nb,0,2048,768,0.367043634,0.000179221,0.000005050,0.000253838,1
actual,37,87,nb,0,2048,768,0.333299679,0.000162744,0.000005020,0.000247975,1
actual,38,88,nb,0,2048,768,0.365521926,0.000178478,0.000003647,0.000261180,1
actual,39,89,nb,0,2048,768,0.338063920,0.000165070,0.000004308,0.000249448,1
actual,40,90,nb,0,2048,768,0.399904204,0.000195266,0.000004479,0.000277042,1
actual,41,91,nb,0,2048,768,0.334440128,0.000163301,0.000005430,0.000245121,1
actual,42,92,nb,0,2048,768,0.370472571,0.000180895,0.000003767,0.000266059,1
actual,43,93,nb,0,2048,768,0.338862029,0.000165460,0.000004238,0.000498684,1
actual,44,94,nb,0,2048,768,0.359087713,0.000175336,0.000005230,0.000254256,1
actual,45,95,nb,0,2048,768,0.347395257,0.000169627,0.000006021,0.000246171,1
actual,46,96,nb,0,2048,768,0.358042151,0.000174825,0.000004017,0.000253726,1
actual,47,97,nb,0,2048,768,0.323977377,0.000158192,0.000004168,0.000236134,1
actual,48,98,nb,0,2048,768,0.356634096,0.000174138,0.000004218,0.000257282,1
actual,49,99,nb,0,2048,768,0.331698409,0.000161962,0.000004087,0.000245801,1
warmup,0,0,nb,0,2048,1024,0.473049348,0.000230981,0.000005049,0.000316936,1
warmup,1,1,nb,0,2048,1024,0.433115562,0.000211482,0.000004719,0.000305473,1
warmup,2,2,nb,0,2048,1024,0.452335300,0.000220867,0.000004979,0.000303891,1
warmup,3,3,nb,0,2048,1024,0.408386190,0.000199407,0.000005500,0.000283143,1
warmup,4,4,nb,0,2048,1024,0.449668056,0.000219564,0.000005160,0.000300254,1
warmup,5,5,nb,0,2048,1024,0.428612960,0.000209284,0.000007604,0.000296938,1
warmup,6,6,nb,0,2048,1024,0.447624136,0.000218566,0.000004348,0.000302238,1
warmup,7,7,nb,0,2048,1024,0.424881678,0.000207462,0.000005871,0.000292689,1
warmup,8,8,nb,0,2048,1024,0.453414603,0.000221394,0.000005450,0.000304721,1
warmup,9,9,nb,0,2048,1024,0.433456495,0.000211649,0.000004258,0.000297308,1
warmup,10,10,nb,0,2048,1024,0.460241019,0.000224727,0.000005200,0.000313249,1
warmup,11,11,nb,0,2048,1024,0.433404023,0.000211623,0.000007854,0.000299851,1
warmup,12,12,nb,0,2048,1024,0.455014714,0.000222175,0.000005651,0.000315070,1
warmup,13,13,nb,0,2048,1024,0.427574778,0.000208777,0.000005300,0.000301987,1
warmup,14,14,nb,0,2048,1024,0.460711423,0.000224957,0.000005340,0.000309670,1
warmup,15,15,nb,0,2048,1024,0.418748105,0.000204467,0.000004529,0.000292839,1
warmup,16,16,nb,0,2048,1024,0.456863311,0.000223078,0.000005360,0.000316874,1
warmup,17,17,nb,0,2048,1024,0.418033623,0.000204118,0.000005290,0.000288512,1
warmup,18,18,nb,0,2048,1024,0.457244541,0.000223264,0.000003847,0.000318727,1
warmup,19,19,nb,0,2048,1024,0.417981361,0.000204092,0.000005721,0.000288661,1
warmup,20,20,nb,0,2048,1024,0.460087880,0.000224652,0.000005210,0.000313988,1
warmup,21,21,nb,0,2048,1024,0.421837604,0.000205975,0.000005430,0.000299290,1
warmup,22,22,nb,0,2048,1024,0.472394793,0.000230662,0.000005210,0.000321635,1
warmup,23,23,nb,0,2048,1024,0.425539926,0.000207783,0.000005010,0.000304931,1
warmup,24,24,nb,0,2048,1024,0.449222635,0.000219347,0.000005070,0.000303170,1
warmup,25,25,nb,0,2048,1024,0.417606742,0.000203910,0.000004378,0.000297819,1
warmup,26,26,nb,0,2048,1024,0.446575608,0.000218054,0.000004599,0.000296478,1
warmup,27,27,nb,0,2048,1024,0.412560136,0.000201445,0.000005120,0.000293362,1
warmup,28,28,nb,0,2048,1024,0.442207665,0.000215922,0.000004078,0.000302557,1
warmup,29,29,nb,0,2048,1024,0.423662120,0.000206866,0.000005129,0.000294382,1
warmup,30,30,nb,0,2048,1024,0.442582549,0.000216105,0.000004228,0.000294895,1
warmup,31,31,nb,0,2048,1024,0.423202904,0.000206642,0.000004328,0.000295283,1
warmup,32,32,nb,0,2048,1024,0.446431463,0.000217984,0.000005150,0.000303108,1
warmup,33,33,nb,0,2048,1024,0.429123900,0.000209533,0.000005830,0.000294783,1
warmup,34,34,nb,0,2048,1024,0.447118194,0.000218319,0.000005571,0.000302256,1
warmup,35,35,nb,0,2048,1024,0.418600384,0.000204395,0.000003767,0.000287469,1
warmup,36,36,nb,0,2048,1024,0.444270404,0.000216929,0.000004218,0.000310392,1
warmup,37,37,nb,0,2048,1024,0.431394456,0.000210642,0.000005480,0.000295436,1
warmup,38,38,nb,0,2048,1024,0.447840064,0.000218672,0.000004098,0.000306554,1
warmup,39,39,nb,0,2048,1024,0.421502326,0.000205812,0.000009778,0.000309962,1
warmup,40,40,nb,0,2048,1024,0.454180068,0.000221768,0.000003887,0.000309730,1
warmup,41,41,nb,0,2048,1024,0.426629945,0.000208315,0.000004378,0.000299121,1
warmup,42,42,nb,0,2048,1024,0.438034773,0.000213884,0.000005079,0.000296475,1
warmup,43,43,nb,0,2048,1024,0.418822153,0.000204503,0.000004969,0.000285627,1
warmup,44,44,nb,0,2048,1024,0.461897826,0.000225536,0.000005190,0.000322594,1
warmup,45,45,nb,0,2048,1024,0.420265279,0.000205208,0.000005079,0.000292740,1
warmup,46,46,nb,0,2048,1024,0.459088045,0.000224164,0.000005310,0.000314509,1
warmup,47,47,nb,0,2048,1024,0.425921665,0.000207970,0.000005240,0.000296446,1
warmup,48,48,nb,0,2048,1024,0.447117924,0.000218319,0.000005130,0.000309751,1
warmup,49,49,nb,0,2048,1024,0.429182749,0.000209562,0.000009277,0.000300543,1
actual,0,50,nb,0,2048,1024,0.449051946,0.000219264,0.000003977,0.000314250,1
actual,1,51,nb,0,2048,1024,0.420955205,0.000205545,0.000005430,0.000287559,1
actual,2,52,nb,0,2048,1024,0.439026230,0.000214368,0.000005110,0.000295133,1
actual,3,53,nb,0,2048,1024,0.428979485,0.000209463,0.000005219,0.000304902,1
actual,4,54,nb,0,2048,1024,0.436350063,0.000213062,0.000003787,0.000303168,1
actual,5,55,nb,0,2048,1024,0.433439114,0.000211640,0.000003798,0.000326554,1
actual,6,56,nb,0,2048,1024,0.457555781,0.000223416,0.000005560,0.000316974,1
actual,7,57,nb,0,2048,1024,0.431181659,0.000210538,0.000005159,0.000304300,1
actual,8,58,nb,0,2048,1024,0.447713656,0.000218610,0.000005230,0.000299943,1
actual,9,59,nb,0,2048,1024,0.425631893,0.000207828,0.000005180,0.000296277,1
actual,10,60,nb,0,2048,1024,0.453233421,0.000221305,0.000005250,0.000326473,1
actual,11,61,nb,0,2048,1024,0.428794868,0.000209372,0.000005941,0.000290574,1
actual,12,62,nb,0,2048,1024,0.440469124,0.000215073,0.000005340,0.000301056,1
actual,13,63,nb,0,2048,1024,0.426022993,0.000208019,0.000004559,0.000296345,1
actual,14,64,nb,0,2048,1024,0.447394404,0.000218454,0.000005310,0.000314469,1
actual,15,65,nb,0,2048,1024,0.436606115,0.000213187,0.000005169,0.000303510,1
actual,16,66,nb,0,2048,1024,0.443989723,0.000216792,0.000005510,0.000301274,1
actual,17,67,nb,0,2048,1024,0.423302880,0.000206691,0.000005080,0.000298549,1
actual,18,68,nb,0,2048,1024,0.453430179,0.000221401,0.000005220,0.000310654,1
actual,19,69,nb,0,2048,1024,0.413361902,0.000201837,0.000004348,0.000291706,1
actual,20,70,nb,0,2048,1024,0.452249212,0.000220825,0.000005160,0.000306103,1
actual,21,71,nb,0,2048,1024,0.419905839,0.000205032,0.000005381,0.000295424,1
actual,22,72,nb,0,2048,1024,0.448853107,0.000219167,0.000004929,0.000304082,1
actual,23,73,nb,0,2048,1024,0.429329729,0.000209634,0.000005250,0.000294422,1
actual,24,74,nb,0,2048,1024,0.451420912,0.000220420,0.000004979,0.000311354,1
actual,25,75,nb,0,2048,1024,0.434907496,0.000212357,0.000009377,0.000300122,1
actual,26,76,nb,0,2048,1024,0.455715405,0.000222517,0.000005520,0.000317877,1
actual,27,77,nb,0,2048,1024,0.417668691,0.000203940,0.000004359,0.000294592,1
actual,28,78,nb,0,2048,1024,0.456779975,0.000223037,0.000004959,0.000306194,1
actual,29,79,nb,0,2048,1024,0.441863403,0.000215754,0.000005350,0.000307125,1
actual,30,80,nb,0,2048,1024,0.433090600,0.000211470,0.000003827,0.000297971,1
actual,31,81,nb,0,2048,1024,0.416621494,0.000203428,0.000005089,0.000302667,1
actual,32,82,nb,0,2048,1024,0.445853536,0.000217702,0.000005280,0.000300923,1
actual,33,83,nb,0,2048,1024,0.415213688,0.000202741,0.000005119,0.000290686,1
actual,34,84,nb,0,2048,1024,0.457251455,0.000223267,0.000005110,0.000308649,1
actual,35,85,nb,0,2048,1024,0.434446423,0.000212132,0.000005230,0.000297518,1
actual,36,86,nb,0,2048,1024,0.460609877,0.000224907,0.000005290,0.000321212,1
actual,37,87,nb,0,2048,1024,0.418432913,0.000204313,0.000004097,0.000293522,1
actual,38,88,nb,0,2048,1024,0.459730661,0.000224478,0.000005120,0.000312837,1
actual,39,89,nb,0,2048,1024,0.415796948,0.000203026,0.000004258,0.000293520,1
actual,40,90,nb,0,2048,1024,0.452798859,0.000221093,0.000005170,0.000310131,1
actual,41,91,nb,0,2048,1024,0.424956689,0.000207498,0.000006032,0.000307206,1
actual,42,92,nb,0,2048,1024,0.420484576,0.000205315,0.000004448,0.000286999,1
actual,43,93,nb,0,2048,1024,0.416204834,0.000203225,0.000004589,0.000293690,1
actual,44,94,nb,0,2048,1024,0.445975263,0.000217761,0.000004037,0.000308911,1
actual,45,95,nb,0,2048,1024,0.423816506,0.000206942,0.000005039,0.000297617,1
actual,46,96,nb,0,2048,1024,0.453462533,0.000221417,0.000005249,0.000311975,1
actual,47,97,nb,0,2048,1024,0.414000090,0.000202148,0.000004739,0.000291157,1
actual,48,98,nb,0,2048,1024,0.444065178,0.000216829,0.000004008,0.000301936,1
actual,49,99,nb,0,2048,1024,0.416741582,0.000203487,0.000005941,0.000291386,1
warmup,0,0,nb,0,2048,1536,0.421814303,0.000205964,0.000004519,0.000303468,1
warmup,1,1,nb,0,2048,1536,0.398909373,0.000194780,0.000005461,0.000284062,1
warmup,2,2,nb,0,2048,1536,0.417025496,0.000203626,0.000003977,0.000287939,1
warmup,3,3,nb,0,2048,1536,0.389943633,0.000190402,0.000010469,0.000271288,1
warmup,4,4,nb,0,2048,1536,0.412729441,0.000201528,0.000005390,0.000286450,1
warmup,5,5,nb,0,2048,1536,0.396676661,0.000193690,0.000006002,0.000285396,1
warmup,6,6,nb,0,2048,1536,0.417576575,0.000203895,0.000005501,0.000292339,1
warmup,7,7,nb,0,2048,1536,0.390615157,0.000190730,0.000005791,0.000272452,1
warmup,8,8,nb,0,2048,1536,0.428391107,0.000209175,0.000005290,0.000290576,1
warmup,9,9,nb,0,2048,1536,0.393084836,0.000191936,0.000005871,0.000280769,1
warmup,10,10,nb,0,2048,1536,0.408053975,0.000199245,0.000004078,0.000277902,1
warmup,11,11,nb,0,2048,1536,0.394532338,0.000192643,0.000006032,0.000284633,1
warmup,12,12,nb,0,2048,1536,0.416358758,0.000203300,0.000005430,0.000289844,1
warmup,13,13,nb,0,2048,1536,0.398490342,0.000194575,0.000005410,0.000277320,1
warmup,14,14,nb,0,2048,1536,0.423542354,0.000206808,0.000005520,0.000295144,1
warmup,15,15,nb,0,2048,1536,0.392970899,0.000191880,0.000004348,0.000285126,1
warmup,16,16,nb,0,2048,1536,0.426543408,0.000208273,0.000008116,0.000295675,1
warmup,17,17,nb,0,2048,1536,0.386466471,0.000188704,0.000004458,0.000268314,1
warmup,18,18,nb,0,2048,1536,0.399316191,0.000194979,0.000004518,0.000280689,1
warmup,19,19,nb,0,2048,1536,0.383402921,0.000187208,0.000004248,0.000271299,1
warmup,20,20,nb,0,2048,1536,0.429280042,0.000209609,0.000005260,0.000289033,1
warmup,21,21,nb,0,2048,1536,0.440982958,0.000215324,0.000022823,0.000290285,1
warmup,22,22,nb,0,2048,1536,0.414538155,0.000202411,0.000004479,0.000286469,1
warmup,23,23,nb,0,2048,1536,0.391002270,0.000190919,0.000004399,0.000274637,1
warmup,24,24,nb,0,2048,1536,0.417687711,0.000203949,0.000005350,0.000286540,1
warmup,25,25,nb,0,2048,1536,0.390455002,0.000190652,0.000005931,0.000272431,1
warmup,26,26,nb,0,2048,1536,0.420805532,0.000205471,0.000004508,0.000287661,1
warmup,27,27,nb,0,2048,1536,0.379589965,0.000185347,0.000004639,0.000270697,1
warmup,28,28,nb,0,2048,1536,0.414150102,0.000202222,0.000005310,0.000283282,1
warmup,29,29,nb,0,2048,1536,0.386876183,0.000188904,0.000005751,0.000271610,1
warmup,30,30,nb,0,2048,1536,0.429579449,0.000209756,0.000007565,0.000303339,1
warmup,31,31,nb,0,2048,1536,0.395841134,0.000193282,0.000006072,0.000280428,1
warmup,32,32,nb,0,2048,1536,0.416810433,0.000203521,0.000005671,0.000286517,1
warmup,33,33,nb,0,2048,1536,0.386395100,0.000188669,0.000005600,0.000275828,1
warmup,34,34,nb,0,2048,1536,0.422408346,0.000206254,0.000005140,0.000287018,1
warmup,35,35,nb,0,2048,1536,0.384506004,0.000187747,0.000005520,0.000275197,1
warmup,36,36,nb,0,2048,1536,0.411832084,0.000201090,0.000005521,0.000286811,1
warmup,37,37,nb,0,2048,1536,0.392704716,0.000191750,0.000004478,0.000279104,1
warmup,38,38,nb,0,2048,1536,0.424954580,0.000207497,0.000005320,0.000292058,1
warmup,39,39,nb,0,2048,1536,0.403996428,0.000197264,0.000006012,0.000282873,1
warmup,40,40,nb,0,2048,1536,0.423562650,0.000206818,0.000004047,0.000298118,1
warmup,41,41,nb,0,2048,1536,0.393464377,0.000192121,0.000003947,0.000284774,1
warmup,42,42,nb,0,2048,1536,0.410275487,0.000200330,0.000005480,0.000290986,1
warmup,43,43,nb,0,2048,1536,0.396832182,0.000193766,0.000005420,0.000281477,1
warmup,44,44,nb,0,2048,1536,0.410608510,0.000200492,0.000005421,0.000288731,1
warmup,45,45,nb,0,2048,1536,0.402084555,0.000196330,0.000006081,0.000285625,1
warmup,46,46,nb,0,2048,1536,0.447501222,0.000218506,0.000011923,0.000314169,1
warmup,47,47,nb,0,2048,1536,0.396797599,0.000193749,0.000005470,0.000278244,1
warmup,48,48,nb,0,2048,1536,0.412052917,0.000201198,0.000005360,0.000286868,1
warmup,49,49,nb,0,2048,1536,0.392414601,0.000191609,0.000005020,0.000274025,1
actual,0,50,nb,0,2048,1536,0.400974234,0.000195788,0.000003877,0.000279106,1
actual,1,51,nb,0,2048,1536,0.398565643,0.000194612,0.000009287,0.000296567,1
actual,2,52,nb,0,2048,1536,0.407143624,0.000198801,0.000005320,0.000300984,1
actual,3,53,nb,0,2048,1536,0.391087613,0.000190961,0.000005671,0.000276491,1
actual,4,54,nb,0,2048,1536,0.423581202,0.000206827,0.000005280,0.000289103,1
actual,5,55,nb,0,2048,1536,0.398630277,0.000194644,0.000005831,0.000279956,1
actual,6,56,nb,0,2048,1536,0.412343639,0.000201340,0.000003968,0.000298800,1
actual,7,57,nb,0,2048,1536,0.397484281,0.000194084,0.000005421,0.000279524,1
actual,8,58,nb,0,2048,1536,0.398530015,0.000194595,0.000004268,0.000281319,1
actual,9,59,nb,0,2048,1536,0.398136860,0.000194403,0.000005330,0.000276078,1
actual,10,60,nb,0,2048,1536,0.418014371,0.000204109,0.000005541,0.000285447,1
actual,11,61,nb,0,2048,1536,0.390518270,0.000190683,0.000004559,0.000272101,1
actual,12,62,nb,0,2048,1536,0.420331354,0.000205240,0.000004158,0.000286819,1
actual,13,63,nb,0,2048,1536,0.389344192,0.000190109,0.000004288,0.000272222,1
actual,14,64,nb,0,2048,1536,0.418143189,0.000204171,0.000005580,0.000284034,1
actual,15,65,nb,0,2048,1536,0.388407425,0.000189652,0.000004408,0.000266500,1
actual,16,66,nb,0,2048,1536,0.426466181,0.000208235,0.000005320,0.000299722,1
actual,17,67,nb,0,2048,1536,0.389552177,0.000190211,0.000005340,0.000271981,1
actual,18,68,nb,0,2048,1536,0.413026517,0.000201673,0.000005841,0.000283342,1
actual,19,69,nb,0,2048,1536,0.383401558,0.000187208,0.000004668,0.000274855,1
actual,20,70,nb,0,2048,1536,0.424055252,0.000207058,0.000005260,0.000295916,1
actual,21,71,nb,0,2048,1536,0.388010299,0.000189458,0.000007695,0.000272943,1
actual,22,72,nb,0,2048,1536,0.414824956,0.000202551,0.000005340,0.000294994,1
actual,23,73,nb,0,2048,1536,0.391595566,0.000191209,0.000006142,0.000276640,1
actual,24,74,nb,0,2048,1536,0.424484261,0.000207268,0.000005450,0.000289112,1
actual,25,75,nb,0,2048,1536,0.382371751,0.000186705,0.000004449,0.000278293,1
actual,26,76,nb,0,2048,1536,0.411651322,0.000201002,0.000005480,0.000283411,1
actual,27,77,nb,0,2048,1536,0.401453413,0.000196022,0.000007565,0.000280799,1
actual,28,78,nb,0,2048,1536,0.428229332,0.000209096,0.000005090,0.000292349,1
actual,29,79,nb,0,2048,1536,0.392707924,0.000191752,0.000006042,0.000274394,1
actual,30,80,nb,0,2048,1536,0.421798933,0.000205957,0.000005250,0.000287630,1
actual,31,81,nb,0,2048,1536,0.385250787,0.000188111,0.000005290,0.000267504,1
actual,32,82,nb,0,2048,1536,0.434749385,0.000212280,0.000005400,0.000291375,1
actual,33,83,nb,0,2048,1536,0.392881413,0.000191837,0.000004569,0.000272811,1
actual,34,84,nb,0,2048,1536,0.401917148,0.000196249,0.000004569,0.000283864,1
actual,35,85,nb,0,2048,1536,0.406975694,0.000198719,0.000005340,0.000280837,1
actual,36,86,nb,0,2048,1536,0.419537912,0.000204852,0.000005380,0.000284466,1
actual,37,87,nb,0,2048,1536,0.403599389,0.000197070,0.000004699,0.000288140,1
actual,38,88,nb,0,2048,1536,0.434758539,0.000212284,0.000008025,0.000289464,1
actual,39,89,nb,0,2048,1536,0.389478123,0.000190175,0.000005740,0.000282280,1
actual,40,90,nb,0,2048,1536,0.408380772,0.000199405,0.000005280,0.000283912,1
actual,41,91,nb,0,2048,1536,0.391727266,0.000191273,0.000004699,0.000280507,1
actual,42,92,nb,0,2048,1536,0.420951260,0.000205543,0.000005300,0.000291436,1
actual,43,93,nb,0,2048,1536,0.388111221,0.000189507,0.000004378,0.000270239,1
actual,44,94,nb,0,2048,1536,0.404780820,0.000197647,0.000005881,0.000280957,1
actual,45,95,nb,0,2048,1536,0.385729175,0.000188344,0.000005951,0.000264075,1
actual,46,96,nb,0,2048,1536,0.410644602,0.000200510,0.000005520,0.000290155,1
actual,47,97,nb,0,2048,1536,0.383268291,0.000187143,0.000005490,0.000270007,1
actual,48,98,nb,0,2048,1536,0.425347254,0.000207689,0.000005410,0.000292087,1
actual,49,99,nb,0,2048,1536,0.389382917,0.000190128,0.000005991,0.000273212,1
warmup,0,0,nb,0,2048,2048,0.421856949,0.000205985,0.000005380,0.000289824,1
warmup,1,1,nb,0,2048,2048,0.398028332,0.000194350,0.000004669,0.000284575,1
warmup,2,2,nb,0,2048,2048,0.418396950,0.000204295,0.000005640,0.000292078,1
warmup,3,3,nb,0,2048,2048,0.397511115,0.000194097,0.000015018,0.000278894,1
warmup,4,4,nb,0,2048,2048,0.410659238,0.000200517,0.000004328,0.000288541,1
warmup,5,5,nb,0,2048,2048,0.377611239,0.000184380,0.000004789,0.000270830,1
warmup,6,6,nb,0,2048,2048,0.410646973,0.000200511,0.000005611,0.000286228,1
warmup,7,7,nb,0,2048,2048,0.396709476,0.000193706,0.000005490,0.000276731,1
warmup,8,8,nb,0,2048,2048,0.417039698,0.000203633,0.000005119,0.000294252,1
warmup,9,9,nb,0,2048,2048,0.398856162,0.000194754,0.000006212,0.000276119,1
warmup,10,10,nb,0,2048,2048,0.420347715,0.000205248,0.000005410,0.000289604,1
warmup,11,11,nb,0,2048,2048,0.395986419,0.000193353,0.000005401,0.000283473,1
warmup,12,12,nb,0,2048,2048,0.414875415,0.000202576,0.000005310,0.000280858,1
warmup,13,13,nb,0,2048,2048,0.389198182,0.000190038,0.000008015,0.000271889,1
warmup,14,14,nb,0,2048,2048,0.435880489,0.000212832,0.000005741,0.000295784,1
warmup,15,15,nb,0,2048,2048,0.391042264,0.000190939,0.000004529,0.000288732,1
warmup,16,16,nb,0,2048,2048,0.406992181,0.000198727,0.000005340,0.000284795,1
warmup,17,17,nb,0,2048,2048,0.403066744,0.000196810,0.000010940,0.000288301,1
warmup,18,18,nb,0,2048,2048,0.423254146,0.000206667,0.000005841,0.000289875,1
warmup,19,19,nb,0,2048,2048,0.393126962,0.000191957,0.000004718,0.000278542,1
warmup,20,20,nb,0,2048,2048,0.434853174,0.000212331,0.000005300,0.000302117,1
warmup,21,21,nb,0,2048,2048,0.395426495,0.000193079,0.000004478,0.000279954,1
warmup,22,22,nb,0,2048,2048,0.419336194,0.000204754,0.000005490,0.000288041,1
warmup,23,23,nb,0,2048,2048,0.397746348,0.000194212,0.000007785,0.000283240,1
warmup,24,24,nb,0,2048,2048,0.416536661,0.000203387,0.000004237,0.000288071,1
warmup,25,25,nb,0,2048,2048,0.390129064,0.000190493,0.000004649,0.000273062,1
warmup,26,26,nb,0,2048,2048,0.426860594,0.000208428,0.000005390,0.000293282,1
warmup,27,27,nb,0,2048,2048,0.388216527,0.000189559,0.000004579,0.000279727,1
warmup,28,28,nb,0,2048,2048,0.418773923,0.000204479,0.000004779,0.000290787,1
warmup,29,29,nb,0,2048,2048,0.395062260,0.000192901,0.000004558,0.000284714,1
warmup,30,30,nb,0,2048,2048,0.437736808,0.000213739,0.000005290,0.000298321,1
warmup,31,31,nb,0,2048,2048,0.401971924,0.000196275,0.000005380,0.000280568,1
warmup,32,32,nb,0,2048,2048,0.420657221,0.000205399,0.000005350,0.000288351,1
warmup,33,33,nb,0,2048,2048,0.404471125,0.000197496,0.000006051,0.000287959,1
warmup,34,34,nb,0,2048,2048,0.427862151,0.000208917,0.000004599,0.000294874,1
warmup,35,35,nb,0,2048,2048,0.391742861,0.000191281,0.000004458,0.000279935,1
warmup,36,36,nb,0,2048,2048,0.409415345,0.000199910,0.000004118,0.000278802,1
warmup,37,37,nb,0,2048,2048,0.396776962,0.000193739,0.000004629,0.000290736,1
warmup,38,38,nb,0,2048,2048,0.406122991,0.000198302,0.000004538,0.000276318,1
warmup,39,39,nb,0,2048,2048,0.385466598,0.000188216,0.000004719,0.000273093,1
warmup,40,40,nb,0,2048,2048,0.409269393,0.000199839,0.000004338,0.000280497,1
warmup,41,41,nb,0,2048,2048,0.385405305,0.000188186,0.000004629,0.000264596,1
warmup,42,42,nb,0,2048,2048,0.421212103,0.000205670,0.000005350,0.000288143,1
warmup,43,43,nb,0,2048,2048,0.387051466,0.000188990,0.000007614,0.000273113,1
warmup,44,44,nb,0,2048,2048,0.439789523,0.000214741,0.000006071,0.000298382,1
warmup,45,45,nb,0,2048,2048,0.387837679,0.000189374,0.000004429,0.000274804,1
warmup,46,46,nb,0,2048,2048,0.413374723,0.000201843,0.000005401,0.000294894,1
warmup,47,47,nb,0,2048,2048,0.409899423,0.000200146,0.000005631,0.000283694,1
warmup,48,48,nb,0,2048,2048,0.430168230,0.000210043,0.000007715,0.000288043,1
warmup,49,49,nb,0,2048,2048,0.397568023,0.000194125,0.000004709,0.000273634,1
actual,0,50,nb,0,2048,2048,0.428154613,0.000209060,0.000005150,0.000292228,1
actual,1,51,nb,0,2048,2048,0.396528117,0.000193617,0.000006101,0.000284755,1
actual,2,52,nb,0,2048,2048,0.411091026,0.000200728,0.000004208,0.000288682,1
actual,3,53,nb,0,2048,2048,0.395042854,0.000192892,0.000006533,0.000277283,1
actual,4,54,nb,0,2048,2048,0.440368065,0.000215023,0.000011542,0.000297098,1
actual,5,55,nb,0,2048,2048,0.385494846,0.000188230,0.000004819,0.000277089,1
actual,6,56,nb,0,2048,2048,0.427642837,0.000208810,0.000005210,0.000286697,1
actual,7,57,nb,0,2048,2048,0.390722381,0.000190782,0.000004478,0.000273405,1
actual,8,58,nb,0,2048,2048,0.408037795,0.000199237,0.000004519,0.000280819,1
actual,9,59,nb,0,2048,2048,0.388041001,0.000189473,0.000005771,0.000273624,1
actual,10,60,nb,0,2048,2048,0.409507203,0.000199955,0.000004509,0.000287920,1
actual,11,61,nb,0,2048,2048,0.387294932,0.000189109,0.000004558,0.000276911,1
actual,12,62,nb,0,2048,2048,0.432290247,0.000211079,0.000005370,0.000301195,1
actual,13,63,nb,0,2048,2048,0.394631357,0.000192691,0.000004779,0.000275707,1
actual,14,64,nb,0,2048,2048,0.431888918,0.000210883,0.000005480,0.000299072,1
actual,15,65,nb,0,2048,2048,0.389436847,0.000190155,0.000004969,0.000274696,1
actual,16,66,nb,0,2048,2048,0.426064440,0.000208039,0.000005150,0.000292660,1
actual,17,67,nb,0,2048,2048,0.390940005,0.000190889,0.000007675,0.000280689,1
actual,18,68,nb,0,2048,2048,0.427225312,0.000208606,0.000005290,0.000291245,1
actual,19,69,nb,0,2048,2048,0.408911785,0.000199664,0.000005660,0.000279033,1
actual,20,70,nb,0,2048,2048,0.417146549,0.000203685,0.000005621,0.000284463,1
actual,21,71,nb,0,2048,2048,0.390583160,0.000190714,0.000005881,0.000281978,1
actual,22,72,nb,0,2048,2048,0.425671069,0.000207847,0.000005370,0.000291647,1
actual,23,73,nb,0,2048,2048,0.385068565,0.000188022,0.000004639,0.000271401,1
actual,24,74,nb,0,2048,2048,0.428694612,0.000209324,0.000004228,0.000299852,1
actual,25,75,nb,0,2048,2048,0.397061427,0.000193878,0.000005250,0.000281237,1
actual,26,76,nb,0,2048,2048,0.417796262,0.000204002,0.000005370,0.000296145,1
actual,27,77,nb,0,2048,2048,0.392178502,0.000191493,0.000004769,0.000287560,1
actual,28,78,nb,0,2048,2048,0.422504188,0.000206301,0.000005540,0.000290596,1
actual,29,79,nb,0,2048,2048,0.401519696,0.000196055,0.000005330,0.000281437,1
actual,30,80,nb,0,2048,2048,0.409275588,0.000199842,0.000004589,0.000283832,1
actual,31,81,nb,0,2048,2048,0.394371125,0.000192564,0.000004508,0.000276219,1
actual,32,82,nb,0,2048,2048,0.414877391,0.000202577,0.000005571,0.000286278,1
actual,33,83,nb,0,2048,2048,0.397091054,0.000193892,0.000005270,0.000278533,1
actual,34,84,nb,0,2048,2048,0.407927818,0.000199184,0.000004108,0.000285185,1
actual,35,85,nb,0,2048,2048,0.390910201,0.000190874,0.000006492,0.000271038,1
actual,36,86,nb,0,2048,2048,0.419848482,0.000205004,0.000005380,0.000285626,1
actual,37,87,nb,0,2048,2048,0.370341099,0.000180831,0.000004489,0.000259949,1
actual,38,88,nb,0,2048,2048,0.433065553,0.000211458,0.000005440,0.000296769,1
actual,39,89,nb,0,2048,2048,0.409547273,0.000199974,0.000005330,0.000285014,1
actual,40,90,nb,0,2048,2048,0.403582300,0.000197062,0.000005831,0.000281029,1
actual,41,91,nb,0,2048,2048,0.396768877,0.000193735,0.000005380,0.000279594,1
actual,42,92,nb,0,2048,2048,0.416884002,0.000203557,0.000007735,0.000288391,1
actual,43,93,nb,0,2048,2048,0.392885192,0.000191838,0.000005751,0.000281087,1
actual,44,94,nb,0,2048,2048,0.414231549,0.000202261,0.000005761,0.000288080,1
actual,45,95,nb,0,2048,2048,0.395700378,0.000193213,0.000006432,0.000281920,1
actual,46,96,nb,0,2048,2048,0.418720428,0.000204453,0.000005490,0.000298540,1
actual,47,97,nb,0,2048,2048,0.403219302,0.000196884,0.000005370,0.000278642,1
actual,48,98,nb,0,2048,2048,0.429567388,0.000209750,0.000005550,0.000291888,1
actual,49,99,nb,0,2048,2048,0.393089403,0.000191938,0.000004629,0.000276518,1
warmup,0,0,nb,0,2048,3072,0.419230732,0.000204703,0.000005089,0.000283694,1
warmup,1,1,nb,0,2048,3072,0.393656781,0.000192215,0.000004970,0.000278564,1
warmup,2,2,nb,0,2048,3072,0.419734563,0.000204949,0.000004789,0.000278101,1
warmup,3,3,nb,0,2048,3072,0.386556783,0.000188748,0.000009789,0.000282883,1
warmup,4,4,nb,0,2048,3072,0.413560769,0.000201934,0.000005661,0.000298831,1
warmup,5,5,nb,0,2048,3072,0.408665869,0.000199544,0.000005901,0.000281308,1
warmup,6,6,nb,0,2048,3072,0.425622155,0.000207823,0.000006161,0.000290364,1
warmup,7,7,nb,0,2048,3072,0.390495606,0.000190672,0.000006502,0.000269234,1
warmup,8,8,nb,0,2048,3072,0.417525574,0.000203870,0.000005981,0.000295013,1
warmup,9,9,nb,0,2048,3072,0.388912455,0.000189899,0.000006432,0.000277830,1
warmup,10,10,nb,0,2048,3072,0.412605666,0.000201468,0.000005640,0.000295103,1
warmup,11,11,nb,0,2048,3072,0.401228673,0.000195912,0.000006241,0.000286957,1
warmup,12,12,nb,0,2048,3072,0.437378842,0.000213564,0.000005901,0.000300193,1
warmup,13,13,nb,0,2048,3072,0.404271387,0.000197398,0.000006793,0.000292848,1
warmup,14,14,nb,0,2048,3072,0.428473916,0.000209216,0.000005931,0.000297488,1
warmup,15,15,nb,0,2048,3072,0.396047989,0.000193383,0.000005761,0.000283223,1
warmup,16,16,nb,0,2048,3072,0.447768538,0.000218637,0.000012363,0.000303789,1
warmup,17,17,nb,0,2048,3072,0.391586090,0.000191204,0.000004819,0.000271939,1
warmup,18,18,nb,0,2048,3072,0.427680645,0.000208828,0.000005711,0.000294963,1
warmup,19,19,nb,0,2048,3072,0.386282582,0.000188615,0.000005040,0.000271962,1
warmup,20,20,nb,0,2048,3072,0.433437437,0.000211639,0.000005631,0.000294492,1
warmup,21,21,nb,0,2048,3072,0.401020233,0.000195811,0.000012112,0.000282662,1
warmup,22,22,nb,0,2048,3072,0.424676665,0.000207362,0.000005891,0.000292149,1
warmup,23,23,nb,0,2048,3072,0.393782931,0.000192277,0.000005881,0.000279875,1
warmup,24,24,nb,0,2048,3072,0.419503231,0.000204836,0.000005370,0.000293390,1
warmup,25,25,nb,0,2048,3072,0.396474026,0.000193591,0.000005801,0.000282660,1
warmup,26,26,nb,0,2048,3072,0.428218124,0.000209091,0.000005210,0.000292247,1
warmup,27,27,nb,0,2048,3072,0.400396381,0.000195506,0.000006272,0.000281049,1
warmup,28,28,nb,0,2048,3072,0.414190640,0.000202242,0.000005971,0.000292270,1
warmup,29,29,nb,0,2048,3072,0.408567030,0.000199496,0.000004528,0.000279955,1
warmup,30,30,nb,0,2048,3072,0.429399178,0.000209668,0.000005791,0.000288233,1
warmup,31,31,nb,0,2048,3072,0.394701187,0.000192725,0.000004919,0.000285177,1
warmup,32,32,nb,0,2048,3072,0.415222377,0.000202745,0.000004198,0.000291566,1
warmup,33,33,nb,0,2048,3072,0.399433116,0.000195036,0.000010320,0.000287672,1
warmup,34,34,nb,0,2048,3072,0.416927202,0.000203578,0.000005981,0.000282259,1
warmup,35,35,nb,0,2048,3072,0.396904011,0.000193801,0.000008035,0.000278945,1
warmup,36,36,nb,0,2048,3072,0.419116586,0.000204647,0.000005180,0.000291005,1
warmup,37,37,nb,0,2048,3072,0.395224500,0.000192981,0.000006021,0.000275248,1
warmup,38,38,nb,0,2048,3072,0.426877387,0.000208436,0.000005741,0.000298422,1
warmup,39,39,nb,0,2048,3072,0.388121958,0.000189513,0.000007123,0.000274046,1
warmup,40,40,nb,0,2048,3072,0.423531211,0.000206802,0.000006112,0.000290275,1
warmup,41,41,nb,0,2048,3072,0.407797773,0.000199120,0.000010930,0.000281780,1
warmup,42,42,nb,0,2048,3072,0.415808441,0.000203031,0.000005670,0.000290906,1
warmup,43,43,nb,0,2048,3072,0.383924398,0.000187463,0.000005631,0.000273364,1
warmup,44,44,nb,0,2048,3072,0.422214133,0.000206159,0.000005780,0.000291566,1
warmup,45,45,nb,0,2048,3072,0.392183093,0.000191496,0.000005069,0.000281187,1
warmup,46,46,nb,0,2048,3072,0.416714997,0.000203474,0.000005901,0.000288523,1
warmup,47,47,nb,0,2048,3072,0.399705483,0.000195169,0.000005561,0.000288843,1
warmup,48,48,nb,0,2048,3072,0.419619478,0.000204892,0.000006692,0.000290908,1
warmup,49,49,nb,0,2048,3072,0.394403595,0.000192580,0.000004990,0.000289614,1
actual,0,50,nb,0,2048,3072,0.427123210,0.000208556,0.000005000,0.000292300,1
actual,1,51,nb,0,2048,3072,0.400444796,0.000195530,0.000005861,0.000286537,1
actual,2,52,nb,0,2048,3072,0.424899504,0.000207470,0.000005882,0.000291306,1
actual,3,53,nb,0,2048,3072,0.395758237,0.000193241,0.000006772,0.000281019,1
actual,4,54,nb,0,2048,3072,0.436206216,0.000212991,0.000006403,0.000301735,1
actual,5,55,nb,0,2048,3072,0.406127371,0.000198304,0.000005701,0.000281410,1
actual,6,56,nb,0,2048,3072,0.430127908,0.000210023,0.000005861,0.000297237,1
actual,7,57,nb,0,2048,3072,0.392593377,0.000191696,0.000006071,0.000282030,1
actual,8,58,nb,0,2048,3072,0.420263764,0.000205207,0.000005861,0.000293910,1
actual,9,59,nb,0,2048,3072,0.393091332,0.000191939,0.000006572,0.000275778,1
actual,10,60,nb,0,2048,3072,0.433503078,0.000211671,0.000005630,0.000297861,1
actual,11,61,nb,0,2048,3072,0.396690075,0.000193696,0.000005020,0.000284336,1
actual,12,62,nb,0,2048,3072,0.420498603,0.000205322,0.000005510,0.000289845,1
actual,13,63,nb,0,2048,3072,0.395989786,0.000193354,0.000006813,0.000281559,1
actual,14,64,nb,0,2048,3072,0.434265155,0.000212044,0.000005921,0.000293341,1
actual,15,65,nb,0,2048,3072,0.391719321,0.000191269,0.000005751,0.000279393,1
actual,16,66,nb,0,2048,3072,0.422765452,0.000206428,0.000004589,0.000291578,1
actual,17,67,nb,0,2048,3072,0.398134779,0.000194402,0.000007755,0.000279377,1
actual,18,68,nb,0,2048,3072,0.429519788,0.000209726,0.000005691,0.000292720,1
actual,19,69,nb,0,2048,3072,0.404099340,0.000197314,0.000015770,0.000294662,1
actual,20,70,nb,0,2048,3072,0.431844499,0.000210862,0.000005621,0.000298851,1
actual,21,71,nb,0,2048,3072,0.411297516,0.000200829,0.000005841,0.000290247,1
actual,22,72,nb,0,2048,3072,0.426058915,0.000208037,0.000004298,0.000289663,1
actual,23,73,nb,0,2048,3072,0.406068912,0.000198276,0.000005971,0.000287188,1
actual,24,74,nb,0,2048,3072,0.429756909,0.000209842,0.000005651,0.000294525,1
actual,25,75,nb,0,2048,3072,0.394910638,0.000192827,0.000006392,0.000275187,1
actual,26,76,nb,0,2048,3072,0.413057031,0.000201688,0.000004578,0.000282319,1
actual,27,77,nb,0,2048,3072,0.378554672,0.000184841,0.000004860,0.000265750,1
actual,28,78,nb,0,2048,3072,0.419379391,0.000204775,0.000004659,0.000294735,1
actual,29,79,nb,0,2048,3072,0.397329797,0.000194009,0.000005631,0.000279326,1
actual,30,80,nb,0,2048,3072,0.424981447,0.000207510,0.000004398,0.000289663,1
actual,31,81,nb,0,2048,3072,0.398352319,0.000194508,0.000005550,0.000274435,1
actual,32,82,nb,0,2048,3072,0.425541960,0.000207784,0.000004478,0.000298679,1
actual,33,83,nb,0,2048,3072,0.388755679,0.000189822,0.000004989,0.000273103,1
actual,34,84,nb,0,2048,3072,0.419573972,0.000204870,0.000005400,0.000288091,1
actual,35,85,nb,0,2048,3072,0.401247843,0.000195922,0.000005640,0.000286607,1
actual,36,86,nb,0,2048,3072,0.423971999,0.000207018,0.000005371,0.000296107,1
actual,37,87,nb,0,2048,3072,0.398346153,0.000194505,0.000005200,0.000281567,1
actual,38,88,nb,0,2048,3072,0.428120993,0.000209043,0.000005541,0.000296758,1
actual,39,89,nb,0,2048,3072,0.386940994,0.000188936,0.000005451,0.000278916,1
actual,40,90,nb,0,2048,3072,0.446495023,0.000218015,0.000007765,0.000308087,1
actual,41,91,nb,0,2048,3072,0.386305002,0.000188625,0.000007765,0.000274687,1
actual,42,92,nb,0,2048,3072,0.415313073,0.000202790,0.000005972,0.000289264,1
actual,43,93,nb,0,2048,3072,0.413924508,0.000202112,0.000004679,0.000283762,1
actual,44,94,nb,0,2048,3072,0.407882031,0.000199161,0.000004328,0.000288461,1
actual,45,95,nb,0,2048,3072,0.394769730,0.000192759,0.000005771,0.000281861,1
actual,46,96,nb,0,2048,3072,0.443675850,0.000216639,0.000005671,0.000304382,1
actual,47,97,nb,0,2048,3072,0.388043802,0.000189475,0.000004489,0.000284676,1
actual,48,98,nb,0,2048,3072,0.424618716,0.000207333,0.000004338,0.000300613,1
actual,49,99,nb,0,2048,3072,0.390860706,0.000190850,0.000006261,0.000278625,1
warmup,0,0,nb,0,2048,4096,0.430000693,0.000209961,0.000006092,0.000297249,1
warmup,1,1,nb,0,2048,4096,0.398843313,0.000194748,0.000004728,0.000284496,1
warmup,2,2,nb,0,2048,4096,0.433432631,0.000211637,0.000004769,0.000303701,1
warmup,3,3,nb,0,2048,4096,0.406463889,0.000198469,0.000006492,0.000291788,1
warmup,4,4,nb,0,2048,4096,0.418329014,0.000204262,0.000004559,0.000306837,1
warmup,5,5,nb,0,2048,4096,0.416896014,0.000203563,0.000005971,0.000292900,1
warmup,6,6,nb,0,2048,4096,0.434997404,0.000212401,0.000005781,0.000301386,1
warmup,7,7,nb,0,2048,4096,0.393971538,0.000192369,0.000009949,0.000286266,1
warmup,8,8,nb,0,2048,4096,0.423809064,0.000206938,0.000006102,0.000296876,1
warmup,9,9,nb,0,2048,4096,0.403336054,0.000196941,0.000005851,0.000287981,1
warmup,10,10,nb,0,2048,4096,0.414261216,0.000202276,0.000010570,0.000290296,1
warmup,11,11,nb,0,2048,4096,0.405106938,0.000197806,0.000010750,0.000289723,1
warmup,12,12,nb,0,2048,4096,0.419474352,0.000204821,0.000005290,0.000295824,1
warmup,13,13,nb,0,2048,4096,0.390156580,0.000190506,0.000005290,0.000277961,1
warmup,14,14,nb,0,2048,4096,0.425720664,0.000207871,0.000008115,0.000302096,1
warmup,15,15,nb,0,2048,4096,0.388581496,0.000189737,0.000004979,0.000282141,1
warmup,16,16,nb,0,2048,4096,0.438677138,0.000214198,0.000006252,0.000301747,1
warmup,17,17,nb,0,2048,4096,0.408469363,0.000199448,0.000006732,0.000287600,1
warmup,18,18,nb,0,2048,4096,0.429242078,0.000209591,0.000005971,0.000301605,1
warmup,19,19,nb,0,2048,4096,0.395975430,0.000193347,0.000009999,0.000282790,1
warmup,20,20,nb,0,2048,4096,0.435494830,0.000212644,0.000005992,0.000302919,1
warmup,21,21,nb,0,2048,4096,0.400353322,0.000195485,0.000005049,0.000288651,1
warmup,22,22,nb,0,2048,4096,0.427868384,0.000208920,0.000004699,0.000304460,1
warmup,23,23,nb,0,2048,4096,0.409751498,0.000200074,0.000006453,0.000288240,1
warmup,24,24,nb,0,2048,4096,0.434085924,0.000211956,0.000005871,0.000302318,1
warmup,25,25,nb,0,2048,4096,0.388695051,0.000189793,0.000005350,0.000284234,1
warmup,26,26,nb,0,2048,4096,0.419152267,0.000204664,0.000005881,0.000287822,1
warmup,27,27,nb,0,2048,4096,0.391941856,0.000191378,0.000005250,0.000281140,1
warmup,28,28,nb,0,2048,4096,0.423022771,0.000206554,0.000005891,0.000289915,1
warmup,29,29,nb,0,2048,4096,0.390107569,0.000190482,0.000005160,0.000280776,1
warmup,30,30,nb,0,2048,4096,0.414604807,0.000202444,0.000004679,0.000293251,1
warmup,31,31,nb,0,2048,4096,0.395406903,0.000193070,0.000006473,0.000277874,1
warmup,32,32,nb,0,2048,4096,0.426252020,0.000208131,0.000006372,0.000291018,1
warmup,33,33,nb,0,2048,4096,0.398211237,0.000194439,0.000007934,0.000292528,1
warmup,34,34,nb,0,2048,4096,0.431713079,0.000210797,0.000006151,0.000298160,1
warmup,35,35,nb,0,2048,4096,0.402790591,0.000196675,0.000005060,0.000291777,1
warmup,36,36,nb,0,2048,4096,0.451661768,0.000220538,0.000005801,0.000310082,1
warmup,37,37,nb,0,2048,4096,0.392447476,0.000191625,0.000011131,0.000278293,1
warmup,38,38,nb,0,2048,4096,0.443834115,0.000216716,0.000012343,0.000303729,1
warmup,39,39,nb,0,2048,4096,0.411751400,0.000201050,0.000006822,0.000295183,1
warmup,40,40,nb,0,2048,4096,0.433499012,0.000211669,0.000005761,0.000297298,1
warmup,41,41,nb,0,2048,4096,0.394245159,0.000192503,0.000005060,0.000280105,1
warmup,42,42,nb,0,2048,4096,0.435186726,0.000212494,0.000006282,0.000301167,1
warmup,43,43,nb,0,2048,4096,0.389860374,0.000190362,0.000004989,0.000277401,1
warmup,44,44,nb,0,2048,4096,0.431254315,0.000210573,0.000005911,0.000309161,1
warmup,45,45,nb,0,2048,4096,0.399798910,0.000195214,0.000005229,0.000283221,1
warmup,46,46,nb,0,2048,4096,0.413719801,0.000202012,0.000005019,0.000289955,1
warmup,47,47,nb,0,2048,4096,0.396984228,0.000193840,0.000005700,0.000280589,1
warmup,48,48,nb,0,2048,4096,0.411070430,0.000200718,0.000004609,0.000287100,1
warmup,49,49,nb,0,2048,4096,0.393351186,0.000192066,0.000006863,0.000285245,1
actual,0,50,nb,0,2048,4096,0.445454469,0.000217507,0.000006031,0.000307079,1
actual,1,51,nb,0,2048,4096,0.392972173,0.000191881,0.000005030,0.000285164,1
actual,2,52,nb,0,2048,4096,0.444216329,0.000216903,0.000006903,0.000308088,1
actual,3,53,nb,0,2048,4096,0.388948508,0.000189916,0.000006322,0.000285588,1
actual,4,54,nb,0,2048,4096,0.425813870,0.000207917,0.000006042,0.000302446,1
actual,5,55,nb,0,2048,4096,0.395796309,0.000193260,0.000006773,0.000279897,1
actual,6,56,nb,0,2048,4096,0.427761132,0.000208868,0.000005931,0.000295285,1
actual,7,57,nb,0,2048,4096,0.436096774,0.000212938,0.000006933,0.000299995,1
actual,8,58,nb,0,2048,4096,0.428241004,0.000209102,0.000005109,0.000311175,1
actual,9,59,nb,0,2048,4096,0.397995511,0.000194334,0.000005160,0.000284814,1
actual,10,60,nb,0,2048,4096,0.443055223,0.000216336,0.000005851,0.000302358,1
actual,11,61,nb,0,2048,4096,0.397413683,0.000194050,0.000005039,0.000282561,1
actual,12,62,nb,0,2048,4096,0.446954741,0.000218240,0.000006051,0.000307047,1
actual,13,63,nb,0,2048,4096,0.397427475,0.000194056,0.000006362,0.000283654,1
actual,14,64,nb,0,2048,4096,0.414639531,0.000202461,0.000006231,0.000289914,1
actual,15,65,nb,0,2048,4096,0.401241988,0.000195919,0.000011893,0.000279273,1
actual,16,66,nb,0,2048,4096,0.411973730,0.000201159,0.000004709,0.000286296,1
actual,17,67,nb,0,2048,4096,0.404617827,0.000197567,0.000004518,0.000292438,1
actual,18,68,nb,0,2048,4096,0.410895508,0.000200633,0.000004548,0.000286117,1
actual,19,69,nb,0,2048,4096,0.398638694,0.000194648,0.000006232,0.000289575,1
actual,20,70,nb,0,2048,4096,0.433507069,0.000211673,0.000004578,0.000297650,1
actual,21,71,nb,0,2048,4096,0.400543474,0.000195578,0.000006803,0.000285706,1
actual,22,72,nb,0,2048,4096,0.432169714,0.000211020,0.000006302,0.000298138,1
actual,23,73,nb,0,2048,4096,0.402920990,0.000196739,0.000006903,0.000280947,1
actual,24,74,nb,0,2048,4096,0.408641887,0.000199532,0.000004890,0.000281911,1
actual,25,75,nb,0,2048,4096,0.391960815,0.000191387,0.000006352,0.000275747,1
actual,26,76,nb,0,2048,4096,0.423335306,0.000206707,0.000005009,0.000296467,1
actual,27,77,nb,0,2048,4096,0.413192754,0.000201754,0.000005711,0.000289142,1
actual,28,78,nb,0,2048,4096,0.417003743,0.000203615,0.000005441,0.000285074,1
actual,29,79,nb,0,2048,4096,0.391301213,0.000191065,0.000009998,0.000279616,1
actual,30,80,nb,0,2048,4096,0.425030319,0.000207534,0.000004639,0.000287951,1
actual,31,81,nb,0,2048,4096,0.395400725,0.000193067,0.000005180,0.000281186,1
actual,32,82,nb,0,2048,4096,0.429116586,0.000209530,0.000004449,0.000300353,1
actual,33,83,nb,0,2048,4096,0.399137431,0.000194891,0.000005350,0.000285165,1
actual,34,84,nb,0,2048,4096,0.423644516,0.000206858,0.000006001,0.000297679,1
actual,35,85,nb,0,2048,4096,0.392550993,0.000191675,0.000005550,0.000285416,1
actual,36,86,nb,0,2048,4096,0.425408436,0.000207719,0.000005811,0.000297418,1
actual,37,87,nb,0,2048,4096,0.404271111,0.000197398,0.000005961,0.000282560,1
actual,38,88,nb,0,2048,4096,0.438099138,0.000213916,0.000008516,0.000300403,1
actual,39,89,nb,0,2048,4096,0.391106085,0.000190970,0.000005430,0.000322185,1
actual,40,90,nb,0,2048,4096,0.424156293,0.000207108,0.000005059,0.000296578,1
actual,41,91,nb,0,2048,4096,0.395443682,0.000193088,0.000004668,0.000280157,1
actual,42,92,nb,0,2048,4096,0.417153126,0.000203688,0.000005931,0.000293591,1
actual,43,93,nb,0,2048,4096,0.390080195,0.000190469,0.000005320,0.000275690,1
actual,44,94,nb,0,2048,4096,0.426400201,0.000208203,0.000004869,0.000302919,1
actual,45,95,nb,0,2048,4096,0.393905430,0.000192337,0.000005831,0.000281250,1
actual,46,96,nb,0,2048,4096,0.423624983,0.000206848,0.000006162,0.000301745,1
actual,47,97,nb,0,2048,4096,0.398413503,0.000194538,0.000008126,0.000280328,1
actual,48,98,nb,0,2048,4096,0.429697229,0.000209813,0.000004568,0.000304209,1
actual,49,99,nb,0,2048,4096,0.389758523,0.000190312,0.000004989,0.000279644,1
warmup,0,0,nb,0,2048,6144,0.425160733,0.000207598,0.000006142,0.000298711,1
warmup,1,1,nb,0,2048,6144,0.402323281,0.000196447,0.000005370,0.000281880,1
warmup,2,2,nb,0,2048,6144,0.467052361,0.000228053,0.000006041,0.000314290,1
warmup,3,3,nb,0,2048,6144,0.412592538,0.000201461,0.000008616,0.000297046,1
warmup,4,4,nb,0,2048,6144,0.444437823,0.000217011,0.000005621,0.000303121,1
warmup,5,5,nb,0,2048,6144,0.400045546,0.000195335,0.000007304,0.000276431,1
warmup,6,6,nb,0,2048,6144,0.427755906,0.000208865,0.000006152,0.000297317,1
warmup,7,7,nb,0,2048,6144,0.418324093,0.000204260,0.000006342,0.000303568,1
warmup,8,8,nb,0,2048,6144,0.425712109,0.000207867,0.000005610,0.000292458,1
warmup,9,9,nb,0,2048,6144,0.414625355,0.000202454,0.000007194,0.000299200,1
warmup,10,10,nb,0,2048,6144,0.430059536,0.000209990,0.000006181,0.000303863,1
warmup,11,11,nb,0,2048,6144,0.408061326,0.000199249,0.000007965,0.000287790,1
warmup,12,12,nb,0,2048,6144,0.431996256,0.000210936,0.000006081,0.000300584,1
warmup,13,13,nb,0,2048,6144,0.404925476,0.000197718,0.000007194,0.000285905,1
warmup,14,14,nb,0,2048,6144,0.422585812,0.000206341,0.000007885,0.000295886,1
warmup,15,15,nb,0,2048,6144,0.399897610,0.000195263,0.000006162,0.000279817,1
warmup,16,16,nb,0,2048,6144,0.426207918,0.000208109,0.000006382,0.000288864,1
warmup,17,17,nb,0,2048,6144,0.400102496,0.000195363,0.000007735,0.000286286,1
warmup,18,18,nb,0,2048,6144,0.432762177,0.000211310,0.000006572,0.000294642,1
warmup,19,19,nb,0,2048,6144,0.395228466,0.000192983,0.000005821,0.000276448,1
warmup,20,20,nb,0,2048,6144,0.439134720,0.000214421,0.000006322,0.000303710,1
warmup,21,21,nb,0,2048,6144,0.418076508,0.000204139,0.000006301,0.000287098,1
warmup,22,22,nb,0,2048,6144,0.440304906,0.000214993,0.000008626,0.000298803,1
warmup,23,23,nb,0,2048,6144,0.397210208,0.000193950,0.000005531,0.000293641,1
warmup,24,24,nb,0,2048,6144,0.428820807,0.000209385,0.000006482,0.000297669,1
warmup,25,25,nb,0,2048,6144,0.410745462,0.000200559,0.000019807,0.000290666,1
warmup,26,26,nb,0,2048,6144,0.429566959,0.000209749,0.000006222,0.000295333,1
warmup,27,27,nb,0,2048,6144,0.409393994,0.000199899,0.000008937,0.000287762,1
warmup,28,28,nb,0,2048,6144,0.431215279,0.000210554,0.000006653,0.000295135,1
warmup,29,29,nb,0,2048,6144,0.400848162,0.000195727,0.000008686,0.000283292,1
warmup,30,30,nb,0,2048,6144,0.431179429,0.000210537,0.000006232,0.000309870,1
warmup,31,31,nb,0,2048,6144,0.387262760,0.000189093,0.000005400,0.000285615,1
warmup,32,32,nb,0,2048,6144,0.442036303,0.000215838,0.000008606,0.000313648,1
warmup,33,33,nb,0,2048,6144,0.397655496,0.000194168,0.000005610,0.000286677,1
warmup,34,34,nb,0,2048,6144,0.429297429,0.000209618,0.000006112,0.000294366,1
warmup,35,35,nb,0,2048,6144,0.407739051,0.000199091,0.000007014,0.000280816,1
warmup,36,36,nb,0,2048,6144,0.426343285,0.000208175,0.000005601,0.000295806,1
warmup,37,37,nb,0,2048,6144,0.396804677,0.000193752,0.000012664,0.000278001,1
warmup,38,38,nb,0,2048,6144,0.439081929,0.000214395,0.000005089,0.000320199,1
warmup,39,39,nb,0,2048,6144,0.400727614,0.000195668,0.000005941,0.000295844,1
warmup,40,40,nb,0,2048,6144,0.429940531,0.000209932,0.000010640,0.000301736,1
warmup,41,41,nb,0,2048,6144,0.401406630,0.000195999,0.000007324,0.000287180,1
warmup,42,42,nb,0,2048,6144,0.424831260,0.000207437,0.000006262,0.000296537,1
warmup,43,43,nb,0,2048,6144,0.392868219,0.000191830,0.000006472,0.000279336,1
warmup,44,44,nb,0,2048,6144,0.427175901,0.000208582,0.000005881,0.000302049,1
warmup,45,45,nb,0,2048,6144,0.390458627,0.000190654,0.000005390,0.000282379,1
warmup,46,46,nb,0,2048,6144,0.432332638,0.000211100,0.000006301,0.000297130,1
warmup,47,47,nb,0,2048,6144,0.404380173,0.000197451,0.000007413,0.000293800,1
warmup,48,48,nb,0,2048,6144,0.425098436,0.000207568,0.000005390,0.000297578,1
warmup,49,49,nb,0,2048,6144,0.394989430,0.000192866,0.000005260,0.000290848,1
actual,0,50,nb,0,2048,6144,0.429715989,0.000209822,0.000005480,0.000301247,1
actual,1,51,nb,0,2048,6144,0.405142486,0.000197823,0.000005290,0.000284085,1
actual,2,52,nb,0,2048,6144,0.438802925,0.000214259,0.000006532,0.000307729,1
actual,3,53,nb,0,2048,6144,0.414082856,0.000202189,0.000006301,0.000295834,1
actual,4,54,nb,0,2048,6144,0.427863948,0.000208918,0.000004739,0.000297467,1
actual,5,55,nb,0,2048,6144,0.404646659,0.000197581,0.000007113,0.000284625,1
actual,6,56,nb,0,2048,6144,0.425044921,0.000207541,0.000005791,0.000294924,1
actual,7,57,nb,0,2048,6144,0.403108309,0.000196830,0.000005680,0.000291586,1
actual,8,58,nb,0,2048,6144,0.420791915,0.000205465,0.000005881,0.000289165,1
actual,9,59,nb,0,2048,6144,0.400842533,0.000195724,0.000005300,0.000285146,1
actual,10,60,nb,0,2048,6144,0.427608433,0.000208793,0.000006622,0.000295554,1
actual,11,61,nb,0,2048,6144,0.399063271,0.000194855,0.000012524,0.000286647,1
actual,12,62,nb,0,2048,6144,0.428304883,0.000209133,0.000006332,0.000302359,1
actual,13,63,nb,0,2048,6144,0.411201392,0.000200782,0.000007484,0.000294552,1
actual,14,64,nb,0,2048,6144,0.430644260,0.000210276,0.000006101,0.000307155,1
actual,15,65,nb,0,2048,6144,0.400861476,0.000195733,0.000007093,0.000290294,1
actual,16,66,nb,0,2048,6144,0.422582413,0.000206339,0.000005480,0.000288914,1
actual,17,67,nb,0,2048,6144,0.417558532,0.000203886,0.000005751,0.000283362,1
actual,18,68,nb,0,2048,6144,0.426217557,0.000208114,0.000006753,0.000295926,1
actual,19,69,nb,0,2048,6144,0.395472084,0.000193102,0.000008496,0.000292313,1
actual,20,70,nb,0,2048,6144,0.434239124,0.000212031,0.000008717,0.000301195,1
actual,21,71,nb,0,2048,6144,0.402762579,0.000196661,0.000012503,0.000282098,1
actual,22,72,nb,0,2048,6144,0.442621249,0.000216124,0.000004869,0.000307758,1
actual,23,73,nb,0,2048,6144,0.390473353,0.000190661,0.000005921,0.000273183,1
actual,24,74,nb,0,2048,6144,0.436667345,0.000213216,0.000006212,0.000311013,1
actual,25,75,nb,0,2048,6144,0.405315178,0.000197908,0.000007153,0.000288723,1
actual,26,76,nb,0,2048,6144,0.419918219,0.000205038,0.000004669,0.000284133,1
actual,27,77,nb,0,2048,6144,0.396192861,0.000193454,0.000005571,0.000287749,1
actual,28,78,nb,0,2048,6144,0.435321210,0.000212559,0.000007024,0.000307216,1
actual,29,79,nb,0,2048,6144,0.402778482,0.000196669,0.000005961,0.000283331,1
actual,30,80,nb,0,2048,6144,0.427444671,0.000208713,0.000006643,0.000297058,1
actual,31,81,nb,0,2048,6144,0.409921281,0.000200157,0.000009448,0.000287781,1
actual,32,82,nb,0,2048,6144,0.443314330,0.000216462,0.000009157,0.000305793,1
actual,33,83,nb,0,2048,6144,0.394010075,0.000192388,0.000005971,0.000285127,1
actual,34,84,nb,0,2048,6144,0.433735603,0.000211785,0.000006292,0.000295427,1
actual,35,85,nb,0,2048,6144,0.427700574,0.000208838,0.000005631,0.000312636,1
actual,36,86,nb,0,2048,6144,0.432298665,0.000211083,0.000006122,0.000305182,1
actual,37,87,nb,0,2048,6144,0.421591322,0.000205855,0.000014197,0.000316203,1
actual,38,88,nb,0,2048,6144,0.429307519,0.000209623,0.000008716,0.000293862,1
actual,39,89,nb,0,2048,6144,0.392351134,0.000191578,0.000007514,0.000269795,1
actual,40,90,nb,0,2048,6144,0.431007016,0.000210453,0.000006201,0.000303689,1
actual,41,91,nb,0,2048,6144,0.412270176,0.000201304,0.000008616,0.000294873,1
actual,42,92,nb,0,2048,6144,0.435624270,0.000212707,0.000006592,0.000307416,1
actual,43,93,nb,0,2048,6144,0.388977770,0.000189931,0.000007714,0.000285848,1
actual,44,94,nb,0,2048,6144,0.414543737,0.000202414,0.000005029,0.000303318,1
actual,45,95,nb,0,2048,6144,0.414852878,0.000202565,0.000004689,0.000290335,1
actual,46,96,nb,0,2048,6144,0.416491076,0.000203365,0.000005780,0.000299270,1
actual,47,97,nb,0,2048,6144,0.403122935,0.000196837,0.000006432,0.000285425,1
actual,48,98,nb,0,2048,6144,0.420942983,0.000205539,0.000006712,0.000286747,1
actual,49,99,nb,0,2048,6144,0.407071926,0.000198766,0.000007514,0.000294374,1
warmup,0,0,nb,0,2048,8192,0.484322270,0.000236485,0.000067197,0.000348242,1
warmup,1,1,nb,0,2048,8192,0.415269048,0.000202768,0.000032141,0.000307348,1
warmup,2,2,nb,0,2048,8192,0.445831770,0.000217691,0.000021190,0.000303220,1
warmup,3,3,nb,0,2048,8192,0.425162820,0.000207599,0.000023845,0.000305754,1
warmup,4,4,nb,0,2048,8192,0.444401778,0.000216993,0.000020358,0.000310523,1
warmup,5,5,nb,0,2048,8192,0.421767982,0.000205941,0.000027111,0.000294604,1
warmup,6,6,nb,0,2048,8192,0.440161535,0.000214923,0.000021721,0.000310483,1
warmup,7,7,nb,0,2048,8192,0.416147482,0.000203197,0.000034344,0.000316815,1
warmup,8,8,nb,0,2048,8192,0.450618768,0.000220029,0.000019447,0.000326974,1
warmup,9,9,nb,0,2048,8192,0.411973452,0.000201159,0.000029525,0.000303581,1
warmup,10,10,nb,0,2048,8192,0.453435679,0.000221404,0.000022172,0.000318849,1
warmup,11,11,nb,0,2048,8192,0.422326212,0.000206214,0.000030968,0.000338976,1
warmup,12,12,nb,0,2048,8192,0.461814126,0.000225495,0.000020038,0.000327272,1
warmup,13,13,nb,0,2048,8192,0.415022490,0.000202648,0.000025528,0.000308470,1
warmup,14,14,nb,0,2048,8192,0.446662694,0.000218097,0.000023324,0.000316154,1
warmup,15,15,nb,0,2048,8192,0.416394333,0.000203318,0.000023745,0.000296417,1
warmup,16,16,nb,0,2048,8192,0.442388544,0.000216010,0.000028624,0.000314079,1
warmup,17,17,nb,0,2048,8192,0.422632949,0.000206364,0.000020529,0.000290635,1
warmup,18,18,nb,0,2048,8192,0.447518139,0.000218515,0.000026219,0.000325141,1
warmup,19,19,nb,0,2048,8192,0.411642941,0.000200998,0.000023364,0.000297639,1
warmup,20,20,nb,0,2048,8192,0.439412426,0.000214557,0.000005490,0.000351458,1
warmup,21,21,nb,0,2048,8192,0.408536024,0.000199480,0.000025909,0.000290846,1
warmup,22,22,nb,0,2048,8192,0.453607401,0.000221488,0.000020458,0.000339738,1
warmup,23,23,nb,0,2048,8192,0.421808564,0.000205961,0.000021140,0.000302697,1
warmup,24,24,nb,0,2048,8192,0.431068188,0.000210483,0.000016872,0.000310423,1
warmup,25,25,nb,0,2048,8192,0.400895468,0.000195750,0.000019146,0.000313949,1
warmup,26,26,nb,0,2048,8192,0.454794345,0.000222068,0.000019517,0.000324480,1
warmup,27,27,nb,0,2048,8192,0.413355891,0.000201834,0.000019486,0.000293533,1
warmup,28,28,nb,0,2048,8192,0.437960067,0.000213848,0.000016702,0.000317195,1
warmup,29,29,nb,0,2048,8192,0.420271460,0.000205211,0.000024416,0.000295154,1
warmup,30,30,nb,0,2048,8192,0.448251469,0.000218873,0.000022613,0.000322094,1
warmup,31,31,nb,0,2048,8192,0.415374346,0.000202820,0.000027131,0.000290275,1
warmup,32,32,nb,0,2048,8192,0.447194575,0.000218357,0.000017914,0.000318989,1
warmup,33,33,nb,0,2048,8192,0.416337691,0.000203290,0.000023213,0.000297617,1
warmup,34,34,nb,0,2048,8192,0.449398160,0.000219433,0.000018124,0.000324038,1
warmup,35,35,nb,0,2048,8192,0.413666386,0.000201986,0.000028895,0.000294482,1
warmup,36,36,nb,0,2048,8192,0.450838874,0.000220136,0.000021861,0.000318006,1
warmup,37,37,nb,0,2048,8192,0.421763664,0.000205939,0.000025248,0.000320923,1
warmup,38,38,nb,0,2048,8192,0.451477026,0.000220448,0.000018625,0.000307567,1
warmup,39,39,nb,0,2048,8192,0.413717776,0.000202011,0.000024446,0.000296597,1
warmup,40,40,nb,0,2048,8192,0.448523708,0.000219006,0.000016501,0.000334669,1
warmup,41,41,nb,0,2048,8192,0.433259263,0.000211552,0.000035035,0.000302388,1
warmup,42,42,nb,0,2048,8192,0.445270423,0.000217417,0.000017713,0.000298701,1
warmup,43,43,nb,0,2048,8192,0.401150566,0.000195874,0.000029315,0.000308017,1
warmup,44,44,nb,0,2048,8192,0.451358054,0.000220390,0.000017422,0.000330300,1
warmup,45,45,nb,0,2048,8192,0.406395409,0.000198435,0.000024997,0.000290185,1
warmup,46,46,nb,0,2048,8192,0.444059015,0.000216826,0.000023153,0.000300905,1
warmup,47,47,nb,0,2048,8192,0.420300139,0.000205225,0.000027832,0.000306265,1
warmup,48,48,nb,0,2048,8192,0.442356742,0.000215995,0.000018144,0.000311675,1
warmup,49,49,nb,0,2048,8192,0.415829340,0.000203042,0.000030878,0.000294483,1
actual,0,50,nb,0,2048,8192,0.431675698,0.000210779,0.000024556,0.000306465,1
actual,1,51,nb,0,2048,8192,0.418151840,0.000204176,0.000023965,0.000288081,1
actual,2,52,nb,0,2048,8192,0.443063418,0.000216340,0.000018245,0.000321734,1
actual,3,53,nb,0,2048,8192,0.404696412,0.000197606,0.000026290,0.000308921,1
actual,4,54,nb,0,2048,8192,0.440362669,0.000215021,0.000024235,0.000326554,1
actual,5,55,nb,0,2048,8192,0.413903170,0.000202101,0.000027852,0.000319640,1
actual,6,56,nb,0,2048,8192,0.445045273,0.000217307,0.000023013,0.000315512,1
actual,7,57,nb,0,2048,8192,0.418025272,0.000204114,0.000025558,0.000293099,1
actual,8,58,nb,0,2048,8192,0.445249600,0.000217407,0.000018455,0.000307166,1
actual,9,59,nb,0,2048,8192,0.409293945,0.000199851,0.000030387,0.000297699,1
actual,10,60,nb,0,2048,8192,0.451742412,0.000220577,0.000016762,0.000323087,1
actual,11,61,nb,0,2048,8192,0.413961910,0.000202130,0.000027712,0.000296066,1
actual,12,62,nb,0,2048,8192,0.441547475,0.000215599,0.000017032,0.000309310,1
actual,13,63,nb,0,2048,8192,0.414908984,0.000202592,0.000026851,0.000291408,1
actual,14,64,nb,0,2048,8192,0.442454589,0.000216042,0.000017413,0.000300674,1
actual,15,65,nb,0,2048,8192,0.419781132,0.000204971,0.000023815,0.000296137,1
actual,16,66,nb,0,2048,8192,0.449196737,0.000219334,0.000020077,0.000317755,1
actual,17,67,nb,0,2048,8192,0.412927585,0.000201625,0.000024195,0.000278572,1
actual,18,68,nb,0,2048,8192,0.451532824,0.000220475,0.000019206,0.000299733,1
actual,19,69,nb,0,2048,8192,0.405672291,0.000198082,0.000027141,0.000288090,1
actual,20,70,nb,0,2048,8192,0.440203126,0.000214943,0.000023714,0.000327796,1
actual,21,71,nb,0,2048,8192,0.416789732,0.000203511,0.000027511,0.000297268,1
actual,22,72,nb,0,2048,8192,0.453999684,0.000221680,0.000021891,0.000309220,1
actual,23,73,nb,0,2048,8192,0.410023652,0.000200207,0.000021831,0.000287961,1
actual,24,74,nb,0,2048,8192,0.454277992,0.000221815,0.000016591,0.000313569,1
actual,25,75,nb,0,2048,8192,0.415385558,0.000202825,0.000026740,0.000293762,1
actual,26,76,nb,0,2048,8192,0.450089264,0.000219770,0.000016872,0.000307577,1
actual,27,77,nb,0,2048,8192,0.413452592,0.000201881,0.000030888,0.000308850,1
actual,28,78,nb,0,2048,8192,0.457214148,0.000223249,0.000021139,0.000325692,1
actual,29,79,nb,0,2048,8192,0.412065355,0.000201204,0.000019817,0.000307858,1
actual,30,80,nb,0,2048,8192,0.439233642,0.000214470,0.000017202,0.000312657,1
actual,31,81,nb,0,2048,8192,0.428896173,0.000209422,0.000030678,0.000295625,1
actual,32,82,nb,0,2048,8192,0.448031618,0.000218765,0.000018966,0.000320562,1
actual,33,83,nb,0,2048,8192,0.420887073,0.000205511,0.000023184,0.000289723,1
actual,34,84,nb,0,2048,8192,0.433233280,0.000211540,0.000017393,0.000318067,1
actual,35,85,nb,0,2048,8192,0.420015859,0.000205086,0.000023143,0.000307076,1
actual,36,86,nb,0,2048,8192,0.449751625,0.000219605,0.000027001,0.000538372,1
actual,37,87,nb,0,2048,8192,0.429575762,0.000209754,0.000017092,0.000300173,1
actual,38,88,nb,0,2048,8192,0.434498005,0.000212157,0.000018164,0.000305113,1
actual,39,89,nb,0,2048,8192,0.415427426,0.000202845,0.000017343,0.000304092,1
actual,40,90,nb,0,2048,8192,0.431140988,0.000210518,0.000019597,0.000313158,1
actual,41,91,nb,0,2048,8192,0.427171375,0.000208580,0.000023454,0.000295934,1
actual,42,92,nb,0,2048,8192,0.447988441,0.000218744,0.000017864,0.000313809,1
actual,43,93,nb,0,2048,8192,0.408564419,0.000199494,0.000021971,0.000304963,1
actual,44,94,nb,0,2048,8192,0.440877708,0.000215272,0.000018915,0.000316925,1
actual,45,95,nb,0,2048,8192,0.426899265,0.000208447,0.000029706,0.000301265,1
actual,46,96,nb,0,2048,8192,0.447206609,0.000218363,0.000020278,0.000311615,1
actual,47,97,nb,0,2048,8192,0.412151276,0.000201246,0.000026821,0.000285095,1
actual,48,98,nb,0,2048,8192,0.446634012,0.000218083,0.000019396,0.000303049,1
actual,49,99,nb,0,2048,8192,0.413071706,0.000201695,0.000027522,0.000307588,1
warmup,0,0,nb,0,2048,12288,4.761666522,0.002325032,0.002117898,0.003391471,1
warmup,1,1,nb,0,2048,12288,1.264768081,0.000617563,0.000391995,0.001781887,1
warmup,2,2,nb,0,2048,12288,1.198941532,0.000585421,0.000475380,0.000889531,1
warmup,3,3,nb,0,2048,12288,1.398246443,0.000682738,0.000471323,0.001056272,1
warmup,4,4,nb,0,2048,12288,1.191288198,0.000581684,0.000418775,0.001050832,1
warmup,5,5,nb,0,2048,12288,1.182054118,0.000577175,0.000461535,0.000903732,1
warmup,6,6,nb,0,2048,12288,1.232967971,0.000602035,0.000462634,0.000835287,1
warmup,7,7,nb,0,2048,12288,1.278721200,0.000624376,0.000372518,0.000954538,1
warmup,8,8,nb,0,2048,12288,1.185354093,0.000578786,0.000352831,0.001095804,1
warmup,9,9,nb,0,2048,12288,1.190736542,0.000581414,0.000465522,0.000808344,1
warmup,10,10,nb,0,2048,12288,1.188763063,0.000580451,0.000466646,0.000800723,1
warmup,11,11,nb,0,2048,12288,1.171333383,0.000571940,0.000414609,0.000858440,1
warmup,12,12,nb,0,2048,12288,1.173368029,0.000572934,0.000454440,0.000785908,1
warmup,13,13,nb,0,2048,12288,1.187976107,0.000580066,0.000463538,0.000798631,1
warmup,14,14,nb,0,2048,12288,1.180035971,0.000576189,0.000464500,0.000765630,1
warmup,15,15,nb,0,2048,12288,1.186944652,0.000579563,0.000469972,0.000786866,1
warmup,16,16,nb,0,2048,12288,1.195960509,0.000583965,0.000464680,0.000794632,1
warmup,17,17,nb,0,2048,12288,1.170024320,0.000571301,0.000453620,0.000785771,1
warmup,18,18,nb,0,2048,12288,1.191177991,0.000581630,0.000464471,0.000897403,1
warmup,19,19,nb,0,2048,12288,1.175111906,0.000573785,0.000442288,0.000815920,1
warmup,20,20,nb,0,2048,12288,1.183420834,0.000577842,0.000466024,0.000763647,1
warmup,21,21,nb,0,2048,12288,1.169566914,0.000571078,0.000448610,0.001033202,1
warmup,22,22,nb,0,2048,12288,1.178716389,0.000575545,0.000465442,0.000795039,1
warmup,23,23,nb,0,2048,12288,1.157321631,0.000565098,0.000440514,0.000782998,1
warmup,24,24,nb,0,2048,12288,1.163098615,0.000567919,0.000458821,0.000805905,1
warmup,25,25,nb,0,2048,12288,1.152070110,0.000562534,0.000451226,0.000790587,1
warmup,26,26,nb,0,2048,12288,1.179061151,0.000575713,0.000464481,0.000812800,1
warmup,27,27,nb,0,2048,12288,1.179677578,0.000576014,0.000467717,0.000831253,1
warmup,28,28,nb,0,2048,12288,1.155697353,0.000564305,0.000451926,0.000838883,1
warmup,29,29,nb,0,2048,12288,1.148709091,0.000560893,0.000441651,0.000792147,1
warmup,30,30,nb,0,2048,12288,1.165754892,0.000569216,0.000441206,0.000793236,1
warmup,31,31,nb,0,2048,12288,1.155255668,0.000564090,0.000440955,0.000800091,1
warmup,32,32,nb,0,2048,12288,1.181894604,0.000577097,0.000473406,0.000799123,1
warmup,33,33,nb,0,2048,12288,1.164697486,0.000568700,0.000466213,0.000779316,1
warmup,34,34,nb,0,2048,12288,1.163592649,0.000568160,0.000455954,0.000811926,1
warmup,35,35,nb,0,2048,12288,1.155744622,0.000564328,0.000451906,0.000790614,1
warmup,36,36,nb,0,2048,12288,1.170582571,0.000571574,0.000454823,0.000799981,1
warmup,37,37,nb,0,2048,12288,1.179915727,0.000576131,0.000456095,0.000798054,1
warmup,38,38,nb,0,2048,12288,1.171155236,0.000571853,0.000453288,0.000794806,1
warmup,39,39,nb,0,2048,12288,1.156710772,0.000564800,0.000453670,0.000766262,1
warmup,40,40,nb,0,2048,12288,1.175646549,0.000574046,0.000457507,0.000773251,1
warmup,41,41,nb,0,2048,12288,1.187374765,0.000579773,0.000467626,0.000853861,1
warmup,42,42,nb,0,2048,12288,1.131471390,0.000552476,0.000448540,0.000787137,1
warmup,43,43,nb,0,2048,12288,1.168458775,0.000570537,0.000469990,0.000779196,1
warmup,44,44,nb,0,2048,12288,1.184323099,0.000578283,0.000462536,0.000806694,1
warmup,45,45,nb,0,2048,12288,1.156604120,0.000564748,0.000448920,0.000884544,1
warmup,46,46,nb,0,2048,12288,1.162301983,0.000567530,0.000452327,0.000809922,1
warmup,47,47,nb,0,2048,12288,1.167958882,0.000570292,0.000466113,0.000823236,1
warmup,48,48,nb,0,2048,12288,1.152661728,0.000562823,0.000456365,0.000804090,1
warmup,49,49,nb,0,2048,12288,1.185878581,0.000579042,0.000471675,0.000803017,1
actual,0,50,nb,0,2048,12288,1.169590227,0.000571089,0.000459199,0.000781046,1
actual,1,51,nb,0,2048,12288,1.160609120,0.000566704,0.000464240,0.000790272,1
actual,2,52,nb,0,2048,12288,1.175649729,0.000574048,0.000472665,0.000768563,1
actual,3,53,nb,0,2048,12288,1.177647240,0.000575023,0.000470723,0.000784241,1
actual,4,54,nb,0,2048,12288,1.170540821,0.000571553,0.000451966,0.000805352,1
actual,5,55,nb,0,2048,12288,1.154497384,0.000563719,0.000467075,0.000771157,1
actual,6,56,nb,0,2048,12288,1.166783931,0.000569719,0.000455132,0.000784783,1
actual,7,57,nb,0,2048,12288,1.166564262,0.000569611,0.000442448,0.000785443,1
actual,8,58,nb,0,2048,12288,1.178486971,0.000575433,0.000467216,0.000797937,1
actual,9,59,nb,0,2048,12288,1.141451739,0.000557349,0.000440236,0.000778430,1
actual,10,60,nb,0,2048,12288,1.156281746,0.000564591,0.000449792,0.000797746,1
actual,11,61,nb,0,2048,12288,1.167940709,0.000570284,0.000456535,0.000823595,1
actual,12,62,nb,0,2048,12288,1.151465502,0.000562239,0.000440835,0.000765258,1
actual,13,63,nb,0,2048,12288,1.148432238,0.000560758,0.000434994,0.000770633,1
actual,14,64,nb,0,2048,12288,1.155606447,0.000564261,0.000457015,0.000760447,1
actual,15,65,nb,0,2048,12288,1.164303065,0.000568507,0.000463718,0.000801173,1
actual,16,66,nb,0,2048,12288,1.150243887,0.000561643,0.000454963,0.000807345,1
actual,17,67,nb,0,2048,12288,1.151599350,0.000562304,0.000459351,0.000785643,1
actual,18,68,nb,0,2048,12288,1.163571535,0.000568150,0.000454711,0.000833396,1
actual,19,69,nb,0,2048,12288,1.182587962,0.000577436,0.000457146,0.000840720,1
actual,20,70,nb,0,2048,12288,1.179807775,0.000576078,0.000464612,0.000803214,1
actual,21,71,nb,0,2048,12288,1.131714521,0.000552595,0.000359605,0.000785007,1
actual,22,72,nb,0,2048,12288,1.166167030,0.000569417,0.000454402,0.000791463,1
actual,23,73,nb,0,2048,12288,1.155867838,0.000564389,0.000400761,0.000767428,1
actual,24,74,nb,0,2048,12288,1.161841767,0.000567306,0.000459781,0.000783138,1
actual,25,75,nb,0,2048,12288,1.165948186,0.000569311,0.000449261,0.000826500,1
actual,26,76,nb,0,2048,12288,1.190926931,0.000581507,0.000478236,0.000783500,1
actual,27,77,nb,0,2048,12288,1.160368434,0.000566586,0.000444953,0.000787642,1
actual,28,78,nb,0,2048,12288,1.160944159,0.000566867,0.000453228,0.000901711,1
actual,29,79,nb,0,2048,12288,1.173302669,0.000572902,0.000445203,0.001005049,1
actual,30,80,nb,0,2048,12288,1.180979528,0.000576650,0.000468688,0.000787748,1
actual,31,81,nb,0,2048,12288,1.152070698,0.000562535,0.000455533,0.000770249,1
actual,32,82,nb,0,2048,12288,1.171572017,0.000572057,0.000458179,0.000787946,1
actual,33,83,nb,0,2048,12288,1.174625314,0.000573548,0.000456014,0.000796872,1
actual,34,84,nb,0,2048,12288,1.149937366,0.000561493,0.000454672,0.000784642,1
actual,35,85,nb,0,2048,12288,1.172679433,0.000572597,0.000459921,0.000767046,1
actual,36,86,nb,0,2048,12288,1.174731816,0.000573600,0.000457156,0.000773654,1
actual,37,87,nb,0,2048,12288,1.161203741,0.000566994,0.000452546,0.000776730,1
actual,38,88,nb,0,2048,12288,1.165792793,0.000569235,0.000467421,0.000787781,1
actual,39,89,nb,0,2048,12288,1.159448465,0.000566137,0.000442308,0.000777129,1
actual,40,90,nb,0,2048,12288,1.153886971,0.000563421,0.000458838,0.000798568,1
actual,41,91,nb,0,2048,12288,1.147443311,0.000560275,0.000444863,0.000798749,1
actual,42,92,nb,0,2048,12288,1.163685330,0.000568206,0.000461433,0.000775327,1
actual,43,93,nb,0,2048,12288,1.157644141,0.000565256,0.000435756,0.000798789,1
actual,44,94,nb,0,2048,12288,1.183876201,0.000578065,0.000457507,0.000787558,1
actual,45,95,nb,0,2048,12288,1.161999535,0.000567383,0.000441095,0.000791023,1
actual,46,96,nb,0,2048,12288,1.146416537,0.000559774,0.000448981,0.000763754,1
actual,47,97,nb,0,2048,12288,1.164048925,0.000568383,0.000442379,0.000817265,1
actual,48,98,nb,0,2048,12288,1.166506844,0.000569583,0.000442654,0.000779504,1
actual,49,99,nb,0,2048,12288,1.163993896,0.000568356,0.000446165,0.000754795,1
warmup,0,0,nb,0,2048,16384,1.765680297,0.000862149,0.000734217,0.001092061,1
warmup,1,1,nb,0,2048,16384,1.293336259,0.000631512,0.000521759,0.000910478,1
warmup,2,2,nb,0,2048,16384,1.314001548,0.000641602,0.000505768,0.000864943,1
warmup,3,3,nb,0,2048,16384,1.288417667,0.000629110,0.000496229,0.000846940,1
warmup,4,4,nb,0,2048,16384,1.287592171,0.000628707,0.000522290,0.000860387,1
warmup,5,5,nb,0,2048,16384,1.278939793,0.000624482,0.000487996,0.000877650,1
warmup,6,6,nb,0,2048,16384,1.297387279,0.000633490,0.000518511,0.000880683,1
warmup,7,7,nb,0,2048,16384,1.281072584,0.000625524,0.000503714,0.000876653,1
warmup,8,8,nb,0,2048,16384,1.282189977,0.000626069,0.000510747,0.000872384,1
warmup,9,9,nb,0,2048,16384,1.290130322,0.000629946,0.000514083,0.000887583,1
warmup,10,10,nb,0,2048,16384,1.274058114,0.000622099,0.000512728,0.000851450,1
warmup,11,11,nb,0,2048,16384,1.273517818,0.000621835,0.000505346,0.000870910,1
warmup,12,12,nb,0,2048,16384,1.274569477,0.000622348,0.000491562,0.000858503,1
warmup,13,13,nb,0,2048,16384,1.302950466,0.000636206,0.000524715,0.000882304,1
warmup,14,14,nb,0,2048,16384,1.277386480,0.000623724,0.000501179,0.000866480,1
warmup,15,15,nb,0,2048,16384,1.284894284,0.000627390,0.000509855,0.000878759,1
warmup,16,16,nb,0,2048,16384,1.292541435,0.000631124,0.000520405,0.000915157,1
warmup,17,17,nb,0,2048,16384,1.268128703,0.000619203,0.000438932,0.000853200,1
warmup,18,18,nb,0,2048,16384,1.304901957,0.000637159,0.000526275,0.000890939,1
warmup,19,19,nb,0,2048,16384,1.280910644,0.000625445,0.000514695,0.000855365,1
warmup,20,20,nb,0,2048,16384,1.262081721,0.000616251,0.000492543,0.000864662,1
warmup,21,21,nb,0,2048,16384,1.298498332,0.000634032,0.000517940,0.000912273,1
warmup,22,22,nb,0,2048,16384,1.292097221,0.000630907,0.000525513,0.000868980,1
warmup,23,23,nb,0,2048,16384,1.271880668,0.000621035,0.000511858,0.000842226,1
warmup,24,24,nb,0,2048,16384,1.298882151,0.000634220,0.000522730,0.000851463,1
warmup,25,25,nb,0,2048,16384,1.276109795,0.000623100,0.000511409,0.000856741,1
warmup,26,26,nb,0,2048,16384,1.286408165,0.000628129,0.000510917,0.000876428,1
warmup,27,27,nb,0,2048,16384,1.287220206,0.000628525,0.000450024,0.000859515,1
warmup,28,28,nb,0,2048,16384,1.268397839,0.000619335,0.000509205,0.000886644,1
warmup,29,29,nb,0,2048,16384,1.284548753,0.000627221,0.000509786,0.000852700,1
warmup,30,30,nb,0,2048,16384,1.280935156,0.000625457,0.000517361,0.000862411,1
warmup,31,31,nb,0,2048,16384,1.258222494,0.000614366,0.000500448,0.000848262,1
warmup,32,32,nb,0,2048,16384,1.276256769,0.000623172,0.000512169,0.000860293,1
warmup,33,33,nb,0,2048,16384,1.275708428,0.000622905,0.000513201,0.000862272,1
warmup,34,34,nb,0,2048,16384,1.289793485,0.000629782,0.000517761,0.000874233,1
warmup,35,35,nb,0,2048,16384,1.307517780,0.000638436,0.000527939,0.000850222,1
warmup,36,36,nb,0,2048,16384,1.279906170,0.000624954,0.000510427,0.000887057,1
warmup,37,37,nb,0,2048,16384,1.273401138,0.000621778,0.000500456,0.000853036,1
warmup,38,38,nb,0,2048,16384,1.285303882,0.000627590,0.000517811,0.000851622,1
warmup,39,39,nb,0,2048,16384,1.270759196,0.000620488,0.000506407,0.000864923,1
warmup,40,40,nb,0,2048,16384,1.282826734,0.000626380,0.000508232,0.000872520,1
warmup,41,41,nb,0,2048,16384,1.296683781,0.000633146,0.000526326,0.000940795,1
warmup,42,42,nb,0,2048,16384,1.276482694,0.000623283,0.000509673,0.000854574,1
warmup,43,43,nb,0,2048,16384,1.274868333,0.000622494,0.000507581,0.000830218,1
warmup,44,44,nb,0,2048,16384,1.287052577,0.000628444,0.000510015,0.000859472,1
warmup,45,45,nb,0,2048,16384,1.292813144,0.000631256,0.000521486,0.000837712,1
warmup,46,46,nb,0,2048,16384,1.290584781,0.000630168,0.000512340,0.000843449,1
warmup,47,47,nb,0,2048,16384,1.290173011,0.000629967,0.000505158,0.000853939,1
warmup,48,48,nb,0,2048,16384,1.282465418,0.000626204,0.000516137,0.000891219,1
warmup,49,49,nb,0,2048,16384,1.284903566,0.000627394,0.000516248,0.000895758,1
actual,0,50,nb,0,2048,16384,1.295921823,0.000632774,0.000524262,0.000874505,1
actual,1,51,nb,0,2048,16384,1.275119512,0.000622617,0.000499736,0.000893869,1
actual,2,52,nb,0,2048,16384,1.272468130,0.000621322,0.000503062,0.000838421,1
actual,3,53,nb,0,2048,16384,1.283330737,0.000626626,0.000502822,0.000885808,1
actual,4,54,nb,0,2048,16384,1.265161874,0.000617755,0.000504977,0.000876664,1
actual,5,55,nb,0,2048,16384,1.286040148,0.000627949,0.000503263,0.000847343,1
actual,6,56,nb,0,2048,16384,1.274599655,0.000622363,0.000499256,0.000884067,1
actual,7,57,nb,0,2048,16384,1.273618660,0.000621884,0.000514273,0.000876508,1
actual,8,58,nb,0,2048,16384,1.277447764,0.000623754,0.000511109,0.000863200,1
actual,9,59,nb,0,2048,16384,1.281439855,0.000625703,0.000513102,0.000850605,1
actual,10,60,nb,0,2048,16384,1.291622438,0.000630675,0.000512891,0.000857189,1
actual,11,61,nb,0,2048,16384,1.278381032,0.000624209,0.000510216,0.000850757,1
actual,12,62,nb,0,2048,16384,1.290140413,0.000629951,0.000520545,0.000871810,1
actual,13,63,nb,0,2048,16384,1.269752846,0.000619997,0.000499866,0.000847907,1
actual,14,64,nb,0,2048,16384,1.282971111,0.000626451,0.000513261,0.000850319,1
actual,15,65,nb,0,2048,16384,1.276304182,0.000623195,0.000500056,0.000856628,1
actual,16,66,nb,0,2048,16384,1.286384940,0.000628118,0.000523261,0.000885131,1
actual,17,67,nb,0,2048,16384,1.288323152,0.000629064,0.000515617,0.000861158,1
actual,18,68,nb,0,2048,16384,1.287036611,0.000628436,0.000502893,0.000897101,1
actual,19,69,nb,0,2048,16384,1.278882409,0.000624454,0.000507641,0.000882878,1
actual,20,70,nb,0,2048,16384,1.281512079,0.000625738,0.000513782,0.000827637,1
actual,21,71,nb,0,2048,16384,1.275543492,0.000622824,0.000506851,0.000867134,1
actual,22,72,nb,0,2048,16384,1.270372481,0.000620299,0.000489888,0.000897347,1
actual,23,73,nb,0,2048,16384,1.276282954,0.000623185,0.000506719,0.000873262,1
actual,24,74,nb,0,2048,16384,1.300841020,0.000635176,0.000514224,0.000848263,1
actual,25,75,nb,0,2048,16384,1.266223308,0.000618273,0.000508292,0.000869147,1
actual,26,76,nb,0,2048,16384,1.280969568,0.000625473,0.000508713,0.000840318,1
actual,27,77,nb,0,2048,16384,1.266379925,0.000618350,0.000497161,0.000844675,1
actual,28,78,nb,0,2048,16384,1.308798184,0.000639062,0.000517089,0.000887745,1
actual,29,79,nb,0,2048,16384,1.269973161,0.000620104,0.000492934,0.000851098,1
actual,30,80,nb,0,2048,16384,1.285622020,0.000627745,0.000510567,0.000892573,1
actual,31,81,nb,0,2048,16384,1.267694603,0.000618992,0.000494147,0.000867557,1
actual,32,82,nb,0,2048,16384,1.256972524,0.000613756,0.000492322,0.000878100,1
actual,33,83,nb,0,2048,16384,1.260180911,0.000615323,0.000491460,0.000862298,1
actual,34,84,nb,0,2048,16384,1.277226277,0.000623646,0.000513355,0.000858029,1
actual,35,85,nb,0,2048,16384,1.302328129,0.000635902,0.000529453,0.000881283,1
actual,36,86,nb,0,2048,16384,1.265749841,0.000618042,0.000506319,0.000824981,1
actual,37,87,nb,0,2048,16384,1.270980339,0.000620596,0.000510267,0.000850004,1
actual,38,88,nb,0,2048,16384,1.266212702,0.000618268,0.000513192,0.000860295,1
actual,39,89,nb,0,2048,16384,1.270624737,0.000620422,0.000502190,0.000870071,1
actual,40,90,nb,0,2048,16384,1.278348345,0.000624194,0.000511247,0.000840045,1
actual,41,91,nb,0,2048,16384,1.293855814,0.000631766,0.000513352,0.000865985,1
actual,42,92,nb,0,2048,16384,1.279500480,0.000624756,0.000512170,0.000848182,1
actual,43,93,nb,0,2048,16384,1.297549536,0.000633569,0.000525585,0.000879442,1
actual,44,94,nb,0,2048,16384,1.266366918,0.000618343,0.000499055,0.000883080,1
actual,45,95,nb,0,2048,16384,1.267875285,0.000619080,0.000503443,0.000878495,1
actual,46,96,nb,0,2048,16384,1.268311914,0.000619293,0.000511920,0.000862208,1
actual,47,97,nb,0,2048,16384,1.269928424,0.000620082,0.000506348,0.000850755,1
actual,48,98,nb,0,2048,16384,1.278909724,0.000624468,0.000498654,0.000871267,1
actual,49,99,nb,0,2048,16384,1.273796533,0.000621971,0.000508795,0.000827487,1
warmup,0,0,nb,0,2048,24576,3.265946751,0.001594701,0.001499894,0.001720143,1
warmup,1,1,nb,0,2048,24576,1.318892915,0.000643991,0.000516006,0.000922401,1
warmup,2,2,nb,0,2048,24576,1.302823332,0.000636144,0.000517999,0.000876924,1
warmup,3,3,nb,0,2048,24576,1.303073494,0.000636266,0.000522159,0.000878518,1
warmup,4,4,nb,0,2048,24576,1.316925228,0.000643030,0.000528580,0.000874881,1
warmup,5,5,nb,0,2048,24576,1.314102438,0.000641652,0.000521336,0.000854994,1
warmup,6,6,nb,0,2048,24576,1.301571135,0.000635533,0.000514454,0.000904429,1
warmup,7,7,nb,0,2048,24576,1.295350210,0.000632495,0.000509905,0.000840707,1
warmup,8,8,nb,0,2048,24576,1.299592033,0.000634566,0.000510226,0.000886454,1
warmup,9,9,nb,0,2048,24576,1.312999377,0.000641113,0.000516788,0.000854483,1
warmup,10,10,nb,0,2048,24576,1.312848546,0.000641039,0.000530954,0.000876240,1
warmup,11,11,nb,0,2048,24576,1.313781964,0.000641495,0.000508001,0.000883208,1
warmup,12,12,nb,0,2048,24576,1.313398327,0.000641308,0.000520274,0.000915549,1
warmup,13,13,nb,0,2048,24576,1.302407335,0.000635941,0.000517711,0.000899759,1
warmup,14,14,nb,0,2048,24576,1.300123304,0.000634826,0.000519213,0.000928885,1
warmup,15,15,nb,0,2048,24576,1.308024662,0.000638684,0.000508204,0.000882345,1
warmup,16,16,nb,0,2048,24576,1.304561745,0.000636993,0.000458549,0.000862368,1
warmup,17,17,nb,0,2048,24576,1.296002097,0.000632814,0.000508250,0.000876385,1
warmup,18,18,nb,0,2048,24576,1.313937291,0.000641571,0.000527678,0.000863528,1
warmup,19,19,nb,0,2048,24576,1.306306357,0.000637845,0.000521045,0.000893988,1
warmup,20,20,nb,0,2048,24576,1.317845741,0.000643479,0.000515837,0.000919705,1
warmup,21,21,nb,0,2048,24576,1.304878626,0.000637148,0.000507510,0.000869420,1
warmup,22,22,nb,0,2048,24576,1.311552405,0.000640406,0.000527940,0.000867219,1
warmup,23,23,nb,0,2048,24576,1.307504826,0.000638430,0.000527369,0.000853161,1
warmup,24,24,nb,0,2048,24576,1.293854093,0.000631765,0.000516077,0.000841812,1
warmup,25,25,nb,0,2048,24576,1.300895747,0.000635203,0.000509624,0.000865935,1
warmup,26,26,nb,0,2048,24576,1.304946726,0.000637181,0.000528810,0.000857208,1
warmup,27,27,nb,0,2048,24576,1.304845066,0.000637131,0.000511349,0.000916211,1
warmup,28,28,nb,0,2048,24576,1.319913077,0.000644489,0.000516758,0.000895180,1
warmup,29,29,nb,0,2048,24576,1.319477188,0.000644276,0.000523312,0.000851208,1
warmup,30,30,nb,0,2048,24576,1.312151151,0.000640699,0.000518012,0.000882705,1
warmup,31,31,nb,0,2048,24576,1.302615059,0.000636043,0.000504054,0.000867167,1
warmup,32,32,nb,0,2048,24576,1.305869168,0.000637631,0.000523158,0.000881845,1
warmup,33,33,nb,0,2048,24576,1.316988127,0.000643061,0.000523711,0.000878187,1
warmup,34,34,nb,0,2048,24576,1.308294297,0.000638816,0.000508933,0.000921832,1
warmup,35,35,nb,0,2048,24576,1.309393319,0.000639352,0.000529291,0.000861728,1
warmup,36,36,nb,0,2048,24576,1.304466920,0.000636947,0.000522989,0.000885289,1
warmup,37,37,nb,0,2048,24576,1.305452643,0.000637428,0.000515676,0.000915738,1
warmup,38,38,nb,0,2048,24576,1.303426225,0.000636439,0.000521376,0.000869944,1
warmup,39,39,nb,0,2048,24576,1.300681936,0.000635099,0.000507873,0.000877646,1
warmup,40,40,nb,0,2048,24576,1.312528062,0.000640883,0.000510647,0.000857168,1
warmup,41,41,nb,0,2048,24576,1.300391110,0.000634957,0.000521630,0.000865254,1
warmup,42,42,nb,0,2048,24576,1.298267969,0.000633920,0.000514475,0.000885361,1
warmup,43,43,nb,0,2048,24576,1.293190234,0.000631441,0.000504907,0.000902352,1
warmup,44,44,nb,0,2048,24576,1.306888371,0.000638129,0.000534583,0.000868540,1
warmup,45,45,nb,0,2048,24576,1.298189032,0.000633881,0.000522940,0.000892395,1
warmup,46,46,nb,0,2048,24576,1.318291378,0.000643697,0.000521727,0.000869902,1
warmup,47,47,nb,0,2048,24576,1.297546249,0.000633568,0.000511009,0.000901933,1
warmup,48,48,nb,0,2048,24576,1.293342963,0.000631515,0.000515945,0.000862669,1
warmup,49,49,nb,0,2048,24576,1.309034929,0.000639177,0.000508803,0.000892499,1
actual,0,50,nb,0,2048,24576,1.310685150,0.000639983,0.000519103,0.000907063,1
actual,1,51,nb,0,2048,24576,1.310820778,0.000640049,0.000515425,0.000887455,1
actual,2,52,nb,0,2048,24576,1.307175553,0.000638269,0.000508013,0.000868009,1
actual,3,53,nb,0,2048,24576,1.305532123,0.000637467,0.000516138,0.000880442,1
actual,4,54,nb,0,2048,24576,1.301834522,0.000635661,0.000503874,0.000892825,1
actual,5,55,nb,0,2048,24576,1.312435612,0.000640838,0.000524001,0.000895581,1
actual,6,56,nb,0,2048,24576,1.321727604,0.000645375,0.000525886,0.000882024,1
actual,7,57,nb,0,2048,24576,1.308720209,0.000639024,0.000517519,0.000861026,1
actual,8,58,nb,0,2048,24576,1.307180994,0.000638272,0.000512149,0.000872067,1
actual,9,59,nb,0,2048,24576,1.304542048,0.000636983,0.000524843,0.000850125,1
actual,10,60,nb,0,2048,24576,1.308049858,0.000638696,0.000517539,0.000892296,1
actual,11,61,nb,0,2048,24576,1.286066599,0.000627962,0.000514544,0.000871322,1
actual,12,62,nb,0,2048,24576,1.302820831,0.000636143,0.000507262,0.000859253,1
actual,13,63,nb,0,2048,24576,1.297637956,0.000633612,0.000515025,0.000866286,1
actual,14,64,nb,0,2048,24576,1.295959868,0.000632793,0.000520145,0.000866905,1
actual,15,65,nb,0,2048,24576,1.301589372,0.000635542,0.000506429,0.000868550,1
actual,16,66,nb,0,2048,24576,1.300646909,0.000635081,0.000496209,0.000862288,1
actual,17,67,nb,0,2048,24576,1.300924257,0.000635217,0.000508644,0.000873342,1
actual,18,68,nb,0,2048,24576,1.314039221,0.000641621,0.000529883,0.000865555,1
actual,19,69,nb,0,2048,24576,1.284144512,0.000627024,0.000517299,0.000854375,1
actual,20,70,nb,0,2048,24576,1.305541974,0.000637472,0.000528550,0.000882035,1
actual,21,71,nb,0,2048,24576,1.294626794,0.000632142,0.000472557,0.000861517,1
actual,22,72,nb,0,2048,24576,1.299920680,0.000634727,0.000511307,0.000842615,1
actual,23,73,nb,0,2048,24576,1.320861511,0.000644952,0.000483956,0.000893797,1
actual,24,74,nb,0,2048,24576,1.318457116,0.000643778,0.000521467,0.000898466,1
actual,25,75,nb,0,2048,24576,1.291736709,0.000630731,0.000497221,0.000869372,1
actual,26,76,nb,0,2048,24576,1.287062106,0.000628448,0.000494706,0.000879343,1
actual,27,77,nb,0,2048,24576,1.315436706,0.000642303,0.000516647,0.000893717,1
actual,28,78,nb,0,2048,24576,1.295719430,0.000632676,0.000522939,0.000871353,1
actual,29,79,nb,0,2048,24576,1.299180369,0.000634365,0.000518972,0.000875223,1
actual,30,80,nb,0,2048,24576,1.340704116,0.000654641,0.000543608,0.000880422,1
actual,31,81,nb,0,2048,24576,1.288661382,0.000629229,0.000511942,0.000892234,1
actual,32,82,nb,0,2048,24576,1.309037292,0.000639178,0.000517670,0.000887676,1
actual,33,83,nb,0,2048,24576,1.291994886,0.000630857,0.000516207,0.000870576,1
actual,34,84,nb,0,2048,24576,1.296906641,0.000633255,0.000523631,0.000836149,1
actual,35,85,nb,0,2048,24576,1.314180916,0.000641690,0.000516458,0.000878886,1
actual,36,86,nb,0,2048,24576,1.317843739,0.000643478,0.000526438,0.000896372,1
actual,37,87,nb,0,2048,24576,1.292154471,0.000630935,0.000509144,0.000863981,1
actual,38,88,nb,0,2048,24576,1.276964383,0.000623518,0.000494887,0.000853241,1
actual,39,89,nb,0,2048,24576,1.316604029,0.000642873,0.000519945,0.000892026,1
actual,40,90,nb,0,2048,24576,1.289119252,0.000629453,0.000517911,0.000894553,1
actual,41,91,nb,0,2048,24576,1.294504302,0.000632082,0.000524725,0.000852630,1
actual,42,92,nb,0,2048,24576,1.306803623,0.000638088,0.000516516,0.000875046,1
actual,43,93,nb,0,2048,24576,1.287724269,0.000628772,0.000510598,0.000865685,1
actual,44,94,nb,0,2048,24576,1.349897282,0.000659130,0.000519122,0.000915477,1
actual,45,95,nb,0,2048,24576,1.288715221,0.000629255,0.000491799,0.000889700,1
actual,46,96,nb,0,2048,24576,1.289729974,0.000629751,0.000519602,0.000881664,1
actual,47,97,nb,0,2048,24576,1.306013465,0.000637702,0.000520616,0.000891292,1
actual,48,98,nb,0,2048,24576,1.299513116,0.000634528,0.000517850,0.000867839,1
actual,49,99,nb,0,2048,24576,1.294612588,0.000632135,0.000520344,0.000866827,1
warmup,0,0,nb,0,2048,32768,1.434718902,0.000700546,0.000585116,0.000947676,1
warmup,1,1,nb,0,2048,32768,1.417237821,0.000692011,0.000570577,0.000961434,1
warmup,2,2,nb,0,2048,32768,1.451956166,0.000708963,0.000597059,0.000953222,1
warmup,3,3,nb,0,2048,32768,1.416257063,0.000691532,0.000572511,0.000915394,1
warmup,4,4,nb,0,2048,32768,1.412579969,0.000689736,0.000581367,0.000927160,1
warmup,5,5,nb,0,2048,32768,1.417590431,0.000692183,0.000586140,0.000908325,1
warmup,6,6,nb,0,2048,32768,1.393165363,0.000680257,0.000569326,0.000903994,1
warmup,7,7,nb,0,2048,32768,1.397086844,0.000682171,0.000567203,0.000907483,1
warmup,8,8,nb,0,2048,32768,1.414642703,0.000690744,0.000578682,0.000947603,1
warmup,9,9,nb,0,2048,32768,1.412431646,0.000689664,0.000579547,0.000911408,1
warmup,10,10,nb,0,2048,32768,1.399261552,0.000683233,0.000552075,0.000903247,1
warmup,11,11,nb,0,2048,32768,1.400569391,0.000683872,0.000567695,0.000924228,1
warmup,12,12,nb,0,2048,32768,1.413729708,0.000690298,0.000579915,0.000920828,1
warmup,13,13,nb,0,2048,32768,1.401063025,0.000684113,0.000579624,0.000903486,1
warmup,14,14,nb,0,2048,32768,1.390541876,0.000678976,0.000574928,0.000944670,1
warmup,15,15,nb,0,2048,32768,1.415715976,0.000691268,0.000576058,0.000927269,1
warmup,16,16,nb,0,2048,32768,1.410736382,0.000688836,0.000577444,0.001041192,1
warmup,17,17,nb,0,2048,32768,1.429825997,0.000698157,0.000580907,0.000989444,1
warmup,18,18,nb,0,2048,32768,1.406506431,0.000686771,0.000570139,0.000933543,1
warmup,19,19,nb,0,2048,32768,1.413819381,0.000690341,0.000584645,0.000917742,1
warmup,20,20,nb,0,2048,32768,1.408687868,0.000687836,0.000580425,0.000925366,1
warmup,21,21,nb,0,2048,32768,1.408144541,0.000687571,0.000570968,0.000921980,1
warmup,22,22,nb,0,2048,32768,1.398026240,0.000682630,0.000567003,0.000920357,1
warmup,23,23,nb,0,2048,32768,1.390456427,0.000678934,0.000471835,0.000936022,1
warmup,24,24,nb,0,2048,32768,1.412269842,0.000689585,0.000578445,0.000940999,1
warmup,25,25,nb,0,2048,32768,1.418115217,0.000692439,0.000586939,0.000918249,1
warmup,26,26,nb,0,2048,32768,1.420924948,0.000693811,0.000580569,0.000923843,1
warmup,27,27,nb,0,2048,32768,1.397606339,0.000682425,0.000561121,0.000919274,1
warmup,28,28,nb,0,2048,32768,1.411314809,0.000689119,0.000575585,0.000968514,1
warmup,29,29,nb,0,2048,32768,1.382494307,0.000675046,0.000564153,0.000895733,1
warmup,30,30,nb,0,2048,32768,1.411346963,0.000689134,0.000575801,0.000914044,1
warmup,31,31,nb,0,2048,32768,1.403607659,0.000685355,0.000559618,0.000912222,1
warmup,32,32,nb,0,2048,32768,1.402462974,0.000684796,0.000577023,0.000910188,1
warmup,33,33,nb,0,2048,32768,1.395006160,0.000681155,0.000570577,0.000909497,1
warmup,34,34,nb,0,2048,32768,1.405684961,0.000686370,0.000559427,0.000931997,1
warmup,35,35,nb,0,2048,32768,1.405183822,0.000686125,0.000583154,0.000916937,1
warmup,36,36,nb,0,2048,32768,1.398590709,0.000682906,0.000571641,0.000903424,1
warmup,37,37,nb,0,2048,32768,1.412077021,0.000689491,0.000577103,0.000925517,1
warmup,38,38,nb,0,2048,32768,1.420028504,0.000693373,0.000575687,0.000943089,1
warmup,39,39,nb,0,2048,32768,1.418530509,0.000692642,0.000578294,0.000952238,1
warmup,40,40,nb,0,2048,32768,1.413702937,0.000690285,0.000578083,0.000926429,1
warmup,41,41,nb,0,2048,32768,1.421522071,0.000694103,0.000579633,0.000914670,1
warmup,42,42,nb,0,2048,32768,1.412528734,0.000689711,0.000580636,0.000916744,1
warmup,43,43,nb,0,2048,32768,1.398698823,0.000682958,0.000570120,0.000892935,1
warmup,44,44,nb,0,2048,32768,1.397100424,0.000682178,0.000561199,0.000919956,1
warmup,45,45,nb,0,2048,32768,1.404781305,0.000685928,0.000565180,0.000903415,1
warmup,46,46,nb,0,2048,32768,1.399418893,0.000683310,0.000575971,0.000964816,1
warmup,47,47,nb,0,2048,32768,1.406109446,0.000686577,0.000578294,0.000912024,1
warmup,48,48,nb,0,2048,32768,1.417336266,0.000692059,0.000586468,0.000948943,1
warmup,49,49,nb,0,2048,32768,1.401153759,0.000684157,0.000566389,0.000907126,1
actual,0,50,nb,0,2048,32768,1.397978439,0.000682607,0.000573005,0.000919657,1
actual,1,51,nb,0,2048,32768,1.394568116,0.000680941,0.000565638,0.000924254,1
actual,2,52,nb,0,2048,32768,1.397479640,0.000682363,0.000575351,0.000917556,1
actual,3,53,nb,0,2048,32768,1.397712301,0.000682477,0.000570497,0.000915779,1
actual,4,54,nb,0,2048,32768,1.399807443,0.000683500,0.000573192,0.000913664,1
actual,5,55,nb,0,2048,32768,1.406207531,0.000686625,0.000573915,0.000933506,1
actual,6,56,nb,0,2048,32768,1.390275152,0.000678845,0.000563084,0.000906423,1
actual,7,57,nb,0,2048,32768,1.404522568,0.000685802,0.000573444,0.000944292,1
actual,8,58,nb,0,2048,32768,1.405179119,0.000686123,0.000574888,0.000978850,1
actual,9,59,nb,0,2048,32768,1.397181118,0.000682217,0.000563886,0.000951154,1
actual,10,60,nb,0,2048,32768,1.415189021,0.000691010,0.000586518,0.000935324,1
actual,11,61,nb,0,2048,32768,1.389822858,0.000678624,0.000567591,0.000904828,1
actual,12,62,nb,0,2048,32768,1.411640385,0.000689278,0.000586320,0.000965189,1
actual,13,63,nb,0,2048,32768,1.400055615,0.000683621,0.000565781,0.000922862,1
actual,14,64,nb,0,2048,32768,1.400853474,0.000684010,0.000573544,0.000905840,1
actual,15,65,nb,0,2048,32768,1.398561470,0.000682891,0.000581650,0.000914789,1
actual,16,66,nb,0,2048,32768,1.414037245,0.000690448,0.000576790,0.000924404,1
actual,17,67,nb,0,2048,32768,1.402002722,0.000684572,0.000575410,0.000939407,1
actual,18,68,nb,0,2048,32768,1.547396973,0.000755565,0.000429245,0.001018723,1
actual,19,69,nb,0,2048,32768,1.386284541,0.000676897,0.000555452,0.000942715,1
actual,20,70,nb,0,2048,32768,1.414513896,0.000690681,0.000583842,0.000920568,1
actual,21,71,nb,0,2048,32768,1.406436046,0.000686736,0.000580577,0.000913755,1
actual,22,72,nb,0,2048,32768,1.405761573,0.000686407,0.000580497,0.000910799,1
actual,23,73,nb,0,2048,32768,1.415015800,0.000690926,0.000461705,0.000935267,1
actual,24,74,nb,0,2048,32768,1.403544501,0.000685324,0.000583141,0.000917863,1
actual,25,75,nb,0,2048,32768,1.409365927,0.000688167,0.000573265,0.000901959,1
actual,26,76,nb,0,2048,32768,1.442845567,0.000704514,0.000577609,0.001154804,1
actual,27,77,nb,0,2048,32768,1.402443979,0.000684787,0.000566122,0.000921400,1
actual,28,78,nb,0,2048,32768,1.396967691,0.000682113,0.000574589,0.000912102,1
actual,29,79,nb,0,2048,32768,1.425072259,0.000695836,0.000576849,0.000934613,1
actual,30,80,nb,0,2048,32768,1.402938534,0.000685029,0.000573390,0.000902961,1
actual,31,81,nb,0,2048,32768,1.391272040,0.000679332,0.000571571,0.000908012,1
actual,32,82,nb,0,2048,32768,1.409442672,0.000688204,0.000578334,0.000909717,1
actual,33,83,nb,0,2048,32768,1.392061729,0.000679718,0.000571460,0.000929132,1
actual,34,84,nb,0,2048,32768,1.394502598,0.000680909,0.000564276,0.000962357,1
actual,35,85,nb,0,2048,32768,1.407986238,0.000687493,0.000579325,0.000920362,1
actual,36,86,nb,0,2048,32768,1.407926217,0.000687464,0.000570388,0.000952598,1
actual,37,87,nb,0,2048,32768,1.389012880,0.000678229,0.000570598,0.000905231,1
actual,38,88,nb,0,2048,32768,1.402145324,0.000684641,0.000564385,0.000914736,1
actual,39,89,nb,0,2048,32768,1.392076679,0.000679725,0.000567181,0.000915387,1
actual,40,90,nb,0,2048,32768,1.396343166,0.000681808,0.000565870,0.000927049,1
actual,41,91,nb,0,2048,32768,1.393016252,0.000680184,0.000563134,0.000895299,1
actual,42,92,nb,0,2048,32768,1.399392710,0.000683297,0.000552255,0.000921022,1
actual,43,93,nb,0,2048,32768,1.404345669,0.000685716,0.000571081,0.000920256,1
actual,44,94,nb,0,2048,32768,1.394007716,0.000680668,0.000569686,0.000918573,1
actual,45,95,nb,0,2048,32768,1.406132723,0.000686588,0.000570537,0.000935355,1
actual,46,96,nb,0,2048,32768,1.408117728,0.000687557,0.000576310,0.000900632,1
actual,47,97,nb,0,2048,32768,1.414184323,0.000690520,0.000564788,0.000909657,1
actual,48,98,nb,0,2048,32768,1.409430053,0.000688198,0.000576899,0.000921621,1
actual,49,99,nb,0,2048,32768,1.402422617,0.000684777,0.000574368,0.000907302,1
warmup,0,0,nb,0,2048,49152,2.112495761,0.001031492,0.000934418,0.001212930,1
warmup,1,1,nb,0,2048,49152,1.461773067,0.000713756,0.000585117,0.000989146,1
warmup,2,2,nb,0,2048,49152,1.474189834,0.000719819,0.000595345,0.000952397,1
warmup,3,3,nb,0,2048,49152,1.734573200,0.000846960,0.000584674,0.001091779,1
warmup,4,4,nb,0,2048,49152,1.455085239,0.000710491,0.000584595,0.000952076,1
warmup,5,5,nb,0,2048,49152,1.446584538,0.000706340,0.000581681,0.000955087,1
warmup,6,6,nb,0,2048,49152,1.450988942,0.000708491,0.000588306,0.000949686,1
warmup,7,7,nb,0,2048,49152,1.475210255,0.000720318,0.000599604,0.000971814,1
warmup,8,8,nb,0,2048,49152,1.476036447,0.000720721,0.000610994,0.000979422,1
warmup,9,9,nb,0,2048,49152,1.469069267,0.000717319,0.000596869,0.000991935,1
warmup,10,10,nb,0,2048,49152,1.469457785,0.000717509,0.000594011,0.000967866,1
warmup,11,11,nb,0,2048,49152,1.472073584,0.000718786,0.000600865,0.000976477,1
warmup,12,12,nb,0,2048,49152,1.452669572,0.000709311,0.000600445,0.000974190,1
warmup,13,13,nb,0,2048,49152,1.448631776,0.000707340,0.000591478,0.000938718,1
warmup,14,14,nb,0,2048,49152,1.458828592,0.000712319,0.000585257,0.000946817,1
warmup,15,15,nb,0,2048,49152,1.452250387,0.000709107,0.000596060,0.001015175,1
warmup,16,16,nb,0,2048,49152,1.466036668,0.000715838,0.000608752,0.000930266,1
warmup,17,17,nb,0,2048,49152,1.459563625,0.000712678,0.000593521,0.000960032,1
warmup,18,18,nb,0,2048,49152,1.478473776,0.000721911,0.000601658,0.000944264,1
warmup,19,19,nb,0,2048,49152,1.462313132,0.000714020,0.000602088,0.000941287,1
warmup,20,20,nb,0,2048,49152,1.463050512,0.000714380,0.000601387,0.000950518,1
warmup,21,21,nb,0,2048,49152,1.453706545,0.000709818,0.000575990,0.000937511,1
warmup,22,22,nb,0,2048,49152,1.446094627,0.000706101,0.000591520,0.000941153,1
warmup,23,23,nb,0,2048,49152,1.466729391,0.000716176,0.000601527,0.000970852,1
warmup,24,24,nb,0,2048,49152,1.470133826,0.000717839,0.000610280,0.000961621,1
warmup,25,25,nb,0,2048,49152,1.450536462,0.000708270,0.000599012,0.000932627,1
warmup,26,26,nb,0,2048,49152,1.450269784,0.000708140,0.000593501,0.000981256,1
warmup,27,27,nb,0,2048,49152,1.457045629,0.000711448,0.000590335,0.000939188,1
warmup,28,28,nb,0,2048,49152,1.447201869,0.000706642,0.000597613,0.000959973,1
warmup,29,29,nb,0,2048,49152,1.441396915,0.000703807,0.000582600,0.000940655,1
warmup,30,30,nb,0,2048,49152,1.454503861,0.000710207,0.000590030,0.000951413,1
warmup,31,31,nb,0,2048,49152,1.436716089,0.000701522,0.000582691,0.000927069,1
warmup,32,32,nb,0,2048,49152,1.462951838,0.000714332,0.000597108,0.000935054,1
warmup,33,33,nb,0,2048,49152,1.455187839,0.000710541,0.000588112,0.001040877,1
warmup,34,34,nb,0,2048,49152,1.458238058,0.000712030,0.000596696,0.000956255,1
warmup,35,35,nb,0,2048,49152,1.461414536,0.000713581,0.000597982,0.000956465,1
warmup,36,36,nb,0,2048,49152,1.436266500,0.000701302,0.000587350,0.000957287,1
warmup,37,37,nb,0,2048,49152,1.452704077,0.000709328,0.000587932,0.000979953,1
warmup,38,38,nb,0,2048,49152,1.453047303,0.000709496,0.000589806,0.000947928,1
warmup,39,39,nb,0,2048,49152,1.456738729,0.000711298,0.000589856,0.000942983,1
warmup,40,40,nb,0,2048,49152,1.442488241,0.000704340,0.000493223,0.000944443,1
warmup,41,41,nb,0,2048,49152,1.455578490,0.000710732,0.000592991,0.000937339,1
warmup,42,42,nb,0,2048,49152,1.456183138,0.000711027,0.000583775,0.000954571,1
warmup,43,43,nb,0,2048,49152,1.457714219,0.000711775,0.000590634,0.000949165,1
warmup,44,44,nb,0,2048,49152,1.477410291,0.000721392,0.000608360,0.000950297,1
warmup,45,45,nb,0,2048,49152,1.450667054,0.000708334,0.000573645,0.000961857,1
warmup,46,46,nb,0,2048,49152,1.448300919,0.000707178,0.000588532,0.000965371,1
warmup,47,47,nb,0,2048,49152,1.451196889,0.000708592,0.000573134,0.000950049,1
warmup,48,48,nb,0,2048,49152,1.456239053,0.000711054,0.000593052,0.000935821,1
warmup,49,49,nb,0,2048,49152,1.451086052,0.000708538,0.000582041,0.000936024,1
actual,0,50,nb,0,2048,49152,1.454149420,0.000710034,0.000587049,0.000946246,1
actual,1,51,nb,0,2048,49152,1.439295549,0.000702781,0.000586168,0.000938323,1
actual,2,52,nb,0,2048,49152,1.459553443,0.000712673,0.000579836,0.000949475,1
actual,3,53,nb,0,2048,49152,1.449773720,0.000707897,0.000595844,0.000976953,1
actual,4,54,nb,0,2048,49152,1.455004097,0.000710451,0.000586687,0.000933054,1
actual,5,55,nb,0,2048,49152,1.431853800,0.000699147,0.000570940,0.000930897,1
actual,6,56,nb,0,2048,49152,1.459047203,0.000712425,0.000583903,0.000953479,1
actual,7,57,nb,0,2048,49152,1.470829709,0.000718179,0.000604553,0.000945515,1
actual,8,58,nb,0,2048,49152,1.492344991,0.000728684,0.000549900,0.000957357,1
actual,9,59,nb,0,2048,49152,1.469353791,0.000717458,0.000607459,0.000961642,1
actual,10,60,nb,0,2048,49152,1.456979075,0.000711416,0.000608041,0.000926485,1
actual,11,61,nb,0,2048,49152,1.457808922,0.000711821,0.000596187,0.000959799,1
actual,12,62,nb,0,2048,49152,1.454734679,0.000710320,0.000599682,0.000954020,1
actual,13,63,nb,0,2048,49152,1.453545042,0.000709739,0.000594733,0.000925969,1
actual,14,64,nb,0,2048,49152,1.454546315,0.000710228,0.000602649,0.000967325,1
actual,15,65,nb,0,2048,49152,1.442749224,0.000704467,0.000594004,0.000939886,1
actual,16,66,nb,0,2048,49152,1.462051230,0.000713892,0.000599090,0.000970582,1
actual,17,67,nb,0,2048,49152,1.455497380,0.000710692,0.000578765,0.000999743,1
actual,18,68,nb,0,2048,49152,1.447235890,0.000706658,0.000597663,0.000942839,1
actual,19,69,nb,0,2048,49152,1.447434352,0.000706755,0.000597190,0.000941030,1
actual,20,70,nb,0,2048,49152,1.480020894,0.000722666,0.000607558,0.000941407,1
actual,21,71,nb,0,2048,49152,1.446220330,0.000706162,0.000581769,0.000932954,1
actual,22,72,nb,0,2048,49152,1.445999498,0.000706054,0.000589876,0.000935542,1
actual,23,73,nb,0,2048,49152,1.452345222,0.000709153,0.000589555,0.000938065,1
actual,24,74,nb,0,2048,49152,1.444515370,0.000705330,0.000545542,0.000959651,1
actual,25,75,nb,0,2048,49152,1.464952781,0.000715309,0.000607259,0.000978435,1
actual,26,76,nb,0,2048,49152,1.439843141,0.000703048,0.000594424,0.000959164,1
actual,27,77,nb,0,2048,49152,1.445210797,0.000705669,0.000597156,0.000945793,1
actual,28,78,nb,0,2048,49152,1.455175476,0.000710535,0.000600044,0.000930737,1
actual,29,79,nb,0,2048,49152,1.446576917,0.000706336,0.000587842,0.000971634,1
actual,30,80,nb,0,2048,49152,1.453486788,0.000709710,0.000599266,0.000998880,1
actual,31,81,nb,0,2048,49152,1.443742920,0.000704953,0.000583392,0.000933883,1
actual,32,82,nb,0,2048,49152,1.442891929,0.000704537,0.000591797,0.000968987,1
actual,33,83,nb,0,2048,49152,1.469377059,0.000717469,0.000606286,0.001035026,1
actual,34,84,nb,0,2048,49152,1.452337303,0.000709149,0.000599193,0.000969668,1
actual,35,85,nb,0,2048,49152,1.443805685,0.000704983,0.000562201,0.000936868,1
actual,36,86,nb,0,2048,49152,1.454614520,0.000710261,0.000588402,0.000940700,1
actual,37,87,nb,0,2048,49152,1.438570102,0.000702427,0.000576211,0.000937229,1
actual,38,88,nb,0,2048,49152,1.451608031,0.000708793,0.000594796,0.000939994,1
actual,39,89,nb,0,2048,49152,1.437224661,0.000701770,0.000581870,0.000969113,1
actual,40,90,nb,0,2048,49152,1.456789839,0.000711323,0.000591269,0.000988505,1
actual,41,91,nb,0,2048,49152,1.442843353,0.000704513,0.000589055,0.000938789,1
actual,42,92,nb,0,2048,49152,1.460324062,0.000713049,0.000592209,0.000949578,1
actual,43,93,nb,0,2048,49152,1.457952204,0.000711891,0.000581890,0.000951486,1
actual,44,94,nb,0,2048,49152,1.467577795,0.000716591,0.000585155,0.000952930,1
actual,45,95,nb,0,2048,49152,1.464085917,0.000714886,0.000595507,0.000937175,1
actual,46,96,nb,0,2048,49152,1.451773051,0.000708874,0.000589785,0.000960923,1
actual,47,97,nb,0,2048,49152,1.446905810,0.000706497,0.000573024,0.000947543,1
actual,48,98,nb,0,2048,49152,1.445272131,0.000705699,0.000592228,0.000927481,1
actual,49,99,nb,0,2048,49152,1.451186419,0.000708587,0.000593622,0.000918149,1
warmup,0,0,nb,0,2048,65536,1.601060374,0.000781768,0.000648975,0.001090636,1
warmup,1,1,nb,0,2048,65536,1.608632608,0.000785465,0.000647171,0.001046444,1
warmup,2,2,nb,0,2048,65536,1.581436154,0.000772186,0.000641712,0.001072964,1
warmup,3,3,nb,0,2048,65536,1.635250328,0.000798462,0.000667961,0.001054369,1
warmup,4,4,nb,0,2048,65536,1.590880036,0.000776797,0.000656440,0.001063117,1
warmup,5,5,nb,0,2048,65536,1.578358617,0.000770683,0.000640232,0.001035929,1
warmup,6,6,nb,0,2048,65536,1.565861831,0.000764581,0.000641782,0.001008453,1
warmup,7,7,nb,0,2048,65536,1.625896211,0.000793895,0.000670878,0.001027860,1
warmup,8,8,nb,0,2048,65536,1.581445519,0.000772190,0.000597569,0.001059482,1
warmup,9,9,nb,0,2048,65536,1.607367973,0.000784848,0.000656482,0.001048298,1
warmup,10,10,nb,0,2048,65536,1.565432650,0.000764371,0.000640239,0.000996975,1
warmup,11,11,nb,0,2048,65536,1.590156828,0.000776444,0.000651281,0.001019036,1
warmup,12,12,nb,0,2048,65536,1.572391287,0.000767769,0.000644647,0.001027540,1
warmup,13,13,nb,0,2048,65536,1.594937370,0.000778778,0.000559528,0.001060651,1
warmup,14,14,nb,0,2048,65536,1.580195235,0.000771580,0.000640218,0.001032094,1
warmup,15,15,nb,0,2048,65536,1.595867984,0.000779232,0.000647114,0.001030578,1
warmup,16,16,nb,0,2048,65536,1.587630437,0.000775210,0.000654949,0.001042248,1
warmup,17,17,nb,0,2048,65536,1.582901655,0.000772901,0.000643284,0.001031138,1
warmup,18,18,nb,0,2048,65536,1.586580389,0.000774697,0.000655217,0.001076384,1
warmup,19,19,nb,0,2048,65536,1.575449688,0.000769263,0.000644780,0.001052785,1
warmup,20,20,nb,0,2048,65536,1.592751242,0.000777711,0.000652222,0.001026426,1
warmup,21,21,nb,0,2048,65536,1.586300807,0.000774561,0.000657909,0.001060282,1
warmup,22,22,nb,0,2048,65536,1.547484521,0.000755608,0.000630923,0.000992426,1
warmup,23,23,nb,0,2048,65536,1.564929277,0.000764126,0.000642214,0.001024365,1
warmup,24,24,nb,0,2048,65536,1.609200271,0.000785742,0.000612820,0.001049441,1
warmup,25,25,nb,0,2048,65536,1.569370651,0.000766294,0.000639948,0.001010726,1
warmup,26,26,nb,0,2048,65536,1.560823922,0.000762121,0.000624682,0.001018240,1
warmup,27,27,nb,0,2048,65536,1.584920897,0.000773887,0.000655327,0.001032191,1
warmup,28,28,nb,0,2048,65536,1.591631816,0.000777164,0.000571573,0.001048379,1
warmup,29,29,nb,0,2048,65536,1.606921852,0.000784630,0.000652770,0.001067922,1
warmup,30,30,nb,0,2048,65536,1.595101123,0.000778858,0.000650791,0.001054740,1
warmup,31,31,nb,0,2048,65536,1.572156650,0.000767655,0.000637686,0.001030234,1
warmup,32,32,nb,0,2048,65536,1.579996117,0.000771482,0.000653008,0.001035356,1
warmup,33,33,nb,0,2048,65536,1.565650017,0.000764478,0.000642474,0.001030064,1
warmup,34,34,nb,0,2048,65536,1.552017613,0.000757821,0.000626402,0.001011069,1
warmup,35,35,nb,0,2048,65536,1.569755441,0.000766482,0.000641434,0.001039340,1
warmup,36,36,nb,0,2048,65536,1.582962528,0.000772931,0.000647843,0.001034742,1
warmup,37,37,nb,0,2048,65536,1.572367510,0.000767758,0.000613048,0.001049617,1
warmup,38,38,nb,0,2048,65536,1.571557746,0.000767362,0.000573690,0.001028249,1
warmup,39,39,nb,0,2048,65536,1.589140768,0.000775948,0.000646301,0.001053809,1
warmup,40,40,nb,0,2048,65536,1.556743185,0.000760129,0.000644008,0.000999126,1
warmup,41,41,nb,0,2048,65536,1.583338096,0.000773114,0.000654195,0.001011378,1
warmup,42,42,nb,0,2048,65536,1.600252534,0.000781373,0.000660355,0.001031095,1
warmup,43,43,nb,0,2048,65536,1.546157628,0.000754960,0.000633706,0.001003823,1
warmup,44,44,nb,0,2048,65536,1.576290438,0.000769673,0.000645911,0.000997000,1
warmup,45,45,nb,0,2048,65536,1.585488985,0.000774165,0.000647584,0.001042587,1
warmup,46,46,nb,0,2048,65536,1.564723310,0.000764025,0.000631472,0.000997297,1
warmup,47,47,nb,0,2048,65536,1.605349191,0.000783862,0.000648155,0.001028354,1
warmup,48,48,nb,0,2048,65536,1.572471741,0.000767808,0.000648134,0.001019892,1
warmup,49,49,nb,0,2048,65536,1.597921030,0.000780235,0.000655318,0.001036337,1
actual,0,50,nb,0,2048,65536,1.570183401,0.000766691,0.000643123,0.001050063,1
actual,1,51,nb,0,2048,65536,1.576670172,0.000769858,0.000639075,0.001019977,1
actual,2,52,nb,0,2048,65536,1.575527172,0.000769300,0.000633356,0.001028410,1
actual,3,53,nb,0,2048,65536,1.542669296,0.000753256,0.000631541,0.001024087,1
actual,4,54,nb,0,2048,65536,1.582981471,0.000772940,0.000630681,0.001040511,1
actual,5,55,nb,0,2048,65536,1.556751924,0.000760133,0.000632744,0.000999382,1
actual,6,56,nb,0,2048,65536,1.591938949,0.000777314,0.000637554,0.001018784,1
actual,7,57,nb,0,2048,65536,1.561420648,0.000762412,0.000644165,0.001011258,1
actual,8,58,nb,0,2048,65536,1.607546755,0.000784935,0.000654878,0.001013993,1
actual,9,59,nb,0,2048,65536,1.582286588,0.000772601,0.000644126,0.001012808,1
actual,10,60,nb,0,2048,65536,1.581346824,0.000772142,0.000646030,0.001032137,1
actual,11,61,nb,0,2048,65536,1.582776664,0.000772840,0.000643327,0.001050797,1
actual,12,62,nb,0,2048,65536,1.571272291,0.000767223,0.000630471,0.001059085,1
actual,13,63,nb,0,2048,65536,1.556456636,0.000759989,0.000631513,0.001023003,1
actual,14,64,nb,0,2048,65536,1.565491878,0.000764400,0.000642385,0.001020557,1
actual,15,65,nb,0,2048,65536,1.557872483,0.000760680,0.000635392,0.001029406,1
actual,16,66,nb,0,2048,65536,1.586558341,0.000774687,0.000651231,0.001037995,1
actual,17,67,nb,0,2048,65536,1.572425527,0.000767786,0.000649067,0.001016400,1
actual,18,68,nb,0,2048,65536,1.597713984,0.000780134,0.000659141,0.001051393,1
actual,19,69,nb,0,2048,65536,1.567997862,0.000765624,0.000635071,0.001012721,1
actual,20,70,nb,0,2048,65536,1.591520618,0.000777110,0.000658886,0.001039774,1
actual,21,71,nb,0,2048,65536,1.588594704,0.000775681,0.000656287,0.001021639,1
actual,22,72,nb,0,2048,65536,1.572781511,0.000767960,0.000647743,0.001005477,1
actual,23,73,nb,0,2048,65536,1.568250044,0.000765747,0.000624590,0.001021338,1
actual,24,74,nb,0,2048,65536,1.578281521,0.000770645,0.000642051,0.001039431,1
actual,25,75,nb,0,2048,65536,1.586740800,0.000774776,0.000635879,0.001005098,1
actual,26,76,nb,0,2048,65536,1.587750934,0.000775269,0.000645493,0.001032038,1
actual,27,77,nb,0,2048,65536,1.564295325,0.000763816,0.000631444,0.001048998,1
actual,28,78,nb,0,2048,65536,1.599608851,0.000781059,0.000645018,0.001022133,1
actual,29,79,nb,0,2048,65536,1.588156488,0.000775467,0.000644527,0.001016293,1
actual,30,80,nb,0,2048,65536,1.570854620,0.000767019,0.000643187,0.001006100,1
actual,31,81,nb,0,2048,65536,1.610599260,0.000786425,0.000659758,0.001062634,1
actual,32,82,nb,0,2048,65536,1.570448718,0.000766821,0.000626675,0.001027369,1
actual,33,83,nb,0,2048,65536,1.581097402,0.000772020,0.000653253,0.001021255,1
actual,34,84,nb,0,2048,65536,1.600433127,0.000781461,0.000643524,0.001004014,1
actual,35,85,nb,0,2048,65536,1.568552475,0.000765895,0.000626604,0.001003320,1
actual,36,86,nb,0,2048,65536,1.547667340,0.000755697,0.000624697,0.001003513,1
actual,37,87,nb,0,2048,65536,1.583948296,0.000773412,0.000643457,0.001052800,1
actual,38,88,nb,0,2048,65536,1.597248505,0.000779906,0.000649768,0.001051190,1
actual,39,89,nb,0,2048,65536,1.573574562,0.000768347,0.000640923,0.001000398,1
actual,40,90,nb,0,2048,65536,1.578085198,0.000770549,0.000648575,0.001079636,1
actual,41,91,nb,0,2048,65536,1.557779546,0.000760635,0.000639179,0.001006837,1
actual,42,92,nb,0,2048,65536,1.581788744,0.000772358,0.000651101,0.001005880,1
actual,43,93,nb,0,2048,65536,1.596927265,0.000779750,0.000645281,0.001064405,1
actual,44,94,nb,0,2048,65536,1.590305053,0.000776516,0.000657620,0.001037188,1
actual,45,95,nb,0,2048,65536,1.674504336,0.000817629,0.000633887,0.001092456,1
actual,46,96,nb,0,2048,65536,1.610494193,0.000786374,0.000647875,0.001025334,1
actual,47,97,nb,0,2048,65536,1.820705599,0.000889016,0.000768180,0.001144823,1
actual,48,98,nb,0,2048,65536,1.582414541,0.000772663,0.000654715,0.001026817,1
actual,49,99,nb,0,2048,65536,1.589503626,0.000776125,0.000654707,0.001011982,1
warmup,0,0,nb,0,2048,98304,1.697996239,0.000829100,0.000683841,0.001098733,1
warmup,1,1,nb,0,2048,98304,1.711008397,0.000835453,0.000697224,0.001100366,1
warmup,2,2,nb,0,2048,98304,1.695284810,0.000827776,0.000676278,0.001114632,1
warmup,3,3,nb,0,2048,98304,1.700385718,0.000830266,0.000698178,0.001074688,1
warmup,4,4,nb,0,2048,98304,1.714211547,0.000837017,0.000701722,0.001117778,1
warmup,5,5,nb,0,2048,98304,1.675012932,0.000817877,0.000680767,0.001079074,1
warmup,6,6,nb,0,2048,98304,1.699797196,0.000829979,0.000700714,0.001087033,1
warmup,7,7,nb,0,2048,98304,1.710547171,0.000835228,0.000700340,0.001089675,1
warmup,8,8,nb,0,2048,98304,1.698440479,0.000829317,0.000691835,0.001110411,1
warmup,9,9,nb,0,2048,98304,1.690037625,0.000825214,0.000686432,0.001091264,1
warmup,10,10,nb,0,2048,98304,1.684448821,0.000822485,0.000676345,0.001084453,1
warmup,11,11,nb,0,2048,98304,1.699453298,0.000829811,0.000701346,0.001084681,1
warmup,12,12,nb,0,2048,98304,1.681698211,0.000821142,0.000696890,0.001098293,1
warmup,13,13,nb,0,2048,98304,1.670287082,0.000815570,0.000677239,0.001082642,1
warmup,14,14,nb,0,2048,98304,1.682617410,0.000821591,0.000688672,0.001081357,1
warmup,15,15,nb,0,2048,98304,1.675410726,0.000818072,0.000593323,0.001080608,1
warmup,16,16,nb,0,2048,98304,1.683939934,0.000822236,0.000680617,0.001067840,1
warmup,17,17,nb,0,2048,98304,1.697692145,0.000828951,0.000690059,0.001092166,1
warmup,18,18,nb,0,2048,98304,1.697529838,0.000828872,0.000699280,0.001093823,1
warmup,19,19,nb,0,2048,98304,1.692114901,0.000826228,0.000694357,0.001080798,1
warmup,20,20,nb,0,2048,98304,1.683901910,0.000822218,0.000690772,0.001071536,1
warmup,21,21,nb,0,2048,98304,1.691584850,0.000825969,0.000689163,0.001209528,1
warmup,22,22,nb,0,2048,98304,1.689526039,0.000824964,0.000683047,0.001072631,1
warmup,23,23,nb,0,2048,98304,1.679675152,0.000820154,0.000689773,0.001087158,1
warmup,24,24,nb,0,2048,98304,1.692521771,0.000826427,0.000690040,0.001097506,1
warmup,25,25,nb,0,2048,98304,1.692787822,0.000826557,0.000694863,0.001163191,1
warmup,26,26,nb,0,2048,98304,1.691656282,0.000826004,0.000685701,0.001249670,1
warmup,27,27,nb,0,2048,98304,1.708567080,0.000834261,0.000699509,0.001097165,1
warmup,28,28,nb,0,2048,98304,1.692870207,0.000826597,0.000677537,0.001092641,1
warmup,29,29,nb,0,2048,98304,1.686719634,0.000823594,0.000666309,0.001108210,1
warmup,30,30,nb,0,2048,98304,1.684204038,0.000822365,0.000674453,0.001088008,1
warmup,31,31,nb,0,2048,98304,1.689932736,0.000825162,0.000698249,0.001086519,1
warmup,32,32,nb,0,2048,98304,1.688522565,0.000824474,0.000694252,0.001060474,1
warmup,33,33,nb,0,2048,98304,1.690168119,0.000825277,0.000683802,0.001084745,1
warmup,34,34,nb,0,2048,98304,1.687378698,0.000823915,0.000698261,0.001112020,1
warmup,35,35,nb,0,2048,98304,1.696192754,0.000828219,0.000686657,0.001103563,1
warmup,36,36,nb,0,2048,98304,1.669750012,0.000815308,0.000679285,0.001081970,1
warmup,37,37,nb,0,2048,98304,1.697209011,0.000828715,0.000694962,0.001095391,1
warmup,38,38,nb,0,2048,98304,1.685973235,0.000823229,0.000693088,0.001072773,1
warmup,39,39,nb,0,2048,98304,1.707213948,0.000833601,0.000692243,0.001123837,1
warmup,40,40,nb,0,2048,98304,1.690826742,0.000825599,0.000690423,0.001090448,1
warmup,41,41,nb,0,2048,98304,1.679475318,0.000820056,0.000690292,0.001077547,1
warmup,42,42,nb,0,2048,98304,1.811892165,0.000884713,0.000607739,0.001156480,1
warmup,43,43,nb,0,2048,98304,1.683259185,0.000821904,0.000676456,0.001093440,1
warmup,44,44,nb,0,2048,98304,1.706924536,0.000833459,0.000692088,0.001139137,1
warmup,45,45,nb,0,2048,98304,1.691407356,0.000825882,0.000682109,0.001091910,1
warmup,46,46,nb,0,2048,98304,1.682834267,0.000821696,0.000687469,0.001066705,1
warmup,47,47,nb,0,2048,98304,1.715464910,0.000837629,0.000691904,0.001114392,1
warmup,48,48,nb,0,2048,98304,1.675051808,0.000817896,0.000681358,0.001063516,1
warmup,49,49,nb,0,2048,98304,1.692358358,0.000826347,0.000691553,0.001231005,1
actual,0,50,nb,0,2048,98304,1.730925313,0.000845178,0.000712627,0.001191948,1
actual,1,51,nb,0,2048,98304,1.709186277,0.000834564,0.000693566,0.001135593,1
actual,2,52,nb,0,2048,98304,1.691564710,0.000825959,0.000693059,0.001087031,1
actual,3,53,nb,0,2048,98304,1.713718279,0.000836777,0.000673048,0.001100122,1
actual,4,54,nb,0,2048,98304,1.683405653,0.000821975,0.000616558,0.001086912,1
actual,5,55,nb,0,2048,98304,1.713529152,0.000836684,0.000707545,0.001099223,1
actual,6,56,nb,0,2048,98304,1.715012239,0.000837408,0.000692108,0.001079120,1
actual,7,57,nb,0,2048,98304,1.707253851,0.000833620,0.000696285,0.001099540,1
actual,8,58,nb,0,2048,98304,1.695085022,0.000827678,0.000689178,0.001076847,1
actual,9,59,nb,0,2048,98304,1.695856701,0.000828055,0.000692829,0.001075528,1
actual,10,60,nb,0,2048,98304,1.673259877,0.000817021,0.000685074,0.001087679,1
actual,11,61,nb,0,2048,98304,1.695603895,0.000827932,0.000689513,0.001101247,1
actual,12,62,nb,0,2048,98304,1.671519193,0.000816171,0.000678401,0.001054489,1
actual,13,63,nb,0,2048,98304,1.716288662,0.000838032,0.000710367,0.001093068,1
actual,14,64,nb,0,2048,98304,1.700087008,0.000830121,0.000701977,0.001087081,1
actual,15,65,nb,0,2048,98304,1.700102188,0.000830128,0.000693339,0.001088717,1
actual,16,66,nb,0,2048,98304,1.698957442,0.000829569,0.000695247,0.001144693,1
actual,17,67,nb,0,2048,98304,1.689790911,0.000825093,0.000692780,0.001085769,1
actual,18,68,nb,0,2048,98304,1.702072220,0.000831090,0.000700444,0.001075397,1
actual,19,69,nb,0,2048,98304,1.700657010,0.000830399,0.000688837,0.001114679,1
actual,20,70,nb,0,2048,98304,1.713375005,0.000836609,0.000660023,0.001095543,1
actual,21,71,nb,0,2048,98304,1.697138621,0.000828681,0.000698398,0.001091741,1
actual,22,72,nb,0,2048,98304,1.690445749,0.000825413,0.000687257,0.001072242,1
actual,23,73,nb,0,2048,98304,1.679699554,0.000820166,0.000686157,0.001073569,1
actual,24,74,nb,0,2048,98304,1.684131068,0.000822330,0.000696563,0.001072492,1
actual,25,75,nb,0,2048,98304,1.678962035,0.000819806,0.000685306,0.001088753,1
actual,26,76,nb,0,2048,98304,1.700582205,0.000830362,0.000699969,0.001098168,1
actual,27,77,nb,0,2048,98304,1.693015934,0.000826668,0.000683901,0.001098154,1
actual,28,78,nb,0,2048,98304,1.695398048,0.000827831,0.000697970,0.001083043,1
actual,29,79,nb,0,2048,98304,1.697797533,0.000829003,0.000696031,0.001094168,1
actual,30,80,nb,0,2048,98304,1.702908008,0.000831498,0.000691500,0.001113159,1
actual,31,81,nb,0,2048,98304,1.709974679,0.000834949,0.000701746,0.001094669,1
actual,32,82,nb,0,2048,98304,1.668043972,0.000814475,0.000685205,0.001097171,1
actual,33,83,nb,0,2048,98304,1.694406166,0.000827347,0.000695359,0.001119683,1
actual,34,84,nb,0,2048,98304,1.709715391,0.000834822,0.000703869,0.001085663,1
actual,35,85,nb,0,2048,98304,1.680188783,0.000820405,0.000686432,0.001082643,1
actual,36,86,nb,0,2048,98304,1.704095349,0.000832078,0.000697508,0.001096378,1
actual,37,87,nb,0,2048,98304,1.691285834,0.000825823,0.000695824,0.001080418,1
actual,38,88,nb,0,2048,98304,1.694461457,0.000827374,0.000695392,0.001072792,1
actual,39,89,nb,0,2048,98304,1.674792201,0.000817770,0.000675997,0.001089476,1
actual,40,90,nb,0,2048,98304,1.712312881,0.000836090,0.000711484,0.001094932,1
actual,41,91,nb,0,2048,98304,1.691042492,0.000825704,0.000704842,0.001097009,1
actual,42,92,nb,0,2048,98304,1.684987585,0.000822748,0.000690242,0.001077075,1
actual,43,93,nb,0,2048,98304,1.691721870,0.000826036,0.000694610,0.001072132,1
actual,44,94,nb,0,2048,98304,1.688385519,0.000824407,0.000697215,0.001080728,1
actual,45,95,nb,0,2048,98304,1.687322670,0.000823888,0.000695642,0.001091623,1
actual,46,96,nb,0,2048,98304,1.695873718,0.000828063,0.000696545,0.001088811,1
actual,47,97,nb,0,2048,98304,1.697537525,0.000828876,0.000690240,0.001094413,1
actual,48,98,nb,0,2048,98304,1.691217286,0.000825790,0.000691654,0.001121453,1
actual,49,99,nb,0,2048,98304,1.689852976,0.000825124,0.000695372,0.001080398,1
warmup,0,0,nb,0,2048,131072,1.944312739,0.000949371,0.000785617,0.001274499,1
warmup,1,1,nb,0,2048,131072,1.934689657,0.000944673,0.000785638,0.001249855,1
warmup,2,2,nb,0,2048,131072,1.914926842,0.000935023,0.000775909,0.001257185,1
warmup,3,3,nb,0,2048,131072,1.952449420,0.000953344,0.000793864,0.001236537,1
warmup,4,4,nb,0,2048,131072,1.945153489,0.000949782,0.000790112,0.001256154,1
warmup,5,5,nb,0,2048,131072,1.923416644,0.000939168,0.000773661,0.001247198,1
warmup,6,6,nb,0,2048,131072,1.915782251,0.000935441,0.000785524,0.001239286,1
warmup,7,7,nb,0,2048,131072,1.916326796,0.000935706,0.000786968,0.001235474,1
warmup,8,8,nb,0,2048,131072,1.906729221,0.000931020,0.000772063,0.001229377,1
warmup,9,9,nb,0,2048,131072,1.922363811,0.000938654,0.000787876,0.001282660,1
warmup,10,10,nb,0,2048,131072,1.905881628,0.000930606,0.000778167,0.001228343,1
warmup,11,11,nb,0,2048,131072,1.917879526,0.000936465,0.000780969,0.001222856,1
warmup,12,12,nb,0,2048,131072,1.933250994,0.000943970,0.000773651,0.001224833,1
warmup,13,13,nb,0,2048,131072,1.916654513,0.000935866,0.000776696,0.001252667,1
warmup,14,14,nb,0,2048,131072,1.918329020,0.000936684,0.000790941,0.001243869,1
warmup,15,15,nb,0,2048,131072,1.929964232,0.000942365,0.000776236,0.001253955,1
warmup,16,16,nb,0,2048,131072,1.904831309,0.000930093,0.000763056,0.001210031,1
warmup,17,17,nb,0,2048,131072,1.904032659,0.000929703,0.000782212,0.001244571,1
warmup,18,18,nb,0,2048,131072,1.922757434,0.000938846,0.000792303,0.001222318,1
warmup,19,19,nb,0,2048,131072,1.914107660,0.000934623,0.000780687,0.001251546,1
warmup,20,20,nb,0,2048,131072,1.949323925,0.000951818,0.000809634,0.001250421,1
warmup,21,21,nb,0,2048,131072,1.919498702,0.000937255,0.000790411,0.001225454,1
warmup,22,22,nb,0,2048,131072,1.909894087,0.000932565,0.000786810,0.001219022,1
warmup,23,23,nb,0,2048,131072,1.921705668,0.000938333,0.000785618,0.001232019,1
warmup,24,24,nb,0,2048,131072,1.910274069,0.000932751,0.000788877,0.001230647,1
warmup,25,25,nb,0,2048,131072,1.901542140,0.000928487,0.000771461,0.001214224,1
warmup,26,26,nb,0,2048,131072,1.902428133,0.000928920,0.000787594,0.001223224,1
warmup,27,27,nb,0,2048,131072,1.917250194,0.000936157,0.000785141,0.001262997,1
warmup,28,28,nb,0,2048,131072,1.919868626,0.000937436,0.000767067,0.001226560,1
warmup,29,29,nb,0,2048,131072,1.888107249,0.000921927,0.000766134,0.001246234,1
warmup,30,30,nb,0,2048,131072,1.918044006,0.000936545,0.000780322,0.001219939,1
warmup,31,31,nb,0,2048,131072,1.912548498,0.000933862,0.000779597,0.001304702,1
warmup,32,32,nb,0,2048,131072,1.921395458,0.000938181,0.000779940,0.001216220,1
warmup,33,33,nb,0,2048,131072,1.908589834,0.000931929,0.000761243,0.001233001,1
warmup,34,34,nb,0,2048,131072,1.918151753,0.000936598,0.000782185,0.001222699,1
warmup,35,35,nb,0,2048,131072,1.906519430,0.000930918,0.000785337,0.001226242,1
warmup,36,36,nb,0,2048,131072,1.934556140,0.000944607,0.000781835,0.001247349,1
warmup,37,37,nb,0,2048,131072,1.927068760,0.000940952,0.000782017,0.001232763,1
warmup,38,38,nb,0,2048,131072,1.915384367,0.000935246,0.000777989,0.001226494,1
warmup,39,39,nb,0,2048,131072,1.913109846,0.000934136,0.000784611,0.001233352,1
warmup,40,40,nb,0,2048,131072,1.907159894,0.000931230,0.000783219,0.001195167,1
warmup,41,41,nb,0,2048,131072,1.916559841,0.000935820,0.000775900,0.001268919,1
warmup,42,42,nb,0,2048,131072,1.897041027,0.000926290,0.000764809,0.001201763,1
warmup,43,43,nb,0,2048,131072,1.896527427,0.000926039,0.000760232,0.001215418,1
warmup,44,44,nb,0,2048,131072,1.914608694,0.000934868,0.000776246,0.001224025,1
warmup,45,45,nb,0,2048,131072,1.906776365,0.000931043,0.000772278,0.001205761,1
warmup,46,46,nb,0,2048,131072,1.910128108,0.000932680,0.000756268,0.001242256,1
warmup,47,47,nb,0,2048,131072,1.902906469,0.000929154,0.000771245,0.001218405,1
warmup,48,48,nb,0,2048,131072,1.911084826,0.000933147,0.000780234,0.001234274,1
warmup,49,49,nb,0,2048,131072,1.921975626,0.000938465,0.000775581,0.001251742,1
actual,0,50,nb,0,2048,131072,1.904699493,0.000930029,0.000761076,0.001223571,1
actual,1,51,nb,0,2048,131072,1.905390188,0.000930366,0.000773529,0.001247198,1
actual,2,52,nb,0,2048,131072,1.904164465,0.000929768,0.000769321,0.001225415,1
actual,3,53,nb,0,2048,131072,1.905519364,0.000930429,0.000767339,0.001221700,1
actual,4,54,nb,0,2048,131072,1.906813355,0.000931061,0.000765386,0.001252921,1
actual,5,55,nb,0,2048,131072,1.899276484,0.000927381,0.000775766,0.001219113,1
actual,6,56,nb,0,2048,131072,1.901637209,0.000928534,0.000783035,0.001218772,1
actual,7,57,nb,0,2048,131072,1.916357512,0.000935721,0.000791922,0.001242410,1
actual,8,58,nb,0,2048,131072,1.907584857,0.000931438,0.000771051,0.001233341,1
actual,9,59,nb,0,2048,131072,1.914542746,0.000934835,0.000777977,0.001204542,1
actual,10,60,nb,0,2048,131072,1.904908678,0.000930131,0.000772628,0.001253209,1
actual,11,61,nb,0,2048,131072,1.900187547,0.000927826,0.000774453,0.001231239,1
actual,12,62,nb,0,2048,131072,1.905545197,0.000930442,0.000763401,0.001213939,1
actual,13,63,nb,0,2048,131072,1.900588551,0.000928022,0.000773575,0.001204283,1
actual,14,64,nb,0,2048,131072,1.916646761,0.000935863,0.000779781,0.001256313,1
actual,15,65,nb,0,2048,131072,1.886741806,0.000921261,0.000760034,0.001217810,1
actual,16,66,nb,0,2048,131072,1.914561613,0.000934845,0.000779947,0.001247419,1
actual,17,67,nb,0,2048,131072,1.899178150,0.000927333,0.000770349,0.001225680,1
actual,18,68,nb,0,2048,131072,1.904262856,0.000929816,0.000774883,0.001237170,1
actual,19,69,nb,0,2048,131072,1.917126319,0.000936097,0.000776712,0.001206335,1
actual,20,70,nb,0,2048,131072,1.920627088,0.000937806,0.000766865,0.001253315,1
actual,21,71,nb,0,2048,131072,1.905581348,0.000930460,0.000767077,0.001227007,1
actual,22,72,nb,0,2048,131072,1.914573321,0.000934850,0.000781284,0.001223028,1
actual,23,73,nb,0,2048,131072,1.915676522,0.000935389,0.000780929,0.001211703,1
actual,24,74,nb,0,2048,131072,1.914557851,0.000934843,0.000788137,0.001205484,1
actual,25,75,nb,0,2048,131072,1.907546122,0.000931419,0.000779893,0.001255059,1
actual,26,76,nb,0,2048,131072,1.896347876,0.000925951,0.000761038,0.001209487,1
actual,27,77,nb,0,2048,131072,1.920055364,0.000937527,0.000784595,0.001232266,1
actual,28,78,nb,0,2048,131072,1.917142774,0.000936105,0.000763893,0.001295822,1
actual,29,79,nb,0,2048,131072,1.913684626,0.000934416,0.000775088,0.001223534,1
actual,30,80,nb,0,2048,131072,1.924523204,0.000939709,0.000782849,0.001218771,1
actual,31,81,nb,0,2048,131072,1.903817835,0.000929599,0.000777527,0.001240105,1
actual,32,82,nb,0,2048,131072,1.921641037,0.000938301,0.000765574,0.001251844,1
actual,33,83,nb,0,2048,131072,1.915987702,0.000935541,0.000764603,0.001237222,1
actual,34,84,nb,0,2048,131072,1.882982584,0.000919425,0.000757278,0.001184643,1
actual,35,85,nb,0,2048,131072,1.916446587,0.000935765,0.000780892,0.001243440,1
actual,36,86,nb,0,2048,131072,1.927074372,0.000940954,0.000790816,0.001212730,1
actual,37,87,nb,0,2048,131072,1.905025907,0.000930188,0.000777612,0.001214925,1
actual,38,88,nb,0,2048,131072,1.893699537,0.000924658,0.000764495,0.001238832,1
actual,39,89,nb,0,2048,131072,1.963792211,0.000958883,0.000808003,0.001232503,1
actual,40,90,nb,0,2048,131072,1.927251326,0.000941041,0.000786488,0.001241989,1
actual,41,91,nb,0,2048,131072,1.902100454,0.000928760,0.000768000,0.001208551,1
actual,42,92,nb,0,2048,131072,1.904651448,0.000930006,0.000780663,0.001211331,1
actual,43,93,nb,0,2048,131072,1.906652256,0.000930983,0.000775362,0.001220655,1
actual,44,94,nb,0,2048,131072,1.909897366,0.000932567,0.000788464,0.001208489,1
actual,45,95,nb,0,2048,131072,1.908003412,0.000931642,0.000777218,0.001237019,1
actual,46,96,nb,0,2048,131072,1.908862409,0.000932062,0.000770703,0.001205167,1
actual,47,97,nb,0,2048,131072,1.916832366,0.000935953,0.000774146,0.001253169,1
actual,48,98,nb,0,2048,131072,1.915281694,0.000935196,0.000782616,0.001203935,1
actual,49,99,nb,0,2048,131072,1.915700547,0.000935401,0.000778185,0.001203955,1
warmup,0,0,nb,0,2048,196608,2.156847600,0.001053148,0.000866033,0.001418243,1
warmup,1,1,nb,0,2048,196608,2.152279336,0.001050918,0.000865351,0.001403143,1
warmup,2,2,nb,0,2048,196608,2.125807557,0.001037992,0.000857036,0.001382432,1
warmup,3,3,nb,0,2048,196608,2.116752609,0.001033571,0.000839071,0.001366323,1
warmup,4,4,nb,0,2048,196608,2.134974511,0.001042468,0.000859533,0.001383064,1
warmup,5,5,nb,0,2048,196608,2.129847941,0.001039965,0.000853313,0.001458936,1
warmup,6,6,nb,0,2048,196608,2.129566882,0.001039828,0.000853207,0.001417057,1
warmup,7,7,nb,0,2048,196608,2.140597109,0.001045213,0.000865885,0.001429980,1
warmup,8,8,nb,0,2048,196608,2.123988714,0.001037104,0.000857073,0.001408680,1
warmup,9,9,nb,0,2048,196608,2.126151520,0.001038160,0.000857351,0.001407030,1
warmup,10,10,nb,0,2048,196608,2.113056158,0.001031766,0.000860343,0.001372574,1
warmup,11,11,nb,0,2048,196608,2.130345662,0.001040208,0.000827851,0.001450664,1
warmup,12,12,nb,0,2048,196608,2.130826048,0.001040442,0.000859936,0.001350870,1
warmup,13,13,nb,0,2048,196608,2.116600437,0.001033496,0.000830438,0.001395811,1
warmup,14,14,nb,0,2048,196608,2.160900842,0.001055127,0.000845520,0.001441446,1
warmup,15,15,nb,0,2048,196608,2.134030606,0.001042007,0.000863388,0.001384671,1
warmup,16,16,nb,0,2048,196608,2.116510288,0.001033452,0.000852493,0.001386544,1
warmup,17,17,nb,0,2048,196608,2.126698552,0.001038427,0.000853599,0.001385299,1
warmup,18,18,nb,0,2048,196608,2.117689152,0.001034028,0.000841947,0.001396289,1
warmup,19,19,nb,0,2048,196608,2.138623609,0.001044250,0.000851810,0.001409159,1
warmup,20,20,nb,0,2048,196608,2.131694042,0.001040866,0.000862748,0.001395629,1
warmup,21,21,nb,0,2048,196608,2.147060127,0.001048369,0.000868048,0.001400299,1
warmup,22,22,nb,0,2048,196608,2.127073802,0.001038610,0.000851418,0.001395330,1
warmup,23,23,nb,0,2048,196608,2.130713351,0.001040387,0.000851215,0.001383684,1
warmup,24,24,nb,0,2048,196608,2.112853143,0.001031667,0.000860640,0.001384873,1
warmup,25,25,nb,0,2048,196608,2.142344927,0.001046067,0.000875117,0.001370931,1
warmup,26,26,nb,0,2048,196608,2.100675350,0.001025720,0.000841389,0.001412802,1
warmup,27,27,nb,0,2048,196608,2.111920506,0.001031211,0.000857893,0.001356353,1
warmup,28,28,nb,0,2048,196608,2.115112413,0.001032770,0.000854741,0.001370111,1
warmup,29,29,nb,0,2048,196608,2.135377738,0.001042665,0.000869325,0.001371411,1
warmup,30,30,nb,0,2048,196608,2.109311074,0.001029937,0.000853480,0.001378827,1
warmup,31,31,nb,0,2048,196608,2.125595432,0.001037888,0.000832640,0.001384596,1
warmup,32,32,nb,0,2048,196608,2.126834430,0.001038493,0.000847360,0.001455852,1
warmup,33,33,nb,0,2048,196608,2.132845800,0.001041429,0.000856722,0.001394172,1
warmup,34,34,nb,0,2048,196608,2.125218128,0.001037704,0.000860777,0.001413363,1
warmup,35,35,nb,0,2048,196608,2.127923132,0.001039025,0.000854602,0.001371511,1
warmup,36,36,nb,0,2048,196608,2.130790562,0.001040425,0.000845083,0.001389137,1
warmup,37,37,nb,0,2048,196608,2.136208134,0.001043070,0.000866433,0.001371972,1
warmup,38,38,nb,0,2048,196608,2.114710266,0.001032573,0.000844522,0.001399401,1
warmup,39,39,nb,0,2048,196608,2.132049316,0.001041040,0.000863445,0.001407643,1
warmup,40,40,nb,0,2048,196608,2.160523273,0.001054943,0.000868306,0.001400138,1
warmup,41,41,nb,0,2048,196608,2.090805877,0.001020901,0.000832074,0.001370663,1
warmup,42,42,nb,0,2048,196608,2.153892455,0.001051705,0.000864806,0.001389219,1
warmup,43,43,nb,0,2048,196608,2.100345631,0.001025559,0.000841106,0.001373045,1
warmup,44,44,nb,0,2048,196608,2.107390776,0.001028999,0.000842936,0.001382594,1
warmup,45,45,nb,0,2048,196608,2.141163198,0.001045490,0.000857146,0.001395625,1
warmup,46,46,nb,0,2048,196608,2.178474542,0.001063708,0.000876598,0.001460112,1
warmup,47,47,nb,0,2048,196608,2.097085378,0.001023967,0.000811727,0.001401900,1
warmup,48,48,nb,0,2048,196608,2.132635447,0.001041326,0.000834118,0.001381691,1
warmup,49,49,nb,0,2048,196608,2.123366899,0.001036800,0.000848696,0.001432087,1
actual,0,50,nb,0,2048,196608,2.159082411,0.001054239,0.000857097,0.001396069,1
actual,1,51,nb,0,2048,196608,2.128785434,0.001039446,0.000848291,0.001401478,1
actual,2,52,nb,0,2048,196608,2.134799116,0.001042382,0.000836536,0.001415035,1
actual,3,53,nb,0,2048,196608,2.116267824,0.001033334,0.000852237,0.001375950,1
actual,4,54,nb,0,2048,196608,2.127482334,0.001038810,0.000859572,0.001375247,1
actual,5,55,nb,0,2048,196608,2.140148369,0.001044994,0.000857791,0.001415376,1
actual,6,56,nb,0,2048,196608,2.141698860,0.001045751,0.000862041,0.001397530,1
actual,7,57,nb,0,2048,196608,2.099058809,0.001024931,0.000849111,0.001405037,1
actual,8,58,nb,0,2048,196608,2.142649467,0.001046216,0.000852433,0.001386071,1
actual,9,59,nb,0,2048,196608,2.128421979,0.001039269,0.000847347,0.001383581,1
actual,10,60,nb,0,2048,196608,2.170850654,0.001059986,0.000865104,0.001436553,1
actual,11,61,nb,0,2048,196608,2.108128948,0.001029360,0.000854621,0.001345703,1
actual,12,62,nb,0,2048,196608,2.142102415,0.001045948,0.000861886,0.001387329,1
actual,13,63,nb,0,2048,196608,2.101800208,0.001026270,0.000847938,0.001415444,1
actual,14,64,nb,0,2048,196608,2.125096449,0.001037645,0.000851065,0.001417349,1
actual,15,65,nb,0,2048,196608,2.124855246,0.001037527,0.000845865,0.001413040,1
actual,16,66,nb,0,2048,196608,2.158420375,0.001053916,0.000857567,0.001381119,1
actual,17,67,nb,0,2048,196608,2.155944864,0.001052707,0.000860634,0.001397821,1
actual,18,68,nb,0,2048,196608,2.124060316,0.001037139,0.000854641,0.001431907,1
actual,19,69,nb,0,2048,196608,2.111902213,0.001031202,0.000849696,0.001387113,1
actual,20,70,nb,0,2048,196608,2.116683538,0.001033537,0.000856615,0.001488104,1
actual,21,71,nb,0,2048,196608,2.134802976,0.001042384,0.000855553,0.001374124,1
actual,22,72,nb,0,2048,196608,2.140659761,0.001045244,0.000855532,0.001399656,1
actual,23,73,nb,0,2048,196608,2.149791491,0.001049703,0.000863869,0.001392944,1
actual,24,74,nb,0,2048,196608,2.168641412,0.001058907,0.000865817,0.001420714,1
actual,25,75,nb,0,2048,196608,2.083673901,0.001017419,0.000825716,0.001359640,1
actual,26,76,nb,0,2048,196608,2.120366288,0.001035335,0.000855946,0.001368157,1
actual,27,77,nb,0,2048,196608,2.114556621,0.001032498,0.000854786,0.001398734,1
actual,28,78,nb,0,2048,196608,2.127046952,0.001038597,0.000852768,0.001393334,1
actual,29,79,nb,0,2048,196608,2.111184380,0.001030852,0.000842229,0.001363527,1
actual,30,80,nb,0,2048,196608,2.110235746,0.001030389,0.000845796,0.001354257,1
actual,31,81,nb,0,2048,196608,2.102816690,0.001026766,0.000835522,0.001363218,1
actual,32,82,nb,0,2048,196608,2.138342941,0.001044113,0.000864096,0.001438961,1
actual,33,83,nb,0,2048,196608,2.113201239,0.001031837,0.000859041,0.001395186,1
actual,34,84,nb,0,2048,196608,2.139780499,0.001044815,0.000865797,0.001389677,1
actual,35,85,nb,0,2048,196608,2.808134535,0.001371159,0.001190788,0.001622902,1
actual,36,86,nb,0,2048,196608,2.506960021,0.001224102,0.001013808,0.001499243,1
actual,37,87,nb,0,2048,196608,2.113890555,0.001032173,0.000854066,0.001354811,1
actual,38,88,nb,0,2048,196608,2.095185263,0.001023040,0.000843585,0.001386852,1
actual,39,89,nb,0,2048,196608,2.154946756,0.001052220,0.000874210,0.001357245,1
actual,40,90,nb,0,2048,196608,2.140741149,0.001045284,0.000854503,0.001427567,1
actual,41,91,nb,0,2048,196608,2.127985369,0.001039055,0.000858812,0.001356977,1
actual,42,92,nb,0,2048,196608,2.143900607,0.001046826,0.000868155,0.001388662,1
actual,43,93,nb,0,2048,196608,2.117260868,0.001033819,0.000852116,0.001373484,1
actual,44,94,nb,0,2048,196608,2.156608893,0.001053032,0.000872053,0.001362216,1
actual,45,95,nb,0,2048,196608,2.121355181,0.001035818,0.000821378,0.001383677,1
actual,46,96,nb,0,2048,196608,2.092758323,0.001021855,0.000846967,0.001345085,1
actual,47,97,nb,0,2048,196608,2.123167751,0.001036703,0.000871453,0.001379503,1
actual,48,98,nb,0,2048,196608,2.129223954,0.001039660,0.000845894,0.001389907,1
actual,49,99,nb,0,2048,196608,2.109269694,0.001029917,0.000839194,0.001365618,1
warmup,0,0,nb,0,2048,262144,2.458261759,0.001200323,0.000970159,0.001645078,1
warmup,1,1,nb,0,2048,262144,2.462933905,0.001202604,0.000972157,0.001610781,1
warmup,2,2,nb,0,2048,262144,2.440491883,0.001191646,0.000964007,0.001600914,1
warmup,3,3,nb,0,2048,262144,2.452465945,0.001197493,0.000979748,0.001589844,1
warmup,4,4,nb,0,2048,262144,2.460958820,0.001201640,0.000957994,0.001621891,1
warmup,5,5,nb,0,2048,262144,2.461325242,0.001201819,0.000970114,0.001642670,1
warmup,6,6,nb,0,2048,262144,2.436157246,0.001189530,0.000966262,0.001632743,1
warmup,7,7,nb,0,2048,262144,2.406528857,0.001175063,0.000961170,0.001601775,1
warmup,8,8,nb,0,2048,262144,2.427113492,0.001185114,0.000960306,0.001583773,1
warmup,9,9,nb,0,2048,262144,2.442556418,0.001192655,0.000956453,0.001606505,1
warmup,10,10,nb,0,2048,262144,2.457144397,0.001199778,0.000982193,0.001597953,1
warmup,11,11,nb,0,2048,262144,2.420461288,0.001181866,0.000952243,0.001608068,1
warmup,12,12,nb,0,2048,262144,2.441577521,0.001192177,0.000969749,0.001632531,1
warmup,13,13,nb,0,2048,262144,2.410039991,0.001176777,0.000962366,0.001579186,1
warmup,14,14,nb,0,2048,262144,2.440543231,0.001191671,0.000978500,0.001594624,1
warmup,15,15,nb,0,2048,262144,2.473973297,0.001207995,0.000979766,0.001643962,1
warmup,16,16,nb,0,2048,262144,2.422891833,0.001183053,0.000948877,0.001585916,1
warmup,17,17,nb,0,2048,262144,2.432727900,0.001187855,0.000979645,0.001636546,1
warmup,18,18,nb,0,2048,262144,2.441899333,0.001192334,0.000959949,0.001628328,1
warmup,19,19,nb,0,2048,262144,2.432140873,0.001187569,0.000950052,0.001636398,1
warmup,20,20,nb,0,2048,262144,2.416448055,0.001179906,0.000954368,0.001597019,1
warmup,21,21,nb,0,2048,262144,2.444637468,0.001193671,0.000954804,0.001640964,1
warmup,22,22,nb,0,2048,262144,2.474259054,0.001208134,0.000948617,0.001657667,1
warmup,23,23,nb,0,2048,262144,2.429217053,0.001186141,0.000958115,0.001666473,1
warmup,24,24,nb,0,2048,262144,2.455201814,0.001198829,0.000967954,0.001624831,1
warmup,25,25,nb,0,2048,262144,2.416568620,0.001179965,0.000966926,0.001612045,1
warmup,26,26,nb,0,2048,262144,2.455774065,0.001199108,0.000977076,0.001604837,1
warmup,27,27,nb,0,2048,262144,2.435200532,0.001189063,0.000954879,0.001610529,1
warmup,28,28,nb,0,2048,262144,2.465458594,0.001203837,0.000960608,0.001601372,1
warmup,29,29,nb,0,2048,262144,2.444288538,0.001193500,0.000973456,0.001580523,1
warmup,30,30,nb,0,2048,262144,2.422705374,0.001182962,0.000941541,0.001575955,1
warmup,31,31,nb,0,2048,262144,2.418494164,0.001180905,0.000933104,0.001575867,1
warmup,32,32,nb,0,2048,262144,2.434776987,0.001188856,0.000963827,0.001595995,1
warmup,33,33,nb,0,2048,262144,2.441773213,0.001192272,0.000968545,0.001683043,1
warmup,34,34,nb,0,2048,262144,2.473098130,0.001207567,0.000985354,0.001635130,1
warmup,35,35,nb,0,2048,262144,2.420036907,0.001181659,0.000939943,0.001618794,1
warmup,36,36,nb,0,2048,262144,2.441781415,0.001192276,0.000973835,0.001599841,1
warmup,37,37,nb,0,2048,262144,2.444691415,0.001193697,0.000963556,0.001607089,1
warmup,38,38,nb,0,2048,262144,2.447353381,0.001194997,0.000965918,0.001611592,1
warmup,39,39,nb,0,2048,262144,2.429587119,0.001186322,0.000961982,0.001583541,1
warmup,40,40,nb,0,2048,262144,2.449672609,0.001196129,0.000971903,0.001599279,1
warmup,41,41,nb,0,2048,262144,2.454304040,0.001198391,0.000974136,0.001703087,1
warmup,42,42,nb,0,2048,262144,2.445860012,0.001194268,0.000962478,0.001606963,1
warmup,43,43,nb,0,2048,262144,2.429288959,0.001186176,0.000956951,0.001596264,1
warmup,44,44,nb,0,2048,262144,2.411677294,0.001177577,0.000962325,0.001595969,1
warmup,45,45,nb,0,2048,262144,2.444831222,0.001193765,0.000962504,0.001621490,1
warmup,46,46,nb,0,2048,262144,2.438945462,0.001190891,0.000964207,0.001602026,1
warmup,47,47,nb,0,2048,262144,2.438334313,0.001190593,0.000960990,0.001623704,1
warmup,48,48,nb,0,2048,262144,2.460656754,0.001201493,0.000971913,0.001621194,1
warmup,49,49,nb,0,2048,262144,2.433589395,0.001188276,0.000947184,0.001631139,1
actual,0,50,nb,0,2048,262144,2.468314445,0.001205232,0.000955161,0.001623128,1
actual,1,51,nb,0,2048,262144,2.512186601,0.001226654,0.000989565,0.001715016,1
actual,2,52,nb,0,2048,262144,2.441554328,0.001192165,0.000960695,0.001606041,1
actual,3,53,nb,0,2048,262144,2.460883523,0.001201603,0.000982193,0.001631324,1
actual,4,54,nb,0,2048,262144,2.438466567,0.001190658,0.000963957,0.001610591,1
actual,5,55,nb,0,2048,262144,2.461974728,0.001202136,0.000944935,0.001643804,1
actual,6,56,nb,0,2048,262144,2.428172013,0.001185631,0.000940891,0.001619051,1
actual,7,57,nb,0,2048,262144,2.436149032,0.001189526,0.000964751,0.001670617,1
actual,8,58,nb,0,2048,262144,2.422217811,0.001182724,0.000964603,0.001585596,1
actual,9,59,nb,0,2048,262144,2.426516535,0.001184823,0.000958941,0.001611041,1
actual,10,60,nb,0,2048,262144,2.423888657,0.001183539,0.000900999,0.001592039,1
actual,11,61,nb,0,2048,262144,2.441333498,0.001192057,0.000969361,0.001594049,1
actual,12,62,nb,0,2048,262144,2.439476264,0.001191151,0.000963427,0.001609225,1
actual,13,63,nb,0,2048,262144,2.444021914,0.001193370,0.000970121,0.001665365,1
actual,14,64,nb,0,2048,262144,2.426467579,0.001184799,0.000956572,0.001572588,1
actual,15,65,nb,0,2048,262144,2.460836235,0.001201580,0.000943229,0.001603518,1
actual,16,66,nb,0,2048,262144,2.456505223,0.001199465,0.000954234,0.001685110,1
actual,17,67,nb,0,2048,262144,2.454424399,0.001198449,0.000951265,0.001576997,1
actual,18,68,nb,0,2048,262144,2.447971783,0.001195299,0.000954055,0.001625758,1
actual,19,69,nb,0,2048,262144,2.436318850,0.001189609,0.000956063,0.001615346,1
actual,20,70,nb,0,2048,262144,2.467256118,0.001204715,0.000978314,0.001613746,1
actual,21,71,nb,0,2048,262144,2.449539842,0.001196064,0.000960429,0.001606576,1
actual,22,72,nb,0,2048,262144,2.446048005,0.001194359,0.000966433,0.001608947,1
actual,23,73,nb,0,2048,262144,2.470707538,0.001206400,0.000951656,0.001615273,1
actual,24,74,nb,0,2048,262144,2.480468689,0.001211166,0.000985957,0.001614771,1
actual,25,75,nb,0,2048,262144,2.435956628,0.001189432,0.000956833,0.001611474,1
actual,26,76,nb,0,2048,262144,2.440745262,0.001191770,0.000956687,0.001601196,1
actual,27,77,nb,0,2048,262144,2.421636113,0.001182440,0.000956642,0.001622566,1
actual,28,78,nb,0,2048,262144,2.480721953,0.001211290,0.000954050,0.001646012,1
actual,29,79,nb,0,2048,262144,2.436938598,0.001189911,0.000957279,0.001599747,1
actual,30,80,nb,0,2048,262144,2.455972217,0.001199205,0.000970216,0.001706458,1
actual,31,81,nb,0,2048,262144,2.461394021,0.001201853,0.000974851,0.001607528,1
actual,32,82,nb,0,2048,262144,2.438964086,0.001190900,0.000950048,0.001634893,1
actual,33,83,nb,0,2048,262144,2.453930102,0.001198208,0.000956377,0.001610550,1
actual,34,84,nb,0,2048,262144,2.417793057,0.001180563,0.000957819,0.001593110,1
actual,35,85,nb,0,2048,262144,2.461041087,0.001201680,0.000971927,0.001622029,1
actual,36,86,nb,0,2048,262144,2.453241019,0.001197872,0.000964087,0.001608317,1
actual,37,87,nb,0,2048,262144,2.479776768,0.001210828,0.000970333,0.001668356,1
actual,38,88,nb,0,2048,262144,2.422380009,0.001182803,0.000961110,0.001613002,1
actual,39,89,nb,0,2048,262144,2.455493961,0.001198972,0.000955475,0.001677500,1
actual,40,90,nb,0,2048,262144,2.439516685,0.001191170,0.000959818,0.001620010,1
actual,41,91,nb,0,2048,262144,2.458995771,0.001200682,0.000966313,0.001605153,1
actual,42,92,nb,0,2048,262144,2.398525363,0.001171155,0.000964861,0.001577911,1
actual,43,93,nb,0,2048,262144,2.468279175,0.001205214,0.000958056,0.001614899,1
actual,44,94,nb,0,2048,262144,2.464246417,0.001203245,0.000958847,0.001673429,1
actual,45,95,nb,0,2048,262144,2.456451174,0.001199439,0.000977755,0.001606442,1
actual,46,96,nb,0,2048,262144,2.418506453,0.001180911,0.000958110,0.001675580,1
actual,47,97,nb,0,2048,262144,2.434501263,0.001188721,0.000908631,0.001649837,1
actual,48,98,nb,0,2048,262144,2.435826472,0.001189368,0.000932940,0.001640042,1
actual,49,99,nb,0,2048,262144,2.443917240,0.001193319,0.000968883,0.001624536,1
warmup,0,0,nb,0,2048,393216,3.124113613,0.001525446,0.001206915,0.002108664,1
warmup,1,1,nb,0,2048,393216,3.107758874,0.001517460,0.001214439,0.002124403,1
warmup,2,2,nb,0,2048,393216,3.020350087,0.001474780,0.001160828,0.002048195,1
warmup,3,3,nb,0,2048,393216,2.991231742,0.001460562,0.001150408,0.001992837,1
warmup,4,4,nb,0,2048,393216,3.017743576,0.001473508,0.001153459,0.001965336,1
warmup,5,5,nb,0,2048,393216,2.976613551,0.001453425,0.001138738,0.001953647,1
warmup,6,6,nb,0,2048,393216,2.993660718,0.001461748,0.001091137,0.002054864,1
warmup,7,7,nb,0,2048,393216,2.983715020,0.001456892,0.001167566,0.002121009,1
warmup,8,8,nb,0,2048,393216,3.011277632,0.001470350,0.001171748,0.002027894,1
warmup,9,9,nb,0,2048,393216,3.020942986,0.001475070,0.001162771,0.002001306,1
warmup,10,10,nb,0,2048,393216,2.985917203,0.001457967,0.001153973,0.002024868,1
warmup,11,11,nb,0,2048,393216,2.988471659,0.001459215,0.001176435,0.002112782,1
warmup,12,12,nb,0,2048,393216,2.955035027,0.001442888,0.001158931,0.002005932,1
warmup,13,13,nb,0,2048,393216,3.011778150,0.001470595,0.001162382,0.002025099,1
warmup,14,14,nb,0,2048,393216,2.972357138,0.001451346,0.001149026,0.001988561,1
warmup,15,15,nb,0,2048,393216,3.006650553,0.001468091,0.001160337,0.002015749,1
warmup,16,16,nb,0,2048,393216,2.959669297,0.001445151,0.001132209,0.001976558,1
warmup,17,17,nb,0,2048,393216,3.025760622,0.001477422,0.001179101,0.002027709,1
warmup,18,18,nb,0,2048,393216,3.011239925,0.001470332,0.001166750,0.001991244,1
warmup,19,19,nb,0,2048,393216,2.990626198,0.001460267,0.001172846,0.002024889,1
warmup,20,20,nb,0,2048,393216,2.962407239,0.001446488,0.001123174,0.002035069,1
warmup,21,21,nb,0,2048,393216,3.008346206,0.001468919,0.001167842,0.002017184,1
warmup,22,22,nb,0,2048,393216,2.984427168,0.001457240,0.001160364,0.001992409,1
warmup,23,23,nb,0,2048,393216,2.944283791,0.001437639,0.001162088,0.001955946,1
warmup,24,24,nb,0,2048,393216,2.986384160,0.001458195,0.001152513,0.001979418,1
warmup,25,25,nb,0,2048,393216,2.988566641,0.001459261,0.001162849,0.002022948,1
warmup,26,26,nb,0,2048,393216,2.957751932,0.001444215,0.001162397,0.001938439,1
warmup,27,27,nb,0,2048,393216,3.022265606,0.001475716,0.001181587,0.002002205,1
warmup,28,28,nb,0,2048,393216,2.955437331,0.001443085,0.001153214,0.001916516,1
warmup,29,29,nb,0,2048,393216,2.997534383,0.001463640,0.001138115,0.002013235,1
warmup,30,30,nb,0,2048,393216,2.993886562,0.001461859,0.001173182,0.001997416,1
warmup,31,31,nb,0,2048,393216,2.987265786,0.001458626,0.001177375,0.002088353,1
warmup,32,32,nb,0,2048,393216,3.002498691,0.001466064,0.001171205,0.002020950,1
warmup,33,33,nb,0,2048,393216,2.961699904,0.001446143,0.001142869,0.002046832,1
warmup,34,34,nb,0,2048,393216,2.983253942,0.001456667,0.001138676,0.001956838,1
warmup,35,35,nb,0,2048,393216,2.999630504,0.001464663,0.001161407,0.001930192,1
warmup,36,36,nb,0,2048,393216,2.988258878,0.001459111,0.001175175,0.001962629,1
warmup,37,37,nb,0,2048,393216,2.966246225,0.001448362,0.001158733,0.001940753,1
warmup,38,38,nb,0,2048,393216,2.986933308,0.001458464,0.001152983,0.002027661,1
warmup,39,39,nb,0,2048,393216,2.934910234,0.001433062,0.001150799,0.001998942,1
warmup,40,40,nb,0,2048,393216,2.989450946,0.001459693,0.001153134,0.002056080,1
warmup,41,41,nb,0,2048,393216,2.979131001,0.001454654,0.001177069,0.002011367,1
warmup,42,42,nb,0,2048,393216,2.972865846,0.001451595,0.001142122,0.001965394,1
warmup,43,43,nb,0,2048,393216,2.943709067,0.001437358,0.001133341,0.002039551,1
warmup,44,44,nb,0,2048,393216,3.005852053,0.001467701,0.001172325,0.002006252,1
warmup,45,45,nb,0,2048,393216,3.001564801,0.001465608,0.001168888,0.002038163,1
warmup,46,46,nb,0,2048,393216,2.979335545,0.001454754,0.001150836,0.001954585,1
warmup,47,47,nb,0,2048,393216,3.010462412,0.001469952,0.001156869,0.001924975,1
warmup,48,48,nb,0,2048,393216,2.982801686,0.001456446,0.001146589,0.001978721,1
warmup,49,49,nb,0,2048,393216,3.005961077,0.001467754,0.001161838,0.001980168,1
actual,0,50,nb,0,2048,393216,2.974591344,0.001452437,0.001167436,0.001926656,1
actual,1,51,nb,0,2048,393216,2.971351831,0.001450855,0.001171456,0.001987106,1
actual,2,52,nb,0,2048,393216,2.944691041,0.001437837,0.001132494,0.001973305,1
actual,3,53,nb,0,2048,393216,3.000998771,0.001465331,0.001166871,0.001963857,1
actual,4,54,nb,0,2048,393216,2.985002170,0.001457521,0.001157531,0.002001327,1
actual,5,55,nb,0,2048,393216,2.959522767,0.001445079,0.001140970,0.001938699,1
actual,6,56,nb,0,2048,393216,2.963530186,0.001447036,0.001163070,0.001916087,1
actual,7,57,nb,0,2048,393216,2.966786902,0.001448626,0.001155051,0.001949117,1
actual,8,58,nb,0,2048,393216,2.961590860,0.001446089,0.001170884,0.002022822,1
actual,9,59,nb,0,2048,393216,2.964135398,0.001447332,0.001142555,0.001932345,1
actual,10,60,nb,0,2048,393216,2.983453000,0.001456764,0.001150776,0.001978369,1
actual,11,61,nb,0,2048,393216,2.962664139,0.001446613,0.001155957,0.001940178,1
actual,12,62,nb,0,2048,393216,2.981275300,0.001455701,0.001146830,0.002072613,1
actual,13,63,nb,0,2048,393216,2.975870637,0.001453062,0.001139940,0.002039599,1
actual,14,64,nb,0,2048,393216,2.983523638,0.001456799,0.001130129,0.002030452,1
actual,15,65,nb,0,2048,393216,2.991767339,0.001460824,0.001144748,0.002038614,1
actual,16,66,nb,0,2048,393216,2.955575382,0.001443152,0.001156539,0.001978194,1
actual,17,67,nb,0,2048,393216,2.986818902,0.001458408,0.001151910,0.001968230,1
actual,18,68,nb,0,2048,393216,2.952883602,0.001441838,0.001151520,0.001904525,1
actual,19,69,nb,0,2048,393216,2.945672918,0.001438317,0.001172662,0.001938976,1
actual,20,70,nb,0,2048,393216,2.999081829,0.001464395,0.001144044,0.002099557,1
actual,21,71,nb,0,2048,393216,2.979029901,0.001454604,0.001164864,0.001976470,1
actual,22,72,nb,0,2048,393216,2.976559999,0.001453398,0.001135130,0.001995285,1
actual,23,73,nb,0,2048,393216,2.979739408,0.001454951,0.001171799,0.001971808,1
actual,24,74,nb,0,2048,393216,2.971760436,0.001451055,0.001156487,0.002045706,1
actual,25,75,nb,0,2048,393216,2.979106069,0.001454642,0.001174113,0.001924028,1
actual,26,76,nb,0,2048,393216,2.961789241,0.001446186,0.001162037,0.001902646,1
actual,27,77,nb,0,2048,393216,2.969954405,0.001450173,0.001165916,0.001991290,1
actual,28,78,nb,0,2048,393216,2.965993872,0.001448239,0.001164204,0.001981341,1
actual,29,79,nb,0,2048,393216,2.981094515,0.001455613,0.001149418,0.001957093,1
actual,30,80,nb,0,2048,393216,2.988586194,0.001459271,0.001169904,0.002043589,1
actual,31,81,nb,0,2048,393216,2.976738617,0.001453486,0.001170357,0.002146091,1
actual,32,82,nb,0,2048,393216,2.966494209,0.001448484,0.001148144,0.002036049,1
actual,33,83,nb,0,2048,393216,2.992537669,0.001461200,0.001179450,0.002012546,1
actual,34,84,nb,0,2048,393216,2.974765849,0.001452522,0.001138784,0.002010152,1
actual,35,85,nb,0,2048,393216,2.978780501,0.001454483,0.001150471,0.002014038,1
actual,36,86,nb,0,2048,393216,2.978336056,0.001454266,0.001148772,0.002094409,1
actual,37,87,nb,0,2048,393216,2.987834152,0.001458903,0.001147785,0.002011833,1
actual,38,88,nb,0,2048,393216,2.958774470,0.001444714,0.001166299,0.001986306,1
actual,39,89,nb,0,2048,393216,2.944208767,0.001437602,0.001144938,0.001964856,1
actual,40,90,nb,0,2048,393216,2.981631271,0.001455875,0.001166136,0.002068921,1
actual,41,91,nb,0,2048,393216,2.982760329,0.001456426,0.001148954,0.001953774,1
actual,42,92,nb,0,2048,393216,2.944024033,0.001437512,0.001156992,0.001943397,1
actual,43,93,nb,0,2048,393216,2.963942886,0.001447238,0.001134807,0.001922646,1
actual,44,94,nb,0,2048,393216,2.985764346,0.001457893,0.001132024,0.002020660,1
actual,45,95,nb,0,2048,393216,2.972933057,0.001451627,0.001161465,0.001994471,1
actual,46,96,nb,0,2048,393216,2.954006554,0.001442386,0.001129510,0.002072833,1
actual,47,97,nb,0,2048,393216,2.953899345,0.001442334,0.001149622,0.001927678,1
actual,48,98,nb,0,2048,393216,3.008215839,0.001468855,0.001172767,0.001989604,1
actual,49,99,nb,0,2048,393216,2.969118978,0.001449765,0.001154770,0.001928232,1
warmup,0,0,nb,0,2048,524288,149.567335385,0.073030925,0.070193101,0.077767093,1
warmup,1,1,nb,0,2048,524288,144.480333123,0.070547038,0.067797448,0.075021569,1
warmup,2,2,nb,0,2048,524288,143.897036110,0.070262225,0.067328378,0.075321582,1
warmup,3,3,nb,0,2048,524288,144.001234128,0.070313103,0.067588996,0.075972416,1
warmup,4,4,nb,0,2048,524288,143.782408455,0.070206254,0.067548861,0.076200444,1
warmup,5,5,nb,0,2048,524288,143.729752716,0.070180543,0.067194763,0.075120765,1
warmup,6,6,nb,0,2048,524288,143.907657334,0.070267411,0.067445708,0.075916310,1
warmup,7,7,nb,0,2048,524288,143.515161769,0.070075763,0.067478910,0.075760967,1
warmup,8,8,nb,0,2048,524288,143.833680752,0.070231289,0.067448855,0.075682631,1
warmup,9,9,nb,0,2048,524288,143.294915663,0.069968221,0.067522422,0.073911472,1
warmup,10,10,nb,0,2048,524288,143.662434669,0.070147673,0.067670390,0.075551064,1
warmup,11,11,nb,0,2048,524288,143.752005576,0.070191409,0.067670371,0.075686088,1
warmup,12,12,nb,0,2048,524288,143.665146651,0.070148997,0.067409469,0.075986111,1
warmup,13,13,nb,0,2048,524288,143.826936800,0.070227996,0.067483228,0.075476093,1
warmup,14,14,nb,0,2048,524288,144.301080613,0.070459512,0.067602431,0.075732514,1
warmup,15,15,nb,0,2048,524288,144.133086548,0.070377484,0.067594516,0.076008133,1
warmup,16,16,nb,0,2048,524288,144.215783585,0.070417863,0.067590371,0.075902995,1
warmup,17,17,nb,0,2048,524288,144.219280645,0.070419571,0.067388984,0.075665779,1
warmup,18,18,nb,0,2048,524288,144.125925002,0.070373987,0.067401786,0.075974770,1
warmup,19,19,nb,0,2048,524288,144.334222650,0.070475695,0.067590872,0.076251049,1
warmup,20,20,nb,0,2048,524288,144.082027217,0.070352552,0.067528493,0.076267961,1
warmup,21,21,nb,0,2048,524288,144.453143689,0.070533762,0.067642174,0.076225872,1
warmup,22,22,nb,0,2048,524288,144.099490224,0.070361079,0.067616786,0.074768524,1
warmup,23,23,nb,0,2048,524288,144.032239552,0.070328242,0.067397718,0.075866897,1
warmup,24,24,nb,0,2048,524288,143.881185281,0.070254485,0.067292141,0.075677050,1
warmup,25,25,nb,0,2048,524288,143.809933696,0.070219694,0.067744684,0.075975421,1
warmup,26,26,nb,0,2048,524288,143.754214635,0.070192488,0.067253499,0.075520997,1
warmup,27,27,nb,0,2048,524288,143.745994946,0.070188474,0.067640082,0.075718398,1
warmup,28,28,nb,0,2048,524288,143.819933339,0.070224577,0.067607921,0.075405710,1
warmup,29,29,nb,0,2048,524288,143.919897281,0.070273387,0.067505360,0.076088123,1
warmup,30,30,nb,0,2048,524288,143.753870982,0.070192320,0.067300800,0.075935937,1
warmup,31,31,nb,0,2048,524288,143.576312018,0.070105621,0.067500391,0.075491821,1
warmup,32,32,nb,0,2048,524288,143.821679974,0.070225430,0.067355051,0.075740670,1
warmup,33,33,nb,0,2048,524288,144.000144140,0.070312570,0.067621576,0.075820019,1
warmup,34,34,nb,0,2048,524288,143.607940628,0.070121065,0.067358243,0.075930938,1
warmup,35,35,nb,0,2048,524288,143.713415481,0.070172566,0.067500610,0.075057045,1
warmup,36,36,nb,0,2048,524288,143.508199842,0.070072363,0.067483982,0.075427862,1
warmup,37,37,nb,0,2048,524288,143.540384059,0.070088078,0.067584999,0.076001059,1
warmup,38,38,nb,0,2048,524288,143.690047225,0.070161156,0.067317220,0.075734458,1
warmup,39,39,nb,0,2048,524288,143.734875643,0.070183045,0.067556325,0.075804781,1
warmup,40,40,nb,0,2048,524288,143.419172438,0.070028893,0.067570472,0.075519204,1
warmup,41,41,nb,0,2048,524288,143.616929192,0.070125454,0.067276986,0.075705384,1
warmup,42,42,nb,0,2048,524288,143.764777333,0.070197645,0.067409160,0.075796585,1
warmup,43,43,nb,0,2048,524288,143.746710887,0.070188824,0.067664075,0.075991422,1
warmup,44,44,nb,0,2048,524288,143.774133466,0.070202214,0.067412125,0.076243926,1
warmup,45,45,nb,0,2048,524288,143.741936017,0.070186492,0.067492796,0.075497082,1
warmup,46,46,nb,0,2048,524288,143.664946709,0.070148900,0.067265551,0.075549260,1
warmup,47,47,nb,0,2048,524288,143.655702357,0.070144386,0.067601780,0.074803117,1
warmup,48,48,nb,0,2048,524288,144.010724478,0.070317737,0.067499078,0.075930808,1
warmup,49,49,nb,0,2048,524288,143.631135452,0.070132390,0.067456137,0.075622358,1
actual,0,50,nb,0,2048,524288,143.789994678,0.070209958,0.067480614,0.075368440,1
actual,1,51,nb,0,2048,524288,143.634129501,0.070133852,0.067400566,0.075585148,1
actual,2,52,nb,0,2048,524288,143.861082378,0.070244669,0.067451470,0.075805172,1
actual,3,53,nb,0,2048,524288,143.730588879,0.070180952,0.067608993,0.074605116,1
actual,4,54,nb,0,2048,524288,143.773165377,0.070201741,0.067511000,0.076033571,1
actual,5,55,nb,0,2048,524288,143.948183923,0.070287199,0.067224810,0.076170768,1
actual,6,56,nb,0,2048,524288,143.645530555,0.070139419,0.067206020,0.076057645,1
actual,7,57,nb,0,2048,524288,143.295468950,0.069968491,0.067346983,0.075536657,1
actual,8,58,nb,0,2048,524288,143.873898736,0.070250927,0.067481938,0.075703199,1
actual,9,59,nb,0,2048,524288,143.726406207,0.070178909,0.067642243,0.075201497,1
actual,10,60,nb,0,2048,524288,143.709397597,0.070170604,0.067425712,0.076039702,1
actual,11,61,nb,0,2048,524288,143.688549540,0.070160425,0.067509688,0.075525877,1
actual,12,62,nb,0,2048,524288,143.543588963,0.070089643,0.067396015,0.074499908,1
actual,13,63,nb,0,2048,524288,143.824676434,0.070226893,0.067411965,0.075835979,1
actual,14,64,nb,0,2048,524288,143.808722812,0.070219103,0.067550544,0.075735500,1
actual,15,65,nb,0,2048,524288,143.801088281,0.070215375,0.067460826,0.075941778,1
actual,16,66,nb,0,2048,524288,143.667599049,0.070150195,0.067460566,0.075889910,1
actual,17,67,nb,0,2048,524288,143.335872012,0.069988219,0.067406814,0.074892476,1
actual,18,68,nb,0,2048,524288,143.954272735,0.070290172,0.067458633,0.075978657,1
actual,19,69,nb,0,2048,524288,143.428043656,0.070033224,0.067359710,0.075900340,1
actual,20,70,nb,0,2048,524288,143.557882928,0.070096623,0.067533061,0.075966594,1
actual,21,71,nb,0,2048,524288,143.971974186,0.070298816,0.067356625,0.074662243,1
actual,22,72,nb,0,2048,524288,143.498686197,0.070067718,0.067391456,0.075642124,1
actual,23,73,nb,0,2048,524288,143.712365617,0.070172054,0.067321387,0.075937149,1
actual,24,74,nb,0,2048,524288,143.480340851,0.070058760,0.067472592,0.075814288,1
actual,25,75,nb,0,2048,524288,144.301766284,0.070459847,0.067618213,0.077418687,1
actual,26,76,nb,0,2048,524288,143.652846240,0.070142991,0.067197218,0.075835258,1
actual,27,77,nb,0,2048,524288,143.412257971,0.070025517,0.067394905,0.075769113,1
actual,28,78,nb,0,2048,524288,143.860985317,0.070244622,0.067452460,0.076205564,1
actual,29,79,nb,0,2048,524288,143.436409693,0.070037309,0.067548510,0.074760979,1
actual,30,80,nb,0,2048,524288,143.679000881,0.070155762,0.067406507,0.075771698,1
actual,31,81,nb,0,2048,524288,144.121851704,0.070371998,0.067457951,0.075683332,1
actual,32,82,nb,0,2048,524288,143.706839172,0.070169355,0.067513013,0.075823115,1
actual,33,83,nb,0,2048,524288,143.748164584,0.070189533,0.067461768,0.075779453,1
actual,34,84,nb,0,2048,524288,143.898935295,0.070263152,0.067438556,0.075957348,1
actual,35,85,nb,0,2048,524288,144.252652937,0.070435866,0.067547981,0.075649268,1
actual,36,86,nb,0,2048,524288,143.855139925,0.070241768,0.067245328,0.075955103,1
actual,37,87,nb,0,2048,524288,143.516915633,0.070076619,0.067421595,0.075705414,1
actual,38,88,nb,0,2048,524288,143.628261641,0.070130987,0.067390367,0.075331571,1
actual,39,89,nb,0,2048,524288,143.668282011,0.070150528,0.067324111,0.075713128,1
actual,40,90,nb,0,2048,524288,144.251496987,0.070435301,0.067552668,0.075687830,1
actual,41,91,nb,0,2048,524288,143.735746984,0.070183470,0.067373345,0.075679625,1
actual,42,92,nb,0,2048,524288,143.773598068,0.070201952,0.067456009,0.075900570,1
actual,43,93,nb,0,2048,524288,143.896937263,0.070262176,0.067311711,0.076086229,1
actual,44,94,nb,0,2048,524288,143.651795344,0.070142478,0.067426014,0.075896453,1
actual,45,95,nb,0,2048,524288,143.779074626,0.070204626,0.067518511,0.074913656,1
actual,46,96,nb,0,2048,524288,143.723900435,0.070177686,0.067596011,0.076043580,1
actual,47,97,nb,0,2048,524288,144.308857207,0.070463309,0.067549154,0.075963478,1
actual,48,98,nb,0,2048,524288,143.608981776,0.070121573,0.067368445,0.075565370,1
actual,49,99,nb,0,2048,524288,143.586921969,0.070110802,0.067364007,0.076159337,1
warmup,0,0,nb,0,2048,786432,144.810675692,0.070708338,0.067495081,0.076536376,1
warmup,1,1,nb,0,2048,786432,144.912672246,0.070758141,0.067744957,0.076733917,1
warmup,2,2,nb,0,2048,786432,145.422524392,0.071007092,0.067859841,0.076093955,1
warmup,3,3,nb,0,2048,786432,144.531312075,0.070571930,0.067462120,0.075327413,1
warmup,4,4,nb,0,2048,786432,144.541385603,0.070576848,0.067473832,0.076461545,1
warmup,5,5,nb,0,2048,786432,145.032078754,0.070816445,0.067591901,0.076458401,1
warmup,6,6,nb,0,2048,786432,144.671964270,0.070640608,0.067766606,0.076174796,1
warmup,7,7,nb,0,2048,786432,144.630301743,0.070620265,0.067599285,0.075303598,1
warmup,8,8,nb,0,2048,786432,144.426437150,0.070520721,0.067819313,0.076239067,1
warmup,9,9,nb,0,2048,786432,144.512825475,0.070562903,0.067967465,0.074536467,1
warmup,10,10,nb,0,2048,786432,144.216560678,0.070418243,0.067738479,0.076218949,1
warmup,11,11,nb,0,2048,786432,144.673683979,0.070641447,0.067752320,0.076200093,1
warmup,12,12,nb,0,2048,786432,144.499730244,0.070556509,0.067651642,0.076302966,1
warmup,13,13,nb,0,2048,786432,144.606854694,0.070608816,0.067704090,0.076358941,1
warmup,14,14,nb,0,2048,786432,144.795292002,0.070700826,0.067758150,0.075118400,1
warmup,15,15,nb,0,2048,786432,144.979954516,0.070790993,0.067576713,0.076176940,1
warmup,16,16,nb,0,2048,786432,144.557697489,0.070584813,0.067435640,0.076169606,1
warmup,17,17,nb,0,2048,786432,144.766173893,0.070686608,0.067598794,0.076320631,1
warmup,18,18,nb,0,2048,786432,144.537079866,0.070574746,0.067693479,0.076424806,1
warmup,19,19,nb,0,2048,786432,145.258226387,0.070926868,0.067646202,0.076410409,1
warmup,20,20,nb,0,2048,786432,144.669393846,0.070639352,0.067586311,0.076087041,1
warmup,21,21,nb,0,2048,786432,144.689754430,0.070649294,0.067756256,0.076472956,1
warmup,22,22,nb,0,2048,786432,144.514046533,0.070563499,0.067669876,0.076435066,1
warmup,23,23,nb,0,2048,786432,144.809959691,0.070707988,0.067807414,0.076492083,1
warmup,24,24,nb,0,2048,786432,144.503398409,0.070558300,0.067637716,0.076089966,1
warmup,25,25,nb,0,2048,786432,144.522787033,0.070567767,0.067811993,0.075034764,1
warmup,26,26,nb,0,2048,786432,144.341017100,0.070479012,0.067569208,0.076291596,1
warmup,27,27,nb,0,2048,786432,144.955658977,0.070779130,0.067618881,0.076460834,1
warmup,28,28,nb,0,2048,786432,145.131016271,0.070864754,0.067762117,0.076236703,1
warmup,29,29,nb,0,2048,786432,146.165167219,0.071369711,0.067751036,0.077930140,1
warmup,30,30,nb,0,2048,786432,144.521054135,0.070566921,0.067827088,0.076325339,1
warmup,31,31,nb,0,2048,786432,145.075598447,0.070837695,0.067620535,0.076669545,1
warmup,32,32,nb,0,2048,786432,144.789739519,0.070698115,0.067592202,0.076309298,1
warmup,33,33,nb,0,2048,786432,144.546949890,0.070579565,0.067616757,0.074781216,1
warmup,34,34,nb,0,2048,786432,144.407995438,0.070511717,0.067666249,0.076304169,1
warmup,35,35,nb,0,2048,786432,144.729638223,0.070668769,0.067908193,0.076391453,1
warmup,36,36,nb,0,2048,786432,144.674708721,0.070641948,0.067824473,0.076325059,1
warmup,37,37,nb,0,2048,786432,145.469133436,0.071029850,0.067781073,0.075952729,1
warmup,38,38,nb,0,2048,786432,145.484791983,0.071037496,0.067880731,0.078600729,1
warmup,39,39,nb,0,2048,786432,145.964943274,0.071271945,0.067934662,0.078353885,1
warmup,40,40,nb,0,2048,786432,145.707092771,0.071146041,0.067839243,0.077905262,1
warmup,41,41,nb,0,2048,786432,145.489738689,0.071039911,0.067803746,0.078119795,1
warmup,42,42,nb,0,2048,786432,145.883797438,0.071232323,0.068049778,0.078216767,1
warmup,43,43,nb,0,2048,786432,145.773497891,0.071178466,0.067923101,0.078483459,1
warmup,44,44,nb,0,2048,786432,145.926545121,0.071253196,0.067756608,0.078255510,1
warmup,45,45,nb,0,2048,786432,144.904397012,0.070754100,0.067766697,0.076042537,1
warmup,46,46,nb,0,2048,786432,144.699397976,0.070654003,0.067485023,0.075532398,1
warmup,47,47,nb,0,2048,786432,144.550367953,0.070581234,0.067605336,0.076054079,1
warmup,48,48,nb,0,2048,786432,144.857659839,0.070731279,0.067791083,0.075985791,1
warmup,49,49,nb,0,2048,786432,144.840752675,0.070723024,0.067802434,0.075262652,1
actual,0,50,nb,0,2048,786432,144.867081422,0.070735880,0.067857077,0.075294631,1
actual,1,51,nb,0,2048,786432,144.580165750,0.070595784,0.067495954,0.076623530,1
actual,2,52,nb,0,2048,786432,144.597635649,0.070604314,0.067798687,0.076011649,1
actual,3,53,nb,0,2048,786432,144.944747326,0.070773802,0.067926197,0.076480561,1
actual,4,54,nb,0,2048,786432,144.599737346,0.070605341,0.067698068,0.076236422,1
actual,5,55,nb,0,2048,786432,144.629189928,0.070619722,0.067816941,0.076285584,1
actual,6,56,nb,0,2048,786432,144.507303265,0.070560207,0.067519556,0.076433072,1
actual,7,57,nb,0,2048,786432,144.588926761,0.070600062,0.067475454,0.075011109,1
actual,8,58,nb,0,2048,786432,144.564825968,0.070588294,0.067664045,0.075867798,1
actual,9,59,nb,0,2048,786432,144.472193188,0.070543063,0.067842747,0.075012231,1
actual,10,60,nb,0,2048,786432,144.667607044,0.070638480,0.067843838,0.076552766,1
actual,11,61,nb,0,2048,786432,144.441453315,0.070528053,0.067401327,0.075072514,1
actual,12,62,nb,0,2048,786432,144.496451346,0.070554908,0.067456590,0.075372087,1
actual,13,63,nb,0,2048,786432,144.814909743,0.070710405,0.067735678,0.076551865,1
actual,14,64,nb,0,2048,786432,144.667642644,0.070638497,0.067808676,0.076158976,1
actual,15,65,nb,0,2048,786432,144.703879646,0.070656191,0.067754503,0.076493906,1
actual,16,66,nb,0,2048,786432,145.267734411,0.070931511,0.067536388,0.076443411,1
actual,17,67,nb,0,2048,786432,144.528477920,0.070570546,0.067483569,0.076313848,1
actual,18,68,nb,0,2048,786432,144.620656303,0.070615555,0.067675006,0.076095187,1
actual,19,69,nb,0,2048,786432,144.343501763,0.070480225,0.067755569,0.076363521,1
actual,20,70,nb,0,2048,786432,144.516068022,0.070564486,0.067723546,0.075865495,1
actual,21,71,nb,0,2048,786432,144.418886684,0.070517035,0.067548260,0.075823336,1
actual,22,72,nb,0,2048,786432,144.777730186,0.070692251,0.067512904,0.075656201,1
actual,23,73,nb,0,2048,786432,144.643208115,0.070626566,0.067599164,0.076411010,1
actual,24,74,nb,0,2048,786432,144.489111724,0.070551324,0.067728631,0.076069177,1
actual,25,75,nb,0,2048,786432,144.469097827,0.070541552,0.067429479,0.076421319,1
actual,26,76,nb,0,2048,786432,145.079710736,0.070839703,0.067641323,0.075558437,1
actual,27,77,nb,0,2048,786432,144.388373417,0.070502135,0.067550778,0.076169606,1
actual,28,78,nb,0,2048,786432,144.571849998,0.070591724,0.067445980,0.076160640,1
actual,29,79,nb,0,2048,786432,144.853223766,0.070729113,0.067693810,0.076428403,1
actual,30,80,nb,0,2048,786432,144.753915711,0.070680623,0.067626776,0.076319167,1
actual,31,81,nb,0,2048,786432,144.560963365,0.070586408,0.067570542,0.076235480,1
actual,32,82,nb,0,2048,786432,144.619618904,0.070615048,0.067577504,0.076516529,1
actual,33,83,nb,0,2048,786432,144.702298202,0.070655419,0.067728424,0.076068205,1
actual,34,84,nb,0,2048,786432,144.550397961,0.070581249,0.067584387,0.075537469,1
actual,35,85,nb,0,2048,786432,144.523419349,0.070568076,0.067725849,0.075399308,1
actual,36,86,nb,0,2048,786432,144.892770545,0.070748423,0.067552418,0.076562605,1
actual,37,87,nb,0,2048,786432,144.576719999,0.070594102,0.067543892,0.076366346,1
actual,38,88,nb,0,2048,786432,144.657559465,0.070633574,0.067716552,0.075980872,1
actual,39,89,nb,0,2048,786432,144.446842111,0.070530685,0.067821170,0.075297517,1
actual,40,90,nb,0,2048,786432,144.363402577,0.070489943,0.067764762,0.076067594,1
actual,41,91,nb,0,2048,786432,144.663190162,0.070636323,0.067581381,0.075435776,1
actual,42,92,nb,0,2048,786432,144.675880551,0.070642520,0.067809305,0.076558507,1
actual,43,93,nb,0,2048,786432,144.629327411,0.070619789,0.067715341,0.075809560,1
actual,44,94,nb,0,2048,786432,144.505638202,0.070559394,0.067680025,0.075229590,1
actual,45,95,nb,0,2048,786432,144.579570438,0.070595493,0.067749083,0.076524193,1
actual,46,96,nb,0,2048,786432,144.758948030,0.070683080,0.067555193,0.075962527,1
actual,47,97,nb,0,2048,786432,144.624748131,0.070617553,0.067540896,0.076281337,1
actual,48,98,nb,0,2048,786432,144.661777430,0.070635634,0.067534124,0.076134110,1
actual,49,99,nb,0,2048,786432,144.587314846,0.070599275,0.067730408,0.076443932,1
warmup,0,0,nb,0,2048,1048576,145.275263901,0.070935187,0.067666610,0.077166850,1
warmup,1,1,nb,0,2048,1048576,146.591542753,0.071577902,0.067697277,0.079029643,1
warmup,2,2,nb,0,2048,1048576,144.863990837,0.070734371,0.067474072,0.076402985,1
warmup,3,3,nb,0,2048,1048576,144.579011048,0.070595220,0.067348599,0.076303568,1
warmup,4,4,nb,0,2048,1048576,144.776315979,0.070691561,0.067292204,0.075917503,1
warmup,5,5,nb,0,2048,1048576,144.465477875,0.070539784,0.067724728,0.074721645,1
warmup,6,6,nb,0,2048,1048576,145.377537537,0.070985126,0.067850136,0.076090522,1
warmup,7,7,nb,0,2048,1048576,144.883091146,0.070743697,0.067701565,0.076306364,1
warmup,8,8,nb,0,2048,1048576,144.499360107,0.070556328,0.067458904,0.076408115,1
warmup,9,9,nb,0,2048,1048576,144.549522669,0.070580822,0.067277668,0.075163154,1
warmup,10,10,nb,0,2048,1048576,144.814116783,0.070710018,0.067428718,0.076662553,1
warmup,11,11,nb,0,2048,1048576,144.490572944,0.070552038,0.067739496,0.074774585,1
warmup,12,12,nb,0,2048,1048576,144.267682024,0.070443204,0.067416365,0.074438362,1
warmup,13,13,nb,0,2048,1048576,144.749916032,0.070678670,0.067756187,0.076450634,1
warmup,14,14,nb,0,2048,1048576,144.643843541,0.070626877,0.067557337,0.075593083,1
warmup,15,15,nb,0,2048,1048576,145.434057777,0.071012724,0.067841347,0.075683758,1
warmup,16,16,nb,0,2048,1048576,145.565657112,0.071076981,0.067930415,0.076113841,1
warmup,17,17,nb,0,2048,1048576,145.398520297,0.070995371,0.067546970,0.079710564,1
warmup,18,18,nb,0,2048,1048576,144.384348899,0.070500170,0.067376800,0.076279532,1
warmup,19,19,nb,0,2048,1048576,144.994670675,0.070798179,0.067759192,0.074691707,1
warmup,20,20,nb,0,2048,1048576,144.489112093,0.070551324,0.067417658,0.076290734,1
warmup,21,21,nb,0,2048,1048576,144.486981114,0.070550284,0.067512192,0.075341389,1
warmup,22,22,nb,0,2048,1048576,144.702520548,0.070655528,0.067444667,0.076297818,1
warmup,23,23,nb,0,2048,1048576,144.435132656,0.070524967,0.067641894,0.074852771,1
warmup,24,24,nb,0,2048,1048576,144.678371271,0.070643736,0.067588875,0.075901903,1
warmup,25,25,nb,0,2048,1048576,144.844057167,0.070724637,0.067467680,0.076183843,1
warmup,26,26,nb,0,2048,1048576,144.476911070,0.070545367,0.067488579,0.074948130,1
warmup,27,27,nb,0,2048,1048576,144.460490064,0.070537349,0.067669077,0.074588293,1
warmup,28,28,nb,0,2048,1048576,144.555166995,0.070583578,0.067449466,0.076369021,1
warmup,29,29,nb,0,2048,1048576,144.581580634,0.070596475,0.067466629,0.074942550,1
warmup,30,30,nb,0,2048,1048576,144.741203693,0.070674416,0.067549372,0.075160009,1
warmup,31,31,nb,0,2048,1048576,144.598094171,0.070604538,0.067549342,0.076250929,1
warmup,32,32,nb,0,2048,1048576,144.876325293,0.070740393,0.067452392,0.076272991,1
warmup,33,33,nb,0,2048,1048576,144.637306828,0.070623685,0.067490613,0.076142836,1
warmup,34,34,nb,0,2048,1048576,144.455948743,0.070535131,0.067556615,0.075668665,1
warmup,35,35,nb,0,2048,1048576,144.894418087,0.070749228,0.067432235,0.076372768,1
warmup,36,36,nb,0,2048,1048576,144.630646933,0.070620433,0.067519377,0.076095107,1
warmup,37,37,nb,0,2048,1048576,144.804995923,0.070705564,0.067581933,0.076283120,1
warmup,38,38,nb,0,2048,1048576,144.536228907,0.070574331,0.067398953,0.075716274,1
warmup,39,39,nb,0,2048,1048576,144.707096571,0.070657762,0.067637296,0.076416931,1
warmup,40,40,nb,0,2048,1048576,144.895297435,0.070749657,0.067619593,0.076401492,1
warmup,41,41,nb,0,2048,1048576,144.832904519,0.070719192,0.067690895,0.076192699,1
warmup,42,42,nb,0,2048,1048576,144.575144116,0.070593332,0.067431142,0.076278230,1
warmup,43,43,nb,0,2048,1048576,144.504158669,0.070558671,0.067443295,0.075862859,1
warmup,44,44,nb,0,2048,1048576,144.848504290,0.070726809,0.067562286,0.076321842,1
warmup,45,45,nb,0,2048,1048576,145.016225306,0.070808704,0.067658785,0.076122729,1
warmup,46,46,nb,0,2048,1048576,144.837313108,0.070721344,0.067674003,0.076435015,1
warmup,47,47,nb,0,2048,1048576,144.795355030,0.070700857,0.067421915,0.076160970,1
warmup,48,48,nb,0,2048,1048576,144.582750495,0.070597046,0.067552228,0.075969941,1
warmup,49,49,nb,0,2048,1048576,144.294875215,0.070456482,0.067394775,0.074602551,1
actual,0,50,nb,0,2048,1048576,144.927662904,0.070765460,0.067457391,0.076204251,1
actual,1,51,nb,0,2048,1048576,144.583917896,0.070597616,0.067595057,0.076048108,1
actual,2,52,nb,0,2048,1048576,144.637298334,0.070623681,0.067586665,0.076125944,1
actual,3,53,nb,0,2048,1048576,145.152731524,0.070875357,0.067599265,0.076268893,1
actual,4,54,nb,0,2048,1048576,144.655059185,0.070632353,0.067571082,0.075934043,1
actual,5,55,nb,0,2048,1048576,144.484581446,0.070549112,0.067688961,0.075355636,1
actual,6,56,nb,0,2048,1048576,145.126170878,0.070862388,0.067680145,0.075953199,1
actual,7,57,nb,0,2048,1048576,144.665537797,0.070637470,0.067660780,0.076318205,1
actual,8,58,nb,0,2048,1048576,144.538399485,0.070575390,0.067385598,0.076292798,1
actual,9,59,nb,0,2048,1048576,144.769103731,0.070688039,0.067472800,0.075885983,1
actual,10,60,nb,0,2048,1048576,144.686050800,0.070647486,0.067592662,0.076204873,1
actual,11,61,nb,0,2048,1048576,144.696947971,0.070652807,0.067616307,0.075312726,1
actual,12,62,nb,0,2048,1048576,144.803827456,0.070704994,0.067360551,0.076312435,1
actual,13,63,nb,0,2048,1048576,144.635279963,0.070622695,0.067611678,0.076351899,1
actual,14,64,nb,0,2048,1048576,144.803310392,0.070704741,0.067849873,0.076190556,1
actual,15,65,nb,0,2048,1048576,144.761616595,0.070684383,0.067631295,0.076051044,1
actual,16,66,nb,0,2048,1048576,145.226483017,0.070911369,0.067818372,0.079271156,1
actual,17,67,nb,0,2048,1048576,144.863504619,0.070734133,0.067635282,0.076217686,1
actual,18,68,nb,0,2048,1048576,144.373084028,0.070494670,0.067761548,0.076081230,1
actual,19,69,nb,0,2048,1048576,144.678557939,0.070643827,0.067610485,0.076099174,1
actual,20,70,nb,0,2048,1048576,144.891391153,0.070747750,0.067502064,0.076257622,1
actual,21,71,nb,0,2048,1048576,144.612377296,0.070611512,0.067327139,0.075168665,1
actual,22,72,nb,0,2048,1048576,145.355600465,0.070974414,0.067609804,0.076587027,1
actual,23,73,nb,0,2048,1048576,145.229393875,0.070912790,0.067700382,0.076158536,1
actual,24,74,nb,0,2048,1048576,144.668714390,0.070639021,0.067425853,0.076351127,1
actual,25,75,nb,0,2048,1048576,145.115255253,0.070857058,0.067574969,0.076263585,1
actual,26,76,nb,0,2048,1048576,144.723999189,0.070666015,0.067704991,0.076301083,1
actual,27,77,nb,0,2048,1048576,144.836040186,0.070720723,0.067700192,0.076427241,1
actual,28,78,nb,0,2048,1048576,144.752115766,0.070679744,0.067606799,0.076097631,1
actual,29,79,nb,0,2048,1048576,145.386801291,0.070989649,0.067690440,0.076156571,1
actual,30,80,nb,0,2048,1048576,144.575612430,0.070593561,0.067723736,0.076298268,1
actual,31,81,nb,0,2048,1048576,144.551659887,0.070581865,0.067485333,0.076168113,1
actual,32,82,nb,0,2048,1048576,144.694960652,0.070651836,0.067549653,0.076287738,1
actual,33,83,nb,0,2048,1048576,147.274282123,0.071911271,0.064999594,0.077740764,1
actual,34,84,nb,0,2048,1048576,144.556495727,0.070584226,0.067593074,0.076196386,1
actual,35,85,nb,0,2048,1048576,144.880596099,0.070742479,0.067676268,0.076341369,1
actual,36,86,nb,0,2048,1048576,144.913516016,0.070758553,0.067440800,0.076584276,1
actual,37,87,nb,0,2048,1048576,144.436430669,0.070525601,0.067553200,0.074971815,1
actual,38,88,nb,0,2048,1048576,144.777153526,0.070691969,0.067697027,0.076329948,1
actual,39,89,nb,0,2048,1048576,144.704638976,0.070656562,0.067674715,0.076184764,1
actual,40,90,nb,0,2048,1048576,144.678788616,0.070643940,0.067694112,0.074476183,1
actual,41,91,nb,0,2048,1048576,147.485455115,0.072014382,0.063912534,0.079924073,1
actual,42,92,nb,0,2048,1048576,144.519512140,0.070566168,0.067398582,0.076307686,1
actual,43,93,nb,0,2048,1048576,145.030772083,0.070815807,0.067499119,0.076210944,1
actual,44,94,nb,0,2048,1048576,144.719148871,0.070663647,0.067404854,0.076310652,1
actual,45,95,nb,0,2048,1048576,144.548228125,0.070580190,0.067823060,0.075160319,1
actual,46,96,nb,0,2048,1048576,144.640060241,0.070625029,0.067456900,0.076098993,1
actual,47,97,nb,0,2048,1048576,144.751169014,0.070679282,0.067402850,0.076424575,1
actual,48,98,nb,0,2048,1048576,144.624526412,0.070617445,0.067544914,0.076021557,1
actual,49,99,nb,0,2048,1048576,145.180890262,0.070889107,0.067517883,0.076317534,1
warmup,0,0,nb,0,2048,1572864,145.885719166,0.071233261,0.067958662,0.076909477,1
warmup,1,1,nb,0,2048,1572864,146.162002686,0.071368165,0.067839280,0.076676158,1
warmup,2,2,nb,0,2048,1572864,146.093440246,0.071334688,0.067838709,0.076766499,1
warmup,3,3,nb,0,2048,1572864,145.592538133,0.071090107,0.067786192,0.075526478,1
warmup,4,4,nb,0,2048,1572864,145.909779219,0.071245009,0.068002183,0.077212146,1
warmup,5,5,nb,0,2048,1572864,145.370831220,0.070981851,0.067822419,0.075250649,1
warmup,6,6,nb,0,2048,1572864,145.805693414,0.071194186,0.067778728,0.077063396,1
warmup,7,7,nb,0,2048,1572864,146.165018642,0.071369638,0.067737662,0.077027940,1
warmup,8,8,nb,0,2048,1572864,146.381843706,0.071475510,0.067791502,0.076832822,1
warmup,9,9,nb,0,2048,1572864,145.908615902,0.071244441,0.067615735,0.075605737,1
warmup,10,10,nb,0,2048,1572864,146.169505845,0.071371829,0.067582695,0.077198871,1
warmup,11,11,nb,0,2048,1572864,146.264703705,0.071418312,0.067702677,0.077218518,1
warmup,12,12,nb,0,2048,1572864,145.718598298,0.071151659,0.067728335,0.076451856,1
warmup,13,13,nb,0,2048,1572864,145.938607569,0.071259086,0.067700483,0.077330589,1
warmup,14,14,nb,0,2048,1572864,145.749342749,0.071166671,0.067950136,0.076475722,1
warmup,15,15,nb,0,2048,1572864,145.507407826,0.071048539,0.067744686,0.075909388,1
warmup,16,16,nb,0,2048,1572864,145.434110004,0.071012749,0.067703639,0.074857679,1
warmup,17,17,nb,0,2048,1572864,145.715623852,0.071150207,0.067719869,0.076259215,1
warmup,18,18,nb,0,2048,1572864,145.984270990,0.071281382,0.067693339,0.076861286,1
warmup,19,19,nb,0,2048,1572864,145.979856405,0.071279227,0.067769701,0.077212016,1
warmup,20,20,nb,0,2048,1572864,145.746112361,0.071165094,0.067692458,0.076961494,1
warmup,21,21,nb,0,2048,1572864,145.823228993,0.071202749,0.067632176,0.076976863,1
warmup,22,22,nb,0,2048,1572864,146.065940442,0.071321260,0.067747349,0.076904989,1
warmup,23,23,nb,0,2048,1572864,145.706896252,0.071145945,0.067621035,0.076784142,1
warmup,24,24,nb,0,2048,1572864,145.630391082,0.071108589,0.067612769,0.076898897,1
warmup,25,25,nb,0,2048,1572864,145.880152519,0.071230543,0.067744715,0.075497503,1
warmup,26,26,nb,0,2048,1572864,145.613161344,0.071100176,0.067880497,0.075124743,1
warmup,27,27,nb,0,2048,1572864,145.752099386,0.071168017,0.067625784,0.077094194,1
warmup,28,28,nb,0,2048,1572864,145.743763335,0.071163947,0.067755485,0.076930045,1
warmup,29,29,nb,0,2048,1572864,145.790361749,0.071186700,0.067545095,0.076907843,1
warmup,30,30,nb,0,2048,1572864,145.532470334,0.071060777,0.067818632,0.077095687,1
warmup,31,31,nb,0,2048,1572864,145.520795396,0.071055076,0.067777084,0.076210052,1
warmup,32,32,nb,0,2048,1572864,145.750371497,0.071167174,0.067619873,0.076739297,1
warmup,33,33,nb,0,2048,1572864,145.588934288,0.071088347,0.067617789,0.076021187,1
warmup,34,34,nb,0,2048,1572864,145.401154038,0.070996657,0.067730128,0.077001210,1
warmup,35,35,nb,0,2048,1572864,145.566686382,0.071077484,0.068021890,0.075250019,1
warmup,36,36,nb,0,2048,1572864,145.699328992,0.071142250,0.067799987,0.077175597,1
warmup,37,37,nb,0,2048,1572864,145.912173031,0.071246178,0.067906616,0.076794210,1
warmup,38,38,nb,0,2048,1572864,145.692006584,0.071138675,0.067828350,0.077248003,1
warmup,39,39,nb,0,2048,1572864,145.608616319,0.071097957,0.067657383,0.076881304,1
warmup,40,40,nb,0,2048,1572864,145.881403695,0.071231154,0.067898720,0.076969489,1
warmup,41,41,nb,0,2048,1572864,145.850991296,0.071216304,0.067971235,0.076782308,1
warmup,42,42,nb,0,2048,1572864,146.266561326,0.071419219,0.067973565,0.077036626,1
warmup,43,43,nb,0,2048,1572864,145.589311908,0.071088531,0.067844971,0.076979919,1
warmup,44,44,nb,0,2048,1572864,145.889266909,0.071234994,0.067953092,0.076152584,1
warmup,45,45,nb,0,2048,1572864,145.789422059,0.071186241,0.067790781,0.076797026,1
warmup,46,46,nb,0,2048,1572864,145.714426790,0.071149622,0.067848558,0.076108041,1
warmup,47,47,nb,0,2048,1572864,145.632335727,0.071109539,0.067820195,0.077012731,1
warmup,48,48,nb,0,2048,1572864,145.792619521,0.071187803,0.067568788,0.076959430,1
warmup,49,49,nb,0,2048,1572864,145.877742289,0.071229366,0.067854509,0.076873138,1
actual,0,50,nb,0,2048,1572864,145.792427929,0.071187709,0.067733935,0.076964219,1
actual,1,51,nb,0,2048,1572864,145.956958281,0.071268046,0.067753331,0.076977205,1
actual,2,52,nb,0,2048,1572864,145.881362548,0.071231134,0.067843168,0.077362519,1
actual,3,53,nb,0,2048,1572864,145.687505847,0.071136477,0.067699521,0.075773532,1
actual,4,54,nb,0,2048,1572864,145.201364921,0.070899104,0.067760605,0.075561273,1
actual,5,55,nb,0,2048,1572864,145.730470569,0.071157456,0.067813393,0.076895902,1
actual,6,56,nb,0,2048,1572864,145.686177705,0.071135829,0.067904602,0.075588935,1
actual,7,57,nb,0,2048,1572864,145.742437137,0.071163299,0.067857264,0.076670218,1
actual,8,58,nb,0,2048,1572864,145.744813778,0.071164460,0.067942223,0.077149858,1
actual,9,59,nb,0,2048,1572864,145.892255538,0.071236453,0.067695614,0.077241250,1
actual,10,60,nb,0,2048,1572864,145.780642170,0.071181954,0.067958602,0.077250027,1
actual,11,61,nb,0,2048,1572864,145.721144639,0.071152903,0.067789529,0.077285023,1
actual,12,62,nb,0,2048,1572864,145.977831638,0.071278238,0.067593384,0.077356838,1
actual,13,63,nb,0,2048,1572864,145.764627478,0.071174135,0.067701586,0.076889339,1
actual,14,64,nb,0,2048,1572864,145.323110142,0.070958550,0.067710872,0.074921038,1
actual,15,65,nb,0,2048,1572864,145.374679986,0.070983730,0.067733204,0.076746822,1
actual,16,66,nb,0,2048,1572864,145.730482262,0.071157462,0.067789869,0.076657503,1
actual,17,67,nb,0,2048,1572864,145.812254783,0.071197390,0.067660638,0.076328405,1
actual,18,68,nb,0,2048,1572864,145.691721528,0.071138536,0.067733014,0.077136564,1
actual,19,69,nb,0,2048,1572864,145.337063658,0.070965363,0.067802372,0.076838453,1
actual,20,70,nb,0,2048,1572864,145.989604618,0.071283987,0.067868085,0.076946046,1
actual,21,71,nb,0,2048,1572864,146.107171768,0.071341392,0.067803975,0.077224964,1
actual,22,72,nb,0,2048,1572864,146.056258432,0.071316532,0.067625614,0.076986050,1
actual,23,73,nb,0,2048,1572864,145.999204200,0.071288674,0.067823342,0.076866278,1
actual,24,74,nb,0,2048,1572864,145.927233041,0.071253532,0.067959444,0.077207287,1
actual,25,75,nb,0,2048,1572864,145.467631048,0.071029117,0.067691346,0.076691237,1
actual,26,76,nb,0,2048,1572864,145.697349052,0.071141284,0.067902828,0.077024703,1
actual,27,77,nb,0,2048,1572864,145.980609962,0.071279595,0.067687719,0.076760827,1
actual,28,78,nb,0,2048,1572864,145.486234869,0.071038201,0.067683701,0.076756970,1
actual,29,79,nb,0,2048,1572864,145.638713784,0.071112653,0.067642165,0.075231884,1
actual,30,80,nb,0,2048,1572864,145.704036018,0.071144549,0.067852185,0.076471213,1
actual,31,81,nb,0,2048,1572864,145.460912196,0.071025836,0.067852966,0.076956426,1
actual,32,82,nb,0,2048,1572864,146.128222224,0.071351671,0.067646474,0.076378889,1
actual,33,83,nb,0,2048,1572864,145.195592788,0.070896286,0.067845091,0.074845006,1
actual,34,84,nb,0,2048,1572864,145.596086297,0.071091839,0.067665218,0.076836250,1
actual,35,85,nb,0,2048,1572864,145.583349604,0.071085620,0.067674064,0.076803137,1
actual,36,86,nb,0,2048,1572864,145.437033075,0.071014176,0.067769871,0.077157052,1
actual,37,87,nb,0,2048,1572864,145.419072217,0.071005406,0.067798396,0.077265436,1
actual,38,88,nb,0,2048,1572864,145.515287003,0.071052386,0.067758190,0.076720101,1
actual,39,89,nb,0,2048,1572864,145.269278435,0.070932265,0.067762548,0.074869712,1
actual,40,90,nb,0,2048,1572864,145.561808583,0.071075102,0.067932694,0.075387065,1
actual,41,91,nb,0,2048,1572864,145.841836392,0.071211834,0.067757358,0.076952658,1
actual,42,92,nb,0,2048,1572864,145.660050706,0.071123072,0.067911656,0.076975451,1
actual,43,93,nb,0,2048,1572864,145.400080252,0.070996133,0.067647985,0.077020565,1
actual,44,94,nb,0,2048,1572864,145.745994566,0.071165036,0.067704511,0.076617068,1
actual,45,95,nb,0,2048,1572864,145.769952312,0.071176735,0.067685936,0.076349335,1
actual,46,96,nb,0,2048,1572864,145.764643176,0.071174142,0.067774911,0.075781337,1
actual,47,97,nb,0,2048,1572864,146.222676418,0.071397791,0.067951775,0.076716945,1
actual,48,98,nb,0,2048,1572864,146.307780389,0.071439346,0.068185133,0.077100246,1
actual,49,99,nb,0,2048,1572864,146.316418356,0.071443564,0.068019622,0.076989647,1
warmup,0,0,nb,0,2048,2097152,182.639235051,0.089179314,0.083913032,0.095062796,1
warmup,1,1,nb,0,2048,2097152,182.587576749,0.089154090,0.083919044,0.095001321,1
warmup,2,2,nb,0,2048,2097152,182.411154097,0.089067946,0.083819046,0.094872578,1
warmup,3,3,nb,0,2048,2097152,182.381730146,0.089053579,0.083749184,0.094921851,1
warmup,4,4,nb,0,2048,2097152,182.334535500,0.089030535,0.084125573,0.095251532,1
warmup,5,5,nb,0,2048,2097152,182.100686207,0.088916351,0.084184173,0.094961456,1
warmup,6,6,nb,0,2048,2097152,181.927866612,0.088831966,0.083732982,0.094853673,1
warmup,7,7,nb,0,2048,2097152,182.024984935,0.088879387,0.083878908,0.095118021,1
warmup,8,8,nb,0,2048,2097152,181.836557301,0.088787381,0.083865072,0.094964631,1
warmup,9,9,nb,0,2048,2097152,181.845569022,0.088791782,0.083816310,0.094872448,1
warmup,10,10,nb,0,2048,2097152,181.724224017,0.088732531,0.083593411,0.094785755,1
warmup,11,11,nb,0,2048,2097152,182.231999775,0.088980469,0.084030444,0.095222778,1
warmup,12,12,nb,0,2048,2097152,182.708953834,0.089213356,0.084343048,0.097356817,1
warmup,13,13,nb,0,2048,2097152,181.947361541,0.088841485,0.084019724,0.095150371,1
warmup,14,14,nb,0,2048,2097152,181.919135526,0.088827703,0.083707605,0.094807416,1
warmup,15,15,nb,0,2048,2097152,181.755159354,0.088747636,0.083561379,0.094645962,1
warmup,16,16,nb,0,2048,2097152,181.875750922,0.088806519,0.084027147,0.095124613,1
warmup,17,17,nb,0,2048,2097152,181.751520081,0.088745859,0.083700773,0.094815440,1
warmup,18,18,nb,0,2048,2097152,181.968870647,0.088851988,0.084002722,0.094998245,1
warmup,19,19,nb,0,2048,2097152,181.793482173,0.088766349,0.083841357,0.094927641,1
warmup,20,20,nb,0,2048,2097152,181.862691900,0.088800143,0.083804828,0.094983177,1
warmup,21,21,nb,0,2048,2097152,181.910021410,0.088823253,0.084135241,0.095267583,1
warmup,22,22,nb,0,2048,2097152,181.891161870,0.088814044,0.084004785,0.095109224,1
warmup,23,23,nb,0,2048,2097152,181.909141146,0.088822823,0.084050883,0.095184436,1
warmup,24,24,nb,0,2048,2097152,181.802902976,0.088770949,0.083806312,0.094942480,1
warmup,25,25,nb,0,2048,2097152,181.748765574,0.088744514,0.083767889,0.094876917,1
warmup,26,26,nb,0,2048,2097152,181.887096107,0.088812059,0.083745025,0.094859714,1
warmup,27,27,nb,0,2048,2097152,181.828796346,0.088783592,0.083861746,0.094980201,1
warmup,28,28,nb,0,2048,2097152,181.894825653,0.088815833,0.083884067,0.095065892,1
warmup,29,29,nb,0,2048,2097152,182.339109142,0.089032768,0.084334717,0.095460285,1
warmup,30,30,nb,0,2048,2097152,181.979430025,0.088857144,0.083836699,0.094961586,1
warmup,31,31,nb,0,2048,2097152,181.824684922,0.088781584,0.083740096,0.094831070,1
warmup,32,32,nb,0,2048,2097152,181.809695617,0.088774265,0.083905167,0.095035616,1
warmup,33,33,nb,0,2048,2097152,181.961679603,0.088848476,0.084204061,0.095378791,1
warmup,34,34,nb,0,2048,2097152,182.025417370,0.088879598,0.083944471,0.095046636,1
warmup,35,35,nb,0,2048,2097152,182.325652931,0.089026198,0.083881302,0.095005098,1
warmup,36,36,nb,0,2048,2097152,181.965188861,0.088850190,0.083789109,0.094960173,1
warmup,37,37,nb,0,2048,2097152,181.906203554,0.088821388,0.084012440,0.095327986,1
warmup,38,38,nb,0,2048,2097152,181.821363759,0.088779963,0.083936848,0.095052487,1
warmup,39,39,nb,0,2048,2097152,182.185906910,0.088957962,0.084373785,0.096045677,1
warmup,40,40,nb,0,2048,2097152,181.913605996,0.088825003,0.083915677,0.095026468,1
warmup,41,41,nb,0,2048,2097152,181.918955631,0.088827615,0.083791454,0.094925488,1
warmup,42,42,nb,0,2048,2097152,181.928301793,0.088832179,0.083827893,0.094969321,1
warmup,43,43,nb,0,2048,2097152,181.944337544,0.088840009,0.083878338,0.094982175,1
warmup,44,44,nb,0,2048,2097152,181.937206560,0.088836527,0.083851787,0.095018072,1
warmup,45,45,nb,0,2048,2097152,181.909242881,0.088822873,0.083997722,0.095140193,1
warmup,46,46,nb,0,2048,2097152,182.153405105,0.088942092,0.084072383,0.095168616,1
warmup,47,47,nb,0,2048,2097152,181.977120261,0.088856016,0.083841377,0.094936108,1
warmup,48,48,nb,0,2048,2097152,181.783959989,0.088761699,0.084066031,0.095199534,1
warmup,49,49,nb,0,2048,2097152,183.294190274,0.089499116,0.083893396,0.097514583,1
actual,0,50,nb,0,2048,2097152,182.069439066,0.088901093,0.083909405,0.094987545,1
actual,1,51,nb,0,2048,2097152,181.902080679,0.088819375,0.083673631,0.094765566,1
actual,2,52,nb,0,2048,2097152,181.939556248,0.088837674,0.083774722,0.094834917,1
actual,3,53,nb,0,2048,2097152,181.845024288,0.088791516,0.083831418,0.094960464,1
actual,4,54,nb,0,2048,2097152,181.950686927,0.088843109,0.084156220,0.095294944,1
actual,5,55,nb,0,2048,2097152,181.937820621,0.088836826,0.084072954,0.095247995,1
actual,6,56,nb,0,2048,2097152,182.003064988,0.088868684,0.083928452,0.095049902,1
actual,7,57,nb,0,2048,2097152,181.986497252,0.088860594,0.084041715,0.095172643,1
actual,8,58,nb,0,2048,2097152,181.868453342,0.088802956,0.084047796,0.095207840,1
actual,9,59,nb,0,2048,2097152,182.039385338,0.088886419,0.084136623,0.095305474,1
actual,10,60,nb,0,2048,2097152,181.949200020,0.088842383,0.084002131,0.095079909,1
actual,11,61,nb,0,2048,2097152,181.905020821,0.088820811,0.083701324,0.094870715,1
actual,12,62,nb,0,2048,2097152,181.900234674,0.088818474,0.083805390,0.094861838,1
actual,13,63,nb,0,2048,2097152,181.931432393,0.088833707,0.083884519,0.094985130,1
actual,14,64,nb,0,2048,2097152,181.952373942,0.088843933,0.083884438,0.095043821,1
actual,15,65,nb,0,2048,2097152,181.798743860,0.088768918,0.083888817,0.094996171,1
actual,16,66,nb,0,2048,2097152,181.898731311,0.088817740,0.083694852,0.094832292,1
actual,17,67,nb,0,2048,2097152,181.953860678,0.088844659,0.083853561,0.094963290,1
actual,18,68,nb,0,2048,2097152,182.077309664,0.088904936,0.084079646,0.095401705,1
actual,19,69,nb,0,2048,2097152,182.179611424,0.088954888,0.084187467,0.096310046,1
actual,20,70,nb,0,2048,2097152,182.226154549,0.088977615,0.084209478,0.095630806,1
actual,21,71,nb,0,2048,2097152,182.054956267,0.088894022,0.084280251,0.096140676,1
actual,22,72,nb,0,2048,2097152,182.191898407,0.088960888,0.084586431,0.095828318,1
actual,23,73,nb,0,2048,2097152,182.123582118,0.088927530,0.084076519,0.095694746,1
actual,24,74,nb,0,2048,2097152,182.105101913,0.088918507,0.084383509,0.095559992,1
actual,25,75,nb,0,2048,2097152,182.083951791,0.088908180,0.084281136,0.095557909,1
actual,26,76,nb,0,2048,2097152,182.257235550,0.088992791,0.084320260,0.095652808,1
actual,27,77,nb,0,2048,2097152,182.117628092,0.088924623,0.084478349,0.095793603,1
actual,28,78,nb,0,2048,2097152,182.130893813,0.088931100,0.084346534,0.095801368,1
actual,29,79,nb,0,2048,2097152,182.143400092,0.088937207,0.084293319,0.095561957,1
actual,30,80,nb,0,2048,2097152,182.569575657,0.089145301,0.084433975,0.095716287,1
actual,31,81,nb,0,2048,2097152,182.214633097,0.088971989,0.084276333,0.095825804,1
actual,32,82,nb,0,2048,2097152,182.349770062,0.089037974,0.084344325,0.095582235,1
actual,33,83,nb,0,2048,2097152,182.120006895,0.088925785,0.084338990,0.095650584,1
actual,34,84,nb,0,2048,2097152,181.996420806,0.088865440,0.084197987,0.095558109,1
actual,35,85,nb,0,2048,2097152,181.983998888,0.088859374,0.084188291,0.095456658,1
actual,36,86,nb,0,2048,2097152,182.040909957,0.088887163,0.084282194,0.095659961,1
actual,37,87,nb,0,2048,2097152,182.070183087,0.088901457,0.084144086,0.095705988,1
actual,38,88,nb,0,2048,2097152,182.226040463,0.088977559,0.084494501,0.095908008,1
actual,39,89,nb,0,2048,2097152,182.153961609,0.088942364,0.084420960,0.095660983,1
actual,40,90,nb,0,2048,2097152,182.221258160,0.088975224,0.084218545,0.095671903,1
actual,41,91,nb,0,2048,2097152,182.071662059,0.088902179,0.084380534,0.095642077,1
actual,42,92,nb,0,2048,2097152,182.280121228,0.089003965,0.084451290,0.095862042,1
actual,43,93,nb,0,2048,2097152,182.284982795,0.089006339,0.084412538,0.095717650,1
actual,44,94,nb,0,2048,2097152,182.259873624,0.088994079,0.084386950,0.095783324,1
actual,45,95,nb,0,2048,2097152,182.263429683,0.088995815,0.084032127,0.095837655,1
actual,46,96,nb,0,2048,2097152,182.230970038,0.088979966,0.084221161,0.095618864,1
actual,47,97,nb,0,2048,2097152,182.195524722,0.088962659,0.084465908,0.096048383,1
actual,48,98,nb,0,2048,2097152,182.135969662,0.088933579,0.084331497,0.095921544,1
actual,49,99,nb,0,2048,2097152,182.326610900,0.089026665,0.084082351,0.095811937,1
warmup,0,0,nb,0,2048,3145728,171.596520818,0.083787364,0.078632029,0.091276056,1
warmup,1,1,nb,0,2048,3145728,171.321317985,0.083652987,0.078710313,0.090701775,1
warmup,2,2,nb,0,2048,3145728,171.284290679,0.083634908,0.078766482,0.090642131,1
warmup,3,3,nb,0,2048,3145728,171.108155132,0.083548904,0.078517816,0.090793517,1
warmup,4,4,nb,0,2048,3145728,171.392401171,0.083687696,0.078644423,0.090983576,1
warmup,5,5,nb,0,2048,3145728,171.572533642,0.083775651,0.078583990,0.091331621,1
warmup,6,6,nb,0,2048,3145728,171.357423126,0.083670617,0.078844657,0.090590524,1
warmup,7,7,nb,0,2048,3145728,171.338386708,0.083661322,0.078472423,0.090711775,1
warmup,8,8,nb,0,2048,3145728,171.231057831,0.083608915,0.078704414,0.090467592,1
warmup,9,9,nb,0,2048,3145728,171.110607983,0.083550102,0.078542242,0.090719819,1
warmup,10,10,nb,0,2048,3145728,171.331657318,0.083658036,0.078626168,0.090952597,1
warmup,11,11,nb,0,2048,3145728,171.264967240,0.083625472,0.078510181,0.090659265,1
warmup,12,12,nb,0,2048,3145728,171.199700858,0.083593604,0.078831614,0.090649467,1
warmup,13,13,nb,0,2048,3145728,171.409315654,0.083695955,0.078510613,0.090524800,1
warmup,14,14,nb,0,2048,3145728,171.336236474,0.083660272,0.078603807,0.090430496,1
warmup,15,15,nb,0,2048,3145728,171.114569748,0.083552036,0.078516364,0.090879180,1
warmup,16,16,nb,0,2048,3145728,171.255745430,0.083620969,0.078524038,0.090488673,1
warmup,17,17,nb,0,2048,3145728,171.226403079,0.083606642,0.078725052,0.090606627,1
warmup,18,18,nb,0,2048,3145728,171.266268347,0.083626108,0.078674529,0.090714159,1
warmup,19,19,nb,0,2048,3145728,171.611548278,0.083794701,0.078906268,0.090878958,1
warmup,20,20,nb,0,2048,3145728,171.218602723,0.083602833,0.078500823,0.090607478,1
warmup,21,21,nb,0,2048,3145728,171.238893770,0.083612741,0.078696761,0.090729728,1
warmup,22,22,nb,0,2048,3145728,171.385723736,0.083684435,0.078789341,0.090950953,1
warmup,23,23,nb,0,2048,3145728,171.161656992,0.083575028,0.078467062,0.090683681,1
warmup,24,24,nb,0,2048,3145728,171.284445219,0.083634983,0.078604118,0.090546333,1
warmup,25,25,nb,0,2048,3145728,171.215006191,0.083601077,0.078727996,0.090600084,1
warmup,26,26,nb,0,2048,3145728,171.247194008,0.083616794,0.078413667,0.090529301,1
warmup,27,27,nb,0,2048,3145728,171.292267741,0.083638803,0.078575453,0.090964259,1
warmup,28,28,nb,0,2048,3145728,171.321416580,0.083653035,0.078782142,0.090638597,1
warmup,29,29,nb,0,2048,3145728,171.136675842,0.083562830,0.078525140,0.090910127,1
warmup,30,30,nb,0,2048,3145728,171.085059876,0.083537627,0.078433016,0.090588192,1
warmup,31,31,nb,0,2048,3145728,171.278318203,0.083631991,0.078536598,0.090881163,1
warmup,32,32,nb,0,2048,3145728,171.291844894,0.083638596,0.078884488,0.090754332,1
warmup,33,33,nb,0,2048,3145728,171.231153776,0.083608962,0.078582755,0.090781754,1
warmup,34,34,nb,0,2048,3145728,171.135383126,0.083562199,0.078676972,0.090639057,1
warmup,35,35,nb,0,2048,3145728,171.610475712,0.083794178,0.078756450,0.090801262,1
warmup,36,36,nb,0,2048,3145728,171.301722969,0.083643419,0.078583479,0.090693070,1
warmup,37,37,nb,0,2048,3145728,171.161955066,0.083575173,0.078743025,0.090638637,1
warmup,38,38,nb,0,2048,3145728,171.257178534,0.083621669,0.078817172,0.090619050,1
warmup,39,39,nb,0,2048,3145728,171.163540156,0.083575947,0.078718580,0.090806693,1
warmup,40,40,nb,0,2048,3145728,171.095963952,0.083542951,0.078458271,0.090435332,1
warmup,41,41,nb,0,2048,3145728,171.279117964,0.083632382,0.078523296,0.090778929,1
warmup,42,42,nb,0,2048,3145728,171.215294127,0.083601218,0.078525127,0.090928802,1
warmup,43,43,nb,0,2048,3145728,171.354059864,0.083668975,0.078561138,0.091114913,1
warmup,44,44,nb,0,2048,3145728,171.144802058,0.083566798,0.078430672,0.090384897,1
warmup,45,45,nb,0,2048,3145728,171.152472178,0.083570543,0.078547522,0.090998504,1
warmup,46,46,nb,0,2048,3145728,171.181884445,0.083584905,0.078401004,0.090575709,1
warmup,47,47,nb,0,2048,3145728,171.343433059,0.083663786,0.078597725,0.090863460,1
warmup,48,48,nb,0,2048,3145728,171.229239144,0.083608027,0.078510210,0.090783960,1
warmup,49,49,nb,0,2048,3145728,172.210774861,0.084087292,0.078713680,0.090804048,1
actual,0,50,nb,0,2048,3145728,172.233335994,0.084098309,0.078490976,0.091419997,1
actual,1,51,nb,0,2048,3145728,171.102293431,0.083546042,0.078697661,0.090771196,1
actual,2,52,nb,0,2048,3145728,171.146033695,0.083567399,0.078501872,0.090763322,1
actual,3,53,nb,0,2048,3145728,171.446513059,0.083714118,0.078718752,0.090808516,1
actual,4,54,nb,0,2048,3145728,171.255033409,0.083620622,0.078552871,0.090805351,1
actual,5,55,nb,0,2048,3145728,171.121502804,0.083555421,0.078643521,0.090900259,1
actual,6,56,nb,0,2048,3145728,171.356094037,0.083669968,0.078659149,0.090473135,1
actual,7,57,nb,0,2048,3145728,171.457886420,0.083719671,0.078530919,0.090864742,1
actual,8,58,nb,0,2048,3145728,171.109668616,0.083549643,0.078284534,0.090788699,1
actual,9,59,nb,0,2048,3145728,171.221515721,0.083604256,0.078395961,0.091141512,1
actual,10,60,nb,0,2048,3145728,171.187936681,0.083587860,0.078553660,0.090597048,1
actual,11,61,nb,0,2048,3145728,171.436011415,0.083708990,0.078595942,0.091127246,1
actual,12,62,nb,0,2048,3145728,171.441106133,0.083711478,0.078495526,0.090799119,1
actual,13,63,nb,0,2048,3145728,171.492976834,0.083736805,0.078557770,0.090783249,1
actual,14,64,nb,0,2048,3145728,171.205341870,0.083596358,0.078335333,0.091184955,1
actual,15,65,nb,0,2048,3145728,171.392222969,0.083687609,0.078616490,0.090697167,1
actual,16,66,nb,0,2048,3145728,171.325410852,0.083654986,0.078585643,0.091215712,1
actual,17,67,nb,0,2048,3145728,171.045294858,0.083518210,0.078486715,0.090783659,1
actual,18,68,nb,0,2048,3145728,171.306428634,0.083645717,0.078766099,0.090573694,1
actual,19,69,nb,0,2048,3145728,171.192420514,0.083590049,0.078455285,0.090883939,1
actual,20,70,nb,0,2048,3145728,172.045586374,0.084006634,0.078662005,0.090829757,1
actual,21,71,nb,0,2048,3145728,171.409654967,0.083696121,0.078667566,0.090860515,1
actual,22,72,nb,0,2048,3145728,171.170603111,0.083579396,0.078500492,0.090471873,1
actual,23,73,nb,0,2048,3145728,171.147411683,0.083568072,0.078566064,0.090614261,1
actual,24,74,nb,0,2048,3145728,171.126706493,0.083557962,0.078499451,0.090347890,1
actual,25,75,nb,0,2048,3145728,171.256089516,0.083621137,0.078638450,0.090696836,1
actual,26,76,nb,0,2048,3145728,171.323695717,0.083654148,0.078629183,0.090931538,1
actual,27,77,nb,0,2048,3145728,171.336532568,0.083660416,0.078532103,0.090936317,1
actual,28,78,nb,0,2048,3145728,171.313406265,0.083649124,0.078840679,0.090637174,1
actual,29,79,nb,0,2048,3145728,171.396338710,0.083689619,0.078521873,0.090937118,1
actual,30,80,nb,0,2048,3145728,171.304120054,0.083644590,0.078532734,0.091418193,1
actual,31,81,nb,0,2048,3145728,171.166787218,0.083577533,0.078537452,0.090670657,1
actual,32,82,nb,0,2048,3145728,171.493759185,0.083737187,0.078504027,0.091271738,1
actual,33,83,nb,0,2048,3145728,171.038624479,0.083514953,0.078589300,0.090457797,1
actual,34,84,nb,0,2048,3145728,171.157133237,0.083572819,0.078709392,0.090704250,1
actual,35,85,nb,0,2048,3145728,171.054344664,0.083522629,0.078562389,0.090793067,1
actual,36,86,nb,0,2048,3145728,171.122502840,0.083555910,0.078783741,0.090666760,1
actual,37,87,nb,0,2048,3145728,171.294175619,0.083639734,0.078621009,0.090883297,1
actual,38,88,nb,0,2048,3145728,171.290388405,0.083637885,0.078561719,0.090821601,1
actual,39,89,nb,0,2048,3145728,171.130655369,0.083559890,0.078733046,0.090558653,1
actual,40,90,nb,0,2048,3145728,171.115681234,0.083552579,0.078476420,0.090434693,1
actual,41,91,nb,0,2048,3145728,171.298336382,0.083641766,0.078647659,0.090707597,1
actual,42,92,nb,0,2048,3145728,171.093184845,0.083541594,0.078659089,0.090745515,1
actual,43,93,nb,0,2048,3145728,171.458879047,0.083720156,0.078750956,0.090686895,1
actual,44,94,nb,0,2048,3145728,171.485379213,0.083733095,0.078502590,0.091071269,1
actual,45,95,nb,0,2048,3145728,171.212966506,0.083600081,0.078685347,0.090617878,1
actual,46,96,nb,0,2048,3145728,171.872868905,0.083922299,0.078495196,0.090976711,1
actual,47,97,nb,0,2048,3145728,171.134232640,0.083561637,0.078521686,0.090644979,1
actual,48,98,nb,0,2048,3145728,171.328999721,0.083656738,0.078586101,0.090985980,1
actual,49,99,nb,0,2048,3145728,171.353716516,0.083668807,0.078616301,0.090679842,1
warmup,0,0,nb,0,2048,4194304,173.249626199,0.084594544,0.079141376,0.092360135,1
warmup,1,1,nb,0,2048,4194304,172.940907028,0.084443802,0.079034055,0.092429756,1
warmup,2,2,nb,0,2048,4194304,173.251949504,0.084595678,0.079095502,0.092328205,1
warmup,3,3,nb,0,2048,4194304,173.157481915,0.084549552,0.078887591,0.091856618,1
warmup,4,4,nb,0,2048,4194304,173.114586248,0.084528607,0.078919200,0.092492514,1
warmup,5,5,nb,0,2048,4194304,173.109051276,0.084525904,0.078964288,0.092220152,1
warmup,6,6,nb,0,2048,4194304,173.265556976,0.084602323,0.078939492,0.092032559,1
warmup,7,7,nb,0,2048,4194304,173.073553565,0.084508571,0.079007548,0.092036136,1
warmup,8,8,nb,0,2048,4194304,173.119321160,0.084530919,0.079126569,0.092226033,1
warmup,9,9,nb,0,2048,4194304,173.048257661,0.084496220,0.078923938,0.092020787,1
warmup,10,10,nb,0,2048,4194304,173.237653469,0.084588698,0.079105800,0.092034864,1
warmup,11,11,nb,0,2048,4194304,173.251849144,0.084595629,0.078814760,0.092150051,1
warmup,12,12,nb,0,2048,4194304,173.203317926,0.084571933,0.079005634,0.092182521,1
warmup,13,13,nb,0,2048,4194304,173.050338838,0.084497236,0.078881063,0.092144420,1
warmup,14,14,nb,0,2048,4194304,172.986265066,0.084465950,0.079070324,0.092100627,1
warmup,15,15,nb,0,2048,4194304,172.829052172,0.084389186,0.078914255,0.091676208,1
warmup,16,16,nb,0,2048,4194304,173.086207216,0.084514750,0.078951150,0.091940155,1
warmup,17,17,nb,0,2048,4194304,173.011005980,0.084478030,0.078801997,0.092312696,1
warmup,18,18,nb,0,2048,4194304,173.240841245,0.084590255,0.079157975,0.091835769,1
warmup,19,19,nb,0,2048,4194304,172.883165107,0.084415608,0.078852575,0.092254657,1
warmup,20,20,nb,0,2048,4194304,173.008608775,0.084476860,0.079083679,0.091905330,1
warmup,21,21,nb,0,2048,4194304,173.159147291,0.084550365,0.078891863,0.092059540,1
warmup,22,22,nb,0,2048,4194304,173.212272610,0.084576305,0.079009001,0.092584890,1
warmup,23,23,nb,0,2048,4194304,173.338090326,0.084637739,0.078805673,0.091893658,1
warmup,24,24,nb,0,2048,4194304,173.137802721,0.084539943,0.078916348,0.092009766,1
warmup,25,25,nb,0,2048,4194304,172.957029853,0.084451675,0.078740482,0.092178253,1
warmup,26,26,nb,0,2048,4194304,172.892140605,0.084419991,0.078901761,0.091912062,1
warmup,27,27,nb,0,2048,4194304,172.684858295,0.084318778,0.078871215,0.092144320,1
warmup,28,28,nb,0,2048,4194304,172.707620663,0.084329893,0.078841920,0.092117018,1
warmup,29,29,nb,0,2048,4194304,173.048794971,0.084496482,0.078834718,0.092286299,1
warmup,30,30,nb,0,2048,4194304,172.990220169,0.084467881,0.078885441,0.092014314,1
warmup,31,31,nb,0,2048,4194304,172.879894232,0.084414011,0.079338773,0.092194524,1
warmup,32,32,nb,0,2048,4194304,173.039720538,0.084492051,0.078990516,0.092386736,1
warmup,33,33,nb,0,2048,4194304,173.153157119,0.084547440,0.078906265,0.092166861,1
warmup,34,34,nb,0,2048,4194304,173.196513122,0.084568610,0.078885492,0.092440407,1
warmup,35,35,nb,0,2048,4194304,173.134171184,0.084538170,0.078958707,0.092286076,1
warmup,36,36,nb,0,2048,4194304,173.080748543,0.084512084,0.078972633,0.091878499,1
warmup,37,37,nb,0,2048,4194304,173.008634571,0.084476872,0.078903525,0.092367609,1
warmup,38,38,nb,0,2048,4194304,173.258964635,0.084599104,0.078918782,0.092373100,1
warmup,39,39,nb,0,2048,4194304,172.834060009,0.084391631,0.078875263,0.092064148,1
warmup,40,40,nb,0,2048,4194304,172.846229448,0.084397573,0.078864002,0.092172131,1
warmup,41,41,nb,0,2048,4194304,172.971827295,0.084458900,0.078945433,0.092527571,1
warmup,42,42,nb,0,2048,4194304,173.132020240,0.084537119,0.078854143,0.092360826,1
warmup,43,43,nb,0,2048,4194304,172.854367485,0.084401547,0.079005645,0.092143788,1
warmup,44,44,nb,0,2048,4194304,173.059403571,0.084501662,0.078886323,0.092183764,1
warmup,45,45,nb,0,2048,4194304,173.075703877,0.084509621,0.078756933,0.092248715,1
warmup,46,46,nb,0,2048,4194304,173.195973601,0.084568346,0.079077047,0.092677863,1
warmup,47,47,nb,0,2048,4194304,173.156098270,0.084548876,0.078902944,0.091809319,1
warmup,48,48,nb,0,2048,4194304,173.071909287,0.084507768,0.078942272,0.092374833,1
warmup,49,49,nb,0,2048,4194304,172.877803349,0.084412990,0.078814930,0.091936498,1
actual,0,50,nb,0,2048,4194304,173.178521285,0.084559825,0.078975048,0.092105466,1
actual,1,51,nb,0,2048,4194304,172.785032256,0.084367692,0.078749388,0.091948210,1
actual,2,52,nb,0,2048,4194304,172.979083315,0.084462443,0.078974694,0.091817044,1
actual,3,53,nb,0,2048,4194304,173.009529624,0.084477309,0.079059001,0.092023322,1
actual,4,54,nb,0,2048,4194304,173.041780607,0.084493057,0.078990326,0.091997114,1
actual,5,55,nb,0,2048,4194304,172.957896520,0.084452098,0.078826793,0.091848543,1
actual,6,56,nb,0,2048,4194304,173.561503675,0.084746828,0.079003060,0.092411843,1
actual,7,57,nb,0,2048,4194304,173.417979889,0.084676748,0.078898586,0.092163005,1
actual,8,58,nb,0,2048,4194304,173.742397119,0.084835155,0.079035959,0.092189655,1
actual,9,59,nb,0,2048,4194304,173.242772071,0.084591197,0.078969507,0.091969974,1
actual,10,60,nb,0,2048,4194304,173.690431785,0.084809781,0.078837176,0.092314019,1
actual,11,61,nb,0,2048,4194304,173.839291472,0.084882467,0.079047693,0.092096661,1
actual,12,62,nb,0,2048,4194304,173.347498279,0.084642333,0.079003909,0.092103453,1
actual,13,63,nb,0,2048,4194304,173.565164050,0.084748615,0.078940554,0.093548792,1
actual,14,64,nb,0,2048,4194304,173.146432051,0.084544156,0.078838679,0.092205484,1
actual,15,65,nb,0,2048,4194304,173.081558334,0.084512480,0.078751944,0.091780797,1
actual,16,66,nb,0,2048,4194304,173.035104820,0.084489797,0.078824633,0.092489989,1
actual,17,67,nb,0,2048,4194304,173.150813390,0.084546296,0.078894828,0.092445345,1
actual,18,68,nb,0,2048,4194304,173.006901895,0.084476026,0.078904536,0.091969060,1
actual,19,69,nb,0,2048,4194304,172.997694076,0.084471530,0.078817425,0.092076291,1
actual,20,70,nb,0,2048,4194304,173.087477012,0.084515370,0.079051030,0.092377448,1
actual,21,71,nb,0,2048,4194304,173.070926208,0.084507288,0.078846909,0.092551746,1
actual,22,72,nb,0,2048,4194304,173.009190506,0.084477144,0.079152607,0.092428644,1
actual,23,73,nb,0,2048,4194304,173.151727469,0.084546742,0.079005664,0.092257963,1
actual,24,74,nb,0,2048,4194304,173.213018978,0.084576669,0.078924881,0.092329097,1
actual,25,75,nb,0,2048,4194304,172.870230076,0.084409292,0.079039818,0.091765978,1
actual,26,76,nb,0,2048,4194304,173.193471468,0.084567125,0.079099279,0.092408437,1
actual,27,77,nb,0,2048,4194304,172.856469207,0.084402573,0.078838157,0.091870474,1
actual,28,78,nb,0,2048,4194304,173.126249258,0.084534301,0.079024577,0.092097522,1
actual,29,79,nb,0,2048,4194304,173.259653251,0.084599440,0.078994784,0.092218349,1
actual,30,80,nb,0,2048,4194304,173.103898813,0.084523388,0.078767004,0.092407254,1
actual,31,81,nb,0,2048,4194304,172.958980045,0.084452627,0.078960590,0.092136225,1
actual,32,82,nb,0,2048,4194304,172.991364067,0.084468439,0.079018589,0.092165442,1
actual,33,83,nb,0,2048,4194304,172.934035141,0.084440447,0.078800127,0.092028392,1
actual,34,84,nb,0,2048,4194304,172.897276915,0.084422498,0.078989805,0.092258494,1
actual,35,85,nb,0,2048,4194304,172.747153546,0.084349196,0.078597177,0.092258985,1
actual,36,86,nb,0,2048,4194304,172.860129940,0.084404360,0.079114806,0.091934955,1
actual,37,87,nb,0,2048,4194304,172.829180219,0.084389248,0.078956713,0.091844575,1
actual,38,88,nb,0,2048,4194304,172.800963105,0.084375470,0.078876835,0.091807856,1
actual,39,89,nb,0,2048,4194304,173.037111178,0.084490777,0.078912347,0.092272651,1
actual,40,90,nb,0,2048,4194304,173.247121437,0.084593321,0.078844846,0.092199823,1
actual,41,91,nb,0,2048,4194304,172.909528223,0.084428481,0.079098315,0.092262802,1
actual,42,92,nb,0,2048,4194304,172.790423644,0.084370324,0.078715158,0.092034112,1
actual,43,93,nb,0,2048,4194304,172.876441356,0.084412325,0.078814018,0.092143560,1
actual,44,94,nb,0,2048,4194304,173.099934960,0.084521453,0.078821222,0.092262562,1
actual,45,95,nb,0,2048,4194304,172.864926743,0.084406703,0.079023968,0.091892756,1
actual,46,96,nb,0,2048,4194304,172.948643761,0.084447580,0.078843634,0.092000999,1
actual,47,97,nb,0,2048,4194304,173.200957909,0.084570780,0.078842021,0.092267293,1
actual,48,98,nb,0,2048,4194304,172.888974624,0.084418445,0.078903991,0.092031849,1
actual,49,99,nb,0,2048,4194304,173.158732837,0.084550163,0.079044917,0.092173235,1
warmup,0,0,nb,0,2048,6291456,178.554798153,0.087184960,0.080154038,0.095837206,1
warmup,1,1,nb,0,2048,6291456,178.338226691,0.087079212,0.080108864,0.095551259,1
warmup,2,2,nb,0,2048,6291456,178.233958272,0.087028300,0.080065453,0.095643092,1
warmup,3,3,nb,0,2048,6291456,177.900991748,0.086865719,0.080128210,0.095542683,1
warmup,4,4,nb,0,2048,6291456,178.231666131,0.087027181,0.079747593,0.095655985,1
warmup,5,5,nb,0,2048,6291456,177.981794894,0.086905173,0.080000693,0.095184276,1
warmup,6,6,nb,0,2048,6291456,178.275692908,0.087048678,0.080066255,0.095563031,1
warmup,7,7,nb,0,2048,6291456,177.921224615,0.086875598,0.079824677,0.095780881,1
warmup,8,8,nb,0,2048,6291456,177.685010469,0.086760259,0.080009921,0.095642720,1
warmup,9,9,nb,0,2048,6291456,177.910984160,0.086870598,0.079962022,0.095457171,1
warmup,10,10,nb,0,2048,6291456,178.009631088,0.086918765,0.080081493,0.095481538,1
warmup,11,11,nb,0,2048,6291456,178.040125130,0.086933655,0.079879428,0.095450369,1
warmup,12,12,nb,0,2048,6291456,178.138716818,0.086981795,0.079925483,0.095614858,1
warmup,13,13,nb,0,2048,6291456,178.237428412,0.087029994,0.079741612,0.095361150,1
warmup,14,14,nb,0,2048,6291456,178.164808934,0.086994536,0.080012174,0.095183617,1
warmup,15,15,nb,0,2048,6291456,177.973989988,0.086901362,0.079844692,0.095118342,1
warmup,16,16,nb,0,2048,6291456,178.077618214,0.086951962,0.080021952,0.095301699,1
warmup,17,17,nb,0,2048,6291456,178.114840948,0.086970137,0.079770515,0.095364848,1
warmup,18,18,nb,0,2048,6291456,178.635874367,0.087224548,0.079964405,0.095871470,1
warmup,19,19,nb,0,2048,6291456,178.464297795,0.087140770,0.080060314,0.095823290,1
warmup,20,20,nb,0,2048,6291456,178.070210583,0.086948345,0.080206936,0.095427214,1
warmup,21,21,nb,0,2048,6291456,178.286424364,0.087053918,0.080269432,0.095453445,1
warmup,22,22,nb,0,2048,6291456,178.010523452,0.086919201,0.079965066,0.095400143,1
warmup,23,23,nb,0,2048,6291456,178.148316629,0.086986483,0.080091601,0.095404192,1
warmup,24,24,nb,0,2048,6291456,178.118902166,0.086972120,0.079928228,0.095410914,1
warmup,25,25,nb,0,2048,6291456,178.365557539,0.087092557,0.080015400,0.095364106,1
warmup,26,26,nb,0,2048,6291456,178.649091715,0.087231002,0.080178814,0.095403651,1
warmup,27,27,nb,0,2048,6291456,178.013799501,0.086920801,0.079984263,0.095258578,1
warmup,28,28,nb,0,2048,6291456,178.093964514,0.086959944,0.080141795,0.095539056,1
warmup,29,29,nb,0,2048,6291456,178.441587016,0.087129681,0.079853609,0.095238861,1
warmup,30,30,nb,0,2048,6291456,178.099696525,0.086962742,0.079934019,0.095612804,1
warmup,31,31,nb,0,2048,6291456,177.823374157,0.086827819,0.080027212,0.095491266,1
warmup,32,32,nb,0,2048,6291456,178.399652417,0.087109205,0.079935822,0.095731698,1
warmup,33,33,nb,0,2048,6291456,178.263100605,0.087042530,0.079958725,0.095651206,1
warmup,34,34,nb,0,2048,6291456,178.926179268,0.087366298,0.080221373,0.095725106,1
warmup,35,35,nb,0,2048,6291456,178.396331779,0.087107584,0.080037471,0.095531131,1
warmup,36,36,nb,0,2048,6291456,178.332008487,0.087076176,0.080203039,0.095432512,1
warmup,37,37,nb,0,2048,6291456,178.240427994,0.087031459,0.079960508,0.095577518,1
warmup,38,38,nb,0,2048,6291456,178.180039186,0.087001972,0.080278008,0.095210679,1
warmup,39,39,nb,0,2048,6291456,178.372443380,0.087095920,0.079884567,0.095449026,1
warmup,40,40,nb,0,2048,6291456,178.138247945,0.086981566,0.079851145,0.095549605,1
warmup,41,41,nb,0,2048,6291456,178.452245677,0.087134886,0.080092824,0.095455208,1
warmup,42,42,nb,0,2048,6291456,178.068466789,0.086947494,0.080669188,0.095214595,1
warmup,43,43,nb,0,2048,6291456,178.523794312,0.087169821,0.080135353,0.095624877,1
warmup,44,44,nb,0,2048,6291456,178.269748846,0.087045776,0.080098704,0.095633903,1
warmup,45,45,nb,0,2048,6291456,177.934031442,0.086881851,0.080110016,0.095341344,1
warmup,46,46,nb,0,2048,6291456,177.957425633,0.086893274,0.080236972,0.095130087,1
warmup,47,47,nb,0,2048,6291456,178.460426380,0.087138880,0.080196135,0.095590131,1
warmup,48,48,nb,0,2048,6291456,178.201130105,0.087012271,0.080388994,0.095410775,1
warmup,49,49,nb,0,2048,6291456,178.037468125,0.086932357,0.080210723,0.095259037,1
actual,0,50,nb,0,2048,6291456,178.209949725,0.087016577,0.080174345,0.095400374,1
actual,1,51,nb,0,2048,6291456,178.048799553,0.086937890,0.080353719,0.095229614,1
actual,2,52,nb,0,2048,6291456,178.231046379,0.087026878,0.080111489,0.095690640,1
actual,3,53,nb,0,2048,6291456,178.719067132,0.087265169,0.080286424,0.095439146,1
actual,4,54,nb,0,2048,6291456,178.231899738,0.087027295,0.080562148,0.095657178,1
actual,5,55,nb,0,2048,6291456,178.333483727,0.087076896,0.080159517,0.095698405,1
actual,6,56,nb,0,2048,6291456,178.521675478,0.087168787,0.080030278,0.095399304,1
actual,7,57,nb,0,2048,6291456,178.288721270,0.087055040,0.079969645,0.095653008,1
actual,8,58,nb,0,2048,6291456,178.804526798,0.087306898,0.080864124,0.095422426,1
actual,9,59,nb,0,2048,6291456,178.490365064,0.087153499,0.080018225,0.095380867,1
actual,10,60,nb,0,2048,6291456,178.437537292,0.087127704,0.080053982,0.095632441,1
actual,11,61,nb,0,2048,6291456,178.276418936,0.087049033,0.079870841,0.095741307,1
actual,12,62,nb,0,2048,6291456,178.325656580,0.087073075,0.079953134,0.095633113,1
actual,13,63,nb,0,2048,6291456,178.826751279,0.087317750,0.079984042,0.095890957,1
actual,14,64,nb,0,2048,6291456,178.346462214,0.087083234,0.079975495,0.095652298,1
actual,15,65,nb,0,2048,6291456,178.235206723,0.087028910,0.079792967,0.095663139,1
actual,16,66,nb,0,2048,6291456,178.195776679,0.087009657,0.080198551,0.095404733,1
actual,17,67,nb,0,2048,6291456,178.117184656,0.086971282,0.079793047,0.095686433,1
actual,18,68,nb,0,2048,6291456,177.929158521,0.086879472,0.079987177,0.095453004,1
actual,19,69,nb,0,2048,6291456,178.184347493,0.087004076,0.079949638,0.095562180,1
actual,20,70,nb,0,2048,6291456,178.362453027,0.087091042,0.080044555,0.095699727,1
actual,21,71,nb,0,2048,6291456,178.220398882,0.087021679,0.080409452,0.095658038,1
actual,22,72,nb,0,2048,6291456,178.068469184,0.086947495,0.079992217,0.095390757,1
actual,23,73,nb,0,2048,6291456,178.229300854,0.087026026,0.080226843,0.095707272,1
actual,24,74,nb,0,2048,6291456,178.081804998,0.086954006,0.080035938,0.095209315,1
actual,25,75,nb,0,2048,6291456,178.046956255,0.086936990,0.080087374,0.095552661,1
actual,26,76,nb,0,2048,6291456,178.132247362,0.086978636,0.079916717,0.095438107,1
actual,27,77,nb,0,2048,6291456,178.105563024,0.086965607,0.079875420,0.095240263,1
actual,28,78,nb,0,2048,6291456,177.981050139,0.086904810,0.080272508,0.095232637,1
actual,29,79,nb,0,2048,6291456,178.632928833,0.087223110,0.079817623,0.095153411,1
actual,30,80,nb,0,2048,6291456,179.118270470,0.087460093,0.079676460,0.095728293,1
actual,31,81,nb,0,2048,6291456,177.798369059,0.086815610,0.079913251,0.095439429,1
actual,32,82,nb,0,2048,6291456,178.326543776,0.087073508,0.079958144,0.095461317,1
actual,33,83,nb,0,2048,6291456,178.083753346,0.086954958,0.079781626,0.095696401,1
actual,34,84,nb,0,2048,6291456,178.855867093,0.087331966,0.080140603,0.095510971,1
actual,35,85,nb,0,2048,6291456,178.309098787,0.087064990,0.080017724,0.095755864,1
actual,36,86,nb,0,2048,6291456,179.418820972,0.087606846,0.080046458,0.095647000,1
actual,37,87,nb,0,2048,6291456,179.025806539,0.087414945,0.080099065,0.095940170,1
actual,38,88,nb,0,2048,6291456,178.242943226,0.087032687,0.080248112,0.095603658,1
actual,39,89,nb,0,2048,6291456,178.490092666,0.087153366,0.080053652,0.095516103,1
actual,40,90,nb,0,2048,6291456,178.177161788,0.087000567,0.080086903,0.095375367,1
actual,41,91,nb,0,2048,6291456,178.266073421,0.087043981,0.080033123,0.095591625,1
actual,42,92,nb,0,2048,6291456,178.328466167,0.087074446,0.079998168,0.095323049,1
actual,43,93,nb,0,2048,6291456,178.104149924,0.086964917,0.080081212,0.095576857,1
actual,44,94,nb,0,2048,6291456,178.049913126,0.086938434,0.079745899,0.095440069,1
actual,45,95,nb,0,2048,6291456,178.152772849,0.086988659,0.080053982,0.095256051,1
actual,46,96,nb,0,2048,6291456,178.289843727,0.087055588,0.079833232,0.095212631,1
actual,47,97,nb,0,2048,6291456,178.167936649,0.086996063,0.080081734,0.095263918,1
actual,48,98,nb,0,2048,6291456,179.150360438,0.087475762,0.080173414,0.095532663,1
actual,49,99,nb,0,2048,6291456,178.197386228,0.087010442,0.080141595,0.095255042,1
warmup,0,0,nb,0,2048,8388608,185.322930637,0.090489712,0.082966237,0.099137635,1
warmup,1,1,nb,0,2048,8388608,184.469800713,0.090073145,0.081861510,0.099202803,1
warmup,2,2,nb,0,2048,8388608,184.170286397,0.089926898,0.081776832,0.099198790,1
warmup,3,3,nb,0,2048,8388608,184.170982362,0.089927237,0.081785558,0.099461891,1
warmup,4,4,nb,0,2048,8388608,183.960960633,0.089824688,0.081770340,0.099526282,1
warmup,5,5,nb,0,2048,8388608,183.928167896,0.089808676,0.081824992,0.099216669,1
warmup,6,6,nb,0,2048,8388608,184.104602893,0.089894826,0.081707764,0.099449979,1
warmup,7,7,nb,0,2048,8388608,183.667525541,0.089681409,0.081724515,0.099396438,1
warmup,8,8,nb,0,2048,8388608,183.731662639,0.089712726,0.081787071,0.099085192,1
warmup,9,9,nb,0,2048,8388608,184.168792416,0.089926168,0.081975902,0.099541781,1
warmup,10,10,nb,0,2048,8388608,184.189272116,0.089936168,0.082073299,0.099603368,1
warmup,11,11,nb,0,2048,8388608,184.082874015,0.089884216,0.082068113,0.099714276,1
warmup,12,12,nb,0,2048,8388608,184.009359789,0.089848320,0.081925488,0.099130366,1
warmup,13,13,nb,0,2048,8388608,184.263312348,0.089972320,0.081934966,0.099528090,1
warmup,14,14,nb,0,2048,8388608,183.919747504,0.089804564,0.081925057,0.099423780,1
warmup,15,15,nb,0,2048,8388608,183.750109385,0.089721733,0.081922513,0.099433528,1
warmup,16,16,nb,0,2048,8388608,184.026591075,0.089856734,0.081698938,0.099263217,1
warmup,17,17,nb,0,2048,8388608,183.959241886,0.089823849,0.081861081,0.099698406,1
warmup,18,18,nb,0,2048,8388608,183.881130734,0.089785708,0.081707704,0.099762346,1
warmup,19,19,nb,0,2048,8388608,183.772799988,0.089732812,0.081575538,0.099707353,1
warmup,20,20,nb,0,2048,8388608,183.970952587,0.089829567,0.081696243,0.099798946,1
warmup,21,21,nb,0,2048,8388608,183.443543745,0.089572043,0.082161294,0.099393843,1
warmup,22,22,nb,0,2048,8388608,183.928510687,0.089808843,0.081816596,0.099691494,1
warmup,23,23,nb,0,2048,8388608,183.944718471,0.089816757,0.081922573,0.099419851,1
warmup,24,24,nb,0,2048,8388608,183.945601817,0.089817188,0.081889962,0.099690441,1
warmup,25,25,nb,0,2048,8388608,184.107587283,0.089896283,0.081763889,0.099568041,1
warmup,26,26,nb,0,2048,8388608,185.323103311,0.090489797,0.082300764,0.099459737,1
warmup,27,27,nb,0,2048,8388608,185.634585997,0.090641888,0.083085657,0.099719416,1
warmup,28,28,nb,0,2048,8388608,185.353055603,0.090504422,0.081781110,0.099857475,1
warmup,29,29,nb,0,2048,8388608,184.218358859,0.089950371,0.079527640,0.099272053,1
warmup,30,30,nb,0,2048,8388608,183.629848779,0.089663012,0.081778215,0.099335944,1
warmup,31,31,nb,0,2048,8388608,184.571380099,0.090122744,0.082156377,0.099448185,1
warmup,32,32,nb,0,2048,8388608,185.284561248,0.090470977,0.081849149,0.099392060,1
warmup,33,33,nb,0,2048,8388608,183.569439989,0.089633516,0.082082165,0.099230164,1
warmup,34,34,nb,0,2048,8388608,183.807060391,0.089749541,0.081723694,0.099119175,1
warmup,35,35,nb,0,2048,8388608,184.094478834,0.089889882,0.082052213,0.099277123,1
warmup,36,36,nb,0,2048,8388608,183.511793201,0.089605368,0.082050606,0.099444378,1
warmup,37,37,nb,0,2048,8388608,183.869583869,0.089780070,0.081734904,0.099083419,1
warmup,38,38,nb,0,2048,8388608,183.754934280,0.089724089,0.081652020,0.099130977,1
warmup,39,39,nb,0,2048,8388608,184.340620170,0.090010068,0.081890115,0.099459015,1
warmup,40,40,nb,0,2048,8388608,184.575372762,0.090124694,0.081774187,0.099360710,1
warmup,41,41,nb,0,2048,8388608,183.885520038,0.089787852,0.082086368,0.099643563,1
warmup,42,42,nb,0,2048,8388608,183.996644686,0.089842112,0.081861990,0.099634516,1
warmup,43,43,nb,0,2048,8388608,183.882174658,0.089786218,0.081809052,0.099191081,1
warmup,44,44,nb,0,2048,8388608,183.924483565,0.089806877,0.081958399,0.099415203,1
warmup,45,45,nb,0,2048,8388608,184.074644684,0.089880198,0.082081654,0.099460849,1
warmup,46,46,nb,0,2048,8388608,183.887272200,0.089788707,0.081721960,0.099649274,1
warmup,47,47,nb,0,2048,8388608,184.186563667,0.089934846,0.082000388,0.099750565,1
warmup,48,48,nb,0,2048,8388608,184.108170972,0.089896568,0.081853394,0.099532754,1
warmup,49,49,nb,0,2048,8388608,183.583370891,0.089640318,0.081925428,0.099039645,1
actual,0,50,nb,0,2048,8388608,183.790293895,0.089741354,0.081692586,0.099825716,1
actual,1,51,nb,0,2048,8388608,184.096981400,0.089891104,0.082009594,0.099333529,1
actual,2,52,nb,0,2048,8388608,183.941169717,0.089815024,0.081610343,0.099347826,1
actual,3,53,nb,0,2048,8388608,183.942785245,0.089815813,0.081984178,0.099240144,1
actual,4,54,nb,0,2048,8388608,183.651649572,0.089673657,0.081939554,0.099260416,1
actual,5,55,nb,0,2048,8388608,183.755774335,0.089724499,0.082168830,0.099329702,1
actual,6,56,nb,0,2048,8388608,184.135087193,0.089909711,0.081835411,0.099499772,1
actual,7,57,nb,0,2048,8388608,183.942107304,0.089815482,0.082101515,0.099374195,1
actual,8,58,nb,0,2048,8388608,184.160320465,0.089922031,0.081832956,0.099851815,1
actual,9,59,nb,0,2048,8388608,184.043202965,0.089864845,0.081735155,0.099852866,1
actual,10,60,nb,0,2048,8388608,183.619432839,0.089657926,0.081652581,0.099522795,1
actual,11,61,nb,0,2048,8388608,183.970827001,0.089829505,0.081903721,0.098961038,1
actual,12,62,nb,0,2048,8388608,184.288246572,0.089984495,0.081644717,0.099613686,1
actual,13,63,nb,0,2048,8388608,183.843558912,0.089767363,0.081948511,0.099151186,1
actual,14,64,nb,0,2048,8388608,184.002718881,0.089845078,0.081642532,0.099319463,1
actual,15,65,nb,0,2048,8388608,184.047370823,0.089866880,0.081682387,0.099393191,1
actual,16,66,nb,0,2048,8388608,183.998855384,0.089843191,0.081802410,0.099499121,1
actual,17,67,nb,0,2048,8388608,184.051817749,0.089869052,0.081800938,0.099640527,1
actual,18,68,nb,0,2048,8388608,183.633180816,0.089664639,0.081761143,0.099406196,1
actual,19,69,nb,0,2048,8388608,183.675938081,0.089685517,0.081683399,0.099593989,1
actual,20,70,nb,0,2048,8388608,183.553005128,0.089625491,0.081605574,0.099132800,1
actual,21,71,nb,0,2048,8388608,184.341273547,0.090010387,0.081995879,0.099449227,1
actual,22,72,nb,0,2048,8388608,184.390521906,0.090034435,0.081653483,0.099542763,1
actual,23,73,nb,0,2048,8388608,183.807383443,0.089749699,0.081762024,0.099553944,1
actual,24,74,nb,0,2048,8388608,184.093605730,0.089889456,0.081647732,0.099691022,1
actual,25,75,nb,0,2048,8388608,183.703444309,0.089698947,0.081616153,0.099221938,1
actual,26,76,nb,0,2048,8388608,184.054137525,0.089870184,0.081823731,0.099596995,1
actual,27,77,nb,0,2048,8388608,183.527612258,0.089613092,0.081654375,0.099160313,1
actual,28,78,nb,0,2048,8388608,183.955564157,0.089822053,0.081736066,0.099722452,1
actual,29,79,nb,0,2048,8388608,183.754337379,0.089723798,0.082050235,0.099436944,1
actual,30,80,nb,0,2048,8388608,183.464537362,0.089582294,0.081701412,0.099514821,1
actual,31,81,nb,0,2048,8388608,184.298449622,0.089989477,0.081939614,0.099633304,1
actual,32,82,nb,0,2048,8388608,184.247867194,0.089964779,0.081843245,0.099343168,1
actual,33,83,nb,0,2048,8388608,184.019470311,0.089853257,0.081659554,0.099501366,1
actual,34,84,nb,0,2048,8388608,184.140381385,0.089912296,0.081950495,0.099435010,1
actual,35,85,nb,0,2048,8388608,183.760876178,0.089726990,0.081623588,0.099203123,1
actual,36,86,nb,0,2048,8388608,184.203297891,0.089943017,0.081792000,0.099628034,1
actual,37,87,nb,0,2048,8388608,184.056795196,0.089871482,0.081728903,0.099317880,1
actual,38,88,nb,0,2048,8388608,185.869926378,0.090756800,0.081641540,0.105873424,1
actual,39,89,nb,0,2048,8388608,183.681116901,0.089688045,0.081840941,0.099429901,1
actual,40,90,nb,0,2048,8388608,183.845209105,0.089768169,0.082111574,0.099458354,1
actual,41,91,nb,0,2048,8388608,183.627053171,0.089661647,0.081777395,0.099378214,1
actual,42,92,nb,0,2048,8388608,184.288547892,0.089984643,0.081911856,0.099410124,1
actual,43,93,nb,0,2048,8388608,183.478358970,0.089589042,0.081590445,0.099537253,1
actual,44,94,nb,0,2048,8388608,184.047620797,0.089867002,0.081876237,0.099639536,1
actual,45,95,nb,0,2048,8388608,183.471798155,0.089585839,0.081782253,0.099406206,1
actual,46,96,nb,0,2048,8388608,183.791508164,0.089741947,0.081824573,0.099758089,1
actual,47,97,nb,0,2048,8388608,183.577137781,0.089637274,0.081826615,0.099203114,1
actual,48,98,nb,0,2048,8388608,183.880073762,0.089785192,0.081715488,0.099629867,1
actual,49,99,nb,0,2048,8388608,183.843331330,0.089767252,0.081952909,0.099535750,1
warmup,0,0,nb,0,2048,12582912,193.701106545,0.094580618,0.083836939,0.106235386,1
warmup,1,1,nb,0,2048,12582912,193.666906130,0.094563919,0.083654019,0.106133414,1
warmup,2,2,nb,0,2048,12582912,193.255545783,0.094363059,0.083427588,0.105683597,1
warmup,3,3,nb,0,2048,12582912,193.403269421,0.094435190,0.083434841,0.105677135,1
warmup,4,4,nb,0,2048,12582912,193.975968190,0.094714828,0.083864770,0.106025661,1
warmup,5,5,nb,0,2048,12582912,193.918663371,0.094686847,0.084086059,0.106393173,1
warmup,6,6,nb,0,2048,12582912,194.301278476,0.094873671,0.084027921,0.105884234,1
warmup,7,7,nb,0,2048,12582912,193.497410713,0.094481158,0.083871297,0.105801709,1
warmup,8,8,nb,0,2048,12582912,193.751651351,0.094605299,0.083682732,0.105698745,1
warmup,9,9,nb,0,2048,12582912,193.806455580,0.094632058,0.083801854,0.105631549,1
warmup,10,10,nb,0,2048,12582912,193.741544319,0.094600363,0.083596142,0.105821135,1
warmup,11,11,nb,0,2048,12582912,193.530136236,0.094497137,0.083469897,0.105531861,1
warmup,12,12,nb,0,2048,12582912,193.943230168,0.094698843,0.083607182,0.105527092,1
warmup,13,13,nb,0,2048,12582912,193.571186270,0.094517181,0.083892016,0.105918880,1
warmup,14,14,nb,0,2048,12582912,193.718375549,0.094589051,0.083775818,0.105813762,1
warmup,15,15,nb,0,2048,12582912,193.548352505,0.094506031,0.083701519,0.105768957,1
warmup,16,16,nb,0,2048,12582912,193.841199300,0.094649023,0.083815018,0.105416083,1
warmup,17,17,nb,0,2048,12582912,193.961320846,0.094707676,0.083713019,0.105806808,1
warmup,18,18,nb,0,2048,12582912,193.660292148,0.094560690,0.083609245,0.105614487,1
warmup,19,19,nb,0,2048,12582912,193.350399268,0.094409375,0.083769246,0.105434658,1
warmup,20,20,nb,0,2048,12582912,193.709987839,0.094584955,0.083592614,0.105798273,1
warmup,21,21,nb,0,2048,12582912,193.864172790,0.094660241,0.083314599,0.105988691,1
warmup,22,22,nb,0,2048,12582912,193.506880377,0.094485781,0.083717066,0.105631929,1
warmup,23,23,nb,0,2048,12582912,193.629952427,0.094545875,0.083841627,0.105593697,1
warmup,24,24,nb,0,2048,12582912,193.696610152,0.094578423,0.083448948,0.106016844,1
warmup,25,25,nb,0,2048,12582912,193.606076471,0.094534217,0.083635024,0.106054014,1
warmup,26,26,nb,0,2048,12582912,194.112405664,0.094781448,0.084022373,0.106280150,1
warmup,27,27,nb,0,2048,12582912,193.744416165,0.094601766,0.083560215,0.105852905,1
warmup,28,28,nb,0,2048,12582912,193.772114114,0.094615290,0.083522715,0.105749030,1
warmup,29,29,nb,0,2048,12582912,193.582734904,0.094522820,0.083502186,0.105417356,1
warmup,30,30,nb,0,2048,12582912,193.647321734,0.094554356,0.083881041,0.105661295,1
warmup,31,31,nb,0,2048,12582912,193.839878292,0.094648378,0.082843544,0.105704376,1
warmup,32,32,nb,0,2048,12582912,193.791261111,0.094624639,0.083663897,0.105970767,1
warmup,33,33,nb,0,2048,12582912,193.648441782,0.094554903,0.083232396,0.105879947,1
warmup,34,34,nb,0,2048,12582912,194.256882298,0.094851993,0.083682793,0.105769568,1
warmup,35,35,nb,0,2048,12582912,193.651091729,0.094556197,0.084216384,0.106139586,1
warmup,36,36,nb,0,2048,12582912,194.154085455,0.094801800,0.083886922,0.105818240,1
warmup,37,37,nb,0,2048,12582912,193.804419901,0.094631064,0.084253062,0.105210155,1
warmup,38,38,nb,0,2048,12582912,193.889377043,0.094672547,0.083936534,0.105817288,1
warmup,39,39,nb,0,2048,12582912,194.105264752,0.094777961,0.083586724,0.105856042,1
warmup,40,40,nb,0,2048,12582912,194.309026611,0.094877454,0.083373758,0.106199399,1
warmup,41,41,nb,0,2048,12582912,194.350051464,0.094897486,0.083705705,0.106300119,1
warmup,42,42,nb,0,2048,12582912,194.806626762,0.095120423,0.083502107,0.106073541,1
warmup,43,43,nb,0,2048,12582912,194.100130623,0.094775454,0.083452295,0.106052554,1
warmup,44,44,nb,0,2048,12582912,194.190419542,0.094819541,0.083013860,0.105768179,1
warmup,45,45,nb,0,2048,12582912,193.883790085,0.094669819,0.083317424,0.105635125,1
warmup,46,46,nb,0,2048,12582912,193.840763734,0.094648810,0.083478333,0.105825483,1
warmup,47,47,nb,0,2048,12582912,193.499925297,0.094482385,0.083352118,0.105652769,1
warmup,48,48,nb,0,2048,12582912,194.131846111,0.094790940,0.083718980,0.106317891,1
warmup,49,49,nb,0,2048,12582912,193.305853607,0.094387624,0.083475758,0.106175012,1
actual,0,50,nb,0,2048,12582912,193.685359124,0.094572929,0.083839613,0.106198216,1
actual,1,51,nb,0,2048,12582912,193.463555372,0.094464627,0.083761020,0.105527262,1
actual,2,52,nb,0,2048,12582912,193.575415021,0.094519246,0.083510883,0.105650113,1
actual,3,53,nb,0,2048,12582912,193.692703356,0.094576515,0.083491938,0.105501615,1
actual,4,54,nb,0,2048,12582912,193.832509319,0.094644780,0.083481889,0.105529236,1
actual,5,55,nb,0,2048,12582912,193.698992519,0.094579586,0.083605720,0.105780469,1
actual,6,56,nb,0,2048,12582912,193.879464487,0.094667707,0.083673085,0.105920552,1
actual,7,57,nb,0,2048,12582912,193.499908373,0.094482377,0.083913201,0.106318152,1
actual,8,58,nb,0,2048,12582912,193.792139784,0.094625068,0.083604988,0.106282745,1
actual,9,59,nb,0,2048,12582912,193.464879060,0.094465273,0.083878666,0.105644753,1
actual,10,60,nb,0,2048,12582912,193.814817149,0.094636141,0.083295794,0.106000032,1
actual,11,61,nb,0,2048,12582912,193.714618762,0.094587216,0.084424903,0.105640806,1
actual,12,62,nb,0,2048,12582912,193.668962503,0.094564923,0.083848144,0.105382509,1
actual,13,63,nb,0,2048,12582912,193.874304860,0.094665188,0.083656574,0.105815645,1
actual,14,64,nb,0,2048,12582912,193.351629689,0.094409975,0.083784501,0.105531320,1
actual,15,65,nb,0,2048,12582912,193.386013881,0.094426765,0.083779271,0.105806459,1
actual,16,66,nb,0,2048,12582912,193.899996866,0.094677733,0.083251692,0.105804734,1
actual,17,67,nb,0,2048,12582912,194.110332059,0.094780436,0.082788291,0.106043966,1
actual,18,68,nb,0,2048,12582912,193.794372673,0.094626159,0.083554965,0.106093818,1
actual,19,69,nb,0,2048,12582912,193.692622661,0.094576476,0.083323225,0.105703995,1
actual,20,70,nb,0,2048,12582912,193.710464961,0.094585188,0.083221576,0.105899313,1
actual,21,71,nb,0,2048,12582912,193.941133841,0.094697819,0.083439681,0.105573369,1
actual,22,72,nb,0,2048,12582912,193.624950151,0.094543433,0.083572057,0.105588668,1
actual,23,73,nb,0,2048,12582912,194.840595207,0.095137009,0.083458877,0.105651627,1
actual,24,74,nb,0,2048,12582912,193.593347263,0.094528002,0.083156976,0.105653108,1
actual,25,75,nb,0,2048,12582912,194.287299615,0.094866846,0.083457484,0.105922987,1
actual,26,76,nb,0,2048,12582912,193.399005023,0.094433108,0.083301565,0.105878683,1
actual,27,77,nb,0,2048,12582912,193.517419809,0.094490928,0.083461181,0.106045818,1
actual,28,78,nb,0,2048,12582912,194.961779961,0.095196182,0.083498931,0.107460843,1
actual,29,79,nb,0,2048,12582912,193.869016084,0.094662606,0.083328304,0.105512335,1
actual,30,80,nb,0,2048,12582912,193.536409349,0.094500200,0.083875821,0.105604868,1
actual,31,81,nb,0,2048,12582912,193.618513066,0.094540290,0.083443799,0.105369716,1
actual,32,82,nb,0,2048,12582912,193.741489119,0.094600336,0.083505233,0.106014630,1
actual,33,83,nb,0,2048,12582912,193.534339493,0.094499189,0.083594609,0.105604047,1
actual,34,84,nb,0,2048,12582912,193.586833469,0.094524821,0.083621298,0.105967421,1
actual,35,85,nb,0,2048,12582912,193.769346887,0.094613939,0.083427434,0.105562769,1
actual,36,86,nb,0,2048,12582912,193.740485060,0.094599846,0.083621949,0.105572777,1
actual,37,87,nb,0,2048,12582912,193.555990132,0.094509761,0.083437558,0.105759089,1
actual,38,88,nb,0,2048,12582912,193.646170223,0.094553794,0.083189677,0.105844359,1
actual,39,89,nb,0,2048,12582912,193.324625439,0.094396790,0.083492129,0.105354717,1
actual,40,90,nb,0,2048,12582912,193.627691972,0.094544771,0.083261651,0.105743760,1
actual,41,91,nb,0,2048,12582912,193.652270239,0.094556773,0.083536741,0.105421643,1
actual,42,92,nb,0,2048,12582912,193.387531621,0.094427506,0.083162577,0.105902770,1
actual,43,93,nb,0,2048,12582912,193.568821151,0.094516026,0.083294802,0.105740364,1
actual,44,94,nb,0,2048,12582912,193.534364886,0.094499202,0.083248717,0.105869627,1
actual,45,95,nb,0,2048,12582912,194.166910447,0.094808062,0.083501276,0.105741636,1
actual,46,96,nb,0,2048,12582912,194.151186989,0.094800384,0.083805901,0.105898952,1
actual,47,97,nb,0,2048,12582912,194.045960801,0.094749004,0.083788690,0.105972641,1
actual,48,98,nb,0,2048,12582912,193.387457083,0.094427469,0.083619035,0.105640125,1
actual,49,99,nb,0,2048,12582912,193.776710544,0.094617534,0.083776259,0.105938897,1
warmup,0,0,nb,0,2048,16777216,206.821969982,0.100987290,0.092794864,0.109289181,1
warmup,1,1,nb,0,2048,16777216,206.435870603,0.100798765,0.092162264,0.109992105,1
warmup,2,2,nb,0,2048,16777216,205.817628908,0.100496889,0.091617668,0.109246823,1
warmup,3,3,nb,0,2048,16777216,205.531377950,0.100357118,0.091776617,0.109500469,1
warmup,4,4,nb,0,2048,16777216,205.501672468,0.100342614,0.091894221,0.109364754,1
warmup,5,5,nb,0,2048,16777216,205.258289834,0.100223774,0.091186858,0.109308819,1
warmup,6,6,nb,0,2048,16777216,205.385860429,0.100286065,0.092041636,0.109164829,1
warmup,7,7,nb,0,2048,16777216,205.250299340,0.100219873,0.091400219,0.109271479,1
warmup,8,8,nb,0,2048,16777216,205.697795176,0.100438377,0.091851298,0.109387807,1
warmup,9,9,nb,0,2048,16777216,205.625758051,0.100403202,0.091902835,0.109058939,1
warmup,10,10,nb,0,2048,16777216,204.948356463,0.100072440,0.091275484,0.109075519,1
warmup,11,11,nb,0,2048,16777216,205.631430560,0.100405972,0.091960433,0.109214851,1
warmup,12,12,nb,0,2048,16777216,205.115459869,0.100154033,0.091397233,0.109291686,1
warmup,13,13,nb,0,2048,16777216,206.293958440,0.100729472,0.091993575,0.109718870,1
warmup,14,14,nb,0,2048,16777216,205.864872918,0.100519957,0.091819648,0.109350147,1
warmup,15,15,nb,0,2048,16777216,205.299380427,0.100243838,0.091731814,0.109678338,1
warmup,16,16,nb,0,2048,16777216,205.527890010,0.100355415,0.091663784,0.109168736,1
warmup,17,17,nb,0,2048,16777216,205.071268370,0.100132455,0.092100828,0.109182232,1
warmup,18,18,nb,0,2048,16777216,205.465022966,0.100324718,0.091660489,0.109220513,1
warmup,19,19,nb,0,2048,16777216,205.004660432,0.100099932,0.091603432,0.109045384,1
warmup,20,20,nb,0,2048,16777216,205.512419684,0.100347861,0.092023692,0.109099726,1
warmup,21,21,nb,0,2048,16777216,205.285030260,0.100236831,0.091773010,0.109215413,1
warmup,22,22,nb,0,2048,16777216,205.585340619,0.100383467,0.091985992,0.109170930,1
warmup,23,23,nb,0,2048,16777216,204.920386481,0.100058782,0.092096139,0.109184265,1
warmup,24,24,nb,0,2048,16777216,205.531109442,0.100356987,0.091968258,0.109065551,1
warmup,25,25,nb,0,2048,16777216,205.644704896,0.100412454,0.091500277,0.109199173,1
warmup,26,26,nb,0,2048,16777216,205.345627565,0.100266420,0.092048939,0.108950580,1
warmup,27,27,nb,0,2048,16777216,205.448962232,0.100316876,0.091880132,0.109379262,1
warmup,28,28,nb,0,2048,16777216,205.775919809,0.100476523,0.091662211,0.109452279,1
warmup,29,29,nb,0,2048,16777216,205.630158446,0.100405351,0.091531295,0.109009296,1
warmup,30,30,nb,0,2048,16777216,205.756853782,0.100467214,0.092006119,0.109555313,1
warmup,31,31,nb,0,2048,16777216,205.809094177,0.100492722,0.091626685,0.109094275,1
warmup,32,32,nb,0,2048,16777216,205.908793070,0.100541403,0.091753003,0.109119022,1
warmup,33,33,nb,0,2048,16777216,205.736859767,0.100457451,0.091729679,0.109117870,1
warmup,34,34,nb,0,2048,16777216,205.259894395,0.100224558,0.091684865,0.109405601,1
warmup,35,35,nb,0,2048,16777216,205.643535169,0.100411882,0.091942680,0.109071482,1
warmup,36,36,nb,0,2048,16777216,205.672555172,0.100426052,0.091874401,0.109084296,1
warmup,37,37,nb,0,2048,16777216,205.616139127,0.100398505,0.092095027,0.109205745,1
warmup,38,38,nb,0,2048,16777216,205.600014319,0.100390632,0.091835439,0.109134877,1
warmup,39,39,nb,0,2048,16777216,205.748387587,0.100463080,0.091912473,0.109399529,1
warmup,40,40,nb,0,2048,16777216,205.573683123,0.100377775,0.091681318,0.109295504,1
warmup,41,41,nb,0,2048,16777216,205.494382903,0.100339054,0.091962178,0.109064690,1
warmup,42,42,nb,0,2048,16777216,205.558180841,0.100370205,0.092173023,0.109041657,1
warmup,43,43,nb,0,2048,16777216,205.225368949,0.100207700,0.091744598,0.109084498,1
warmup,44,44,nb,0,2048,16777216,205.968584534,0.100570598,0.092055993,0.109360045,1
warmup,45,45,nb,0,2048,16777216,206.578139805,0.100868232,0.092377458,0.109205766,1
warmup,46,46,nb,0,2048,16777216,205.384378502,0.100285341,0.091821111,0.108913145,1
warmup,47,47,nb,0,2048,16777216,205.750977284,0.100464344,0.091995108,0.109172793,1
warmup,48,48,nb,0,2048,16777216,205.225152136,0.100207594,0.091210642,0.109191097,1
warmup,49,49,nb,0,2048,16777216,205.564762812,0.100373419,0.092035094,0.109109704,1
actual,0,50,nb,0,2048,16777216,205.901645434,0.100537913,0.092245860,0.109060086,1
actual,1,51,nb,0,2048,16777216,205.585157035,0.100383377,0.091919185,0.109398828,1
actual,2,52,nb,0,2048,16777216,205.472869239,0.100328549,0.091499556,0.109177613,1
actual,3,53,nb,0,2048,16777216,205.446695219,0.100315769,0.091639449,0.109304521,1
actual,4,54,nb,0,2048,16777216,205.636826344,0.100408607,0.092022200,0.109269355,1
actual,5,55,nb,0,2048,16777216,205.393149443,0.100289624,0.092084273,0.108856749,1
actual,6,56,nb,0,2048,16777216,205.480052968,0.100332057,0.092043499,0.109221145,1
actual,7,57,nb,0,2048,16777216,205.596694670,0.100389011,0.092243686,0.109154378,1
actual,8,58,nb,0,2048,16777216,205.722697436,0.100450536,0.091328905,0.109148597,1
actual,9,59,nb,0,2048,16777216,205.617188832,0.100399018,0.091988125,0.109181564,1
actual,10,60,nb,0,2048,16777216,205.745829314,0.100461831,0.092040862,0.109109539,1
actual,11,61,nb,0,2048,16777216,205.738694899,0.100458347,0.091813026,0.109179556,1
actual,12,62,nb,0,2048,16777216,205.629159828,0.100404863,0.091982856,0.109170238,1
actual,13,63,nb,0,2048,16777216,205.798040134,0.100487324,0.092304601,0.109134801,1
actual,14,64,nb,0,2048,16777216,205.438785345,0.100311907,0.091579276,0.109267241,1
actual,15,65,nb,0,2048,16777216,205.719806791,0.100449124,0.091613701,0.109246331,1
actual,16,66,nb,0,2048,16777216,205.661797570,0.100420800,0.091901502,0.109212072,1
actual,17,67,nb,0,2048,16777216,205.096426980,0.100144740,0.091821622,0.109262893,1
actual,18,68,nb,0,2048,16777216,205.674407562,0.100426957,0.091629670,0.109528372,1
actual,19,69,nb,0,2048,16777216,205.582899137,0.100382275,0.091479469,0.109391424,1
actual,20,70,nb,0,2048,16777216,205.805750026,0.100491089,0.091833555,0.109379141,1
actual,21,71,nb,0,2048,16777216,206.191354122,0.100679372,0.091627677,0.109081602,1
actual,22,72,nb,0,2048,16777216,205.804376931,0.100490418,0.091886345,0.109642730,1
actual,23,73,nb,0,2048,16777216,205.765692052,0.100471529,0.091833995,0.109311088,1
actual,24,74,nb,0,2048,16777216,205.837289408,0.100506489,0.091940716,0.110968777,1
actual,25,75,nb,0,2048,16777216,205.883086769,0.100528851,0.091743324,0.110812487,1
actual,26,76,nb,0,2048,16777216,205.787293488,0.100482077,0.091933102,0.110678706,1
actual,27,77,nb,0,2048,16777216,205.674382824,0.100426945,0.091766499,0.109204042,1
actual,28,78,nb,0,2048,16777216,205.888888323,0.100531684,0.092052977,0.108920689,1
actual,29,79,nb,0,2048,16777216,205.568896526,0.100375438,0.091814640,0.109051725,1
actual,30,80,nb,0,2048,16777216,205.672961983,0.100426251,0.091993926,0.109185898,1
actual,31,81,nb,0,2048,16777216,205.634663624,0.100407551,0.091551874,0.109142116,1
actual,32,82,nb,0,2048,16777216,205.440973875,0.100312976,0.091637776,0.108952288,1
actual,33,83,nb,0,2048,16777216,205.731708749,0.100454936,0.091906061,0.109133289,1
actual,34,84,nb,0,2048,16777216,205.571363416,0.100376642,0.091806614,0.109012236,1
actual,35,85,nb,0,2048,16777216,205.840088941,0.100507856,0.091806273,0.109215944,1
actual,36,86,nb,0,2048,16777216,205.884547907,0.100529564,0.091665348,0.109390313,1
actual,37,87,nb,0,2048,16777216,205.106917560,0.100149862,0.091632196,0.109204794,1
actual,38,88,nb,0,2048,16777216,205.591857365,0.100386649,0.091674285,0.108953159,1
actual,39,89,nb,0,2048,16777216,207.838883921,0.101483830,0.091948551,0.116240209,1
actual,40,90,nb,0,2048,16777216,207.301183492,0.101221281,0.091543368,0.115239586,1
actual,41,91,nb,0,2048,16777216,207.255712677,0.101199078,0.091841749,0.116021821,1
actual,42,92,nb,0,2048,16777216,206.673760536,0.100914922,0.091653646,0.114849927,1
actual,43,93,nb,0,2048,16777216,206.102563964,0.100636018,0.091726443,0.112652652,1
actual,44,94,nb,0,2048,16777216,205.082609842,0.100137993,0.092006409,0.109287038,1
actual,45,95,nb,0,2048,16777216,205.204288076,0.100197406,0.091931088,0.109148337,1
actual,46,96,nb,0,2048,16777216,205.563361505,0.100372735,0.091982726,0.108909047,1
actual,47,97,nb,0,2048,16777216,205.772132956,0.100474674,0.091934455,0.109133223,1
actual,48,98,nb,0,2048,16777216,205.796904675,0.100486770,0.091903908,0.109593033,1
actual,49,99,nb,0,2048,16777216,205.223175410,0.100206629,0.091917613,0.109185181,1
warmup,0,0,nb,0,2048,25165824,228.911423597,0.111773156,0.098826350,0.123710266,1
warmup,1,1,nb,0,2048,25165824,228.646468101,0.111643783,0.098848442,0.124117131,1
warmup,2,2,nb,0,2048,25165824,228.894789158,0.111765034,0.098777259,0.124464576,1
warmup,3,3,nb,0,2048,25165824,228.877795956,0.111756736,0.098730831,0.124167918,1
warmup,4,4,nb,0,2048,25165824,228.491897376,0.111568309,0.098737584,0.123685739,1
warmup,5,5,nb,0,2048,25165824,228.327890790,0.111488228,0.098724709,0.123461984,1
warmup,6,6,nb,0,2048,25165824,228.297950212,0.111473609,0.098842290,0.123539829,1
warmup,7,7,nb,0,2048,25165824,228.575176761,0.111608973,0.099056280,0.123106388,1
warmup,8,8,nb,0,2048,25165824,231.081638871,0.112832831,0.099135740,0.124911349,1
warmup,9,9,nb,0,2048,25165824,230.899284003,0.112743791,0.098529935,0.124962526,1
warmup,10,10,nb,0,2048,25165824,230.391259933,0.112495732,0.098633348,0.124940274,1
warmup,11,11,nb,0,2048,25165824,230.434480486,0.112516836,0.098842831,0.124714084,1
warmup,12,12,nb,0,2048,25165824,230.506130693,0.112551822,0.098735269,0.124733170,1
warmup,13,13,nb,0,2048,25165824,230.423684108,0.112511565,0.098610315,0.124387812,1
warmup,14,14,nb,0,2048,25165824,231.126982561,0.112854972,0.098832578,0.124617829,1
warmup,15,15,nb,0,2048,25165824,232.281416040,0.113418660,0.098503285,0.126424314,1
warmup,16,16,nb,0,2048,25165824,229.831362845,0.112222345,0.098624459,0.124174762,1
warmup,17,17,nb,0,2048,25165824,230.230558946,0.112417265,0.099433271,0.124621270,1
warmup,18,18,nb,0,2048,25165824,230.285737526,0.112444208,0.098410431,0.124812249,1
warmup,19,19,nb,0,2048,25165824,230.629604364,0.112612112,0.098370655,0.124688035,1
warmup,20,20,nb,0,2048,25165824,230.543099486,0.112569873,0.098322205,0.124952135,1
warmup,21,21,nb,0,2048,25165824,230.177086318,0.112391155,0.098215675,0.124607565,1
warmup,22,22,nb,0,2048,25165824,230.828639754,0.112709297,0.098408597,0.124634766,1
warmup,23,23,nb,0,2048,25165824,230.053516378,0.112330819,0.098261982,0.124331967,1
warmup,24,24,nb,0,2048,25165824,230.098902657,0.112352980,0.098260719,0.124616192,1
warmup,25,25,nb,0,2048,25165824,230.020375237,0.112314636,0.098436238,0.124679500,1
warmup,26,26,nb,0,2048,25165824,230.806380478,0.112698428,0.098559089,0.125151236,1
warmup,27,27,nb,0,2048,25165824,230.471408462,0.112534867,0.098384713,0.125074435,1
warmup,28,28,nb,0,2048,25165824,230.235476080,0.112419666,0.098134452,0.124578390,1
warmup,29,29,nb,0,2048,25165824,230.425410269,0.112512407,0.098244619,0.124945555,1
warmup,30,30,nb,0,2048,25165824,230.087661040,0.112347491,0.098443783,0.125208884,1
warmup,31,31,nb,0,2048,25165824,231.142472817,0.112862536,0.098600356,0.125275422,1
warmup,32,32,nb,0,2048,25165824,230.538881430,0.112567813,0.098389211,0.125264181,1
warmup,33,33,nb,0,2048,25165824,230.683100511,0.112638233,0.098434716,0.124930043,1
warmup,34,34,nb,0,2048,25165824,230.034046545,0.112321312,0.098646763,0.125191765,1
warmup,35,35,nb,0,2048,25165824,230.473122421,0.112535704,0.098200737,0.125062131,1
warmup,36,36,nb,0,2048,25165824,230.566856740,0.112581473,0.098314541,0.124940068,1
warmup,37,37,nb,0,2048,25165824,230.500933975,0.112549284,0.098484949,0.124990093,1
warmup,38,38,nb,0,2048,25165824,230.405581690,0.112502725,0.098326784,0.124942506,1
warmup,39,39,nb,0,2048,25165824,230.352811736,0.112476959,0.098402836,0.124856732,1
warmup,40,40,nb,0,2048,25165824,230.400486557,0.112500238,0.098463519,0.124948003,1
warmup,41,41,nb,0,2048,25165824,229.712287968,0.112164203,0.098114175,0.124917607,1
warmup,42,42,nb,0,2048,25165824,230.445426973,0.112522181,0.098383079,0.124729971,1
warmup,43,43,nb,0,2048,25165824,230.455769796,0.112527231,0.098222668,0.124569543,1
warmup,44,44,nb,0,2048,25165824,230.059375362,0.112333679,0.098398037,0.124553914,1
warmup,45,45,nb,0,2048,25165824,230.055686558,0.112331878,0.098353824,0.124797564,1
warmup,46,46,nb,0,2048,25165824,230.301264358,0.112451789,0.098475913,0.125063631,1
warmup,47,47,nb,0,2048,25165824,230.529980059,0.112563467,0.098422733,0.124627826,1
warmup,48,48,nb,0,2048,25165824,230.407327998,0.112503578,0.098232798,0.124893665,1
warmup,49,49,nb,0,2048,25165824,230.216900192,0.112410596,0.098277671,0.124212424,1
actual,0,50,nb,0,2048,25165824,230.431043471,0.112515158,0.098367871,0.124810565,1
actual,1,51,nb,0,2048,25165824,230.449257538,0.112524052,0.099098631,0.124820100,1
actual,2,52,nb,0,2048,25165824,230.294177301,0.112448329,0.098374504,0.124635276,1
actual,3,53,nb,0,2048,25165824,230.386085810,0.112493206,0.098508033,0.124804655,1
actual,4,54,nb,0,2048,25165824,230.614807938,0.112604887,0.098508123,0.124501908,1
actual,5,55,nb,0,2048,25165824,230.830388084,0.112710150,0.098304031,0.124905541,1
actual,6,56,nb,0,2048,25165824,230.550164630,0.112573323,0.098193203,0.125161164,1
actual,7,57,nb,0,2048,25165824,230.606316783,0.112600741,0.098497243,0.124700176,1
actual,8,58,nb,0,2048,25165824,230.007822484,0.112308507,0.098217278,0.124256285,1
actual,9,59,nb,0,2048,25165824,230.581446501,0.112588597,0.098453642,0.124449418,1
actual,10,60,nb,0,2048,25165824,230.122888553,0.112364692,0.098316484,0.124501385,1
actual,11,61,nb,0,2048,25165824,230.762916622,0.112677205,0.098138670,0.124896921,1
actual,12,62,nb,0,2048,25165824,230.488740000,0.112543330,0.098485511,0.124600113,1
actual,13,63,nb,0,2048,25165824,230.508749954,0.112553101,0.098531727,0.125003512,1
actual,14,64,nb,0,2048,25165824,230.514679963,0.112555996,0.098258816,0.124425423,1
actual,15,65,nb,0,2048,25165824,230.771285480,0.112681292,0.098353112,0.124929422,1
actual,16,66,nb,0,2048,25165824,230.657993519,0.112625973,0.098719771,0.124938606,1
actual,17,67,nb,0,2048,25165824,230.620761287,0.112607794,0.098963628,0.124654993,1
actual,18,68,nb,0,2048,25165824,230.561158581,0.112578691,0.098950383,0.124564942,1
actual,19,69,nb,0,2048,25165824,230.682300562,0.112637842,0.098526838,0.124865529,1
actual,20,70,nb,0,2048,25165824,233.373041778,0.113951681,0.098837702,0.126353202,1
actual,21,71,nb,0,2048,25165824,230.720354603,0.112656423,0.098497033,0.124847886,1
actual,22,72,nb,0,2048,25165824,230.956753828,0.112771852,0.098751249,0.124558081,1
actual,23,73,nb,0,2048,25165824,230.179828025,0.112392494,0.098500729,0.124622893,1
actual,24,74,nb,0,2048,25165824,230.681167726,0.112637289,0.098382978,0.124627932,1
actual,25,75,nb,0,2048,25165824,231.059668371,0.112822104,0.100295571,0.125078108,1
actual,26,76,nb,0,2048,25165824,230.975786999,0.112781146,0.098993679,0.125003978,1
actual,27,77,nb,0,2048,25165824,231.208959234,0.112895000,0.099859187,0.125362867,1
actual,28,78,nb,0,2048,25165824,230.676799538,0.112635156,0.098347021,0.124481047,1
actual,29,79,nb,0,2048,25165824,230.512221954,0.112554796,0.098603142,0.124841941,1
actual,30,80,nb,0,2048,25165824,230.437237307,0.112518182,0.098316926,0.124964536,1
actual,31,81,nb,0,2048,25165824,230.520956615,0.112559061,0.098620494,0.125135340,1
actual,32,82,nb,0,2048,25165824,231.376402024,0.112976759,0.098719911,0.125275253,1
actual,33,83,nb,0,2048,25165824,230.643366947,0.112618832,0.098357181,0.124971027,1
actual,34,84,nb,0,2048,25165824,230.992019736,0.112789072,0.098418505,0.125032563,1
actual,35,85,nb,0,2048,25165824,230.441937557,0.112520477,0.098357511,0.124924783,1
actual,36,86,nb,0,2048,25165824,230.144280098,0.112375137,0.098213841,0.124921147,1
actual,37,87,nb,0,2048,25165824,231.260553763,0.112920192,0.098338295,0.124465966,1
actual,38,88,nb,0,2048,25165824,230.676120761,0.112634825,0.098439836,0.124753458,1
actual,39,89,nb,0,2048,25165824,230.199283236,0.112401994,0.098234289,0.124356824,1
actual,40,90,nb,0,2048,25165824,230.544968705,0.112570786,0.098527880,0.124747513,1
actual,41,91,nb,0,2048,25165824,231.533551076,0.113053492,0.098566302,0.127577710,1
actual,42,92,nb,0,2048,25165824,230.751831939,0.112671793,0.099199389,0.125191070,1
actual,43,93,nb,0,2048,25165824,230.536372426,0.112566588,0.098704211,0.124766523,1
actual,44,94,nb,0,2048,25165824,230.617906965,0.112606400,0.098741110,0.124981974,1
actual,45,95,nb,0,2048,25165824,230.518625804,0.112557923,0.098726593,0.124952248,1
actual,46,96,nb,0,2048,25165824,230.033485707,0.112321038,0.098542608,0.124389274,1
actual,47,97,nb,0,2048,25165824,230.320273887,0.112461071,0.098428554,0.124396248,1
actual,48,98,nb,0,2048,25165824,230.544385698,0.112570501,0.099443517,0.124179180,1
actual,49,99,nb,0,2048,25165824,229.780568669,0.112197543,0.099167708,0.124040270,1
warmup,0,0,nb,0,2048,33554432,259.945780177,0.126926650,0.110642124,0.140125322,1
warmup,1,1,nb,0,2048,33554432,259.982384989,0.126944524,0.110594485,0.140177683,1
warmup,2,2,nb,0,2048,33554432,260.427234993,0.127161736,0.110488005,0.140542067,1
warmup,3,3,nb,0,2048,33554432,260.590756905,0.127241581,0.110512311,0.140386277,1
warmup,4,4,nb,0,2048,33554432,260.248629368,0.127074526,0.110530917,0.140058992,1
warmup,5,5,nb,0,2048,33554432,260.535087156,0.127214398,0.110986049,0.140632856,1
warmup,6,6,nb,0,2048,33554432,259.700306355,0.126806790,0.110894773,0.140547215,1
warmup,7,7,nb,0,2048,33554432,261.721361824,0.127793634,0.111162978,0.139631031,1
warmup,8,8,nb,0,2048,33554432,261.067580360,0.127474404,0.110603782,0.140285262,1
warmup,9,9,nb,0,2048,33554432,260.165802455,0.127034083,0.110367980,0.140169575,1
warmup,10,10,nb,0,2048,33554432,261.307027074,0.127591322,0.110602140,0.140282068,1
warmup,11,11,nb,0,2048,33554432,261.156143043,0.127517648,0.110637455,0.139904498,1
warmup,12,12,nb,0,2048,33554432,260.107250069,0.127005493,0.110609303,0.140237432,1
warmup,13,13,nb,0,2048,33554432,261.531875862,0.127701111,0.110791966,0.140162151,1
warmup,14,14,nb,0,2048,33554432,261.959486485,0.127909906,0.111267224,0.140413882,1
warmup,15,15,nb,0,2048,33554432,262.297133982,0.128074772,0.110969017,0.139832524,1
warmup,16,16,nb,0,2048,33554432,260.700347965,0.127295092,0.111098889,0.140066472,1
warmup,17,17,nb,0,2048,33554432,259.668754906,0.126791384,0.111080125,0.139368867,1
warmup,18,18,nb,0,2048,33554432,260.128042074,0.127015646,0.110793035,0.140266163,1
warmup,19,19,nb,0,2048,33554432,260.085065696,0.126994661,0.110719490,0.140091462,1
warmup,20,20,nb,0,2048,33554432,259.805410657,0.126858111,0.110604414,0.139946808,1
warmup,21,21,nb,0,2048,33554432,260.091289196,0.126997700,0.110849431,0.140065139,1
warmup,22,22,nb,0,2048,33554432,260.514740240,0.127204463,0.110746716,0.139628857,1
warmup,23,23,nb,0,2048,33554432,259.389366275,0.126654964,0.110623716,0.139718231,1
warmup,24,24,nb,0,2048,33554432,259.962657194,0.126934891,0.110769233,0.139593441,1
warmup,25,25,nb,0,2048,33554432,260.652911295,0.127271929,0.110790422,0.140057087,1
warmup,26,26,nb,0,2048,33554432,260.440484999,0.127168206,0.110855994,0.140238577,1
warmup,27,27,nb,0,2048,33554432,260.463445090,0.127179417,0.110846246,0.140392164,1
warmup,28,28,nb,0,2048,33554432,260.248847336,0.127074632,0.110543921,0.140334043,1
warmup,29,29,nb,0,2048,33554432,261.609600958,0.127739063,0.110994834,0.140496137,1
warmup,30,30,nb,0,2048,33554432,260.832312273,0.127359527,0.110691577,0.140514684,1
warmup,31,31,nb,0,2048,33554432,262.375101631,0.128112843,0.110808276,0.139783975,1
warmup,32,32,nb,0,2048,33554432,261.567551842,0.127718531,0.110647875,0.140123179,1
warmup,33,33,nb,0,2048,33554432,260.666794056,0.127278708,0.110897021,0.140397585,1
warmup,34,34,nb,0,2048,33554432,260.311058479,0.127105009,0.110608922,0.140773647,1
warmup,35,35,nb,0,2048,33554432,260.197843052,0.127049728,0.110911447,0.140241379,1
warmup,36,36,nb,0,2048,33554432,261.648544729,0.127758078,0.110537034,0.140881860,1
warmup,37,37,nb,0,2048,33554432,260.403453055,0.127150124,0.110989495,0.139648131,1
warmup,38,38,nb,0,2048,33554432,260.384418624,0.127140829,0.110839719,0.140770333,1
warmup,39,39,nb,0,2048,33554432,260.434162219,0.127165118,0.110741841,0.141137299,1
warmup,40,40,nb,0,2048,33554432,260.639562416,0.127265411,0.110887513,0.140410068,1
warmup,41,41,nb,0,2048,33554432,262.476042552,0.128162130,0.110984495,0.140625262,1
warmup,42,42,nb,0,2048,33554432,261.391126520,0.127632386,0.110423149,0.140771033,1
warmup,43,43,nb,0,2048,33554432,260.145192044,0.127024020,0.110757990,0.140093716,1
warmup,44,44,nb,0,2048,33554432,259.806287854,0.126858539,0.110657533,0.139780156,1
warmup,45,45,nb,0,2048,33554432,260.676291433,0.127283345,0.110888823,0.139853422,1
warmup,46,46,nb,0,2048,33554432,261.583795683,0.127726463,0.110734177,0.139695337,1
warmup,47,47,nb,0,2048,33554432,261.708552255,0.127787379,0.111159420,0.140414714,1
warmup,48,48,nb,0,2048,33554432,261.354914224,0.127614704,0.111438397,0.140104267,1
warmup,49,49,nb,0,2048,33554432,260.233050176,0.127066919,0.111055067,0.140096528,1
actual,0,50,nb,0,2048,33554432,260.907414154,0.127396198,0.110947198,0.140281247,1
actual,1,51,nb,0,2048,33554432,260.924338180,0.127404462,0.111087150,0.140356555,1
actual,2,52,nb,0,2048,33554432,260.646212309,0.127268658,0.111079715,0.141145725,1
actual,3,53,nb,0,2048,33554432,260.219431356,0.127060269,0.111317120,0.140715079,1
actual,4,54,nb,0,2048,33554432,260.940584724,0.127412395,0.110873309,0.140830190,1
actual,5,55,nb,0,2048,33554432,261.214727606,0.127546254,0.111062464,0.141130126,1
actual,6,56,nb,0,2048,33554432,260.009866319,0.126957943,0.111029612,0.140862394,1
actual,7,57,nb,0,2048,33554432,261.748297941,0.127806786,0.111077733,0.140437139,1
actual,8,58,nb,0,2048,33554432,262.020098697,0.127939501,0.111040253,0.140755114,1
actual,9,59,nb,0,2048,33554432,262.208660885,0.128031573,0.110871738,0.140734084,1
actual,10,60,nb,0,2048,33554432,260.520027093,0.127207044,0.110842222,0.140478626,1
actual,11,61,nb,0,2048,33554432,260.855079381,0.127370644,0.111297605,0.140649584,1
actual,12,62,nb,0,2048,33554432,260.569402412,0.127231154,0.111121409,0.140370894,1
actual,13,63,nb,0,2048,33554432,260.623959215,0.127257793,0.111126234,0.140026744,1
actual,14,64,nb,0,2048,33554432,260.616704314,0.127254250,0.110740028,0.140487621,1
actual,15,65,nb,0,2048,33554432,260.286900381,0.127093213,0.110721105,0.140506318,1
actual,16,66,nb,0,2048,33554432,259.711607286,0.126812308,0.110668119,0.140293911,1
actual,17,67,nb,0,2048,33554432,260.286554490,0.127093044,0.111063988,0.141123223,1
actual,18,68,nb,0,2048,33554432,260.486937552,0.127190887,0.110991739,0.140706663,1
actual,19,69,nb,0,2048,33554432,260.238559024,0.127069609,0.111063767,0.140402213,1
actual,20,70,nb,0,2048,33554432,260.251411595,0.127075885,0.111084079,0.140493463,1
actual,21,71,nb,0,2048,33554432,260.403024599,0.127149914,0.111180164,0.140596968,1
actual,22,72,nb,0,2048,33554432,260.768649562,0.127328442,0.111152343,0.140359694,1
actual,23,73,nb,0,2048,33554432,260.228624380,0.127064758,0.111337633,0.140773178,1
actual,24,74,nb,0,2048,33554432,260.905049587,0.127395044,0.111187769,0.141001876,1
actual,25,75,nb,0,2048,33554432,261.991536647,0.127925555,0.112578462,0.140077342,1
actual,26,76,nb,0,2048,33554432,260.437444180,0.127166721,0.111266486,0.140862605,1
actual,27,77,nb,0,2048,33554432,260.988554977,0.127435818,0.111166829,0.140816288,1
actual,28,78,nb,0,2048,33554432,260.904693147,0.127394870,0.111170761,0.140581699,1
actual,29,79,nb,0,2048,33554432,260.833946601,0.127360325,0.111234060,0.141038517,1
actual,30,80,nb,0,2048,33554432,260.868621988,0.127377257,0.111140037,0.141280744,1
actual,31,81,nb,0,2048,33554432,260.930021153,0.127407237,0.111165672,0.140835535,1
actual,32,82,nb,0,2048,33554432,260.192532789,0.127047135,0.111184998,0.141476555,1
actual,33,83,nb,0,2048,33554432,260.698083021,0.127293986,0.111171253,0.140858538,1
actual,34,84,nb,0,2048,33554432,260.346760770,0.127122442,0.111067227,0.141126809,1
actual,35,85,nb,0,2048,33554432,260.134960076,0.127019023,0.111303010,0.141010252,1
actual,36,86,nb,0,2048,33554432,260.544259661,0.127218877,0.111111901,0.140401043,1
actual,37,87,nb,0,2048,33554432,261.496118840,0.127683652,0.111043954,0.140869176,1
actual,38,88,nb,0,2048,33554432,260.481786424,0.127188372,0.111222468,0.140714298,1
actual,39,89,nb,0,2048,33554432,260.905725030,0.127395374,0.111098085,0.141286870,1
actual,40,90,nb,0,2048,33554432,260.587977835,0.127240224,0.111151876,0.140419997,1
actual,41,91,nb,0,2048,33554432,259.933752398,0.126920778,0.110826236,0.140859319,1
actual,42,92,nb,0,2048,33554432,260.426270646,0.127161265,0.110989963,0.141524605,1
actual,43,93,nb,0,2048,33554432,260.751037151,0.127319842,0.111113200,0.140887171,1
actual,44,94,nb,0,2048,33554432,261.049068903,0.127465366,0.111239510,0.140403616,1
actual,45,95,nb,0,2048,33554432,261.391698010,0.127632665,0.111110188,0.141648216,1
actual,46,96,nb,0,2048,33554432,261.455546237,0.127663841,0.111077096,0.144452641,1
actual,47,97,nb,0,2048,33554432,260.124144180,0.127013742,0.110733437,0.140692798,1
actual,48,98,nb,0,2048,33554432,259.936182441,0.126921964,0.110646729,0.140922237,1
actual,49,99,nb,0,2048,33554432,260.847034013,0.127366716,0.110816955,0.141007597,1
