phase,phase_iteration,global_iteration,algorithm,root,nproc,message_size_bytes,time_sum_sec,avg_latency_sec,min_time_sec,max_time_sec,correct
warmup,0,0,tree,0,1024,2,1.572125740,0.001535279,0.000031048,0.003648936,1
warmup,1,1,tree,0,1024,2,0.214754011,0.000209721,0.000001483,0.000408966,1
warmup,2,2,tree,0,1024,2,0.498299058,0.000486620,0.000001122,0.001511585,1
warmup,3,3,tree,0,1024,2,0.209736685,0.000204821,0.000002895,0.001423695,1
warmup,4,4,tree,0,1024,2,0.229554526,0.000224174,0.000001293,0.001445912,1
warmup,5,5,tree,0,1024,2,0.338251723,0.000330324,0.000000961,0.001437235,1
warmup,6,6,tree,0,1024,2,0.204482045,0.000199689,0.000001112,0.000389050,1
warmup,7,7,tree,0,1024,2,0.193169663,0.000188642,0.000001152,0.001367735,1
warmup,8,8,tree,0,1024,2,0.200971492,0.000196261,0.000001212,0.001354084,1
warmup,9,9,tree,0,1024,2,0.219093324,0.000213958,0.000001322,0.001546772,1
warmup,10,10,tree,0,1024,2,0.294764721,0.000287856,0.000001032,0.001397892,1
warmup,11,11,tree,0,1024,2,0.208805061,0.000203911,0.000004348,0.001355999,1
warmup,12,12,tree,0,1024,2,0.274886400,0.000268444,0.000001032,0.001454168,1
warmup,13,13,tree,0,1024,2,0.197150287,0.000192530,0.000001001,0.001287905,1
warmup,14,14,tree,0,1024,2,0.201377491,0.000196658,0.000001152,0.001171339,1
warmup,15,15,tree,0,1024,2,0.183355462,0.000179058,0.000001072,0.000410118,1
warmup,16,16,tree,0,1024,2,0.186968630,0.000182587,0.000001032,0.000388008,1
warmup,17,17,tree,0,1024,2,0.195991122,0.000191398,0.000001332,0.001403952,1
warmup,18,18,tree,0,1024,2,0.190054327,0.000185600,0.000001382,0.000356058,1
warmup,19,19,tree,0,1024,2,0.179765914,0.000175553,0.000001021,0.000367141,1
warmup,20,20,tree,0,1024,2,0.189745368,0.000185298,0.000001012,0.000389571,1
warmup,21,21,tree,0,1024,2,0.179304801,0.000175102,0.000001433,0.000349307,1
warmup,22,22,tree,0,1024,2,0.191012390,0.000186536,0.000001262,0.000353716,1
warmup,23,23,tree,0,1024,2,0.185863768,0.000181508,0.000001022,0.000390121,1
warmup,24,24,tree,0,1024,2,0.187839823,0.000183437,0.000001283,0.000374192,1
warmup,25,25,tree,0,1024,2,0.182062108,0.000177795,0.000001072,0.000333435,1
warmup,26,26,tree,0,1024,2,0.191688044,0.000187195,0.000001232,0.000350860,1
warmup,27,27,tree,0,1024,2,0.196201124,0.000191603,0.000001473,0.001391095,1
warmup,28,28,tree,0,1024,2,0.188177551,0.000183767,0.000001052,0.000359414,1
warmup,29,29,tree,0,1024,2,0.184253278,0.000179935,0.000001072,0.001364266,1
warmup,30,30,tree,0,1024,2,0.188509658,0.000184091,0.000001223,0.001380685,1
warmup,31,31,tree,0,1024,2,0.184097694,0.000179783,0.000001002,0.001354228,1
warmup,32,32,tree,0,1024,2,0.208767663,0.000203875,0.000000962,0.001339783,1
warmup,33,33,tree,0,1024,2,0.184972471,0.000180637,0.000001062,0.000380985,1
warmup,34,34,tree,0,1024,2,0.189265796,0.000184830,0.000001032,0.000402966,1
warmup,35,35,tree,0,1024,2,0.215826228,0.000210768,0.000001112,0.001435409,1
warmup,36,36,tree,0,1024,2,0.189422638,0.000184983,0.000001052,0.000366207,1
warmup,37,37,tree,0,1024,2,0.184413621,0.000180091,0.000000991,0.001275141,1
warmup,38,38,tree,0,1024,2,0.190873849,0.000186400,0.000001272,0.000355969,1
warmup,39,39,tree,0,1024,2,0.185140008,0.000180801,0.000000992,0.001305489,1
warmup,40,40,tree,0,1024,2,0.194248530,0.000189696,0.000001102,0.000370036,1
warmup,41,41,tree,0,1024,2,0.189343806,0.000184906,0.000000962,0.001303762,1
warmup,42,42,tree,0,1024,2,0.184667257,0.000180339,0.000001172,0.000357641,1
warmup,43,43,tree,0,1024,2,0.176039770,0.000171914,0.000001102,0.000328267,1
warmup,44,44,tree,0,1024,2,0.186779605,0.000182402,0.000001082,0.001320533,1
warmup,45,45,tree,0,1024,2,0.176749294,0.000172607,0.000000942,0.000326452,1
warmup,46,46,tree,0,1024,2,0.189373196,0.000184935,0.000001022,0.000381746,1
warmup,47,47,tree,0,1024,2,0.178302875,0.000174124,0.000001082,0.000335038,1
warmup,48,48,tree,0,1024,2,0.179186146,0.000174986,0.000001022,0.000338894,1
warmup,49,49,tree,0,1024,2,0.179004910,0.000174809,0.000001032,0.000342674,1
actual,0,50,tree,0,1024,2,0.191835093,0.000187339,0.000001002,0.001265249,1
actual,1,51,tree,0,1024,2,0.187842542,0.000183440,0.000000992,0.000339707,1
actual,2,52,tree,0,1024,2,0.183081940,0.000178791,0.000001252,0.000370585,1
actual,3,53,tree,0,1024,2,0.184796358,0.000180465,0.000001253,0.000334880,1
actual,4,54,tree,0,1024,2,0.225985843,0.000220689,0.000001002,0.001435080,1
actual,5,55,tree,0,1024,2,0.184835089,0.000180503,0.000000942,0.000378580,1
actual,6,56,tree,0,1024,2,0.188592018,0.000184172,0.000001123,0.001381450,1
actual,7,57,tree,0,1024,2,0.178675942,0.000174488,0.000001062,0.000332926,1
actual,8,58,tree,0,1024,2,0.189499356,0.000185058,0.000001042,0.000383831,1
actual,9,59,tree,0,1024,2,0.188377762,0.000183963,0.000000972,0.000383518,1
actual,10,60,tree,0,1024,2,0.190345427,0.000185884,0.000001112,0.000372621,1
actual,11,61,tree,0,1024,2,0.182429987,0.000178154,0.000001042,0.000356459,1
actual,12,62,tree,0,1024,2,0.182124707,0.000177856,0.000001192,0.000363081,1
actual,13,63,tree,0,1024,2,0.187025965,0.000182643,0.000000991,0.000406421,1
actual,14,64,tree,0,1024,2,0.188137175,0.000183728,0.000000971,0.000373551,1
actual,15,65,tree,0,1024,2,0.186960540,0.000182579,0.000001162,0.000368670,1
actual,16,66,tree,0,1024,2,0.185148681,0.000180809,0.000001503,0.000384311,1
actual,17,67,tree,0,1024,2,0.182080593,0.000177813,0.000001002,0.000374080,1
actual,18,68,tree,0,1024,2,0.183372378,0.000179075,0.000000952,0.000365989,1
actual,19,69,tree,0,1024,2,0.172729860,0.000168682,0.000000952,0.000363391,1
actual,20,70,tree,0,1024,2,0.227719548,0.000222382,0.000000922,0.001409589,1
actual,21,71,tree,0,1024,2,0.182919483,0.000178632,0.000001342,0.000339649,1
actual,22,72,tree,0,1024,2,0.186580167,0.000182207,0.000001001,0.000374192,1
actual,23,73,tree,0,1024,2,0.179689066,0.000175478,0.000001002,0.000336463,1
actual,24,74,tree,0,1024,2,0.187459610,0.000183066,0.000000952,0.000357843,1
actual,25,75,tree,0,1024,2,0.180891797,0.000176652,0.000001052,0.000336903,1
actual,26,76,tree,0,1024,2,0.193456401,0.000188922,0.000001422,0.000382288,1
actual,27,77,tree,0,1024,2,0.178283883,0.000174105,0.000000972,0.000332585,1
actual,28,78,tree,0,1024,2,0.189692225,0.000185246,0.000001012,0.000355939,1
actual,29,79,tree,0,1024,2,0.180424882,0.000176196,0.000000912,0.000336502,1
actual,30,80,tree,0,1024,2,0.187798706,0.000183397,0.000001112,0.000371336,1
actual,31,81,tree,0,1024,2,0.172121512,0.000168087,0.000001032,0.000336533,1
actual,32,82,tree,0,1024,2,0.190497613,0.000186033,0.000001042,0.000369102,1
actual,33,83,tree,0,1024,2,0.180923437,0.000176683,0.000000962,0.000397414,1
actual,34,84,tree,0,1024,2,0.182697843,0.000178416,0.000001172,0.000342093,1
actual,35,85,tree,0,1024,2,0.183679217,0.000179374,0.000001052,0.000364624,1
actual,36,86,tree,0,1024,2,0.186828135,0.000182449,0.000001052,0.000369714,1
actual,37,87,tree,0,1024,2,0.177154779,0.000173003,0.000000992,0.000351600,1
actual,38,88,tree,0,1024,2,0.186408235,0.000182039,0.000000931,0.000358094,1
actual,39,89,tree,0,1024,2,0.177346270,0.000173190,0.000000962,0.000346359,1
actual,40,90,tree,0,1024,2,0.287259366,0.000280527,0.000001212,0.000442072,1
actual,41,91,tree,0,1024,2,0.174452520,0.000170364,0.000001062,0.000340659,1
actual,42,92,tree,0,1024,2,0.185147039,0.000180808,0.000001052,0.000377256,1
actual,43,93,tree,0,1024,2,0.182741742,0.000178459,0.000000972,0.000354305,1
actual,44,94,tree,0,1024,2,0.187009484,0.000182626,0.000000981,0.000346452,1
actual,45,95,tree,0,1024,2,0.181148147,0.000176902,0.000001052,0.000335731,1
actual,46,96,tree,0,1024,2,0.190536867,0.000186071,0.000000972,0.000378430,1
actual,47,97,tree,0,1024,2,0.182633774,0.000178353,0.000001222,0.000337575,1
actual,48,98,tree,0,1024,2,0.189318120,0.000184881,0.000001002,0.000388759,1
actual,49,99,tree,0,1024,2,0.177716130,0.000173551,0.000001022,0.000326955,1
warmup,0,0,tree,0,1024,3,0.187783304,0.000183382,0.000000941,0.000380025,1
warmup,1,1,tree,0,1024,3,0.179843143,0.000175628,0.000000962,0.000341642,1
warmup,2,2,tree,0,1024,3,0.190192190,0.000185735,0.000000902,0.000371857,1
warmup,3,3,tree,0,1024,3,0.172176089,0.000168141,0.000000972,0.000321424,1
warmup,4,4,tree,0,1024,3,0.184770145,0.000180440,0.000001082,0.000340570,1
warmup,5,5,tree,0,1024,3,0.176538229,0.000172401,0.000001012,0.000374882,1
warmup,6,6,tree,0,1024,3,0.185186608,0.000180846,0.000000921,0.000377710,1
warmup,7,7,tree,0,1024,3,0.180127269,0.000175906,0.000001332,0.000337754,1
warmup,8,8,tree,0,1024,3,0.191487862,0.000187000,0.000000972,0.000362559,1
warmup,9,9,tree,0,1024,3,0.183881327,0.000179572,0.000001433,0.000335519,1
warmup,10,10,tree,0,1024,3,0.191554263,0.000187065,0.000001032,0.000352954,1
warmup,11,11,tree,0,1024,3,0.176911279,0.000172765,0.000001172,0.000329077,1
warmup,12,12,tree,0,1024,3,0.188054350,0.000183647,0.000000912,0.000336140,1
warmup,13,13,tree,0,1024,3,0.181469969,0.000177217,0.000001262,0.000382728,1
warmup,14,14,tree,0,1024,3,0.186356747,0.000181989,0.000001283,0.000346662,1
warmup,15,15,tree,0,1024,3,0.187653711,0.000183256,0.000000992,0.000349688,1
warmup,16,16,tree,0,1024,3,0.182904743,0.000178618,0.000001293,0.000368922,1
warmup,17,17,tree,0,1024,3,0.182401881,0.000178127,0.000001072,0.000339969,1
warmup,18,18,tree,0,1024,3,0.183025270,0.000178736,0.000000991,0.000340150,1
warmup,19,19,tree,0,1024,3,0.178772073,0.000174582,0.000001012,0.000356929,1
warmup,20,20,tree,0,1024,3,0.184258450,0.000179940,0.000001082,0.000358013,1
warmup,21,21,tree,0,1024,3,0.181027989,0.000176785,0.000001032,0.000379761,1
warmup,22,22,tree,0,1024,3,0.188252517,0.000183840,0.000001032,0.000345620,1
warmup,23,23,tree,0,1024,3,0.185414841,0.000181069,0.000001092,0.000352962,1
warmup,24,24,tree,0,1024,3,0.183100579,0.000178809,0.000000912,0.000350890,1
warmup,25,25,tree,0,1024,3,0.185516476,0.000181168,0.000001022,0.000365996,1
warmup,26,26,tree,0,1024,3,0.182226203,0.000177955,0.000000972,0.000340570,1
warmup,27,27,tree,0,1024,3,0.177633361,0.000173470,0.000000922,0.000381346,1
warmup,28,28,tree,0,1024,3,0.187631879,0.000183234,0.000001142,0.000363463,1
warmup,29,29,tree,0,1024,3,0.183401335,0.000179103,0.000000962,0.000367780,1
warmup,30,30,tree,0,1024,3,0.194698055,0.000190135,0.000000952,0.000369363,1
warmup,31,31,tree,0,1024,3,0.178855746,0.000174664,0.000001292,0.000362089,1
warmup,32,32,tree,0,1024,3,0.186696887,0.000182321,0.000000972,0.000350689,1
warmup,33,33,tree,0,1024,3,0.180642312,0.000176409,0.000001072,0.000347181,1
warmup,34,34,tree,0,1024,3,0.177774007,0.000173607,0.000001182,0.000343947,1
warmup,35,35,tree,0,1024,3,0.178377218,0.000174197,0.000001012,0.000334326,1
warmup,36,36,tree,0,1024,3,0.187276371,0.000182887,0.000001162,0.000391294,1
warmup,37,37,tree,0,1024,3,0.257558719,0.000251522,0.000001263,0.001504412,1
warmup,38,38,tree,0,1024,3,0.188251510,0.000183839,0.000000982,0.000348205,1
warmup,39,39,tree,0,1024,3,0.180202247,0.000175979,0.000000961,0.000341700,1
warmup,40,40,tree,0,1024,3,0.189043482,0.000184613,0.000000942,0.000361499,1
warmup,41,41,tree,0,1024,3,0.180301881,0.000176076,0.000000931,0.000336831,1
warmup,42,42,tree,0,1024,3,0.188394828,0.000183979,0.000001012,0.000379769,1
warmup,43,43,tree,0,1024,3,0.188672923,0.000184251,0.000000992,0.000345016,1
warmup,44,44,tree,0,1024,3,0.186338997,0.000181972,0.000001052,0.000351561,1
warmup,45,45,tree,0,1024,3,0.180126733,0.000175905,0.000000962,0.000329197,1
warmup,46,46,tree,0,1024,3,0.190667686,0.000186199,0.000001362,0.000353033,1
warmup,47,47,tree,0,1024,3,0.181667868,0.000177410,0.000001092,0.000352733,1
warmup,48,48,tree,0,1024,3,0.184095895,0.000179781,0.000001031,0.000380934,1
warmup,49,49,tree,0,1024,3,0.179415208,0.000175210,0.000000962,0.000355607,1
actual,0,50,tree,0,1024,3,0.188493035,0.000184075,0.000001002,0.000368712,1
actual,1,51,tree,0,1024,3,0.180013849,0.000175795,0.000000972,0.000331110,1
actual,2,52,tree,0,1024,3,0.184359483,0.000180039,0.000001072,0.000343665,1
actual,3,53,tree,0,1024,3,0.180979515,0.000176738,0.000000992,0.000352703,1
actual,4,54,tree,0,1024,3,0.183543758,0.000179242,0.000000972,0.000347542,1
actual,5,55,tree,0,1024,3,0.180010807,0.000175792,0.000001032,0.000375353,1
actual,6,56,tree,0,1024,3,0.182645325,0.000178365,0.000001062,0.000332956,1
actual,7,57,tree,0,1024,3,0.188543304,0.000184124,0.000001122,0.000353074,1
actual,8,58,tree,0,1024,3,0.183057912,0.000178767,0.000001262,0.000359796,1
actual,9,59,tree,0,1024,3,0.188462238,0.000184045,0.000000951,0.000321323,1
actual,10,60,tree,0,1024,3,0.188064037,0.000183656,0.000001082,0.000343576,1
actual,11,61,tree,0,1024,3,0.178982522,0.000174788,0.000001082,0.000330871,1
actual,12,62,tree,0,1024,3,0.180991992,0.000176750,0.000000922,0.000345170,1
actual,13,63,tree,0,1024,3,0.185761496,0.000181408,0.000001052,0.000375553,1
actual,14,64,tree,0,1024,3,0.184091030,0.000179776,0.000000972,0.000344416,1
actual,15,65,tree,0,1024,3,0.178323432,0.000174144,0.000000882,0.000337452,1
actual,16,66,tree,0,1024,3,0.185384876,0.000181040,0.000000912,0.000359364,1
actual,17,67,tree,0,1024,3,0.177936849,0.000173766,0.000000992,0.000368481,1
actual,18,68,tree,0,1024,3,0.189900257,0.000185449,0.000000971,0.000351649,1
actual,19,69,tree,0,1024,3,0.178594427,0.000174409,0.000001022,0.000324228,1
actual,20,70,tree,0,1024,3,0.182359672,0.000178086,0.000001022,0.000344969,1
actual,21,71,tree,0,1024,3,0.187330037,0.000182939,0.000001002,0.000390190,1
actual,22,72,tree,0,1024,3,0.183182626,0.000178889,0.000000932,0.000346121,1
actual,23,73,tree,0,1024,3,0.177155739,0.000173004,0.000001252,0.000342632,1
actual,24,74,tree,0,1024,3,0.183628344,0.000179325,0.000000992,0.001218777,1
actual,25,75,tree,0,1024,3,0.177345455,0.000173189,0.000000941,0.000335321,1
actual,26,76,tree,0,1024,3,0.188164814,0.000183755,0.000001132,0.000340831,1
actual,27,77,tree,0,1024,3,0.181604927,0.000177349,0.000000972,0.000357740,1
actual,28,78,tree,0,1024,3,0.189899626,0.000185449,0.000000952,0.000340350,1
actual,29,79,tree,0,1024,3,0.190330014,0.000185869,0.000001052,0.001349047,1
actual,30,80,tree,0,1024,3,0.191035920,0.000186559,0.000001072,0.000369784,1
actual,31,81,tree,0,1024,3,0.179192079,0.000174992,0.000001152,0.000336654,1
actual,32,82,tree,0,1024,3,0.190656619,0.000186188,0.000001002,0.000338305,1
actual,33,83,tree,0,1024,3,0.174606414,0.000170514,0.000001222,0.000318980,1
actual,34,84,tree,0,1024,3,0.191252078,0.000186770,0.000000972,0.000346031,1
actual,35,85,tree,0,1024,3,0.180632132,0.000176399,0.000000952,0.000321432,1
actual,36,86,tree,0,1024,3,0.184772967,0.000180442,0.000001052,0.000341282,1
actual,37,87,tree,0,1024,3,0.177391033,0.000173233,0.000000972,0.000313488,1
actual,38,88,tree,0,1024,3,0.186361633,0.000181994,0.000001302,0.000351331,1
actual,39,89,tree,0,1024,3,0.178937218,0.000174743,0.000001042,0.000359604,1
actual,40,90,tree,0,1024,3,0.189491642,0.000185050,0.000001262,0.001426150,1
actual,41,91,tree,0,1024,3,0.181810577,0.000177549,0.000000991,0.000323135,1
actual,42,92,tree,0,1024,3,0.190464257,0.000186000,0.000000952,0.001426625,1
actual,43,93,tree,0,1024,3,0.177438575,0.000173280,0.000001032,0.000369413,1
actual,44,94,tree,0,1024,3,0.185564175,0.000181215,0.000001212,0.000353914,1
actual,45,95,tree,0,1024,3,0.177197658,0.000173045,0.000000892,0.000335371,1
actual,46,96,tree,0,1024,3,0.180959793,0.000176719,0.000001233,0.000330632,1
actual,47,97,tree,0,1024,3,0.180442382,0.000176213,0.000000982,0.000332002,1
actual,48,98,tree,0,1024,3,0.194200666,0.000189649,0.000001012,0.001426275,1
actual,49,99,tree,0,1024,3,0.181505297,0.000177251,0.000001062,0.000325442,1
warmup,0,0,tree,0,1024,4,0.188646581,0.000184225,0.000001032,0.001401024,1
warmup,1,1,tree,0,1024,4,0.179256333,0.000175055,0.000001072,0.000345189,1
warmup,2,2,tree,0,1024,4,0.197073692,0.000192455,0.000001012,0.000441885,1
warmup,3,3,tree,0,1024,4,0.176395550,0.000172261,0.000000941,0.000364694,1
warmup,4,4,tree,0,1024,4,0.183885068,0.000179575,0.000000972,0.000358724,1
warmup,5,5,tree,0,1024,4,0.183945090,0.000179634,0.000001092,0.000323728,1
warmup,6,6,tree,0,1024,4,0.187420462,0.000183028,0.000000941,0.000366309,1
warmup,7,7,tree,0,1024,4,0.180379006,0.000176151,0.000000952,0.000368353,1
warmup,8,8,tree,0,1024,4,0.183848442,0.000179539,0.000001032,0.000336002,1
warmup,9,9,tree,0,1024,4,0.186555671,0.000182183,0.000001001,0.000326101,1
warmup,10,10,tree,0,1024,4,0.184644132,0.000180317,0.000001022,0.000336784,1
warmup,11,11,tree,0,1024,4,0.177407868,0.000173250,0.000001072,0.000333836,1
warmup,12,12,tree,0,1024,4,0.186641361,0.000182267,0.000000982,0.000341831,1
warmup,13,13,tree,0,1024,4,0.182794682,0.000178510,0.000000972,0.000341800,1
warmup,14,14,tree,0,1024,4,0.177662665,0.000173499,0.000000972,0.000335601,1
warmup,15,15,tree,0,1024,4,0.175468743,0.000171356,0.000000972,0.000317626,1
warmup,16,16,tree,0,1024,4,0.194774282,0.000190209,0.000001202,0.001310046,1
warmup,17,17,tree,0,1024,4,0.179494800,0.000175288,0.000001423,0.000350710,1
warmup,18,18,tree,0,1024,4,0.182647632,0.000178367,0.000001182,0.000344237,1
warmup,19,19,tree,0,1024,4,0.182771090,0.000178487,0.000001052,0.000362070,1
warmup,20,20,tree,0,1024,4,0.185367535,0.000181023,0.000001022,0.000339679,1
warmup,21,21,tree,0,1024,4,0.178389411,0.000174208,0.000001513,0.000362570,1
warmup,22,22,tree,0,1024,4,0.188448718,0.000184032,0.000000982,0.000357973,1
warmup,23,23,tree,0,1024,4,0.179866111,0.000175650,0.000001042,0.000328125,1
warmup,24,24,tree,0,1024,4,0.188548840,0.000184130,0.000001243,0.000335612,1
warmup,25,25,tree,0,1024,4,0.180881031,0.000176642,0.000000961,0.000340087,1
warmup,26,26,tree,0,1024,4,0.186205240,0.000181841,0.000001032,0.000347193,1
warmup,27,27,tree,0,1024,4,0.182132668,0.000177864,0.000001062,0.000333606,1
warmup,28,28,tree,0,1024,4,0.189218362,0.000184784,0.000000922,0.000354366,1
warmup,29,29,tree,0,1024,4,0.181810105,0.000177549,0.000001272,0.000348094,1
warmup,30,30,tree,0,1024,4,0.178826787,0.000174636,0.000001042,0.000349057,1
warmup,31,31,tree,0,1024,4,0.181205302,0.000176958,0.000001012,0.000334319,1
warmup,32,32,tree,0,1024,4,0.184827934,0.000180496,0.000001012,0.000353705,1
warmup,33,33,tree,0,1024,4,0.184798276,0.000180467,0.000001222,0.000381476,1
warmup,34,34,tree,0,1024,4,0.187810372,0.000183409,0.000001072,0.000359927,1
warmup,35,35,tree,0,1024,4,0.185537375,0.000181189,0.000000942,0.000354474,1
warmup,36,36,tree,0,1024,4,0.183745355,0.000179439,0.000000962,0.000359917,1
warmup,37,37,tree,0,1024,4,0.183123101,0.000178831,0.000001303,0.000322054,1
warmup,38,38,tree,0,1024,4,0.189075815,0.000184644,0.000001132,0.000344007,1
warmup,39,39,tree,0,1024,4,0.181174331,0.000176928,0.000000961,0.000333275,1
warmup,40,40,tree,0,1024,4,0.188396614,0.000183981,0.000000962,0.000361931,1
warmup,41,41,tree,0,1024,4,0.178534269,0.000174350,0.000000952,0.000369113,1
warmup,42,42,tree,0,1024,4,0.188128544,0.000183719,0.000000952,0.000352373,1
warmup,43,43,tree,0,1024,4,0.171883499,0.000167855,0.000001162,0.000318909,1
warmup,44,44,tree,0,1024,4,0.185338072,0.000180994,0.000001072,0.000342143,1
warmup,45,45,tree,0,1024,4,0.174323202,0.000170238,0.000001022,0.000309512,1
warmup,46,46,tree,0,1024,4,0.186895765,0.000182515,0.000001012,0.000341793,1
warmup,47,47,tree,0,1024,4,0.178739253,0.000174550,0.000001082,0.000357421,1
warmup,48,48,tree,0,1024,4,0.191930461,0.000187432,0.000001042,0.000346902,1
warmup,49,49,tree,0,1024,4,0.174222634,0.000170139,0.000001072,0.000317054,1
actual,0,50,tree,0,1024,4,0.187003699,0.000182621,0.000001313,0.000347714,1
actual,1,51,tree,0,1024,4,0.179521854,0.000175314,0.000000972,0.000358723,1
actual,2,52,tree,0,1024,4,0.190758619,0.000186288,0.000001103,0.000323797,1
actual,3,53,tree,0,1024,4,0.180499836,0.000176269,0.000000962,0.000340380,1
actual,4,54,tree,0,1024,4,0.186686441,0.000182311,0.000001102,0.000344778,1
actual,5,55,tree,0,1024,4,0.183782197,0.000179475,0.000000992,0.001322045,1
actual,6,56,tree,0,1024,4,0.182227017,0.000177956,0.000001372,0.000360187,1
actual,7,57,tree,0,1024,4,0.186651587,0.000182277,0.000001012,0.000390690,1
actual,8,58,tree,0,1024,4,0.183189693,0.000178896,0.000000942,0.000394790,1
actual,9,59,tree,0,1024,4,0.182315953,0.000178043,0.000001042,0.000344918,1
actual,10,60,tree,0,1024,4,0.185369711,0.000181025,0.000001092,0.000394903,1
actual,11,61,tree,0,1024,4,0.178073766,0.000173900,0.000001032,0.000358512,1
actual,12,62,tree,0,1024,4,0.180465294,0.000176236,0.000001422,0.000340629,1
actual,13,63,tree,0,1024,4,0.180795837,0.000176558,0.000000942,0.000332192,1
actual,14,64,tree,0,1024,4,0.189415541,0.000184976,0.000001092,0.000375073,1
actual,15,65,tree,0,1024,4,0.174991760,0.000170890,0.000001072,0.000330993,1
actual,16,66,tree,0,1024,4,0.184438654,0.000180116,0.000000982,0.000339428,1
actual,17,67,tree,0,1024,4,0.181854494,0.000177592,0.000000962,0.000340066,1
actual,18,68,tree,0,1024,4,0.182359015,0.000178085,0.000000952,0.000343967,1
actual,19,69,tree,0,1024,4,0.187434460,0.000183041,0.000000952,0.000352420,1
actual,20,70,tree,0,1024,4,0.182500724,0.000178223,0.000000942,0.000376517,1
actual,21,71,tree,0,1024,4,0.180907034,0.000176667,0.000001232,0.000364413,1
actual,22,72,tree,0,1024,4,0.190134945,0.000185679,0.000000992,0.000373431,1
actual,23,73,tree,0,1024,4,0.178376974,0.000174196,0.000001022,0.000332674,1
actual,24,74,tree,0,1024,4,0.189452422,0.000185012,0.000000941,0.000338797,1
actual,25,75,tree,0,1024,4,0.185163632,0.000180824,0.000001112,0.000378939,1
actual,26,76,tree,0,1024,4,0.181300105,0.000177051,0.000000931,0.000350870,1
actual,27,77,tree,0,1024,4,0.178152051,0.000173977,0.000000942,0.001227205,1
actual,28,78,tree,0,1024,4,0.194340297,0.000189785,0.000001062,0.000360588,1
actual,29,79,tree,0,1024,4,0.182418040,0.000178143,0.000000981,0.000341611,1
actual,30,80,tree,0,1024,4,0.182172978,0.000177903,0.000001052,0.000341743,1
actual,31,81,tree,0,1024,4,0.177421839,0.000173264,0.000001263,0.000325291,1
actual,32,82,tree,0,1024,4,0.181824258,0.000177563,0.000000992,0.000346652,1
actual,33,83,tree,0,1024,4,0.181865785,0.000177603,0.000001012,0.000328165,1
actual,34,84,tree,0,1024,4,0.185622712,0.000181272,0.000001002,0.000338166,1
actual,35,85,tree,0,1024,4,0.180357681,0.000176131,0.000001052,0.000325420,1
actual,36,86,tree,0,1024,4,0.186833732,0.000182455,0.000000981,0.000339348,1
actual,37,87,tree,0,1024,4,0.180605352,0.000176372,0.000000972,0.000328927,1
actual,38,88,tree,0,1024,4,0.189551397,0.000185109,0.000001072,0.000340128,1
actual,39,89,tree,0,1024,4,0.179018218,0.000174822,0.000000932,0.000323176,1
actual,40,90,tree,0,1024,4,0.187943378,0.000183538,0.000000922,0.000345368,1
actual,41,91,tree,0,1024,4,0.174564875,0.000170474,0.000001312,0.000316844,1
actual,42,92,tree,0,1024,4,0.185271042,0.000180929,0.000001032,0.000340029,1
actual,43,93,tree,0,1024,4,0.179627514,0.000175417,0.000000982,0.000329830,1
actual,44,94,tree,0,1024,4,0.187627572,0.000183230,0.000001052,0.000360707,1
actual,45,95,tree,0,1024,4,0.178697994,0.000174510,0.000000972,0.000323095,1
actual,46,96,tree,0,1024,4,0.195136832,0.000190563,0.000001062,0.000401643,1
actual,47,97,tree,0,1024,4,0.182682204,0.000178401,0.000001042,0.000349928,1
actual,48,98,tree,0,1024,4,0.184349247,0.000180029,0.000001001,0.000345630,1
actual,49,99,tree,0,1024,4,0.179917851,0.000175701,0.000000972,0.000326613,1
warmup,0,0,tree,0,1024,6,0.185238818,0.000180897,0.000001162,0.000348335,1
warmup,1,1,tree,0,1024,6,0.176199004,0.000172069,0.000000972,0.000332585,1
warmup,2,2,tree,0,1024,6,0.184631858,0.000180305,0.000001362,0.000353886,1
warmup,3,3,tree,0,1024,6,0.181860315,0.000177598,0.000001072,0.000329017,1
warmup,4,4,tree,0,1024,6,0.182982091,0.000178693,0.000000961,0.000339969,1
warmup,5,5,tree,0,1024,6,0.177784455,0.000173618,0.000001052,0.000315151,1
warmup,6,6,tree,0,1024,6,0.185717710,0.000181365,0.000000992,0.000352493,1
warmup,7,7,tree,0,1024,6,0.183417434,0.000179119,0.000001002,0.000337815,1
warmup,8,8,tree,0,1024,6,0.184363940,0.000180043,0.000001112,0.000352724,1
warmup,9,9,tree,0,1024,6,0.182809750,0.000178525,0.000001002,0.000353325,1
warmup,10,10,tree,0,1024,6,0.189156267,0.000184723,0.000001042,0.000375374,1
warmup,11,11,tree,0,1024,6,0.176863957,0.000172719,0.000001042,0.000333437,1
warmup,12,12,tree,0,1024,6,0.188872031,0.000184445,0.000000982,0.001330165,1
warmup,13,13,tree,0,1024,6,0.184544749,0.000180219,0.000001072,0.000362730,1
warmup,14,14,tree,0,1024,6,0.185340476,0.000180997,0.000001102,0.000351131,1
warmup,15,15,tree,0,1024,6,0.177722327,0.000173557,0.000001242,0.000334779,1
warmup,16,16,tree,0,1024,6,0.184864461,0.000180532,0.000001333,0.000336541,1
warmup,17,17,tree,0,1024,6,0.180362514,0.000176135,0.000000961,0.000371125,1
warmup,18,18,tree,0,1024,6,0.235327041,0.000229812,0.000001022,0.001510082,1
warmup,19,19,tree,0,1024,6,0.183234339,0.000178940,0.000001163,0.000334860,1
warmup,20,20,tree,0,1024,6,0.194781481,0.000190216,0.000000982,0.000490422,1
warmup,21,21,tree,0,1024,6,0.182111711,0.000177843,0.000000981,0.000344548,1
warmup,22,22,tree,0,1024,6,0.187151655,0.000182765,0.000001092,0.000355919,1
warmup,23,23,tree,0,1024,6,0.184261197,0.000179943,0.000001062,0.000332774,1
warmup,24,24,tree,0,1024,6,0.186040574,0.000181680,0.000000992,0.000345009,1
warmup,25,25,tree,0,1024,6,0.181690751,0.000177432,0.000000992,0.000364424,1
warmup,26,26,tree,0,1024,6,0.181873967,0.000177611,0.000000932,0.000334298,1
warmup,27,27,tree,0,1024,6,0.181581951,0.000177326,0.000001042,0.000336593,1
warmup,28,28,tree,0,1024,6,0.187176818,0.000182790,0.000001222,0.000380754,1
warmup,29,29,tree,0,1024,6,0.217411551,0.000212316,0.000001002,0.000377016,1
warmup,30,30,tree,0,1024,6,0.185501666,0.000181154,0.000000971,0.000336993,1
warmup,31,31,tree,0,1024,6,0.180294606,0.000176069,0.000001062,0.000336401,1
warmup,32,32,tree,0,1024,6,0.184182867,0.000179866,0.000001342,0.000340247,1
warmup,33,33,tree,0,1024,6,0.178572780,0.000174387,0.000001182,0.000319821,1
warmup,34,34,tree,0,1024,6,0.183337577,0.000179041,0.000001022,0.000350829,1
warmup,35,35,tree,0,1024,6,0.182205604,0.000177935,0.000000931,0.000334147,1
warmup,36,36,tree,0,1024,6,0.187427918,0.000183035,0.000000912,0.000359414,1
warmup,37,37,tree,0,1024,6,0.178611843,0.000174426,0.000001012,0.001294094,1
warmup,38,38,tree,0,1024,6,0.186207175,0.000181843,0.000001323,0.000354672,1
warmup,39,39,tree,0,1024,6,0.174540479,0.000170450,0.000000942,0.000340729,1
warmup,40,40,tree,0,1024,6,0.191270613,0.000186788,0.000001333,0.000344468,1
warmup,41,41,tree,0,1024,6,0.180214273,0.000175991,0.000001353,0.000373481,1
warmup,42,42,tree,0,1024,6,0.185655443,0.000181304,0.000001242,0.000340521,1
warmup,43,43,tree,0,1024,6,0.177466491,0.000173307,0.000001032,0.000321262,1
warmup,44,44,tree,0,1024,6,0.182986755,0.000178698,0.000000981,0.000342995,1
warmup,45,45,tree,0,1024,6,0.182244127,0.000177973,0.000001192,0.000394328,1
warmup,46,46,tree,0,1024,6,0.181381004,0.000177130,0.000001113,0.000330191,1
warmup,47,47,tree,0,1024,6,0.180239275,0.000176015,0.000001262,0.000319860,1
warmup,48,48,tree,0,1024,6,0.189825173,0.000185376,0.000001022,0.000352682,1
warmup,49,49,tree,0,1024,6,0.178325732,0.000174146,0.000001002,0.000411350,1
actual,0,50,tree,0,1024,6,0.185287467,0.000180945,0.000000982,0.000327243,1
actual,1,51,tree,0,1024,6,0.177176519,0.000173024,0.000001102,0.000328318,1
actual,2,52,tree,0,1024,6,0.181891416,0.000177628,0.000001263,0.000343135,1
actual,3,53,tree,0,1024,6,0.181198111,0.000176951,0.000001072,0.000400159,1
actual,4,54,tree,0,1024,6,0.184391477,0.000180070,0.000001102,0.000373441,1
actual,5,55,tree,0,1024,6,0.177671979,0.000173508,0.000000992,0.000330930,1
actual,6,56,tree,0,1024,6,0.186895091,0.000182515,0.000001232,0.000342134,1
actual,7,57,tree,0,1024,6,0.181559148,0.000177304,0.000001273,0.000358220,1
actual,8,58,tree,0,1024,6,0.187024988,0.000182642,0.000001022,0.000370174,1
actual,9,59,tree,0,1024,6,0.180601092,0.000176368,0.000001152,0.000373000,1
actual,10,60,tree,0,1024,6,0.187325675,0.000182935,0.000001152,0.000342474,1
actual,11,61,tree,0,1024,6,0.181097874,0.000176853,0.000001021,0.000335851,1
actual,12,62,tree,0,1024,6,0.182941527,0.000178654,0.000001002,0.000333696,1
actual,13,63,tree,0,1024,6,0.179863424,0.000175648,0.000000971,0.000325270,1
actual,14,64,tree,0,1024,6,0.189614069,0.000185170,0.000000972,0.000355407,1
actual,15,65,tree,0,1024,6,0.174316892,0.000170231,0.000001012,0.000343656,1
actual,16,66,tree,0,1024,6,0.188349284,0.000183935,0.000000982,0.000336851,1
actual,17,67,tree,0,1024,6,0.175361781,0.000171252,0.000000932,0.000325420,1
actual,18,68,tree,0,1024,6,0.185980156,0.000181621,0.000000921,0.000365425,1
actual,19,69,tree,0,1024,6,0.175635424,0.000171519,0.000001032,0.000330499,1
actual,20,70,tree,0,1024,6,0.185519509,0.000181171,0.000001163,0.000368340,1
actual,21,71,tree,0,1024,6,0.174056617,0.000169977,0.000001132,0.000340991,1
actual,22,72,tree,0,1024,6,0.183436724,0.000179137,0.000000982,0.000357992,1
actual,23,73,tree,0,1024,6,0.178984641,0.000174790,0.000000931,0.000327134,1
actual,24,74,tree,0,1024,6,0.181729286,0.000177470,0.000000942,0.000348776,1
actual,25,75,tree,0,1024,6,0.180089930,0.000175869,0.000000942,0.000323497,1
actual,26,76,tree,0,1024,6,0.185152174,0.000180813,0.000001102,0.000346242,1
actual,27,77,tree,0,1024,6,0.178834288,0.000174643,0.000000981,0.000342545,1
actual,28,78,tree,0,1024,6,0.188900996,0.000184474,0.000001052,0.000374442,1
actual,29,79,tree,0,1024,6,0.179419004,0.000175214,0.000001052,0.000346599,1
actual,30,80,tree,0,1024,6,0.182779945,0.000178496,0.000000962,0.000341841,1
actual,31,81,tree,0,1024,6,0.185268695,0.000180926,0.000000952,0.000370243,1
actual,32,82,tree,0,1024,6,0.181443059,0.000177190,0.000001072,0.000338106,1
actual,33,83,tree,0,1024,6,0.178617320,0.000174431,0.000000992,0.000378350,1
actual,34,84,tree,0,1024,6,0.187004901,0.000182622,0.000000992,0.000351220,1
actual,35,85,tree,0,1024,6,0.179411050,0.000175206,0.000001162,0.000324789,1
actual,36,86,tree,0,1024,6,0.183735213,0.000179429,0.000001052,0.000334830,1
actual,37,87,tree,0,1024,6,0.179320253,0.000175117,0.000001283,0.000339108,1
actual,38,88,tree,0,1024,6,0.187922557,0.000183518,0.000001032,0.000350730,1
actual,39,89,tree,0,1024,6,0.178237977,0.000174061,0.000001422,0.000326935,1
actual,40,90,tree,0,1024,6,0.190610316,0.000186143,0.000001002,0.000349074,1
actual,41,91,tree,0,1024,6,0.178424035,0.000174242,0.000001002,0.000321074,1
actual,42,92,tree,0,1024,6,0.188071149,0.000183663,0.000001613,0.000347814,1
actual,43,93,tree,0,1024,6,0.178382172,0.000174201,0.000001102,0.000345438,1
actual,44,94,tree,0,1024,6,0.192290806,0.000187784,0.000000962,0.000358735,1
actual,45,95,tree,0,1024,6,0.182394313,0.000178119,0.000000952,0.000335188,1
actual,46,96,tree,0,1024,6,0.185257411,0.000180915,0.000001162,0.000340922,1
actual,47,97,tree,0,1024,6,0.178728325,0.000174539,0.000000951,0.000344257,1
actual,48,98,tree,0,1024,6,0.186262410,0.000181897,0.000001032,0.000332235,1
actual,49,99,tree,0,1024,6,0.172753085,0.000168704,0.000000982,0.000311476,1
warmup,0,0,tree,0,1024,8,0.182253807,0.000177982,0.000001112,0.000345961,1
warmup,1,1,tree,0,1024,8,0.177274243,0.000173119,0.000000931,0.000349576,1
warmup,2,2,tree,0,1024,8,0.187847224,0.000183445,0.000001203,0.000383560,1
warmup,3,3,tree,0,1024,8,0.179832010,0.000175617,0.000001022,0.000328286,1
warmup,4,4,tree,0,1024,8,0.188485173,0.000184068,0.000001012,0.000364546,1
warmup,5,5,tree,0,1024,8,0.174894466,0.000170795,0.000001011,0.000329327,1
warmup,6,6,tree,0,1024,8,0.185739443,0.000181386,0.000001082,0.000346341,1
warmup,7,7,tree,0,1024,8,0.178701936,0.000174514,0.000001182,0.000339717,1
warmup,8,8,tree,0,1024,8,0.187935551,0.000183531,0.000001042,0.000354908,1
warmup,9,9,tree,0,1024,8,0.181603060,0.000177347,0.000001193,0.000347953,1
warmup,10,10,tree,0,1024,8,0.185631666,0.000181281,0.000001152,0.000370545,1
warmup,11,11,tree,0,1024,8,0.181384192,0.000177133,0.000001262,0.000349085,1
warmup,12,12,tree,0,1024,8,0.181096362,0.000176852,0.000000962,0.000349507,1
warmup,13,13,tree,0,1024,8,0.181769419,0.000177509,0.000000972,0.000333065,1
warmup,14,14,tree,0,1024,8,0.183890870,0.000179581,0.000000821,0.000349347,1
warmup,15,15,tree,0,1024,8,0.184728707,0.000180399,0.000000941,0.000361488,1
warmup,16,16,tree,0,1024,8,0.186302500,0.000181936,0.000001082,0.000350870,1
warmup,17,17,tree,0,1024,8,0.177098000,0.000172947,0.000001302,0.000325570,1
warmup,18,18,tree,0,1024,8,0.185381351,0.000181036,0.000001002,0.000337803,1
warmup,19,19,tree,0,1024,8,0.174660715,0.000170567,0.000000952,0.000330000,1
warmup,20,20,tree,0,1024,8,0.184516339,0.000180192,0.000000962,0.000348486,1
warmup,21,21,tree,0,1024,8,0.187751325,0.000183351,0.000001172,0.000366308,1
warmup,22,22,tree,0,1024,8,0.185663872,0.000181312,0.000001032,0.000348015,1
warmup,23,23,tree,0,1024,8,0.181422998,0.000177171,0.000001042,0.000341581,1
warmup,24,24,tree,0,1024,8,0.187969670,0.000183564,0.000001202,0.000389751,1
warmup,25,25,tree,0,1024,8,0.179097629,0.000174900,0.000001012,0.000333787,1
warmup,26,26,tree,0,1024,8,0.185811055,0.000181456,0.000000972,0.000336762,1
warmup,27,27,tree,0,1024,8,0.178271770,0.000174094,0.000001113,0.000334469,1
warmup,28,28,tree,0,1024,8,0.183223843,0.000178930,0.000001051,0.000350108,1
warmup,29,29,tree,0,1024,8,0.173631392,0.000169562,0.000000942,0.000354505,1
warmup,30,30,tree,0,1024,8,0.184201457,0.000179884,0.000001042,0.000362260,1
warmup,31,31,tree,0,1024,8,0.181425686,0.000177174,0.000000842,0.000391814,1
warmup,32,32,tree,0,1024,8,0.181150041,0.000176904,0.000000942,0.000348305,1
warmup,33,33,tree,0,1024,8,0.177721785,0.000173556,0.000001092,0.000341611,1
warmup,34,34,tree,0,1024,8,0.183698649,0.000179393,0.000000982,0.000340831,1
warmup,35,35,tree,0,1024,8,0.174459617,0.000170371,0.000001172,0.000346649,1
warmup,36,36,tree,0,1024,8,0.186943886,0.000182562,0.000001042,0.000338634,1
warmup,37,37,tree,0,1024,8,0.177135602,0.000172984,0.000001012,0.000321644,1
warmup,38,38,tree,0,1024,8,0.186793627,0.000182416,0.000001072,0.000391621,1
warmup,39,39,tree,0,1024,8,0.180193827,0.000175971,0.000001022,0.000349738,1
warmup,40,40,tree,0,1024,8,0.189501069,0.000185060,0.000000952,0.000373040,1
warmup,41,41,tree,0,1024,8,0.180616698,0.000176383,0.000001022,0.000369774,1
warmup,42,42,tree,0,1024,8,0.179729214,0.000175517,0.000001152,0.000346912,1
warmup,43,43,tree,0,1024,8,0.181547668,0.000177293,0.000000992,0.000341753,1
warmup,44,44,tree,0,1024,8,0.186840475,0.000182461,0.000001022,0.000335679,1
warmup,45,45,tree,0,1024,8,0.172119931,0.000168086,0.000000922,0.000350909,1
warmup,46,46,tree,0,1024,8,0.185515301,0.000181167,0.000000971,0.000371126,1
warmup,47,47,tree,0,1024,8,0.181988043,0.000177723,0.000000911,0.000363231,1
warmup,48,48,tree,0,1024,8,0.185800237,0.000181446,0.000001042,0.000363532,1
warmup,49,49,tree,0,1024,8,0.186342033,0.000181975,0.000001272,0.000353445,1
actual,0,50,tree,0,1024,8,0.186588812,0.000182216,0.000001222,0.001251414,1
actual,1,51,tree,0,1024,8,0.171708049,0.000167684,0.000000992,0.000323218,1
actual,2,52,tree,0,1024,8,0.184994360,0.000180659,0.000001042,0.000346552,1
actual,3,53,tree,0,1024,8,0.185607885,0.000181258,0.000001302,0.000334818,1
actual,4,54,tree,0,1024,8,0.186634478,0.000182260,0.000001123,0.000352591,1
actual,5,55,tree,0,1024,8,0.178950769,0.000174757,0.000001082,0.000352814,1
actual,6,56,tree,0,1024,8,0.188189682,0.000183779,0.000000982,0.000342101,1
actual,7,57,tree,0,1024,8,0.178825514,0.000174634,0.000000982,0.000325893,1
actual,8,58,tree,0,1024,8,0.183324446,0.000179028,0.000000962,0.000349567,1
actual,9,59,tree,0,1024,8,0.179847988,0.000175633,0.000000972,0.000342915,1
actual,10,60,tree,0,1024,8,0.185621756,0.000181271,0.000001012,0.000356109,1
actual,11,61,tree,0,1024,8,0.178429552,0.000174248,0.000001312,0.000308318,1
actual,12,62,tree,0,1024,8,0.183824533,0.000179516,0.000001062,0.000338357,1
actual,13,63,tree,0,1024,8,0.179275754,0.000175074,0.000001262,0.000353021,1
actual,14,64,tree,0,1024,8,0.178736791,0.000174548,0.000000902,0.000348836,1
actual,15,65,tree,0,1024,8,0.181337940,0.000177088,0.000001142,0.000395911,1
actual,16,66,tree,0,1024,8,0.182767248,0.000178484,0.000000992,0.000360525,1
actual,17,67,tree,0,1024,8,0.171811921,0.000167785,0.000000962,0.000320962,1
actual,18,68,tree,0,1024,8,0.188884597,0.000184458,0.000001011,0.000345329,1
actual,19,69,tree,0,1024,8,0.180439873,0.000176211,0.000000992,0.000373850,1
actual,20,70,tree,0,1024,8,0.178806577,0.000174616,0.000000981,0.000334229,1
actual,21,71,tree,0,1024,8,0.181774481,0.000177514,0.000001022,0.000353693,1
actual,22,72,tree,0,1024,8,0.179863928,0.000175648,0.000001012,0.000363792,1
actual,23,73,tree,0,1024,8,0.175825787,0.000171705,0.000000951,0.000327955,1
actual,24,74,tree,0,1024,8,0.183923408,0.000179613,0.000001132,0.000340931,1
actual,25,75,tree,0,1024,8,0.181498319,0.000177244,0.000000862,0.000338705,1
actual,26,76,tree,0,1024,8,0.185259970,0.000180918,0.000001703,0.000392977,1
actual,27,77,tree,0,1024,8,0.179634587,0.000175424,0.000000942,0.000337002,1
actual,28,78,tree,0,1024,8,0.190310438,0.000185850,0.000001082,0.000378100,1
actual,29,79,tree,0,1024,8,0.177232914,0.000173079,0.000000912,0.000357901,1
actual,30,80,tree,0,1024,8,0.180188887,0.000175966,0.000001032,0.000372208,1
actual,31,81,tree,0,1024,8,0.178165494,0.000173990,0.000001212,0.000374751,1
actual,32,82,tree,0,1024,8,0.191169514,0.000186689,0.000001032,0.000404368,1
actual,33,83,tree,0,1024,8,0.179509961,0.000175303,0.000001022,0.000399718,1
actual,34,84,tree,0,1024,8,0.180909566,0.000176669,0.000000902,0.000337475,1
actual,35,85,tree,0,1024,8,0.178045687,0.000173873,0.000001202,0.000317786,1
actual,36,86,tree,0,1024,8,0.179549042,0.000175341,0.000001022,0.000343965,1
actual,37,87,tree,0,1024,8,0.187731202,0.000183331,0.000001012,0.000334569,1
actual,38,88,tree,0,1024,8,0.181506465,0.000177252,0.000000952,0.000371348,1
actual,39,89,tree,0,1024,8,0.180774503,0.000176538,0.000001012,0.000391583,1
actual,40,90,tree,0,1024,8,0.183630376,0.000179327,0.000001001,0.000354106,1
actual,41,91,tree,0,1024,8,0.180290466,0.000176065,0.000000872,0.000371685,1
actual,42,92,tree,0,1024,8,0.183946921,0.000179636,0.000000952,0.000341102,1
actual,43,93,tree,0,1024,8,0.180406713,0.000176178,0.000001002,0.000324590,1
actual,44,94,tree,0,1024,8,0.183765978,0.000179459,0.000001011,0.000363552,1
actual,45,95,tree,0,1024,8,0.180801067,0.000176564,0.000001012,0.000326391,1
actual,46,96,tree,0,1024,8,0.185869687,0.000181513,0.000000942,0.000338403,1
actual,47,97,tree,0,1024,8,0.183366384,0.000179069,0.000000931,0.000330860,1
actual,48,98,tree,0,1024,8,0.177987895,0.000173816,0.000000912,0.000336864,1
actual,49,99,tree,0,1024,8,0.178900520,0.000174708,0.000001032,0.000335861,1
warmup,0,0,tree,0,1024,12,0.182960540,0.000178672,0.000000962,0.000335491,1
warmup,1,1,tree,0,1024,12,0.174112580,0.000170032,0.000000992,0.000311415,1
warmup,2,2,tree,0,1024,12,0.184235741,0.000179918,0.000001062,0.000368000,1
warmup,3,3,tree,0,1024,12,0.179138779,0.000174940,0.000001172,0.000327194,1
warmup,4,4,tree,0,1024,12,0.186404783,0.000182036,0.000002865,0.000355018,1
warmup,5,5,tree,0,1024,12,0.178936613,0.000174743,0.000000992,0.000333625,1
warmup,6,6,tree,0,1024,12,0.184595069,0.000180269,0.000001092,0.000340721,1
warmup,7,7,tree,0,1024,12,0.181069626,0.000176826,0.000000962,0.000324259,1
warmup,8,8,tree,0,1024,12,0.183453678,0.000179154,0.000001163,0.000339359,1
warmup,9,9,tree,0,1024,12,0.183697908,0.000179392,0.000000932,0.000355958,1
warmup,10,10,tree,0,1024,12,0.180360173,0.000176133,0.000001002,0.000337205,1
warmup,11,11,tree,0,1024,12,0.178852818,0.000174661,0.000000972,0.000337342,1
warmup,12,12,tree,0,1024,12,0.187161193,0.000182775,0.000000962,0.000339067,1
warmup,13,13,tree,0,1024,12,0.180913183,0.000176673,0.000000992,0.000338577,1
warmup,14,14,tree,0,1024,12,0.181981211,0.000177716,0.000000982,0.000346171,1
warmup,15,15,tree,0,1024,12,0.179721511,0.000175509,0.000001172,0.000320111,1
warmup,16,16,tree,0,1024,12,0.179830257,0.000175615,0.000000912,0.000352892,1
warmup,17,17,tree,0,1024,12,0.176573640,0.000172435,0.000001001,0.000355588,1
warmup,18,18,tree,0,1024,12,0.188271232,0.000183859,0.000001222,0.000332615,1
warmup,19,19,tree,0,1024,12,0.173258987,0.000169198,0.000000962,0.000309681,1
warmup,20,20,tree,0,1024,12,0.185390523,0.000181045,0.000001042,0.000393167,1
warmup,21,21,tree,0,1024,12,0.178305224,0.000174126,0.000001052,0.000331954,1
warmup,22,22,tree,0,1024,12,0.186436246,0.000182067,0.000001002,0.000352703,1
warmup,23,23,tree,0,1024,12,0.177570463,0.000173409,0.000000971,0.000336951,1
warmup,24,24,tree,0,1024,12,0.188328829,0.000183915,0.000001002,0.000348746,1
warmup,25,25,tree,0,1024,12,0.174522423,0.000170432,0.000001192,0.000319438,1
warmup,26,26,tree,0,1024,12,0.185560314,0.000181211,0.000000932,0.000355065,1
warmup,27,27,tree,0,1024,12,0.174941778,0.000170842,0.000000981,0.000327556,1
warmup,28,28,tree,0,1024,12,0.186001072,0.000181642,0.000001002,0.000355659,1
warmup,29,29,tree,0,1024,12,0.178394545,0.000174213,0.000001072,0.000332586,1
warmup,30,30,tree,0,1024,12,0.184158373,0.000179842,0.000000942,0.000351020,1
warmup,31,31,tree,0,1024,12,0.176163732,0.000172035,0.000001032,0.000328718,1
warmup,32,32,tree,0,1024,12,0.333037801,0.000325232,0.000001342,0.000482034,1
warmup,33,33,tree,0,1024,12,0.180742300,0.000176506,0.000001022,0.000372618,1
warmup,34,34,tree,0,1024,12,0.178587913,0.000174402,0.000000952,0.000365916,1
warmup,35,35,tree,0,1024,12,0.182168311,0.000177899,0.000001002,0.000389759,1
warmup,36,36,tree,0,1024,12,0.181436467,0.000177184,0.000000952,0.000364233,1
warmup,37,37,tree,0,1024,12,0.177398182,0.000173240,0.000000962,0.000358545,1
warmup,38,38,tree,0,1024,12,0.184699342,0.000180370,0.000001022,0.000344869,1
warmup,39,39,tree,0,1024,12,0.179540672,0.000175333,0.000000972,0.000327716,1
warmup,40,40,tree,0,1024,12,0.185394407,0.000181049,0.000001042,0.000348115,1
warmup,41,41,tree,0,1024,12,0.180690576,0.000176456,0.000000922,0.000320581,1
warmup,42,42,tree,0,1024,12,0.185235361,0.000180894,0.000000912,0.000332614,1
warmup,43,43,tree,0,1024,12,0.182675762,0.000178394,0.000001293,0.000392867,1
warmup,44,44,tree,0,1024,12,0.183502414,0.000179202,0.000001092,0.000348155,1
warmup,45,45,tree,0,1024,12,0.177705169,0.000173540,0.000000962,0.000339318,1
warmup,46,46,tree,0,1024,12,0.192907377,0.000188386,0.000000971,0.000398728,1
warmup,47,47,tree,0,1024,12,0.178234911,0.000174058,0.000000892,0.000337814,1
warmup,48,48,tree,0,1024,12,0.182092012,0.000177824,0.000000931,0.000349708,1
warmup,49,49,tree,0,1024,12,0.184552042,0.000180227,0.000001022,0.000374481,1
actual,0,50,tree,0,1024,12,0.182132132,0.000177863,0.000001463,0.000336022,1
actual,1,51,tree,0,1024,12,0.179273988,0.000175072,0.000000842,0.000340328,1
actual,2,52,tree,0,1024,12,0.190320876,0.000185860,0.000001022,0.000360426,1
actual,3,53,tree,0,1024,12,0.184618588,0.000180292,0.000001302,0.000331842,1
actual,4,54,tree,0,1024,12,0.182317302,0.000178044,0.000001002,0.000367692,1
actual,5,55,tree,0,1024,12,0.178411199,0.000174230,0.000001042,0.000376697,1
actual,6,56,tree,0,1024,12,0.182817515,0.000178533,0.000001222,0.000334387,1
actual,7,57,tree,0,1024,12,0.178055394,0.000173882,0.000000942,0.000316897,1
actual,8,58,tree,0,1024,12,0.183435097,0.000179136,0.000000952,0.000353865,1
actual,9,59,tree,0,1024,12,0.176304271,0.000172172,0.000001012,0.000313327,1
actual,10,60,tree,0,1024,12,0.185456219,0.000181110,0.000001082,0.000343015,1
actual,11,61,tree,0,1024,12,0.170517200,0.000166521,0.000001002,0.000322836,1
actual,12,62,tree,0,1024,12,0.184856730,0.000180524,0.000001142,0.000343324,1
actual,13,63,tree,0,1024,12,0.182665350,0.000178384,0.000001002,0.000363061,1
actual,14,64,tree,0,1024,12,0.181036374,0.000176793,0.000000901,0.000341913,1
actual,15,65,tree,0,1024,12,0.181804045,0.000177543,0.000000981,0.000331632,1
actual,16,66,tree,0,1024,12,0.188618273,0.000184198,0.000001503,0.001344022,1
actual,17,67,tree,0,1024,12,0.174621454,0.000170529,0.000001052,0.000317937,1
actual,18,68,tree,0,1024,12,0.186976772,0.000182595,0.000000962,0.000349436,1
actual,19,69,tree,0,1024,12,0.179684035,0.000175473,0.000000902,0.000328468,1
actual,20,70,tree,0,1024,12,0.183901127,0.000179591,0.000001012,0.000345309,1
actual,21,71,tree,0,1024,12,0.177050850,0.000172901,0.000001152,0.000329458,1
actual,22,72,tree,0,1024,12,0.182257341,0.000177986,0.000001233,0.000336994,1
actual,23,73,tree,0,1024,12,0.180561690,0.000176330,0.000001002,0.000342063,1
actual,24,74,tree,0,1024,12,0.182582676,0.000178303,0.000000971,0.000343816,1
actual,25,75,tree,0,1024,12,0.182361442,0.000178087,0.000000952,0.000361568,1
actual,26,76,tree,0,1024,12,0.180103310,0.000175882,0.000001022,0.000353503,1
actual,27,77,tree,0,1024,12,0.178474039,0.000174291,0.000001042,0.000356489,1
actual,28,78,tree,0,1024,12,0.183223545,0.000178929,0.000000992,0.000367830,1
actual,29,79,tree,0,1024,12,0.176611806,0.000172472,0.000001012,0.000337444,1
actual,30,80,tree,0,1024,12,0.180856088,0.000176617,0.000001233,0.000327846,1
actual,31,81,tree,0,1024,12,0.178309171,0.000174130,0.000001021,0.000318449,1
actual,32,82,tree,0,1024,12,0.184950391,0.000180616,0.000000992,0.000356520,1
actual,33,83,tree,0,1024,12,0.181743090,0.000177483,0.000001052,0.000397033,1
actual,34,84,tree,0,1024,12,0.181241064,0.000176993,0.000000862,0.000340429,1
actual,35,85,tree,0,1024,12,0.178830099,0.000174639,0.000000992,0.000335130,1
actual,36,86,tree,0,1024,12,0.187777928,0.000183377,0.000000962,0.000352462,1
actual,37,87,tree,0,1024,12,0.181393754,0.000177142,0.000001001,0.000377337,1
actual,38,88,tree,0,1024,12,0.183663942,0.000179359,0.000001112,0.000349396,1
actual,39,89,tree,0,1024,12,0.178996931,0.000174802,0.000000981,0.000331692,1
actual,40,90,tree,0,1024,12,0.182508445,0.000178231,0.000000882,0.000342354,1
actual,41,91,tree,0,1024,12,0.175171102,0.000171066,0.000000952,0.000362480,1
actual,42,92,tree,0,1024,12,0.187542778,0.000183147,0.000000992,0.000359155,1
actual,43,93,tree,0,1024,12,0.180229276,0.000176005,0.000001242,0.000321453,1
actual,44,94,tree,0,1024,12,0.187398771,0.000183007,0.000001042,0.000359655,1
actual,45,95,tree,0,1024,12,0.188722263,0.000184299,0.000001203,0.000327935,1
actual,46,96,tree,0,1024,12,0.187948089,0.000183543,0.000000902,0.000346540,1
actual,47,97,tree,0,1024,12,0.181800859,0.000177540,0.000001082,0.000349105,1
actual,48,98,tree,0,1024,12,0.190718006,0.000186248,0.000000981,0.000352302,1
actual,49,99,tree,0,1024,12,0.178165052,0.000173989,0.000001001,0.000330260,1
warmup,0,0,tree,0,1024,16,0.188972331,0.000184543,0.000000912,0.000339938,1
warmup,1,1,tree,0,1024,16,0.178677375,0.000174490,0.000000982,0.000341751,1
warmup,2,2,tree,0,1024,16,0.186861534,0.000182482,0.000001072,0.000351361,1
warmup,3,3,tree,0,1024,16,0.178924379,0.000174731,0.000000952,0.000337573,1
warmup,4,4,tree,0,1024,16,0.187082647,0.000182698,0.000001312,0.000389079,1
warmup,5,5,tree,0,1024,16,0.177189274,0.000173036,0.000001142,0.000344488,1
warmup,6,6,tree,0,1024,16,0.180158102,0.000175936,0.000001272,0.000334759,1
warmup,7,7,tree,0,1024,16,0.183490888,0.000179190,0.000001032,0.000353124,1
warmup,8,8,tree,0,1024,16,0.184442243,0.000180119,0.000000982,0.000387857,1
warmup,9,9,tree,0,1024,16,0.182419627,0.000178144,0.000001392,0.000323038,1
warmup,10,10,tree,0,1024,16,0.186346034,0.000181979,0.000001052,0.000352081,1
warmup,11,11,tree,0,1024,16,0.174558812,0.000170468,0.000001232,0.000335399,1
warmup,12,12,tree,0,1024,16,0.185464482,0.000181118,0.000001202,0.000357513,1
warmup,13,13,tree,0,1024,16,0.173179761,0.000169121,0.000001002,0.000331672,1
warmup,14,14,tree,0,1024,16,0.194429190,0.000189872,0.000001292,0.000348103,1
warmup,15,15,tree,0,1024,16,0.180547885,0.000176316,0.000001082,0.000391393,1
warmup,16,16,tree,0,1024,16,0.189572884,0.000185130,0.000001022,0.000360186,1
warmup,17,17,tree,0,1024,16,0.179970815,0.000175753,0.000000942,0.000323388,1
warmup,18,18,tree,0,1024,16,0.183436570,0.000179137,0.000000992,0.000353966,1
warmup,19,19,tree,0,1024,16,0.177873480,0.000173705,0.000001012,0.000326412,1
warmup,20,20,tree,0,1024,16,0.184068180,0.000179754,0.000001022,0.000347512,1
warmup,21,21,tree,0,1024,16,0.181226606,0.000176979,0.000001052,0.000363652,1
warmup,22,22,tree,0,1024,16,0.187681104,0.000183282,0.000000982,0.000358114,1
warmup,23,23,tree,0,1024,16,0.179568414,0.000175360,0.000000931,0.001343980,1
warmup,24,24,tree,0,1024,16,0.191842603,0.000187346,0.000001022,0.000372189,1
warmup,25,25,tree,0,1024,16,0.181366264,0.000177115,0.000001032,0.000352020,1
warmup,26,26,tree,0,1024,16,0.183799024,0.000179491,0.000000932,0.000356481,1
warmup,27,27,tree,0,1024,16,0.181369375,0.000177119,0.000001062,0.000330019,1
warmup,28,28,tree,0,1024,16,0.187597827,0.000183201,0.000000962,0.000338937,1
warmup,29,29,tree,0,1024,16,0.178323517,0.000174144,0.000000952,0.000325762,1
warmup,30,30,tree,0,1024,16,0.187487848,0.000183094,0.000000972,0.000389561,1
warmup,31,31,tree,0,1024,16,0.177388465,0.000173231,0.000001032,0.000355537,1
warmup,32,32,tree,0,1024,16,0.185655578,0.000181304,0.000001293,0.000330589,1
warmup,33,33,tree,0,1024,16,0.182595516,0.000178316,0.000001002,0.000332173,1
warmup,34,34,tree,0,1024,16,0.186693880,0.000182318,0.000001032,0.000344378,1
warmup,35,35,tree,0,1024,16,0.178332374,0.000174153,0.000001042,0.000322214,1
warmup,36,36,tree,0,1024,16,0.187171530,0.000182785,0.000001012,0.000366259,1
warmup,37,37,tree,0,1024,16,0.177941164,0.000173771,0.000001002,0.000371098,1
warmup,38,38,tree,0,1024,16,0.186714054,0.000182338,0.000001032,0.000344648,1
warmup,39,39,tree,0,1024,16,0.183194493,0.000178901,0.000000992,0.000380011,1
warmup,40,40,tree,0,1024,16,0.178830989,0.000174640,0.000000941,0.000329790,1
warmup,41,41,tree,0,1024,16,0.180585334,0.000176353,0.000001002,0.000330729,1
warmup,42,42,tree,0,1024,16,0.190302439,0.000185842,0.000001022,0.000340651,1
warmup,43,43,tree,0,1024,16,0.182858517,0.000178573,0.000001012,0.000319409,1
warmup,44,44,tree,0,1024,16,0.188326838,0.000183913,0.000000951,0.000342242,1
warmup,45,45,tree,0,1024,16,0.178695638,0.000174507,0.000001022,0.000348042,1
warmup,46,46,tree,0,1024,16,0.182822402,0.000178538,0.000000992,0.000332623,1
warmup,47,47,tree,0,1024,16,0.179400952,0.000175196,0.000001132,0.000332886,1
warmup,48,48,tree,0,1024,16,0.185279941,0.000180937,0.000001282,0.000352032,1
warmup,49,49,tree,0,1024,16,0.177791643,0.000173625,0.000001213,0.000377719,1
actual,0,50,tree,0,1024,16,0.184272821,0.000179954,0.000000921,0.000371326,1
actual,1,51,tree,0,1024,16,0.180304765,0.000176079,0.000001152,0.000327314,1
actual,2,52,tree,0,1024,16,0.192874813,0.000188354,0.000000971,0.000364916,1
actual,3,53,tree,0,1024,16,0.175259288,0.000171152,0.000000942,0.000342953,1
actual,4,54,tree,0,1024,16,0.184370118,0.000180049,0.000000982,0.000381488,1
actual,5,55,tree,0,1024,16,0.176925609,0.000172779,0.000000841,0.000352701,1
actual,6,56,tree,0,1024,16,0.182171820,0.000177902,0.000000932,0.000349848,1
actual,7,57,tree,0,1024,16,0.176349251,0.000172216,0.000001152,0.000319632,1
actual,8,58,tree,0,1024,16,0.186552476,0.000182180,0.000001042,0.000343015,1
actual,9,59,tree,0,1024,16,0.175468291,0.000171356,0.000001002,0.000338316,1
actual,10,60,tree,0,1024,16,0.189047443,0.000184617,0.000000992,0.000346680,1
actual,11,61,tree,0,1024,16,0.182948190,0.000178660,0.000000981,0.000323108,1
actual,12,62,tree,0,1024,16,0.184860533,0.000180528,0.000001232,0.000342404,1
actual,13,63,tree,0,1024,16,0.174720992,0.000170626,0.000001002,0.000324408,1
actual,14,64,tree,0,1024,16,0.183866646,0.000179557,0.000001042,0.000340478,1
actual,15,65,tree,0,1024,16,0.178651399,0.000174464,0.000001032,0.000336823,1
actual,16,66,tree,0,1024,16,0.187511956,0.000183117,0.000001162,0.000364803,1
actual,17,67,tree,0,1024,16,0.177129394,0.000172978,0.000001223,0.000332185,1
actual,18,68,tree,0,1024,16,0.189317946,0.000184881,0.000000942,0.000337695,1
actual,19,69,tree,0,1024,16,0.178857726,0.000174666,0.000000932,0.000327654,1
actual,20,70,tree,0,1024,16,0.181296050,0.000177047,0.000000992,0.000345390,1
actual,21,71,tree,0,1024,16,0.179771618,0.000175558,0.000001032,0.000329939,1
actual,22,72,tree,0,1024,16,0.180528577,0.000176297,0.000000992,0.000330469,1
actual,23,73,tree,0,1024,16,0.177179431,0.000173027,0.000001042,0.000342394,1
actual,24,74,tree,0,1024,16,0.181152061,0.000176906,0.000000972,0.000340549,1
actual,25,75,tree,0,1024,16,0.183407826,0.000179109,0.000001453,0.000338267,1
actual,26,76,tree,0,1024,16,0.182424790,0.000178149,0.000000992,0.000337342,1
actual,27,77,tree,0,1024,16,0.182100084,0.000177832,0.000000942,0.001300457,1
actual,28,78,tree,0,1024,16,0.188180152,0.000183770,0.000000901,0.000342875,1
actual,29,79,tree,0,1024,16,0.175190509,0.000171084,0.000000912,0.000359003,1
actual,30,80,tree,0,1024,16,0.183052859,0.000178763,0.000001062,0.000355498,1
actual,31,81,tree,0,1024,16,0.180791165,0.000176554,0.000000931,0.000336252,1
actual,32,82,tree,0,1024,16,0.184718948,0.000180390,0.000001022,0.000343967,1
actual,33,83,tree,0,1024,16,0.175510182,0.000171397,0.000000962,0.000323366,1
actual,34,84,tree,0,1024,16,0.185155623,0.000180816,0.000000961,0.000335601,1
actual,35,85,tree,0,1024,16,0.181535913,0.000177281,0.000001292,0.000340730,1
actual,36,86,tree,0,1024,16,0.182189668,0.000177920,0.000000931,0.000343917,1
actual,37,87,tree,0,1024,16,0.177429696,0.000173271,0.000000911,0.000333567,1
actual,38,88,tree,0,1024,16,0.185182306,0.000180842,0.000001042,0.000371567,1
actual,39,89,tree,0,1024,16,0.179916408,0.000175700,0.000001012,0.000328518,1
actual,40,90,tree,0,1024,16,0.188374951,0.000183960,0.000001062,0.000381044,1
actual,41,91,tree,0,1024,16,0.180722761,0.000176487,0.000001233,0.000369613,1
actual,42,92,tree,0,1024,16,0.185031817,0.000180695,0.000001092,0.000352373,1
actual,43,93,tree,0,1024,16,0.180268429,0.000176043,0.000000892,0.000335609,1
actual,44,94,tree,0,1024,16,0.184072835,0.000179759,0.000000942,0.000335418,1
actual,45,95,tree,0,1024,16,0.178862472,0.000174670,0.000000931,0.000332195,1
actual,46,96,tree,0,1024,16,0.185554470,0.000181206,0.000001002,0.000366307,1
actual,47,97,tree,0,1024,16,0.178467922,0.000174285,0.000000951,0.000331291,1
actual,48,98,tree,0,1024,16,0.185990157,0.000181631,0.000001093,0.000361809,1
actual,49,99,tree,0,1024,16,0.177871210,0.000173702,0.000000982,0.000333857,1
warmup,0,0,tree,0,1024,24,0.185800594,0.000181446,0.000001002,0.000336302,1
warmup,1,1,tree,0,1024,24,0.179711009,0.000175499,0.000001062,0.000318338,1
warmup,2,2,tree,0,1024,24,0.184546289,0.000180221,0.000001343,0.000351371,1
warmup,3,3,tree,0,1024,24,0.177171246,0.000173019,0.000000961,0.000338356,1
warmup,4,4,tree,0,1024,24,0.184217873,0.000179900,0.000000982,0.000341823,1
warmup,5,5,tree,0,1024,24,0.177192962,0.000173040,0.000000992,0.000342114,1
warmup,6,6,tree,0,1024,24,0.180890694,0.000176651,0.000000972,0.000340340,1
warmup,7,7,tree,0,1024,24,0.183225219,0.000178931,0.000000982,0.000363010,1
warmup,8,8,tree,0,1024,24,0.180891424,0.000176652,0.000001002,0.000374642,1
warmup,9,9,tree,0,1024,24,0.176802562,0.000172659,0.000001032,0.000334599,1
warmup,10,10,tree,0,1024,24,0.187815372,0.000183413,0.000000961,0.000334299,1
warmup,11,11,tree,0,1024,24,0.177257554,0.000173103,0.000000952,0.000378228,1
warmup,12,12,tree,0,1024,24,0.182227957,0.000177957,0.000000991,0.000337175,1
warmup,13,13,tree,0,1024,24,0.184325605,0.000180005,0.000000982,0.000347652,1
warmup,14,14,tree,0,1024,24,0.186191709,0.000181828,0.000001252,0.000386064,1
warmup,15,15,tree,0,1024,24,0.178903528,0.000174710,0.000000912,0.000322094,1
warmup,16,16,tree,0,1024,24,0.189357544,0.000184919,0.000001022,0.000344725,1
warmup,17,17,tree,0,1024,24,0.170284110,0.000166293,0.000001112,0.000340661,1
warmup,18,18,tree,0,1024,24,0.187253603,0.000182865,0.000000982,0.000375183,1
warmup,19,19,tree,0,1024,24,0.180718116,0.000176483,0.000000991,0.000369443,1
warmup,20,20,tree,0,1024,24,0.187392647,0.000183001,0.000000922,0.000332163,1
warmup,21,21,tree,0,1024,24,0.181907598,0.000177644,0.000001302,0.000330452,1
warmup,22,22,tree,0,1024,24,0.183643337,0.000179339,0.000000961,0.000334339,1
warmup,23,23,tree,0,1024,24,0.176784142,0.000172641,0.000000962,0.000319729,1
warmup,24,24,tree,0,1024,24,0.190404670,0.000185942,0.000001012,0.000382598,1
warmup,25,25,tree,0,1024,24,0.177207644,0.000173054,0.000001032,0.000325951,1
warmup,26,26,tree,0,1024,24,0.183036937,0.000178747,0.000001052,0.000337525,1
warmup,27,27,tree,0,1024,24,0.180074404,0.000175854,0.000001273,0.000370485,1
warmup,28,28,tree,0,1024,24,0.177939548,0.000173769,0.000001453,0.000342082,1
warmup,29,29,tree,0,1024,24,0.181176305,0.000176930,0.000001022,0.000375765,1
warmup,30,30,tree,0,1024,24,0.188805985,0.000184381,0.000001092,0.000344478,1
warmup,31,31,tree,0,1024,24,0.175633836,0.000171517,0.000001213,0.000327314,1
warmup,32,32,tree,0,1024,24,0.184978365,0.000180643,0.000000982,0.000341091,1
warmup,33,33,tree,0,1024,24,0.176632680,0.000172493,0.000001202,0.000332906,1
warmup,34,34,tree,0,1024,24,0.182631365,0.000178351,0.000001012,0.000351020,1
warmup,35,35,tree,0,1024,24,0.181034769,0.000176792,0.000000952,0.000391262,1
warmup,36,36,tree,0,1024,24,0.183507470,0.000179207,0.000001042,0.000349578,1
warmup,37,37,tree,0,1024,24,0.177600201,0.000173438,0.000001032,0.000325523,1
warmup,38,38,tree,0,1024,24,0.184314537,0.000179995,0.000000981,0.000346081,1
warmup,39,39,tree,0,1024,24,0.180494170,0.000176264,0.000000882,0.000383590,1
warmup,40,40,tree,0,1024,24,0.189640113,0.000185195,0.000000941,0.000353764,1
warmup,41,41,tree,0,1024,24,0.180537433,0.000176306,0.000001032,0.000347511,1
warmup,42,42,tree,0,1024,24,0.187219645,0.000182832,0.000000992,0.000341753,1
warmup,43,43,tree,0,1024,24,0.179961765,0.000175744,0.000000912,0.000343626,1
warmup,44,44,tree,0,1024,24,0.189206983,0.000184772,0.000000912,0.000372479,1
warmup,45,45,tree,0,1024,24,0.180685751,0.000176451,0.000000952,0.000332313,1
warmup,46,46,tree,0,1024,24,0.183906468,0.000179596,0.000000952,0.000343165,1
warmup,47,47,tree,0,1024,24,0.178518462,0.000174334,0.000001092,0.000371306,1
warmup,48,48,tree,0,1024,24,0.179565228,0.000175357,0.000001553,0.000344818,1
warmup,49,49,tree,0,1024,24,0.178425670,0.000174244,0.000000932,0.000333585,1
actual,0,50,tree,0,1024,24,0.186027238,0.000181667,0.000001002,0.000376025,1
actual,1,51,tree,0,1024,24,0.178131152,0.000173956,0.000000981,0.000313700,1
actual,2,52,tree,0,1024,24,0.180695399,0.000176460,0.000000931,0.000338687,1
actual,3,53,tree,0,1024,24,0.179354423,0.000175151,0.000000991,0.000319068,1
actual,4,54,tree,0,1024,24,0.186059821,0.000181699,0.000001252,0.000383560,1
actual,5,55,tree,0,1024,24,0.176378762,0.000172245,0.000001042,0.000327253,1
actual,6,56,tree,0,1024,24,0.186466993,0.000182097,0.000000981,0.000362342,1
actual,7,57,tree,0,1024,24,0.179631517,0.000175421,0.000000961,0.000336190,1
actual,8,58,tree,0,1024,24,0.189723632,0.000185277,0.000001092,0.000351750,1
actual,9,59,tree,0,1024,24,0.183527218,0.000179226,0.000001282,0.000338647,1
actual,10,60,tree,0,1024,24,0.187847204,0.000183445,0.000000981,0.000348004,1
actual,11,61,tree,0,1024,24,0.175840276,0.000171719,0.000001142,0.000325480,1
actual,12,62,tree,0,1024,24,0.183453144,0.000179153,0.000001082,0.000341091,1
actual,13,63,tree,0,1024,24,0.181061790,0.000176818,0.000001012,0.000382036,1
actual,14,64,tree,0,1024,24,0.187748510,0.000183348,0.000000932,0.000355417,1
actual,15,65,tree,0,1024,24,0.178050201,0.000173877,0.000001022,0.000339638,1
actual,16,66,tree,0,1024,24,0.184217384,0.000179900,0.000001593,0.000349979,1
actual,17,67,tree,0,1024,24,0.179027420,0.000174831,0.000001192,0.000334246,1
actual,18,68,tree,0,1024,24,0.187800682,0.000183399,0.000001042,0.000336351,1
actual,19,69,tree,0,1024,24,0.183031501,0.000178742,0.000000882,0.000364472,1
actual,20,70,tree,0,1024,24,0.181211416,0.000176964,0.000001072,0.000335471,1
actual,21,71,tree,0,1024,24,0.179990984,0.000175772,0.000000902,0.000346560,1
actual,22,72,tree,0,1024,24,0.187137639,0.000182752,0.000001242,0.000333224,1
actual,23,73,tree,0,1024,24,0.178960021,0.000174766,0.000001242,0.000320543,1
actual,24,74,tree,0,1024,24,0.184694146,0.000180365,0.000000982,0.000325922,1
actual,25,75,tree,0,1024,24,0.182560858,0.000178282,0.000000982,0.000338173,1
actual,26,76,tree,0,1024,24,0.189297620,0.000184861,0.000001062,0.000362733,1
actual,27,77,tree,0,1024,24,0.178522637,0.000174339,0.000001212,0.000382045,1
actual,28,78,tree,0,1024,24,0.182768467,0.000178485,0.000000942,0.000341771,1
actual,29,79,tree,0,1024,24,0.180166172,0.000175944,0.000001022,0.000326993,1
actual,30,80,tree,0,1024,24,0.188232780,0.000183821,0.000001202,0.000343282,1
actual,31,81,tree,0,1024,24,0.178687911,0.000174500,0.000001052,0.000313548,1
actual,32,82,tree,0,1024,24,0.187841911,0.000183439,0.000000972,0.000358123,1
actual,33,83,tree,0,1024,24,0.178318593,0.000174139,0.000001012,0.000371557,1
actual,34,84,tree,0,1024,24,0.185280994,0.000180938,0.000001122,0.000375785,1
actual,35,85,tree,0,1024,24,0.178394517,0.000174213,0.000001052,0.000331361,1
actual,36,86,tree,0,1024,24,0.193580239,0.000189043,0.000001072,0.000398558,1
actual,37,87,tree,0,1024,24,0.178141103,0.000173966,0.000001002,0.000327404,1
actual,38,88,tree,0,1024,24,0.185796409,0.000181442,0.000000982,0.000334529,1
actual,39,89,tree,0,1024,24,0.179798819,0.000175585,0.000000932,0.000383858,1
actual,40,90,tree,0,1024,24,0.181843832,0.000177582,0.000000902,0.000368341,1
actual,41,91,tree,0,1024,24,0.183969992,0.000179658,0.000000961,0.000369001,1
actual,42,92,tree,0,1024,24,0.181566144,0.000177311,0.000000962,0.000339466,1
actual,43,93,tree,0,1024,24,0.169550819,0.000165577,0.000000852,0.000327516,1
actual,44,94,tree,0,1024,24,0.187111195,0.000182726,0.000001552,0.001254341,1
actual,45,95,tree,0,1024,24,0.176595474,0.000172457,0.000001212,0.001346805,1
actual,46,96,tree,0,1024,24,0.183891679,0.000179582,0.000001102,0.000361309,1
actual,47,97,tree,0,1024,24,0.176552691,0.000172415,0.000000972,0.000324778,1
actual,48,98,tree,0,1024,24,0.180626444,0.000176393,0.000000951,0.000330091,1
actual,49,99,tree,0,1024,24,0.177105792,0.000172955,0.000000931,0.000361770,1
warmup,0,0,tree,0,1024,32,0.190438391,0.000185975,0.000001382,0.000356290,1
warmup,1,1,tree,0,1024,32,0.178172043,0.000173996,0.000000902,0.000344858,1
warmup,2,2,tree,0,1024,32,0.192341366,0.000187833,0.000001082,0.000351326,1
warmup,3,3,tree,0,1024,32,0.176442710,0.000172307,0.000001072,0.000313878,1
warmup,4,4,tree,0,1024,32,0.189138538,0.000184706,0.000000922,0.000365715,1
warmup,5,5,tree,0,1024,32,0.185496426,0.000181149,0.000001012,0.000391553,1
warmup,6,6,tree,0,1024,32,0.188246985,0.000183835,0.000001032,0.000370125,1
warmup,7,7,tree,0,1024,32,0.174327115,0.000170241,0.000001022,0.000323757,1
warmup,8,8,tree,0,1024,32,0.187290383,0.000182901,0.000001002,0.000357050,1
warmup,9,9,tree,0,1024,32,0.174627506,0.000170535,0.000001263,0.000324799,1
warmup,10,10,tree,0,1024,32,0.181205100,0.000176958,0.000000922,0.000328557,1
warmup,11,11,tree,0,1024,32,0.179538763,0.000175331,0.000001232,0.000336531,1
warmup,12,12,tree,0,1024,32,0.187987450,0.000183581,0.000001022,0.000349006,1
warmup,13,13,tree,0,1024,32,0.174118733,0.000170038,0.000000992,0.000327516,1
warmup,14,14,tree,0,1024,32,0.186514284,0.000182143,0.000000931,0.000361307,1
warmup,15,15,tree,0,1024,32,0.180827634,0.000176589,0.000001012,0.000335339,1
warmup,16,16,tree,0,1024,32,0.181757381,0.000177497,0.000000952,0.000349538,1
warmup,17,17,tree,0,1024,32,0.184044473,0.000179731,0.000001032,0.000359304,1
warmup,18,18,tree,0,1024,32,0.179662738,0.000175452,0.000000992,0.000333407,1
warmup,19,19,tree,0,1024,32,0.178443608,0.000174261,0.000000951,0.000373170,1
warmup,20,20,tree,0,1024,32,0.186950910,0.000182569,0.000001132,0.000341382,1
warmup,21,21,tree,0,1024,32,0.177611955,0.000173449,0.000000982,0.000341149,1
warmup,22,22,tree,0,1024,32,0.182480344,0.000178203,0.000000982,0.000337826,1
warmup,23,23,tree,0,1024,32,0.182906036,0.000178619,0.000000992,0.000396823,1
warmup,24,24,tree,0,1024,32,0.182160833,0.000177891,0.000001222,0.000352082,1
warmup,25,25,tree,0,1024,32,0.178843723,0.000174652,0.000001082,0.000338073,1
warmup,26,26,tree,0,1024,32,0.182018503,0.000177752,0.000001032,0.000326574,1
warmup,27,27,tree,0,1024,32,0.181146415,0.000176901,0.000000972,0.000392756,1
warmup,28,28,tree,0,1024,32,0.186596892,0.000182224,0.000001072,0.000378070,1
warmup,29,29,tree,0,1024,32,0.184417204,0.000180095,0.000001032,0.000368641,1
warmup,30,30,tree,0,1024,32,0.186952014,0.000182570,0.000001062,0.000334196,1
warmup,31,31,tree,0,1024,32,0.174219153,0.000170136,0.000001002,0.000315021,1
warmup,32,32,tree,0,1024,32,0.183551354,0.000179249,0.000001032,0.000373741,1
warmup,33,33,tree,0,1024,32,0.179530451,0.000175323,0.000001012,0.000377578,1
warmup,34,34,tree,0,1024,32,0.184920367,0.000180586,0.000001052,0.000374412,1
warmup,35,35,tree,0,1024,32,0.182893032,0.000178606,0.000000982,0.000371868,1
warmup,36,36,tree,0,1024,32,0.181648611,0.000177391,0.000001152,0.000341259,1
warmup,37,37,tree,0,1024,32,0.176965676,0.000172818,0.000001041,0.000328817,1
warmup,38,38,tree,0,1024,32,0.186549110,0.000182177,0.000001042,0.000333465,1
warmup,39,39,tree,0,1024,32,0.176805962,0.000172662,0.000000972,0.000363962,1
warmup,40,40,tree,0,1024,32,0.180421403,0.000176193,0.000001042,0.000347964,1
warmup,41,41,tree,0,1024,32,0.175840497,0.000171719,0.000001162,0.000340639,1
warmup,42,42,tree,0,1024,32,0.186610733,0.000182237,0.000000881,0.000352182,1
warmup,43,43,tree,0,1024,32,0.180085715,0.000175865,0.000000921,0.000335148,1
warmup,44,44,tree,0,1024,32,0.181625393,0.000177369,0.000000942,0.000335220,1
warmup,45,45,tree,0,1024,32,0.179507074,0.000175300,0.000001022,0.000334126,1
warmup,46,46,tree,0,1024,32,0.191707721,0.000187215,0.000000982,0.000351411,1
warmup,47,47,tree,0,1024,32,0.180739217,0.000176503,0.000000942,0.000341611,1
warmup,48,48,tree,0,1024,32,0.187420279,0.000183028,0.000000952,0.000362943,1
warmup,49,49,tree,0,1024,32,0.178536337,0.000174352,0.000001282,0.000317415,1
actual,0,50,tree,0,1024,32,0.183925797,0.000179615,0.000001162,0.000333856,1
actual,1,51,tree,0,1024,32,0.178685884,0.000174498,0.000001403,0.000345307,1
actual,2,52,tree,0,1024,32,0.185547250,0.000181198,0.000000982,0.000348265,1
actual,3,53,tree,0,1024,32,0.179345829,0.000175142,0.000001082,0.000325451,1
actual,4,54,tree,0,1024,32,0.184711960,0.000180383,0.000001032,0.000348766,1
actual,5,55,tree,0,1024,32,0.179990199,0.000175772,0.000000972,0.000335489,1
actual,6,56,tree,0,1024,32,0.187366783,0.000182975,0.000000992,0.000376416,1
actual,7,57,tree,0,1024,32,0.182717929,0.000178435,0.000001223,0.000336480,1
actual,8,58,tree,0,1024,32,0.182181434,0.000177912,0.000001353,0.000341622,1
actual,9,59,tree,0,1024,32,0.177651169,0.000173487,0.000000992,0.000348544,1
actual,10,60,tree,0,1024,32,0.183394583,0.000179096,0.000000991,0.000344308,1
actual,11,61,tree,0,1024,32,0.180091890,0.000175871,0.000001243,0.000343416,1
actual,12,62,tree,0,1024,32,0.189920553,0.000185469,0.000001442,0.000348264,1
actual,13,63,tree,0,1024,32,0.172065971,0.000168033,0.000000982,0.000323268,1
actual,14,64,tree,0,1024,32,0.188860126,0.000184434,0.000000962,0.000334880,1
actual,15,65,tree,0,1024,32,0.182706904,0.000178425,0.000000982,0.000340659,1
actual,16,66,tree,0,1024,32,0.180872837,0.000176634,0.000000932,0.000360416,1
actual,17,67,tree,0,1024,32,0.182889929,0.000178603,0.000000952,0.000366727,1
actual,18,68,tree,0,1024,32,0.180614055,0.000176381,0.000001012,0.000334990,1
actual,19,69,tree,0,1024,32,0.180061804,0.000175842,0.000001052,0.000338415,1
actual,20,70,tree,0,1024,32,0.181848225,0.000177586,0.000000941,0.000338577,1
actual,21,71,tree,0,1024,32,0.179597478,0.000175388,0.000000972,0.000329048,1
actual,22,72,tree,0,1024,32,0.180723412,0.000176488,0.000000952,0.000335351,1
actual,23,73,tree,0,1024,32,0.186980765,0.000182598,0.000001012,0.000352521,1
actual,24,74,tree,0,1024,32,0.186456217,0.000182086,0.000001012,0.001239782,1
actual,25,75,tree,0,1024,32,0.183638045,0.000179334,0.000001232,0.000327344,1
actual,26,76,tree,0,1024,32,0.183744145,0.000179438,0.000001212,0.000399038,1
actual,27,77,tree,0,1024,32,0.178222622,0.000174046,0.000000922,0.000318218,1
actual,28,78,tree,0,1024,32,0.183163120,0.000178870,0.000001613,0.000390152,1
actual,29,79,tree,0,1024,32,0.181071983,0.000176828,0.000000951,0.000354344,1
actual,30,80,tree,0,1024,32,0.184641284,0.000180314,0.000000902,0.000354455,1
actual,31,81,tree,0,1024,32,0.181351046,0.000177101,0.000001222,0.000397204,1
actual,32,82,tree,0,1024,32,0.184803820,0.000180472,0.000000972,0.000340400,1
actual,33,83,tree,0,1024,32,0.180821198,0.000176583,0.000001113,0.000385231,1
actual,34,84,tree,0,1024,32,0.187426889,0.000183034,0.000001032,0.000345900,1
actual,35,85,tree,0,1024,32,0.182475577,0.000178199,0.000000931,0.000364314,1
actual,36,86,tree,0,1024,32,0.188104300,0.000183696,0.000001243,0.000387018,1
actual,37,87,tree,0,1024,32,0.184129194,0.000179814,0.000000982,0.000381114,1
actual,38,88,tree,0,1024,32,0.183431059,0.000179132,0.000000982,0.000342443,1
actual,39,89,tree,0,1024,32,0.182518377,0.000178241,0.000001052,0.000322615,1
actual,40,90,tree,0,1024,32,0.185751929,0.000181398,0.000001052,0.000384842,1
actual,41,91,tree,0,1024,32,0.182417194,0.000178142,0.000001012,0.000340288,1
actual,42,92,tree,0,1024,32,0.182826289,0.000178541,0.000000962,0.000370335,1
actual,43,93,tree,0,1024,32,0.176744668,0.000172602,0.000001011,0.000344958,1
actual,44,94,tree,0,1024,32,0.193706537,0.000189167,0.000001312,0.000353745,1
actual,45,95,tree,0,1024,32,0.179161657,0.000174963,0.000001042,0.000370935,1
actual,46,96,tree,0,1024,32,0.183037819,0.000178748,0.000000992,0.000349277,1
actual,47,97,tree,0,1024,32,0.179177566,0.000174978,0.000001012,0.000365535,1
actual,48,98,tree,0,1024,32,0.182795474,0.000178511,0.000001262,0.000331714,1
actual,49,99,tree,0,1024,32,0.181577063,0.000177321,0.000001022,0.000328055,1
warmup,0,0,tree,0,1024,48,0.184087224,0.000179773,0.000001452,0.000357423,1
warmup,1,1,tree,0,1024,48,0.177937113,0.000173767,0.000000961,0.000317365,1
warmup,2,2,tree,0,1024,48,0.188355811,0.000183941,0.000001082,0.000341983,1
warmup,3,3,tree,0,1024,48,0.179858703,0.000175643,0.000000962,0.000358725,1
warmup,4,4,tree,0,1024,48,0.185193658,0.000180853,0.000001082,0.000363644,1
warmup,5,5,tree,0,1024,48,0.182517455,0.000178240,0.000001312,0.000402654,1
warmup,6,6,tree,0,1024,48,0.184380339,0.000180059,0.000001052,0.000345899,1
warmup,7,7,tree,0,1024,48,0.178317006,0.000174138,0.000001032,0.000311496,1
warmup,8,8,tree,0,1024,48,0.183806761,0.000179499,0.000000982,0.000350750,1
warmup,9,9,tree,0,1024,48,0.183163082,0.000178870,0.000001022,0.000332374,1
warmup,10,10,tree,0,1024,48,0.183380274,0.000179082,0.000000972,0.000360517,1
warmup,11,11,tree,0,1024,48,0.181610378,0.000177354,0.000001102,0.000362420,1
warmup,12,12,tree,0,1024,48,0.182371176,0.000178097,0.000001032,0.000368733,1
warmup,13,13,tree,0,1024,48,0.179673550,0.000175462,0.000000962,0.000335850,1
warmup,14,14,tree,0,1024,48,0.185408775,0.000181063,0.000000972,0.000356351,1
warmup,15,15,tree,0,1024,48,0.182879577,0.000178593,0.000001282,0.000360648,1
warmup,16,16,tree,0,1024,48,0.187242944,0.000182854,0.000001242,0.000376145,1
warmup,17,17,tree,0,1024,48,0.180448709,0.000176219,0.000001032,0.000360666,1
warmup,18,18,tree,0,1024,48,0.180418313,0.000176190,0.000001022,0.000338475,1
warmup,19,19,tree,0,1024,48,0.178877488,0.000174685,0.000000982,0.000308108,1
warmup,20,20,tree,0,1024,48,0.184271953,0.000179953,0.000000972,0.000361119,1
warmup,21,21,tree,0,1024,48,0.179659963,0.000175449,0.000000981,0.000332593,1
warmup,22,22,tree,0,1024,48,0.192986432,0.000188463,0.000001021,0.000368753,1
warmup,23,23,tree,0,1024,48,0.179766193,0.000175553,0.000001062,0.000344105,1
warmup,24,24,tree,0,1024,48,0.190043196,0.000185589,0.000001102,0.000380654,1
warmup,25,25,tree,0,1024,48,0.181891630,0.000177629,0.000001192,0.000320413,1
warmup,26,26,tree,0,1024,48,0.187361113,0.000182970,0.000001032,0.000344035,1
warmup,27,27,tree,0,1024,48,0.177608234,0.000173446,0.000000961,0.000328098,1
warmup,28,28,tree,0,1024,48,0.187010581,0.000182628,0.000001112,0.000342735,1
warmup,29,29,tree,0,1024,48,0.182111294,0.000177843,0.000001052,0.000371046,1
warmup,30,30,tree,0,1024,48,0.185609134,0.000181259,0.000001012,0.000341830,1
warmup,31,31,tree,0,1024,48,0.180926367,0.000176686,0.000001092,0.000322564,1
warmup,32,32,tree,0,1024,48,0.189985401,0.000185533,0.000001313,0.000356441,1
warmup,33,33,tree,0,1024,48,0.179942115,0.000175725,0.000000931,0.000316814,1
warmup,34,34,tree,0,1024,48,0.188515865,0.000184098,0.000001062,0.000345890,1
warmup,35,35,tree,0,1024,48,0.179520582,0.000175313,0.000001032,0.000366847,1
warmup,36,36,tree,0,1024,48,0.183569842,0.000179267,0.000001222,0.000337745,1
warmup,37,37,tree,0,1024,48,0.178257077,0.000174079,0.000001012,0.000341821,1
warmup,38,38,tree,0,1024,48,0.190156402,0.000185700,0.000000952,0.000370645,1
warmup,39,39,tree,0,1024,48,0.184329889,0.000180010,0.000001082,0.000342352,1
warmup,40,40,tree,0,1024,48,0.190057959,0.000185603,0.000001012,0.000371547,1
warmup,41,41,tree,0,1024,48,0.180651137,0.000176417,0.000001032,0.000389028,1
warmup,42,42,tree,0,1024,48,0.183052988,0.000178763,0.000000932,0.000342334,1
warmup,43,43,tree,0,1024,48,0.180707466,0.000176472,0.000000932,0.000325710,1
warmup,44,44,tree,0,1024,48,0.190948008,0.000186473,0.000001102,0.000357012,1
warmup,45,45,tree,0,1024,48,0.183725771,0.000179420,0.000001052,0.000384590,1
warmup,46,46,tree,0,1024,48,0.182183315,0.000177913,0.000001002,0.000346531,1
warmup,47,47,tree,0,1024,48,0.180924649,0.000176684,0.000001012,0.000351297,1
warmup,48,48,tree,0,1024,48,0.180351324,0.000176124,0.000000962,0.000365596,1
warmup,49,49,tree,0,1024,48,0.178791859,0.000174601,0.000000972,0.000324789,1
actual,0,50,tree,0,1024,48,0.190244203,0.000185785,0.000000942,0.000351601,1
actual,1,51,tree,0,1024,48,0.179911062,0.000175694,0.000000932,0.000325262,1
actual,2,52,tree,0,1024,48,0.189638292,0.000185194,0.000001002,0.000360598,1
actual,3,53,tree,0,1024,48,0.181323711,0.000177074,0.000001022,0.000332175,1
actual,4,54,tree,0,1024,48,0.183650503,0.000179346,0.000001083,0.000332746,1
actual,5,55,tree,0,1024,48,0.177996262,0.000173824,0.000000972,0.000348796,1
actual,6,56,tree,0,1024,48,0.187802605,0.000183401,0.000001042,0.000346552,1
actual,7,57,tree,0,1024,48,0.179760895,0.000175548,0.000000951,0.000334127,1
actual,8,58,tree,0,1024,48,0.188169892,0.000183760,0.000001002,0.000343446,1
actual,9,59,tree,0,1024,48,0.175596177,0.000171481,0.000000911,0.000340741,1
actual,10,60,tree,0,1024,48,0.186565788,0.000182193,0.000001012,0.000349247,1
actual,11,61,tree,0,1024,48,0.180523935,0.000176293,0.000000962,0.000379310,1
actual,12,62,tree,0,1024,48,0.179464594,0.000175258,0.000001143,0.000343364,1
actual,13,63,tree,0,1024,48,0.178583435,0.000174398,0.000000991,0.000331261,1
actual,14,64,tree,0,1024,48,0.185812050,0.000181457,0.000000932,0.000354875,1
actual,15,65,tree,0,1024,48,0.185505630,0.000181158,0.000000951,0.000389399,1
actual,16,66,tree,0,1024,48,0.184668258,0.000180340,0.000000861,0.000343814,1
actual,17,67,tree,0,1024,48,0.185966608,0.000181608,0.000001293,0.000353092,1
actual,18,68,tree,0,1024,48,0.184889515,0.000180556,0.000001052,0.000336062,1
actual,19,69,tree,0,1024,48,0.183076678,0.000178786,0.000001242,0.000336701,1
actual,20,70,tree,0,1024,48,0.182006361,0.000177741,0.000000941,0.000350457,1
actual,21,71,tree,0,1024,48,0.177664482,0.000173500,0.000000982,0.000325552,1
actual,22,72,tree,0,1024,48,0.190901882,0.000186428,0.000001012,0.000392637,1
actual,23,73,tree,0,1024,48,0.181935915,0.000177672,0.000001012,0.000339416,1
actual,24,74,tree,0,1024,48,0.187487552,0.000183093,0.000000992,0.000347774,1
actual,25,75,tree,0,1024,48,0.180323838,0.000176097,0.000000982,0.000328408,1
actual,26,76,tree,0,1024,48,0.178653699,0.000174467,0.000000962,0.000335041,1
actual,27,77,tree,0,1024,48,0.181474105,0.000177221,0.000000972,0.000320353,1
actual,28,78,tree,0,1024,48,0.186221420,0.000181857,0.000001002,0.000353185,1
actual,29,79,tree,0,1024,48,0.180937166,0.000176696,0.000001012,0.000336962,1
actual,30,80,tree,0,1024,48,0.188758486,0.000184334,0.000000972,0.000335028,1
actual,31,81,tree,0,1024,48,0.180270281,0.000176045,0.000001012,0.000338907,1
actual,32,82,tree,0,1024,48,0.184699395,0.000180371,0.000000941,0.000357420,1
actual,33,83,tree,0,1024,48,0.177052888,0.000172903,0.000000992,0.000323248,1
actual,34,84,tree,0,1024,48,0.192876190,0.000188356,0.000000951,0.000396554,1
actual,35,85,tree,0,1024,48,0.182428668,0.000178153,0.000000982,0.000336451,1
actual,36,86,tree,0,1024,48,0.184745989,0.000180416,0.000001062,0.000339799,1
actual,37,87,tree,0,1024,48,0.180791637,0.000176554,0.000001032,0.000321793,1
actual,38,88,tree,0,1024,48,0.186032338,0.000181672,0.000000892,0.000349788,1
actual,39,89,tree,0,1024,48,0.183286436,0.000178991,0.000000962,0.000401001,1
actual,40,90,tree,0,1024,48,0.184432770,0.000180110,0.000001002,0.000339860,1
actual,41,91,tree,0,1024,48,0.180376692,0.000176149,0.000000962,0.000349678,1
actual,42,92,tree,0,1024,48,0.187232505,0.000182844,0.000001042,0.000338636,1
actual,43,93,tree,0,1024,48,0.180173930,0.000175951,0.000001202,0.000399248,1
actual,44,94,tree,0,1024,48,0.181382762,0.000177132,0.000000942,0.000331854,1
actual,45,95,tree,0,1024,48,0.184177420,0.000179861,0.000001042,0.000330629,1
actual,46,96,tree,0,1024,48,0.189106694,0.000184675,0.000001012,0.000349317,1
actual,47,97,tree,0,1024,48,0.185942817,0.000181585,0.000000912,0.000373109,1
actual,48,98,tree,0,1024,48,0.183618556,0.000179315,0.000000932,0.000343606,1
actual,49,99,tree,0,1024,48,0.179718158,0.000175506,0.000000942,0.000326963,1
warmup,0,0,tree,0,1024,64,0.196640904,0.000192032,0.000001243,0.000350890,1
warmup,1,1,tree,0,1024,64,0.183362043,0.000179064,0.000001062,0.000332914,1
warmup,2,2,tree,0,1024,64,0.186390419,0.000182022,0.000001012,0.000344758,1
warmup,3,3,tree,0,1024,64,0.183297881,0.000179002,0.000000982,0.000326563,1
warmup,4,4,tree,0,1024,64,0.187146002,0.000182760,0.000000942,0.000345229,1
warmup,5,5,tree,0,1024,64,0.182046362,0.000177780,0.000001102,0.000340371,1
warmup,6,6,tree,0,1024,64,0.191985882,0.000187486,0.000001042,0.000354457,1
warmup,7,7,tree,0,1024,64,0.182278870,0.000178007,0.000001363,0.000328977,1
warmup,8,8,tree,0,1024,64,0.192711891,0.000188195,0.000000982,0.000362622,1
warmup,9,9,tree,0,1024,64,0.181692155,0.000177434,0.000000972,0.000379861,1
warmup,10,10,tree,0,1024,64,0.182438444,0.000178163,0.000001012,0.000344878,1
warmup,11,11,tree,0,1024,64,0.184150962,0.000179835,0.000001052,0.000351640,1
warmup,12,12,tree,0,1024,64,0.189808607,0.000185360,0.000001082,0.000400822,1
warmup,13,13,tree,0,1024,64,0.186174333,0.000181811,0.000001052,0.000365115,1
warmup,14,14,tree,0,1024,64,0.188572364,0.000184153,0.000001002,0.000349017,1
warmup,15,15,tree,0,1024,64,0.177422966,0.000173265,0.000000962,0.000331844,1
warmup,16,16,tree,0,1024,64,0.183006115,0.000178717,0.000001001,0.000335341,1
warmup,17,17,tree,0,1024,64,0.180396322,0.000176168,0.000001263,0.000340328,1
warmup,18,18,tree,0,1024,64,0.191874354,0.000187377,0.000002836,0.000370054,1
warmup,19,19,tree,0,1024,64,0.174795520,0.000170699,0.000000991,0.000349297,1
warmup,20,20,tree,0,1024,64,0.188224269,0.000183813,0.000000932,0.000391863,1
warmup,21,21,tree,0,1024,64,0.185925095,0.000181567,0.000001032,0.000332863,1
warmup,22,22,tree,0,1024,64,0.186180056,0.000181816,0.000000932,0.000345951,1
warmup,23,23,tree,0,1024,64,0.188082780,0.000183675,0.000001102,0.000350688,1
warmup,24,24,tree,0,1024,64,0.187795697,0.000183394,0.000001042,0.000352722,1
warmup,25,25,tree,0,1024,64,0.178820484,0.000174629,0.000001182,0.000337663,1
warmup,26,26,tree,0,1024,64,0.191093426,0.000186615,0.000001022,0.000344017,1
warmup,27,27,tree,0,1024,64,0.183719679,0.000179414,0.000001313,0.000334236,1
warmup,28,28,tree,0,1024,64,0.184158643,0.000179842,0.000000932,0.000343525,1
warmup,29,29,tree,0,1024,64,0.176302498,0.000172170,0.000000942,0.000322226,1
warmup,30,30,tree,0,1024,64,0.182566618,0.000178288,0.000000992,0.000363522,1
warmup,31,31,tree,0,1024,64,0.184257279,0.000179939,0.000001202,0.000332223,1
warmup,32,32,tree,0,1024,64,0.185644247,0.000181293,0.000001002,0.000342785,1
warmup,33,33,tree,0,1024,64,0.180449129,0.000176220,0.000001223,0.000334369,1
warmup,34,34,tree,0,1024,64,0.190026517,0.000185573,0.000000982,0.000343356,1
warmup,35,35,tree,0,1024,64,0.179062573,0.000174866,0.000000992,0.000330491,1
warmup,36,36,tree,0,1024,64,0.186353287,0.000181986,0.000000992,0.000348195,1
warmup,37,37,tree,0,1024,64,0.180449546,0.000176220,0.000001002,0.000382866,1
warmup,38,38,tree,0,1024,64,0.178443057,0.000174261,0.000000952,0.000331373,1
warmup,39,39,tree,0,1024,64,0.178763808,0.000174574,0.000000992,0.000336091,1
warmup,40,40,tree,0,1024,64,0.190382673,0.000185921,0.000001122,0.000393066,1
warmup,41,41,tree,0,1024,64,0.178663259,0.000174476,0.000001352,0.000322745,1
warmup,42,42,tree,0,1024,64,0.186923064,0.000182542,0.000000961,0.000351071,1
warmup,43,43,tree,0,1024,64,0.179859657,0.000175644,0.000001022,0.000324147,1
warmup,44,44,tree,0,1024,64,0.186342866,0.000181975,0.000001032,0.000338525,1
warmup,45,45,tree,0,1024,64,0.177072421,0.000172922,0.000001002,0.000344235,1
warmup,46,46,tree,0,1024,64,0.186107108,0.000181745,0.000000982,0.000358685,1
warmup,47,47,tree,0,1024,64,0.183467647,0.000179168,0.000000962,0.000348823,1
warmup,48,48,tree,0,1024,64,0.184129856,0.000179814,0.000002715,0.000378860,1
warmup,49,49,tree,0,1024,64,0.182856014,0.000178570,0.000001012,0.000383819,1
actual,0,50,tree,0,1024,64,0.182311007,0.000178038,0.000001012,0.000340160,1
actual,1,51,tree,0,1024,64,0.183028041,0.000178738,0.000001052,0.000335679,1
actual,2,52,tree,0,1024,64,0.189457683,0.000185017,0.000001102,0.000373871,1
actual,3,53,tree,0,1024,64,0.183092276,0.000178801,0.000001012,0.000351007,1
actual,4,54,tree,0,1024,64,0.185124898,0.000180786,0.000001012,0.000354698,1
actual,5,55,tree,0,1024,64,0.183168217,0.000178875,0.000000971,0.000366075,1
actual,6,56,tree,0,1024,64,0.194107883,0.000189558,0.000000982,0.000411350,1
actual,7,57,tree,0,1024,64,0.176261560,0.000172130,0.000001282,0.000307508,1
actual,8,58,tree,0,1024,64,0.188411490,0.000183996,0.000000962,0.000342585,1
actual,9,59,tree,0,1024,64,0.180948310,0.000176707,0.000001022,0.000338004,1
actual,10,60,tree,0,1024,64,0.187504284,0.000183110,0.000000942,0.000364696,1
actual,11,61,tree,0,1024,64,0.186395006,0.000182026,0.000001273,0.000373118,1
actual,12,62,tree,0,1024,64,0.192016026,0.000187516,0.000001112,0.000351548,1
actual,13,63,tree,0,1024,64,0.181841113,0.000177579,0.000000972,0.000377477,1
actual,14,64,tree,0,1024,64,0.187142743,0.000182757,0.000000932,0.000344445,1
actual,15,65,tree,0,1024,64,0.181561820,0.000177306,0.000000962,0.000351117,1
actual,16,66,tree,0,1024,64,0.182942160,0.000178654,0.000000912,0.000346679,1
actual,17,67,tree,0,1024,64,0.189355697,0.000184918,0.000001052,0.000386756,1
actual,18,68,tree,0,1024,64,0.186518594,0.000182147,0.000001292,0.000350319,1
actual,19,69,tree,0,1024,64,0.184324097,0.000180004,0.000001283,0.000330429,1
actual,20,70,tree,0,1024,64,0.184678037,0.000180350,0.000000952,0.000349585,1
actual,21,71,tree,0,1024,64,0.176793695,0.000172650,0.000000962,0.000324268,1
actual,22,72,tree,0,1024,64,0.188429127,0.000184013,0.000000932,0.000343215,1
actual,23,73,tree,0,1024,64,0.182680497,0.000178399,0.000000991,0.000336431,1
actual,24,74,tree,0,1024,64,0.185175811,0.000180836,0.000001012,0.000362990,1
actual,25,75,tree,0,1024,64,0.178429820,0.000174248,0.000001032,0.000336673,1
actual,26,76,tree,0,1024,64,0.188495077,0.000184077,0.000000912,0.000343546,1
actual,27,77,tree,0,1024,64,0.183359469,0.000179062,0.000001232,0.000343715,1
actual,28,78,tree,0,1024,64,0.184691276,0.000180363,0.000001022,0.000363211,1
actual,29,79,tree,0,1024,64,0.181524021,0.000177270,0.000000991,0.000323236,1
actual,30,80,tree,0,1024,64,0.184610663,0.000180284,0.000000992,0.000338847,1
actual,31,81,tree,0,1024,64,0.174907311,0.000170808,0.000000972,0.000323458,1
actual,32,82,tree,0,1024,64,0.183734516,0.000179428,0.000001092,0.000342505,1
actual,33,83,tree,0,1024,64,0.180375666,0.000176148,0.000001032,0.000327777,1
actual,34,84,tree,0,1024,64,0.192784432,0.000188266,0.000001102,0.000356759,1
actual,35,85,tree,0,1024,64,0.174684368,0.000170590,0.000000942,0.000326063,1
actual,36,86,tree,0,1024,64,0.187022900,0.000182640,0.000001012,0.000382638,1
actual,37,87,tree,0,1024,64,0.182085382,0.000177818,0.000000982,0.000365374,1
actual,38,88,tree,0,1024,64,0.182243890,0.000177973,0.000000982,0.000354115,1
actual,39,89,tree,0,1024,64,0.177612825,0.000173450,0.000001042,0.000328736,1
actual,40,90,tree,0,1024,64,0.185958433,0.000181600,0.000001072,0.000346409,1
actual,41,91,tree,0,1024,64,0.181510544,0.000177256,0.000001062,0.000328738,1
actual,42,92,tree,0,1024,64,0.189097526,0.000184666,0.000001032,0.000344047,1
actual,43,93,tree,0,1024,64,0.179066926,0.000174870,0.000001242,0.000319288,1
actual,44,94,tree,0,1024,64,0.187186260,0.000182799,0.000001052,0.000352273,1
actual,45,95,tree,0,1024,64,0.191210208,0.000186729,0.000000941,0.001340224,1
actual,46,96,tree,0,1024,64,0.186936885,0.000182556,0.000001122,0.000381485,1
actual,47,97,tree,0,1024,64,0.179615143,0.000175405,0.000001293,0.000379310,1
actual,48,98,tree,0,1024,64,0.187191434,0.000182804,0.000000962,0.000332302,1
actual,49,99,tree,0,1024,64,0.184225270,0.000179907,0.000000962,0.000353232,1
warmup,0,0,tree,0,1024,96,0.186422018,0.000182053,0.000001132,0.001366231,1
warmup,1,1,tree,0,1024,96,0.178602050,0.000174416,0.000001092,0.000321993,1
warmup,2,2,tree,0,1024,96,0.186936329,0.000182555,0.000001042,0.000346622,1
warmup,3,3,tree,0,1024,96,0.179441647,0.000175236,0.000000982,0.000373950,1
warmup,4,4,tree,0,1024,96,0.193683619,0.000189144,0.000001202,0.000381905,1
warmup,5,5,tree,0,1024,96,0.175862023,0.000171740,0.000001072,0.001230660,1
warmup,6,6,tree,0,1024,96,0.188456913,0.000184040,0.000001022,0.000387957,1
warmup,7,7,tree,0,1024,96,0.179003736,0.000174808,0.000000931,0.000380743,1
warmup,8,8,tree,0,1024,96,0.180738913,0.000176503,0.000000892,0.000338567,1
warmup,9,9,tree,0,1024,96,0.181099966,0.000176855,0.000001022,0.000393276,1
warmup,10,10,tree,0,1024,96,0.184922578,0.000180588,0.000000992,0.000339035,1
warmup,11,11,tree,0,1024,96,0.174917794,0.000170818,0.000000952,0.000335909,1
warmup,12,12,tree,0,1024,96,0.187196087,0.000182809,0.000001002,0.000334908,1
warmup,13,13,tree,0,1024,96,0.179063574,0.000174867,0.000000982,0.000375577,1
warmup,14,14,tree,0,1024,96,0.192271920,0.000187766,0.000001163,0.000357122,1
warmup,15,15,tree,0,1024,96,0.182117311,0.000177849,0.000001052,0.000383458,1
warmup,16,16,tree,0,1024,96,0.181292341,0.000177043,0.000000992,0.000352614,1
warmup,17,17,tree,0,1024,96,0.180388905,0.000176161,0.000001283,0.000378619,1
warmup,18,18,tree,0,1024,96,0.178467889,0.000174285,0.000000962,0.000329760,1
warmup,19,19,tree,0,1024,96,0.189926157,0.000185475,0.000001273,0.001352014,1
warmup,20,20,tree,0,1024,96,0.184340082,0.000180020,0.000001072,0.000347183,1
warmup,21,21,tree,0,1024,96,0.182265206,0.000177993,0.000000972,0.000383238,1
warmup,22,22,tree,0,1024,96,0.186424283,0.000182055,0.000000942,0.000350289,1
warmup,23,23,tree,0,1024,96,0.179140704,0.000174942,0.000000912,0.000360385,1
warmup,24,24,tree,0,1024,96,0.185779356,0.000181425,0.000001062,0.000346452,1
warmup,25,25,tree,0,1024,96,0.192032220,0.000187531,0.000000972,0.001345903,1
warmup,26,26,tree,0,1024,96,0.187648691,0.000183251,0.000001123,0.000339719,1
warmup,27,27,tree,0,1024,96,0.180758416,0.000176522,0.000001262,0.001310252,1
warmup,28,28,tree,0,1024,96,0.185433093,0.000181087,0.000001062,0.000346642,1
warmup,29,29,tree,0,1024,96,0.178454789,0.000174272,0.000001012,0.000319860,1
warmup,30,30,tree,0,1024,96,0.182829329,0.000178544,0.000000951,0.000340170,1
warmup,31,31,tree,0,1024,96,0.175861794,0.000171740,0.000000881,0.000330981,1
warmup,32,32,tree,0,1024,96,0.181847049,0.000177585,0.000001272,0.000323186,1
warmup,33,33,tree,0,1024,96,0.178370171,0.000174190,0.000001072,0.000335651,1
warmup,34,34,tree,0,1024,96,0.190692918,0.000186224,0.000001002,0.000347624,1
warmup,35,35,tree,0,1024,96,0.180274429,0.000176049,0.000001041,0.000327016,1
warmup,36,36,tree,0,1024,96,0.178944327,0.000174750,0.000000971,0.000345590,1
warmup,37,37,tree,0,1024,96,0.172331116,0.000168292,0.000000892,0.000317415,1
warmup,38,38,tree,0,1024,96,0.188868625,0.000184442,0.000001032,0.000336603,1
warmup,39,39,tree,0,1024,96,0.175604712,0.000171489,0.000000941,0.000343113,1
warmup,40,40,tree,0,1024,96,0.189044258,0.000184614,0.000001002,0.000391733,1
warmup,41,41,tree,0,1024,96,0.175441940,0.000171330,0.000000912,0.000338557,1
warmup,42,42,tree,0,1024,96,0.186310673,0.000181944,0.000000881,0.000369052,1
warmup,43,43,tree,0,1024,96,0.176547774,0.000172410,0.000000942,0.000331422,1
warmup,44,44,tree,0,1024,96,0.188160749,0.000183751,0.000001152,0.000335809,1
warmup,45,45,tree,0,1024,96,0.175051395,0.000170949,0.000001032,0.000332213,1
warmup,46,46,tree,0,1024,96,0.186159139,0.000181796,0.000001062,0.000345099,1
warmup,47,47,tree,0,1024,96,0.175958648,0.000171835,0.000000932,0.000356067,1
warmup,48,48,tree,0,1024,96,0.179814294,0.000175600,0.000001313,0.000330610,1
warmup,49,49,tree,0,1024,96,0.183041631,0.000178752,0.000000962,0.000367369,1
actual,0,50,tree,0,1024,96,0.187941367,0.000183536,0.000001152,0.000343025,1
actual,1,51,tree,0,1024,96,0.179037374,0.000174841,0.000001192,0.000336181,1
actual,2,52,tree,0,1024,96,0.183764526,0.000179458,0.000001072,0.000352613,1
actual,3,53,tree,0,1024,96,0.176799612,0.000172656,0.000001142,0.000338153,1
actual,4,54,tree,0,1024,96,0.181191594,0.000176945,0.000000961,0.000377005,1
actual,5,55,tree,0,1024,96,0.174500490,0.000170411,0.000001122,0.000310823,1
actual,6,56,tree,0,1024,96,0.185037282,0.000180700,0.000000992,0.000357903,1
actual,7,57,tree,0,1024,96,0.179135079,0.000174937,0.000000972,0.000389339,1
actual,8,58,tree,0,1024,96,0.187787302,0.000183386,0.000001162,0.000393277,1
actual,9,59,tree,0,1024,96,0.179667831,0.000175457,0.000001011,0.000370173,1
actual,10,60,tree,0,1024,96,0.180328194,0.000176102,0.000001002,0.000332986,1
actual,11,61,tree,0,1024,96,0.178366286,0.000174186,0.000001062,0.000349516,1
actual,12,62,tree,0,1024,96,0.186404512,0.000182036,0.000000992,0.000398075,1
actual,13,63,tree,0,1024,96,0.177377284,0.000173220,0.000000952,0.000398526,1
actual,14,64,tree,0,1024,96,0.178702878,0.000174515,0.000001263,0.000325172,1
actual,15,65,tree,0,1024,96,0.177475831,0.000173316,0.000001333,0.000384119,1
actual,16,66,tree,0,1024,96,0.184138585,0.000179823,0.000000941,0.000334658,1
actual,17,67,tree,0,1024,96,0.182579957,0.000178301,0.000000881,0.000369372,1
actual,18,68,tree,0,1024,96,0.178327177,0.000174148,0.000000902,0.000342975,1
actual,19,69,tree,0,1024,96,0.178456097,0.000174274,0.000000901,0.000343172,1
actual,20,70,tree,0,1024,96,0.185077841,0.000180740,0.000000841,0.000351057,1
actual,21,71,tree,0,1024,96,0.180922880,0.000176683,0.000000952,0.000367428,1
actual,22,72,tree,0,1024,96,0.178595443,0.000174410,0.000000982,0.000338404,1
actual,23,73,tree,0,1024,96,0.176927322,0.000172781,0.000001082,0.000331744,1
actual,24,74,tree,0,1024,96,0.187993384,0.000183587,0.000001022,0.000325310,1
actual,25,75,tree,0,1024,96,0.181475395,0.000177222,0.000000972,0.000378830,1
actual,26,76,tree,0,1024,96,0.181877022,0.000177614,0.000000912,0.000341522,1
actual,27,77,tree,0,1024,96,0.177048474,0.000172899,0.000000962,0.000380472,1
actual,28,78,tree,0,1024,96,0.185762740,0.000181409,0.000001082,0.000337585,1
actual,29,79,tree,0,1024,96,0.180158742,0.000175936,0.000000901,0.000394107,1
actual,30,80,tree,0,1024,96,0.182939909,0.000178652,0.000000972,0.000329137,1
actual,31,81,tree,0,1024,96,0.178675476,0.000174488,0.000001002,0.000313648,1
actual,32,82,tree,0,1024,96,0.181413965,0.000177162,0.000001012,0.000341330,1
actual,33,83,tree,0,1024,96,0.178629569,0.000174443,0.000001042,0.000324399,1
actual,34,84,tree,0,1024,96,0.186725182,0.000182349,0.000001293,0.000360446,1
actual,35,85,tree,0,1024,96,0.173320069,0.000169258,0.000000882,0.000324719,1
actual,36,86,tree,0,1024,96,0.186769428,0.000182392,0.000001784,0.000396142,1
actual,37,87,tree,0,1024,96,0.181857352,0.000177595,0.000000992,0.001253840,1
actual,38,88,tree,0,1024,96,0.183289670,0.000178994,0.000001202,0.000346331,1
actual,39,89,tree,0,1024,96,0.180482903,0.000176253,0.000001613,0.000327676,1
actual,40,90,tree,0,1024,96,0.183011284,0.000178722,0.000000921,0.000352543,1
actual,41,91,tree,0,1024,96,0.175816125,0.000171695,0.000000922,0.000346379,1
actual,42,92,tree,0,1024,96,0.188196197,0.000183785,0.000001222,0.000360388,1
actual,43,93,tree,0,1024,96,0.177826930,0.000173659,0.000001112,0.000388467,1
actual,44,94,tree,0,1024,96,0.176297561,0.000172166,0.000001002,0.000353104,1
actual,45,95,tree,0,1024,96,0.177481012,0.000173321,0.000001292,0.000322186,1
actual,46,96,tree,0,1024,96,0.185366051,0.000181022,0.000001673,0.000342334,1
actual,47,97,tree,0,1024,96,0.180164298,0.000175942,0.000000942,0.000376424,1
actual,48,98,tree,0,1024,96,0.183402357,0.000179104,0.000001002,0.000344375,1
actual,49,99,tree,0,1024,96,0.177706956,0.000173542,0.000001343,0.000361236,1
warmup,0,0,tree,0,1024,128,0.186072418,0.000181711,0.000000972,0.000325470,1
warmup,1,1,tree,0,1024,128,0.215470718,0.000210421,0.000001032,0.001413241,1
warmup,2,2,tree,0,1024,128,0.183214991,0.000178921,0.000001212,0.000347824,1
warmup,3,3,tree,0,1024,128,0.178368953,0.000174188,0.000001102,0.000352411,1
warmup,4,4,tree,0,1024,128,0.176546810,0.000172409,0.000000962,0.000326823,1
warmup,5,5,tree,0,1024,128,0.179164361,0.000174965,0.000000932,0.000390491,1
warmup,6,6,tree,0,1024,128,0.183632270,0.000179328,0.000000982,0.000342134,1
warmup,7,7,tree,0,1024,128,0.179414787,0.000175210,0.000001222,0.000332946,1
warmup,8,8,tree,0,1024,128,0.186030922,0.000181671,0.000001052,0.000346782,1
warmup,9,9,tree,0,1024,128,0.176959982,0.000172812,0.000000972,0.000324258,1
warmup,10,10,tree,0,1024,128,0.185821827,0.000181467,0.000001112,0.000332613,1
warmup,11,11,tree,0,1024,128,0.175788941,0.000171669,0.000001062,0.000362260,1
warmup,12,12,tree,0,1024,128,0.188829281,0.000184404,0.000000912,0.000349047,1
warmup,13,13,tree,0,1024,128,0.175201077,0.000171095,0.000001102,0.000392294,1
warmup,14,14,tree,0,1024,128,0.178857521,0.000174666,0.000001042,0.000347450,1
warmup,15,15,tree,0,1024,128,0.181470096,0.000177217,0.000001042,0.000376775,1
warmup,16,16,tree,0,1024,128,0.180972146,0.000176731,0.000001012,0.000343884,1
warmup,17,17,tree,0,1024,128,0.177607982,0.000173445,0.000001032,0.000365835,1
warmup,18,18,tree,0,1024,128,0.180939054,0.000176698,0.000000951,0.000378188,1
warmup,19,19,tree,0,1024,128,0.182700286,0.000178418,0.000001122,0.000376338,1
warmup,20,20,tree,0,1024,128,0.185362039,0.000181018,0.000001062,0.000336202,1
warmup,21,21,tree,0,1024,128,0.176174721,0.000172046,0.000000942,0.000337363,1
warmup,22,22,tree,0,1024,128,0.185017513,0.000180681,0.000001082,0.000347383,1
warmup,23,23,tree,0,1024,128,0.184383607,0.000180062,0.000000922,0.000378539,1
warmup,24,24,tree,0,1024,128,0.189083481,0.000184652,0.000000961,0.000343486,1
warmup,25,25,tree,0,1024,128,0.178275518,0.000174097,0.000001062,0.000387205,1
warmup,26,26,tree,0,1024,128,0.178687672,0.000174500,0.000001042,0.000349568,1
warmup,27,27,tree,0,1024,128,0.177048731,0.000172899,0.000001072,0.000317527,1
warmup,28,28,tree,0,1024,128,0.188500325,0.000184082,0.000000972,0.000350547,1
warmup,29,29,tree,0,1024,128,0.179414074,0.000175209,0.000001313,0.000319809,1
warmup,30,30,tree,0,1024,128,0.188325303,0.000183911,0.000001032,0.000348074,1
warmup,31,31,tree,0,1024,128,0.178989232,0.000174794,0.000001172,0.000327406,1
warmup,32,32,tree,0,1024,128,0.184713586,0.000180384,0.000001262,0.000349949,1
warmup,33,33,tree,0,1024,128,0.174096110,0.000170016,0.000000992,0.000316053,1
warmup,34,34,tree,0,1024,128,0.183834803,0.000179526,0.000001223,0.000344739,1
warmup,35,35,tree,0,1024,128,0.180617734,0.000176385,0.000001002,0.000325650,1
warmup,36,36,tree,0,1024,128,0.187329621,0.000182939,0.000001092,0.000340397,1
warmup,37,37,tree,0,1024,128,0.182120807,0.000177852,0.000001193,0.000357069,1
warmup,38,38,tree,0,1024,128,0.178828821,0.000174638,0.000000972,0.000382345,1
warmup,39,39,tree,0,1024,128,0.173354126,0.000169291,0.000000922,0.000354164,1
warmup,40,40,tree,0,1024,128,0.184317014,0.000179997,0.000000941,0.000344588,1
warmup,41,41,tree,0,1024,128,0.177438709,0.000173280,0.000000982,0.000329898,1
warmup,42,42,tree,0,1024,128,0.182279389,0.000178007,0.000001203,0.000342424,1
warmup,43,43,tree,0,1024,128,0.178067194,0.000173894,0.000000962,0.000381655,1
warmup,44,44,tree,0,1024,128,0.183945231,0.000179634,0.000001072,0.000379642,1
warmup,45,45,tree,0,1024,128,0.181310522,0.000177061,0.000000991,0.000365394,1
warmup,46,46,tree,0,1024,128,0.180388540,0.000176161,0.000001022,0.000339689,1
warmup,47,47,tree,0,1024,128,0.178541149,0.000174357,0.000001093,0.000359082,1
warmup,48,48,tree,0,1024,128,0.183780155,0.000179473,0.000001062,0.000351701,1
warmup,49,49,tree,0,1024,128,0.176721400,0.000172579,0.000000972,0.000326632,1
actual,0,50,tree,0,1024,128,0.186658975,0.000182284,0.000000992,0.000328907,1
actual,1,51,tree,0,1024,128,0.180139243,0.000175917,0.000001203,0.000371385,1
actual,2,52,tree,0,1024,128,0.180872960,0.000176634,0.000000921,0.000332323,1
actual,3,53,tree,0,1024,128,0.182082007,0.000177814,0.000001022,0.000390932,1
actual,4,54,tree,0,1024,128,0.185428641,0.000181083,0.000000952,0.000339469,1
actual,5,55,tree,0,1024,128,0.176529512,0.000172392,0.000000922,0.000313590,1
actual,6,56,tree,0,1024,128,0.184497616,0.000180173,0.000000932,0.000350169,1
actual,7,57,tree,0,1024,128,0.181892236,0.000177629,0.000000942,0.000393797,1
actual,8,58,tree,0,1024,128,0.182697773,0.000178416,0.000001012,0.000339549,1
actual,9,59,tree,0,1024,128,0.178146616,0.000173971,0.000001002,0.000370984,1
actual,10,60,tree,0,1024,128,0.182810136,0.000178526,0.000001052,0.000340811,1
actual,11,61,tree,0,1024,128,0.174814385,0.000170717,0.000001062,0.000360364,1
actual,12,62,tree,0,1024,128,0.178300291,0.000174121,0.000000942,0.000331091,1
actual,13,63,tree,0,1024,128,0.175201290,0.000171095,0.000000962,0.000333827,1
actual,14,64,tree,0,1024,128,0.186904646,0.000182524,0.000001082,0.000350008,1
actual,15,65,tree,0,1024,128,0.179571694,0.000175363,0.000001152,0.000337154,1
actual,16,66,tree,0,1024,128,0.185226780,0.000180886,0.000000992,0.000319269,1
actual,17,67,tree,0,1024,128,0.176030503,0.000171905,0.000000992,0.000324100,1
actual,18,68,tree,0,1024,128,0.183447213,0.000179148,0.000000992,0.000351100,1
actual,19,69,tree,0,1024,128,0.177869947,0.000173701,0.000001002,0.000352862,1
actual,20,70,tree,0,1024,128,0.187054359,0.000182670,0.000001112,0.000350917,1
actual,21,71,tree,0,1024,128,0.178531485,0.000174347,0.000001072,0.000353622,1
actual,22,72,tree,0,1024,128,0.182180850,0.000177911,0.000001072,0.000347523,1
actual,23,73,tree,0,1024,128,0.182156548,0.000177887,0.000000942,0.000392855,1
actual,24,74,tree,0,1024,128,0.180937056,0.000176696,0.000001253,0.000363683,1
actual,25,75,tree,0,1024,128,0.181691404,0.000177433,0.000001202,0.000383758,1
actual,26,76,tree,0,1024,128,0.184994471,0.000180659,0.000001052,0.000342094,1
actual,27,77,tree,0,1024,128,0.176741440,0.000172599,0.000001252,0.000332564,1
actual,28,78,tree,0,1024,128,0.189657753,0.000185213,0.000001002,0.000349247,1
actual,29,79,tree,0,1024,128,0.180114829,0.000175893,0.000001062,0.000327775,1
actual,30,80,tree,0,1024,128,0.190591022,0.000186124,0.000001793,0.000342703,1
actual,31,81,tree,0,1024,128,0.179786035,0.000175572,0.000001263,0.000338032,1
actual,32,82,tree,0,1024,128,0.180009428,0.000175790,0.000000932,0.000334098,1
actual,33,83,tree,0,1024,128,0.179182373,0.000174983,0.000000972,0.000335790,1
actual,34,84,tree,0,1024,128,0.184372736,0.000180052,0.000000911,0.000354387,1
actual,35,85,tree,0,1024,128,0.176758474,0.000172616,0.000001192,0.000330451,1
actual,36,86,tree,0,1024,128,0.192658994,0.000188144,0.000001072,0.000372471,1
actual,37,87,tree,0,1024,128,0.187252939,0.000182864,0.000001072,0.000374581,1
actual,38,88,tree,0,1024,128,0.179579708,0.000175371,0.000000942,0.000330269,1
actual,39,89,tree,0,1024,128,0.182137908,0.000177869,0.000001042,0.000324308,1
actual,40,90,tree,0,1024,128,0.188652461,0.000184231,0.000001232,0.000344697,1
actual,41,91,tree,0,1024,128,0.179990999,0.000175772,0.000001072,0.000340851,1
actual,42,92,tree,0,1024,128,0.187916318,0.000183512,0.000001022,0.000351531,1
actual,43,93,tree,0,1024,128,0.183141664,0.000178849,0.000001032,0.000327794,1
actual,44,94,tree,0,1024,128,0.186639791,0.000182265,0.000001162,0.000341673,1
actual,45,95,tree,0,1024,128,0.184974879,0.000180640,0.000000992,0.000324699,1
actual,46,96,tree,0,1024,128,0.184493236,0.000180169,0.000001192,0.000345039,1
actual,47,97,tree,0,1024,128,0.178182626,0.000174006,0.000001012,0.000381184,1
actual,48,98,tree,0,1024,128,0.181373851,0.000177123,0.000001062,0.000337966,1
actual,49,99,tree,0,1024,128,0.172898114,0.000168846,0.000000931,0.000369643,1
warmup,0,0,tree,0,1024,192,0.195227817,0.000190652,0.000001062,0.000354497,1
warmup,1,1,tree,0,1024,192,0.187857746,0.000183455,0.000001052,0.000344095,1
warmup,2,2,tree,0,1024,192,0.195909917,0.000191318,0.000001102,0.000339156,1
warmup,3,3,tree,0,1024,192,0.189290135,0.000184854,0.000001052,0.000371739,1
warmup,4,4,tree,0,1024,192,0.193771465,0.000189230,0.000001011,0.000354036,1
warmup,5,5,tree,0,1024,192,0.184397057,0.000180075,0.000000942,0.000347903,1
warmup,6,6,tree,0,1024,192,0.198994133,0.000194330,0.000001072,0.000373571,1
warmup,7,7,tree,0,1024,192,0.189152855,0.000184720,0.000001082,0.000345637,1
warmup,8,8,tree,0,1024,192,0.187697541,0.000183298,0.000001753,0.000353394,1
warmup,9,9,tree,0,1024,192,0.192133621,0.000187630,0.000001152,0.000413664,1
warmup,10,10,tree,0,1024,192,0.188853629,0.000184427,0.000000952,0.000392459,1
warmup,11,11,tree,0,1024,192,0.186486945,0.000182116,0.000000952,0.000345258,1
warmup,12,12,tree,0,1024,192,0.197434475,0.000192807,0.000000972,0.000353693,1
warmup,13,13,tree,0,1024,192,0.188919785,0.000184492,0.000000942,0.000338055,1
warmup,14,14,tree,0,1024,192,0.194435194,0.000189878,0.000001012,0.000414677,1
warmup,15,15,tree,0,1024,192,0.188066929,0.000183659,0.000000972,0.000348305,1
warmup,16,16,tree,0,1024,192,0.197524620,0.000192895,0.000000992,0.000377338,1
warmup,17,17,tree,0,1024,192,0.185253532,0.000180912,0.000001202,0.000326712,1
warmup,18,18,tree,0,1024,192,0.189464996,0.000185024,0.000000882,0.000353395,1
warmup,19,19,tree,0,1024,192,0.190493730,0.000186029,0.000000982,0.000363021,1
warmup,20,20,tree,0,1024,192,0.192333197,0.000187825,0.000001092,0.000357691,1
warmup,21,21,tree,0,1024,192,0.188851087,0.000184425,0.000000992,0.000341801,1
warmup,22,22,tree,0,1024,192,0.191390873,0.000186905,0.000000952,0.000348355,1
warmup,23,23,tree,0,1024,192,0.188288802,0.000183876,0.000001323,0.000348175,1
warmup,24,24,tree,0,1024,192,0.187687202,0.000183288,0.000000881,0.000371799,1
warmup,25,25,tree,0,1024,192,0.188089933,0.000183682,0.000001062,0.000388098,1
warmup,26,26,tree,0,1024,192,0.198417724,0.000193767,0.000001002,0.000400810,1
warmup,27,27,tree,0,1024,192,0.180242661,0.000176018,0.000000921,0.000320561,1
warmup,28,28,tree,0,1024,192,0.193613170,0.000189075,0.000000982,0.000360037,1
warmup,29,29,tree,0,1024,192,0.189760981,0.000185313,0.000000922,0.000350908,1
warmup,30,30,tree,0,1024,192,0.192103142,0.000187601,0.000000982,0.000361610,1
warmup,31,31,tree,0,1024,192,0.189107251,0.000184675,0.000001232,0.000348685,1
warmup,32,32,tree,0,1024,192,0.195811566,0.000191222,0.000001062,0.000388277,1
warmup,33,33,tree,0,1024,192,0.187729678,0.000183330,0.000000901,0.000365696,1
warmup,34,34,tree,0,1024,192,0.190132386,0.000185676,0.000001011,0.000355339,1
warmup,35,35,tree,0,1024,192,0.190121163,0.000185665,0.000000982,0.000388788,1
warmup,36,36,tree,0,1024,192,0.190900788,0.000186427,0.000000992,0.000351860,1
warmup,37,37,tree,0,1024,192,0.184923678,0.000180590,0.000001042,0.000359273,1
warmup,38,38,tree,0,1024,192,0.190038416,0.000185584,0.000000992,0.000347251,1
warmup,39,39,tree,0,1024,192,0.187271999,0.000182883,0.000000992,0.000400921,1
warmup,40,40,tree,0,1024,192,0.189310969,0.000184874,0.000000901,0.000359817,1
warmup,41,41,tree,0,1024,192,0.189459989,0.000185020,0.000000902,0.000336471,1
warmup,42,42,tree,0,1024,192,0.198632587,0.000193977,0.000001052,0.000381215,1
warmup,43,43,tree,0,1024,192,0.184554938,0.000180229,0.000000972,0.000339258,1
warmup,44,44,tree,0,1024,192,0.193660424,0.000189122,0.000001062,0.000360605,1
warmup,45,45,tree,0,1024,192,0.188724374,0.000184301,0.000001001,0.000339646,1
warmup,46,46,tree,0,1024,192,0.188237971,0.000183826,0.000000981,0.000339577,1
warmup,47,47,tree,0,1024,192,0.187718973,0.000183319,0.000000992,0.000394669,1
warmup,48,48,tree,0,1024,192,0.196408803,0.000191805,0.000001123,0.000395031,1
warmup,49,49,tree,0,1024,192,0.187981683,0.000183576,0.000001022,0.000351288,1
actual,0,50,tree,0,1024,192,0.185369489,0.000181025,0.000001012,0.000337274,1
actual,1,51,tree,0,1024,192,0.191425228,0.000186939,0.000000982,0.000382668,1
actual,2,52,tree,0,1024,192,0.193823848,0.000189281,0.000000991,0.000333085,1
actual,3,53,tree,0,1024,192,0.185498427,0.000181151,0.000000962,0.000341691,1
actual,4,54,tree,0,1024,192,0.191257900,0.000186775,0.000001072,0.000348786,1
actual,5,55,tree,0,1024,192,0.188601422,0.000184181,0.000001021,0.000406821,1
actual,6,56,tree,0,1024,192,0.192496432,0.000187985,0.000000962,0.000338675,1
actual,7,57,tree,0,1024,192,0.182506718,0.000178229,0.000001192,0.000360977,1
actual,8,58,tree,0,1024,192,0.196803943,0.000192191,0.000001042,0.000358835,1
actual,9,59,tree,0,1024,192,0.187200827,0.000182813,0.000001001,0.000343805,1
actual,10,60,tree,0,1024,192,0.192536113,0.000188024,0.000001132,0.000348275,1
actual,11,61,tree,0,1024,192,0.188291948,0.000183879,0.000000971,0.000386484,1
actual,12,62,tree,0,1024,192,0.191696166,0.000187203,0.000001012,0.001332372,1
actual,13,63,tree,0,1024,192,0.192874386,0.000188354,0.000001082,0.000383548,1
actual,14,64,tree,0,1024,192,0.197176015,0.000192555,0.000001062,0.000360776,1
actual,15,65,tree,0,1024,192,0.187218906,0.000182831,0.000000941,0.000341280,1
actual,16,66,tree,0,1024,192,0.193619121,0.000189081,0.000000991,0.000367840,1
actual,17,67,tree,0,1024,192,0.198807780,0.000194148,0.000000972,0.001502297,1
actual,18,68,tree,0,1024,192,0.197519779,0.000192890,0.000001202,0.000360127,1
actual,19,69,tree,0,1024,192,0.184420823,0.000180098,0.000000861,0.000406662,1
actual,20,70,tree,0,1024,192,0.191034075,0.000186557,0.000001102,0.000391264,1
actual,21,71,tree,0,1024,192,0.187262201,0.000182873,0.000000952,0.000385802,1
actual,22,72,tree,0,1024,192,0.198078180,0.000193436,0.000001272,0.000355508,1
actual,23,73,tree,0,1024,192,0.189429007,0.000184989,0.000000942,0.000392735,1
actual,24,74,tree,0,1024,192,0.193081949,0.000188557,0.000001082,0.000340819,1
actual,25,75,tree,0,1024,192,0.180949256,0.000176708,0.000000882,0.000343045,1
actual,26,76,tree,0,1024,192,0.189154625,0.000184721,0.000001042,0.000355579,1
actual,27,77,tree,0,1024,192,0.185527294,0.000181179,0.000001052,0.000339759,1
actual,28,78,tree,0,1024,192,0.196274300,0.000191674,0.000001232,0.000348145,1
actual,29,79,tree,0,1024,192,0.185662831,0.000181311,0.000001193,0.000336663,1
actual,30,80,tree,0,1024,192,0.189395492,0.000184957,0.000000992,0.000353825,1
actual,31,81,tree,0,1024,192,0.187722500,0.000183323,0.000000982,0.000402053,1
actual,32,82,tree,0,1024,192,0.195151189,0.000190577,0.000001012,0.000338855,1
actual,33,83,tree,0,1024,192,0.185665681,0.000181314,0.000001072,0.000346869,1
actual,34,84,tree,0,1024,192,0.196901597,0.000192287,0.000001032,0.000363123,1
actual,35,85,tree,0,1024,192,0.186480380,0.000182110,0.000001042,0.000344609,1
actual,36,86,tree,0,1024,192,0.192695699,0.000188179,0.000001012,0.000374274,1
actual,37,87,tree,0,1024,192,0.186129601,0.000181767,0.000001072,0.000335339,1
actual,38,88,tree,0,1024,192,0.197835228,0.000193198,0.000001833,0.000359676,1
actual,39,89,tree,0,1024,192,0.189682130,0.000185236,0.000001022,0.000338838,1
actual,40,90,tree,0,1024,192,0.190540664,0.000186075,0.000001312,0.000335579,1
actual,41,91,tree,0,1024,192,0.189092033,0.000184660,0.000001152,0.000331484,1
actual,42,92,tree,0,1024,192,0.195125549,0.000190552,0.000000982,0.000369755,1
actual,43,93,tree,0,1024,192,0.190210220,0.000185752,0.000000952,0.000349054,1
actual,44,94,tree,0,1024,192,0.187527712,0.000183133,0.000001052,0.000349768,1
actual,45,95,tree,0,1024,192,0.190401218,0.000185939,0.000001052,0.000352643,1
actual,46,96,tree,0,1024,192,0.194341279,0.000189786,0.000002806,0.000352090,1
actual,47,97,tree,0,1024,192,0.183268716,0.000178973,0.000001172,0.000330841,1
actual,48,98,tree,0,1024,192,0.193695607,0.000189156,0.000000951,0.000354146,1
actual,49,99,tree,0,1024,192,0.192582347,0.000188069,0.000000932,0.000348693,1
warmup,0,0,tree,0,1024,256,0.240982253,0.000235334,0.000001072,0.001372926,1
warmup,1,1,tree,0,1024,256,0.193573593,0.000189037,0.000000902,0.001342048,1
warmup,2,2,tree,0,1024,256,0.205078590,0.000200272,0.000001172,0.001278238,1
warmup,3,3,tree,0,1024,256,0.197395186,0.000192769,0.000000991,0.001290970,1
warmup,4,4,tree,0,1024,256,0.205003204,0.000200198,0.000000921,0.001305929,1
warmup,5,5,tree,0,1024,256,0.197138325,0.000192518,0.000003086,0.000311986,1
warmup,6,6,tree,0,1024,256,0.203033292,0.000198275,0.000001162,0.001300279,1
warmup,7,7,tree,0,1024,256,0.192103463,0.000187601,0.000000932,0.000331102,1
warmup,8,8,tree,0,1024,256,0.195670922,0.000191085,0.000001092,0.000322695,1
warmup,9,9,tree,0,1024,256,0.193350414,0.000188819,0.000000962,0.000328307,1
warmup,10,10,tree,0,1024,256,0.197397968,0.000192771,0.000000901,0.000325049,1
warmup,11,11,tree,0,1024,256,0.196235986,0.000191637,0.000001012,0.001376777,1
warmup,12,12,tree,0,1024,256,0.198431719,0.000193781,0.000000932,0.001320366,1
warmup,13,13,tree,0,1024,256,0.193620856,0.000189083,0.000001332,0.000295394,1
warmup,14,14,tree,0,1024,256,0.194701764,0.000190138,0.000001203,0.000351340,1
warmup,15,15,tree,0,1024,256,0.199775224,0.000195093,0.000000942,0.000290325,1
warmup,16,16,tree,0,1024,256,0.203571653,0.000198800,0.000001322,0.000311133,1
warmup,17,17,tree,0,1024,256,0.192806803,0.000188288,0.000001143,0.000295035,1
warmup,18,18,tree,0,1024,256,0.214758263,0.000209725,0.000001102,0.001334836,1
warmup,19,19,tree,0,1024,256,0.194817893,0.000190252,0.000001002,0.000293822,1
warmup,20,20,tree,0,1024,256,0.201980771,0.000197247,0.000000992,0.000305774,1
warmup,21,21,tree,0,1024,256,0.195585768,0.000191002,0.000001062,0.000295976,1
warmup,22,22,tree,0,1024,256,0.198846601,0.000194186,0.000001002,0.000303811,1
warmup,23,23,tree,0,1024,256,0.200903363,0.000196195,0.000001021,0.000292499,1
warmup,24,24,tree,0,1024,256,0.207510879,0.000202647,0.000001032,0.000286727,1
warmup,25,25,tree,0,1024,256,0.195007451,0.000190437,0.000001052,0.000307969,1
warmup,26,26,tree,0,1024,256,0.194470572,0.000189913,0.000006322,0.000303370,1
warmup,27,27,tree,0,1024,256,0.196740885,0.000192130,0.000001021,0.000302236,1
warmup,28,28,tree,0,1024,256,0.204658090,0.000199861,0.000000952,0.000307355,1
warmup,29,29,tree,0,1024,256,0.201227298,0.000196511,0.000001273,0.000298890,1
warmup,30,30,tree,0,1024,256,0.205481162,0.000200665,0.000000982,0.000309369,1
warmup,31,31,tree,0,1024,256,0.198868606,0.000194208,0.000000952,0.000298651,1
warmup,32,32,tree,0,1024,256,0.205488232,0.000200672,0.000001062,0.000453401,1
warmup,33,33,tree,0,1024,256,0.193423795,0.000188890,0.000000972,0.000320873,1
warmup,34,34,tree,0,1024,256,0.203079455,0.000198320,0.000001092,0.000311654,1
warmup,35,35,tree,0,1024,256,0.196548853,0.000191942,0.000001032,0.000401193,1
warmup,36,36,tree,0,1024,256,0.202412119,0.000197668,0.000000952,0.000395079,1
warmup,37,37,tree,0,1024,256,0.202386216,0.000197643,0.000000942,0.000410647,1
warmup,38,38,tree,0,1024,256,0.214972263,0.000209934,0.000001212,0.000429094,1
warmup,39,39,tree,0,1024,256,0.196687097,0.000192077,0.000001022,0.000375524,1
warmup,40,40,tree,0,1024,256,0.206085369,0.000201255,0.000001142,0.000293000,1
warmup,41,41,tree,0,1024,256,0.198370182,0.000193721,0.000001012,0.001325155,1
warmup,42,42,tree,0,1024,256,0.203125388,0.000198365,0.000001463,0.000306606,1
warmup,43,43,tree,0,1024,256,0.200221360,0.000195529,0.000001012,0.000299302,1
warmup,44,44,tree,0,1024,256,0.196211234,0.000191613,0.000001303,0.000294372,1
warmup,45,45,tree,0,1024,256,0.194327061,0.000189773,0.000001183,0.000278995,1
warmup,46,46,tree,0,1024,256,0.202059211,0.000197323,0.000001032,0.000302138,1
warmup,47,47,tree,0,1024,256,0.192531374,0.000188019,0.000000942,0.000298931,1
warmup,48,48,tree,0,1024,256,0.197226749,0.000192604,0.000000931,0.000313799,1
warmup,49,49,tree,0,1024,256,0.191140778,0.000186661,0.000001032,0.000289313,1
actual,0,50,tree,0,1024,256,0.206396592,0.000201559,0.000000952,0.000302657,1
actual,1,51,tree,0,1024,256,0.192282799,0.000187776,0.000000962,0.000316733,1
actual,2,52,tree,0,1024,256,0.203815405,0.000199038,0.000000972,0.000295584,1
actual,3,53,tree,0,1024,256,0.195429740,0.000190849,0.000001022,0.000296557,1
actual,4,54,tree,0,1024,256,0.202294255,0.000197553,0.000001072,0.000312106,1
actual,5,55,tree,0,1024,256,0.193990954,0.000189444,0.000001011,0.000340530,1
actual,6,56,tree,0,1024,256,0.195984469,0.000191391,0.000000952,0.000307939,1
actual,7,57,tree,0,1024,256,0.188564199,0.000184145,0.000000962,0.000299192,1
actual,8,58,tree,0,1024,256,0.209156734,0.000204255,0.000001002,0.000305272,1
actual,9,59,tree,0,1024,256,0.204791174,0.000199991,0.000000992,0.000348573,1
actual,10,60,tree,0,1024,256,0.196188183,0.000191590,0.000000992,0.000287869,1
actual,11,61,tree,0,1024,256,0.189822423,0.000185373,0.000000902,0.000287530,1
actual,12,62,tree,0,1024,256,0.202772304,0.000198020,0.000000992,0.000300705,1
actual,13,63,tree,0,1024,256,0.192628434,0.000188114,0.000000992,0.000287871,1
actual,14,64,tree,0,1024,256,0.195686135,0.000191100,0.000000961,0.000290626,1
actual,15,65,tree,0,1024,256,0.198751542,0.000194093,0.000001012,0.000309421,1
actual,16,66,tree,0,1024,256,0.203414604,0.000198647,0.000001393,0.000284153,1
actual,17,67,tree,0,1024,256,0.196445402,0.000191841,0.000000982,0.000305094,1
actual,18,68,tree,0,1024,256,0.206589011,0.000201747,0.000000992,0.000294994,1
actual,19,69,tree,0,1024,256,0.193974818,0.000189429,0.000000902,0.000286528,1
actual,20,70,tree,0,1024,256,0.208296949,0.000203415,0.000001052,0.000391074,1
actual,21,71,tree,0,1024,256,0.211186110,0.000206236,0.000001192,0.000398407,1
actual,22,72,tree,0,1024,256,0.201036059,0.000196324,0.000001082,0.000296556,1
actual,23,73,tree,0,1024,256,0.195413675,0.000190834,0.000001273,0.000284332,1
actual,24,74,tree,0,1024,256,0.206182988,0.000201351,0.000001032,0.000308199,1
actual,25,75,tree,0,1024,256,0.199704830,0.000195024,0.000000962,0.000348263,1
actual,26,76,tree,0,1024,256,0.208435608,0.000203550,0.000001022,0.000306666,1
actual,27,77,tree,0,1024,256,0.191366976,0.000186882,0.000000942,0.000295365,1
actual,28,78,tree,0,1024,256,0.205095792,0.000200289,0.000001062,0.000302646,1
actual,29,79,tree,0,1024,256,0.193307199,0.000188777,0.000000932,0.000316144,1
actual,30,80,tree,0,1024,256,0.195279701,0.000190703,0.000000942,0.000283161,1
actual,31,81,tree,0,1024,256,0.196952117,0.000192336,0.000001022,0.000362020,1
actual,32,82,tree,0,1024,256,0.195214218,0.000190639,0.000001022,0.000319039,1
actual,33,83,tree,0,1024,256,0.192733954,0.000188217,0.000001012,0.000296918,1
actual,34,84,tree,0,1024,256,0.195458992,0.000190878,0.000000902,0.000294653,1
actual,35,85,tree,0,1024,256,0.198995588,0.000194332,0.000001011,0.000294483,1
actual,36,86,tree,0,1024,256,0.203526859,0.000198757,0.000000952,0.000383891,1
actual,37,87,tree,0,1024,256,0.194705483,0.000190142,0.000000932,0.000308189,1
actual,38,88,tree,0,1024,256,0.202621860,0.000197873,0.000000922,0.000322446,1
actual,39,89,tree,0,1024,256,0.194564716,0.000190005,0.000001002,0.000296498,1
actual,40,90,tree,0,1024,256,0.197254855,0.000192632,0.000000932,0.000302097,1
actual,41,91,tree,0,1024,256,0.193953728,0.000189408,0.000000952,0.000288430,1
actual,42,92,tree,0,1024,256,0.202158940,0.000197421,0.000001553,0.000286737,1
actual,43,93,tree,0,1024,256,0.205854800,0.000201030,0.000000861,0.000368563,1
actual,44,94,tree,0,1024,256,0.197060750,0.000192442,0.000001022,0.000324149,1
actual,45,95,tree,0,1024,256,0.189906652,0.000185456,0.000001072,0.000298740,1
actual,46,96,tree,0,1024,256,0.195886826,0.000191296,0.000001242,0.000303100,1
actual,47,97,tree,0,1024,256,0.190815488,0.000186343,0.000000982,0.000304242,1
actual,48,98,tree,0,1024,256,0.193901311,0.000189357,0.000001002,0.000326253,1
actual,49,99,tree,0,1024,256,0.191895324,0.000187398,0.000001082,0.000292038,1
warmup,0,0,tree,0,1024,384,0.207601712,0.000202736,0.000000992,0.000305334,1
warmup,1,1,tree,0,1024,384,0.200145371,0.000195454,0.000000912,0.000301086,1
warmup,2,2,tree,0,1024,384,0.204394578,0.000199604,0.000001252,0.000291798,1
warmup,3,3,tree,0,1024,384,0.199979397,0.000195292,0.000000982,0.000353153,1
warmup,4,4,tree,0,1024,384,0.202060824,0.000197325,0.000001012,0.000301938,1
warmup,5,5,tree,0,1024,384,0.199377188,0.000194704,0.000001001,0.000308389,1
warmup,6,6,tree,0,1024,384,0.204551222,0.000199757,0.000001002,0.000311213,1
warmup,7,7,tree,0,1024,384,0.201817439,0.000197087,0.000000981,0.000319991,1
warmup,8,8,tree,0,1024,384,0.205123927,0.000200316,0.000001042,0.000313237,1
warmup,9,9,tree,0,1024,384,0.193193622,0.000188666,0.000001102,0.000291206,1
warmup,10,10,tree,0,1024,384,0.208961629,0.000204064,0.000001002,0.000331942,1
warmup,11,11,tree,0,1024,384,0.196969564,0.000192353,0.000001192,0.000304592,1
warmup,12,12,tree,0,1024,384,0.205162415,0.000200354,0.000001072,0.000294553,1
warmup,13,13,tree,0,1024,384,0.194872815,0.000190305,0.000000921,0.000305965,1
warmup,14,14,tree,0,1024,384,0.206825877,0.000201978,0.000001062,0.000304572,1
warmup,15,15,tree,0,1024,384,0.194201134,0.000189650,0.000000962,0.000286789,1
warmup,16,16,tree,0,1024,384,0.206420708,0.000201583,0.000001022,0.000358253,1
warmup,17,17,tree,0,1024,384,0.200714698,0.000196010,0.000001042,0.000318759,1
warmup,18,18,tree,0,1024,384,0.207538598,0.000202674,0.000001032,0.000325651,1
warmup,19,19,tree,0,1024,384,0.196232171,0.000191633,0.000000962,0.000306695,1
warmup,20,20,tree,0,1024,384,0.201651159,0.000196925,0.000000912,0.000336142,1
warmup,21,21,tree,0,1024,384,0.197621185,0.000192989,0.000001072,0.000352843,1
warmup,22,22,tree,0,1024,384,0.200358319,0.000195662,0.000001052,0.000304062,1
warmup,23,23,tree,0,1024,384,0.202725004,0.000197974,0.000001002,0.000362611,1
warmup,24,24,tree,0,1024,384,0.198040631,0.000193399,0.000000962,0.000304401,1
warmup,25,25,tree,0,1024,384,0.195582419,0.000190998,0.000001292,0.000287669,1
warmup,26,26,tree,0,1024,384,0.198659592,0.000194004,0.000001032,0.000309771,1
warmup,27,27,tree,0,1024,384,0.197500301,0.000192871,0.000000951,0.000287290,1
warmup,28,28,tree,0,1024,384,0.207046475,0.000202194,0.000001022,0.000307788,1
warmup,29,29,tree,0,1024,384,0.198161622,0.000193517,0.000001222,0.000294744,1
warmup,30,30,tree,0,1024,384,0.208982861,0.000204085,0.000001333,0.000316655,1
warmup,31,31,tree,0,1024,384,0.193576113,0.000189039,0.000001192,0.000296196,1
warmup,32,32,tree,0,1024,384,0.205560117,0.000200742,0.000000972,0.000306997,1
warmup,33,33,tree,0,1024,384,0.197952884,0.000193313,0.000001273,0.000303380,1
warmup,34,34,tree,0,1024,384,0.202673423,0.000197923,0.000001974,0.000302929,1
warmup,35,35,tree,0,1024,384,0.199338454,0.000194666,0.000001393,0.000338856,1
warmup,36,36,tree,0,1024,384,0.198294060,0.000193647,0.000001313,0.000301146,1
warmup,37,37,tree,0,1024,384,0.195493115,0.000190911,0.000001182,0.000302979,1
warmup,38,38,tree,0,1024,384,0.195808254,0.000191219,0.000000932,0.000302378,1
warmup,39,39,tree,0,1024,384,0.196660887,0.000192052,0.000000992,0.000294693,1
warmup,40,40,tree,0,1024,384,0.204941119,0.000200138,0.000001062,0.000325782,1
warmup,41,41,tree,0,1024,384,0.194548895,0.000189989,0.000000942,0.000300976,1
warmup,42,42,tree,0,1024,384,0.200170177,0.000195479,0.000001242,0.000302938,1
warmup,43,43,tree,0,1024,384,0.196579063,0.000191972,0.000001082,0.000304322,1
warmup,44,44,tree,0,1024,384,0.204390457,0.000199600,0.000001022,0.000311594,1
warmup,45,45,tree,0,1024,384,0.197729719,0.000193095,0.000001042,0.000300442,1
warmup,46,46,tree,0,1024,384,0.208598332,0.000203709,0.000001012,0.000309270,1
warmup,47,47,tree,0,1024,384,0.199070328,0.000194405,0.000000991,0.000349878,1
warmup,48,48,tree,0,1024,384,0.198364073,0.000193715,0.000000912,0.000281359,1
warmup,49,49,tree,0,1024,384,0.201248831,0.000196532,0.000000942,0.000293952,1
actual,0,50,tree,0,1024,384,0.204536100,0.000199742,0.000000922,0.000315653,1
actual,1,51,tree,0,1024,384,0.193709440,0.000189169,0.000001193,0.000291217,1
actual,2,52,tree,0,1024,384,0.201241543,0.000196525,0.000001051,0.000309151,1
actual,3,53,tree,0,1024,384,0.199443012,0.000194769,0.000001122,0.000309542,1
actual,4,54,tree,0,1024,384,0.196078069,0.000191482,0.000000972,0.000309591,1
actual,5,55,tree,0,1024,384,0.195910881,0.000191319,0.000000972,0.000286639,1
actual,6,56,tree,0,1024,384,0.207405370,0.000202544,0.000000962,0.000319801,1
actual,7,57,tree,0,1024,384,0.198807332,0.000194148,0.000001062,0.000294042,1
actual,8,58,tree,0,1024,384,0.204352508,0.000199563,0.000000981,0.000344177,1
actual,9,59,tree,0,1024,384,0.193760936,0.000189220,0.000000951,0.000315884,1
actual,10,60,tree,0,1024,384,0.206562942,0.000201722,0.000000962,0.000301766,1
actual,11,61,tree,0,1024,384,0.197449601,0.000192822,0.000001072,0.000303218,1
actual,12,62,tree,0,1024,384,0.201741075,0.000197013,0.000001112,0.000356119,1
actual,13,63,tree,0,1024,384,0.200943886,0.000196234,0.000001222,0.000309940,1
actual,14,64,tree,0,1024,384,0.205577455,0.000200759,0.000001052,0.000319861,1
actual,15,65,tree,0,1024,384,0.204580003,0.000199785,0.000000942,0.000293882,1
actual,16,66,tree,0,1024,384,0.205510565,0.000200694,0.000000982,0.000314832,1
actual,17,67,tree,0,1024,384,0.203608709,0.000198837,0.000001262,0.000399911,1
actual,18,68,tree,0,1024,384,0.196955751,0.000192340,0.000001112,0.000299273,1
actual,19,69,tree,0,1024,384,0.194493744,0.000189935,0.000001002,0.000307426,1
actual,20,70,tree,0,1024,384,0.207469540,0.000202607,0.000001032,0.000304592,1
actual,21,71,tree,0,1024,384,0.198630769,0.000193975,0.000001223,0.000299242,1
actual,22,72,tree,0,1024,384,0.204276806,0.000199489,0.000001042,0.000313309,1
actual,23,73,tree,0,1024,384,0.199542396,0.000194866,0.000001092,0.000305684,1
actual,24,74,tree,0,1024,384,0.204214774,0.000199428,0.000001022,0.000324287,1
actual,25,75,tree,0,1024,384,0.196457915,0.000191853,0.000001022,0.000287811,1
actual,26,76,tree,0,1024,384,0.203668761,0.000198895,0.000000982,0.000313469,1
actual,27,77,tree,0,1024,384,0.201364155,0.000196645,0.000000971,0.000316273,1
actual,28,78,tree,0,1024,384,0.208149808,0.000203271,0.000001262,0.000340257,1
actual,29,79,tree,0,1024,384,0.195227302,0.000190652,0.000001402,0.000349667,1
actual,30,80,tree,0,1024,384,0.198923573,0.000194261,0.000001012,0.000305875,1
actual,31,81,tree,0,1024,384,0.191767401,0.000187273,0.000000942,0.000302228,1
actual,32,82,tree,0,1024,384,0.196835054,0.000192222,0.000000982,0.000296385,1
actual,33,83,tree,0,1024,384,0.194902747,0.000190335,0.000000932,0.000299862,1
actual,34,84,tree,0,1024,384,0.213470201,0.000208467,0.000001002,0.001308821,1
actual,35,85,tree,0,1024,384,0.194823666,0.000190257,0.000001042,0.000298130,1
actual,36,86,tree,0,1024,384,0.199372129,0.000194699,0.000000932,0.000314822,1
actual,37,87,tree,0,1024,384,0.191497713,0.000187009,0.000000992,0.000297539,1
actual,38,88,tree,0,1024,384,0.204544589,0.000199751,0.000000952,0.000310141,1
actual,39,89,tree,0,1024,384,0.202718871,0.000197968,0.000001042,0.000306875,1
actual,40,90,tree,0,1024,384,0.204676684,0.000199880,0.000001052,0.000314170,1
actual,41,91,tree,0,1024,384,0.197304550,0.000192680,0.000000992,0.000320752,1
actual,42,92,tree,0,1024,384,0.195348330,0.000190770,0.000000912,0.000305041,1
actual,43,93,tree,0,1024,384,0.197604715,0.000192973,0.000000951,0.000349547,1
actual,44,94,tree,0,1024,384,0.202173131,0.000197435,0.000001092,0.000303819,1
actual,45,95,tree,0,1024,384,0.198817477,0.000194158,0.000001062,0.000375054,1
actual,46,96,tree,0,1024,384,0.200797620,0.000196091,0.000001243,0.000325101,1
actual,47,97,tree,0,1024,384,0.192433555,0.000187923,0.000001192,0.000294092,1
actual,48,98,tree,0,1024,384,0.205445621,0.000200630,0.000001092,0.000372750,1
actual,49,99,tree,0,1024,384,0.190818735,0.000186346,0.000000951,0.000300795,1
warmup,0,0,tree,0,1024,512,0.236983540,0.000231429,0.000001032,0.000384450,1
warmup,1,1,tree,0,1024,512,0.221310677,0.000216124,0.000001222,0.000444946,1
warmup,2,2,tree,0,1024,512,0.220920396,0.000215743,0.000000972,0.000359874,1
warmup,3,3,tree,0,1024,512,0.221960507,0.000216758,0.000001352,0.000365496,1
warmup,4,4,tree,0,1024,512,0.231042899,0.000225628,0.000001042,0.000349645,1
warmup,5,5,tree,0,1024,512,0.233771648,0.000228293,0.000001002,0.000436060,1
warmup,6,6,tree,0,1024,512,0.228816467,0.000223454,0.000001032,0.000369823,1
warmup,7,7,tree,0,1024,512,0.221226960,0.000216042,0.000001012,0.000360967,1
warmup,8,8,tree,0,1024,512,0.235644740,0.000230122,0.000001032,0.001365221,1
warmup,9,9,tree,0,1024,512,0.223852307,0.000218606,0.000000972,0.000377517,1
warmup,10,10,tree,0,1024,512,0.222627595,0.000217410,0.000001052,0.000362360,1
warmup,11,11,tree,0,1024,512,0.228841979,0.000223478,0.000001042,0.000362389,1
warmup,12,12,tree,0,1024,512,0.236090736,0.000230557,0.000001042,0.000400503,1
warmup,13,13,tree,0,1024,512,0.221802656,0.000216604,0.000001092,0.000380102,1
warmup,14,14,tree,0,1024,512,0.217717778,0.000212615,0.000001212,0.000381725,1
warmup,15,15,tree,0,1024,512,0.224651686,0.000219386,0.000001123,0.000367982,1
warmup,16,16,tree,0,1024,512,0.237264694,0.000231704,0.000001363,0.000348082,1
warmup,17,17,tree,0,1024,512,0.233004927,0.000227544,0.000001082,0.000370336,1
warmup,18,18,tree,0,1024,512,0.229783454,0.000224398,0.000000992,0.000393999,1
warmup,19,19,tree,0,1024,512,0.222399992,0.000217187,0.000001062,0.000353562,1
warmup,20,20,tree,0,1024,512,0.232012437,0.000226575,0.000000991,0.000376788,1
warmup,21,21,tree,0,1024,512,0.229254430,0.000223881,0.000001072,0.000367248,1
warmup,22,22,tree,0,1024,512,0.235217513,0.000229705,0.000001042,0.000372688,1
warmup,23,23,tree,0,1024,512,0.229478431,0.000224100,0.000000942,0.000350669,1
warmup,24,24,tree,0,1024,512,0.232625208,0.000227173,0.000001062,0.000362398,1
warmup,25,25,tree,0,1024,512,0.228899791,0.000223535,0.000001021,0.000343494,1
warmup,26,26,tree,0,1024,512,0.234690666,0.000229190,0.000001282,0.000357018,1
warmup,27,27,tree,0,1024,512,0.225514083,0.000220229,0.000001222,0.000343574,1
warmup,28,28,tree,0,1024,512,0.233795666,0.000228316,0.000000962,0.000377909,1
warmup,29,29,tree,0,1024,512,0.231384803,0.000225962,0.000001041,0.000350268,1
warmup,30,30,tree,0,1024,512,0.238514710,0.000232925,0.000001082,0.000384341,1
warmup,31,31,tree,0,1024,512,0.226405099,0.000221099,0.000001153,0.000421802,1
warmup,32,32,tree,0,1024,512,0.232598577,0.000227147,0.000001132,0.000361348,1
warmup,33,33,tree,0,1024,512,0.228938751,0.000223573,0.000001021,0.001298326,1
warmup,34,34,tree,0,1024,512,0.220515674,0.000215347,0.000001272,0.000343684,1
warmup,35,35,tree,0,1024,512,0.223468512,0.000218231,0.000000901,0.000374341,1
warmup,36,36,tree,0,1024,512,0.230369226,0.000224970,0.000001613,0.000374783,1
warmup,37,37,tree,0,1024,512,0.225442552,0.000220159,0.000001263,0.000347613,1
warmup,38,38,tree,0,1024,512,0.226216121,0.000220914,0.000001232,0.000345257,1
warmup,39,39,tree,0,1024,512,0.224042486,0.000218791,0.000001112,0.000341420,1
warmup,40,40,tree,0,1024,512,0.232076624,0.000226637,0.000001232,0.000358733,1
warmup,41,41,tree,0,1024,512,0.225078518,0.000219803,0.000001062,0.000341881,1
warmup,42,42,tree,0,1024,512,0.232653407,0.000227201,0.000001052,0.000375854,1
warmup,43,43,tree,0,1024,512,0.219642481,0.000214495,0.000001032,0.000335470,1
warmup,44,44,tree,0,1024,512,0.237732990,0.000232161,0.000001012,0.000347972,1
warmup,45,45,tree,0,1024,512,0.217126033,0.000212037,0.000001332,0.000374721,1
warmup,46,46,tree,0,1024,512,0.226437064,0.000221130,0.000000972,0.000356688,1
warmup,47,47,tree,0,1024,512,0.226205262,0.000220904,0.000000921,0.000364314,1
warmup,48,48,tree,0,1024,512,0.223319469,0.000218085,0.000001031,0.000357710,1
warmup,49,49,tree,0,1024,512,0.227907446,0.000222566,0.000000992,0.000385752,1
actual,0,50,tree,0,1024,512,0.233520795,0.000228048,0.000001072,0.000379390,1
actual,1,51,tree,0,1024,512,0.227274848,0.000221948,0.000000912,0.000341151,1
actual,2,52,tree,0,1024,512,0.231913186,0.000226478,0.000001072,0.000372327,1
actual,3,53,tree,0,1024,512,0.219322147,0.000214182,0.000000932,0.000360766,1
actual,4,54,tree,0,1024,512,0.232722384,0.000227268,0.000000962,0.000361067,1
actual,5,55,tree,0,1024,512,0.224387575,0.000219128,0.000001001,0.000375523,1
actual,6,56,tree,0,1024,512,0.225379745,0.000220097,0.000000991,0.000371816,1
actual,7,57,tree,0,1024,512,0.222165715,0.000216959,0.000001553,0.000366166,1
actual,8,58,tree,0,1024,512,0.231020042,0.000225606,0.000001042,0.000372278,1
actual,9,59,tree,0,1024,512,0.217387739,0.000212293,0.000001032,0.000326300,1
actual,10,60,tree,0,1024,512,0.222190050,0.000216982,0.000000982,0.000333434,1
actual,11,61,tree,0,1024,512,0.227000733,0.000221680,0.000001263,0.000377699,1
actual,12,62,tree,0,1024,512,0.236147462,0.000230613,0.000001002,0.000401662,1
actual,13,63,tree,0,1024,512,0.221386477,0.000216198,0.000000962,0.000367908,1
actual,14,64,tree,0,1024,512,0.224621266,0.000219357,0.000001092,0.000352301,1
actual,15,65,tree,0,1024,512,0.226875708,0.000221558,0.000000941,0.000360374,1
actual,16,66,tree,0,1024,512,0.225579409,0.000220292,0.000001182,0.000368029,1
actual,17,67,tree,0,1024,512,0.221895753,0.000216695,0.000001262,0.000353353,1
actual,18,68,tree,0,1024,512,0.232967366,0.000227507,0.000001142,0.000376887,1
actual,19,69,tree,0,1024,512,0.225257642,0.000219978,0.000000952,0.000329998,1
actual,20,70,tree,0,1024,512,0.233422396,0.000227952,0.000000972,0.000367841,1
actual,21,71,tree,0,1024,512,0.219524533,0.000214379,0.000000992,0.000370035,1
actual,22,72,tree,0,1024,512,0.222774082,0.000217553,0.000000952,0.000404169,1
actual,23,73,tree,0,1024,512,0.224260814,0.000219005,0.000000952,0.000384603,1
actual,24,74,tree,0,1024,512,0.222750937,0.000217530,0.000001042,0.000367408,1
actual,25,75,tree,0,1024,512,0.218244037,0.000213129,0.000000942,0.000397156,1
actual,26,76,tree,0,1024,512,0.222163744,0.000216957,0.000000962,0.000355947,1
actual,27,77,tree,0,1024,512,0.229870257,0.000224483,0.000000921,0.000395663,1
actual,28,78,tree,0,1024,512,0.223620916,0.000218380,0.000001092,0.000357319,1
actual,29,79,tree,0,1024,512,0.222510754,0.000217296,0.000001002,0.000360827,1
actual,30,80,tree,0,1024,512,0.227733664,0.000222396,0.000001052,0.000376404,1
actual,31,81,tree,0,1024,512,0.219211465,0.000214074,0.000001102,0.000356610,1
actual,32,82,tree,0,1024,512,0.221326968,0.000216140,0.000001032,0.000357802,1
actual,33,83,tree,0,1024,512,0.218523290,0.000213402,0.000000992,0.000405162,1
actual,34,84,tree,0,1024,512,0.227477108,0.000222146,0.000001412,0.000361527,1
actual,35,85,tree,0,1024,512,0.223192283,0.000217961,0.000001684,0.000434115,1
actual,36,86,tree,0,1024,512,0.224969880,0.000219697,0.000001012,0.000366347,1
actual,37,87,tree,0,1024,512,0.218639386,0.000213515,0.000001252,0.000357241,1
actual,38,88,tree,0,1024,512,0.226689745,0.000221377,0.000001222,0.000372287,1
actual,39,89,tree,0,1024,512,0.221065219,0.000215884,0.000001012,0.000379681,1
actual,40,90,tree,0,1024,512,0.231783787,0.000226351,0.000001443,0.000350157,1
actual,41,91,tree,0,1024,512,0.226376882,0.000221071,0.000001002,0.000383308,1
actual,42,92,tree,0,1024,512,0.227046323,0.000221725,0.000001863,0.000377217,1
actual,43,93,tree,0,1024,512,0.220670162,0.000215498,0.000000952,0.000355928,1
actual,44,94,tree,0,1024,512,0.229369400,0.000223994,0.000001052,0.000392307,1
actual,45,95,tree,0,1024,512,0.224164882,0.000218911,0.000001002,0.000385031,1
actual,46,96,tree,0,1024,512,0.235354705,0.000229839,0.000001042,0.000373779,1
actual,47,97,tree,0,1024,512,0.220606992,0.000215437,0.000001022,0.000369945,1
actual,48,98,tree,0,1024,512,0.229242557,0.000223870,0.000001012,0.000382768,1
actual,49,99,tree,0,1024,512,0.226139598,0.000220839,0.000001001,0.000363061,1
warmup,0,0,tree,0,1024,768,0.237695912,0.000232125,0.000001613,0.000400771,1
warmup,1,1,tree,0,1024,768,0.225546916,0.000220261,0.000001122,0.000405882,1
warmup,2,2,tree,0,1024,768,0.228176783,0.000222829,0.000001092,0.000355706,1
warmup,3,3,tree,0,1024,768,0.226689911,0.000221377,0.000001633,0.000356478,1
warmup,4,4,tree,0,1024,768,0.234066902,0.000228581,0.000001353,0.000336833,1
warmup,5,5,tree,0,1024,768,0.231927344,0.000226492,0.000000962,0.000343635,1
warmup,6,6,tree,0,1024,768,0.232947277,0.000227488,0.000001543,0.000348403,1
warmup,7,7,tree,0,1024,768,0.218527354,0.000213406,0.000001283,0.000377517,1
warmup,8,8,tree,0,1024,768,0.223297022,0.000218063,0.000001252,0.000355517,1
warmup,9,9,tree,0,1024,768,0.224001705,0.000218752,0.000001022,0.000360225,1
warmup,10,10,tree,0,1024,768,0.232469219,0.000227021,0.000001052,0.000340890,1
warmup,11,11,tree,0,1024,768,0.237717925,0.000232146,0.000001172,0.000442288,1
warmup,12,12,tree,0,1024,768,0.226551100,0.000221241,0.000001052,0.000371017,1
warmup,13,13,tree,0,1024,768,0.222597930,0.000217381,0.000001292,0.000414890,1
warmup,14,14,tree,0,1024,768,0.224902212,0.000219631,0.000001243,0.000365444,1
warmup,15,15,tree,0,1024,768,0.222828719,0.000217606,0.000001022,0.000362370,1
warmup,16,16,tree,0,1024,768,0.225186990,0.000219909,0.000000972,0.000401734,1
warmup,17,17,tree,0,1024,768,0.219920746,0.000214766,0.000001062,0.000340489,1
warmup,18,18,tree,0,1024,768,0.231336711,0.000225915,0.000001102,0.000346128,1
warmup,19,19,tree,0,1024,768,0.229024775,0.000223657,0.000001222,0.000371285,1
warmup,20,20,tree,0,1024,768,0.229972219,0.000224582,0.000001243,0.000359183,1
warmup,21,21,tree,0,1024,768,0.222364999,0.000217153,0.000001052,0.000359075,1
warmup,22,22,tree,0,1024,768,0.237012278,0.000231457,0.000001292,0.000367979,1
warmup,23,23,tree,0,1024,768,0.222388930,0.000217177,0.000001012,0.000341540,1
warmup,24,24,tree,0,1024,768,0.229787769,0.000224402,0.000001302,0.000384650,1
warmup,25,25,tree,0,1024,768,0.217808496,0.000212704,0.000001062,0.000383540,1
warmup,26,26,tree,0,1024,768,0.228830072,0.000223467,0.000001032,0.001361761,1
warmup,27,27,tree,0,1024,768,0.232429977,0.000226982,0.000001092,0.000423716,1
warmup,28,28,tree,0,1024,768,0.223239215,0.000218007,0.000001153,0.000359013,1
warmup,29,29,tree,0,1024,768,0.220450468,0.000215284,0.000001032,0.000350107,1
warmup,30,30,tree,0,1024,768,0.241289252,0.000235634,0.000001272,0.000358494,1
warmup,31,31,tree,0,1024,768,0.230869255,0.000225458,0.000001222,0.000384840,1
warmup,32,32,tree,0,1024,768,0.234502623,0.000229006,0.000001072,0.000355506,1
warmup,33,33,tree,0,1024,768,0.228800267,0.000223438,0.000000971,0.000345667,1
warmup,34,34,tree,0,1024,768,0.232677547,0.000227224,0.000001242,0.000340660,1
warmup,35,35,tree,0,1024,768,0.227575676,0.000222242,0.000001012,0.000345757,1
warmup,36,36,tree,0,1024,768,0.236715500,0.000231167,0.000001062,0.000355726,1
warmup,37,37,tree,0,1024,768,0.222901436,0.000217677,0.000001212,0.000368179,1
warmup,38,38,tree,0,1024,768,0.225133238,0.000219857,0.000001012,0.000345217,1
warmup,39,39,tree,0,1024,768,0.217481615,0.000212384,0.000000992,0.000350636,1
warmup,40,40,tree,0,1024,768,0.234487970,0.000228992,0.000000962,0.000370134,1
warmup,41,41,tree,0,1024,768,0.224982114,0.000219709,0.000001343,0.000366025,1
warmup,42,42,tree,0,1024,768,0.239288899,0.000233681,0.000001413,0.000379090,1
warmup,43,43,tree,0,1024,768,0.224272977,0.000219017,0.000001072,0.000365234,1
warmup,44,44,tree,0,1024,768,0.231601934,0.000226174,0.000001031,0.000372298,1
warmup,45,45,tree,0,1024,768,0.224657806,0.000219392,0.000001112,0.000344146,1
warmup,46,46,tree,0,1024,768,0.228890561,0.000223526,0.000001222,0.000340339,1
warmup,47,47,tree,0,1024,768,0.226586102,0.000221275,0.000001032,0.000371198,1
warmup,48,48,tree,0,1024,768,0.232495364,0.000227046,0.000001082,0.000336180,1
warmup,49,49,tree,0,1024,768,0.224232061,0.000218977,0.000000922,0.000355417,1
actual,0,50,tree,0,1024,768,0.231706986,0.000226276,0.000000992,0.000369623,1
actual,1,51,tree,0,1024,768,0.223017276,0.000217790,0.000000952,0.000365243,1
actual,2,52,tree,0,1024,768,0.233025357,0.000227564,0.000000991,0.000388538,1
actual,3,53,tree,0,1024,768,0.223193728,0.000217963,0.000001313,0.000414479,1
actual,4,54,tree,0,1024,768,0.224754483,0.000219487,0.000001292,0.000345199,1
actual,5,55,tree,0,1024,768,0.219574394,0.000214428,0.000001022,0.000344236,1
actual,6,56,tree,0,1024,768,0.222561023,0.000217345,0.000000951,0.000363040,1
actual,7,57,tree,0,1024,768,0.227555034,0.000222222,0.000001012,0.000393690,1
actual,8,58,tree,0,1024,768,0.224887250,0.000219616,0.000001313,0.000357058,1
actual,9,59,tree,0,1024,768,0.226392228,0.000221086,0.000001152,0.000334559,1
actual,10,60,tree,0,1024,768,0.229649712,0.000224267,0.000001122,0.000348214,1
actual,11,61,tree,0,1024,768,0.228141835,0.000222795,0.000001082,0.000388910,1
actual,12,62,tree,0,1024,768,0.222990747,0.000217764,0.000001112,0.000331152,1
actual,13,63,tree,0,1024,768,0.229636472,0.000224254,0.000001242,0.000347332,1
actual,14,64,tree,0,1024,768,0.237226506,0.000231667,0.000001051,0.000352680,1
actual,15,65,tree,0,1024,768,0.229649796,0.000224267,0.000001102,0.000328977,1
actual,16,66,tree,0,1024,768,0.229795316,0.000224409,0.000001102,0.000373990,1
actual,17,67,tree,0,1024,768,0.220000255,0.000214844,0.000001042,0.000398638,1
actual,18,68,tree,0,1024,768,0.236311781,0.000230773,0.000000962,0.000424897,1
actual,19,69,tree,0,1024,768,0.222840064,0.000217617,0.000001042,0.000376856,1
actual,20,70,tree,0,1024,768,0.232426597,0.000226979,0.000001072,0.000404930,1
actual,21,71,tree,0,1024,768,0.224531971,0.000219270,0.000001062,0.000384070,1
actual,22,72,tree,0,1024,768,0.238078564,0.000232499,0.000001252,0.000385393,1
actual,23,73,tree,0,1024,768,0.225326495,0.000220045,0.000001263,0.000370966,1
actual,24,74,tree,0,1024,768,0.232377946,0.000226932,0.000000992,0.000361929,1
actual,25,75,tree,0,1024,768,0.225483434,0.000220199,0.000001393,0.000383711,1
actual,26,76,tree,0,1024,768,0.223706334,0.000218463,0.000001032,0.000371044,1
actual,27,77,tree,0,1024,768,0.220330909,0.000215167,0.000001192,0.000432393,1
actual,28,78,tree,0,1024,768,0.224189096,0.000218935,0.000001132,0.000338053,1
actual,29,79,tree,0,1024,768,0.232296635,0.000226852,0.000000992,0.000351090,1
actual,30,80,tree,0,1024,768,0.231850730,0.000226417,0.000001062,0.000340419,1
actual,31,81,tree,0,1024,768,0.226615433,0.000221304,0.000001222,0.000337051,1
actual,32,82,tree,0,1024,768,0.231375032,0.000225952,0.000001322,0.000368290,1
actual,33,83,tree,0,1024,768,0.219515680,0.000214371,0.000001042,0.000380083,1
actual,34,84,tree,0,1024,768,0.222259135,0.000217050,0.000000972,0.000373259,1
actual,35,85,tree,0,1024,768,0.226031199,0.000220734,0.000001182,0.000405302,1
actual,36,86,tree,0,1024,768,0.224016935,0.000218767,0.000001082,0.000333695,1
actual,37,87,tree,0,1024,768,0.222333501,0.000217123,0.000000932,0.000339517,1
actual,38,88,tree,0,1024,768,0.233131373,0.000227667,0.000001032,0.000358793,1
actual,39,89,tree,0,1024,768,0.226438887,0.000221132,0.000000922,0.000337242,1
actual,40,90,tree,0,1024,768,0.229327902,0.000223953,0.000000962,0.000344206,1
actual,41,91,tree,0,1024,768,0.222768160,0.000217547,0.000001112,0.000354685,1
actual,42,92,tree,0,1024,768,0.228546107,0.000223190,0.000001072,0.000387979,1
actual,43,93,tree,0,1024,768,0.215950692,0.000210889,0.000000962,0.000370083,1
actual,44,94,tree,0,1024,768,0.227505397,0.000222173,0.000001152,0.000369934,1
actual,45,95,tree,0,1024,768,0.225916578,0.000220622,0.000000962,0.000418576,1
actual,46,96,tree,0,1024,768,0.224272613,0.000219016,0.000000981,0.000360717,1
actual,47,97,tree,0,1024,768,0.228616179,0.000223258,0.000001222,0.000330008,1
actual,48,98,tree,0,1024,768,0.231788455,0.000226356,0.000001002,0.000368230,1
actual,49,99,tree,0,1024,768,0.227300337,0.000221973,0.000000951,0.000391616,1
warmup,0,0,tree,0,1024,1024,0.323192194,0.000315617,0.000001062,0.000507353,1
warmup,1,1,tree,0,1024,1024,0.321569400,0.000314033,0.000001202,0.000519062,1
warmup,2,2,tree,0,1024,1024,0.328191697,0.000320500,0.000001052,0.000540446,1
warmup,3,3,tree,0,1024,1024,0.315471287,0.000308077,0.000001032,0.000511542,1
warmup,4,4,tree,0,1024,1024,0.326463585,0.000318812,0.000001182,0.000523410,1
warmup,5,5,tree,0,1024,1024,0.322255675,0.000314703,0.000001062,0.000503306,1
warmup,6,6,tree,0,1024,1024,0.322668715,0.000315106,0.000001102,0.000548601,1
warmup,7,7,tree,0,1024,1024,0.314873465,0.000307494,0.000001112,0.000499269,1
warmup,8,8,tree,0,1024,1024,0.320878334,0.000313358,0.000001032,0.000512694,1
warmup,9,9,tree,0,1024,1024,0.311163827,0.000303871,0.000001393,0.000494115,1
warmup,10,10,tree,0,1024,1024,0.319273146,0.000311790,0.000001133,0.000550154,1
warmup,11,11,tree,0,1024,1024,0.319703738,0.000312211,0.000001463,0.000514747,1
warmup,12,12,tree,0,1024,1024,0.324860403,0.000317246,0.000001172,0.000503513,1
warmup,13,13,tree,0,1024,1024,0.317533047,0.000310091,0.000001373,0.000502490,1
warmup,14,14,tree,0,1024,1024,0.326404021,0.000318754,0.000001022,0.000521786,1
warmup,15,15,tree,0,1024,1024,0.318646709,0.000311178,0.000001072,0.001451901,1
warmup,16,16,tree,0,1024,1024,0.318535075,0.000311069,0.000001212,0.000503963,1
warmup,17,17,tree,0,1024,1024,0.319607205,0.000312116,0.000001333,0.000493378,1
warmup,18,18,tree,0,1024,1024,0.320132761,0.000312630,0.000001162,0.000505787,1
warmup,19,19,tree,0,1024,1024,0.313260679,0.000305919,0.000001142,0.000530807,1
warmup,20,20,tree,0,1024,1024,0.312928928,0.000305595,0.000000972,0.000509445,1
warmup,21,21,tree,0,1024,1024,0.308743816,0.000301508,0.000001082,0.000500992,1
warmup,22,22,tree,0,1024,1024,0.320221624,0.000312716,0.000001082,0.000517419,1
warmup,23,23,tree,0,1024,1024,0.319381142,0.000311896,0.000001363,0.000514583,1
warmup,24,24,tree,0,1024,1024,0.322306719,0.000314753,0.000001322,0.000509157,1
warmup,25,25,tree,0,1024,1024,0.313517882,0.000306170,0.000001402,0.000540456,1
warmup,26,26,tree,0,1024,1024,0.314804879,0.000307427,0.000001242,0.001465569,1
warmup,27,27,tree,0,1024,1024,0.312774017,0.000305443,0.000001112,0.000507541,1
warmup,28,28,tree,0,1024,1024,0.315974085,0.000308568,0.000001082,0.000500727,1
warmup,29,29,tree,0,1024,1024,0.313406681,0.000306061,0.000001463,0.000519312,1
warmup,30,30,tree,0,1024,1024,0.319319550,0.000311835,0.000001092,0.000511368,1
warmup,31,31,tree,0,1024,1024,0.311885951,0.000304576,0.000000992,0.000516467,1
warmup,32,32,tree,0,1024,1024,0.321631554,0.000314093,0.000001252,0.000497235,1
warmup,33,33,tree,0,1024,1024,0.316105334,0.000308697,0.000001242,0.000506678,1
warmup,34,34,tree,0,1024,1024,0.315994254,0.000308588,0.000001062,0.000503783,1
warmup,35,35,tree,0,1024,1024,0.312543842,0.000305219,0.000001083,0.000520298,1
warmup,36,36,tree,0,1024,1024,0.317763092,0.000310316,0.000001854,0.000512413,1
warmup,37,37,tree,0,1024,1024,0.313670619,0.000306319,0.000001102,0.000486551,1
warmup,38,38,tree,0,1024,1024,0.321025647,0.000313502,0.000001362,0.000514777,1
warmup,39,39,tree,0,1024,1024,0.309816846,0.000302556,0.000000992,0.000513596,1
warmup,40,40,tree,0,1024,1024,0.322797326,0.000315232,0.000001062,0.000527438,1
warmup,41,41,tree,0,1024,1024,0.310583382,0.000303304,0.000001102,0.000498423,1
warmup,42,42,tree,0,1024,1024,0.318851453,0.000311378,0.000001062,0.000509458,1
warmup,43,43,tree,0,1024,1024,0.309524627,0.000302270,0.000001022,0.000501970,1
warmup,44,44,tree,0,1024,1024,0.323262897,0.000315686,0.000001212,0.000513641,1
warmup,45,45,tree,0,1024,1024,0.311440809,0.000304141,0.000000961,0.000555775,1
warmup,46,46,tree,0,1024,1024,0.328951044,0.000321241,0.000001083,0.000529786,1
warmup,47,47,tree,0,1024,1024,0.311711974,0.000304406,0.000001343,0.000519496,1
warmup,48,48,tree,0,1024,1024,0.319956643,0.000312458,0.000001012,0.000522118,1
warmup,49,49,tree,0,1024,1024,0.311674050,0.000304369,0.000000991,0.000494946,1
actual,0,50,tree,0,1024,1024,0.325529263,0.000317900,0.000001162,0.000532151,1
actual,1,51,tree,0,1024,1024,0.314416917,0.000307048,0.000001242,0.000492281,1
actual,2,52,tree,0,1024,1024,0.324875053,0.000317261,0.000001202,0.000538148,1
actual,3,53,tree,0,1024,1024,0.310764368,0.000303481,0.000000982,0.000494910,1
actual,4,54,tree,0,1024,1024,0.326080236,0.000318438,0.000001072,0.000517459,1
actual,5,55,tree,0,1024,1024,0.320673187,0.000313157,0.000001062,0.000527140,1
actual,6,56,tree,0,1024,1024,0.318774967,0.000311304,0.000001082,0.000523984,1
actual,7,57,tree,0,1024,1024,0.310390726,0.000303116,0.000001132,0.000533663,1
actual,8,58,tree,0,1024,1024,0.319567140,0.000312077,0.000001032,0.000517232,1
actual,9,59,tree,0,1024,1024,0.319209602,0.000311728,0.000001062,0.000520745,1
actual,10,60,tree,0,1024,1024,0.327366841,0.000319694,0.000001213,0.000506338,1
actual,11,61,tree,0,1024,1024,0.319661306,0.000312169,0.000001001,0.000520404,1
actual,12,62,tree,0,1024,1024,0.313493192,0.000306146,0.000000922,0.000507470,1
actual,13,63,tree,0,1024,1024,0.316475832,0.000309058,0.000001032,0.000551967,1
actual,14,64,tree,0,1024,1024,0.315803754,0.000308402,0.000001042,0.000567847,1
actual,15,65,tree,0,1024,1024,0.309337943,0.000302088,0.000000942,0.000519155,1
actual,16,66,tree,0,1024,1024,0.317453580,0.000310013,0.000000972,0.000502440,1
actual,17,67,tree,0,1024,1024,0.314948947,0.000307567,0.000000962,0.000521861,1
actual,18,68,tree,0,1024,1024,0.329494609,0.000321772,0.000001262,0.000519477,1
actual,19,69,tree,0,1024,1024,0.323500336,0.000315918,0.000001092,0.000491170,1
actual,20,70,tree,0,1024,1024,0.317592061,0.000310148,0.000001353,0.000500617,1
actual,21,71,tree,0,1024,1024,0.313306866,0.000305964,0.000001162,0.000509694,1
actual,22,72,tree,0,1024,1024,0.323852146,0.000316262,0.000001092,0.000553911,1
actual,23,73,tree,0,1024,1024,0.314870902,0.000307491,0.000001042,0.000505867,1
actual,24,74,tree,0,1024,1024,0.322546248,0.000314987,0.000001102,0.000500106,1
actual,25,75,tree,0,1024,1024,0.315931259,0.000308527,0.000001182,0.000529545,1
actual,26,76,tree,0,1024,1024,0.310778333,0.000303494,0.000001022,0.000515258,1
actual,27,77,tree,0,1024,1024,0.318990088,0.000311514,0.000001032,0.000521801,1
actual,28,78,tree,0,1024,1024,0.328576911,0.000320876,0.000001012,0.000521597,1
actual,29,79,tree,0,1024,1024,0.314239274,0.000306874,0.000000962,0.000497902,1
actual,30,80,tree,0,1024,1024,0.320217122,0.000312712,0.000001052,0.000528399,1
actual,31,81,tree,0,1024,1024,0.315147848,0.000307762,0.000001062,0.000520344,1
actual,32,82,tree,0,1024,1024,0.328788199,0.000321082,0.000001232,0.000531819,1
actual,33,83,tree,0,1024,1024,0.305300816,0.000298145,0.000001022,0.000498463,1
actual,34,84,tree,0,1024,1024,0.321078404,0.000313553,0.000000972,0.000514514,1
actual,35,85,tree,0,1024,1024,0.315261640,0.000307873,0.000000972,0.000492953,1
actual,36,86,tree,0,1024,1024,0.317058202,0.000309627,0.000001032,0.000512443,1
actual,37,87,tree,0,1024,1024,0.317623226,0.000310179,0.000001273,0.000499145,1
actual,38,88,tree,0,1024,1024,0.321421239,0.000313888,0.000001343,0.000507544,1
actual,39,89,tree,0,1024,1024,0.309581538,0.000302326,0.000001152,0.000530346,1
actual,40,90,tree,0,1024,1024,0.314012302,0.000306653,0.000001041,0.000483235,1
actual,41,91,tree,0,1024,1024,0.324878050,0.000317264,0.000001202,0.000502782,1
actual,42,92,tree,0,1024,1024,0.326351992,0.000318703,0.000001092,0.000533844,1
actual,43,93,tree,0,1024,1024,0.310410748,0.000303135,0.000001012,0.000519893,1
actual,44,94,tree,0,1024,1024,0.318420112,0.000310957,0.000001813,0.000509498,1
actual,45,95,tree,0,1024,1024,0.318228408,0.000310770,0.000001202,0.000485864,1
actual,46,96,tree,0,1024,1024,0.318308040,0.000310848,0.000001112,0.000504314,1
actual,47,97,tree,0,1024,1024,0.311744079,0.000304438,0.000001062,0.000512329,1
actual,48,98,tree,0,1024,1024,0.315708193,0.000308309,0.000001042,0.000528610,1
actual,49,99,tree,0,1024,1024,0.309888913,0.000302626,0.000001012,0.000482393,1
warmup,0,0,tree,0,1024,1536,0.276308170,0.000269832,0.000001192,0.000456013,1
warmup,1,1,tree,0,1024,1536,0.265403936,0.000259184,0.000001203,0.000432541,1
warmup,2,2,tree,0,1024,1536,0.267726247,0.000261451,0.000001483,0.000479020,1
warmup,3,3,tree,0,1024,1536,0.265128776,0.000258915,0.000001132,0.000434984,1
warmup,4,4,tree,0,1024,1536,0.273575352,0.000267163,0.000001102,0.000448032,1
warmup,5,5,tree,0,1024,1536,0.269604370,0.000263286,0.000001292,0.000439693,1
warmup,6,6,tree,0,1024,1536,0.270431285,0.000264093,0.000001202,0.000458579,1
warmup,7,7,tree,0,1024,1536,0.266334149,0.000260092,0.000001092,0.000418454,1
warmup,8,8,tree,0,1024,1536,0.269609441,0.000263290,0.000001233,0.000445695,1
warmup,9,9,tree,0,1024,1536,0.268078463,0.000261795,0.000001272,0.000413407,1
warmup,10,10,tree,0,1024,1536,0.273742398,0.000267327,0.000001232,0.000463080,1
warmup,11,11,tree,0,1024,1536,0.269243428,0.000262933,0.000001142,0.000436497,1
warmup,12,12,tree,0,1024,1536,0.276002153,0.000269533,0.000001112,0.000436968,1
warmup,13,13,tree,0,1024,1536,0.263971646,0.000257785,0.000001022,0.000401254,1
warmup,14,14,tree,0,1024,1536,0.274395466,0.000267964,0.000001323,0.000409316,1
warmup,15,15,tree,0,1024,1536,0.273298548,0.000266893,0.000001132,0.000412005,1
warmup,16,16,tree,0,1024,1536,0.274107142,0.000267683,0.000001213,0.000451035,1
warmup,17,17,tree,0,1024,1536,0.266860832,0.000260606,0.000001102,0.000418106,1
warmup,18,18,tree,0,1024,1536,0.269936952,0.000263610,0.000001262,0.000449461,1
warmup,19,19,tree,0,1024,1536,0.263768609,0.000257587,0.000001082,0.000427100,1
warmup,20,20,tree,0,1024,1536,0.274064037,0.000267641,0.000001082,0.000557245,1
warmup,21,21,tree,0,1024,1536,0.265327139,0.000259109,0.000001603,0.000455302,1
warmup,22,22,tree,0,1024,1536,0.269418430,0.000263104,0.000001192,0.000446219,1
warmup,23,23,tree,0,1024,1536,0.263800764,0.000257618,0.000001082,0.000448280,1
warmup,24,24,tree,0,1024,1536,0.267610057,0.000261338,0.000001092,0.000442528,1
warmup,25,25,tree,0,1024,1536,0.270096071,0.000263766,0.000001112,0.000499599,1
warmup,26,26,tree,0,1024,1536,0.269575508,0.000263257,0.000001052,0.000441456,1
warmup,27,27,tree,0,1024,1536,0.259557599,0.000253474,0.000001052,0.000446900,1
warmup,28,28,tree,0,1024,1536,0.272168604,0.000265790,0.000001062,0.000445764,1
warmup,29,29,tree,0,1024,1536,0.265725957,0.000259498,0.000001392,0.000398330,1
warmup,30,30,tree,0,1024,1536,0.278546238,0.000272018,0.000001443,0.000460575,1
warmup,31,31,tree,0,1024,1536,0.264596780,0.000258395,0.000001333,0.000441406,1
warmup,32,32,tree,0,1024,1536,0.276809456,0.000270322,0.000001072,0.000442772,1
warmup,33,33,tree,0,1024,1536,0.265046757,0.000258835,0.000001313,0.000443571,1
warmup,34,34,tree,0,1024,1536,0.264076466,0.000257887,0.000001072,0.000428743,1
warmup,35,35,tree,0,1024,1536,0.272052737,0.000265677,0.000001353,0.000437999,1
warmup,36,36,tree,0,1024,1536,0.267683381,0.000261410,0.000001132,0.000438120,1
warmup,37,37,tree,0,1024,1536,0.272038818,0.000265663,0.000001112,0.001434213,1
warmup,38,38,tree,0,1024,1536,0.273041345,0.000266642,0.000001263,0.000438942,1
warmup,39,39,tree,0,1024,1536,0.264431600,0.000258234,0.000001243,0.000457868,1
warmup,40,40,tree,0,1024,1536,0.266774042,0.000260522,0.000001132,0.000444943,1
warmup,41,41,tree,0,1024,1536,0.264957438,0.000258747,0.000001012,0.000437660,1
warmup,42,42,tree,0,1024,1536,0.269625828,0.000263306,0.000001132,0.000414526,1
warmup,43,43,tree,0,1024,1536,0.266340964,0.000260099,0.000001182,0.000443520,1
warmup,44,44,tree,0,1024,1536,0.274192740,0.000267766,0.000001182,0.000439295,1
warmup,45,45,tree,0,1024,1536,0.259786601,0.000253698,0.000001022,0.000427020,1
warmup,46,46,tree,0,1024,1536,0.269793371,0.000263470,0.000001754,0.000476435,1
warmup,47,47,tree,0,1024,1536,0.260460825,0.000254356,0.000001042,0.000434786,1
warmup,48,48,tree,0,1024,1536,0.275711878,0.000269250,0.000001012,0.000437470,1
warmup,49,49,tree,0,1024,1536,0.268429562,0.000262138,0.000001382,0.000400169,1
actual,0,50,tree,0,1024,1536,0.277848261,0.000271336,0.000001152,0.000410351,1
actual,1,51,tree,0,1024,1536,0.264793766,0.000258588,0.000001182,0.000430646,1
actual,2,52,tree,0,1024,1536,0.274128572,0.000267704,0.000001233,0.000420768,1
actual,3,53,tree,0,1024,1536,0.263280083,0.000257109,0.000001062,0.000406382,1
actual,4,54,tree,0,1024,1536,0.272728857,0.000266337,0.000001172,0.000440615,1
actual,5,55,tree,0,1024,1536,0.265538231,0.000259315,0.000001142,0.000437703,1
actual,6,56,tree,0,1024,1536,0.267129910,0.000260869,0.000000962,0.000453932,1
actual,7,57,tree,0,1024,1536,0.258305416,0.000252251,0.000001122,0.000418754,1
actual,8,58,tree,0,1024,1536,0.273707859,0.000267293,0.000001062,0.000426802,1
actual,9,59,tree,0,1024,1536,0.260716723,0.000254606,0.000001303,0.000428001,1
actual,10,60,tree,0,1024,1536,0.273024859,0.000266626,0.000001433,0.000439363,1
actual,11,61,tree,0,1024,1536,0.263930477,0.000257745,0.000001192,0.000436077,1
actual,12,62,tree,0,1024,1536,0.265823259,0.000259593,0.000001202,0.000424956,1
actual,13,63,tree,0,1024,1536,0.266181430,0.000259943,0.000001042,0.000417272,1
actual,14,64,tree,0,1024,1536,0.271674167,0.000265307,0.000001042,0.000410712,1
actual,15,65,tree,0,1024,1536,0.268636449,0.000262340,0.000001072,0.000413278,1
actual,16,66,tree,0,1024,1536,0.272001820,0.000265627,0.000001172,0.000477598,1
actual,17,67,tree,0,1024,1536,0.263405141,0.000257232,0.000001362,0.000442728,1
actual,18,68,tree,0,1024,1536,0.271856660,0.000265485,0.000001112,0.000418403,1
actual,19,69,tree,0,1024,1536,0.267151950,0.000260891,0.000001162,0.000447591,1
actual,20,70,tree,0,1024,1536,0.268551880,0.000262258,0.000001152,0.000429043,1
actual,21,71,tree,0,1024,1536,0.267761425,0.000261486,0.000001112,0.000425437,1
actual,22,72,tree,0,1024,1536,0.271354592,0.000264995,0.000001022,0.000442261,1
actual,23,73,tree,0,1024,1536,0.267378320,0.000261112,0.000001072,0.000430496,1
actual,24,74,tree,0,1024,1536,0.274230974,0.000267804,0.000001142,0.000434354,1
actual,25,75,tree,0,1024,1536,0.264026943,0.000257839,0.000001383,0.000392124,1
actual,26,76,tree,0,1024,1536,0.271922643,0.000265549,0.000001112,0.000442208,1
actual,27,77,tree,0,1024,1536,0.265368384,0.000259149,0.000001122,0.000434874,1
actual,28,78,tree,0,1024,1536,0.264554221,0.000258354,0.000001343,0.000424766,1
actual,29,79,tree,0,1024,1536,0.268586574,0.000262292,0.000001132,0.000441797,1
actual,30,80,tree,0,1024,1536,0.274181090,0.000267755,0.000001202,0.000464119,1
actual,31,81,tree,0,1024,1536,0.260826443,0.000254713,0.000001062,0.000460662,1
actual,32,82,tree,0,1024,1536,0.272421890,0.000266037,0.000001493,0.000430536,1
actual,33,83,tree,0,1024,1536,0.268766845,0.000262468,0.000001042,0.000488508,1
actual,34,84,tree,0,1024,1536,0.270127334,0.000263796,0.000001262,0.000464173,1
actual,35,85,tree,0,1024,1536,0.259342311,0.000253264,0.000001052,0.000432924,1
actual,36,86,tree,0,1024,1536,0.263466083,0.000257291,0.000001072,0.000470774,1
actual,37,87,tree,0,1024,1536,0.260651551,0.000254543,0.000001092,0.000444285,1
actual,38,88,tree,0,1024,1536,0.268717186,0.000262419,0.000001062,0.000474451,1
actual,39,89,tree,0,1024,1536,0.263205801,0.000257037,0.000001393,0.000454361,1
actual,40,90,tree,0,1024,1536,0.274414839,0.000267983,0.000001152,0.000448303,1
actual,41,91,tree,0,1024,1536,0.255002467,0.000249026,0.000001183,0.000416199,1
actual,42,92,tree,0,1024,1536,0.268120468,0.000261836,0.000001192,0.000465271,1
actual,43,93,tree,0,1024,1536,0.270393295,0.000264056,0.000001122,0.000489690,1
actual,44,94,tree,0,1024,1536,0.264822600,0.000258616,0.000001173,0.000432482,1
actual,45,95,tree,0,1024,1536,0.260609207,0.000254501,0.000001092,0.000439713,1
actual,46,96,tree,0,1024,1536,0.268664152,0.000262367,0.000001433,0.000435224,1
actual,47,97,tree,0,1024,1536,0.260089831,0.000253994,0.000001042,0.000449685,1
actual,48,98,tree,0,1024,1536,0.265558688,0.000259335,0.000001102,0.000436160,1
actual,49,99,tree,0,1024,1536,0.263613008,0.000257435,0.000001453,0.000420316,1
warmup,0,0,tree,0,1024,2048,0.276250280,0.000269776,0.000001382,0.000476636,1
warmup,1,1,tree,0,1024,2048,0.258734471,0.000252670,0.000001232,0.000441216,1
warmup,2,2,tree,0,1024,2048,0.273669943,0.000267256,0.000001142,0.000428983,1
warmup,3,3,tree,0,1024,2048,0.263904887,0.000257720,0.000001212,0.000482797,1
warmup,4,4,tree,0,1024,2048,0.269478858,0.000263163,0.000001243,0.000450834,1
warmup,5,5,tree,0,1024,2048,0.263717976,0.000257537,0.000001212,0.000457179,1
warmup,6,6,tree,0,1024,2048,0.270647770,0.000264304,0.000001253,0.000433873,1
warmup,7,7,tree,0,1024,2048,0.266255222,0.000260015,0.000001082,0.000431828,1
warmup,8,8,tree,0,1024,2048,0.273203699,0.000266800,0.000001343,0.000449902,1
warmup,9,9,tree,0,1024,2048,0.265269270,0.000259052,0.000001232,0.000440595,1
warmup,10,10,tree,0,1024,2048,0.280673921,0.000274096,0.000001413,0.000466994,1
warmup,11,11,tree,0,1024,2048,0.266324353,0.000260082,0.000001162,0.000437459,1
warmup,12,12,tree,0,1024,2048,0.271086556,0.000264733,0.000001272,0.000421008,1
warmup,13,13,tree,0,1024,2048,0.263614149,0.000257436,0.000001282,0.000423042,1
warmup,14,14,tree,0,1024,2048,0.272351212,0.000265968,0.000001433,0.000446286,1
warmup,15,15,tree,0,1024,2048,0.265409119,0.000259189,0.000001372,0.000407866,1
warmup,16,16,tree,0,1024,2048,0.269841933,0.000263518,0.000001283,0.000433161,1
warmup,17,17,tree,0,1024,2048,0.269036537,0.000262731,0.000001252,0.000420768,1
warmup,18,18,tree,0,1024,2048,0.274824978,0.000268384,0.000001152,0.000424615,1
warmup,19,19,tree,0,1024,2048,0.267353519,0.000261087,0.000001172,0.000455062,1
warmup,20,20,tree,0,1024,2048,0.270848497,0.000264500,0.000001243,0.000448583,1
warmup,21,21,tree,0,1024,2048,0.260968054,0.000254852,0.000001182,0.000433722,1
warmup,22,22,tree,0,1024,2048,0.269795157,0.000263472,0.000001393,0.000436277,1
warmup,23,23,tree,0,1024,2048,0.263848920,0.000257665,0.000001223,0.000443584,1
warmup,24,24,tree,0,1024,2048,0.274292538,0.000267864,0.000001303,0.000440354,1
warmup,25,25,tree,0,1024,2048,0.264637326,0.000258435,0.000001152,0.000443571,1
warmup,26,26,tree,0,1024,2048,0.272817401,0.000266423,0.000001232,0.000440394,1
warmup,27,27,tree,0,1024,2048,0.262153161,0.000256009,0.000001192,0.000435014,1
warmup,28,28,tree,0,1024,2048,0.271092888,0.000264739,0.000001182,0.000458318,1
warmup,29,29,tree,0,1024,2048,0.266941053,0.000260685,0.000001273,0.000475734,1
warmup,30,30,tree,0,1024,2048,0.265578714,0.000259354,0.000001163,0.000408218,1
warmup,31,31,tree,0,1024,2048,0.260112847,0.000254016,0.000001132,0.000500741,1
warmup,32,32,tree,0,1024,2048,0.267023179,0.000260765,0.000001152,0.000465384,1
warmup,33,33,tree,0,1024,2048,0.262036186,0.000255895,0.000001352,0.000450573,1
warmup,34,34,tree,0,1024,2048,0.269262096,0.000262951,0.000001362,0.000460245,1
warmup,35,35,tree,0,1024,2048,0.261503954,0.000255375,0.000001413,0.000435696,1
warmup,36,36,tree,0,1024,2048,0.266143075,0.000259905,0.000001122,0.000422922,1
warmup,37,37,tree,0,1024,2048,0.266077248,0.000259841,0.000001132,0.000423195,1
warmup,38,38,tree,0,1024,2048,0.269668008,0.000263348,0.000001142,0.000448000,1
warmup,39,39,tree,0,1024,2048,0.266311151,0.000260069,0.000001193,0.000485362,1
warmup,40,40,tree,0,1024,2048,0.265076004,0.000258863,0.000001162,0.000447428,1
warmup,41,41,tree,0,1024,2048,0.261625324,0.000255493,0.000001232,0.000484660,1
warmup,42,42,tree,0,1024,2048,0.264363524,0.000258168,0.000001213,0.000413695,1
warmup,43,43,tree,0,1024,2048,0.260387993,0.000254285,0.000001243,0.000425396,1
warmup,44,44,tree,0,1024,2048,0.271311083,0.000264952,0.000001222,0.000426980,1
warmup,45,45,tree,0,1024,2048,0.265751793,0.000259523,0.000001172,0.000437880,1
warmup,46,46,tree,0,1024,2048,0.276153317,0.000269681,0.000001192,0.000464362,1
warmup,47,47,tree,0,1024,2048,0.267861554,0.000261584,0.000001092,0.000401994,1
warmup,48,48,tree,0,1024,2048,0.275092030,0.000268645,0.000001192,0.000441997,1
warmup,49,49,tree,0,1024,2048,0.273062179,0.000266662,0.000001443,0.000420018,1
actual,0,50,tree,0,1024,2048,0.273336108,0.000266930,0.000001173,0.000429133,1
actual,1,51,tree,0,1024,2048,0.266631468,0.000260382,0.000001203,0.000459180,1
actual,2,52,tree,0,1024,2048,0.264888890,0.000258681,0.000001132,0.000439864,1
actual,3,53,tree,0,1024,2048,0.267046590,0.000260788,0.000001162,0.000494629,1
actual,4,54,tree,0,1024,2048,0.267613205,0.000261341,0.000001172,0.000414355,1
actual,5,55,tree,0,1024,2048,0.261273308,0.000255150,0.000001353,0.000401655,1
actual,6,56,tree,0,1024,2048,0.272193012,0.000265813,0.000001413,0.000438553,1
actual,7,57,tree,0,1024,2048,0.265000085,0.000258789,0.000001112,0.000471002,1
actual,8,58,tree,0,1024,2048,0.267167707,0.000260906,0.000002404,0.000442739,1
actual,9,59,tree,0,1024,2048,0.270057521,0.000263728,0.000001412,0.000408860,1
actual,10,60,tree,0,1024,2048,0.275299076,0.000268847,0.000001102,0.000439282,1
actual,11,61,tree,0,1024,2048,0.265747320,0.000259519,0.000001112,0.000454681,1
actual,12,62,tree,0,1024,2048,0.269139037,0.000262831,0.000001163,0.000458051,1
actual,13,63,tree,0,1024,2048,0.265625963,0.000259400,0.000001192,0.000431257,1
actual,14,64,tree,0,1024,2048,0.268622467,0.000262327,0.000001262,0.000438150,1
actual,15,65,tree,0,1024,2048,0.268305958,0.000262018,0.000001252,0.000414868,1
actual,16,66,tree,0,1024,2048,0.274364904,0.000267934,0.000001163,0.000447307,1
actual,17,67,tree,0,1024,2048,0.269205342,0.000262896,0.000001203,0.000454271,1
actual,18,68,tree,0,1024,2048,0.270036990,0.000263708,0.000001422,0.000449313,1
actual,19,69,tree,0,1024,2048,0.261508788,0.000255380,0.000001122,0.000437299,1
actual,20,70,tree,0,1024,2048,0.274025293,0.000267603,0.000001162,0.000429744,1
actual,21,71,tree,0,1024,2048,0.264784439,0.000258579,0.000001162,0.000490929,1
actual,22,72,tree,0,1024,2048,0.271362085,0.000265002,0.000001132,0.000432720,1
actual,23,73,tree,0,1024,2048,0.267998704,0.000261717,0.000001242,0.000493504,1
actual,24,74,tree,0,1024,2048,0.267640804,0.000261368,0.000001252,0.000435368,1
actual,25,75,tree,0,1024,2048,0.264377287,0.000258181,0.000001142,0.000434644,1
actual,26,76,tree,0,1024,2048,0.274495497,0.000268062,0.000001142,0.000432463,1
actual,27,77,tree,0,1024,2048,0.268692294,0.000262395,0.000001152,0.000448610,1
actual,28,78,tree,0,1024,2048,0.265564045,0.000259340,0.000001212,0.000427060,1
actual,29,79,tree,0,1024,2048,0.264270298,0.000258076,0.000001272,0.000422744,1
actual,30,80,tree,0,1024,2048,0.273712538,0.000267297,0.000001312,0.000447921,1
actual,31,81,tree,0,1024,2048,0.264055099,0.000257866,0.000001192,0.000414596,1
actual,32,82,tree,0,1024,2048,0.275797120,0.000269333,0.000001412,0.000451078,1
actual,33,83,tree,0,1024,2048,0.267437629,0.000261170,0.000001252,0.000412085,1
actual,34,84,tree,0,1024,2048,0.273617733,0.000267205,0.000001193,0.000442281,1
actual,35,85,tree,0,1024,2048,0.269208761,0.000262899,0.000001193,0.000467028,1
actual,36,86,tree,0,1024,2048,0.270140864,0.000263809,0.000001082,0.000428152,1
actual,37,87,tree,0,1024,2048,0.269264224,0.000262953,0.000001183,0.000413756,1
actual,38,88,tree,0,1024,2048,0.274864822,0.000268423,0.000001263,0.000433593,1
actual,39,89,tree,0,1024,2048,0.257747368,0.000251706,0.000001163,0.000438123,1
actual,40,90,tree,0,1024,2048,0.270124218,0.000263793,0.000001362,0.000413394,1
actual,41,91,tree,0,1024,2048,0.272074176,0.000265697,0.000001212,0.000466787,1
actual,42,92,tree,0,1024,2048,0.272036633,0.000265661,0.000001092,0.000443460,1
actual,43,93,tree,0,1024,2048,0.264244399,0.000258051,0.000001282,0.000425086,1
actual,44,94,tree,0,1024,2048,0.275886687,0.000269421,0.000001212,0.000441176,1
actual,45,95,tree,0,1024,2048,0.264688371,0.000258485,0.000001222,0.000449491,1
actual,46,96,tree,0,1024,2048,0.271654293,0.000265287,0.000001182,0.000449661,1
actual,47,97,tree,0,1024,2048,0.262589203,0.000256435,0.000001193,0.000467268,1
actual,48,98,tree,0,1024,2048,0.274034537,0.000267612,0.000001272,0.000450934,1
actual,49,99,tree,0,1024,2048,0.261840781,0.000255704,0.000001202,0.000438924,1
warmup,0,0,tree,0,1024,3072,0.277978968,0.000271464,0.000001423,0.000461864,1
warmup,1,1,tree,0,1024,3072,0.264604554,0.000258403,0.000001292,0.000408775,1
warmup,2,2,tree,0,1024,3072,0.282361929,0.000275744,0.000001233,0.000434233,1
warmup,3,3,tree,0,1024,3072,0.268092163,0.000261809,0.000001814,0.000434203,1
warmup,4,4,tree,0,1024,3072,0.274089620,0.000267666,0.000001393,0.000456835,1
warmup,5,5,tree,0,1024,3072,0.268695467,0.000262398,0.000001293,0.000450925,1
warmup,6,6,tree,0,1024,3072,0.274126262,0.000267701,0.000001654,0.000430847,1
warmup,7,7,tree,0,1024,3072,0.271253007,0.000264896,0.000001343,0.000453940,1
warmup,8,8,tree,0,1024,3072,0.277968741,0.000271454,0.000001403,0.000459404,1
warmup,9,9,tree,0,1024,3072,0.263701006,0.000257521,0.000001362,0.000455055,1
warmup,10,10,tree,0,1024,3072,0.281064441,0.000274477,0.000001452,0.000464018,1
warmup,11,11,tree,0,1024,3072,0.259550365,0.000253467,0.000001322,0.000465751,1
warmup,12,12,tree,0,1024,3072,0.271082889,0.000264729,0.000001362,0.000459320,1
warmup,13,13,tree,0,1024,3072,0.262333371,0.000256185,0.000001483,0.000394271,1
warmup,14,14,tree,0,1024,3072,0.274689976,0.000268252,0.000002575,0.000427321,1
warmup,15,15,tree,0,1024,3072,0.271486470,0.000265124,0.000001453,0.000419145,1
warmup,16,16,tree,0,1024,3072,0.272346164,0.000265963,0.000001452,0.000440647,1
warmup,17,17,tree,0,1024,3072,0.268183511,0.000261898,0.000001443,0.000431600,1
warmup,18,18,tree,0,1024,3072,0.276751359,0.000270265,0.000001593,0.000438951,1
warmup,19,19,tree,0,1024,3072,0.261168508,0.000255047,0.000001332,0.000420628,1
warmup,20,20,tree,0,1024,3072,0.272263808,0.000265883,0.000001382,0.000433541,1
warmup,21,21,tree,0,1024,3072,0.269696467,0.000263375,0.000001282,0.000453459,1
warmup,22,22,tree,0,1024,3072,0.279094217,0.000272553,0.000001323,0.000465050,1
warmup,23,23,tree,0,1024,3072,0.268502630,0.000262210,0.000001633,0.000453309,1
warmup,24,24,tree,0,1024,3072,0.267906534,0.000261627,0.000001442,0.000427411,1
warmup,25,25,tree,0,1024,3072,0.263197989,0.000257029,0.000001643,0.000433181,1
warmup,26,26,tree,0,1024,3072,0.274458644,0.000268026,0.000001323,0.000427951,1
warmup,27,27,tree,0,1024,3072,0.266663499,0.000260414,0.000001402,0.000449361,1
warmup,28,28,tree,0,1024,3072,0.282343923,0.000275726,0.000001413,0.000431437,1
warmup,29,29,tree,0,1024,3072,0.271143628,0.000264789,0.000002514,0.000404077,1
warmup,30,30,tree,0,1024,3072,0.275389107,0.000268935,0.000001583,0.000448750,1
warmup,31,31,tree,0,1024,3072,0.267430231,0.000261162,0.000001372,0.000403076,1
warmup,32,32,tree,0,1024,3072,0.274754502,0.000268315,0.000001312,0.000434093,1
warmup,33,33,tree,0,1024,3072,0.266090738,0.000259854,0.000001563,0.000418363,1
warmup,34,34,tree,0,1024,3072,0.273802551,0.000267385,0.000001393,0.000442221,1
warmup,35,35,tree,0,1024,3072,0.265808827,0.000259579,0.000001833,0.000422601,1
warmup,36,36,tree,0,1024,3072,0.277049094,0.000270556,0.000001393,0.000431227,1
warmup,37,37,tree,0,1024,3072,0.266186539,0.000259948,0.000001512,0.000424575,1
warmup,38,38,tree,0,1024,3072,0.274054913,0.000267632,0.000001663,0.000410480,1
warmup,39,39,tree,0,1024,3072,0.261936264,0.000255797,0.000001552,0.000422584,1
warmup,40,40,tree,0,1024,3072,0.265231767,0.000259015,0.000001283,0.000443320,1
warmup,41,41,tree,0,1024,3072,0.264449454,0.000258251,0.000001273,0.000408425,1
warmup,42,42,tree,0,1024,3072,0.275265653,0.000268814,0.000001352,0.000448182,1
warmup,43,43,tree,0,1024,3072,0.262962197,0.000256799,0.000001293,0.000404518,1
warmup,44,44,tree,0,1024,3072,0.273450451,0.000267041,0.000001753,0.000451658,1
warmup,45,45,tree,0,1024,3072,0.267683570,0.000261410,0.000001413,0.000414347,1
warmup,46,46,tree,0,1024,3072,0.276503600,0.000270023,0.000001342,0.000477657,1
warmup,47,47,tree,0,1024,3072,0.269712734,0.000263391,0.000001213,0.000459864,1
warmup,48,48,tree,0,1024,3072,0.270825474,0.000264478,0.000001453,0.000449963,1
warmup,49,49,tree,0,1024,3072,0.266990599,0.000260733,0.000001432,0.000433382,1
actual,0,50,tree,0,1024,3072,0.277266636,0.000270768,0.000001572,0.000487436,1
actual,1,51,tree,0,1024,3072,0.263995546,0.000257808,0.000001363,0.000437770,1
actual,2,52,tree,0,1024,3072,0.279231819,0.000272687,0.000001252,0.000465924,1
actual,3,53,tree,0,1024,3072,0.266078269,0.000259842,0.000001363,0.000415090,1
actual,4,54,tree,0,1024,3072,0.275112855,0.000268665,0.000001383,0.000454380,1
actual,5,55,tree,0,1024,3072,0.262220617,0.000256075,0.000001342,0.000458311,1
actual,6,56,tree,0,1024,3072,0.270033661,0.000263705,0.000001463,0.000428334,1
actual,7,57,tree,0,1024,3072,0.275508323,0.000269051,0.000001833,0.000450674,1
actual,8,58,tree,0,1024,3072,0.274572212,0.000268137,0.000001924,0.000444255,1
actual,9,59,tree,0,1024,3072,0.270498748,0.000264159,0.000001453,0.000440047,1
actual,10,60,tree,0,1024,3072,0.270935492,0.000264585,0.000001483,0.000456968,1
actual,11,61,tree,0,1024,3072,0.267523952,0.000261254,0.000001393,0.000420688,1
actual,12,62,tree,0,1024,3072,0.277764115,0.000271254,0.000001653,0.000458822,1
actual,13,63,tree,0,1024,3072,0.270159029,0.000263827,0.000001423,0.000439923,1
actual,14,64,tree,0,1024,3072,0.275050267,0.000268604,0.000001342,0.000467155,1
actual,15,65,tree,0,1024,3072,0.269797103,0.000263474,0.000001322,0.000494359,1
actual,16,66,tree,0,1024,3072,0.270370873,0.000264034,0.000001453,0.000434534,1
actual,17,67,tree,0,1024,3072,0.266055218,0.000259820,0.000001263,0.000430837,1
actual,18,68,tree,0,1024,3072,0.275605901,0.000269146,0.000001312,0.000448683,1
actual,19,69,tree,0,1024,3072,0.265547061,0.000259323,0.000001363,0.000402956,1
actual,20,70,tree,0,1024,3072,0.274430204,0.000267998,0.000001432,0.000462526,1
actual,21,71,tree,0,1024,3072,0.260846272,0.000254733,0.000001413,0.000445694,1
actual,22,72,tree,0,1024,3072,0.268979730,0.000262676,0.000001433,0.000424938,1
actual,23,73,tree,0,1024,3072,0.264448147,0.000258250,0.000001242,0.000436180,1
actual,24,74,tree,0,1024,3072,0.274998349,0.000268553,0.000001302,0.000443263,1
actual,25,75,tree,0,1024,3072,0.267399788,0.000261133,0.000001423,0.000439403,1
actual,26,76,tree,0,1024,3072,0.270559494,0.000264218,0.000001282,0.000481795,1
actual,27,77,tree,0,1024,3072,0.262563528,0.000256410,0.000001322,0.000438914,1
actual,28,78,tree,0,1024,3072,0.274723291,0.000268284,0.000001243,0.000432904,1
actual,29,79,tree,0,1024,3072,0.263294679,0.000257124,0.000001112,0.000448540,1
actual,30,80,tree,0,1024,3072,0.274899945,0.000268457,0.000001212,0.000471986,1
actual,31,81,tree,0,1024,3072,0.266247276,0.000260007,0.000001252,0.000429384,1
actual,32,82,tree,0,1024,3072,0.277821595,0.000271310,0.000001333,0.000457209,1
actual,33,83,tree,0,1024,3072,0.267159593,0.000260898,0.000001213,0.000431708,1
actual,34,84,tree,0,1024,3072,0.275369303,0.000268915,0.000001262,0.000465795,1
actual,35,85,tree,0,1024,3072,0.271741297,0.000265372,0.000001312,0.000445527,1
actual,36,86,tree,0,1024,3072,0.283896554,0.000277243,0.000001242,0.000430268,1
actual,37,87,tree,0,1024,3072,0.271545050,0.000265181,0.000001273,0.000459000,1
actual,38,88,tree,0,1024,3072,0.272012900,0.000265638,0.000001252,0.000431848,1
actual,39,89,tree,0,1024,3072,0.264300426,0.000258106,0.000001553,0.000441920,1
actual,40,90,tree,0,1024,3072,0.265721827,0.000259494,0.000001282,0.000447668,1
actual,41,91,tree,0,1024,3072,0.269767738,0.000263445,0.000001232,0.000471155,1
actual,42,92,tree,0,1024,3072,0.268341280,0.000262052,0.000002465,0.000425947,1
actual,43,93,tree,0,1024,3072,0.266708108,0.000260457,0.000002114,0.000423994,1
actual,44,94,tree,0,1024,3072,0.273992995,0.000267571,0.000001272,0.000411935,1
actual,45,95,tree,0,1024,3072,0.270034425,0.000263705,0.000001273,0.000410722,1
actual,46,96,tree,0,1024,3072,0.281171511,0.000274582,0.000001513,0.000490501,1
actual,47,97,tree,0,1024,3072,0.267047052,0.000260788,0.000001363,0.000462747,1
actual,48,98,tree,0,1024,3072,0.271134827,0.000264780,0.000001493,0.000430696,1
actual,49,99,tree,0,1024,3072,0.264417047,0.000258220,0.000001373,0.000436908,1
warmup,0,0,tree,0,1024,4096,0.286601806,0.000279885,0.000001392,0.000462976,1
warmup,1,1,tree,0,1024,4096,0.271643733,0.000265277,0.000001483,0.000457216,1
warmup,2,2,tree,0,1024,4096,0.278993725,0.000272455,0.000001683,0.000442659,1
warmup,3,3,tree,0,1024,4096,0.272683433,0.000266292,0.000001703,0.000465371,1
warmup,4,4,tree,0,1024,4096,0.278163615,0.000271644,0.000001403,0.000453650,1
warmup,5,5,tree,0,1024,4096,0.268128888,0.000261845,0.000001333,0.000479611,1
warmup,6,6,tree,0,1024,4096,0.271717847,0.000265349,0.000001332,0.000483067,1
warmup,7,7,tree,0,1024,4096,0.264254137,0.000258061,0.000001403,0.000456655,1
warmup,8,8,tree,0,1024,4096,0.279663242,0.000273109,0.000001613,0.000446736,1
warmup,9,9,tree,0,1024,4096,0.268451255,0.000262159,0.000001623,0.000448059,1
warmup,10,10,tree,0,1024,4096,0.268750561,0.000262452,0.000001312,0.000426820,1
warmup,11,11,tree,0,1024,4096,0.272443285,0.000266058,0.000001573,0.000451004,1
warmup,12,12,tree,0,1024,4096,0.282735677,0.000276109,0.000001563,0.000451054,1
warmup,13,13,tree,0,1024,4096,0.277393167,0.000270892,0.000001383,0.000457549,1
warmup,14,14,tree,0,1024,4096,0.274020468,0.000267598,0.000001422,0.000463608,1
warmup,15,15,tree,0,1024,4096,0.266894778,0.000260639,0.000001513,0.000444563,1
warmup,16,16,tree,0,1024,4096,0.278100229,0.000271582,0.000001513,0.000461225,1
warmup,17,17,tree,0,1024,4096,0.270569464,0.000264228,0.000001643,0.000428272,1
warmup,18,18,tree,0,1024,4096,0.277970397,0.000271455,0.000001703,0.000418003,1
warmup,19,19,tree,0,1024,4096,0.271027763,0.000264676,0.000001834,0.000462869,1
warmup,20,20,tree,0,1024,4096,0.271570376,0.000265205,0.000001282,0.000449782,1
warmup,21,21,tree,0,1024,4096,0.269790527,0.000263467,0.000001533,0.000454965,1
warmup,22,22,tree,0,1024,4096,0.271504040,0.000265141,0.000006552,0.000456274,1
warmup,23,23,tree,0,1024,4096,0.269285781,0.000262974,0.000001633,0.000432491,1
warmup,24,24,tree,0,1024,4096,0.270057826,0.000263728,0.000001422,0.000444044,1
warmup,25,25,tree,0,1024,4096,0.266565211,0.000260318,0.000001643,0.000427430,1
warmup,26,26,tree,0,1024,4096,0.278527723,0.000272000,0.000001723,0.000453311,1
warmup,27,27,tree,0,1024,4096,0.271909193,0.000265536,0.000001443,0.000416091,1
warmup,28,28,tree,0,1024,4096,0.279076918,0.000272536,0.000001382,0.000451385,1
warmup,29,29,tree,0,1024,4096,0.267615378,0.000261343,0.000001422,0.000425196,1
warmup,30,30,tree,0,1024,4096,0.276836184,0.000270348,0.000001302,0.000451158,1
warmup,31,31,tree,0,1024,4096,0.268924852,0.000262622,0.000001392,0.000439763,1
warmup,32,32,tree,0,1024,4096,0.282191789,0.000275578,0.000001372,0.000462305,1
warmup,33,33,tree,0,1024,4096,0.265397544,0.000259177,0.000001342,0.000435508,1
warmup,34,34,tree,0,1024,4096,0.270613670,0.000264271,0.000001743,0.000444983,1
warmup,35,35,tree,0,1024,4096,0.263920996,0.000257735,0.000001353,0.000421279,1
warmup,36,36,tree,0,1024,4096,0.274544230,0.000268110,0.000001603,0.000433081,1
warmup,37,37,tree,0,1024,4096,0.272018316,0.000265643,0.000001764,0.000487787,1
warmup,38,38,tree,0,1024,4096,0.270899172,0.000264550,0.000001543,0.000435036,1
warmup,39,39,tree,0,1024,4096,0.269506646,0.000263190,0.000001573,0.000422511,1
warmup,40,40,tree,0,1024,4096,0.275066145,0.000268619,0.000001834,0.000475711,1
warmup,41,41,tree,0,1024,4096,0.270202982,0.000263870,0.000001463,0.000427772,1
warmup,42,42,tree,0,1024,4096,0.271262005,0.000264904,0.000001443,0.000454854,1
warmup,43,43,tree,0,1024,4096,0.266839356,0.000260585,0.000001413,0.000465174,1
warmup,44,44,tree,0,1024,4096,0.275235710,0.000268785,0.000001643,0.000443221,1
warmup,45,45,tree,0,1024,4096,0.270319360,0.000263984,0.000001353,0.000481815,1
warmup,46,46,tree,0,1024,4096,0.268344306,0.000262055,0.000001463,0.000436007,1
warmup,47,47,tree,0,1024,4096,0.263329970,0.000257158,0.000001442,0.000433481,1
warmup,48,48,tree,0,1024,4096,0.274290004,0.000267861,0.000001413,0.000440144,1
warmup,49,49,tree,0,1024,4096,0.266792548,0.000260540,0.000001333,0.000435689,1
actual,0,50,tree,0,1024,4096,0.281042551,0.000274456,0.000001583,0.000431813,1
actual,1,51,tree,0,1024,4096,0.270446840,0.000264108,0.000001583,0.000417454,1
actual,2,52,tree,0,1024,4096,0.275201955,0.000268752,0.000001443,0.000451696,1
actual,3,53,tree,0,1024,4096,0.266197658,0.000259959,0.000001343,0.000460714,1
actual,4,54,tree,0,1024,4096,0.270083595,0.000263754,0.000001322,0.000424885,1
actual,5,55,tree,0,1024,4096,0.268712848,0.000262415,0.000001613,0.000447197,1
actual,6,56,tree,0,1024,4096,0.276734058,0.000270248,0.000001452,0.000464613,1
actual,7,57,tree,0,1024,4096,0.269306856,0.000262995,0.000002695,0.000481896,1
actual,8,58,tree,0,1024,4096,0.274353814,0.000267924,0.000001502,0.000431498,1
actual,9,59,tree,0,1024,4096,0.271192641,0.000264837,0.000001493,0.000424855,1
actual,10,60,tree,0,1024,4096,0.274495300,0.000268062,0.000001513,0.000449552,1
actual,11,61,tree,0,1024,4096,0.268831762,0.000262531,0.000001623,0.000469989,1
actual,12,62,tree,0,1024,4096,0.276528211,0.000270047,0.000001462,0.000471806,1
actual,13,63,tree,0,1024,4096,0.263780077,0.000257598,0.000001352,0.000477066,1
actual,14,64,tree,0,1024,4096,0.268197441,0.000261912,0.000001272,0.000416712,1
actual,15,65,tree,0,1024,4096,0.270680644,0.000264337,0.000001563,0.000445617,1
actual,16,66,tree,0,1024,4096,0.270500365,0.000264161,0.000001623,0.000448820,1
actual,17,67,tree,0,1024,4096,0.271159771,0.000264804,0.000001452,0.000431411,1
actual,18,68,tree,0,1024,4096,0.276601306,0.000270118,0.000001393,0.000440745,1
actual,19,69,tree,0,1024,4096,0.270183544,0.000263851,0.000001884,0.000423235,1
actual,20,70,tree,0,1024,4096,0.286745213,0.000280025,0.000001443,0.001404880,1
actual,21,71,tree,0,1024,4096,0.264796300,0.000258590,0.000001523,0.000447728,1
actual,22,72,tree,0,1024,4096,0.276485228,0.000270005,0.000001693,0.000457309,1
actual,23,73,tree,0,1024,4096,0.264539744,0.000258340,0.000001333,0.000404599,1
actual,24,74,tree,0,1024,4096,0.272286698,0.000265905,0.000001473,0.000433694,1
actual,25,75,tree,0,1024,4096,0.262240698,0.000256094,0.000001392,0.000423753,1
actual,26,76,tree,0,1024,4096,0.275387998,0.000268934,0.000001422,0.000498326,1
actual,27,77,tree,0,1024,4096,0.266141909,0.000259904,0.000001442,0.000450494,1
actual,28,78,tree,0,1024,4096,0.276747159,0.000270261,0.000001392,0.000443931,1
actual,29,79,tree,0,1024,4096,0.269906551,0.000263581,0.000001412,0.000443480,1
actual,30,80,tree,0,1024,4096,0.278970221,0.000272432,0.000001372,0.000426609,1
actual,31,81,tree,0,1024,4096,0.267238345,0.000260975,0.000001392,0.000462336,1
actual,32,82,tree,0,1024,4096,0.275278715,0.000268827,0.000001503,0.000418164,1
actual,33,83,tree,0,1024,4096,0.267008292,0.000260750,0.000001623,0.000404367,1
actual,34,84,tree,0,1024,4096,0.277785119,0.000271275,0.000001493,0.000447902,1
actual,35,85,tree,0,1024,4096,0.268213736,0.000261927,0.000001653,0.000421522,1
actual,36,86,tree,0,1024,4096,0.273177922,0.000266775,0.000001443,0.000459239,1
actual,37,87,tree,0,1024,4096,0.266476034,0.000260231,0.000001332,0.000442649,1
actual,38,88,tree,0,1024,4096,0.279544873,0.000272993,0.000001463,0.000431448,1
actual,39,89,tree,0,1024,4096,0.274925810,0.000268482,0.000001453,0.000491233,1
actual,40,90,tree,0,1024,4096,0.272474495,0.000266088,0.000001393,0.000429694,1
actual,41,91,tree,0,1024,4096,0.270089911,0.000263760,0.000001763,0.000462616,1
actual,42,92,tree,0,1024,4096,0.274368227,0.000267938,0.000001403,0.000431999,1
actual,43,93,tree,0,1024,4096,0.269507603,0.000263191,0.000001373,0.000453341,1
actual,44,94,tree,0,1024,4096,0.277476256,0.000270973,0.000001452,0.000439834,1
actual,45,95,tree,0,1024,4096,0.272676840,0.000266286,0.000001413,0.000447167,1
actual,46,96,tree,0,1024,4096,0.279861341,0.000273302,0.000001403,0.000475310,1
actual,47,97,tree,0,1024,4096,0.270826404,0.000264479,0.000001413,0.000487856,1
actual,48,98,tree,0,1024,4096,0.274069921,0.000267646,0.000001653,0.000468180,1
actual,49,99,tree,0,1024,4096,0.268169347,0.000261884,0.000001403,0.000474672,1
warmup,0,0,tree,0,1024,6144,0.279358156,0.000272811,0.000001643,0.000477274,1
warmup,1,1,tree,0,1024,6144,0.275527696,0.000269070,0.000001623,0.000464319,1
warmup,2,2,tree,0,1024,6144,0.283465126,0.000276821,0.000001693,0.000454715,1
warmup,3,3,tree,0,1024,6144,0.273440141,0.000267031,0.000001603,0.000490007,1
warmup,4,4,tree,0,1024,6144,0.274703760,0.000268265,0.000001773,0.000429155,1
warmup,5,5,tree,0,1024,6144,0.268234703,0.000261948,0.000001913,0.000463822,1
warmup,6,6,tree,0,1024,6144,0.275699991,0.000269238,0.000001613,0.000412432,1
warmup,7,7,tree,0,1024,6144,0.273121304,0.000266720,0.000001663,0.000435829,1
warmup,8,8,tree,0,1024,6144,0.282913501,0.000276283,0.000001923,0.000445283,1
warmup,9,9,tree,0,1024,6144,0.274528574,0.000268094,0.000001683,0.000456624,1
warmup,10,10,tree,0,1024,6144,0.279418201,0.000272869,0.000001623,0.000421571,1
warmup,11,11,tree,0,1024,6144,0.274625341,0.000268189,0.000001563,0.000434156,1
warmup,12,12,tree,0,1024,6144,0.276079703,0.000269609,0.000001873,0.000430409,1
warmup,13,13,tree,0,1024,6144,0.271406811,0.000265046,0.000001582,0.000493568,1
warmup,14,14,tree,0,1024,6144,0.277147093,0.000270651,0.000001653,0.000426271,1
warmup,15,15,tree,0,1024,6144,0.269352700,0.000263040,0.000001683,0.000446346,1
warmup,16,16,tree,0,1024,6144,0.278433239,0.000271907,0.000001513,0.000422893,1
warmup,17,17,tree,0,1024,6144,0.272366382,0.000265983,0.000001904,0.000461694,1
warmup,18,18,tree,0,1024,6144,0.291126376,0.000284303,0.000002625,0.000473907,1
warmup,19,19,tree,0,1024,6144,0.279712420,0.000273157,0.000002024,0.000457048,1
warmup,20,20,tree,0,1024,6144,0.281103747,0.000274515,0.000001753,0.000455001,1
warmup,21,21,tree,0,1024,6144,0.271150815,0.000264796,0.000005039,0.000423337,1
warmup,22,22,tree,0,1024,6144,0.281146507,0.000274557,0.000001923,0.000470671,1
warmup,23,23,tree,0,1024,6144,0.272941279,0.000266544,0.000001944,0.000453219,1
warmup,24,24,tree,0,1024,6144,0.280452586,0.000273879,0.000001623,0.000451737,1
warmup,25,25,tree,0,1024,6144,0.263729163,0.000257548,0.000001583,0.000448222,1
warmup,26,26,tree,0,1024,6144,0.274879367,0.000268437,0.000001653,0.000445984,1
warmup,27,27,tree,0,1024,6144,0.272074233,0.000265697,0.000001743,0.000426218,1
warmup,28,28,tree,0,1024,6144,0.281564361,0.000274965,0.000002094,0.000457356,1
warmup,29,29,tree,0,1024,6144,0.270463644,0.000264125,0.000001633,0.000419590,1
warmup,30,30,tree,0,1024,6144,0.277650721,0.000271143,0.000001774,0.000451626,1
warmup,31,31,tree,0,1024,6144,0.272387867,0.000266004,0.000001724,0.000422732,1
warmup,32,32,tree,0,1024,6144,0.276341378,0.000269865,0.000001563,0.000425176,1
warmup,33,33,tree,0,1024,6144,0.273213838,0.000266810,0.000001944,0.000457115,1
warmup,34,34,tree,0,1024,6144,0.279430174,0.000272881,0.000001864,0.000451238,1
warmup,35,35,tree,0,1024,6144,0.270313393,0.000263978,0.000001643,0.000473029,1
warmup,36,36,tree,0,1024,6144,0.278570761,0.000272042,0.000001653,0.000461454,1
warmup,37,37,tree,0,1024,6144,0.275289503,0.000268837,0.000001543,0.000488548,1
warmup,38,38,tree,0,1024,6144,0.276188901,0.000269716,0.000001533,0.000446265,1
warmup,39,39,tree,0,1024,6144,0.269946789,0.000263620,0.000002154,0.000429545,1
warmup,40,40,tree,0,1024,6144,0.287193682,0.000280463,0.000001864,0.000425149,1
warmup,41,41,tree,0,1024,6144,0.270729008,0.000264384,0.000001502,0.000414519,1
warmup,42,42,tree,0,1024,6144,0.284371564,0.000277707,0.000001463,0.000472815,1
warmup,43,43,tree,0,1024,6144,0.270629449,0.000264287,0.000001993,0.000480542,1
warmup,44,44,tree,0,1024,6144,0.280361864,0.000273791,0.000001733,0.000433212,1
warmup,45,45,tree,0,1024,6144,0.271492193,0.000265129,0.000001874,0.000432960,1
warmup,46,46,tree,0,1024,6144,0.283617790,0.000276970,0.000001643,0.000461384,1
warmup,47,47,tree,0,1024,6144,0.275448701,0.000268993,0.000001573,0.000409559,1
warmup,48,48,tree,0,1024,6144,0.279179965,0.000272637,0.000001864,0.000434554,1
warmup,49,49,tree,0,1024,6144,0.276206198,0.000269733,0.000001843,0.000468350,1
actual,0,50,tree,0,1024,6144,0.273494223,0.000267084,0.000001683,0.000443991,1
actual,1,51,tree,0,1024,6144,0.265238353,0.000259022,0.000001724,0.000437841,1
actual,2,52,tree,0,1024,6144,0.277919299,0.000271406,0.000001593,0.000443039,1
actual,3,53,tree,0,1024,6144,0.273269011,0.000266864,0.000001894,0.000441507,1
actual,4,54,tree,0,1024,6144,0.281696581,0.000275094,0.000001813,0.000456265,1
actual,5,55,tree,0,1024,6144,0.271393396,0.000265033,0.000001543,0.000476966,1
actual,6,56,tree,0,1024,6144,0.273795144,0.000267378,0.000001794,0.000459690,1
actual,7,57,tree,0,1024,6144,0.272078308,0.000265701,0.000001703,0.000409610,1
actual,8,58,tree,0,1024,6144,0.284264225,0.000277602,0.000001533,0.000443694,1
actual,9,59,tree,0,1024,6144,0.276056258,0.000269586,0.000001503,0.000412146,1
actual,10,60,tree,0,1024,6144,0.279627554,0.000273074,0.000001603,0.000431209,1
actual,11,61,tree,0,1024,6144,0.272207874,0.000265828,0.000001583,0.000443831,1
actual,12,62,tree,0,1024,6144,0.313528238,0.000306180,0.000002505,0.000511020,1
actual,13,63,tree,0,1024,6144,0.273644672,0.000267231,0.000001733,0.000421342,1
actual,14,64,tree,0,1024,6144,0.279228261,0.000272684,0.000001653,0.000440134,1
actual,15,65,tree,0,1024,6144,0.274575398,0.000268140,0.000001633,0.000446048,1
actual,16,66,tree,0,1024,6144,0.279573824,0.000273021,0.000001583,0.000454404,1
actual,17,67,tree,0,1024,6144,0.270457861,0.000264119,0.000001673,0.000453910,1
actual,18,68,tree,0,1024,6144,0.274823301,0.000268382,0.000001673,0.000447969,1
actual,19,69,tree,0,1024,6144,0.270536620,0.000264196,0.000001563,0.000475504,1
actual,20,70,tree,0,1024,6144,0.272608715,0.000266219,0.000001713,0.000441546,1
actual,21,71,tree,0,1024,6144,0.270071621,0.000263742,0.000001543,0.000446055,1
actual,22,72,tree,0,1024,6144,0.281419834,0.000274824,0.000001643,0.000441406,1
actual,23,73,tree,0,1024,6144,0.276134017,0.000269662,0.000001573,0.000422384,1
actual,24,74,tree,0,1024,6144,0.276999326,0.000270507,0.000001553,0.000456545,1
actual,25,75,tree,0,1024,6144,0.275647166,0.000269187,0.000001533,0.000503065,1
actual,26,76,tree,0,1024,6144,0.276173861,0.000269701,0.000001794,0.000449833,1
actual,27,77,tree,0,1024,6144,0.267265922,0.000261002,0.000001533,0.000457820,1
actual,28,78,tree,0,1024,6144,0.277868225,0.000271356,0.000001633,0.000477538,1
actual,29,79,tree,0,1024,6144,0.271316031,0.000264957,0.000001563,0.000476175,1
actual,30,80,tree,0,1024,6144,0.270617985,0.000264275,0.000001342,0.000427450,1
actual,31,81,tree,0,1024,6144,0.266992547,0.000260735,0.000001553,0.000504684,1
actual,32,82,tree,0,1024,6144,0.276808587,0.000270321,0.000001533,0.000485663,1
actual,33,83,tree,0,1024,6144,0.270576760,0.000264235,0.000001592,0.000414756,1
actual,34,84,tree,0,1024,6144,0.275240904,0.000268790,0.000001693,0.000476953,1
actual,35,85,tree,0,1024,6144,0.273069381,0.000266669,0.000003025,0.000423754,1
actual,36,86,tree,0,1024,6144,0.283802329,0.000277151,0.000001613,0.000444332,1
actual,37,87,tree,0,1024,6144,0.272362528,0.000265979,0.000001583,0.000439694,1
actual,38,88,tree,0,1024,6144,0.281019136,0.000274433,0.000002093,0.000451275,1
actual,39,89,tree,0,1024,6144,0.275599517,0.000269140,0.000001753,0.000446499,1
actual,40,90,tree,0,1024,6144,0.283417609,0.000276775,0.000001833,0.000473978,1
actual,41,91,tree,0,1024,6144,0.278609291,0.000272079,0.000001884,0.000452206,1
actual,42,92,tree,0,1024,6144,0.277692030,0.000271184,0.000001823,0.000423556,1
actual,43,93,tree,0,1024,6144,0.270663551,0.000264320,0.000001643,0.000444292,1
actual,44,94,tree,0,1024,6144,0.275603438,0.000269144,0.000001663,0.000435806,1
actual,45,95,tree,0,1024,6144,0.270145354,0.000263814,0.000001653,0.000449231,1
actual,46,96,tree,0,1024,6144,0.286918793,0.000280194,0.000001843,0.000469750,1
actual,47,97,tree,0,1024,6144,0.276045757,0.000269576,0.000001803,0.000457740,1
actual,48,98,tree,0,1024,6144,0.276996640,0.000270505,0.000001903,0.000438151,1
actual,49,99,tree,0,1024,6144,0.269881259,0.000263556,0.000001452,0.000439573,1
warmup,0,0,tree,0,1024,8192,0.330952281,0.000323196,0.000020909,0.000473840,1
warmup,1,1,tree,0,1024,8192,0.295125666,0.000288209,0.000009198,0.000461445,1
warmup,2,2,tree,0,1024,8192,0.299847724,0.000292820,0.000009207,0.000438052,1
warmup,3,3,tree,0,1024,8192,0.292954159,0.000286088,0.000009317,0.000460121,1
warmup,4,4,tree,0,1024,8192,0.310088489,0.000302821,0.000011943,0.000478650,1
warmup,5,5,tree,0,1024,8192,0.298921407,0.000291915,0.000011141,0.000452538,1
warmup,6,6,tree,0,1024,8192,0.296128589,0.000289188,0.000011311,0.000466092,1
warmup,7,7,tree,0,1024,8192,0.287602855,0.000280862,0.000009217,0.000455426,1
warmup,8,8,tree,0,1024,8192,0.302255423,0.000295171,0.000008946,0.000456686,1
warmup,9,9,tree,0,1024,8192,0.289410567,0.000282628,0.000011001,0.000436691,1
warmup,10,10,tree,0,1024,8192,0.292836334,0.000285973,0.000014537,0.000442328,1
warmup,11,11,tree,0,1024,8192,0.296201350,0.000289259,0.000008987,0.000438153,1
warmup,12,12,tree,0,1024,8192,0.293059399,0.000286191,0.000009097,0.000477427,1
warmup,13,13,tree,0,1024,8192,0.284751562,0.000278078,0.000008976,0.000450092,1
warmup,14,14,tree,0,1024,8192,0.291839127,0.000284999,0.000009277,0.000443254,1
warmup,15,15,tree,0,1024,8192,0.294486575,0.000287585,0.000012954,0.000448100,1
warmup,16,16,tree,0,1024,8192,0.295205686,0.000288287,0.000015900,0.000474007,1
warmup,17,17,tree,0,1024,8192,0.283733682,0.000277084,0.000009087,0.000445795,1
warmup,18,18,tree,0,1024,8192,0.293447813,0.000286570,0.000010820,0.000463016,1
warmup,19,19,tree,0,1024,8192,0.285395727,0.000278707,0.000008817,0.000433706,1
warmup,20,20,tree,0,1024,8192,0.286665035,0.000279946,0.000008907,0.000471913,1
warmup,21,21,tree,0,1024,8192,0.289776304,0.000282985,0.000008947,0.000448129,1
warmup,22,22,tree,0,1024,8192,0.290296811,0.000283493,0.000008966,0.000499449,1
warmup,23,23,tree,0,1024,8192,0.278827295,0.000272292,0.000009247,0.000415031,1
warmup,24,24,tree,0,1024,8192,0.292011353,0.000285167,0.000014327,0.000468407,1
warmup,25,25,tree,0,1024,8192,0.286647774,0.000279929,0.000008977,0.000450837,1
warmup,26,26,tree,0,1024,8192,0.289403400,0.000282621,0.000009077,0.000447751,1
warmup,27,27,tree,0,1024,8192,0.284708584,0.000278036,0.000008907,0.000425389,1
warmup,28,28,tree,0,1024,8192,0.291502334,0.000284670,0.000010609,0.000449691,1
warmup,29,29,tree,0,1024,8192,0.287733928,0.000280990,0.000008877,0.000472554,1
warmup,30,30,tree,0,1024,8192,0.289463815,0.000282680,0.000014627,0.000428874,1
warmup,31,31,tree,0,1024,8192,0.285279086,0.000278593,0.000009007,0.000431920,1
warmup,32,32,tree,0,1024,8192,0.296133844,0.000289193,0.000011140,0.000455124,1
warmup,33,33,tree,0,1024,8192,0.283834924,0.000277183,0.000008957,0.000423988,1
warmup,34,34,tree,0,1024,8192,0.292049995,0.000285205,0.000009027,0.000488244,1
warmup,35,35,tree,0,1024,8192,0.282751500,0.000276125,0.000011301,0.000456976,1
warmup,36,36,tree,0,1024,8192,0.293394149,0.000286518,0.000008977,0.000476074,1
warmup,37,37,tree,0,1024,8192,0.279978381,0.000273416,0.000010801,0.000438584,1
warmup,38,38,tree,0,1024,8192,0.288856314,0.000282086,0.000011061,0.000429077,1
warmup,39,39,tree,0,1024,8192,0.293002099,0.000286135,0.000008997,0.000451465,1
warmup,40,40,tree,0,1024,8192,0.294560311,0.000287657,0.000008917,0.000441880,1
warmup,41,41,tree,0,1024,8192,0.286680007,0.000279961,0.000012504,0.000430210,1
warmup,42,42,tree,0,1024,8192,0.290086206,0.000283287,0.000011031,0.000459911,1
warmup,43,43,tree,0,1024,8192,0.287846432,0.000281100,0.000009177,0.000441877,1
warmup,44,44,tree,0,1024,8192,0.290521590,0.000283712,0.000014807,0.000500216,1
warmup,45,45,tree,0,1024,8192,0.279225138,0.000272681,0.000009007,0.000433655,1
warmup,46,46,tree,0,1024,8192,0.295867583,0.000288933,0.000010449,0.000459782,1
warmup,47,47,tree,0,1024,8192,0.290318496,0.000283514,0.000009067,0.000462075,1
warmup,48,48,tree,0,1024,8192,0.291500352,0.000284668,0.000009047,0.000462278,1
warmup,49,49,tree,0,1024,8192,0.287276753,0.000280544,0.000009838,0.000451285,1
actual,0,50,tree,0,1024,8192,0.294222207,0.000287326,0.000009318,0.000473346,1
actual,1,51,tree,0,1024,8192,0.284767014,0.000278093,0.000009177,0.000417844,1
actual,2,52,tree,0,1024,8192,0.292074679,0.000285229,0.000009167,0.000429215,1
actual,3,53,tree,0,1024,8192,0.285865969,0.000279166,0.000009498,0.000439653,1
actual,4,54,tree,0,1024,8192,0.294386290,0.000287487,0.000011171,0.000468807,1
actual,5,55,tree,0,1024,8192,0.280835582,0.000274253,0.000009177,0.000448900,1
actual,6,56,tree,0,1024,8192,0.290609104,0.000283798,0.000009307,0.000442508,1
actual,7,57,tree,0,1024,8192,0.286847789,0.000280125,0.000008877,0.000466787,1
actual,8,58,tree,0,1024,8192,0.294220164,0.000287324,0.000011221,0.000455032,1
actual,9,59,tree,0,1024,8192,0.284558040,0.000277889,0.000009408,0.000429194,1
actual,10,60,tree,0,1024,8192,0.286799654,0.000280078,0.000012364,0.000427384,1
actual,11,61,tree,0,1024,8192,0.282528109,0.000275906,0.000009037,0.000433392,1
actual,12,62,tree,0,1024,8192,0.289439293,0.000282656,0.000008836,0.000454631,1
actual,13,63,tree,0,1024,8192,0.285254205,0.000278569,0.000009277,0.000464139,1
actual,14,64,tree,0,1024,8192,0.284088853,0.000277431,0.000008937,0.000452550,1
actual,15,65,tree,0,1024,8192,0.280384187,0.000273813,0.000011943,0.000425567,1
actual,16,66,tree,0,1024,8192,0.286233431,0.000279525,0.000014437,0.000460252,1
actual,17,67,tree,0,1024,8192,0.280733694,0.000274154,0.000008986,0.000434794,1
actual,18,68,tree,0,1024,8192,0.290607183,0.000283796,0.000014748,0.000463809,1
actual,19,69,tree,0,1024,8192,0.284046520,0.000277389,0.000008937,0.000412131,1
actual,20,70,tree,0,1024,8192,0.293851312,0.000286964,0.000010940,0.000440827,1
actual,21,71,tree,0,1024,8192,0.280329724,0.000273759,0.000009077,0.000417031,1
actual,22,72,tree,0,1024,8192,0.293150984,0.000286280,0.000009388,0.000459751,1
actual,23,73,tree,0,1024,8192,0.283383872,0.000276742,0.000011422,0.000443223,1
actual,24,74,tree,0,1024,8192,0.292475651,0.000285621,0.000011381,0.000477284,1
actual,25,75,tree,0,1024,8192,0.283272445,0.000276633,0.000008846,0.000445347,1
actual,26,76,tree,0,1024,8192,0.294365869,0.000287467,0.000009267,0.000470010,1
actual,27,77,tree,0,1024,8192,0.289853193,0.000283060,0.000009027,0.000438704,1
actual,28,78,tree,0,1024,8192,0.288491183,0.000281730,0.000011712,0.000469248,1
actual,29,79,tree,0,1024,8192,0.282095995,0.000275484,0.000009067,0.000424947,1
actual,30,80,tree,0,1024,8192,0.290980794,0.000284161,0.000009168,0.000464473,1
actual,31,81,tree,0,1024,8192,0.281251625,0.000274660,0.000012654,0.000433025,1
actual,32,82,tree,0,1024,8192,0.284932574,0.000278254,0.000014387,0.000447197,1
actual,33,83,tree,0,1024,8192,0.282446870,0.000275827,0.000009147,0.000418366,1
actual,34,84,tree,0,1024,8192,0.294456666,0.000287555,0.000011532,0.000432872,1
actual,35,85,tree,0,1024,8192,0.280860768,0.000274278,0.000008726,0.000419496,1
actual,36,86,tree,0,1024,8192,0.291182459,0.000284358,0.000009047,0.000456795,1
actual,37,87,tree,0,1024,8192,0.282378583,0.000275760,0.000009408,0.000433642,1
actual,38,88,tree,0,1024,8192,0.284364833,0.000277700,0.000015128,0.000424227,1
actual,39,89,tree,0,1024,8192,0.284269557,0.000277607,0.000008806,0.000435615,1
actual,40,90,tree,0,1024,8192,0.289233586,0.000282455,0.000014668,0.000461514,1
actual,41,91,tree,0,1024,8192,0.283599151,0.000276952,0.000009187,0.000457857,1
actual,42,92,tree,0,1024,8192,0.300496482,0.000293454,0.000009518,0.000458609,1
actual,43,93,tree,0,1024,8192,0.286752058,0.000280031,0.000011010,0.000420547,1
actual,44,94,tree,0,1024,8192,0.288763522,0.000281996,0.000009177,0.000465181,1
actual,45,95,tree,0,1024,8192,0.283237699,0.000276599,0.000011271,0.000416350,1
actual,46,96,tree,0,1024,8192,0.288797273,0.000282029,0.000009578,0.000443383,1
actual,47,97,tree,0,1024,8192,0.283624861,0.000276977,0.000009328,0.000418035,1
actual,48,98,tree,0,1024,8192,0.292430010,0.000285576,0.000008986,0.000453261,1
actual,49,99,tree,0,1024,8192,0.283821891,0.000277170,0.000009157,0.000434754,1
warmup,0,0,tree,0,1024,12288,0.320437008,0.000312927,0.000009117,0.000493073,1
warmup,1,1,tree,0,1024,12288,0.315193793,0.000307806,0.000011021,0.000478970,1
warmup,2,2,tree,0,1024,12288,0.313163367,0.000305824,0.000010941,0.000483597,1
warmup,3,3,tree,0,1024,12288,0.304552267,0.000297414,0.000011081,0.000452330,1
warmup,4,4,tree,0,1024,12288,0.310921097,0.000303634,0.000010950,0.000487272,1
warmup,5,5,tree,0,1024,12288,0.306013968,0.000298842,0.000011332,0.000461117,1
warmup,6,6,tree,0,1024,12288,0.313307716,0.000305965,0.000009307,0.000477766,1
warmup,7,7,tree,0,1024,12288,0.307042471,0.000299846,0.000010991,0.000463641,1
warmup,8,8,tree,0,1024,12288,0.313222885,0.000305882,0.000011171,0.000473717,1
warmup,9,9,tree,0,1024,12288,0.302420936,0.000295333,0.000008917,0.000478626,1
warmup,10,10,tree,0,1024,12288,0.311004480,0.000303715,0.000012153,0.000476575,1
warmup,11,11,tree,0,1024,12288,0.304495917,0.000297359,0.000010941,0.000450317,1
warmup,12,12,tree,0,1024,12288,0.310777698,0.000303494,0.000011311,0.000479367,1
warmup,13,13,tree,0,1024,12288,0.304302443,0.000297170,0.000009087,0.000495919,1
warmup,14,14,tree,0,1024,12288,0.313781314,0.000306427,0.000011672,0.000485308,1
warmup,15,15,tree,0,1024,12288,0.304882330,0.000297737,0.000011060,0.000467448,1
warmup,16,16,tree,0,1024,12288,0.314949389,0.000307568,0.000009037,0.000476011,1
warmup,17,17,tree,0,1024,12288,0.309601157,0.000302345,0.000010831,0.000465585,1
warmup,18,18,tree,0,1024,12288,0.309249719,0.000302002,0.000014437,0.000470204,1
warmup,19,19,tree,0,1024,12288,0.302950425,0.000295850,0.000011041,0.000520318,1
warmup,20,20,tree,0,1024,12288,0.312057107,0.000304743,0.000014737,0.000468237,1
warmup,21,21,tree,0,1024,12288,0.305864459,0.000298696,0.000011030,0.000450896,1
warmup,22,22,tree,0,1024,12288,0.311138522,0.000303846,0.000009067,0.000498635,1
warmup,23,23,tree,0,1024,12288,0.301402942,0.000294339,0.000010931,0.000456627,1
warmup,24,24,tree,0,1024,12288,0.311892270,0.000304582,0.000013135,0.000484227,1
warmup,25,25,tree,0,1024,12288,0.306966608,0.000299772,0.000010991,0.000464834,1
warmup,26,26,tree,0,1024,12288,0.316430478,0.000309014,0.000011422,0.000493253,1
warmup,27,27,tree,0,1024,12288,0.309123196,0.000301878,0.000008967,0.000462559,1
warmup,28,28,tree,0,1024,12288,0.307804033,0.000300590,0.000011883,0.000485943,1
warmup,29,29,tree,0,1024,12288,0.307327549,0.000300125,0.000011011,0.000459664,1
warmup,30,30,tree,0,1024,12288,0.310789114,0.000303505,0.000012173,0.000493938,1
warmup,31,31,tree,0,1024,12288,0.303065751,0.000295963,0.000011301,0.000451427,1
warmup,32,32,tree,0,1024,12288,0.303950860,0.000296827,0.000012213,0.000503482,1
warmup,33,33,tree,0,1024,12288,0.304842918,0.000297698,0.000010870,0.000462896,1
warmup,34,34,tree,0,1024,12288,0.312038800,0.000304725,0.000012353,0.000478015,1
warmup,35,35,tree,0,1024,12288,0.304010653,0.000296885,0.000011341,0.000489286,1
warmup,36,36,tree,0,1024,12288,0.313839373,0.000306484,0.000009027,0.000483746,1
warmup,37,37,tree,0,1024,12288,0.297785954,0.000290807,0.000009158,0.000461644,1
warmup,38,38,tree,0,1024,12288,0.306209919,0.000299033,0.000011572,0.000469679,1
warmup,39,39,tree,0,1024,12288,0.307050130,0.000299854,0.000008887,0.000460873,1
warmup,40,40,tree,0,1024,12288,0.314095945,0.000306734,0.000010931,0.000497601,1
warmup,41,41,tree,0,1024,12288,0.303708077,0.000296590,0.000011282,0.000456258,1
warmup,42,42,tree,0,1024,12288,0.309971207,0.000302706,0.000014337,0.000485831,1
warmup,43,43,tree,0,1024,12288,0.310551137,0.000303273,0.000012042,0.000456656,1
warmup,44,44,tree,0,1024,12288,0.308575931,0.000301344,0.000012433,0.000472145,1
warmup,45,45,tree,0,1024,12288,0.302477606,0.000295388,0.000009087,0.000473149,1
warmup,46,46,tree,0,1024,12288,0.313425620,0.000306080,0.000009056,0.000492803,1
warmup,47,47,tree,0,1024,12288,0.307033160,0.000299837,0.000009057,0.000457490,1
warmup,48,48,tree,0,1024,12288,0.316912287,0.000309485,0.000015940,0.000496971,1
warmup,49,49,tree,0,1024,12288,0.305877521,0.000298709,0.000012443,0.000517532,1
actual,0,50,tree,0,1024,12288,0.301235342,0.000294175,0.000013846,0.000478887,1
actual,1,51,tree,0,1024,12288,0.300818979,0.000293769,0.000008796,0.000470260,1
actual,2,52,tree,0,1024,12288,0.309674036,0.000302416,0.000014708,0.000492071,1
actual,3,53,tree,0,1024,12288,0.308660210,0.000301426,0.000011000,0.000453601,1
actual,4,54,tree,0,1024,12288,0.309452213,0.000302199,0.000011782,0.000472216,1
actual,5,55,tree,0,1024,12288,0.303719820,0.000296601,0.000010219,0.000455476,1
actual,6,56,tree,0,1024,12288,0.310048892,0.000302782,0.000012163,0.000468277,1
actual,7,57,tree,0,1024,12288,0.305574117,0.000298412,0.000011151,0.000473046,1
actual,8,58,tree,0,1024,12288,0.300630956,0.000293585,0.000014277,0.000486040,1
actual,9,59,tree,0,1024,12288,0.301934740,0.000294858,0.000011862,0.000472083,1
actual,10,60,tree,0,1024,12288,0.308781103,0.000301544,0.000014908,0.000467045,1
actual,11,61,tree,0,1024,12288,0.302077565,0.000294998,0.000011040,0.000455476,1
actual,12,62,tree,0,1024,12288,0.311674622,0.000304370,0.000016911,0.000492422,1
actual,13,63,tree,0,1024,12288,0.306299650,0.000299121,0.000008536,0.000490318,1
actual,14,64,tree,0,1024,12288,0.310001915,0.000302736,0.000011912,0.000496910,1
actual,15,65,tree,0,1024,12288,0.305897149,0.000298728,0.000012083,0.000470500,1
actual,16,66,tree,0,1024,12288,0.310889807,0.000303603,0.000011993,0.000484891,1
actual,17,67,tree,0,1024,12288,0.306026268,0.000298854,0.000011351,0.000442993,1
actual,18,68,tree,0,1024,12288,0.308198642,0.000300975,0.000014617,0.000478198,1
actual,19,69,tree,0,1024,12288,0.306102610,0.000298928,0.000009438,0.000449292,1
actual,20,70,tree,0,1024,12288,0.310914964,0.000303628,0.000008787,0.000478456,1
actual,21,71,tree,0,1024,12288,0.303989572,0.000296865,0.000011251,0.000458381,1
actual,22,72,tree,0,1024,12288,0.305526202,0.000298365,0.000011041,0.000481642,1
actual,23,73,tree,0,1024,12288,0.305548169,0.000298387,0.000008847,0.000485439,1
actual,24,74,tree,0,1024,12288,0.310040967,0.000302774,0.000012453,0.000481522,1
actual,25,75,tree,0,1024,12288,0.309308585,0.000302059,0.000011021,0.000454661,1
actual,26,76,tree,0,1024,12288,0.311456947,0.000304157,0.000016251,0.000459031,1
actual,27,77,tree,0,1024,12288,0.297383796,0.000290414,0.000008876,0.000444512,1
actual,28,78,tree,0,1024,12288,0.309767918,0.000302508,0.000012944,0.000472727,1
actual,29,79,tree,0,1024,12288,0.305709051,0.000298544,0.000010921,0.000454865,1
actual,30,80,tree,0,1024,12288,0.310429894,0.000303154,0.000008796,0.000519234,1
actual,31,81,tree,0,1024,12288,0.306216022,0.000299039,0.000011471,0.000451168,1
actual,32,82,tree,0,1024,12288,0.316440701,0.000309024,0.000016030,0.000507841,1
actual,33,83,tree,0,1024,12288,0.300173403,0.000293138,0.000009217,0.000446158,1
actual,34,84,tree,0,1024,12288,0.312234919,0.000304917,0.000011662,0.000501951,1
actual,35,85,tree,0,1024,12288,0.306606977,0.000299421,0.000011211,0.000455597,1
actual,36,86,tree,0,1024,12288,0.310891488,0.000303605,0.000009508,0.000483555,1
actual,37,87,tree,0,1024,12288,0.298738792,0.000291737,0.000010960,0.000443925,1
actual,38,88,tree,0,1024,12288,0.300377425,0.000293337,0.000012153,0.000481592,1
actual,39,89,tree,0,1024,12288,0.315386087,0.000307994,0.000009398,0.000479097,1
actual,40,90,tree,0,1024,12288,0.317215527,0.000309781,0.000009087,0.000489897,1
actual,41,91,tree,0,1024,12288,0.300906582,0.000293854,0.000011662,0.000472347,1
actual,42,92,tree,0,1024,12288,0.303267024,0.000296159,0.000014918,0.000483345,1
actual,43,93,tree,0,1024,12288,0.304326981,0.000297194,0.000011231,0.000446058,1
actual,44,94,tree,0,1024,12288,0.312579063,0.000305253,0.000009357,0.000479077,1
actual,45,95,tree,0,1024,12288,0.301594689,0.000294526,0.000009077,0.000452848,1
actual,46,96,tree,0,1024,12288,0.316778888,0.000309354,0.000009187,0.000478456,1
actual,47,97,tree,0,1024,12288,0.300946949,0.000293894,0.000009338,0.000451650,1
actual,48,98,tree,0,1024,12288,0.313232076,0.000305891,0.000010931,0.000476154,1
actual,49,99,tree,0,1024,12288,0.307868644,0.000300653,0.000008847,0.000483675,1
warmup,0,0,tree,0,1024,16384,0.312704208,0.000305375,0.000014627,0.000482673,1
warmup,1,1,tree,0,1024,16384,0.311330582,0.000304034,0.000010781,0.000450466,1
warmup,2,2,tree,0,1024,16384,0.309732277,0.000302473,0.000014527,0.000443512,1
warmup,3,3,tree,0,1024,16384,0.311157894,0.000303865,0.000011100,0.000454321,1
warmup,4,4,tree,0,1024,16384,0.316595845,0.000309176,0.000016281,0.000474229,1
warmup,5,5,tree,0,1024,16384,0.307024315,0.000299828,0.000011150,0.000444665,1
warmup,6,6,tree,0,1024,16384,0.313682559,0.000306331,0.000016240,0.000482183,1
warmup,7,7,tree,0,1024,16384,0.317425976,0.000309986,0.000011030,0.000555333,1
warmup,8,8,tree,0,1024,16384,0.306535146,0.000299351,0.000010960,0.000464864,1
warmup,9,9,tree,0,1024,16384,0.307005243,0.000299810,0.000008907,0.000444014,1
warmup,10,10,tree,0,1024,16384,0.312645168,0.000305318,0.000011040,0.000478666,1
warmup,11,11,tree,0,1024,16384,0.309601842,0.000302346,0.000010750,0.000445788,1
warmup,12,12,tree,0,1024,16384,0.321767552,0.000314226,0.000011351,0.000464239,1
warmup,13,13,tree,0,1024,16384,0.318267767,0.000310808,0.000010931,0.000454443,1
warmup,14,14,tree,0,1024,16384,0.312514236,0.000305190,0.000009107,0.000473626,1
warmup,15,15,tree,0,1024,16384,0.310108188,0.000302840,0.000010980,0.000458579,1
warmup,16,16,tree,0,1024,16384,0.318342790,0.000310882,0.000014768,0.000467246,1
warmup,17,17,tree,0,1024,16384,0.308908640,0.000301669,0.000011592,0.000468841,1
warmup,18,18,tree,0,1024,16384,0.309652725,0.000302395,0.000009077,0.000471496,1
warmup,19,19,tree,0,1024,16384,0.307203310,0.000300003,0.000015719,0.000453382,1
warmup,20,20,tree,0,1024,16384,0.312356825,0.000305036,0.000008976,0.000483215,1
warmup,21,21,tree,0,1024,16384,0.308285768,0.000301060,0.000011051,0.000467276,1
warmup,22,22,tree,0,1024,16384,0.314221296,0.000306857,0.000012634,0.000495558,1
warmup,23,23,tree,0,1024,16384,0.306706364,0.000299518,0.000008946,0.000455214,1
warmup,24,24,tree,0,1024,16384,0.317385135,0.000309946,0.000011111,0.000471335,1
warmup,25,25,tree,0,1024,16384,0.309070431,0.000301827,0.000011041,0.000447922,1
warmup,26,26,tree,0,1024,16384,0.323498639,0.000315917,0.000011151,0.000477186,1
warmup,27,27,tree,0,1024,16384,0.305774621,0.000298608,0.000011131,0.000443933,1
warmup,28,28,tree,0,1024,16384,0.313325200,0.000305982,0.000012704,0.000456234,1
warmup,29,29,tree,0,1024,16384,0.307639230,0.000300429,0.000010901,0.000456298,1
warmup,30,30,tree,0,1024,16384,0.313292715,0.000305950,0.000011441,0.000464452,1
warmup,31,31,tree,0,1024,16384,0.307081782,0.000299885,0.000009107,0.000458950,1
warmup,32,32,tree,0,1024,16384,0.317225325,0.000309790,0.000014707,0.000467006,1
warmup,33,33,tree,0,1024,16384,0.306329543,0.000299150,0.000012263,0.000502314,1
warmup,34,34,tree,0,1024,16384,0.301961063,0.000294884,0.000014117,0.000468477,1
warmup,35,35,tree,0,1024,16384,0.305114400,0.000297963,0.000010991,0.000437462,1
warmup,36,36,tree,0,1024,16384,0.312548139,0.000305223,0.000011421,0.000485679,1
warmup,37,37,tree,0,1024,16384,0.306042548,0.000298870,0.000009037,0.000448260,1
warmup,38,38,tree,0,1024,16384,0.309490235,0.000302237,0.000011050,0.000523322,1
warmup,39,39,tree,0,1024,16384,0.310073905,0.000302807,0.000010710,0.000435979,1
warmup,40,40,tree,0,1024,16384,0.308856757,0.000301618,0.000011150,0.000464941,1
warmup,41,41,tree,0,1024,16384,0.306486503,0.000299303,0.000010810,0.000455847,1
warmup,42,42,tree,0,1024,16384,0.306141154,0.000298966,0.000013375,0.000478997,1
warmup,43,43,tree,0,1024,16384,0.308005228,0.000300786,0.000011281,0.000459842,1
warmup,44,44,tree,0,1024,16384,0.317399823,0.000309961,0.000014928,0.000479700,1
warmup,45,45,tree,0,1024,16384,0.313358438,0.000306014,0.000010831,0.000438765,1
warmup,46,46,tree,0,1024,16384,0.318942154,0.000311467,0.000011281,0.000450727,1
warmup,47,47,tree,0,1024,16384,0.308156842,0.000300934,0.000010860,0.000437371,1
warmup,48,48,tree,0,1024,16384,0.313601727,0.000306252,0.000014727,0.000474752,1
warmup,49,49,tree,0,1024,16384,0.309785108,0.000302525,0.000011030,0.000456067,1
actual,0,50,tree,0,1024,16384,0.309481929,0.000302228,0.000016421,0.000493654,1
actual,1,51,tree,0,1024,16384,0.304297212,0.000297165,0.000010970,0.000456746,1
actual,2,52,tree,0,1024,16384,0.311676524,0.000304372,0.000010941,0.000480320,1
actual,3,53,tree,0,1024,16384,0.310030680,0.000302764,0.000012413,0.000469840,1
actual,4,54,tree,0,1024,16384,0.317266106,0.000309830,0.000010720,0.000491411,1
actual,5,55,tree,0,1024,16384,0.305628724,0.000298466,0.000011021,0.000428023,1
actual,6,56,tree,0,1024,16384,0.311148113,0.000303856,0.000016571,0.000468209,1
actual,7,57,tree,0,1024,16384,0.305144422,0.000297993,0.000010991,0.000454495,1
actual,8,58,tree,0,1024,16384,0.318377020,0.000310915,0.000011111,0.000469480,1
actual,9,59,tree,0,1024,16384,0.308864424,0.000301625,0.000011060,0.000447437,1
actual,10,60,tree,0,1024,16384,0.308270153,0.000301045,0.000016130,0.000435848,1
actual,11,61,tree,0,1024,16384,0.311179149,0.000303886,0.000012644,0.000455004,1
actual,12,62,tree,0,1024,16384,0.313371680,0.000306027,0.000013696,0.000475179,1
actual,13,63,tree,0,1024,16384,0.311214794,0.000303921,0.000011061,0.000461988,1
actual,14,64,tree,0,1024,16384,0.311988582,0.000304676,0.000011993,0.000468117,1
actual,15,65,tree,0,1024,16384,0.308597515,0.000301365,0.000010740,0.000456625,1
actual,16,66,tree,0,1024,16384,0.310258597,0.000302987,0.000011912,0.000449955,1
actual,17,67,tree,0,1024,16384,0.309403412,0.000302152,0.000011141,0.000452319,1
actual,18,68,tree,0,1024,16384,0.317574386,0.000310131,0.000013986,0.000449052,1
actual,19,69,tree,0,1024,16384,0.308410783,0.000301182,0.000011702,0.000447019,1
actual,20,70,tree,0,1024,16384,0.308512860,0.000301282,0.000016060,0.000471794,1
actual,21,71,tree,0,1024,16384,0.312567792,0.000305242,0.000010861,0.000481154,1
actual,22,72,tree,0,1024,16384,0.310216150,0.000302945,0.000009137,0.000454104,1
actual,23,73,tree,0,1024,16384,0.310898339,0.000303612,0.000011031,0.000443864,1
actual,24,74,tree,0,1024,16384,0.314982003,0.000307600,0.000011712,0.000463118,1
actual,25,75,tree,0,1024,16384,0.302562304,0.000295471,0.000011010,0.000438231,1
actual,26,76,tree,0,1024,16384,0.323598143,0.000316014,0.000011031,0.000491934,1
actual,27,77,tree,0,1024,16384,0.310566097,0.000303287,0.000011331,0.000461173,1
actual,28,78,tree,0,1024,16384,0.313115747,0.000305777,0.000011311,0.000458591,1
actual,29,79,tree,0,1024,16384,0.311831406,0.000304523,0.000009888,0.000475571,1
actual,30,80,tree,0,1024,16384,0.312284304,0.000304965,0.000010880,0.000468521,1
actual,31,81,tree,0,1024,16384,0.310557504,0.000303279,0.000011110,0.000487212,1
actual,32,82,tree,0,1024,16384,0.315121524,0.000307736,0.000011301,0.000466978,1
actual,33,83,tree,0,1024,16384,0.307751904,0.000300539,0.000011011,0.000444324,1
actual,34,84,tree,0,1024,16384,0.311701367,0.000304396,0.000010590,0.000461214,1
actual,35,85,tree,0,1024,16384,0.309578328,0.000302323,0.000010851,0.000447020,1
actual,36,86,tree,0,1024,16384,0.316109704,0.000308701,0.000010960,0.000497612,1
actual,37,87,tree,0,1024,16384,0.310558319,0.000303280,0.000010930,0.000452561,1
actual,38,88,tree,0,1024,16384,0.314718329,0.000307342,0.000011150,0.000461748,1
actual,39,89,tree,0,1024,16384,0.303938320,0.000296815,0.000010710,0.000433294,1
actual,40,90,tree,0,1024,16384,0.316575052,0.000309155,0.000011482,0.000483345,1
actual,41,91,tree,0,1024,16384,0.310343494,0.000303070,0.000011131,0.000490919,1
actual,42,92,tree,0,1024,16384,0.306328849,0.000299149,0.000009107,0.000449193,1
actual,43,93,tree,0,1024,16384,0.306404419,0.000299223,0.000011061,0.000437252,1
actual,44,94,tree,0,1024,16384,0.314127856,0.000306765,0.000011581,0.000464902,1
actual,45,95,tree,0,1024,16384,0.312121155,0.000304806,0.000011211,0.000464191,1
actual,46,96,tree,0,1024,16384,0.316271839,0.000308859,0.000011221,0.000456444,1
actual,47,97,tree,0,1024,16384,0.308240885,0.000301016,0.000010910,0.000471414,1
actual,48,98,tree,0,1024,16384,0.317154172,0.000309721,0.000009017,0.000501769,1
actual,49,99,tree,0,1024,16384,0.310891869,0.000303605,0.000011251,0.000456558,1
warmup,0,0,tree,0,1024,24576,0.342215273,0.000334195,0.000013255,0.000502282,1
warmup,1,1,tree,0,1024,24576,0.462507291,0.000451667,0.000013185,0.000610695,1
warmup,2,2,tree,0,1024,24576,0.335639513,0.000327773,0.000015600,0.000469102,1
warmup,3,3,tree,0,1024,24576,0.332785432,0.000324986,0.000013255,0.000470823,1
warmup,4,4,tree,0,1024,24576,0.340444236,0.000332465,0.000013825,0.000496099,1
warmup,5,5,tree,0,1024,24576,0.329011204,0.000321300,0.000012654,0.000459831,1
warmup,6,6,tree,0,1024,24576,0.335488098,0.000327625,0.000018304,0.000505005,1
warmup,7,7,tree,0,1024,24576,0.336467762,0.000328582,0.000011011,0.000509828,1
warmup,8,8,tree,0,1024,24576,0.334903929,0.000327055,0.000012233,0.000469871,1
warmup,9,9,tree,0,1024,24576,0.327132332,0.000319465,0.000013485,0.000467459,1
warmup,10,10,tree,0,1024,24576,0.336948975,0.000329052,0.000017603,0.000490339,1
warmup,11,11,tree,0,1024,24576,0.334761383,0.000326915,0.000012924,0.000487435,1
warmup,12,12,tree,0,1024,24576,0.333479863,0.000325664,0.000013124,0.000487012,1
warmup,13,13,tree,0,1024,24576,0.336318736,0.000328436,0.000010940,0.000477886,1
warmup,14,14,tree,0,1024,24576,0.332781309,0.000324982,0.000016190,0.000473860,1
warmup,15,15,tree,0,1024,24576,0.328734873,0.000321030,0.000011221,0.000471938,1
warmup,16,16,tree,0,1024,24576,0.335297983,0.000327439,0.000012994,0.000496690,1
warmup,17,17,tree,0,1024,24576,0.334000944,0.000326173,0.000011031,0.000508522,1
warmup,18,18,tree,0,1024,24576,0.333782090,0.000325959,0.000015019,0.000487434,1
warmup,19,19,tree,0,1024,24576,0.326157189,0.000318513,0.000010640,0.000473448,1
warmup,20,20,tree,0,1024,24576,0.333843616,0.000326019,0.000014838,0.000484020,1
warmup,21,21,tree,0,1024,24576,0.339128129,0.000331180,0.000013135,0.000490692,1
warmup,22,22,tree,0,1024,24576,0.336226955,0.000328347,0.000016311,0.000473780,1
warmup,23,23,tree,0,1024,24576,0.337416698,0.000329508,0.000012733,0.000478447,1
warmup,24,24,tree,0,1024,24576,0.331885225,0.000324107,0.000010810,0.000477986,1
warmup,25,25,tree,0,1024,24576,0.332180040,0.000324395,0.000013094,0.000471775,1
warmup,26,26,tree,0,1024,24576,0.333364137,0.000325551,0.000015770,0.000492953,1
warmup,27,27,tree,0,1024,24576,0.333809613,0.000325986,0.000013014,0.000475874,1
warmup,28,28,tree,0,1024,24576,0.338969864,0.000331025,0.000010710,0.000502931,1
warmup,29,29,tree,0,1024,24576,0.333808368,0.000325985,0.000011171,0.000462630,1
warmup,30,30,tree,0,1024,24576,0.333019192,0.000325214,0.000016211,0.000476134,1
warmup,31,31,tree,0,1024,24576,0.334372982,0.000326536,0.000010991,0.000490028,1
warmup,32,32,tree,0,1024,24576,0.330954741,0.000323198,0.000010971,0.000468529,1
warmup,33,33,tree,0,1024,24576,0.335657100,0.000327790,0.000013145,0.000489409,1
warmup,34,34,tree,0,1024,24576,0.336943902,0.000329047,0.000018074,0.000477778,1
warmup,35,35,tree,0,1024,24576,0.336790062,0.000328897,0.000010890,0.000477224,1
warmup,36,36,tree,0,1024,24576,0.331662456,0.000323889,0.000010580,0.000501910,1
warmup,37,37,tree,0,1024,24576,0.335734778,0.000327866,0.000010841,0.000476996,1
warmup,38,38,tree,0,1024,24576,0.339526407,0.000331569,0.000016170,0.000513020,1
warmup,39,39,tree,0,1024,24576,0.332959344,0.000325156,0.000010780,0.000529064,1
warmup,40,40,tree,0,1024,24576,0.330623741,0.000322875,0.000013265,0.000488234,1
warmup,41,41,tree,0,1024,24576,0.337626732,0.000329714,0.000012975,0.000479982,1
warmup,42,42,tree,0,1024,24576,0.334125386,0.000326294,0.000016321,0.000478297,1
warmup,43,43,tree,0,1024,24576,0.336584270,0.000328696,0.000011552,0.000488528,1
warmup,44,44,tree,0,1024,24576,0.332328362,0.000324539,0.000016521,0.000493215,1
warmup,45,45,tree,0,1024,24576,0.330945902,0.000323189,0.000013245,0.000502140,1
warmup,46,46,tree,0,1024,24576,0.336204948,0.000328325,0.000012744,0.000502073,1
warmup,47,47,tree,0,1024,24576,0.336359947,0.000328477,0.000013235,0.000476373,1
warmup,48,48,tree,0,1024,24576,0.328449952,0.000320752,0.000012834,0.000470002,1
warmup,49,49,tree,0,1024,24576,0.333652044,0.000325832,0.000012844,0.000485198,1
actual,0,50,tree,0,1024,24576,0.330378010,0.000322635,0.000013776,0.000499115,1
actual,1,51,tree,0,1024,24576,0.338848625,0.000330907,0.000013125,0.000467178,1
actual,2,52,tree,0,1024,24576,0.337114076,0.000329213,0.000018134,0.000523019,1
actual,3,53,tree,0,1024,24576,0.334887716,0.000327039,0.000012884,0.000509393,1
actual,4,54,tree,0,1024,24576,0.331336476,0.000323571,0.000011972,0.000482563,1
actual,5,55,tree,0,1024,24576,0.334991487,0.000327140,0.000010850,0.000524011,1
actual,6,56,tree,0,1024,24576,0.329614502,0.000321889,0.000013556,0.000464523,1
actual,7,57,tree,0,1024,24576,0.332414524,0.000324624,0.000010941,0.000479612,1
actual,8,58,tree,0,1024,24576,0.330416969,0.000322673,0.000016101,0.000461967,1
actual,9,59,tree,0,1024,24576,0.338054994,0.000330132,0.000014738,0.000487203,1
actual,10,60,tree,0,1024,24576,0.336727127,0.000328835,0.000016801,0.000521085,1
actual,11,61,tree,0,1024,24576,0.330412518,0.000322668,0.000012733,0.000460243,1
actual,12,62,tree,0,1024,24576,0.332370775,0.000324581,0.000018054,0.000500768,1
actual,13,63,tree,0,1024,24576,0.329197831,0.000321482,0.000012794,0.000473389,1
actual,14,64,tree,0,1024,24576,0.342026155,0.000334010,0.000013065,0.000494868,1
actual,15,65,tree,0,1024,24576,0.329378897,0.000321659,0.000012904,0.000467877,1
actual,16,66,tree,0,1024,24576,0.336550524,0.000328663,0.000013916,0.000478419,1
actual,17,67,tree,0,1024,24576,0.335256538,0.000327399,0.000010940,0.000490810,1
actual,18,68,tree,0,1024,24576,0.339142045,0.000331193,0.000016121,0.000510476,1
actual,19,69,tree,0,1024,24576,0.338228536,0.000330301,0.000011121,0.000478789,1
actual,20,70,tree,0,1024,24576,0.332391591,0.000324601,0.000011291,0.000466525,1
actual,21,71,tree,0,1024,24576,0.330690160,0.000322940,0.000012814,0.000464199,1
actual,22,72,tree,0,1024,24576,0.331070436,0.000323311,0.000011031,0.000509003,1
actual,23,73,tree,0,1024,24576,0.331697119,0.000323923,0.000011211,0.000475083,1
actual,24,74,tree,0,1024,24576,0.340682001,0.000332697,0.000016380,0.000513621,1
actual,25,75,tree,0,1024,24576,0.330167757,0.000322429,0.000010791,0.000471492,1
actual,26,76,tree,0,1024,24576,0.330883750,0.000323129,0.000010840,0.000509244,1
actual,27,77,tree,0,1024,24576,0.338718606,0.000330780,0.000013205,0.000484189,1
actual,28,78,tree,0,1024,24576,0.337685731,0.000329771,0.000013255,0.000518591,1
actual,29,79,tree,0,1024,24576,0.326305619,0.000318658,0.000013536,0.000470524,1
actual,30,80,tree,0,1024,24576,0.332049307,0.000324267,0.000013415,0.000478839,1
actual,31,81,tree,0,1024,24576,0.338080557,0.000330157,0.000010980,0.000488829,1
actual,32,82,tree,0,1024,24576,0.332104872,0.000324321,0.000018174,0.000484811,1
actual,33,83,tree,0,1024,24576,0.335689438,0.000327822,0.000012784,0.000467697,1
actual,34,84,tree,0,1024,24576,0.330111839,0.000322375,0.000012924,0.000497331,1
actual,35,85,tree,0,1024,24576,0.331518640,0.000323749,0.000010980,0.000470785,1
actual,36,86,tree,0,1024,24576,0.333527081,0.000325710,0.000013085,0.000471255,1
actual,37,87,tree,0,1024,24576,0.334524136,0.000326684,0.000013445,0.000485160,1
actual,38,88,tree,0,1024,24576,0.335090191,0.000327237,0.000011101,0.000512189,1
actual,39,89,tree,0,1024,24576,0.334122974,0.000326292,0.000013405,0.000476392,1
actual,40,90,tree,0,1024,24576,0.337533431,0.000329622,0.000016010,0.000488497,1
actual,41,91,tree,0,1024,24576,0.330835280,0.000323081,0.000012613,0.000469302,1
actual,42,92,tree,0,1024,24576,0.330401406,0.000322658,0.000016391,0.000479982,1
actual,43,93,tree,0,1024,24576,0.329403338,0.000321683,0.000012723,0.000480449,1
actual,44,94,tree,0,1024,24576,0.332240636,0.000324454,0.000011130,0.000480163,1
actual,45,95,tree,0,1024,24576,0.331752932,0.000323977,0.000010690,0.000468520,1
actual,46,96,tree,0,1024,24576,0.335528352,0.000327664,0.000011060,0.000483419,1
actual,47,97,tree,0,1024,24576,0.327234583,0.000319565,0.000010861,0.000465615,1
actual,48,98,tree,0,1024,24576,0.334919877,0.000327070,0.000016551,0.000502735,1
actual,49,99,tree,0,1024,24576,0.335581247,0.000327716,0.000013395,0.000476175,1
warmup,0,0,tree,0,1024,32768,0.382718963,0.000373749,0.000014246,0.000621792,1
warmup,1,1,tree,0,1024,32768,0.366220023,0.000357637,0.000012974,0.000545772,1
warmup,2,2,tree,0,1024,32768,0.364841211,0.000356290,0.000015189,0.000519585,1
warmup,3,3,tree,0,1024,32768,0.371768961,0.000363056,0.000014728,0.000529575,1
warmup,4,4,tree,0,1024,32768,0.361473290,0.000353001,0.000013596,0.000500699,1
warmup,5,5,tree,0,1024,32768,0.361761970,0.000353283,0.000012985,0.000520257,1
warmup,6,6,tree,0,1024,32768,0.370871056,0.000362179,0.000014708,0.000529364,1
warmup,7,7,tree,0,1024,32768,0.376041050,0.000367228,0.000013174,0.000541608,1
warmup,8,8,tree,0,1024,32768,0.369075078,0.000360425,0.000015328,0.000513214,1
warmup,9,9,tree,0,1024,32768,0.375181136,0.000366388,0.000012964,0.000533851,1
warmup,10,10,tree,0,1024,32768,0.369601011,0.000360938,0.000013084,0.000528413,1
warmup,11,11,tree,0,1024,32768,0.374624622,0.000365844,0.000013074,0.000534772,1
warmup,12,12,tree,0,1024,32768,0.373913031,0.000365149,0.000017082,0.000527720,1
warmup,13,13,tree,0,1024,32768,0.367852076,0.000359231,0.000013145,0.000511932,1
warmup,14,14,tree,0,1024,32768,0.362833701,0.000354330,0.000016501,0.000525538,1
warmup,15,15,tree,0,1024,32768,0.376560215,0.000367735,0.000013385,0.000526410,1
warmup,16,16,tree,0,1024,32768,0.371322303,0.000362619,0.000014417,0.000512062,1
warmup,17,17,tree,0,1024,32768,0.365597916,0.000357029,0.000013074,0.000533353,1
warmup,18,18,tree,0,1024,32768,0.362449354,0.000353954,0.000012062,0.000522031,1
warmup,19,19,tree,0,1024,32768,0.367028261,0.000358426,0.000013646,0.000515278,1
warmup,20,20,tree,0,1024,32768,0.371068176,0.000362371,0.000018524,0.000529675,1
warmup,21,21,tree,0,1024,32768,0.366692449,0.000358098,0.000012784,0.000513694,1
warmup,22,22,tree,0,1024,32768,0.366832245,0.000358235,0.000013044,0.000513495,1
warmup,23,23,tree,0,1024,32768,0.374789728,0.000366006,0.000013034,0.000522230,1
warmup,24,24,tree,0,1024,32768,0.367175119,0.000358569,0.000014036,0.000518535,1
warmup,25,25,tree,0,1024,32768,0.371463572,0.000362757,0.000013055,0.000517623,1
warmup,26,26,tree,0,1024,32768,0.366742035,0.000358147,0.000013105,0.000512500,1
warmup,27,27,tree,0,1024,32768,0.363694552,0.000355170,0.000012875,0.000549773,1
warmup,28,28,tree,0,1024,32768,0.365628113,0.000357059,0.000012995,0.000546004,1
warmup,29,29,tree,0,1024,32768,0.368421879,0.000359787,0.000015118,0.000526079,1
warmup,30,30,tree,0,1024,32768,0.371849247,0.000363134,0.000012693,0.000510729,1
warmup,31,31,tree,0,1024,32768,0.369251772,0.000360597,0.000012814,0.000522922,1
warmup,32,32,tree,0,1024,32768,0.371298900,0.000362597,0.000015619,0.000525415,1
warmup,33,33,tree,0,1024,32768,0.370472774,0.000361790,0.000013014,0.000604933,1
warmup,34,34,tree,0,1024,32768,0.362390238,0.000353897,0.000013816,0.000526185,1
warmup,35,35,tree,0,1024,32768,0.370187849,0.000361512,0.000012874,0.000521670,1
warmup,36,36,tree,0,1024,32768,0.368923328,0.000360277,0.000012714,0.000550473,1
warmup,37,37,tree,0,1024,32768,0.363825648,0.000355298,0.000012764,0.000523574,1
warmup,38,38,tree,0,1024,32768,0.365227612,0.000356668,0.000018544,0.000542897,1
warmup,39,39,tree,0,1024,32768,0.368739614,0.000360097,0.000012984,0.000520368,1
warmup,40,40,tree,0,1024,32768,0.364990297,0.000356436,0.000014928,0.000522641,1
warmup,41,41,tree,0,1024,32768,0.365699489,0.000357128,0.000013496,0.000519616,1
warmup,42,42,tree,0,1024,32768,0.363463230,0.000354945,0.000012875,0.000502230,1
warmup,43,43,tree,0,1024,32768,0.369677207,0.000361013,0.000015098,0.000527061,1
warmup,44,44,tree,0,1024,32768,0.373447348,0.000364695,0.000012985,0.000541273,1
warmup,45,45,tree,0,1024,32768,0.371498378,0.000362791,0.000012844,0.000516288,1
warmup,46,46,tree,0,1024,32768,0.368272189,0.000359641,0.000014848,0.000538039,1
warmup,47,47,tree,0,1024,32768,0.364152058,0.000355617,0.000012904,0.000526498,1
warmup,48,48,tree,0,1024,32768,0.380143453,0.000371234,0.000021340,0.000567775,1
warmup,49,49,tree,0,1024,32768,0.374307408,0.000365535,0.000012804,0.000535727,1
actual,0,50,tree,0,1024,32768,0.366840804,0.000358243,0.000014047,0.000508174,1
actual,1,51,tree,0,1024,32768,0.361090830,0.000352628,0.000013165,0.000550022,1
actual,2,52,tree,0,1024,32768,0.374213145,0.000365443,0.000013796,0.000515024,1
actual,3,53,tree,0,1024,32768,0.376676899,0.000367849,0.000015028,0.000519136,1
actual,4,54,tree,0,1024,32768,0.363396471,0.000354879,0.000016190,0.000530736,1
actual,5,55,tree,0,1024,32768,0.368073724,0.000359447,0.000013025,0.000534703,1
actual,6,56,tree,0,1024,32768,0.365642671,0.000357073,0.000014057,0.000519124,1
actual,7,57,tree,0,1024,32768,0.373256365,0.000364508,0.000015239,0.000512904,1
actual,8,58,tree,0,1024,32768,0.368719431,0.000360078,0.000018575,0.000524052,1
actual,9,59,tree,0,1024,32768,0.367434014,0.000358822,0.000014818,0.000538651,1
actual,10,60,tree,0,1024,32768,0.368050640,0.000359424,0.000018185,0.000534064,1
actual,11,61,tree,0,1024,32768,0.367039160,0.000358437,0.000012714,0.000521959,1
actual,12,62,tree,0,1024,32768,0.363966881,0.000355436,0.000012924,0.000545221,1
actual,13,63,tree,0,1024,32768,0.368394933,0.000359761,0.000014968,0.000515948,1
actual,14,64,tree,0,1024,32768,0.369591102,0.000360929,0.000013165,0.000512102,1
actual,15,65,tree,0,1024,32768,0.367299778,0.000358691,0.000016190,0.000526429,1
actual,16,66,tree,0,1024,32768,0.368509580,0.000359873,0.000020519,0.000522390,1
actual,17,67,tree,0,1024,32768,0.362385031,0.000353892,0.000012975,0.000505911,1
actual,18,68,tree,0,1024,32768,0.376528719,0.000367704,0.000018205,0.000532090,1
actual,19,69,tree,0,1024,32768,0.366280834,0.000357696,0.000013034,0.000525668,1
actual,20,70,tree,0,1024,32768,0.367138603,0.000358534,0.000013325,0.000524673,1
actual,21,71,tree,0,1024,32768,0.366321324,0.000357736,0.000013264,0.000511369,1
actual,22,72,tree,0,1024,32768,0.366775307,0.000358179,0.000013305,0.000536829,1
actual,23,73,tree,0,1024,32768,0.365667836,0.000357097,0.000013054,0.000516479,1
actual,24,74,tree,0,1024,32768,0.367034384,0.000358432,0.000016430,0.000510750,1
actual,25,75,tree,0,1024,32768,0.371362389,0.000362659,0.000012794,0.000524684,1
actual,26,76,tree,0,1024,32768,0.369596894,0.000360934,0.000013545,0.000523374,1
actual,27,77,tree,0,1024,32768,0.367822312,0.000359201,0.000012914,0.000523715,1
actual,28,78,tree,0,1024,32768,0.368020084,0.000359395,0.000012914,0.000530776,1
actual,29,79,tree,0,1024,32768,0.368545984,0.000359908,0.000014788,0.000518985,1
actual,30,80,tree,0,1024,32768,0.367315481,0.000358707,0.000016641,0.000521198,1
actual,31,81,tree,0,1024,32768,0.365166968,0.000356608,0.000013075,0.000509204,1
actual,32,82,tree,0,1024,32768,0.368225793,0.000359596,0.000017993,0.000543209,1
actual,33,83,tree,0,1024,32768,0.364476639,0.000355934,0.000013194,0.000519226,1
actual,34,84,tree,0,1024,32768,0.365606644,0.000357038,0.000016251,0.000541267,1
actual,35,85,tree,0,1024,32768,0.368344469,0.000359711,0.000013265,0.000519042,1
actual,36,86,tree,0,1024,32768,0.370533038,0.000361849,0.000012925,0.000546205,1
actual,37,87,tree,0,1024,32768,0.366877931,0.000358279,0.000013225,0.000519617,1
actual,38,88,tree,0,1024,32768,0.363950471,0.000355420,0.000013034,0.000499006,1
actual,39,89,tree,0,1024,32768,0.374214784,0.000365444,0.000017923,0.000520077,1
actual,40,90,tree,0,1024,32768,0.368413834,0.000359779,0.000013195,0.000524225,1
actual,41,91,tree,0,1024,32768,0.369150314,0.000360498,0.000012814,0.000526990,1
actual,42,92,tree,0,1024,32768,0.368050350,0.000359424,0.000013876,0.000549120,1
actual,43,93,tree,0,1024,32768,0.371222763,0.000362522,0.000012884,0.000530415,1
actual,44,94,tree,0,1024,32768,0.365522018,0.000356955,0.000018405,0.000516420,1
actual,45,95,tree,0,1024,32768,0.364495951,0.000355953,0.000012914,0.000518284,1
actual,46,96,tree,0,1024,32768,0.363700221,0.000355176,0.000013184,0.000508454,1
actual,47,97,tree,0,1024,32768,0.363040576,0.000354532,0.000013045,0.000530654,1
actual,48,98,tree,0,1024,32768,0.364063870,0.000355531,0.000013335,0.000529425,1
actual,49,99,tree,0,1024,32768,0.365841075,0.000357267,0.000013095,0.000524904,1
warmup,0,0,tree,0,1024,49152,0.469388883,0.000458388,0.000017162,0.000693461,1
warmup,1,1,tree,0,1024,49152,0.441445947,0.000431100,0.000017102,0.000599898,1
warmup,2,2,tree,0,1024,49152,0.430691409,0.000420597,0.000017343,0.000596071,1
warmup,3,3,tree,0,1024,49152,0.434590580,0.000424405,0.000017383,0.000595229,1
warmup,4,4,tree,0,1024,49152,0.442515774,0.000432144,0.000019216,0.000604603,1
warmup,5,5,tree,0,1024,49152,0.438627040,0.000428347,0.000021039,0.000619184,1
warmup,6,6,tree,0,1024,49152,0.441434732,0.000431089,0.000015128,0.000602592,1
warmup,7,7,tree,0,1024,49152,0.436589305,0.000426357,0.000017112,0.000597212,1
warmup,8,8,tree,0,1024,49152,0.433887115,0.000423718,0.000019026,0.000650953,1
warmup,9,9,tree,0,1024,49152,0.447462909,0.000436975,0.000020208,0.000635692,1
warmup,10,10,tree,0,1024,49152,0.439745194,0.000429439,0.000017322,0.000631394,1
warmup,11,11,tree,0,1024,49152,0.433186068,0.000423033,0.000016822,0.000598733,1
warmup,12,12,tree,0,1024,49152,0.429010858,0.000418956,0.000020298,0.000597150,1
warmup,13,13,tree,0,1024,49152,0.437287205,0.000427038,0.000017793,0.000626117,1
warmup,14,14,tree,0,1024,49152,0.433434344,0.000423276,0.000016080,0.000624641,1
warmup,15,15,tree,0,1024,49152,0.435009654,0.000424814,0.000017062,0.000609826,1
warmup,16,16,tree,0,1024,49152,0.431778637,0.000421659,0.000017343,0.000598005,1
warmup,17,17,tree,0,1024,49152,0.443095078,0.000432710,0.000018815,0.000620854,1
warmup,18,18,tree,0,1024,49152,0.431923074,0.000421800,0.000014928,0.000597460,1
warmup,19,19,tree,0,1024,49152,0.428195380,0.000418160,0.000018975,0.000596081,1
warmup,20,20,tree,0,1024,49152,0.428652891,0.000418606,0.000018504,0.000613163,1
warmup,21,21,tree,0,1024,49152,0.434944630,0.000424751,0.000017162,0.000589248,1
warmup,22,22,tree,0,1024,49152,0.431909620,0.000421787,0.000016070,0.000605007,1
warmup,23,23,tree,0,1024,49152,0.434041413,0.000423869,0.000016911,0.000594155,1
warmup,24,24,tree,0,1024,49152,0.427786881,0.000417761,0.000016150,0.000591923,1
warmup,25,25,tree,0,1024,49152,0.427153968,0.000417143,0.000017342,0.000579658,1
warmup,26,26,tree,0,1024,49152,0.428863836,0.000418812,0.000017543,0.000601351,1
warmup,27,27,tree,0,1024,49152,0.440027871,0.000429715,0.000015229,0.000621508,1
warmup,28,28,tree,0,1024,49152,0.439041163,0.000428751,0.000017052,0.000612949,1
warmup,29,29,tree,0,1024,49152,0.431286797,0.000421179,0.000017162,0.000607509,1
warmup,30,30,tree,0,1024,49152,0.430262151,0.000420178,0.000014928,0.000600228,1
warmup,31,31,tree,0,1024,49152,0.436288278,0.000426063,0.000017633,0.000594806,1
warmup,32,32,tree,0,1024,49152,0.445310962,0.000434874,0.000017373,0.000621483,1
warmup,33,33,tree,0,1024,49152,0.445789218,0.000435341,0.000016941,0.000773445,1
warmup,34,34,tree,0,1024,49152,0.422047529,0.000412156,0.000017743,0.000589337,1
warmup,35,35,tree,0,1024,49152,0.439784604,0.000429477,0.000019767,0.000616897,1
warmup,36,36,tree,0,1024,49152,0.420230791,0.000410382,0.000017002,0.000614986,1
warmup,37,37,tree,0,1024,49152,0.431366509,0.000421256,0.000022582,0.000605938,1
warmup,38,38,tree,0,1024,49152,0.434117556,0.000423943,0.000020168,0.000617738,1
warmup,39,39,tree,0,1024,49152,0.438481349,0.000428204,0.000018915,0.000615216,1
warmup,40,40,tree,0,1024,49152,0.435484061,0.000425277,0.000015178,0.000590760,1
warmup,41,41,tree,0,1024,49152,0.431505664,0.000421392,0.000016872,0.000587962,1
warmup,42,42,tree,0,1024,49152,0.429711616,0.000419640,0.000018505,0.000596291,1
warmup,43,43,tree,0,1024,49152,0.431907046,0.000421784,0.000016952,0.000600677,1
warmup,44,44,tree,0,1024,49152,0.435814487,0.000425600,0.000016210,0.000588166,1
warmup,45,45,tree,0,1024,49152,0.434657896,0.000424471,0.000017032,0.000606861,1
warmup,46,46,tree,0,1024,49152,0.440530694,0.000430206,0.000016361,0.000596341,1
warmup,47,47,tree,0,1024,49152,0.429883666,0.000419808,0.000015388,0.000604977,1
warmup,48,48,tree,0,1024,49152,0.435214330,0.000425014,0.000015710,0.000604817,1
warmup,49,49,tree,0,1024,49152,0.436205949,0.000425982,0.000015348,0.000615737,1
actual,0,50,tree,0,1024,49152,0.441635982,0.000431285,0.000023595,0.000599247,1
actual,1,51,tree,0,1024,49152,0.438099827,0.000427832,0.000017894,0.000613500,1
actual,2,52,tree,0,1024,49152,0.434825111,0.000424634,0.000016260,0.000607271,1
actual,3,53,tree,0,1024,49152,0.435564663,0.000425356,0.000015409,0.000608734,1
actual,4,54,tree,0,1024,49152,0.427438316,0.000417420,0.000016310,0.000582695,1
actual,5,55,tree,0,1024,49152,0.433208223,0.000423055,0.000018955,0.000591962,1
actual,6,56,tree,0,1024,49152,0.438283833,0.000428012,0.000015038,0.000621284,1
actual,7,57,tree,0,1024,49152,0.436147455,0.000425925,0.000017333,0.000589455,1
actual,8,58,tree,0,1024,49152,0.431773884,0.000421654,0.000017763,0.000607258,1
actual,9,59,tree,0,1024,49152,0.438396244,0.000428121,0.000017332,0.000592223,1
actual,10,60,tree,0,1024,49152,0.437589029,0.000427333,0.000020178,0.000601108,1
actual,11,61,tree,0,1024,49152,0.431306239,0.000421197,0.000015018,0.000592532,1
actual,12,62,tree,0,1024,49152,0.436353184,0.000426126,0.000015259,0.000601651,1
actual,13,63,tree,0,1024,49152,0.437395441,0.000427144,0.000017233,0.000614233,1
actual,14,64,tree,0,1024,49152,0.431490704,0.000421378,0.000020068,0.000606279,1
actual,15,65,tree,0,1024,49152,0.441339365,0.000430995,0.000017183,0.000600398,1
actual,16,66,tree,0,1024,49152,0.440449223,0.000430126,0.000020659,0.000607452,1
actual,17,67,tree,0,1024,49152,0.434740530,0.000424551,0.000015108,0.000608361,1
actual,18,68,tree,0,1024,49152,0.430579075,0.000420487,0.000018104,0.000602332,1
actual,19,69,tree,0,1024,49152,0.431431421,0.000421320,0.000015089,0.000573055,1
actual,20,70,tree,0,1024,49152,0.433903867,0.000423734,0.000016561,0.000602712,1
actual,21,71,tree,0,1024,49152,0.435462276,0.000425256,0.000017583,0.000709961,1
actual,22,72,tree,0,1024,49152,0.435773242,0.000425560,0.000018355,0.000605088,1
actual,23,73,tree,0,1024,49152,0.434699179,0.000424511,0.000017382,0.000625165,1
actual,24,74,tree,0,1024,49152,0.432307703,0.000422175,0.000016781,0.000601681,1
actual,25,75,tree,0,1024,49152,0.434426676,0.000424245,0.000017022,0.000598044,1
actual,26,76,tree,0,1024,49152,0.431754407,0.000421635,0.000016230,0.000604877,1
actual,27,77,tree,0,1024,49152,0.435441102,0.000425235,0.000016952,0.000600649,1
actual,28,78,tree,0,1024,49152,0.439947476,0.000429636,0.000020228,0.000620997,1
actual,29,79,tree,0,1024,49152,0.434434661,0.000424253,0.000017172,0.000579068,1
actual,30,80,tree,0,1024,49152,0.437810941,0.000427550,0.000020388,0.000613761,1
actual,31,81,tree,0,1024,49152,0.434560990,0.000424376,0.000019006,0.000612762,1
actual,32,82,tree,0,1024,49152,0.437006928,0.000426765,0.000019176,0.000625015,1
actual,33,83,tree,0,1024,49152,0.433122745,0.000422971,0.000017423,0.000589234,1
actual,34,84,tree,0,1024,49152,0.428357691,0.000418318,0.000018224,0.000605918,1
actual,35,85,tree,0,1024,49152,0.430099179,0.000420019,0.000017203,0.000591720,1
actual,36,86,tree,0,1024,49152,0.435188510,0.000424989,0.000018846,0.000597591,1
actual,37,87,tree,0,1024,49152,0.432164991,0.000422036,0.000017773,0.000624191,1
actual,38,88,tree,0,1024,49152,0.431301779,0.000421193,0.000022141,0.000627997,1
actual,39,89,tree,0,1024,49152,0.425981083,0.000415997,0.000017262,0.000607853,1
actual,40,90,tree,0,1024,49152,0.437758118,0.000427498,0.000020007,0.000600750,1
actual,41,91,tree,0,1024,49152,0.435880462,0.000425665,0.000017052,0.000632144,1
actual,42,92,tree,0,1024,49152,0.434366067,0.000424186,0.000018414,0.000589055,1
actual,43,93,tree,0,1024,49152,0.434033739,0.000423861,0.000014948,0.000608381,1
actual,44,94,tree,0,1024,49152,0.435177589,0.000424978,0.000017363,0.000608384,1
actual,45,95,tree,0,1024,49152,0.436859152,0.000426620,0.000017192,0.000594465,1
actual,46,96,tree,0,1024,49152,0.430134544,0.000420053,0.000016220,0.000593103,1
actual,47,97,tree,0,1024,49152,0.437801550,0.000427541,0.000015459,0.000598646,1
actual,48,98,tree,0,1024,49152,0.427043814,0.000417035,0.000016300,0.000602493,1
actual,49,99,tree,0,1024,49152,0.434027878,0.000423855,0.000017012,0.000602493,1
warmup,0,0,tree,0,1024,65536,0.695291696,0.000678996,0.000021390,0.000902026,1
warmup,1,1,tree,0,1024,65536,0.561299994,0.000548145,0.000019587,0.000769256,1
warmup,2,2,tree,0,1024,65536,0.566932639,0.000553645,0.000020378,0.000782251,1
warmup,3,3,tree,0,1024,65536,0.565446399,0.000552194,0.000021179,0.000780177,1
warmup,4,4,tree,0,1024,65536,0.551567387,0.000538640,0.000020188,0.000770579,1
warmup,5,5,tree,0,1024,65536,0.551434484,0.000538510,0.000019156,0.000757634,1
warmup,6,6,tree,0,1024,65536,0.552401067,0.000539454,0.000019206,0.000752254,1
warmup,7,7,tree,0,1024,65536,0.556693646,0.000543646,0.000021400,0.000754756,1
warmup,8,8,tree,0,1024,65536,0.554350980,0.000541358,0.000021951,0.000779606,1
warmup,9,9,tree,0,1024,65536,0.560195800,0.000547066,0.000026149,0.000764311,1
warmup,10,10,tree,0,1024,65536,0.553876072,0.000540895,0.000023013,0.000790294,1
warmup,11,11,tree,0,1024,65536,0.563990769,0.000550772,0.000020940,0.000782290,1
warmup,12,12,tree,0,1024,65536,0.556582576,0.000543538,0.000018144,0.000768000,1
warmup,13,13,tree,0,1024,65536,0.544763002,0.000531995,0.000019637,0.000761391,1
warmup,14,14,tree,0,1024,65536,0.561957263,0.000548786,0.000022352,0.000769147,1
warmup,15,15,tree,0,1024,65536,0.554250521,0.000541260,0.000021240,0.000750378,1
warmup,16,16,tree,0,1024,65536,0.553725162,0.000540747,0.000019777,0.000772302,1
warmup,17,17,tree,0,1024,65536,0.556271687,0.000543234,0.000022071,0.000782344,1
warmup,18,18,tree,0,1024,65536,0.558855449,0.000545757,0.000018595,0.000774595,1
warmup,19,19,tree,0,1024,65536,0.548221170,0.000535372,0.000020027,0.000784478,1
warmup,20,20,tree,0,1024,65536,0.565237913,0.000551990,0.000019998,0.000771640,1
warmup,21,21,tree,0,1024,65536,0.550734087,0.000537826,0.000017072,0.000733646,1
warmup,22,22,tree,0,1024,65536,0.560709188,0.000547568,0.000019977,0.000768929,1
warmup,23,23,tree,0,1024,65536,0.564974103,0.000551733,0.000021170,0.000766401,1
warmup,24,24,tree,0,1024,65536,0.558524106,0.000545434,0.000019777,0.000779329,1
warmup,25,25,tree,0,1024,65536,0.553736703,0.000540758,0.000021300,0.000754411,1
warmup,26,26,tree,0,1024,65536,0.557960104,0.000544883,0.000021621,0.000807699,1
warmup,27,27,tree,0,1024,65536,0.545392714,0.000532610,0.000019307,0.000758245,1
warmup,28,28,tree,0,1024,65536,0.564215858,0.000550992,0.000026710,0.000751582,1
warmup,29,29,tree,0,1024,65536,0.555297448,0.000542283,0.000021099,0.000743359,1
warmup,30,30,tree,0,1024,65536,0.565245522,0.000551998,0.000024586,0.000780778,1
warmup,31,31,tree,0,1024,65536,0.552390927,0.000539444,0.000019076,0.000753546,1
warmup,32,32,tree,0,1024,65536,0.542908257,0.000530184,0.000021801,0.000752745,1
warmup,33,33,tree,0,1024,65536,0.552900803,0.000539942,0.000021370,0.000750571,1
warmup,34,34,tree,0,1024,65536,0.561973318,0.000548802,0.000020208,0.000750450,1
warmup,35,35,tree,0,1024,65536,0.559221373,0.000546115,0.000020799,0.000798194,1
warmup,36,36,tree,0,1024,65536,0.550217014,0.000537321,0.000020178,0.000754368,1
warmup,37,37,tree,0,1024,65536,0.551486669,0.000538561,0.000019095,0.000770873,1
warmup,38,38,tree,0,1024,65536,0.559583451,0.000546468,0.000024836,0.000792910,1
warmup,39,39,tree,0,1024,65536,0.561897481,0.000548728,0.000023294,0.000778924,1
warmup,40,40,tree,0,1024,65536,0.551289003,0.000538368,0.000024376,0.000764808,1
warmup,41,41,tree,0,1024,65536,0.557246160,0.000544186,0.000023123,0.000752244,1
warmup,42,42,tree,0,1024,65536,0.553895427,0.000540914,0.000020088,0.000763595,1
warmup,43,43,tree,0,1024,65536,0.560060143,0.000546934,0.000020969,0.000753166,1
warmup,44,44,tree,0,1024,65536,0.556373579,0.000543334,0.000019887,0.000764937,1
warmup,45,45,tree,0,1024,65536,0.555239321,0.000542226,0.000019977,0.000782811,1
warmup,46,46,tree,0,1024,65536,0.553145428,0.000540181,0.000021610,0.000770438,1
warmup,47,47,tree,0,1024,65536,0.552732702,0.000539778,0.000022122,0.000763123,1
warmup,48,48,tree,0,1024,65536,0.566028914,0.000552763,0.000019967,0.000755811,1
warmup,49,49,tree,0,1024,65536,0.553757807,0.000540779,0.000016951,0.000734520,1
actual,0,50,tree,0,1024,65536,0.563208335,0.000550008,0.000019837,0.000768485,1
actual,1,51,tree,0,1024,65536,0.550727496,0.000537820,0.000019287,0.000795498,1
actual,2,52,tree,0,1024,65536,0.555911785,0.000542883,0.000020278,0.000751594,1
actual,3,53,tree,0,1024,65536,0.559475712,0.000546363,0.000022802,0.000751692,1
actual,4,54,tree,0,1024,65536,0.556963801,0.000543910,0.000023534,0.000746896,1
actual,5,55,tree,0,1024,65536,0.563857419,0.000550642,0.000021651,0.000820128,1
actual,6,56,tree,0,1024,65536,0.544938466,0.000532166,0.000019576,0.000743813,1
actual,7,57,tree,0,1024,65536,0.558207063,0.000545124,0.000017062,0.000772572,1
actual,8,58,tree,0,1024,65536,0.558063739,0.000544984,0.000020168,0.000761031,1
actual,9,59,tree,0,1024,65536,0.559477499,0.000546365,0.000021711,0.000764812,1
actual,10,60,tree,0,1024,65536,0.555583478,0.000542562,0.000017914,0.000762163,1
actual,11,61,tree,0,1024,65536,0.555394245,0.000542377,0.000019547,0.000751964,1
actual,12,62,tree,0,1024,65536,0.558993769,0.000545892,0.000021601,0.000784538,1
actual,13,63,tree,0,1024,65536,0.559510788,0.000546397,0.000021230,0.000779274,1
actual,14,64,tree,0,1024,65536,0.558751757,0.000545656,0.000020980,0.000784815,1
actual,15,65,tree,0,1024,65536,0.550032199,0.000537141,0.000017282,0.000741010,1
actual,16,66,tree,0,1024,65536,0.552883528,0.000539925,0.000021941,0.000746463,1
actual,17,67,tree,0,1024,65536,0.561841035,0.000548673,0.000021831,0.000736614,1
actual,18,68,tree,0,1024,65536,0.565940609,0.000552676,0.000024596,0.000761341,1
actual,19,69,tree,0,1024,65536,0.562551987,0.000549367,0.000020989,0.000756021,1
actual,20,70,tree,0,1024,65536,0.555368521,0.000542352,0.000020499,0.000767693,1
actual,21,71,tree,0,1024,65536,0.550305254,0.000537407,0.000021290,0.000764426,1
actual,22,72,tree,0,1024,65536,0.556438557,0.000543397,0.000020548,0.000769487,1
actual,23,73,tree,0,1024,65536,0.566985846,0.000553697,0.000021451,0.000766691,1
actual,24,74,tree,0,1024,65536,0.555596679,0.000542575,0.000021179,0.000755350,1
actual,25,75,tree,0,1024,65536,0.558940620,0.000545840,0.000020879,0.000747635,1
actual,26,76,tree,0,1024,65536,0.560055820,0.000546930,0.000023855,0.000809114,1
actual,27,77,tree,0,1024,65536,0.560667728,0.000547527,0.000021460,0.000754849,1
actual,28,78,tree,0,1024,65536,0.546657656,0.000533845,0.000021590,0.000760639,1
actual,29,79,tree,0,1024,65536,0.551194981,0.000538276,0.000022973,0.000741934,1
actual,30,80,tree,0,1024,65536,0.552383741,0.000539437,0.000020489,0.000753566,1
actual,31,81,tree,0,1024,65536,0.554846164,0.000541842,0.000023214,0.000750282,1
actual,32,82,tree,0,1024,65536,0.546859396,0.000534042,0.000020087,0.000730292,1
actual,33,83,tree,0,1024,65536,0.551233833,0.000538314,0.000021390,0.000759477,1
actual,34,84,tree,0,1024,65536,0.561500361,0.000548340,0.000020128,0.000775046,1
actual,35,85,tree,0,1024,65536,0.557623148,0.000544554,0.000019296,0.000752755,1
actual,36,86,tree,0,1024,65536,0.565899473,0.000552636,0.000021049,0.000759838,1
actual,37,87,tree,0,1024,65536,0.556099686,0.000543066,0.000021671,0.000750565,1
actual,38,88,tree,0,1024,65536,0.550339582,0.000537441,0.000022191,0.000752294,1
actual,39,89,tree,0,1024,65536,0.544274038,0.000531518,0.000019367,0.000768133,1
actual,40,90,tree,0,1024,65536,0.550464868,0.000537563,0.000024086,0.000741784,1
actual,41,91,tree,0,1024,65536,0.550328239,0.000537430,0.000017072,0.000761802,1
actual,42,92,tree,0,1024,65536,0.565210433,0.000551963,0.000026079,0.000778253,1
actual,43,93,tree,0,1024,65536,0.550585851,0.000537681,0.000019407,0.000761602,1
actual,44,94,tree,0,1024,65536,0.557090642,0.000544034,0.000020058,0.000794533,1
actual,45,95,tree,0,1024,65536,0.550933033,0.000538021,0.000019176,0.000765880,1
actual,46,96,tree,0,1024,65536,0.548720482,0.000535860,0.000019487,0.000768484,1
actual,47,97,tree,0,1024,65536,0.556053415,0.000543021,0.000019185,0.000774906,1
actual,48,98,tree,0,1024,65536,0.562128947,0.000548954,0.000019747,0.000775557,1
actual,49,99,tree,0,1024,65536,0.554660692,0.000541661,0.000021190,0.000755550,1
warmup,0,0,tree,0,1024,98304,0.684061063,0.000668028,0.000028102,0.000944255,1
warmup,1,1,tree,0,1024,98304,0.695423860,0.000679125,0.000031199,0.000934616,1
warmup,2,2,tree,0,1024,98304,0.685317408,0.000669255,0.000025849,0.000940932,1
warmup,3,3,tree,0,1024,98304,0.696579085,0.000680253,0.000029766,0.000939376,1
warmup,4,4,tree,0,1024,98304,0.671806138,0.000656061,0.000022352,0.000920211,1
warmup,5,5,tree,0,1024,98304,0.680572255,0.000664621,0.000025568,0.000940518,1
warmup,6,6,tree,0,1024,98304,0.674175955,0.000658375,0.000031228,0.000947224,1
warmup,7,7,tree,0,1024,98304,0.680312991,0.000664368,0.000024186,0.000907780,1
warmup,8,8,tree,0,1024,98304,0.680955899,0.000664996,0.000025829,0.000923336,1
warmup,9,9,tree,0,1024,98304,0.678019691,0.000662129,0.000026179,0.000917989,1
warmup,10,10,tree,0,1024,98304,0.677989156,0.000662099,0.000026159,0.000921979,1
warmup,11,11,tree,0,1024,98304,0.684800418,0.000668750,0.000025137,0.000938354,1
warmup,12,12,tree,0,1024,98304,0.677596038,0.000661715,0.000028684,0.000966607,1
warmup,13,13,tree,0,1024,98304,0.690995589,0.000674800,0.000031079,0.000936340,1
warmup,14,14,tree,0,1024,98304,0.673505561,0.000657720,0.000025758,0.000929591,1
warmup,15,15,tree,0,1024,98304,0.674735849,0.000658922,0.000027682,0.000922924,1
warmup,16,16,tree,0,1024,98304,0.675356534,0.000659528,0.000029204,0.000928314,1
warmup,17,17,tree,0,1024,98304,0.674316549,0.000658512,0.000023434,0.000894448,1
warmup,18,18,tree,0,1024,98304,0.680339591,0.000664394,0.000026139,0.000933675,1
warmup,19,19,tree,0,1024,98304,0.679821001,0.000663888,0.000025167,0.000941950,1
warmup,20,20,tree,0,1024,98304,0.685054482,0.000668999,0.000028334,0.000947742,1
warmup,21,21,tree,0,1024,98304,0.677816758,0.000661930,0.000025608,0.000905852,1
warmup,22,22,tree,0,1024,98304,0.682886833,0.000666882,0.000028443,0.000927564,1
warmup,23,23,tree,0,1024,98304,0.683807335,0.000667781,0.000023685,0.000947420,1
warmup,24,24,tree,0,1024,98304,0.678083316,0.000662191,0.000025728,0.000936580,1
warmup,25,25,tree,0,1024,98304,0.677067312,0.000661199,0.000028653,0.000957008,1
warmup,26,26,tree,0,1024,98304,0.673018913,0.000657245,0.000024646,0.000941429,1
warmup,27,27,tree,0,1024,98304,0.677784733,0.000661899,0.000024496,0.000945988,1
warmup,28,28,tree,0,1024,98304,0.679554807,0.000663628,0.000026309,0.000949835,1
warmup,29,29,tree,0,1024,98304,0.683046943,0.000667038,0.000027332,0.000924962,1
warmup,30,30,tree,0,1024,98304,0.675221981,0.000659396,0.000026240,0.000923406,1
warmup,31,31,tree,0,1024,98304,0.675372464,0.000659543,0.000025908,0.000899441,1
warmup,32,32,tree,0,1024,98304,0.673346553,0.000657565,0.000025898,0.000926462,1
warmup,33,33,tree,0,1024,98304,0.663178742,0.000647635,0.000025037,0.000950446,1
warmup,34,34,tree,0,1024,98304,0.675926191,0.000660084,0.000025969,0.000932212,1
warmup,35,35,tree,0,1024,98304,0.671739539,0.000655996,0.000025949,0.000915745,1
warmup,36,36,tree,0,1024,98304,0.669783763,0.000654086,0.000026240,0.000936250,1
warmup,37,37,tree,0,1024,98304,0.677187807,0.000661316,0.000027422,0.000939736,1
warmup,38,38,tree,0,1024,98304,0.682948759,0.000666942,0.000025588,0.000910181,1
warmup,39,39,tree,0,1024,98304,0.666873949,0.000651244,0.000025388,0.000898970,1
warmup,40,40,tree,0,1024,98304,0.678350066,0.000662451,0.000026469,0.000917705,1
warmup,41,41,tree,0,1024,98304,0.670682829,0.000654964,0.000025197,0.000904103,1
warmup,42,42,tree,0,1024,98304,0.671486955,0.000655749,0.000028654,0.000945918,1
warmup,43,43,tree,0,1024,98304,0.671735256,0.000655991,0.000027301,0.000902707,1
warmup,44,44,tree,0,1024,98304,0.676407012,0.000660554,0.000026049,0.000921562,1
warmup,45,45,tree,0,1024,98304,0.686940595,0.000670840,0.000027682,0.000919669,1
warmup,46,46,tree,0,1024,98304,0.692041101,0.000675821,0.000022281,0.000938905,1
warmup,47,47,tree,0,1024,98304,0.684912976,0.000668860,0.000029475,0.000941449,1
warmup,48,48,tree,0,1024,98304,0.683693230,0.000667669,0.000031850,0.000933725,1
warmup,49,49,tree,0,1024,98304,0.672413422,0.000656654,0.000025258,0.000929116,1
actual,0,50,tree,0,1024,98304,0.672376796,0.000656618,0.000028694,0.000914779,1
actual,1,51,tree,0,1024,98304,0.665192925,0.000649602,0.000027432,0.000917935,1
actual,2,52,tree,0,1024,98304,0.686466369,0.000670377,0.000027943,0.000950657,1
actual,3,53,tree,0,1024,98304,0.685161368,0.000669103,0.000021891,0.000946018,1
actual,4,54,tree,0,1024,98304,0.689517620,0.000673357,0.000028884,0.000934927,1
actual,5,55,tree,0,1024,98304,0.688464598,0.000672329,0.000030607,0.000968090,1
actual,6,56,tree,0,1024,98304,0.682728220,0.000666727,0.000026310,0.000971657,1
actual,7,57,tree,0,1024,98304,0.665971067,0.000650362,0.000025097,0.000935782,1
actual,8,58,tree,0,1024,98304,0.676988542,0.000661122,0.000028423,0.000912956,1
actual,9,59,tree,0,1024,98304,0.680098379,0.000664159,0.000028063,0.000926792,1
actual,10,60,tree,0,1024,98304,0.676513528,0.000660658,0.000024977,0.000938735,1
actual,11,61,tree,0,1024,98304,0.695811806,0.000679504,0.000029415,0.000939505,1
actual,12,62,tree,0,1024,98304,0.681732677,0.000665755,0.000022121,0.000937191,1
actual,13,63,tree,0,1024,98304,0.684667968,0.000668621,0.000028914,0.000935909,1
actual,14,64,tree,0,1024,98304,0.681252846,0.000665286,0.000028403,0.000918267,1
actual,15,65,tree,0,1024,98304,0.683199500,0.000667187,0.000027541,0.000914876,1
actual,16,66,tree,0,1024,98304,0.680131809,0.000664191,0.000026058,0.000912723,1
actual,17,67,tree,0,1024,98304,0.686389206,0.000670302,0.000029325,0.000914780,1
actual,18,68,tree,0,1024,98304,0.672799139,0.000657030,0.000022072,0.000933004,1
actual,19,69,tree,0,1024,98304,0.674814370,0.000658998,0.000025408,0.000916188,1
actual,20,70,tree,0,1024,98304,0.678033140,0.000662142,0.000026269,0.000908961,1
actual,21,71,tree,0,1024,98304,0.673309323,0.000657529,0.000027402,0.000927123,1
actual,22,72,tree,0,1024,98304,0.678251233,0.000662355,0.000025878,0.000924348,1
actual,23,73,tree,0,1024,98304,0.678125783,0.000662232,0.000029254,0.000940628,1
actual,24,74,tree,0,1024,98304,0.669518747,0.000653827,0.000026289,0.000920450,1
actual,25,75,tree,0,1024,98304,0.689908340,0.000673739,0.000027362,0.000921632,1
actual,26,76,tree,0,1024,98304,0.660759673,0.000645273,0.000021791,0.000897043,1
actual,27,77,tree,0,1024,98304,0.683334882,0.000667319,0.000027902,0.000936119,1
actual,28,78,tree,0,1024,98304,0.682453500,0.000666458,0.000026199,0.000931461,1
actual,29,79,tree,0,1024,98304,0.687266772,0.000671159,0.000027342,0.000904650,1
actual,30,80,tree,0,1024,98304,0.675816251,0.000659977,0.000026670,0.000921903,1
actual,31,81,tree,0,1024,98304,0.674993868,0.000659174,0.000027541,0.000935882,1
actual,32,82,tree,0,1024,98304,0.678485733,0.000662584,0.000028303,0.000911233,1
actual,33,83,tree,0,1024,98304,0.677432728,0.000661555,0.000025348,0.000904023,1
actual,34,84,tree,0,1024,98304,0.692147642,0.000675925,0.000026109,0.000934737,1
actual,35,85,tree,0,1024,98304,0.670163924,0.000654457,0.000025668,0.000912230,1
actual,36,86,tree,0,1024,98304,0.691105079,0.000674907,0.000025688,0.000919384,1
actual,37,87,tree,0,1024,98304,0.694036382,0.000677770,0.000025829,0.000934477,1
actual,38,88,tree,0,1024,98304,0.684505274,0.000668462,0.000026169,0.000938904,1
actual,39,89,tree,0,1024,98304,0.673008707,0.000657235,0.000027531,0.000928485,1
actual,40,90,tree,0,1024,98304,0.665361353,0.000649767,0.000026190,0.000913437,1
actual,41,91,tree,0,1024,98304,0.682221487,0.000666232,0.000027191,0.000919739,1
actual,42,92,tree,0,1024,98304,0.684332661,0.000668294,0.000021711,0.000941680,1
actual,43,93,tree,0,1024,98304,0.682058655,0.000666073,0.000027591,0.000948513,1
actual,44,94,tree,0,1024,98304,0.677381132,0.000661505,0.000026280,0.000906985,1
actual,45,95,tree,0,1024,98304,0.689557660,0.000673396,0.000025768,0.000938284,1
actual,46,96,tree,0,1024,98304,0.677391825,0.000661515,0.000026840,0.000942401,1
actual,47,97,tree,0,1024,98304,0.678582339,0.000662678,0.000027331,0.000976655,1
actual,48,98,tree,0,1024,98304,0.683186559,0.000667174,0.000027812,0.000921262,1
actual,49,99,tree,0,1024,98304,0.688915498,0.000672769,0.000027602,0.000910979,1
warmup,0,0,tree,0,1024,131072,0.812520858,0.000793477,0.000030397,0.001112334,1
warmup,1,1,tree,0,1024,131072,0.823422085,0.000804123,0.000031879,0.001148550,1
warmup,2,2,tree,0,1024,131072,0.807384788,0.000788462,0.000030267,0.001107504,1
warmup,3,3,tree,0,1024,131072,0.820008128,0.000800789,0.000031509,0.001100959,1
warmup,4,4,tree,0,1024,131072,0.812442043,0.000793400,0.000030807,0.001078944,1
warmup,5,5,tree,0,1024,131072,0.819312226,0.000800110,0.000029405,0.001099089,1
warmup,6,6,tree,0,1024,131072,0.806559729,0.000787656,0.000028133,0.001113473,1
warmup,7,7,tree,0,1024,131072,0.837696457,0.000818063,0.000037530,0.001130780,1
warmup,8,8,tree,0,1024,131072,0.812826368,0.000793776,0.000026810,0.001132288,1
warmup,9,9,tree,0,1024,131072,0.813802846,0.000794729,0.000029385,0.001112247,1
warmup,10,10,tree,0,1024,131072,0.816150743,0.000797022,0.000030838,0.001090660,1
warmup,11,11,tree,0,1024,131072,0.809287059,0.000790319,0.000027732,0.001096638,1
warmup,12,12,tree,0,1024,131072,0.814773996,0.000795678,0.000030497,0.001141231,1
warmup,13,13,tree,0,1024,131072,0.822238370,0.000802967,0.000031399,0.001091191,1
warmup,14,14,tree,0,1024,131072,0.818572208,0.000799387,0.000030176,0.001093087,1
warmup,15,15,tree,0,1024,131072,0.814345564,0.000795259,0.000027431,0.001085495,1
warmup,16,16,tree,0,1024,131072,0.841245323,0.000821529,0.000037860,0.001104792,1
warmup,17,17,tree,0,1024,131072,0.809659710,0.000790683,0.000025317,0.001120336,1
warmup,18,18,tree,0,1024,131072,0.816654232,0.000797514,0.000030036,0.001110007,1
warmup,19,19,tree,0,1024,131072,0.821320455,0.000802071,0.000029535,0.001148559,1
warmup,20,20,tree,0,1024,131072,0.805696466,0.000786813,0.000032471,0.001092383,1
warmup,21,21,tree,0,1024,131072,0.816456070,0.000797320,0.000033513,0.001115466,1
warmup,22,22,tree,0,1024,131072,0.826205521,0.000806841,0.000032471,0.001119641,1
warmup,23,23,tree,0,1024,131072,0.824716034,0.000805387,0.000029355,0.001227179,1
warmup,24,24,tree,0,1024,131072,0.818413048,0.000799231,0.000029916,0.001090242,1
warmup,25,25,tree,0,1024,131072,0.822341072,0.000803067,0.000025658,0.001067963,1
warmup,26,26,tree,0,1024,131072,0.798585786,0.000779869,0.000030357,0.001080741,1
warmup,27,27,tree,0,1024,131072,0.819208843,0.000800009,0.000031579,0.001103243,1
warmup,28,28,tree,0,1024,131072,0.812245231,0.000793208,0.000030076,0.001098327,1
warmup,29,29,tree,0,1024,131072,0.811771261,0.000792745,0.000029586,0.001097513,1
warmup,30,30,tree,0,1024,131072,0.831991080,0.000812491,0.000031880,0.001138656,1
warmup,31,31,tree,0,1024,131072,0.814658018,0.000795564,0.000027091,0.001104656,1
warmup,32,32,tree,0,1024,131072,0.834094791,0.000814546,0.000040305,0.001144416,1
warmup,33,33,tree,0,1024,131072,0.838964170,0.000819301,0.000037711,0.001128257,1
warmup,34,34,tree,0,1024,131072,0.818735830,0.000799547,0.000034024,0.001126303,1
warmup,35,35,tree,0,1024,131072,0.832005599,0.000812505,0.000029636,0.001102722,1
warmup,36,36,tree,0,1024,131072,0.813494870,0.000794429,0.000031088,0.001100648,1
warmup,37,37,tree,0,1024,131072,0.818902590,0.000799710,0.000027742,0.001079485,1
warmup,38,38,tree,0,1024,131072,0.806171577,0.000787277,0.000029745,0.001139113,1
warmup,39,39,tree,0,1024,131072,0.829602301,0.000810158,0.000029455,0.001122840,1
warmup,40,40,tree,0,1024,131072,0.809504220,0.000790531,0.000034514,0.001082508,1
warmup,41,41,tree,0,1024,131072,0.819032291,0.000799836,0.000034895,0.001129774,1
warmup,42,42,tree,0,1024,131072,0.812582573,0.000793538,0.000028343,0.001093776,1
warmup,43,43,tree,0,1024,131072,0.820531849,0.000801301,0.000031709,0.001070868,1
warmup,44,44,tree,0,1024,131072,0.812734518,0.000793686,0.000028583,0.001112782,1
warmup,45,45,tree,0,1024,131072,0.824421414,0.000805099,0.000031369,0.001115880,1
warmup,46,46,tree,0,1024,131072,0.808127724,0.000789187,0.000032150,0.001076961,1
warmup,47,47,tree,0,1024,131072,0.833618572,0.000814081,0.000035517,0.001119587,1
warmup,48,48,tree,0,1024,131072,0.810237485,0.000791248,0.000028804,0.001130865,1
warmup,49,49,tree,0,1024,131072,0.830488178,0.000811024,0.000035517,0.001122262,1
actual,0,50,tree,0,1024,131072,0.821950227,0.000802686,0.000030498,0.001098155,1
actual,1,51,tree,0,1024,131072,0.815113118,0.000796009,0.000029445,0.001132802,1
actual,2,52,tree,0,1024,131072,0.826908712,0.000807528,0.000032020,0.001117861,1
actual,3,53,tree,0,1024,131072,0.806259970,0.000787363,0.000029585,0.001120161,1
actual,4,54,tree,0,1024,131072,0.809976280,0.000790992,0.000030077,0.001101695,1
actual,5,55,tree,0,1024,131072,0.818875339,0.000799683,0.000031589,0.001106102,1
actual,6,56,tree,0,1024,131072,0.809636126,0.000790660,0.000029946,0.001129418,1
actual,7,57,tree,0,1024,131072,0.813345072,0.000794282,0.000025438,0.001078954,1
actual,8,58,tree,0,1024,131072,0.816075382,0.000796949,0.000028323,0.001125897,1
actual,9,59,tree,0,1024,131072,0.811268712,0.000792255,0.000027241,0.001116518,1
actual,10,60,tree,0,1024,131072,0.812725248,0.000793677,0.000034414,0.001282242,1
actual,11,61,tree,0,1024,131072,0.806328508,0.000787430,0.000031078,0.001118225,1
actual,12,62,tree,0,1024,131072,0.795489811,0.000776846,0.000030407,0.001110206,1
actual,13,63,tree,0,1024,131072,0.810552089,0.000791555,0.000029265,0.001134692,1
actual,14,64,tree,0,1024,131072,0.815774518,0.000796655,0.000032171,0.001112651,1
actual,15,65,tree,0,1024,131072,0.799498730,0.000780760,0.000025407,0.001104434,1
actual,16,66,tree,0,1024,131072,0.822748904,0.000803466,0.000030036,0.001123328,1
actual,17,67,tree,0,1024,131072,0.811888863,0.000792860,0.000029465,0.001109385,1
actual,18,68,tree,0,1024,131072,0.813725111,0.000794653,0.000029856,0.001127555,1
actual,19,69,tree,0,1024,131072,0.814187344,0.000795105,0.000029385,0.001143602,1
actual,20,70,tree,0,1024,131072,0.803043753,0.000784222,0.000030166,0.001080303,1
actual,21,71,tree,0,1024,131072,0.812165651,0.000793131,0.000029896,0.001095970,1
actual,22,72,tree,0,1024,131072,0.816638752,0.000797499,0.000029645,0.001126490,1
actual,23,73,tree,0,1024,131072,0.829312718,0.000809876,0.000031539,0.001091698,1
actual,24,74,tree,0,1024,131072,0.806124977,0.000787231,0.000025858,0.001096143,1
actual,25,75,tree,0,1024,131072,0.822072268,0.000802805,0.000031639,0.001123595,1
actual,26,76,tree,0,1024,131072,0.806538624,0.000787635,0.000028904,0.001093087,1
actual,27,77,tree,0,1024,131072,0.825088100,0.000805750,0.000029616,0.001121484,1
actual,28,78,tree,0,1024,131072,0.808175370,0.000789234,0.000029997,0.001098234,1
actual,29,79,tree,0,1024,131072,0.817636218,0.000798473,0.000031128,0.001123208,1
actual,30,80,tree,0,1024,131072,0.807197082,0.000788278,0.000032801,0.001094307,1
actual,31,81,tree,0,1024,131072,0.828128191,0.000808719,0.000029295,0.001171627,1
actual,32,82,tree,0,1024,131072,0.815178035,0.000796072,0.000032331,0.001150906,1
actual,33,83,tree,0,1024,131072,0.825741527,0.000806388,0.000032281,0.001108866,1
actual,34,84,tree,0,1024,131072,0.830143982,0.000810687,0.000036649,0.001124434,1
actual,35,85,tree,0,1024,131072,0.831761920,0.000812268,0.000029295,0.001134492,1
actual,36,86,tree,0,1024,131072,0.801708913,0.000782919,0.000028373,0.001109331,1
actual,37,87,tree,0,1024,131072,0.833635133,0.000814097,0.000033552,0.001113118,1
actual,38,88,tree,0,1024,131072,0.818245873,0.000799068,0.000028624,0.001089556,1
actual,39,89,tree,0,1024,131072,0.829444760,0.000810005,0.000031249,0.001131242,1
actual,40,90,tree,0,1024,131072,0.810640747,0.000791641,0.000030757,0.001118138,1
actual,41,91,tree,0,1024,131072,0.829266754,0.000809831,0.000031579,0.001136446,1
actual,42,92,tree,0,1024,131072,0.805398814,0.000786522,0.000026199,0.001140930,1
actual,43,93,tree,0,1024,131072,0.829078005,0.000809646,0.000039655,0.001123211,1
actual,44,94,tree,0,1024,131072,0.802383344,0.000783577,0.000032271,0.001106580,1
actual,45,95,tree,0,1024,131072,0.814480690,0.000795391,0.000029475,0.001123928,1
actual,46,96,tree,0,1024,131072,0.823402990,0.000804104,0.000031829,0.001117450,1
actual,47,97,tree,0,1024,131072,0.834986119,0.000815416,0.000035667,0.001104105,1
actual,48,98,tree,0,1024,131072,0.810629252,0.000791630,0.000028925,0.001074138,1
actual,49,99,tree,0,1024,131072,0.811473397,0.000792454,0.000031178,0.001101254,1
warmup,0,0,tree,0,1024,196608,1.097345709,0.001071627,0.000039724,0.001483648,1
warmup,1,1,tree,0,1024,196608,1.065977773,0.001040994,0.000031850,0.001430058,1
warmup,2,2,tree,0,1024,196608,1.084108012,0.001058699,0.000047208,0.001531282,1
warmup,3,3,tree,0,1024,196608,1.089847725,0.001064304,0.000035426,0.001471546,1
warmup,4,4,tree,0,1024,196608,1.090734683,0.001065171,0.000038682,0.001496421,1
warmup,5,5,tree,0,1024,196608,1.070190718,0.001045108,0.000035867,0.001451989,1
warmup,6,6,tree,0,1024,196608,1.073733184,0.001048568,0.000042821,0.001514625,1
warmup,7,7,tree,0,1024,196608,1.091487820,0.001065906,0.000048340,0.001506008,1
warmup,8,8,tree,0,1024,196608,1.069650391,0.001044580,0.000032892,0.001506896,1
warmup,9,9,tree,0,1024,196608,1.081973040,0.001056614,0.000043642,0.001494479,1
warmup,10,10,tree,0,1024,196608,1.087900249,0.001062403,0.000041858,0.001458843,1
warmup,11,11,tree,0,1024,196608,1.094446713,0.001068796,0.000037941,0.001515718,1
warmup,12,12,tree,0,1024,196608,1.095887693,0.001070203,0.000047589,0.001506551,1
warmup,13,13,tree,0,1024,196608,1.080010185,0.001054697,0.000041377,0.001496733,1
warmup,14,14,tree,0,1024,196608,1.089230090,0.001063701,0.000044924,0.001533232,1
warmup,15,15,tree,0,1024,196608,1.061779644,0.001036894,0.000036599,0.001477605,1
warmup,16,16,tree,0,1024,196608,1.088091504,0.001062589,0.000044724,0.001475984,1
warmup,17,17,tree,0,1024,196608,1.087992823,0.001062493,0.000046036,0.001464162,1
warmup,18,18,tree,0,1024,196608,1.086693700,0.001061224,0.000042429,0.001501492,1
warmup,19,19,tree,0,1024,196608,1.086310285,0.001060850,0.000046307,0.001485948,1
warmup,20,20,tree,0,1024,196608,1.048348996,0.001023778,0.000042710,0.001453851,1
warmup,21,21,tree,0,1024,196608,1.110219621,0.001084199,0.000045605,0.001529853,1
warmup,22,22,tree,0,1024,196608,1.094392732,0.001068743,0.000040276,0.001448535,1
warmup,23,23,tree,0,1024,196608,1.087229273,0.001061747,0.000046087,0.001508278,1
warmup,24,24,tree,0,1024,196608,1.069766188,0.001044694,0.000042700,0.001433021,1
warmup,25,25,tree,0,1024,196608,1.077528753,0.001052274,0.000043311,0.001434345,1
warmup,26,26,tree,0,1024,196608,1.061795921,0.001036910,0.000040015,0.001422925,1
warmup,27,27,tree,0,1024,196608,1.085725584,0.001060279,0.000043762,0.001508755,1
warmup,28,28,tree,0,1024,196608,1.084960455,0.001059532,0.000043532,0.001504006,1
warmup,29,29,tree,0,1024,196608,1.070660561,0.001045567,0.000041668,0.001454042,1
warmup,30,30,tree,0,1024,196608,1.074473739,0.001049291,0.000044073,0.001469405,1
warmup,31,31,tree,0,1024,196608,1.063211873,0.001038293,0.000038242,0.001458620,1
warmup,32,32,tree,0,1024,196608,1.089006575,0.001063483,0.000045035,0.001509928,1
warmup,33,33,tree,0,1024,196608,1.093050179,0.001067432,0.000039715,0.001470634,1
warmup,34,34,tree,0,1024,196608,1.069951925,0.001044875,0.000040285,0.001511651,1
warmup,35,35,tree,0,1024,196608,1.080818315,0.001055487,0.000039894,0.001480634,1
warmup,36,36,tree,0,1024,196608,1.081427092,0.001056081,0.000045846,0.001468915,1
warmup,37,37,tree,0,1024,196608,1.093766163,0.001068131,0.000039985,0.001467523,1
warmup,38,38,tree,0,1024,196608,1.078827947,0.001053543,0.000041578,0.001488287,1
warmup,39,39,tree,0,1024,196608,1.075528751,0.001050321,0.000047970,0.001458397,1
warmup,40,40,tree,0,1024,196608,1.075632606,0.001050422,0.000043993,0.001480333,1
warmup,41,41,tree,0,1024,196608,1.063943474,0.001039007,0.000041859,0.001476586,1
warmup,42,42,tree,0,1024,196608,1.079286454,0.001053991,0.000039354,0.001469220,1
warmup,43,43,tree,0,1024,196608,1.079179057,0.001053886,0.000041458,0.001451769,1
warmup,44,44,tree,0,1024,196608,1.059917618,0.001035076,0.000042310,0.001444325,1
warmup,45,45,tree,0,1024,196608,1.063642312,0.001038713,0.000047189,0.001450385,1
warmup,46,46,tree,0,1024,196608,1.082180544,0.001056817,0.000046958,0.001468290,1
warmup,47,47,tree,0,1024,196608,1.079003812,0.001053715,0.000039384,0.001451097,1
warmup,48,48,tree,0,1024,196608,1.073198651,0.001048046,0.000041768,0.001446215,1
warmup,49,49,tree,0,1024,196608,1.094406880,0.001068757,0.000044914,0.001466736,1
actual,0,50,tree,0,1024,196608,1.060358756,0.001035507,0.000035727,0.001475152,1
actual,1,51,tree,0,1024,196608,1.097672744,0.001071946,0.000044132,0.001524162,1
actual,2,52,tree,0,1024,196608,1.072267361,0.001047136,0.000042610,0.001461678,1
actual,3,53,tree,0,1024,196608,1.093586661,0.001067956,0.000041287,0.001470803,1
actual,4,54,tree,0,1024,196608,1.073513199,0.001048353,0.000044763,0.001442816,1
actual,5,55,tree,0,1024,196608,1.072151190,0.001047023,0.000041829,0.001455053,1
actual,6,56,tree,0,1024,196608,1.052629942,0.001027959,0.000040466,0.001451808,1
actual,7,57,tree,0,1024,196608,1.089618620,0.001064081,0.000049823,0.001468220,1
actual,8,58,tree,0,1024,196608,1.073321667,0.001048166,0.000043582,0.001457580,1
actual,9,59,tree,0,1024,196608,1.088491619,0.001062980,0.000041748,0.001468710,1
actual,10,60,tree,0,1024,196608,1.057131824,0.001032355,0.000053119,0.001444930,1
actual,11,61,tree,0,1024,196608,1.061705898,0.001036822,0.000042900,0.001440176,1
actual,12,62,tree,0,1024,196608,1.081855285,0.001056499,0.000044493,0.001505470,1
actual,13,63,tree,0,1024,196608,1.079408566,0.001054110,0.000038111,0.001485630,1
actual,14,64,tree,0,1024,196608,1.077040376,0.001051797,0.000040796,0.001454039,1
actual,15,65,tree,0,1024,196608,1.074214969,0.001049038,0.000040045,0.001441689,1
actual,16,66,tree,0,1024,196608,1.058827811,0.001034012,0.000040326,0.001457259,1
actual,17,67,tree,0,1024,196608,1.071610423,0.001046495,0.000036188,0.001453672,1
actual,18,68,tree,0,1024,196608,1.073441904,0.001048283,0.000043261,0.001480002,1
actual,19,69,tree,0,1024,196608,1.083709836,0.001058310,0.000041789,0.001500739,1
actual,20,70,tree,0,1024,196608,1.084063714,0.001058656,0.000036438,0.001479430,1
actual,21,71,tree,0,1024,196608,1.070151830,0.001045070,0.000043391,0.001486203,1
actual,22,72,tree,0,1024,196608,1.074978521,0.001049784,0.000039654,0.001432783,1
actual,23,73,tree,0,1024,196608,1.074591553,0.001049406,0.000040306,0.001513786,1
actual,24,74,tree,0,1024,196608,1.085964287,0.001060512,0.000039524,0.001495913,1
actual,25,75,tree,0,1024,196608,1.078645377,0.001053365,0.000048180,0.001450785,1
actual,26,76,tree,0,1024,196608,1.074398814,0.001049218,0.000041869,0.001458176,1
actual,27,77,tree,0,1024,196608,1.081315002,0.001055972,0.000040035,0.001478499,1
actual,28,78,tree,0,1024,196608,1.079201715,0.001053908,0.000042279,0.001508483,1
actual,29,79,tree,0,1024,196608,1.087294113,0.001061811,0.000040115,0.001483597,1
actual,30,80,tree,0,1024,196608,1.117106955,0.001090925,0.000044594,0.001535767,1
actual,31,81,tree,0,1024,196608,1.082743129,0.001057366,0.000039764,0.001511992,1
actual,32,82,tree,0,1024,196608,1.098697237,0.001072947,0.000044453,0.001531559,1
actual,33,83,tree,0,1024,196608,1.090264525,0.001064711,0.000043812,0.001492185,1
actual,34,84,tree,0,1024,196608,1.083310651,0.001057921,0.000051376,0.001506910,1
actual,35,85,tree,0,1024,196608,1.076955685,0.001051715,0.000039684,0.001454368,1
actual,36,86,tree,0,1024,196608,1.085499774,0.001060058,0.000042851,0.001458211,1
actual,37,87,tree,0,1024,196608,1.080656584,0.001055329,0.000049523,0.001509371,1
actual,38,88,tree,0,1024,196608,1.086737027,0.001061267,0.000046617,0.001502744,1
actual,39,89,tree,0,1024,196608,1.066873477,0.001041869,0.000039374,0.001475767,1
actual,40,90,tree,0,1024,196608,1.074847727,0.001049656,0.000042791,0.001495670,1
actual,41,91,tree,0,1024,196608,1.092971871,0.001067355,0.000044153,0.001471469,1
actual,42,92,tree,0,1024,196608,1.079517560,0.001054216,0.000040887,0.001441670,1
actual,43,93,tree,0,1024,196608,1.073592642,0.001048430,0.000037641,0.001517402,1
actual,44,94,tree,0,1024,196608,1.075068696,0.001049872,0.000042199,0.001422508,1
actual,45,95,tree,0,1024,196608,1.090738899,0.001065175,0.000039935,0.001486598,1
actual,46,96,tree,0,1024,196608,1.082763462,0.001057386,0.000035887,0.001455635,1
actual,47,97,tree,0,1024,196608,1.072348394,0.001047215,0.000047649,0.001450260,1
actual,48,98,tree,0,1024,196608,1.080035314,0.001054722,0.000048400,0.001505758,1
actual,49,99,tree,0,1024,196608,1.088159966,0.001062656,0.000044473,0.001448272,1
warmup,0,0,tree,0,1024,262144,1.411909228,0.001378818,0.000055955,0.001950686,1
warmup,1,1,tree,0,1024,262144,1.378469159,0.001346161,0.000056055,0.001915811,1
warmup,2,2,tree,0,1024,262144,1.408792916,0.001375774,0.000052609,0.001923007,1
warmup,3,3,tree,0,1024,262144,1.383917389,0.001351482,0.000049843,0.001900341,1
warmup,4,4,tree,0,1024,262144,1.389020625,0.001356465,0.000052318,0.001961838,1
warmup,5,5,tree,0,1024,262144,1.392673537,0.001360033,0.000050064,0.001954792,1
warmup,6,6,tree,0,1024,262144,1.359046088,0.001327193,0.000061245,0.001953450,1
warmup,7,7,tree,0,1024,262144,1.364334932,0.001332358,0.000055604,0.001900730,1
warmup,8,8,tree,0,1024,262144,1.342154873,0.001310698,0.000048431,0.001863991,1
warmup,9,9,tree,0,1024,262144,1.428604761,0.001395122,0.000054242,0.001952618,1
warmup,10,10,tree,0,1024,262144,1.374531050,0.001342315,0.000050264,0.001922152,1
warmup,11,11,tree,0,1024,262144,1.386353480,0.001353861,0.000054663,0.001945283,1
warmup,12,12,tree,0,1024,262144,1.397410158,0.001364658,0.000061275,0.001947761,1
warmup,13,13,tree,0,1024,262144,1.436452409,0.001402786,0.000053551,0.002052479,1
warmup,14,14,tree,0,1024,262144,1.372773466,0.001340599,0.000051907,0.001848681,1
warmup,15,15,tree,0,1024,262144,1.421761076,0.001388439,0.000056836,0.001949903,1
warmup,16,16,tree,0,1024,262144,1.372410392,0.001340245,0.000050564,0.001866653,1
warmup,17,17,tree,0,1024,262144,1.380529206,0.001348173,0.000054311,0.001910098,1
warmup,18,18,tree,0,1024,262144,1.366675187,0.001334644,0.000052859,0.001876176,1
warmup,19,19,tree,0,1024,262144,1.373930980,0.001341729,0.000056386,0.001882258,1
warmup,20,20,tree,0,1024,262144,1.379026943,0.001346706,0.000059431,0.001892136,1
warmup,21,21,tree,0,1024,262144,1.384952962,0.001352493,0.000054071,0.001894728,1
warmup,22,22,tree,0,1024,262144,1.420149982,0.001386865,0.000051406,0.001961983,1
warmup,23,23,tree,0,1024,262144,1.369287206,0.001337195,0.000057768,0.001829138,1
warmup,24,24,tree,0,1024,262144,1.393788641,0.001361122,0.000052769,0.001865402,1
warmup,25,25,tree,0,1024,262144,1.380948463,0.001348582,0.000055665,0.001937700,1
warmup,26,26,tree,0,1024,262144,1.356125868,0.001324342,0.000054943,0.001855287,1
warmup,27,27,tree,0,1024,262144,1.375436734,0.001343200,0.000056877,0.001940646,1
warmup,28,28,tree,0,1024,262144,1.377178661,0.001344901,0.000058340,0.001872745,1
warmup,29,29,tree,0,1024,262144,1.384050635,0.001351612,0.000058770,0.001938291,1
warmup,30,30,tree,0,1024,262144,1.378348633,0.001346044,0.000056786,0.001922771,1
warmup,31,31,tree,0,1024,262144,1.350044049,0.001318402,0.000052839,0.001919014,1
warmup,32,32,tree,0,1024,262144,1.373639318,0.001341445,0.000055825,0.001880259,1
warmup,33,33,tree,0,1024,262144,1.404454523,0.001371538,0.000056566,0.001868348,1
warmup,34,34,tree,0,1024,262144,1.386925085,0.001354419,0.000057889,0.001959863,1
warmup,35,35,tree,0,1024,262144,1.339072456,0.001307688,0.000052839,0.001844556,1
warmup,36,36,tree,0,1024,262144,1.357275661,0.001325465,0.000049684,0.001902055,1
warmup,37,37,tree,0,1024,262144,1.382152450,0.001349758,0.000055394,0.001908073,1
warmup,38,38,tree,0,1024,262144,1.382998723,0.001350585,0.000052208,0.001883180,1
warmup,39,39,tree,0,1024,262144,1.394962900,0.001362268,0.000052098,0.001898831,1
warmup,40,40,tree,0,1024,262144,1.369224967,0.001337134,0.000056947,0.001881055,1
warmup,41,41,tree,0,1024,262144,1.390353986,0.001357768,0.000059702,0.001904469,1
warmup,42,42,tree,0,1024,262144,1.394284227,0.001361606,0.000057698,0.001912534,1
warmup,43,43,tree,0,1024,262144,1.391781837,0.001359162,0.000057538,0.001895382,1
warmup,44,44,tree,0,1024,262144,1.378094416,0.001345795,0.000056837,0.001886926,1
warmup,45,45,tree,0,1024,262144,1.385091498,0.001352628,0.000050345,0.001899763,1
warmup,46,46,tree,0,1024,262144,1.375375617,0.001343140,0.000056295,0.001861385,1
warmup,47,47,tree,0,1024,262144,1.380729739,0.001348369,0.000057397,0.001898415,1
warmup,48,48,tree,0,1024,262144,1.385446286,0.001352975,0.000052899,0.001919597,1
warmup,49,49,tree,0,1024,262144,1.372117481,0.001339958,0.000054392,0.001909605,1
actual,0,50,tree,0,1024,262144,1.369178545,0.001337088,0.000050986,0.001934484,1
actual,1,51,tree,0,1024,262144,1.418148967,0.001384911,0.000058069,0.001946133,1
actual,2,52,tree,0,1024,262144,1.356848791,0.001325048,0.000051356,0.001943990,1
actual,3,53,tree,0,1024,262144,1.426100607,0.001392676,0.000057798,0.001982875,1
actual,4,54,tree,0,1024,262144,1.371358252,0.001339217,0.000054963,0.001866011,1
actual,5,55,tree,0,1024,262144,1.394055969,0.001361383,0.000054232,0.001893865,1
actual,6,56,tree,0,1024,262144,1.371788331,0.001339637,0.000055123,0.001880637,1
actual,7,57,tree,0,1024,262144,1.376086120,0.001343834,0.000054231,0.001863214,1
actual,8,58,tree,0,1024,262144,1.374305160,0.001342095,0.000058560,0.001863092,1
actual,9,59,tree,0,1024,262144,1.394611671,0.001361925,0.000052368,0.001934866,1
actual,10,60,tree,0,1024,262144,1.357873884,0.001326049,0.000057558,0.001853207,1
actual,11,61,tree,0,1024,262144,1.382077303,0.001349685,0.000054302,0.001894989,1
actual,12,62,tree,0,1024,262144,1.387154360,0.001354643,0.000055524,0.001884023,1
actual,13,63,tree,0,1024,262144,1.401238752,0.001368397,0.000056747,0.001955547,1
actual,14,64,tree,0,1024,262144,1.352559186,0.001320859,0.000052748,0.001913303,1
actual,15,65,tree,0,1024,262144,1.388134520,0.001355600,0.000048261,0.001912107,1
actual,16,66,tree,0,1024,262144,1.390118713,0.001357538,0.000054722,0.001920529,1
actual,17,67,tree,0,1024,262144,1.337722846,0.001306370,0.000053451,0.001858734,1
actual,18,68,tree,0,1024,262144,1.374576731,0.001342360,0.000056737,0.001931813,1
actual,19,69,tree,0,1024,262144,1.363940891,0.001331974,0.000052658,0.001857991,1
actual,20,70,tree,0,1024,262144,1.389606910,0.001357038,0.000060944,0.001912394,1
actual,21,71,tree,0,1024,262144,1.424732733,0.001391341,0.000060163,0.001899275,1
actual,22,72,tree,0,1024,262144,1.383393108,0.001350970,0.000055945,0.001907122,1
actual,23,73,tree,0,1024,262144,1.393360598,0.001360704,0.000057598,0.001871804,1
actual,24,74,tree,0,1024,262144,1.379624538,0.001347290,0.000052358,0.001920457,1
actual,25,75,tree,0,1024,262144,1.405711520,0.001372765,0.000056356,0.001909386,1
actual,26,76,tree,0,1024,262144,1.362365986,0.001330436,0.000050395,0.001875756,1
actual,27,77,tree,0,1024,262144,1.378185755,0.001345885,0.000056445,0.001889591,1
actual,28,78,tree,0,1024,262144,1.373947754,0.001341746,0.000059472,0.001924334,1
actual,29,79,tree,0,1024,262144,1.363932045,0.001331965,0.000055364,0.001900162,1
actual,30,80,tree,0,1024,262144,1.370880014,0.001338750,0.000056496,0.001881877,1
actual,31,81,tree,0,1024,262144,1.348552396,0.001316946,0.000053270,0.001908247,1
actual,32,82,tree,0,1024,262144,1.368042820,0.001335979,0.000056015,0.001895770,1
actual,33,83,tree,0,1024,262144,1.394264226,0.001361586,0.000057868,0.001871849,1
actual,34,84,tree,0,1024,262144,1.362589900,0.001330654,0.000056396,0.001872520,1
actual,35,85,tree,0,1024,262144,1.363069060,0.001331122,0.000057938,0.001885794,1
actual,36,86,tree,0,1024,262144,1.384654308,0.001352201,0.000054342,0.001855490,1
actual,37,87,tree,0,1024,262144,1.379750462,0.001347413,0.000058329,0.001936959,1
actual,38,88,tree,0,1024,262144,1.394722311,0.001362034,0.000059972,0.001885392,1
actual,39,89,tree,0,1024,262144,1.397385604,0.001364634,0.000053741,0.001949072,1
actual,40,90,tree,0,1024,262144,1.364381221,0.001332404,0.000054102,0.001867207,1
actual,41,91,tree,0,1024,262144,1.389045461,0.001356490,0.000051687,0.001897502,1
actual,42,92,tree,0,1024,262144,1.354919347,0.001323163,0.000053260,0.001918596,1
actual,43,93,tree,0,1024,262144,1.383263104,0.001350843,0.000054091,0.001903746,1
actual,44,94,tree,0,1024,262144,1.355936504,0.001324157,0.000060533,0.001875728,1
actual,45,95,tree,0,1024,262144,1.391638406,0.001359022,0.000062707,0.001874752,1
actual,46,96,tree,0,1024,262144,1.382352136,0.001349953,0.000052939,0.001946177,1
actual,47,97,tree,0,1024,262144,1.384276465,0.001351832,0.000058520,0.001967522,1
actual,48,98,tree,0,1024,262144,1.362901081,0.001330958,0.000054252,0.001880455,1
actual,49,99,tree,0,1024,262144,1.356468174,0.001324676,0.000062397,0.001880886,1
warmup,0,0,tree,0,1024,393216,2.066354951,0.002017925,0.000075701,0.002805884,1
warmup,1,1,tree,0,1024,393216,2.026581216,0.001979083,0.000072556,0.002847451,1
warmup,2,2,tree,0,1024,393216,1.960258282,0.001914315,0.000083376,0.002745205,1
warmup,3,3,tree,0,1024,393216,1.945552919,0.001899954,0.000084909,0.002764428,1
warmup,4,4,tree,0,1024,393216,1.889680085,0.001845391,0.000075722,0.002603964,1
warmup,5,5,tree,0,1024,393216,1.927320007,0.001882148,0.000073298,0.002709548,1
warmup,6,6,tree,0,1024,393216,1.914859351,0.001869980,0.000088245,0.002609124,1
warmup,7,7,tree,0,1024,393216,1.889945043,0.001845649,0.000096942,0.002669590,1
warmup,8,8,tree,0,1024,393216,1.900983160,0.001856429,0.000077025,0.002584722,1
warmup,9,9,tree,0,1024,393216,1.967700462,0.001921582,0.000074539,0.002739082,1
warmup,10,10,tree,0,1024,393216,1.889228272,0.001844949,0.000084268,0.002575070,1
warmup,11,11,tree,0,1024,393216,1.877234977,0.001833237,0.000101270,0.002681313,1
warmup,12,12,tree,0,1024,393216,1.930874174,0.001885619,0.000076454,0.002706688,1
warmup,13,13,tree,0,1024,393216,1.920620181,0.001875606,0.000076193,0.002638860,1
warmup,14,14,tree,0,1024,393216,1.914250227,0.001869385,0.000079339,0.002662715,1
warmup,15,15,tree,0,1024,393216,1.914236210,0.001869371,0.000074008,0.002708342,1
warmup,16,16,tree,0,1024,393216,1.914870639,0.001869991,0.000098134,0.002621181,1
warmup,17,17,tree,0,1024,393216,1.921391796,0.001876359,0.000075391,0.002692874,1
warmup,18,18,tree,0,1024,393216,1.875682336,0.001831721,0.000077255,0.002588289,1
warmup,19,19,tree,0,1024,393216,1.946616031,0.001900992,0.000085090,0.002845120,1
warmup,20,20,tree,0,1024,393216,1.912967126,0.001868132,0.000104937,0.002686201,1
warmup,21,21,tree,0,1024,393216,1.924616679,0.001879508,0.000074740,0.002768847,1
warmup,22,22,tree,0,1024,393216,1.892750508,0.001848389,0.000076013,0.002555184,1
warmup,23,23,tree,0,1024,393216,1.887534087,0.001843295,0.000089177,0.002574629,1
warmup,24,24,tree,0,1024,393216,1.904290025,0.001859658,0.000070822,0.002645983,1
warmup,25,25,tree,0,1024,393216,1.921246536,0.001876217,0.000080601,0.002686381,1
warmup,26,26,tree,0,1024,393216,1.953895343,0.001908101,0.000077025,0.002773467,1
warmup,27,27,tree,0,1024,393216,1.916146454,0.001871237,0.000088986,0.002649567,1
warmup,28,28,tree,0,1024,393216,1.875774411,0.001831811,0.000071383,0.002594711,1
warmup,29,29,tree,0,1024,393216,1.916791599,0.001871867,0.000072826,0.002720902,1
warmup,30,30,tree,0,1024,393216,1.874301170,0.001830372,0.000078417,0.002562271,1
warmup,31,31,tree,0,1024,393216,1.889265833,0.001844986,0.000082835,0.002655204,1
warmup,32,32,tree,0,1024,393216,1.924483008,0.001879378,0.000087254,0.002665078,1
warmup,33,33,tree,0,1024,393216,1.886064451,0.001841860,0.000077044,0.002712470,1
warmup,34,34,tree,0,1024,393216,1.895430081,0.001851006,0.000078417,0.002628464,1
warmup,35,35,tree,0,1024,393216,1.901864946,0.001857290,0.000084548,0.002631758,1
warmup,36,36,tree,0,1024,393216,1.895435268,0.001851011,0.000101501,0.002672942,1
warmup,37,37,tree,0,1024,393216,1.898297420,0.001853806,0.000094938,0.002658045,1
warmup,38,38,tree,0,1024,393216,1.866010528,0.001822276,0.000093044,0.002642841,1
warmup,39,39,tree,0,1024,393216,1.909834929,0.001865073,0.000076654,0.002628449,1
warmup,40,40,tree,0,1024,393216,1.905001164,0.001860353,0.000085971,0.002707051,1
warmup,41,41,tree,0,1024,393216,1.896468753,0.001852020,0.000073087,0.002611768,1
warmup,42,42,tree,0,1024,393216,1.887628325,0.001843387,0.000076924,0.002674957,1
warmup,43,43,tree,0,1024,393216,1.879254405,0.001835209,0.000102001,0.002627251,1
warmup,44,44,tree,0,1024,393216,1.908938345,0.001864198,0.000071253,0.002673847,1
warmup,45,45,tree,0,1024,393216,1.899255569,0.001854742,0.000096651,0.002645962,1
warmup,46,46,tree,0,1024,393216,1.860695765,0.001817086,0.000071173,0.002598168,1
warmup,47,47,tree,0,1024,393216,1.903399784,0.001858789,0.000074349,0.002696280,1
warmup,48,48,tree,0,1024,393216,1.885891666,0.001841691,0.000076122,0.002620109,1
warmup,49,49,tree,0,1024,393216,1.897296083,0.001852828,0.000081472,0.002665543,1
actual,0,50,tree,0,1024,393216,1.874456568,0.001830524,0.000080101,0.002608796,1
actual,1,51,tree,0,1024,393216,1.895275100,0.001850855,0.000074039,0.002643769,1
actual,2,52,tree,0,1024,393216,1.911658925,0.001866854,0.000079810,0.002640887,1
actual,3,53,tree,0,1024,393216,1.858285706,0.001814732,0.000071474,0.002545330,1
actual,4,54,tree,0,1024,393216,1.884808590,0.001840633,0.000068829,0.002598267,1
actual,5,55,tree,0,1024,393216,1.930809902,0.001885557,0.000072866,0.002774527,1
actual,6,56,tree,0,1024,393216,1.881224179,0.001837133,0.000075772,0.002606383,1
actual,7,57,tree,0,1024,393216,1.899303430,0.001854789,0.000076113,0.002600799,1
actual,8,58,tree,0,1024,393216,1.891653367,0.001847318,0.000071283,0.002606783,1
actual,9,59,tree,0,1024,393216,1.922284472,0.001877231,0.000076444,0.002709759,1
actual,10,60,tree,0,1024,393216,1.894177594,0.001849783,0.000071614,0.002759928,1
actual,11,61,tree,0,1024,393216,1.883246185,0.001839108,0.000089568,0.002714883,1
actual,12,62,tree,0,1024,393216,1.910964560,0.001866176,0.000089779,0.002713843,1
actual,13,63,tree,0,1024,393216,1.916241239,0.001871329,0.000093436,0.002620315,1
actual,14,64,tree,0,1024,393216,1.859890257,0.001816299,0.000076604,0.002670652,1
actual,15,65,tree,0,1024,393216,1.957429837,0.001911553,0.000072807,0.002750171,1
actual,16,66,tree,0,1024,393216,1.897813019,0.001853333,0.000075221,0.002609544,1
actual,17,67,tree,0,1024,393216,1.879314024,0.001835268,0.000073819,0.002583845,1
actual,18,68,tree,0,1024,393216,1.917482634,0.001872542,0.000084759,0.002711240,1
actual,19,69,tree,0,1024,393216,1.903870911,0.001859249,0.000070833,0.002728689,1
actual,20,70,tree,0,1024,393216,1.867832086,0.001824055,0.000083868,0.002713811,1
actual,21,71,tree,0,1024,393216,1.884956138,0.001840777,0.000081142,0.002637116,1
actual,22,72,tree,0,1024,393216,1.880576834,0.001836501,0.000074690,0.002685570,1
actual,23,73,tree,0,1024,393216,1.882537306,0.001838415,0.000075772,0.002614177,1
actual,24,74,tree,0,1024,393216,1.858581176,0.001815021,0.000073127,0.002668648,1
actual,25,75,tree,0,1024,393216,1.925266042,0.001880143,0.000078227,0.002635363,1
actual,26,76,tree,0,1024,393216,1.850790701,0.001807413,0.000064471,0.002633533,1
actual,27,77,tree,0,1024,393216,1.870362510,0.001826526,0.000077846,0.002574759,1
actual,28,78,tree,0,1024,393216,1.884423273,0.001840257,0.000075531,0.002750030,1
actual,29,79,tree,0,1024,393216,1.887089948,0.001842861,0.000081693,0.002584457,1
actual,30,80,tree,0,1024,393216,1.883301174,0.001839161,0.000077074,0.002693856,1
actual,31,81,tree,0,1024,393216,1.866705213,0.001822954,0.000077456,0.002632211,1
actual,32,82,tree,0,1024,393216,1.884641728,0.001840470,0.000084148,0.002622990,1
actual,33,83,tree,0,1024,393216,1.898489528,0.001853994,0.000088856,0.002583289,1
actual,34,84,tree,0,1024,393216,1.867317067,0.001823552,0.000076784,0.002686132,1
actual,35,85,tree,0,1024,393216,1.893639794,0.001849258,0.000069450,0.002689083,1
actual,36,86,tree,0,1024,393216,1.912483040,0.001867659,0.000083757,0.002635066,1
actual,37,87,tree,0,1024,393216,1.907096623,0.001862399,0.000084458,0.002616776,1
actual,38,88,tree,0,1024,393216,1.920672815,0.001875657,0.000074750,0.002715747,1
actual,39,89,tree,0,1024,393216,1.889083801,0.001844808,0.000073768,0.002638182,1
actual,40,90,tree,0,1024,393216,1.856513083,0.001813001,0.000075251,0.002570161,1
actual,41,91,tree,0,1024,393216,1.875223542,0.001831273,0.000070322,0.002649763,1
actual,42,92,tree,0,1024,393216,1.896775586,0.001852320,0.000077135,0.002630372,1
actual,43,93,tree,0,1024,393216,1.908447479,0.001863718,0.000083978,0.002718359,1
actual,44,94,tree,0,1024,393216,1.924432383,0.001879328,0.000073908,0.002712858,1
actual,45,95,tree,0,1024,393216,1.926459490,0.001881308,0.000074019,0.002703103,1
actual,46,96,tree,0,1024,393216,1.864478313,0.001820780,0.000073107,0.002556002,1
actual,47,97,tree,0,1024,393216,1.930975054,0.001885718,0.000071123,0.002735444,1
actual,48,98,tree,0,1024,393216,1.869123901,0.001825316,0.000074059,0.002604375,1
actual,49,99,tree,0,1024,393216,1.880034419,0.001835971,0.000075812,0.002621867,1
warmup,0,0,tree,0,1024,524288,2.522289743,0.002463174,0.000088065,0.003428682,1
warmup,1,1,tree,0,1024,524288,2.499079552,0.002440507,0.000101651,0.003530242,1
warmup,2,2,tree,0,1024,524288,2.422837529,0.002366052,0.000104416,0.003488351,1
warmup,3,3,tree,0,1024,524288,2.510916657,0.002452067,0.000099196,0.003460953,1
warmup,4,4,tree,0,1024,524288,2.454902747,0.002397366,0.000087805,0.003476019,1
warmup,5,5,tree,0,1024,524288,2.427426228,0.002370533,0.000088907,0.003560907,1
warmup,6,6,tree,0,1024,524288,2.384683251,0.002328792,0.000114765,0.003304454,1
warmup,7,7,tree,0,1024,524288,2.413902946,0.002357327,0.000101961,0.003468546,1
warmup,8,8,tree,0,1024,524288,2.460184493,0.002402524,0.000094457,0.003476672,1
warmup,9,9,tree,0,1024,524288,2.410007806,0.002353523,0.000096871,0.003375994,1
warmup,10,10,tree,0,1024,524288,2.437282953,0.002380159,0.000094777,0.003415175,1
warmup,11,11,tree,0,1024,524288,2.412967353,0.002356413,0.000115767,0.003426888,1
warmup,12,12,tree,0,1024,524288,2.462093523,0.002404388,0.000096010,0.003475565,1
warmup,13,13,tree,0,1024,524288,2.421524266,0.002364770,0.000117340,0.003493073,1
warmup,14,14,tree,0,1024,524288,2.418372875,0.002361692,0.000092423,0.003393697,1
warmup,15,15,tree,0,1024,524288,2.503195031,0.002444526,0.000089518,0.003517326,1
warmup,16,16,tree,0,1024,524288,2.510522026,0.002451682,0.000099236,0.003566537,1
warmup,17,17,tree,0,1024,524288,2.452156077,0.002394684,0.000091492,0.003416366,1
warmup,18,18,tree,0,1024,524288,2.391168232,0.002335125,0.000090229,0.003488714,1
warmup,19,19,tree,0,1024,524288,2.426698086,0.002369822,0.000125135,0.003374389,1
warmup,20,20,tree,0,1024,524288,2.462895530,0.002405171,0.000093275,0.003570669,1
warmup,21,21,tree,0,1024,524288,2.422522646,0.002365745,0.000090590,0.003369372,1
warmup,22,22,tree,0,1024,524288,2.534472828,0.002475071,0.000096521,0.003552589,1
warmup,23,23,tree,0,1024,524288,2.468459003,0.002410604,0.000088857,0.003486648,1
warmup,24,24,tree,0,1024,524288,2.418230037,0.002361553,0.000121348,0.003390891,1
warmup,25,25,tree,0,1024,524288,2.362788240,0.002307410,0.000106370,0.003404681,1
warmup,26,26,tree,0,1024,524288,2.430284838,0.002373325,0.000092002,0.003516437,1
warmup,27,27,tree,0,1024,524288,2.449688076,0.002392274,0.000101220,0.003434762,1
warmup,28,28,tree,0,1024,524288,2.409947474,0.002353464,0.000091501,0.003374141,1
warmup,29,29,tree,0,1024,524288,2.431445687,0.002374459,0.000103093,0.003518007,1
warmup,30,30,tree,0,1024,524288,2.386265231,0.002330337,0.000106770,0.003411379,1
warmup,31,31,tree,0,1024,524288,2.405853334,0.002349466,0.000103504,0.003364110,1
warmup,32,32,tree,0,1024,524288,2.395616258,0.002339469,0.000091651,0.003389918,1
warmup,33,33,tree,0,1024,524288,2.355353416,0.002300150,0.000090189,0.003284463,1
warmup,34,34,tree,0,1024,524288,2.440459571,0.002383261,0.000102221,0.003419445,1
warmup,35,35,tree,0,1024,524288,2.437934686,0.002380796,0.000107882,0.003387706,1
warmup,36,36,tree,0,1024,524288,2.390179515,0.002334160,0.000095018,0.003267197,1
warmup,37,37,tree,0,1024,524288,2.429976428,0.002373024,0.000097362,0.003450752,1
warmup,38,38,tree,0,1024,524288,2.441732725,0.002384505,0.000099777,0.003296105,1
warmup,39,39,tree,0,1024,524288,2.508206164,0.002449420,0.000097603,0.003527415,1
warmup,40,40,tree,0,1024,524288,2.414102983,0.002357522,0.000090009,0.003339513,1
warmup,41,41,tree,0,1024,524288,2.384914551,0.002329018,0.000093947,0.003267800,1
warmup,42,42,tree,0,1024,524288,2.435482599,0.002378401,0.000095900,0.003473925,1
warmup,43,43,tree,0,1024,524288,2.397538038,0.002341346,0.000098645,0.003418445,1
warmup,44,44,tree,0,1024,524288,2.388108625,0.002332137,0.000099927,0.003259785,1
warmup,45,45,tree,0,1024,524288,2.396704968,0.002340532,0.000090841,0.003553994,1
warmup,46,46,tree,0,1024,524288,2.428341307,0.002371427,0.000099005,0.003442780,1
warmup,47,47,tree,0,1024,524288,2.443885432,0.002386607,0.000091321,0.003432316,1
warmup,48,48,tree,0,1024,524288,2.374328081,0.002318680,0.000096842,0.003409847,1
warmup,49,49,tree,0,1024,524288,2.407189520,0.002350771,0.000095399,0.003418954,1
actual,0,50,tree,0,1024,524288,2.335059222,0.002280331,0.000104245,0.003280014,1
actual,1,51,tree,0,1024,524288,2.372828523,0.002317215,0.000117740,0.003261431,1
actual,2,52,tree,0,1024,524288,2.427345506,0.002370455,0.000093776,0.003337962,1
actual,3,53,tree,0,1024,524288,2.435729757,0.002378642,0.000088917,0.003362596,1
actual,4,54,tree,0,1024,524288,2.442877588,0.002385623,0.000090009,0.003423522,1
actual,5,55,tree,0,1024,524288,2.444497616,0.002387205,0.000094668,0.003517330,1
actual,6,56,tree,0,1024,524288,2.452042379,0.002394573,0.000094297,0.003613422,1
actual,7,57,tree,0,1024,524288,2.365480550,0.002310040,0.000089738,0.003485729,1
actual,8,58,tree,0,1024,524288,2.392475759,0.002336402,0.000101390,0.003397475,1
actual,9,59,tree,0,1024,524288,2.428152358,0.002371243,0.000097522,0.003498500,1
actual,10,60,tree,0,1024,524288,2.424385993,0.002367564,0.000097913,0.003315043,1
actual,11,61,tree,0,1024,524288,2.440874699,0.002383667,0.000094938,0.003392624,1
actual,12,62,tree,0,1024,524288,2.387766402,0.002331803,0.000104386,0.003344717,1
actual,13,63,tree,0,1024,524288,2.421268308,0.002364520,0.000095139,0.003283910,1
actual,14,64,tree,0,1024,524288,2.438688995,0.002381532,0.000093535,0.003533658,1
actual,15,65,tree,0,1024,524288,2.418985157,0.002362290,0.000120456,0.003378428,1
actual,16,66,tree,0,1024,524288,2.457416082,0.002399820,0.000103103,0.003402293,1
actual,17,67,tree,0,1024,524288,2.480417869,0.002422283,0.000099507,0.003567708,1
actual,18,68,tree,0,1024,524288,2.376566236,0.002320865,0.000093916,0.003302957,1
actual,19,69,tree,0,1024,524288,2.400382588,0.002344124,0.000086983,0.003372839,1
actual,20,70,tree,0,1024,524288,2.390545929,0.002334518,0.000100588,0.003279014,1
actual,21,71,tree,0,1024,524288,2.399932433,0.002343684,0.000093646,0.003294873,1
actual,22,72,tree,0,1024,524288,2.433607252,0.002376570,0.000105878,0.003474076,1
actual,23,73,tree,0,1024,524288,2.459415321,0.002401773,0.000094677,0.003466932,1
actual,24,74,tree,0,1024,524288,2.409356015,0.002352887,0.000096070,0.003328505,1
actual,25,75,tree,0,1024,524288,2.425944396,0.002369086,0.000098825,0.003462600,1
actual,26,76,tree,0,1024,524288,2.424633680,0.002367806,0.000098354,0.003482882,1
actual,27,77,tree,0,1024,524288,2.428653652,0.002371732,0.000091081,0.003316141,1
actual,28,78,tree,0,1024,524288,2.422998642,0.002366210,0.000093735,0.003341840,1
actual,29,79,tree,0,1024,524288,2.398252267,0.002342043,0.000117810,0.003348743,1
actual,30,80,tree,0,1024,524288,2.431594031,0.002374604,0.000099737,0.003346372,1
actual,31,81,tree,0,1024,524288,2.392515762,0.002336441,0.000097553,0.003385190,1
actual,32,82,tree,0,1024,524288,2.423435958,0.002366637,0.000098274,0.003377066,1
actual,33,83,tree,0,1024,524288,2.400545653,0.002344283,0.000105678,0.003487913,1
actual,34,84,tree,0,1024,524288,2.464700938,0.002406935,0.000110217,0.003385200,1
actual,35,85,tree,0,1024,524288,2.444873605,0.002387572,0.000106940,0.003408092,1
actual,36,86,tree,0,1024,524288,2.439854446,0.002382670,0.000094407,0.003358887,1
actual,37,87,tree,0,1024,524288,2.403393518,0.002347064,0.000111249,0.003552143,1
actual,38,88,tree,0,1024,524288,2.401312156,0.002345031,0.000113723,0.003364883,1
actual,39,89,tree,0,1024,524288,2.369656774,0.002314118,0.000091221,0.003284640,1
actual,40,90,tree,0,1024,524288,2.455817459,0.002398259,0.000093175,0.003378076,1
actual,41,91,tree,0,1024,524288,2.447997670,0.002390623,0.000099887,0.003506408,1
actual,42,92,tree,0,1024,524288,2.475138035,0.002417127,0.000091451,0.003418717,1
actual,43,93,tree,0,1024,524288,2.427746804,0.002370846,0.000098454,0.003400879,1
actual,44,94,tree,0,1024,524288,2.398322503,0.002342112,0.000095228,0.003285133,1
actual,45,95,tree,0,1024,524288,2.430356484,0.002373395,0.000094928,0.003493915,1
actual,46,96,tree,0,1024,524288,2.452107535,0.002394636,0.000109746,0.003412010,1
actual,47,97,tree,0,1024,524288,2.417713214,0.002361048,0.000097553,0.003372316,1
actual,48,98,tree,0,1024,524288,2.412216130,0.002355680,0.000098264,0.003478255,1
actual,49,99,tree,0,1024,524288,2.500741058,0.002442130,0.000095349,0.003540318,1
warmup,0,0,tree,0,1024,786432,3.593608393,0.003509383,0.000148969,0.004968262,1
warmup,1,1,tree,0,1024,786432,3.626162937,0.003541175,0.000152566,0.005229846,1
warmup,2,2,tree,0,1024,786432,3.533894564,0.003451069,0.000130966,0.005214519,1
warmup,3,3,tree,0,1024,786432,3.617009969,0.003532236,0.000150332,0.005103651,1
warmup,4,4,tree,0,1024,786432,3.550365261,0.003467154,0.000143719,0.004948127,1
warmup,5,5,tree,0,1024,786432,3.492517405,0.003410662,0.000140323,0.005036997,1
warmup,6,6,tree,0,1024,786432,3.633671220,0.003548507,0.000140834,0.005070929,1
warmup,7,7,tree,0,1024,786432,3.540559597,0.003457578,0.000134191,0.005055794,1
warmup,8,8,tree,0,1024,786432,3.447825861,0.003367017,0.000130645,0.004940284,1
warmup,9,9,tree,0,1024,786432,3.502438341,0.003420350,0.000145002,0.004942358,1
warmup,10,10,tree,0,1024,786432,3.490285266,0.003408482,0.000140553,0.004937833,1
warmup,11,11,tree,0,1024,786432,3.400895135,0.003321187,0.000143168,0.005027472,1
warmup,12,12,tree,0,1024,786432,3.670937464,0.003584900,0.000139471,0.005169025,1
warmup,13,13,tree,0,1024,786432,3.546648826,0.003463524,0.000133280,0.004863544,1
warmup,14,14,tree,0,1024,786432,3.534510714,0.003451671,0.000141886,0.004781260,1
warmup,15,15,tree,0,1024,786432,3.503112257,0.003421008,0.000134492,0.004962638,1
warmup,16,16,tree,0,1024,786432,3.375454637,0.003296342,0.000133069,0.004636785,1
warmup,17,17,tree,0,1024,786432,3.596811218,0.003512511,0.000136305,0.004920984,1
warmup,18,18,tree,0,1024,786432,3.401887876,0.003322156,0.000132078,0.004795332,1
warmup,19,19,tree,0,1024,786432,3.541947755,0.003458933,0.000132579,0.004967997,1
warmup,20,20,tree,0,1024,786432,3.442134697,0.003361460,0.000134392,0.004804822,1
warmup,21,21,tree,0,1024,786432,3.464699267,0.003383495,0.000132839,0.004777750,1
warmup,22,22,tree,0,1024,786432,3.453790833,0.003372843,0.000137638,0.005034440,1
warmup,23,23,tree,0,1024,786432,3.347806081,0.003269342,0.000140313,0.004903214,1
warmup,24,24,tree,0,1024,786432,3.427792455,0.003347454,0.000135164,0.004779330,1
warmup,25,25,tree,0,1024,786432,3.437903549,0.003357328,0.000132949,0.004844355,1
warmup,26,26,tree,0,1024,786432,3.457283528,0.003376253,0.000164047,0.004755699,1
warmup,27,27,tree,0,1024,786432,3.466870053,0.003385615,0.000156844,0.005010210,1
warmup,28,28,tree,0,1024,786432,3.594102434,0.003509866,0.000144210,0.005036271,1
warmup,29,29,tree,0,1024,786432,3.504969322,0.003422822,0.000142116,0.005090770,1
warmup,30,30,tree,0,1024,786432,3.425667323,0.003345378,0.000138480,0.004915047,1
warmup,31,31,tree,0,1024,786432,3.376836862,0.003297692,0.000160210,0.004804670,1
warmup,32,32,tree,0,1024,786432,3.392928877,0.003313407,0.000134502,0.004825490,1
warmup,33,33,tree,0,1024,786432,3.410949448,0.003331005,0.000124083,0.004816960,1
warmup,34,34,tree,0,1024,786432,3.516899055,0.003434472,0.000148138,0.004920448,1
warmup,35,35,tree,0,1024,786432,3.497809676,0.003415830,0.000163026,0.005074459,1
warmup,36,36,tree,0,1024,786432,3.486129474,0.003404423,0.000152005,0.004798981,1
warmup,37,37,tree,0,1024,786432,3.508445419,0.003426216,0.000147106,0.005006986,1
warmup,38,38,tree,0,1024,786432,3.406914905,0.003327065,0.000135193,0.004655716,1
warmup,39,39,tree,0,1024,786432,3.485767035,0.003404069,0.000131397,0.004870641,1
warmup,40,40,tree,0,1024,786432,3.490327777,0.003408523,0.000133059,0.004972035,1
warmup,41,41,tree,0,1024,786432,3.427915960,0.003347574,0.000136436,0.004719632,1
warmup,42,42,tree,0,1024,786432,3.459300143,0.003378223,0.000138349,0.004967134,1
warmup,43,43,tree,0,1024,786432,3.482945923,0.003401314,0.000135895,0.004945665,1
warmup,44,44,tree,0,1024,786432,3.386670965,0.003307296,0.000126917,0.004704632,1
warmup,45,45,tree,0,1024,786432,3.488415563,0.003406656,0.000127599,0.004882185,1
warmup,46,46,tree,0,1024,786432,3.547116263,0.003463981,0.000130475,0.004869702,1
warmup,47,47,tree,0,1024,786432,3.493672593,0.003411790,0.000141736,0.004882933,1
warmup,48,48,tree,0,1024,786432,3.515616057,0.003433219,0.000137929,0.004919725,1
warmup,49,49,tree,0,1024,786432,3.498904417,0.003416899,0.000130855,0.004811032,1
actual,0,50,tree,0,1024,786432,3.440500715,0.003359864,0.000151914,0.004750049,1
actual,1,51,tree,0,1024,786432,3.486167181,0.003404460,0.000142447,0.004785045,1
actual,2,52,tree,0,1024,786432,3.409252080,0.003329348,0.000161633,0.004715071,1
actual,3,53,tree,0,1024,786432,3.471440543,0.003390079,0.000149650,0.004830719,1
actual,4,54,tree,0,1024,786432,3.504557353,0.003422419,0.000131787,0.004834162,1
actual,5,55,tree,0,1024,786432,3.557057607,0.003473689,0.000134122,0.004834750,1
actual,6,56,tree,0,1024,786432,3.380246113,0.003301022,0.000137477,0.004822794,1
actual,7,57,tree,0,1024,786432,3.410229591,0.003330302,0.000132719,0.004879627,1
actual,8,58,tree,0,1024,786432,3.495177176,0.003413259,0.000140965,0.004810783,1
actual,9,59,tree,0,1024,786432,3.464184528,0.003382993,0.000129452,0.004884748,1
actual,10,60,tree,0,1024,786432,3.488303665,0.003406547,0.000138509,0.004819689,1
actual,11,61,tree,0,1024,786432,3.465688251,0.003384461,0.000146194,0.004823121,1
actual,12,62,tree,0,1024,786432,3.471743746,0.003390375,0.000144571,0.005023502,1
actual,13,63,tree,0,1024,786432,3.398373059,0.003318724,0.000157446,0.004641997,1
actual,14,64,tree,0,1024,786432,3.452729955,0.003371807,0.000136305,0.004822405,1
actual,15,65,tree,0,1024,786432,3.478005337,0.003396490,0.000136516,0.005092933,1
actual,16,66,tree,0,1024,786432,3.447212434,0.003366418,0.000128781,0.004862497,1
actual,17,67,tree,0,1024,786432,3.494803380,0.003412894,0.000140273,0.004893472,1
actual,18,68,tree,0,1024,786432,3.410363321,0.003330433,0.000131697,0.004717257,1
actual,19,69,tree,0,1024,786432,3.416035602,0.003335972,0.000136004,0.004798039,1
actual,20,70,tree,0,1024,786432,3.430799502,0.003350390,0.000127139,0.004889679,1
actual,21,71,tree,0,1024,786432,3.585264275,0.003501235,0.000153087,0.004933705,1
actual,22,72,tree,0,1024,786432,3.471594534,0.003390229,0.000135323,0.004805834,1
actual,23,73,tree,0,1024,786432,3.470120061,0.003388789,0.000128301,0.004871859,1
actual,24,74,tree,0,1024,786432,3.378790939,0.003299601,0.000135033,0.004719098,1
actual,25,75,tree,0,1024,786432,3.490057497,0.003408259,0.000159780,0.004823563,1
actual,26,76,tree,0,1024,786432,3.514586944,0.003432214,0.000159569,0.004875564,1
actual,27,77,tree,0,1024,786432,3.498676875,0.003416677,0.000128101,0.004854165,1
actual,28,78,tree,0,1024,786432,3.494752858,0.003412845,0.000140704,0.004747449,1
actual,29,79,tree,0,1024,786432,3.402998097,0.003323240,0.000137287,0.004821551,1
actual,30,80,tree,0,1024,786432,3.676261633,0.003590099,0.000149040,0.004981719,1
actual,31,81,tree,0,1024,786432,3.476774484,0.003395288,0.000136616,0.004765673,1
actual,32,82,tree,0,1024,786432,3.485163142,0.003403480,0.000133009,0.004936805,1
actual,33,83,tree,0,1024,786432,3.440839718,0.003360195,0.000142497,0.004839996,1
actual,34,84,tree,0,1024,786432,3.446703055,0.003365921,0.000153047,0.004931948,1
actual,35,85,tree,0,1024,786432,3.514136098,0.003431774,0.000125365,0.004790842,1
actual,36,86,tree,0,1024,786432,3.471458783,0.003390096,0.000125705,0.004882315,1
actual,37,87,tree,0,1024,786432,3.351588509,0.003273036,0.000127119,0.004656803,1
actual,38,88,tree,0,1024,786432,3.377177305,0.003298025,0.000136256,0.004739242,1
actual,39,89,tree,0,1024,786432,3.407278559,0.003327420,0.000129903,0.004759937,1
actual,40,90,tree,0,1024,786432,3.459174506,0.003378100,0.000134713,0.004786344,1
actual,41,91,tree,0,1024,786432,3.522222243,0.003439670,0.000146795,0.004875664,1
actual,42,92,tree,0,1024,786432,3.352331865,0.003273762,0.000132308,0.004906691,1
actual,43,93,tree,0,1024,786432,3.517084063,0.003434652,0.000135233,0.004939436,1
actual,44,94,tree,0,1024,786432,3.521980576,0.003439434,0.000139261,0.004867477,1
actual,45,95,tree,0,1024,786432,3.492313852,0.003410463,0.000140433,0.004826222,1
actual,46,96,tree,0,1024,786432,3.564184060,0.003480648,0.000141035,0.004946667,1
actual,47,97,tree,0,1024,786432,3.498018753,0.003416034,0.000131807,0.004896839,1
actual,48,98,tree,0,1024,786432,3.593250366,0.003509034,0.000136386,0.005177642,1
actual,49,99,tree,0,1024,786432,3.471724446,0.003390356,0.000140343,0.005028352,1
warmup,0,0,tree,0,1024,1048576,4.855919856,0.004742109,0.000167103,0.006664410,1
warmup,1,1,tree,0,1024,1048576,4.662566769,0.004553288,0.000188232,0.006442720,1
warmup,2,2,tree,0,1024,1048576,4.714745161,0.004604243,0.000183744,0.006875235,1
warmup,3,3,tree,0,1024,1048576,4.597989566,0.004490224,0.000172102,0.006745683,1
warmup,4,4,tree,0,1024,1048576,4.730502590,0.004619631,0.000188734,0.006549982,1
warmup,5,5,tree,0,1024,1048576,4.622985342,0.004514634,0.000204534,0.006467154,1
warmup,6,6,tree,0,1024,1048576,4.608812440,0.004500793,0.000180808,0.006590727,1
warmup,7,7,tree,0,1024,1048576,4.730971948,0.004620090,0.000179226,0.006544576,1
warmup,8,8,tree,0,1024,1048576,4.655060055,0.004545957,0.000189405,0.006619055,1
warmup,9,9,tree,0,1024,1048576,4.502047292,0.004396531,0.000161373,0.006187245,1
warmup,10,10,tree,0,1024,1048576,4.692693926,0.004582709,0.000156654,0.006464721,1
warmup,11,11,tree,0,1024,1048576,4.467642519,0.004362932,0.000165490,0.006438362,1
warmup,12,12,tree,0,1024,1048576,4.476163369,0.004371253,0.000190327,0.006237824,1
warmup,13,13,tree,0,1024,1048576,4.464805320,0.004360161,0.000165110,0.006219420,1
warmup,14,14,tree,0,1024,1048576,4.638820060,0.004530098,0.000160471,0.006778154,1
warmup,15,15,tree,0,1024,1048576,4.577327341,0.004470046,0.000185848,0.006602117,1
warmup,16,16,tree,0,1024,1048576,4.591830756,0.004484210,0.000176901,0.006839931,1
warmup,17,17,tree,0,1024,1048576,4.582917265,0.004475505,0.000192732,0.006349927,1
warmup,18,18,tree,0,1024,1048576,4.598329534,0.004490556,0.000183043,0.006475973,1
warmup,19,19,tree,0,1024,1048576,4.640475995,0.004531715,0.000187732,0.006478907,1
warmup,20,20,tree,0,1024,1048576,4.525376065,0.004419313,0.000204614,0.006552906,1
warmup,21,21,tree,0,1024,1048576,4.473958131,0.004369100,0.000178555,0.006382119,1
warmup,22,22,tree,0,1024,1048576,4.472867488,0.004368035,0.000162504,0.006505198,1
warmup,23,23,tree,0,1024,1048576,4.508661672,0.004402990,0.000187732,0.006251269,1
warmup,24,24,tree,0,1024,1048576,4.500412241,0.004394934,0.000178975,0.006394918,1
warmup,25,25,tree,0,1024,1048576,4.570851812,0.004463722,0.000171471,0.006361903,1
warmup,26,26,tree,0,1024,1048576,4.462723409,0.004358128,0.000165991,0.006469481,1
warmup,27,27,tree,0,1024,1048576,4.536518215,0.004430194,0.000166001,0.006177296,1
warmup,28,28,tree,0,1024,1048576,4.591065397,0.004483462,0.000182152,0.006386480,1
warmup,29,29,tree,0,1024,1048576,4.608556874,0.004500544,0.000162986,0.006199949,1
warmup,30,30,tree,0,1024,1048576,4.475233871,0.004370346,0.000168716,0.006180653,1
warmup,31,31,tree,0,1024,1048576,4.650924321,0.004541918,0.000175809,0.006562765,1
warmup,32,32,tree,0,1024,1048576,4.579722619,0.004472385,0.000172373,0.006452516,1
warmup,33,33,tree,0,1024,1048576,4.551273015,0.004444603,0.000190457,0.006434582,1
warmup,34,34,tree,0,1024,1048576,4.434381932,0.004330451,0.000185978,0.006432699,1
warmup,35,35,tree,0,1024,1048576,4.573994948,0.004466792,0.000162615,0.006518256,1
warmup,36,36,tree,0,1024,1048576,4.423440697,0.004319766,0.000159108,0.006068442,1
warmup,37,37,tree,0,1024,1048576,4.628006156,0.004519537,0.000191960,0.006638151,1
warmup,38,38,tree,0,1024,1048576,4.504439153,0.004398866,0.000188183,0.006396952,1
warmup,39,39,tree,0,1024,1048576,4.642016633,0.004533219,0.000176751,0.006297568,1
warmup,40,40,tree,0,1024,1048576,4.489636326,0.004384410,0.000175960,0.006263929,1
warmup,41,41,tree,0,1024,1048576,4.555082971,0.004448323,0.000165941,0.006257318,1
warmup,42,42,tree,0,1024,1048576,4.530489957,0.004424307,0.000183304,0.006518245,1
warmup,43,43,tree,0,1024,1048576,4.407788991,0.004304481,0.000174386,0.006285163,1
warmup,44,44,tree,0,1024,1048576,4.531843163,0.004425628,0.000182252,0.006424728,1
warmup,45,45,tree,0,1024,1048576,4.518201383,0.004412306,0.000178425,0.006324690,1
warmup,46,46,tree,0,1024,1048576,4.541731616,0.004435285,0.000162865,0.006506298,1
warmup,47,47,tree,0,1024,1048576,4.639224973,0.004530493,0.000161101,0.006467331,1
warmup,48,48,tree,0,1024,1048576,4.568521937,0.004461447,0.000206297,0.006330488,1
warmup,49,49,tree,0,1024,1048576,4.654720510,0.004545625,0.000186740,0.006505634,1
actual,0,50,tree,0,1024,1048576,4.599178896,0.004491386,0.000190917,0.006458429,1
actual,1,51,tree,0,1024,1048576,4.527857667,0.004421736,0.000161733,0.006445503,1
actual,2,52,tree,0,1024,1048576,4.549705199,0.004443071,0.000199103,0.006338327,1
actual,3,53,tree,0,1024,1048576,4.527584466,0.004421469,0.000168115,0.006210269,1
actual,4,54,tree,0,1024,1048576,4.592250150,0.004484619,0.000169197,0.006395011,1
actual,5,55,tree,0,1024,1048576,4.592236141,0.004484606,0.000161743,0.006411311,1
actual,6,56,tree,0,1024,1048576,4.491592421,0.004386321,0.000180979,0.006403058,1
actual,7,57,tree,0,1024,1048576,4.524017279,0.004417986,0.000174487,0.006186117,1
actual,8,58,tree,0,1024,1048576,4.552047097,0.004445358,0.000167033,0.006318515,1
actual,9,59,tree,0,1024,1048576,4.703180872,0.004592950,0.000176340,0.006593593,1
actual,10,60,tree,0,1024,1048576,4.629117725,0.004520623,0.000172353,0.006464000,1
actual,11,61,tree,0,1024,1048576,4.583243789,0.004475824,0.000163116,0.006332479,1
actual,12,62,tree,0,1024,1048576,4.466544142,0.004361860,0.000158597,0.006475709,1
actual,13,63,tree,0,1024,1048576,4.560839448,0.004453945,0.000172042,0.006540673,1
actual,14,64,tree,0,1024,1048576,4.490001250,0.004384767,0.000158137,0.006297335,1
actual,15,65,tree,0,1024,1048576,4.643941578,0.004535099,0.000185448,0.006445973,1
actual,16,66,tree,0,1024,1048576,4.579329863,0.004472002,0.000192311,0.006404047,1
actual,17,67,tree,0,1024,1048576,4.622132662,0.004513801,0.000188623,0.006300353,1
actual,18,68,tree,0,1024,1048576,4.551449308,0.004444775,0.000209012,0.006499127,1
actual,19,69,tree,0,1024,1048576,4.414105866,0.004310650,0.000157866,0.006242639,1
actual,20,70,tree,0,1024,1048576,4.464952800,0.004360305,0.000203872,0.006259251,1
actual,21,71,tree,0,1024,1048576,4.731382819,0.004620491,0.000178975,0.006758423,1
actual,22,72,tree,0,1024,1048576,4.590011696,0.004482433,0.000159999,0.006406772,1
actual,23,73,tree,0,1024,1048576,4.603426467,0.004495534,0.000209904,0.006378432,1
actual,24,74,tree,0,1024,1048576,4.611944913,0.004503852,0.000197080,0.006405993,1
actual,25,75,tree,0,1024,1048576,4.502988846,0.004397450,0.000178895,0.006342003,1
actual,26,76,tree,0,1024,1048576,4.656243368,0.004547113,0.000182852,0.006693175,1
actual,27,77,tree,0,1024,1048576,4.629903240,0.004521390,0.000190367,0.006278460,1
actual,28,78,tree,0,1024,1048576,4.601464406,0.004493618,0.000187742,0.006526753,1
actual,29,79,tree,0,1024,1048576,4.594596382,0.004486911,0.000184145,0.006307091,1
actual,30,80,tree,0,1024,1048576,4.604291605,0.004496379,0.000189204,0.006647228,1
actual,31,81,tree,0,1024,1048576,4.573710670,0.004466514,0.000196318,0.006567391,1
actual,32,82,tree,0,1024,1048576,4.648724663,0.004539770,0.000195466,0.006700784,1
actual,33,83,tree,0,1024,1048576,4.536518988,0.004430194,0.000172022,0.006373891,1
actual,34,84,tree,0,1024,1048576,4.589114807,0.004481557,0.000168456,0.006450468,1
actual,35,85,tree,0,1024,1048576,4.435099105,0.004331151,0.000162605,0.006393576,1
actual,36,86,tree,0,1024,1048576,4.629494003,0.004520990,0.000162585,0.006541445,1
actual,37,87,tree,0,1024,1048576,4.634093411,0.004525482,0.000197761,0.006522065,1
actual,38,88,tree,0,1024,1048576,4.661808107,0.004552547,0.000185959,0.006493294,1
actual,39,89,tree,0,1024,1048576,4.572314867,0.004465151,0.000205475,0.006318334,1
actual,40,90,tree,0,1024,1048576,4.661998724,0.004552733,0.000170479,0.006315242,1
actual,41,91,tree,0,1024,1048576,4.536697708,0.004430369,0.000185027,0.006449345,1
actual,42,92,tree,0,1024,1048576,4.714106473,0.004603620,0.000196008,0.006632816,1
actual,43,93,tree,0,1024,1048576,4.692212947,0.004582239,0.000177643,0.006612663,1
actual,44,94,tree,0,1024,1048576,4.609362262,0.004501330,0.000190698,0.006598681,1
actual,45,95,tree,0,1024,1048576,4.649346602,0.004540378,0.000187742,0.006481426,1
actual,46,96,tree,0,1024,1048576,4.511928703,0.004406180,0.000187432,0.006583077,1
actual,47,97,tree,0,1024,1048576,4.575186483,0.004467956,0.000179817,0.006584861,1
actual,48,98,tree,0,1024,1048576,4.672171806,0.004562668,0.000185017,0.006496074,1
actual,49,99,tree,0,1024,1048576,4.675211944,0.004565637,0.000180168,0.006788444,1
warmup,0,0,tree,0,1024,1572864,6.984705520,0.006821001,0.000281387,0.010000763,1
warmup,1,1,tree,0,1024,1572864,6.841459762,0.006681113,0.000235902,0.009590738,1
warmup,2,2,tree,0,1024,1572864,6.917500435,0.006755372,0.000265658,0.009945836,1
warmup,3,3,tree,0,1024,1572864,6.754590236,0.006596280,0.000251482,0.009698369,1
warmup,4,4,tree,0,1024,1572864,6.913876148,0.006751832,0.000255509,0.009910309,1
warmup,5,5,tree,0,1024,1572864,7.114445049,0.006947700,0.000277430,0.009986331,1
warmup,6,6,tree,0,1024,1572864,6.951387869,0.006788465,0.000263724,0.009655118,1
warmup,7,7,tree,0,1024,1572864,6.861870605,0.006701046,0.000248225,0.009857734,1
warmup,8,8,tree,0,1024,1572864,7.038814297,0.006873842,0.000280065,0.009784862,1
warmup,9,9,tree,0,1024,1572864,6.816454300,0.006656694,0.000261570,0.009699243,1
warmup,10,10,tree,0,1024,1572864,6.881947147,0.006720652,0.000233427,0.009493395,1
warmup,11,11,tree,0,1024,1572864,6.721093061,0.006563567,0.000233788,0.009431696,1
warmup,12,12,tree,0,1024,1572864,6.788342702,0.006629241,0.000239849,0.009310014,1
warmup,13,13,tree,0,1024,1572864,7.046032606,0.006880891,0.000256270,0.009989773,1
warmup,14,14,tree,0,1024,1572864,6.983605867,0.006819928,0.000262421,0.010026090,1
warmup,15,15,tree,0,1024,1572864,6.948245841,0.006785396,0.000287659,0.009693309,1
warmup,16,16,tree,0,1024,1572864,6.840740640,0.006680411,0.000266410,0.009943020,1
warmup,17,17,tree,0,1024,1572864,6.954465693,0.006791470,0.000258905,0.009990919,1
warmup,18,18,tree,0,1024,1572864,6.743409159,0.006585361,0.000291586,0.009587549,1
warmup,19,19,tree,0,1024,1572864,6.790399713,0.006631250,0.000270497,0.010025255,1
warmup,20,20,tree,0,1024,1572864,6.982194999,0.006818550,0.000275607,0.009778152,1
warmup,21,21,tree,0,1024,1572864,6.816432550,0.006656672,0.000240561,0.010036945,1
warmup,22,22,tree,0,1024,1572864,6.711857870,0.006554549,0.000270347,0.009764786,1
warmup,23,23,tree,0,1024,1572864,6.779494649,0.006620600,0.000242594,0.009969980,1
warmup,24,24,tree,0,1024,1572864,6.944185462,0.006781431,0.000240781,0.010250777,1
warmup,25,25,tree,0,1024,1572864,6.670724732,0.006514380,0.000280456,0.009377355,1
warmup,26,26,tree,0,1024,1572864,6.757252030,0.006598879,0.000246853,0.009462468,1
warmup,27,27,tree,0,1024,1572864,6.820181979,0.006660334,0.000249518,0.009542006,1
warmup,28,28,tree,0,1024,1572864,6.618453823,0.006463334,0.000231795,0.009657184,1
warmup,29,29,tree,0,1024,1572864,6.909599032,0.006747655,0.000288941,0.009674336,1
warmup,30,30,tree,0,1024,1572864,6.910174161,0.006748217,0.000262442,0.009474098,1
warmup,31,31,tree,0,1024,1572864,6.912277309,0.006750271,0.000247223,0.009826462,1
warmup,32,32,tree,0,1024,1572864,6.990867640,0.006827019,0.000295684,0.009781367,1
warmup,33,33,tree,0,1024,1572864,6.553396353,0.006399801,0.000250870,0.009492632,1
warmup,34,34,tree,0,1024,1572864,6.797487853,0.006638172,0.000269215,0.009657012,1
warmup,35,35,tree,0,1024,1572864,6.734907616,0.006577058,0.000267361,0.009901600,1
warmup,36,36,tree,0,1024,1572864,6.728060323,0.006570371,0.000252694,0.009488001,1
warmup,37,37,tree,0,1024,1572864,6.799928705,0.006640555,0.000262071,0.010183492,1
warmup,38,38,tree,0,1024,1572864,6.852935522,0.006692320,0.000239168,0.013554353,1
warmup,39,39,tree,0,1024,1572864,6.797984165,0.006638656,0.000255939,0.009733030,1
warmup,40,40,tree,0,1024,1572864,6.666873965,0.006510619,0.000268513,0.009534256,1
warmup,41,41,tree,0,1024,1572864,7.017920573,0.006853438,0.000262202,0.009814538,1
warmup,42,42,tree,0,1024,1572864,6.786759378,0.006627695,0.000243216,0.009829007,1
warmup,43,43,tree,0,1024,1572864,6.924212092,0.006761926,0.000272772,0.009453844,1
warmup,44,44,tree,0,1024,1572864,6.889895002,0.006728413,0.000245680,0.009570543,1
warmup,45,45,tree,0,1024,1572864,6.851306277,0.006690729,0.000241433,0.009411699,1
warmup,46,46,tree,0,1024,1572864,6.863048245,0.006702196,0.000248536,0.009820929,1
warmup,47,47,tree,0,1024,1572864,7.054773939,0.006889428,0.000285174,0.009675437,1
warmup,48,48,tree,0,1024,1572864,6.739330560,0.006581378,0.000251692,0.009709311,1
warmup,49,49,tree,0,1024,1572864,6.964630085,0.006801397,0.000280786,0.009629873,1
actual,0,50,tree,0,1024,1572864,6.952975173,0.006790015,0.000295053,0.009800201,1
actual,1,51,tree,0,1024,1572864,7.006540987,0.006842325,0.000238036,0.010295370,1
actual,2,52,tree,0,1024,1572864,6.826709765,0.006666709,0.000250640,0.009465269,1
actual,3,53,tree,0,1024,1572864,6.945816438,0.006783024,0.000238457,0.009905526,1
actual,4,54,tree,0,1024,1572864,6.759770697,0.006601339,0.000264846,0.009455293,1
actual,5,55,tree,0,1024,1572864,6.982671280,0.006819015,0.000267922,0.009812553,1
actual,6,56,tree,0,1024,1572864,6.840334718,0.006680014,0.000304671,0.009461884,1
actual,7,57,tree,0,1024,1572864,6.858668605,0.006697919,0.000245941,0.009771217,1
actual,8,58,tree,0,1024,1572864,6.918413452,0.006756263,0.000262402,0.009540722,1
actual,9,59,tree,0,1024,1572864,6.952048904,0.006789110,0.000252263,0.009907934,1
actual,10,60,tree,0,1024,1572864,6.910806071,0.006748834,0.000280686,0.009654539,1
actual,11,61,tree,0,1024,1572864,6.906571002,0.006744698,0.000246452,0.010108941,1
actual,12,62,tree,0,1024,1572864,7.081397906,0.006915428,0.000277099,0.009824217,1
actual,13,63,tree,0,1024,1572864,6.792651633,0.006633449,0.000233608,0.009935676,1
actual,14,64,tree,0,1024,1572864,6.822906900,0.006662995,0.000239008,0.009878670,1
actual,15,65,tree,0,1024,1572864,6.932736962,0.006770251,0.000281808,0.009755719,1
actual,16,66,tree,0,1024,1572864,6.867238348,0.006706287,0.000246142,0.009721695,1
actual,17,67,tree,0,1024,1572864,6.881863527,0.006720570,0.000281949,0.009905930,1
actual,18,68,tree,0,1024,1572864,6.808882044,0.006649299,0.000267812,0.009667141,1
actual,19,69,tree,0,1024,1572864,6.916489583,0.006754384,0.000269244,0.009608061,1
actual,20,70,tree,0,1024,1572864,6.788343113,0.006629241,0.000269024,0.009487603,1
actual,21,71,tree,0,1024,1572864,6.645094063,0.006489350,0.000286467,0.009593081,1
actual,22,72,tree,0,1024,1572864,6.899509237,0.006737802,0.000259507,0.010000487,1
actual,23,73,tree,0,1024,1572864,6.672744169,0.006516352,0.000239679,0.009696979,1
actual,24,74,tree,0,1024,1572864,6.918695395,0.006756538,0.000252854,0.010263352,1
actual,25,75,tree,0,1024,1572864,6.699231721,0.006542218,0.000276167,0.009821200,1
actual,26,76,tree,0,1024,1572864,7.110431528,0.006943781,0.000284753,0.009852469,1
actual,27,77,tree,0,1024,1572864,6.581500447,0.006427247,0.000280886,0.009389685,1
actual,28,78,tree,0,1024,1572864,6.992700670,0.006828809,0.000266570,0.010135625,1
actual,29,79,tree,0,1024,1572864,6.699457758,0.006542439,0.000247494,0.009841940,1
actual,30,80,tree,0,1024,1572864,6.885621197,0.006724239,0.000262452,0.009707277,1
actual,31,81,tree,0,1024,1572864,6.752475985,0.006594215,0.000252173,0.009509559,1
actual,32,82,tree,0,1024,1572864,6.805665695,0.006646158,0.000251591,0.009823626,1
actual,33,83,tree,0,1024,1572864,6.809254566,0.006649663,0.000242224,0.009603250,1
actual,34,84,tree,0,1024,1572864,6.726565642,0.006568912,0.000244288,0.009508419,1
actual,35,85,tree,0,1024,1572864,6.897806115,0.006736139,0.000238617,0.009514807,1
actual,36,86,tree,0,1024,1572864,6.839394243,0.006679096,0.000231404,0.009821653,1
actual,37,87,tree,0,1024,1572864,6.778272929,0.006619407,0.000245640,0.009456725,1
actual,38,88,tree,0,1024,1572864,6.905785512,0.006743931,0.000286297,0.009881094,1
actual,39,89,tree,0,1024,1572864,6.725192501,0.006567571,0.000263695,0.009439816,1
actual,40,90,tree,0,1024,1572864,6.788534271,0.006629428,0.000262031,0.009718957,1
actual,41,91,tree,0,1024,1572864,6.891664384,0.006730141,0.000278682,0.009837713,1
actual,42,92,tree,0,1024,1572864,6.774815027,0.006616030,0.000252513,0.009447470,1
actual,43,93,tree,0,1024,1572864,6.830330004,0.006670244,0.000244298,0.009385795,1
actual,44,94,tree,0,1024,1572864,6.658569160,0.006502509,0.000286687,0.009587244,1
actual,45,95,tree,0,1024,1572864,6.702321533,0.006545236,0.000264144,0.009476151,1
actual,46,96,tree,0,1024,1572864,6.892674777,0.006731128,0.000263895,0.009664064,1
actual,47,97,tree,0,1024,1572864,7.103230282,0.006936748,0.000270156,0.009659535,1
actual,48,98,tree,0,1024,1572864,6.840727231,0.006680398,0.000267491,0.009718428,1
actual,49,99,tree,0,1024,1572864,6.579426928,0.006425222,0.000239158,0.009615583,1
warmup,0,0,tree,0,1024,2097152,9.225764028,0.009009535,0.000319890,0.012742949,1
warmup,1,1,tree,0,1024,2097152,9.203940286,0.008988223,0.000353723,0.012707382,1
warmup,2,2,tree,0,1024,2097152,9.260985301,0.009043931,0.000326251,0.013043617,1
warmup,3,3,tree,0,1024,2097152,8.942696489,0.008733102,0.000325249,0.013269099,1
warmup,4,4,tree,0,1024,2097152,9.128994096,0.008915033,0.000312386,0.012955243,1
warmup,5,5,tree,0,1024,2097152,9.304291308,0.009086222,0.000367889,0.013286712,1
warmup,6,6,tree,0,1024,2097152,9.301863298,0.009083851,0.000408796,0.012738162,1
warmup,7,7,tree,0,1024,2097152,9.012131455,0.008800910,0.000357620,0.012436599,1
warmup,8,8,tree,0,1024,2097152,8.969277340,0.008759060,0.000348072,0.012556823,1
warmup,9,9,tree,0,1024,2097152,9.058709155,0.008846396,0.000365084,0.012786184,1
warmup,10,10,tree,0,1024,2097152,9.325797066,0.009107224,0.000301195,0.013448955,1
warmup,11,11,tree,0,1024,2097152,9.616426859,0.009391042,0.000398256,0.013341626,1
warmup,12,12,tree,0,1024,2097152,8.938744895,0.008729243,0.000385683,0.012557903,1
warmup,13,13,tree,0,1024,2097152,9.223948698,0.009007762,0.000363351,0.012685042,1
warmup,14,14,tree,0,1024,2097152,9.234646487,0.009018209,0.000319659,0.013065759,1
warmup,15,15,tree,0,1024,2097152,9.333654510,0.009114897,0.000314410,0.013869272,1
warmup,16,16,tree,0,1024,2097152,9.248029925,0.009031279,0.000312455,0.012718254,1
warmup,17,17,tree,0,1024,2097152,9.381204594,0.009161333,0.000349946,0.012803834,1
warmup,18,18,tree,0,1024,2097152,9.106511719,0.008893078,0.000306754,0.012811039,1
warmup,19,19,tree,0,1024,2097152,8.811621265,0.008605099,0.000308478,0.012612225,1
warmup,20,20,tree,0,1024,2097152,9.066106399,0.008853620,0.000379351,0.012988535,1
warmup,21,21,tree,0,1024,2097152,9.590687352,0.009365906,0.000371636,0.013743041,1
warmup,22,22,tree,0,1024,2097152,9.122518602,0.008908710,0.000348624,0.012946502,1
warmup,23,23,tree,0,1024,2097152,9.300084303,0.009082114,0.000323386,0.013236046,1
warmup,24,24,tree,0,1024,2097152,8.974636533,0.008764293,0.000307346,0.012590266,1
warmup,25,25,tree,0,1024,2097152,9.092817621,0.008879705,0.000308799,0.012556979,1
warmup,26,26,tree,0,1024,2097152,8.854594885,0.008647065,0.000314860,0.012722649,1
warmup,27,27,tree,0,1024,2097152,9.217190235,0.009001162,0.000364573,0.012910861,1
warmup,28,28,tree,0,1024,2097152,9.107124525,0.008893676,0.000382747,0.013635985,1
warmup,29,29,tree,0,1024,2097152,9.547425132,0.009323657,0.000354354,0.013574561,1
warmup,30,30,tree,0,1024,2097152,8.957079012,0.008747147,0.000347131,0.012854107,1
warmup,31,31,tree,0,1024,2097152,8.962915967,0.008752848,0.000308818,0.012630270,1
warmup,32,32,tree,0,1024,2097152,9.244589472,0.009027919,0.000322635,0.013373161,1
warmup,33,33,tree,0,1024,2097152,8.967694371,0.008757514,0.000351619,0.012868585,1
warmup,34,34,tree,0,1024,2097152,9.320242019,0.009101799,0.000363080,0.013435350,1
warmup,35,35,tree,0,1024,2097152,8.915043216,0.008706097,0.000360485,0.013057061,1
warmup,36,36,tree,0,1024,2097152,9.228076725,0.009011794,0.000378940,0.013249922,1
warmup,37,37,tree,0,1024,2097152,9.203923192,0.008988206,0.000371226,0.013059805,1
warmup,38,38,tree,0,1024,2097152,9.362182300,0.009142756,0.000355386,0.012794266,1
warmup,39,39,tree,0,1024,2097152,9.208051481,0.008992238,0.000367488,0.012841647,1
warmup,40,40,tree,0,1024,2097152,9.476193317,0.009254095,0.000368771,0.013165757,1
warmup,41,41,tree,0,1024,2097152,8.899962684,0.008691370,0.000368240,0.012953574,1
warmup,42,42,tree,0,1024,2097152,9.342289885,0.009123330,0.000347111,0.013181104,1
warmup,43,43,tree,0,1024,2097152,9.493920391,0.009271407,0.000352500,0.013100173,1
warmup,44,44,tree,0,1024,2097152,9.385196379,0.009165231,0.000330189,0.013321664,1
warmup,45,45,tree,0,1024,2097152,8.832470664,0.008625460,0.000370334,0.012854549,1
warmup,46,46,tree,0,1024,2097152,9.218111929,0.009002062,0.000348153,0.012420570,1
warmup,47,47,tree,0,1024,2097152,8.957952633,0.008748001,0.000375303,0.012763876,1
warmup,48,48,tree,0,1024,2097152,9.142758951,0.008928476,0.000337422,0.012531151,1
warmup,49,49,tree,0,1024,2097152,9.067183116,0.008854671,0.000317285,0.012794505,1
actual,0,50,tree,0,1024,2097152,9.055144154,0.008842914,0.000365314,0.013127373,1
actual,1,51,tree,0,1024,2097152,9.243210372,0.009026573,0.000328596,0.012842039,1
actual,2,52,tree,0,1024,2097152,9.384009413,0.009164072,0.000352721,0.013723661,1
actual,3,53,tree,0,1024,2097152,9.368108898,0.009148544,0.000373620,0.013147792,1
actual,4,54,tree,0,1024,2097152,8.913317265,0.008704411,0.000385582,0.012443135,1
actual,5,55,tree,0,1024,2097152,9.275575691,0.009058179,0.000315601,0.013220558,1
actual,6,56,tree,0,1024,2097152,9.129582260,0.008915608,0.000374382,0.013298945,1
actual,7,57,tree,0,1024,2097152,9.460575042,0.009238843,0.000347571,0.013932481,1
actual,8,58,tree,0,1024,2097152,9.139742464,0.008925530,0.000355697,0.012959887,1
actual,9,59,tree,0,1024,2097152,9.477363910,0.009255238,0.000356979,0.012872033,1
actual,10,60,tree,0,1024,2097152,9.454002200,0.009232424,0.000308718,0.013424255,1
actual,11,61,tree,0,1024,2097152,9.202660055,0.008986973,0.000369683,0.013076447,1
actual,12,62,tree,0,1024,2097152,9.405630768,0.009185186,0.000358462,0.013370028,1
actual,13,63,tree,0,1024,2097152,9.300785995,0.009082799,0.000362379,0.013021876,1
actual,14,64,tree,0,1024,2097152,9.422298578,0.009201463,0.000345568,0.012737652,1
actual,15,65,tree,0,1024,2097152,9.145266267,0.008930924,0.000350217,0.013136420,1
actual,16,66,tree,0,1024,2097152,9.491300737,0.009268848,0.000363211,0.013374446,1
actual,17,67,tree,0,1024,2097152,8.903214920,0.008694546,0.000377438,0.012178464,1
actual,18,68,tree,0,1024,2097152,9.461759443,0.009239999,0.000357269,0.012956288,1
actual,19,69,tree,0,1024,2097152,9.054018101,0.008841815,0.000354444,0.012996037,1
actual,20,70,tree,0,1024,2097152,9.677500808,0.009450684,0.000352791,0.013250209,1
actual,21,71,tree,0,1024,2097152,8.791227093,0.008585183,0.000382717,0.012943205,1
actual,22,72,tree,0,1024,2097152,9.686050866,0.009459034,0.000327283,0.013852221,1
actual,23,73,tree,0,1024,2097152,9.139138168,0.008924940,0.000360416,0.012766216,1
actual,24,74,tree,0,1024,2097152,9.395664086,0.009175453,0.000355146,0.013455363,1
actual,25,75,tree,0,1024,2097152,9.403667454,0.009183269,0.000371526,0.013135609,1
actual,26,76,tree,0,1024,2097152,9.330357131,0.009111677,0.000325079,0.013346630,1
actual,27,77,tree,0,1024,2097152,9.285438173,0.009067811,0.000364473,0.012594583,1
actual,28,78,tree,0,1024,2097152,9.312722538,0.009094456,0.000362099,0.013124867,1
actual,29,79,tree,0,1024,2097152,9.245662050,0.009028967,0.000356358,0.013216373,1
actual,30,80,tree,0,1024,2097152,9.183462720,0.008968225,0.000312004,0.012906329,1
actual,31,81,tree,0,1024,2097152,9.140236870,0.008926013,0.000303318,0.012487864,1
actual,32,82,tree,0,1024,2097152,9.120775859,0.008907008,0.000328756,0.012771512,1
actual,33,83,tree,0,1024,2097152,8.913973848,0.008705053,0.000318577,0.012971232,1
actual,34,84,tree,0,1024,2097152,9.228125324,0.009011841,0.000325510,0.013816444,1
actual,35,85,tree,0,1024,2097152,9.208882199,0.008993049,0.000358953,0.013017777,1
actual,36,86,tree,0,1024,2097152,9.302974405,0.009084936,0.000362820,0.012758227,1
actual,37,87,tree,0,1024,2097152,9.163544488,0.008948774,0.000385613,0.013469239,1
actual,38,88,tree,0,1024,2097152,8.912473058,0.008703587,0.000308739,0.012574167,1
actual,39,89,tree,0,1024,2097152,9.262587744,0.009045496,0.000374682,0.012632727,1
actual,40,90,tree,0,1024,2097152,9.003911216,0.008792882,0.000298880,0.012960231,1
actual,41,91,tree,0,1024,2097152,9.339485692,0.009120591,0.000299070,0.012997569,1
actual,42,92,tree,0,1024,2097152,9.277800391,0.009060352,0.000305021,0.012588762,1
actual,43,93,tree,0,1024,2097152,9.136925758,0.008922779,0.000319639,0.012795520,1
actual,44,94,tree,0,1024,2097152,9.193949733,0.008978467,0.000314650,0.012930107,1
actual,45,95,tree,0,1024,2097152,9.191785708,0.008976353,0.000323466,0.012451919,1
actual,46,96,tree,0,1024,2097152,9.477334986,0.009255210,0.000364563,0.014085006,1
actual,47,97,tree,0,1024,2097152,9.188294612,0.008972944,0.000321392,0.012746368,1
actual,48,98,tree,0,1024,2097152,9.120264524,0.008906508,0.000327614,0.013149435,1
actual,49,99,tree,0,1024,2097152,9.262758854,0.009045663,0.000314349,0.012875408,1
warmup,0,0,tree,0,1024,3145728,13.801428664,0.013477958,0.000558306,0.019398187,1
warmup,1,1,tree,0,1024,3145728,13.967511679,0.013640148,0.000548337,0.019557396,1
warmup,2,2,tree,0,1024,3145728,13.878490389,0.013553213,0.000586910,0.019887133,1
warmup,3,3,tree,0,1024,3145728,13.918068332,0.013591864,0.000466214,0.019480555,1
warmup,4,4,tree,0,1024,3145728,13.900423272,0.013574632,0.000443551,0.019443179,1
warmup,5,5,tree,0,1024,3145728,13.958368562,0.013631219,0.000443120,0.019241992,1
warmup,6,6,tree,0,1024,3145728,14.106642674,0.013776018,0.000460363,0.019784894,1
warmup,7,7,tree,0,1024,3145728,13.985127215,0.013657351,0.000454923,0.019938689,1
warmup,8,8,tree,0,1024,3145728,13.256820700,0.012946114,0.000456276,0.019597065,1
warmup,9,9,tree,0,1024,3145728,13.704511413,0.013383312,0.000456005,0.018809120,1
warmup,10,10,tree,0,1024,3145728,13.875007130,0.013549812,0.000446076,0.020386789,1
warmup,11,11,tree,0,1024,3145728,13.519194404,0.013202338,0.000462747,0.019441308,1
warmup,12,12,tree,0,1024,3145728,13.586849698,0.013268408,0.000461735,0.019721922,1
warmup,13,13,tree,0,1024,3145728,13.213468394,0.012903778,0.000470151,0.020070475,1
warmup,14,14,tree,0,1024,3145728,13.903947693,0.013578074,0.000462727,0.019903984,1
warmup,15,15,tree,0,1024,3145728,13.630829643,0.013311357,0.000535042,0.018806941,1
warmup,16,16,tree,0,1024,3145728,13.928940447,0.013602481,0.000446597,0.019400767,1
warmup,17,17,tree,0,1024,3145728,14.281659379,0.013946933,0.000543749,0.020706063,1
warmup,18,18,tree,0,1024,3145728,13.633557593,0.013314021,0.000470551,0.020412947,1
warmup,19,19,tree,0,1024,3145728,13.800591474,0.013477140,0.000461615,0.019193561,1
warmup,20,20,tree,0,1024,3145728,13.762941618,0.013440373,0.000450705,0.018883008,1
warmup,21,21,tree,0,1024,3145728,13.564872212,0.013246946,0.000466775,0.018442317,1
warmup,22,22,tree,0,1024,3145728,14.219598961,0.013886327,0.000535965,0.020193115,1
warmup,23,23,tree,0,1024,3145728,14.030201876,0.013701369,0.000474829,0.019358217,1
warmup,24,24,tree,0,1024,3145728,13.840293393,0.013515912,0.000584816,0.018863912,1
warmup,25,25,tree,0,1024,3145728,14.193586160,0.013860924,0.000553127,0.020312506,1
warmup,26,26,tree,0,1024,3145728,14.083135493,0.013753062,0.000551744,0.019939226,1
warmup,27,27,tree,0,1024,3145728,13.665231038,0.013344952,0.000450604,0.019329138,1
warmup,28,28,tree,0,1024,3145728,14.279175898,0.013944508,0.000540613,0.020530498,1
warmup,29,29,tree,0,1024,3145728,13.988847574,0.013660984,0.000444964,0.019838531,1
warmup,30,30,tree,0,1024,3145728,14.121680032,0.013790703,0.000443221,0.020145456,1
warmup,31,31,tree,0,1024,3145728,13.587744551,0.013269282,0.000544330,0.019257744,1
warmup,32,32,tree,0,1024,3145728,13.775306585,0.013452448,0.000469801,0.019091385,1
warmup,33,33,tree,0,1024,3145728,13.601445149,0.013282661,0.000533159,0.019220748,1
warmup,34,34,tree,0,1024,3145728,14.300383973,0.013965219,0.000467667,0.020217561,1
warmup,35,35,tree,0,1024,3145728,14.200699909,0.013867871,0.000543609,0.020517259,1
warmup,36,36,tree,0,1024,3145728,14.103038205,0.013772498,0.000491040,0.020265672,1
warmup,37,37,tree,0,1024,3145728,13.950465360,0.013623501,0.000513121,0.020135036,1
warmup,38,38,tree,0,1024,3145728,13.465357489,0.013149763,0.000493996,0.018961422,1
warmup,39,39,tree,0,1024,3145728,14.260318734,0.013926093,0.000457046,0.019803205,1
warmup,40,40,tree,0,1024,3145728,13.695037442,0.013374060,0.000528971,0.019261541,1
warmup,41,41,tree,0,1024,3145728,13.944500563,0.013617676,0.000530123,0.019385463,1
warmup,42,42,tree,0,1024,3145728,13.976847395,0.013649265,0.000471954,0.020303941,1
warmup,43,43,tree,0,1024,3145728,13.685127951,0.013364383,0.000445675,0.019126332,1
warmup,44,44,tree,0,1024,3145728,14.091720209,0.013761446,0.000532127,0.019654184,1
warmup,45,45,tree,0,1024,3145728,14.132004634,0.013800786,0.000478707,0.019136196,1
warmup,46,46,tree,0,1024,3145728,14.106771378,0.013776144,0.000496671,0.020822935,1
warmup,47,47,tree,0,1024,3145728,13.893872484,0.013568235,0.000462056,0.020280349,1
warmup,48,48,tree,0,1024,3145728,13.440250311,0.013125244,0.000561192,0.018731874,1
warmup,49,49,tree,0,1024,3145728,14.057648550,0.013728172,0.000503123,0.019707643,1
actual,0,50,tree,0,1024,3145728,13.036971518,0.012731417,0.000499185,0.017930108,1
actual,1,51,tree,0,1024,3145728,13.933742848,0.013607171,0.000441247,0.020350560,1
actual,2,52,tree,0,1024,3145728,13.694763551,0.013373793,0.000443972,0.019185379,1
actual,3,53,tree,0,1024,3145728,14.080058205,0.013750057,0.000452017,0.019621456,1
actual,4,54,tree,0,1024,3145728,13.540204850,0.013222856,0.000507821,0.019597776,1
actual,5,55,tree,0,1024,3145728,13.869186472,0.013544127,0.000533269,0.019738494,1
actual,6,56,tree,0,1024,3145728,13.952153692,0.013625150,0.000552646,0.019842379,1
actual,7,57,tree,0,1024,3145728,13.708588662,0.013387294,0.000502331,0.019842349,1
actual,8,58,tree,0,1024,3145728,14.094611039,0.013764269,0.000493144,0.019698910,1
actual,9,59,tree,0,1024,3145728,13.574413098,0.013256263,0.000505827,0.018810381,1
actual,10,60,tree,0,1024,3145728,14.076564204,0.013746645,0.000552315,0.020089191,1
actual,11,61,tree,0,1024,3145728,14.106781152,0.013776153,0.000467666,0.020422739,1
actual,12,62,tree,0,1024,3145728,14.182677473,0.013850271,0.000491902,0.020140788,1
actual,13,63,tree,0,1024,3145728,13.949353167,0.013622415,0.000480551,0.019257944,1
actual,14,64,tree,0,1024,3145728,13.553109415,0.013235458,0.000526046,0.018863986,1
actual,15,65,tree,0,1024,3145728,13.613403812,0.013294340,0.000502922,0.019397671,1
actual,16,66,tree,0,1024,3145728,13.651063843,0.013331117,0.000477265,0.018916250,1
actual,17,67,tree,0,1024,3145728,14.331267577,0.013995378,0.000489067,0.020160344,1
actual,18,68,tree,0,1024,3145728,13.674123748,0.013353636,0.000478416,0.018903543,1
actual,19,69,tree,0,1024,3145728,13.761360677,0.013438829,0.000472826,0.019752669,1
actual,20,70,tree,0,1024,3145728,13.179490574,0.012870596,0.000551774,0.018845906,1
actual,21,71,tree,0,1024,3145728,13.777379316,0.013454472,0.000453330,0.019951662,1
actual,22,72,tree,0,1024,3145728,13.669209348,0.013348837,0.000450915,0.019901218,1
actual,23,73,tree,0,1024,3145728,13.994202350,0.013666213,0.000522769,0.019519471,1
actual,24,74,tree,0,1024,3145728,13.826516475,0.013502457,0.000483416,0.019341271,1
actual,25,75,tree,0,1024,3145728,13.783521611,0.013460470,0.000451466,0.019643822,1
actual,26,76,tree,0,1024,3145728,13.654335535,0.013334312,0.000451136,0.018777063,1
actual,27,77,tree,0,1024,3145728,13.477685944,0.013161803,0.000461435,0.019161401,1
actual,28,78,tree,0,1024,3145728,13.659448535,0.013339305,0.000445455,0.019068633,1
actual,29,79,tree,0,1024,3145728,13.479111259,0.013163195,0.000465782,0.018678190,1
actual,30,80,tree,0,1024,3145728,13.742107187,0.013420027,0.000476943,0.019158320,1
actual,31,81,tree,0,1024,3145728,13.612388758,0.013293348,0.000499045,0.018863277,1
actual,32,82,tree,0,1024,3145728,14.376502147,0.014039553,0.000444903,0.020801124,1
actual,33,83,tree,0,1024,3145728,14.032560855,0.013703673,0.000538549,0.019706883,1
actual,34,84,tree,0,1024,3145728,13.664765147,0.013344497,0.000511027,0.019397594,1
actual,35,85,tree,0,1024,3145728,13.771226714,0.013448464,0.000504415,0.019428670,1
actual,36,86,tree,0,1024,3145728,13.653002532,0.013333010,0.000467787,0.019665854,1
actual,37,87,tree,0,1024,3145728,13.824514082,0.013500502,0.000467306,0.019313340,1
actual,38,88,tree,0,1024,3145728,13.784118018,0.013461053,0.000476513,0.019372449,1
actual,39,89,tree,0,1024,3145728,13.422403774,0.013107816,0.000454802,0.019078062,1
actual,40,90,tree,0,1024,3145728,13.954908259,0.013627840,0.000455333,0.019773750,1
actual,41,91,tree,0,1024,3145728,14.241267495,0.013907488,0.000560671,0.020133015,1
actual,42,92,tree,0,1024,3145728,13.238704696,0.012928423,0.000578234,0.018810351,1
actual,43,93,tree,0,1024,3145728,14.411815978,0.014074039,0.000461675,0.019992286,1
actual,44,94,tree,0,1024,3145728,13.575868842,0.013257684,0.000553066,0.018421020,1
actual,45,95,tree,0,1024,3145728,13.918813217,0.013592591,0.000445605,0.019988439,1
actual,46,96,tree,0,1024,3145728,13.565167325,0.013247234,0.000452969,0.019242346,1
actual,47,97,tree,0,1024,3145728,14.129469034,0.013798310,0.000491772,0.019644397,1
actual,48,98,tree,0,1024,3145728,13.522087317,0.013205163,0.000468849,0.019069681,1
actual,49,99,tree,0,1024,3145728,13.888921657,0.013563400,0.000546184,0.018943662,1
warmup,0,0,tree,0,1024,4194304,18.809982038,0.018369123,0.000617176,0.026032311,1
warmup,1,1,tree,0,1024,4194304,17.799739551,0.017382558,0.000653525,0.024488486,1
warmup,2,2,tree,0,1024,4194304,18.285735790,0.017857164,0.000599043,0.025597058,1
warmup,3,3,tree,0,1024,4194304,18.398300430,0.017967090,0.000619681,0.025963633,1
warmup,4,4,tree,0,1024,4194304,17.759117436,0.017342888,0.000670256,0.025100497,1
warmup,5,5,tree,0,1024,4194304,18.846139807,0.018404433,0.000673622,0.026650669,1
warmup,6,6,tree,0,1024,4194304,18.783356357,0.018343121,0.000684843,0.026010948,1
warmup,7,7,tree,0,1024,4194304,17.827426649,0.017409596,0.000727633,0.024805274,1
warmup,8,8,tree,0,1024,4194304,18.590046347,0.018154342,0.000637705,0.025670641,1
warmup,9,9,tree,0,1024,4194304,18.742641753,0.018303361,0.000704631,0.026389908,1
warmup,10,10,tree,0,1024,4194304,18.250580400,0.017822832,0.000691827,0.025855284,1
warmup,11,11,tree,0,1024,4194304,17.818933648,0.017401302,0.000603461,0.025226852,1
warmup,12,12,tree,0,1024,4194304,18.575024690,0.018139673,0.000606085,0.025733438,1
warmup,13,13,tree,0,1024,4194304,18.056882778,0.017633675,0.000608951,0.024712342,1
warmup,14,14,tree,0,1024,4194304,18.769737352,0.018329822,0.000649807,0.027257690,1
warmup,15,15,tree,0,1024,4194304,18.282580815,0.017854083,0.000633387,0.026403014,1
warmup,16,16,tree,0,1024,4194304,19.237225887,0.018786353,0.000583263,0.026984804,1
warmup,17,17,tree,0,1024,4194304,18.491838105,0.018058436,0.000726842,0.026901839,1
warmup,18,18,tree,0,1024,4194304,18.566847339,0.018131687,0.000660247,0.026675082,1
warmup,19,19,tree,0,1024,4194304,18.460093082,0.018027435,0.000617938,0.025120840,1
warmup,20,20,tree,0,1024,4194304,18.981560855,0.018536681,0.000603451,0.028478762,1
warmup,21,21,tree,0,1024,4194304,18.448717320,0.018016326,0.000735108,0.026439704,1
warmup,22,22,tree,0,1024,4194304,18.762523574,0.018322777,0.000597119,0.026255510,1
warmup,23,23,tree,0,1024,4194304,18.739030828,0.018299835,0.000676728,0.026169006,1
warmup,24,24,tree,0,1024,4194304,18.625898195,0.018189354,0.000611145,0.026292258,1
warmup,25,25,tree,0,1024,4194304,19.015610174,0.018569932,0.000675726,0.025597486,1
warmup,26,26,tree,0,1024,4194304,17.634283908,0.017220980,0.000612698,0.025853690,1
warmup,27,27,tree,0,1024,4194304,18.825587094,0.018384362,0.000616456,0.026914763,1
warmup,28,28,tree,0,1024,4194304,18.469958545,0.018037069,0.000660869,0.025217330,1
warmup,29,29,tree,0,1024,4194304,18.526912595,0.018092688,0.000613329,0.026260378,1
warmup,30,30,tree,0,1024,4194304,18.536966014,0.018102506,0.000654477,0.026687394,1
warmup,31,31,tree,0,1024,4194304,17.778405820,0.017361724,0.000679643,0.026397293,1
warmup,32,32,tree,0,1024,4194304,19.343843226,0.018890472,0.000669435,0.027133008,1
warmup,33,33,tree,0,1024,4194304,18.375207649,0.017944539,0.000665327,0.026789686,1
warmup,34,34,tree,0,1024,4194304,18.612187093,0.018175964,0.000669695,0.025655195,1
warmup,35,35,tree,0,1024,4194304,19.222784213,0.018772250,0.000755867,0.027037918,1
warmup,36,36,tree,0,1024,4194304,18.695205038,0.018257036,0.000744104,0.025752053,1
warmup,37,37,tree,0,1024,4194304,18.080459622,0.017656699,0.000592260,0.025335891,1
warmup,38,38,tree,0,1024,4194304,18.410203563,0.017978714,0.000589334,0.026293969,1
warmup,39,39,tree,0,1024,4194304,18.769203085,0.018329300,0.000700824,0.026809413,1
warmup,40,40,tree,0,1024,4194304,18.790485827,0.018350084,0.000659726,0.025770033,1
warmup,41,41,tree,0,1024,4194304,18.891981786,0.018449201,0.000653064,0.025787162,1
warmup,42,42,tree,0,1024,4194304,18.914118952,0.018470819,0.000731712,0.028011978,1
warmup,43,43,tree,0,1024,4194304,18.542205700,0.018107623,0.000654397,0.025042294,1
warmup,44,44,tree,0,1024,4194304,18.688612173,0.018250598,0.000721702,0.026833179,1
warmup,45,45,tree,0,1024,4194304,18.596804716,0.018160942,0.000646922,0.026145981,1
warmup,46,46,tree,0,1024,4194304,18.726360518,0.018287461,0.000635140,0.025841039,1
warmup,47,47,tree,0,1024,4194304,18.755565583,0.018315982,0.000679894,0.026850550,1
warmup,48,48,tree,0,1024,4194304,18.210294879,0.017783491,0.000732783,0.024711557,1
warmup,49,49,tree,0,1024,4194304,18.635575818,0.018198805,0.000662502,0.025891501,1
actual,0,50,tree,0,1024,4194304,18.071868348,0.017648309,0.000641682,0.024694339,1
actual,1,51,tree,0,1024,4194304,18.746195158,0.018306831,0.000708027,0.025766693,1
actual,2,52,tree,0,1024,4194304,18.664695434,0.018227242,0.000696315,0.027396365,1
actual,3,53,tree,0,1024,4194304,18.952050715,0.018507862,0.000708788,0.026676614,1
actual,4,54,tree,0,1024,4194304,18.123361576,0.017698595,0.000642474,0.024621452,1
actual,5,55,tree,0,1024,4194304,17.802093313,0.017384857,0.000692628,0.024377577,1
actual,6,56,tree,0,1024,4194304,18.319312066,0.017889953,0.000612708,0.025190232,1
actual,7,57,tree,0,1024,4194304,18.338215931,0.017908414,0.000683832,0.025951776,1
actual,8,58,tree,0,1024,4194304,18.715479129,0.018276835,0.000663764,0.026382594,1
actual,9,59,tree,0,1024,4194304,18.559050681,0.018124073,0.000693780,0.025869227,1
actual,10,60,tree,0,1024,4194304,18.585052608,0.018149465,0.000635040,0.026076223,1
actual,11,61,tree,0,1024,4194304,17.984293466,0.017562787,0.000684082,0.024982185,1
actual,12,62,tree,0,1024,4194304,18.640492217,0.018203606,0.000626234,0.025791355,1
actual,13,63,tree,0,1024,4194304,18.220123304,0.017793089,0.000700042,0.025298576,1
actual,14,64,tree,0,1024,4194304,17.934208770,0.017513876,0.000611495,0.025995333,1
actual,15,65,tree,0,1024,4194304,18.498998047,0.018065428,0.000664696,0.026631265,1
actual,16,66,tree,0,1024,4194304,18.515875093,0.018081909,0.000642885,0.026067076,1
actual,17,67,tree,0,1024,4194304,17.954621364,0.017533810,0.000786905,0.025641390,1
actual,18,68,tree,0,1024,4194304,18.161875396,0.017736206,0.000613329,0.025280157,1
actual,19,69,tree,0,1024,4194304,18.613462239,0.018177209,0.000685014,0.026848639,1
actual,20,70,tree,0,1024,4194304,18.190865523,0.017764517,0.000624280,0.025946118,1
actual,21,71,tree,0,1024,4194304,18.449029445,0.018016630,0.000665137,0.026533908,1
actual,22,72,tree,0,1024,4194304,17.704654785,0.017289702,0.000726050,0.024900707,1
actual,23,73,tree,0,1024,4194304,18.452359368,0.018019882,0.000648815,0.025787664,1
actual,24,74,tree,0,1024,4194304,18.935923960,0.018492113,0.000674494,0.025869476,1
actual,25,75,tree,0,1024,4194304,18.738497198,0.018299314,0.000676388,0.026306474,1
actual,26,76,tree,0,1024,4194304,18.730998755,0.018291991,0.000651982,0.025459518,1
actual,27,77,tree,0,1024,4194304,18.836623255,0.018395140,0.000684452,0.027195982,1
actual,28,78,tree,0,1024,4194304,18.363690156,0.017933291,0.000649577,0.025298385,1
actual,29,79,tree,0,1024,4194304,18.837348939,0.018395849,0.000654286,0.027230934,1
actual,30,80,tree,0,1024,4194304,18.104522748,0.017680198,0.000698930,0.026370011,1
actual,31,81,tree,0,1024,4194304,18.313573910,0.017884350,0.000751098,0.026550066,1
actual,32,82,tree,0,1024,4194304,18.589231032,0.018153546,0.000682609,0.026562283,1
actual,33,83,tree,0,1024,4194304,17.448389021,0.017039442,0.000687689,0.025814627,1
actual,34,84,tree,0,1024,4194304,18.327817519,0.017898259,0.000577512,0.025362234,1
actual,35,85,tree,0,1024,4194304,18.832995332,0.018391597,0.000615363,0.026177397,1
actual,36,86,tree,0,1024,4194304,18.725574268,0.018286694,0.000601597,0.027115385,1
actual,37,87,tree,0,1024,4194304,18.635365034,0.018198599,0.000639017,0.026156849,1
actual,38,88,tree,0,1024,4194304,18.480633078,0.018047493,0.000666679,0.025982139,1
actual,39,89,tree,0,1024,4194304,17.948969573,0.017528291,0.000603470,0.025678928,1
actual,40,90,tree,0,1024,4194304,18.709747751,0.018271238,0.000739175,0.025588725,1
actual,41,91,tree,0,1024,4194304,18.481638567,0.018048475,0.000666519,0.025903486,1
actual,42,92,tree,0,1024,4194304,18.469046098,0.018036178,0.000641833,0.024924153,1
actual,43,93,tree,0,1024,4194304,18.150566937,0.017725163,0.000641022,0.025087007,1
actual,44,94,tree,0,1024,4194304,18.717543096,0.018278851,0.000658734,0.025648401,1
actual,45,95,tree,0,1024,4194304,18.001497620,0.017579588,0.000629419,0.025170462,1
actual,46,96,tree,0,1024,4194304,18.478688205,0.018045594,0.000624881,0.025608176,1
actual,47,97,tree,0,1024,4194304,18.751164787,0.018311684,0.000627435,0.027841268,1
actual,48,98,tree,0,1024,4194304,18.419636305,0.017987926,0.000710651,0.025957814,1
actual,49,99,tree,0,1024,4194304,17.883937561,0.017464783,0.000600916,0.025998010,1
warmup,0,0,tree,0,1024,6291456,28.719339052,0.028046230,0.000984615,0.039707153,1
warmup,1,1,tree,0,1024,6291456,27.401708246,0.026759481,0.000759904,0.039817979,1
warmup,2,2,tree,0,1024,6291456,28.772235009,0.028097886,0.000772808,0.040128308,1
warmup,3,3,tree,0,1024,6291456,27.261231917,0.026622297,0.000947135,0.039320645,1
warmup,4,4,tree,0,1024,6291456,28.351319678,0.027686836,0.000793006,0.039321227,1
warmup,5,5,tree,0,1024,6291456,28.146296946,0.027486618,0.000821138,0.040407220,1
warmup,6,6,tree,0,1024,6291456,29.123546674,0.028440964,0.000824585,0.040901192,1
warmup,7,7,tree,0,1024,6291456,27.266754841,0.026627690,0.000930444,0.039228389,1
warmup,8,8,tree,0,1024,6291456,29.259683818,0.028573910,0.000779170,0.041331825,1
warmup,9,9,tree,0,1024,6291456,28.069584238,0.027411703,0.000819967,0.041655608,1
warmup,10,10,tree,0,1024,6291456,29.028970842,0.028348604,0.000843742,0.040751718,1
warmup,11,11,tree,0,1024,6291456,28.609168476,0.027938641,0.000781755,0.041346269,1
warmup,12,12,tree,0,1024,6291456,29.201482943,0.028517073,0.001042092,0.040258775,1
warmup,13,13,tree,0,1024,6291456,27.627578645,0.026980057,0.000864931,0.041388738,1
warmup,14,14,tree,0,1024,6291456,27.947239709,0.027292226,0.000886912,0.040152262,1
warmup,15,15,tree,0,1024,6291456,28.791120338,0.028116328,0.000982942,0.039127602,1
warmup,16,16,tree,0,1024,6291456,27.678874524,0.027030151,0.000946093,0.039759578,1
warmup,17,17,tree,0,1024,6291456,27.908759208,0.027254648,0.000948066,0.038489820,1
warmup,18,18,tree,0,1024,6291456,28.911749038,0.028234130,0.000808085,0.040599420,1
warmup,19,19,tree,0,1024,6291456,29.042179534,0.028361503,0.001083069,0.044556464,1
warmup,20,20,tree,0,1024,6291456,27.873249117,0.027219970,0.000826619,0.039375768,1
warmup,21,21,tree,0,1024,6291456,28.397773143,0.027732200,0.000798596,0.042540625,1
warmup,22,22,tree,0,1024,6291456,27.655736742,0.027007555,0.000955220,0.040436358,1
warmup,23,23,tree,0,1024,6291456,27.330156290,0.026689606,0.000938289,0.038417190,1
warmup,24,24,tree,0,1024,6291456,28.260198710,0.027597850,0.000900667,0.039588757,1
warmup,25,25,tree,0,1024,6291456,27.514047111,0.026869187,0.000814185,0.039434749,1
warmup,26,26,tree,0,1024,6291456,29.032541752,0.028352092,0.000854992,0.040760745,1
warmup,27,27,tree,0,1024,6291456,28.744654084,0.028070951,0.000818313,0.040688547,1
warmup,28,28,tree,0,1024,6291456,27.629088074,0.026981531,0.001082478,0.038731712,1
warmup,29,29,tree,0,1024,6291456,27.683691961,0.027034855,0.000970168,0.040314667,1
warmup,30,30,tree,0,1024,6291456,27.932632733,0.027277962,0.000983884,0.040389386,1
warmup,31,31,tree,0,1024,6291456,29.357093034,0.028669036,0.000783759,0.042983474,1
warmup,32,32,tree,0,1024,6291456,29.196759823,0.028512461,0.000777377,0.041631627,1
warmup,33,33,tree,0,1024,6291456,26.787002913,0.026159183,0.000812513,0.038204381,1
warmup,34,34,tree,0,1024,6291456,28.458850937,0.027791847,0.000790220,0.042779382,1
warmup,35,35,tree,0,1024,6291456,28.234473066,0.027572728,0.000795521,0.041744318,1
warmup,36,36,tree,0,1024,6291456,29.283101791,0.028596779,0.000790832,0.039450077,1
warmup,37,37,tree,0,1024,6291456,27.928956026,0.027274371,0.000797605,0.039668088,1
warmup,38,38,tree,0,1024,6291456,29.284876198,0.028598512,0.000942025,0.042587403,1
warmup,39,39,tree,0,1024,6291456,28.087387774,0.027429090,0.000902120,0.041449282,1
warmup,40,40,tree,0,1024,6291456,27.913088963,0.027258876,0.001036732,0.039255809,1
warmup,41,41,tree,0,1024,6291456,28.225141451,0.027563615,0.000984415,0.041063639,1
warmup,42,42,tree,0,1024,6291456,28.295461189,0.027632286,0.000827570,0.041532290,1
warmup,43,43,tree,0,1024,6291456,29.619779852,0.028925566,0.000800971,0.041665246,1
warmup,44,44,tree,0,1024,6291456,28.368938764,0.027704042,0.000787616,0.039128723,1
warmup,45,45,tree,0,1024,6291456,28.364900804,0.027700098,0.000795340,0.042484300,1
warmup,46,46,tree,0,1024,6291456,28.622042276,0.027951213,0.000786033,0.042368934,1
warmup,47,47,tree,0,1024,6291456,28.402681231,0.027736993,0.000771115,0.040430246,1
warmup,48,48,tree,0,1024,6291456,29.058616312,0.028377555,0.000913763,0.040860930,1
warmup,49,49,tree,0,1024,6291456,26.837147787,0.026208152,0.000895799,0.039622540,1
actual,0,50,tree,0,1024,6291456,28.645161255,0.027973790,0.000816871,0.041290477,1
actual,1,51,tree,0,1024,6291456,29.087091415,0.028405363,0.000845945,0.040312553,1
actual,2,52,tree,0,1024,6291456,28.828154013,0.028152494,0.000996528,0.040785409,1
actual,3,53,tree,0,1024,6291456,28.009780374,0.027353301,0.000937978,0.042159020,1
actual,4,54,tree,0,1024,6291456,28.316456536,0.027652790,0.000803135,0.040581975,1
actual,5,55,tree,0,1024,6291456,28.651672044,0.027980148,0.000784520,0.041258745,1
actual,6,56,tree,0,1024,6291456,28.440774888,0.027774194,0.000924773,0.040217840,1
actual,7,57,tree,0,1024,6291456,29.315746571,0.028628659,0.000811771,0.039850133,1
actual,8,58,tree,0,1024,6291456,28.881744793,0.028204829,0.000952855,0.040464611,1
actual,9,59,tree,0,1024,6291456,28.871962771,0.028195276,0.000810579,0.043761482,1
actual,10,60,tree,0,1024,6291456,27.647286162,0.026999303,0.000984766,0.039130552,1
actual,11,61,tree,0,1024,6291456,27.622255271,0.026974859,0.000895839,0.038388811,1
actual,12,62,tree,0,1024,6291456,27.542333127,0.026896810,0.001037644,0.039890155,1
actual,13,63,tree,0,1024,6291456,29.681804615,0.028986137,0.000893744,0.041084488,1
actual,14,64,tree,0,1024,6291456,27.258165636,0.026619302,0.000883686,0.037842389,1
actual,15,65,tree,0,1024,6291456,27.075504149,0.026440922,0.000980177,0.039015926,1
actual,16,66,tree,0,1024,6291456,27.610485414,0.026963365,0.000937737,0.038772793,1
actual,17,67,tree,0,1024,6291456,27.843738021,0.027191150,0.000810169,0.042057380,1
actual,18,68,tree,0,1024,6291456,28.898437352,0.028221130,0.000939260,0.042486932,1
actual,19,69,tree,0,1024,6291456,27.602771137,0.026955831,0.000909544,0.039835970,1
actual,20,70,tree,0,1024,6291456,29.025547841,0.028345262,0.000811812,0.041498814,1
actual,21,71,tree,0,1024,6291456,28.655607504,0.027983992,0.000853370,0.040982926,1
actual,22,72,tree,0,1024,6291456,28.856984175,0.028180649,0.000873186,0.040615653,1
actual,23,73,tree,0,1024,6291456,29.069905817,0.028388580,0.001009381,0.042154104,1
actual,24,74,tree,0,1024,6291456,28.309245379,0.027645747,0.000796383,0.038506634,1
actual,25,75,tree,0,1024,6291456,26.824642745,0.026195940,0.000941985,0.040497088,1
actual,26,76,tree,0,1024,6291456,29.662478907,0.028967265,0.000799969,0.043603185,1
actual,27,77,tree,0,1024,6291456,29.730440912,0.029033634,0.000874509,0.041273388,1
actual,28,78,tree,0,1024,6291456,27.294024167,0.026654320,0.000813184,0.040401569,1
actual,29,79,tree,0,1024,6291456,29.713000537,0.029016602,0.000970759,0.041399609,1
actual,30,80,tree,0,1024,6291456,29.000796537,0.028321090,0.000782988,0.041849711,1
actual,31,81,tree,0,1024,6291456,29.080072207,0.028398508,0.000885189,0.040882253,1
actual,32,82,tree,0,1024,6291456,27.223081104,0.026585040,0.000927969,0.040707663,1
actual,33,83,tree,0,1024,6291456,28.228849501,0.027567236,0.000888335,0.040572991,1
actual,34,84,tree,0,1024,6291456,27.386333842,0.026744467,0.000867205,0.038262884,1
actual,35,85,tree,0,1024,6291456,29.025101201,0.028344825,0.000819746,0.043308603,1
actual,36,86,tree,0,1024,6291456,27.991404205,0.027335356,0.000828232,0.042786876,1
actual,37,87,tree,0,1024,6291456,28.397174283,0.027731616,0.000805710,0.040899001,1
actual,38,88,tree,0,1024,6291456,28.227615619,0.027566031,0.000795080,0.041702115,1
actual,39,89,tree,0,1024,6291456,29.593650082,0.028900049,0.000884347,0.042267683,1
actual,40,90,tree,0,1024,6291456,27.270260706,0.026631114,0.001052963,0.038896653,1
actual,41,91,tree,0,1024,6291456,28.648966579,0.027977506,0.000848821,0.041824264,1
actual,42,92,tree,0,1024,6291456,29.254511858,0.028568859,0.000805289,0.040505765,1
actual,43,93,tree,0,1024,6291456,28.403851395,0.027738136,0.000974776,0.039431254,1
actual,44,94,tree,0,1024,6291456,29.662975555,0.028967750,0.000862857,0.041369252,1
actual,45,95,tree,0,1024,6291456,29.134558001,0.028451717,0.000863708,0.040409104,1
actual,46,96,tree,0,1024,6291456,29.079777672,0.028398220,0.000816360,0.040661786,1
actual,47,97,tree,0,1024,6291456,29.560283595,0.028867464,0.000851145,0.042846548,1
actual,48,98,tree,0,1024,6291456,28.506247652,0.027838132,0.000803435,0.038711147,1
actual,49,99,tree,0,1024,6291456,29.715411164,0.029018956,0.000780874,0.041134342,1
warmup,0,0,tree,0,1024,8388608,38.836696976,0.037926462,0.000943248,0.055603835,1
warmup,1,1,tree,0,1024,8388608,36.885752187,0.036021242,0.001286691,0.056221706,1
warmup,2,2,tree,0,1024,8388608,35.696095959,0.034859469,0.001326986,0.053021443,1
warmup,3,3,tree,0,1024,8388608,38.992949154,0.038079052,0.000985367,0.053720632,1
warmup,4,4,tree,0,1024,8388608,38.773921685,0.037865158,0.000943969,0.054360290,1
warmup,5,5,tree,0,1024,8388608,37.831286936,0.036944616,0.000969066,0.055233696,1
warmup,6,6,tree,0,1024,8388608,36.018192824,0.035174016,0.000934110,0.057587554,1
warmup,7,7,tree,0,1024,8388608,36.435519760,0.035581562,0.001031012,0.052810548,1
warmup,8,8,tree,0,1024,8388608,38.392047242,0.037492234,0.000943268,0.055877752,1
warmup,9,9,tree,0,1024,8388608,39.568040643,0.038640665,0.000946364,0.054171357,1
warmup,10,10,tree,0,1024,8388608,38.938405995,0.038025787,0.000936965,0.056331210,1
warmup,11,11,tree,0,1024,8388608,36.762101215,0.035900489,0.001340242,0.056504816,1
warmup,12,12,tree,0,1024,8388608,39.158356418,0.038240582,0.000949469,0.056800931,1
warmup,13,13,tree,0,1024,8388608,37.794712854,0.036908899,0.000951043,0.056075311,1
warmup,14,14,tree,0,1024,8388608,37.240536203,0.036367711,0.000979165,0.053480502,1
warmup,15,15,tree,0,1024,8388608,36.537353591,0.035681009,0.001273557,0.051337068,1
warmup,16,16,tree,0,1024,8388608,37.199054890,0.036327202,0.000948307,0.056641552,1
warmup,17,17,tree,0,1024,8388608,36.588627425,0.035731081,0.000995185,0.055671245,1
warmup,18,18,tree,0,1024,8388608,37.816066984,0.036929753,0.001390876,0.053510147,1
warmup,19,19,tree,0,1024,8388608,38.130644965,0.037236958,0.000982491,0.055130221,1
warmup,20,20,tree,0,1024,8388608,38.542838686,0.037639491,0.000959678,0.054639894,1
warmup,21,21,tree,0,1024,8388608,36.598106429,0.035740338,0.001297401,0.052658133,1
warmup,22,22,tree,0,1024,8388608,38.150418784,0.037256268,0.000949759,0.055038570,1
warmup,23,23,tree,0,1024,8388608,37.026403227,0.036158597,0.000951794,0.054411780,1
warmup,24,24,tree,0,1024,8388608,38.560985705,0.037657213,0.000960921,0.055835212,1
warmup,25,25,tree,0,1024,8388608,38.632996585,0.037727536,0.001022216,0.057101914,1
warmup,26,26,tree,0,1024,8388608,35.886595459,0.035045503,0.000973615,0.052723836,1
warmup,27,27,tree,0,1024,8388608,37.083971944,0.036214816,0.001010344,0.050509841,1
warmup,28,28,tree,0,1024,8388608,38.604073564,0.037699291,0.000988743,0.056861454,1
warmup,29,29,tree,0,1024,8388608,37.798826453,0.036912916,0.001000064,0.054830491,1
warmup,30,30,tree,0,1024,8388608,36.391670948,0.035538741,0.000975769,0.051548325,1
warmup,31,31,tree,0,1024,8388608,36.858978524,0.035995096,0.001049666,0.055389107,1
warmup,32,32,tree,0,1024,8388608,38.472050236,0.037570362,0.001267616,0.056466194,1
warmup,33,33,tree,0,1024,8388608,37.171958414,0.036300741,0.001316668,0.053859562,1
warmup,34,34,tree,0,1024,8388608,39.232036712,0.038312536,0.000959939,0.056374091,1
warmup,35,35,tree,0,1024,8388608,39.838459756,0.038904746,0.000966942,0.056239189,1
warmup,36,36,tree,0,1024,8388608,36.909134880,0.036044077,0.000950682,0.051666428,1
warmup,37,37,tree,0,1024,8388608,38.558740274,0.037655020,0.000965509,0.052780790,1
warmup,38,38,tree,0,1024,8388608,39.284532531,0.038363801,0.000959137,0.053236531,1
warmup,39,39,tree,0,1024,8388608,37.175442725,0.036304143,0.000961452,0.053398539,1
warmup,40,40,tree,0,1024,8388608,37.714682283,0.036830744,0.001174701,0.052715271,1
warmup,41,41,tree,0,1024,8388608,36.614758880,0.035756600,0.001264460,0.055770861,1
warmup,42,42,tree,0,1024,8388608,38.742207812,0.037834187,0.001265973,0.053882345,1
warmup,43,43,tree,0,1024,8388608,36.386637192,0.035533825,0.001281892,0.053138569,1
warmup,44,44,tree,0,1024,8388608,37.231279581,0.036358671,0.000920555,0.056780121,1
warmup,45,45,tree,0,1024,8388608,37.121327962,0.036251297,0.001170253,0.055133688,1
warmup,46,46,tree,0,1024,8388608,38.076320635,0.037183907,0.001019270,0.053413818,1
warmup,47,47,tree,0,1024,8388608,36.445332737,0.035591145,0.001261303,0.052735787,1
warmup,48,48,tree,0,1024,8388608,37.120010721,0.036250010,0.000994814,0.055285202,1
warmup,49,49,tree,0,1024,8388608,37.589233573,0.036708236,0.001280900,0.054645585,1
actual,0,50,tree,0,1024,8388608,36.177716582,0.035329801,0.001190190,0.054108548,1
actual,1,51,tree,0,1024,8388608,36.985698809,0.036118846,0.001220016,0.056116077,1
actual,2,52,tree,0,1024,8388608,36.546129402,0.035689579,0.001206040,0.052277794,1
actual,3,53,tree,0,1024,8388608,37.484495766,0.036605953,0.001342516,0.057897975,1
actual,4,54,tree,0,1024,8388608,38.781807777,0.037872859,0.001300737,0.055107618,1
actual,5,55,tree,0,1024,8388608,37.363756410,0.036488043,0.000997019,0.056000271,1
actual,6,56,tree,0,1024,8388608,36.934224254,0.036068578,0.001280500,0.052840324,1
actual,7,57,tree,0,1024,8388608,38.795748089,0.037886473,0.000937707,0.055000038,1
actual,8,58,tree,0,1024,8388608,37.832770417,0.036946065,0.000955992,0.055392132,1
actual,9,59,tree,0,1024,8388608,39.177445709,0.038259224,0.000945892,0.057928993,1
actual,10,60,tree,0,1024,8388608,38.759549665,0.037851123,0.001003601,0.054725204,1
actual,11,61,tree,0,1024,8388608,37.439994490,0.036562495,0.000967503,0.055395960,1
actual,12,62,tree,0,1024,8388608,37.188241251,0.036316642,0.000951253,0.053822342,1
actual,13,63,tree,0,1024,8388608,37.953498201,0.037063963,0.000941254,0.057425610,1
actual,14,64,tree,0,1024,8388608,36.490402025,0.035635158,0.000954138,0.051262541,1
actual,15,65,tree,0,1024,8388608,38.033429830,0.037142021,0.001127563,0.053382821,1
actual,16,66,tree,0,1024,8388608,38.218520567,0.037322774,0.001237028,0.052934391,1
actual,17,67,tree,0,1024,8388608,37.969032232,0.037079133,0.001210659,0.052946592,1
actual,18,68,tree,0,1024,8388608,37.747826835,0.036863112,0.001282473,0.051897269,1
actual,19,69,tree,0,1024,8388608,35.068503007,0.034246585,0.000975017,0.057461477,1
actual,20,70,tree,0,1024,8388608,36.632148352,0.035773582,0.000943217,0.052527196,1
actual,21,71,tree,0,1024,8388608,36.332137800,0.035480603,0.001031843,0.055434621,1
actual,22,72,tree,0,1024,8388608,37.031120865,0.036163204,0.001261113,0.055304849,1
actual,23,73,tree,0,1024,8388608,38.141229390,0.037247294,0.001406375,0.057623491,1
actual,24,74,tree,0,1024,8388608,35.993950395,0.035150342,0.000985307,0.056534261,1
actual,25,75,tree,0,1024,8388608,36.631249698,0.035772705,0.001045990,0.055251238,1
actual,26,76,tree,0,1024,8388608,37.018602283,0.036150979,0.000987190,0.053709347,1
actual,27,77,tree,0,1024,8388608,37.013891936,0.036146379,0.001035851,0.052677028,1
actual,28,78,tree,0,1024,8388608,38.766081361,0.037857501,0.000948197,0.054969260,1
actual,29,79,tree,0,1024,8388608,39.647454071,0.038718217,0.001250333,0.058292383,1
actual,30,80,tree,0,1024,8388608,36.664956815,0.035805622,0.000949029,0.050424109,1
actual,31,81,tree,0,1024,8388608,38.229327597,0.037333328,0.001096786,0.053598885,1
actual,32,82,tree,0,1024,8388608,37.693200525,0.036809766,0.001008369,0.056247935,1
actual,33,83,tree,0,1024,8388608,36.343134424,0.035491342,0.001291771,0.054837554,1
actual,34,84,tree,0,1024,8388608,38.078299388,0.037185839,0.000986719,0.053993273,1
actual,35,85,tree,0,1024,8388608,38.157286661,0.037262975,0.001011305,0.057299665,1
actual,36,86,tree,0,1024,8388608,38.069880624,0.037177618,0.000951383,0.055265615,1
actual,37,87,tree,0,1024,8388608,37.851959537,0.036964804,0.000952755,0.053073126,1
actual,38,88,tree,0,1024,8388608,39.662695798,0.038733101,0.001346483,0.053552147,1
actual,39,89,tree,0,1024,8388608,38.236978044,0.037340799,0.000958957,0.053416516,1
actual,40,90,tree,0,1024,8388608,38.514639439,0.037611953,0.001094471,0.055798353,1
actual,41,91,tree,0,1024,8388608,36.826130329,0.035963018,0.001035310,0.054352154,1
actual,42,92,tree,0,1024,8388608,36.882699807,0.036018262,0.000977912,0.056840685,1
actual,43,93,tree,0,1024,8388608,39.268047837,0.038347703,0.001361732,0.055517297,1
actual,44,94,tree,0,1024,8388608,37.883747923,0.036995848,0.001031303,0.056005801,1
actual,45,95,tree,0,1024,8388608,37.340950102,0.036465772,0.001317329,0.055610582,1
actual,46,96,tree,0,1024,8388608,36.594402833,0.035736722,0.000957835,0.055878894,1
actual,47,97,tree,0,1024,8388608,37.435288387,0.036557899,0.001339751,0.053091875,1
actual,48,98,tree,0,1024,8388608,38.319898444,0.037421776,0.000959357,0.057681500,1
actual,49,99,tree,0,1024,8388608,39.091063539,0.038174867,0.000949950,0.057783962,1
warmup,0,0,tree,0,1024,12582912,57.248101263,0.055906349,0.001365989,0.089016100,1
warmup,1,1,tree,0,1024,12582912,55.078812525,0.053787903,0.001672785,0.081488963,1
warmup,2,2,tree,0,1024,12582912,53.842047354,0.052580124,0.001558511,0.079580077,1
warmup,3,3,tree,0,1024,12582912,56.598256395,0.055271735,0.001898207,0.083449174,1
warmup,4,4,tree,0,1024,12582912,58.687831693,0.057312336,0.001349459,0.088223224,1
warmup,5,5,tree,0,1024,12582912,56.229825473,0.054911939,0.001346423,0.080666639,1
warmup,6,6,tree,0,1024,12582912,57.504719223,0.056156952,0.001317519,0.080648376,1
warmup,7,7,tree,0,1024,12582912,58.873961900,0.057494103,0.001347044,0.086257413,1
warmup,8,8,tree,0,1024,12582912,55.578374926,0.054275757,0.001363315,0.085569105,1
warmup,9,9,tree,0,1024,12582912,57.436495259,0.056090327,0.001362514,0.084580643,1
warmup,10,10,tree,0,1024,12582912,53.850429652,0.052588310,0.001748677,0.082358302,1
warmup,11,11,tree,0,1024,12582912,56.338568603,0.055018133,0.002043729,0.081091218,1
warmup,12,12,tree,0,1024,12582912,54.818307026,0.053533503,0.001754498,0.080487337,1
warmup,13,13,tree,0,1024,12582912,57.544928967,0.056196220,0.001342015,0.084339472,1
warmup,14,14,tree,0,1024,12582912,58.184709070,0.056821005,0.001476386,0.089492501,1
warmup,15,15,tree,0,1024,12582912,54.751002706,0.053467776,0.001746292,0.088642960,1
warmup,16,16,tree,0,1024,12582912,54.679392142,0.053397844,0.001818247,0.084601892,1
warmup,17,17,tree,0,1024,12582912,53.833109515,0.052571396,0.001949062,0.083420130,1
warmup,18,18,tree,0,1024,12582912,54.765612308,0.053482043,0.001850988,0.082834653,1
warmup,19,19,tree,0,1024,12582912,56.847874851,0.055515503,0.001721035,0.084842985,1
warmup,20,20,tree,0,1024,12582912,54.011030979,0.052745147,0.001784725,0.081438729,1
warmup,21,21,tree,0,1024,12582912,56.870957185,0.055538044,0.001972225,0.081790679,1
warmup,22,22,tree,0,1024,12582912,55.061562190,0.053771057,0.001362854,0.078239629,1
warmup,23,23,tree,0,1024,12582912,58.462861426,0.057092638,0.001900782,0.086925635,1
warmup,24,24,tree,0,1024,12582912,56.762423593,0.055432054,0.001426874,0.080492093,1
warmup,25,25,tree,0,1024,12582912,56.976952771,0.055641555,0.001843504,0.084583138,1
warmup,26,26,tree,0,1024,12582912,58.247343202,0.056882171,0.001756512,0.082972892,1
warmup,27,27,tree,0,1024,12582912,58.534171758,0.057162277,0.001738738,0.082573404,1
warmup,28,28,tree,0,1024,12582912,57.963580779,0.056605059,0.001356042,0.088034171,1
warmup,29,29,tree,0,1024,12582912,55.251950996,0.053956983,0.001338278,0.081993080,1
warmup,30,30,tree,0,1024,12582912,56.231476985,0.054913552,0.001521110,0.081700139,1
warmup,31,31,tree,0,1024,12582912,56.278464075,0.054959438,0.001374626,0.085860620,1
warmup,32,32,tree,0,1024,12582912,55.877003679,0.054567386,0.001350200,0.082718516,1
warmup,33,33,tree,0,1024,12582912,56.201011220,0.054883800,0.001790545,0.082310412,1
warmup,34,34,tree,0,1024,12582912,56.711552497,0.055382375,0.001694305,0.085864627,1
warmup,35,35,tree,0,1024,12582912,56.445921356,0.055122970,0.001950254,0.082344636,1
warmup,36,36,tree,0,1024,12582912,55.323352019,0.054026711,0.001393751,0.081301111,1
warmup,37,37,tree,0,1024,12582912,54.497357052,0.053220075,0.001356462,0.078265047,1
warmup,38,38,tree,0,1024,12582912,55.429686999,0.054130554,0.001333719,0.078941534,1
warmup,39,39,tree,0,1024,12582912,56.596235318,0.055269761,0.001760829,0.080146659,1
warmup,40,40,tree,0,1024,12582912,55.255326959,0.053960280,0.001321336,0.079959569,1
warmup,41,41,tree,0,1024,12582912,57.751773645,0.056398216,0.001870545,0.087617711,1
warmup,42,42,tree,0,1024,12582912,54.829395101,0.053544331,0.001349038,0.077772983,1
warmup,43,43,tree,0,1024,12582912,55.566121600,0.054263791,0.001810032,0.083251036,1
warmup,44,44,tree,0,1024,12582912,55.517989538,0.054216787,0.001662666,0.079469983,1
warmup,45,45,tree,0,1024,12582912,55.292591303,0.053996671,0.001822866,0.084357114,1
warmup,46,46,tree,0,1024,12582912,56.068029507,0.054753935,0.001939966,0.083009220,1
warmup,47,47,tree,0,1024,12582912,54.386519265,0.053111835,0.001716276,0.082692918,1
warmup,48,48,tree,0,1024,12582912,54.860760453,0.053574961,0.001360600,0.083867373,1
warmup,49,49,tree,0,1024,12582912,55.488356008,0.054187848,0.001812487,0.082016592,1
actual,0,50,tree,0,1024,12582912,56.679675988,0.055351246,0.002031637,0.080576334,1
actual,1,51,tree,0,1024,12582912,58.868931096,0.057489191,0.001353006,0.082176982,1
actual,2,52,tree,0,1024,12582912,56.361440856,0.055040470,0.001323700,0.082280986,1
actual,3,53,tree,0,1024,12582912,56.940599755,0.055606054,0.001349198,0.081539294,1
actual,4,54,tree,0,1024,12582912,59.015518312,0.057632342,0.001767773,0.085206736,1
actual,5,55,tree,0,1024,12582912,56.405987815,0.055083972,0.001360400,0.084678647,1
actual,6,56,tree,0,1024,12582912,54.657811247,0.053376769,0.001397989,0.082989994,1
actual,7,57,tree,0,1024,12582912,56.185767637,0.054868914,0.001771840,0.079287077,1
actual,8,58,tree,0,1024,12582912,57.353197345,0.056008982,0.001370788,0.083812133,1
actual,9,59,tree,0,1024,12582912,55.103681393,0.053812189,0.001637578,0.081621382,1
actual,10,60,tree,0,1024,12582912,56.578897417,0.055252830,0.001361201,0.085677337,1
actual,11,61,tree,0,1024,12582912,55.751233673,0.054444564,0.001773544,0.077259189,1
actual,12,62,tree,0,1024,12582912,57.036592833,0.055699798,0.001334731,0.080743627,1
actual,13,63,tree,0,1024,12582912,54.581154330,0.053301909,0.001354448,0.084415675,1
actual,14,64,tree,0,1024,12582912,56.100251461,0.054785402,0.001661484,0.079908143,1
actual,15,65,tree,0,1024,12582912,56.980509536,0.055645029,0.001346974,0.085942384,1
actual,16,66,tree,0,1024,12582912,58.239818231,0.056874822,0.001535778,0.086366377,1
actual,17,67,tree,0,1024,12582912,56.709679565,0.055380546,0.001402247,0.086088086,1
actual,18,68,tree,0,1024,12582912,57.490390387,0.056142959,0.001371520,0.086639439,1
actual,19,69,tree,0,1024,12582912,53.690584607,0.052432212,0.001329611,0.079089000,1
actual,20,70,tree,0,1024,12582912,54.791350087,0.053507178,0.001354869,0.084186074,1
actual,21,71,tree,0,1024,12582912,55.463020674,0.054163106,0.001827264,0.083950854,1
actual,22,72,tree,0,1024,12582912,56.149003148,0.054833011,0.001709784,0.083783510,1
actual,23,73,tree,0,1024,12582912,56.223444774,0.054905708,0.001988546,0.078824360,1
actual,24,74,tree,0,1024,12582912,56.097504273,0.054782719,0.001812216,0.083469593,1
actual,25,75,tree,0,1024,12582912,55.885025638,0.054575220,0.001826543,0.082773780,1
actual,26,76,tree,0,1024,12582912,55.845747855,0.054536863,0.001370488,0.085044823,1
actual,27,77,tree,0,1024,12582912,57.155631547,0.055816046,0.001342596,0.084860898,1
actual,28,78,tree,0,1024,12582912,56.623094307,0.055295991,0.001396978,0.084607223,1
actual,29,79,tree,0,1024,12582912,56.034323491,0.054721019,0.001338909,0.080890987,1
actual,30,80,tree,0,1024,12582912,55.282560156,0.053986875,0.001805333,0.080774882,1
actual,31,81,tree,0,1024,12582912,56.556459695,0.055230918,0.001486616,0.083293355,1
actual,32,82,tree,0,1024,12582912,56.573538563,0.055247596,0.001918656,0.082581011,1
actual,33,83,tree,0,1024,12582912,56.281013690,0.054961927,0.001338809,0.081190507,1
actual,34,84,tree,0,1024,12582912,54.109304859,0.052841118,0.001864063,0.078954590,1
actual,35,85,tree,0,1024,12582912,59.140956642,0.057754840,0.001335332,0.080993872,1
actual,36,86,tree,0,1024,12582912,52.857997240,0.051619138,0.001824078,0.073813186,1
actual,37,87,tree,0,1024,12582912,56.484407039,0.055160554,0.001846991,0.086274086,1
actual,38,88,tree,0,1024,12582912,56.942834875,0.055608237,0.001309153,0.085660637,1
actual,39,89,tree,0,1024,12582912,59.201741714,0.057814201,0.001361742,0.088090307,1
actual,40,90,tree,0,1024,12582912,55.845429295,0.054536552,0.001335202,0.084924850,1
actual,41,91,tree,0,1024,12582912,56.405174392,0.055083178,0.001330413,0.086063141,1
actual,42,92,tree,0,1024,12582912,56.013978046,0.054701150,0.001389383,0.085745055,1
actual,43,93,tree,0,1024,12582912,53.944788075,0.052680457,0.001373404,0.083972877,1
actual,44,94,tree,0,1024,12582912,57.535754141,0.056187260,0.001328569,0.083048306,1
actual,45,95,tree,0,1024,12582912,58.082535307,0.056721226,0.001377542,0.088017431,1
actual,46,96,tree,0,1024,12582912,55.563000277,0.054260742,0.001804582,0.077900707,1
actual,47,97,tree,0,1024,12582912,58.538371050,0.057166378,0.001389805,0.085331321,1
actual,48,98,tree,0,1024,12582912,54.037014460,0.052770522,0.001332206,0.079217913,1
actual,49,99,tree,0,1024,12582912,58.872524135,0.057492699,0.001342426,0.082073982,1
warmup,0,0,tree,0,1024,16777216,75.020631758,0.073262336,0.001905421,0.110786054,1
warmup,1,1,tree,0,1024,16777216,77.866981127,0.076041974,0.001902235,0.118946033,1
warmup,2,2,tree,0,1024,16777216,76.359159944,0.074569492,0.002912618,0.110300816,1
warmup,3,3,tree,0,1024,16777216,80.262255730,0.078381109,0.002728564,0.111140588,1
warmup,4,4,tree,0,1024,16777216,72.963823416,0.071253734,0.001995709,0.110963378,1
warmup,5,5,tree,0,1024,16777216,76.934528027,0.075131375,0.001949413,0.110366177,1
warmup,6,6,tree,0,1024,16777216,76.220398750,0.074433983,0.001944423,0.112012922,1
warmup,7,7,tree,0,1024,16777216,76.682166838,0.074884929,0.002543696,0.110497257,1
warmup,8,8,tree,0,1024,16777216,74.253278179,0.072512967,0.002812821,0.105395871,1
warmup,9,9,tree,0,1024,16777216,76.598600386,0.074803321,0.002395308,0.109924258,1
warmup,10,10,tree,0,1024,16777216,74.334900162,0.072592676,0.002221673,0.106197844,1
warmup,11,11,tree,0,1024,16777216,75.544127041,0.073773562,0.001975672,0.115045169,1
warmup,12,12,tree,0,1024,16777216,77.907947661,0.076081980,0.001890312,0.108572930,1
warmup,13,13,tree,0,1024,16777216,77.641053451,0.075821341,0.002599241,0.109185301,1
warmup,14,14,tree,0,1024,16777216,77.162164541,0.075353676,0.002238955,0.108938050,1
warmup,15,15,tree,0,1024,16777216,74.867063254,0.073112366,0.001804251,0.110501640,1
warmup,16,16,tree,0,1024,16777216,78.174778927,0.076342558,0.001914728,0.111265105,1
warmup,17,17,tree,0,1024,16777216,75.241647877,0.073478172,0.001975281,0.108378035,1
warmup,18,18,tree,0,1024,16777216,73.548587763,0.071824793,0.001872859,0.111154534,1
warmup,19,19,tree,0,1024,16777216,78.319228334,0.076483621,0.002556841,0.111816303,1
warmup,20,20,tree,0,1024,16777216,76.475078939,0.074682694,0.001923395,0.109963864,1
warmup,21,21,tree,0,1024,16777216,76.454982908,0.074663069,0.002563454,0.120026095,1
warmup,22,22,tree,0,1024,16777216,78.265690182,0.076431338,0.002001771,0.118072657,1
warmup,23,23,tree,0,1024,16777216,78.116476337,0.076285621,0.002058067,0.107637257,1
warmup,24,24,tree,0,1024,16777216,74.891040856,0.073135782,0.002038109,0.112527294,1
warmup,25,25,tree,0,1024,16777216,76.806906676,0.075006745,0.002002062,0.113844330,1
warmup,26,26,tree,0,1024,16777216,75.051421679,0.073292404,0.002164366,0.114510578,1
warmup,27,27,tree,0,1024,16777216,76.639911369,0.074843663,0.001881906,0.110880421,1
warmup,28,28,tree,0,1024,16777216,75.890340975,0.074111661,0.001922242,0.109139060,1
warmup,29,29,tree,0,1024,16777216,75.910138144,0.074130994,0.002001060,0.112826965,1
warmup,30,30,tree,0,1024,16777216,76.254557182,0.074467341,0.001844577,0.112916052,1
warmup,31,31,tree,0,1024,16777216,75.258861872,0.073494982,0.001928404,0.112649092,1
warmup,32,32,tree,0,1024,16777216,76.473572102,0.074681223,0.001872860,0.109955028,1
warmup,33,33,tree,0,1024,16777216,76.984840209,0.075180508,0.001982775,0.123110752,1
warmup,34,34,tree,0,1024,16777216,75.782419043,0.074006269,0.002121606,0.116799885,1
warmup,35,35,tree,0,1024,16777216,79.434852169,0.077573098,0.001873521,0.114007035,1
warmup,36,36,tree,0,1024,16777216,76.095456200,0.074311969,0.002469077,0.113007664,1
warmup,37,37,tree,0,1024,16777216,75.928095450,0.074148531,0.001971043,0.118324960,1
warmup,38,38,tree,0,1024,16777216,75.198298922,0.073435839,0.001986112,0.105352149,1
warmup,39,39,tree,0,1024,16777216,76.406011462,0.074615246,0.001962998,0.112432547,1
warmup,40,40,tree,0,1024,16777216,76.984713203,0.075180384,0.002821206,0.108876724,1
warmup,41,41,tree,0,1024,16777216,76.731325189,0.074932935,0.002425104,0.117064470,1
warmup,42,42,tree,0,1024,16777216,75.329000167,0.073563477,0.002712633,0.110481303,1
warmup,43,43,tree,0,1024,16777216,78.312982847,0.076477522,0.002689490,0.112718342,1
warmup,44,44,tree,0,1024,16777216,75.022831871,0.073264484,0.002067103,0.115812726,1
warmup,45,45,tree,0,1024,16777216,77.533341635,0.075716154,0.001849416,0.112044931,1
warmup,46,46,tree,0,1024,16777216,76.612314527,0.074816713,0.001885784,0.114718660,1
warmup,47,47,tree,0,1024,16777216,75.333269056,0.073567646,0.001986893,0.110103937,1
warmup,48,48,tree,0,1024,16777216,77.069386933,0.075263073,0.001847903,0.115315224,1
warmup,49,49,tree,0,1024,16777216,77.481756810,0.075665778,0.002121956,0.107872759,1
actual,0,50,tree,0,1024,16777216,77.008952852,0.075204056,0.001905100,0.113625551,1
actual,1,51,tree,0,1024,16777216,74.091915768,0.072355386,0.001795915,0.112353178,1
actual,2,52,tree,0,1024,16777216,80.197178700,0.078317557,0.002373918,0.112723676,1
actual,3,53,tree,0,1024,16777216,77.955407187,0.076128327,0.001841842,0.117547004,1
actual,4,54,tree,0,1024,16777216,77.027592214,0.075222258,0.001880755,0.108287435,1
actual,5,55,tree,0,1024,16777216,76.619353694,0.074823588,0.001895882,0.113844831,1
actual,6,56,tree,0,1024,16777216,76.885161231,0.075083165,0.002600483,0.108806848,1
actual,7,57,tree,0,1024,16777216,76.694449895,0.074896924,0.001822555,0.114863909,1
actual,8,58,tree,0,1024,16777216,74.637700663,0.072888380,0.001952499,0.108421416,1
actual,9,59,tree,0,1024,16777216,76.952495591,0.075148921,0.002100877,0.115333238,1
actual,10,60,tree,0,1024,16777216,78.708089834,0.076863369,0.001897295,0.111614294,1
actual,11,61,tree,0,1024,16777216,76.186659586,0.074401035,0.001888229,0.113998960,1
actual,12,62,tree,0,1024,16777216,73.107614997,0.071394155,0.001826733,0.109420116,1
actual,13,63,tree,0,1024,16777216,78.245784475,0.076411899,0.001920880,0.114920457,1
actual,14,64,tree,0,1024,16777216,74.290475896,0.072549293,0.001975041,0.108602766,1
actual,15,65,tree,0,1024,16777216,75.912535085,0.074133335,0.001874393,0.110613540,1
actual,16,66,tree,0,1024,16777216,77.591754412,0.075773198,0.002117267,0.113859059,1
actual,17,67,tree,0,1024,16777216,74.072936568,0.072336852,0.001888329,0.113071774,1
actual,18,68,tree,0,1024,16777216,74.420407180,0.072676179,0.002063998,0.107135828,1
actual,19,69,tree,0,1024,16777216,76.068368551,0.074285516,0.002065561,0.113031488,1
actual,20,70,tree,0,1024,16777216,76.432206273,0.074640826,0.001877919,0.110050096,1
actual,21,71,tree,0,1024,16777216,76.440485234,0.074648911,0.002036757,0.108482476,1
actual,22,72,tree,0,1024,16777216,75.484041399,0.073714884,0.002173593,0.114146706,1
actual,23,73,tree,0,1024,16777216,73.174397607,0.071459373,0.002001390,0.119282404,1
actual,24,74,tree,0,1024,16777216,75.380998788,0.073614257,0.001884581,0.113746266,1
actual,25,75,tree,0,1024,16777216,75.164221431,0.073402560,0.001919356,0.113887741,1
actual,26,76,tree,0,1024,16777216,75.980665525,0.074199869,0.002092851,0.114044685,1
actual,27,77,tree,0,1024,16777216,77.742260952,0.075920177,0.001918986,0.109924210,1
actual,28,78,tree,0,1024,16777216,75.525263648,0.073755140,0.001889481,0.112815930,1
actual,29,79,tree,0,1024,16777216,74.521148209,0.072774559,0.002015657,0.114563547,1
actual,30,80,tree,0,1024,16777216,75.827255315,0.074050054,0.002794467,0.113077101,1
actual,31,81,tree,0,1024,16777216,75.091827176,0.073331862,0.001840529,0.106836649,1
actual,32,82,tree,0,1024,16777216,76.957129915,0.075153447,0.001919848,0.110862046,1
actual,33,83,tree,0,1024,16777216,76.323837808,0.074534998,0.001868832,0.112488632,1
actual,34,84,tree,0,1024,16777216,75.728963519,0.073954066,0.002070199,0.109724834,1
actual,35,85,tree,0,1024,16777216,80.563784219,0.078675571,0.002051704,0.112291813,1
actual,36,86,tree,0,1024,16777216,74.201695255,0.072462593,0.002590154,0.106771386,1
actual,37,87,tree,0,1024,16777216,76.769861698,0.074970568,0.001920749,0.113101619,1
actual,38,88,tree,0,1024,16777216,77.942361405,0.076115587,0.001941929,0.119169942,1
actual,39,89,tree,0,1024,16777216,78.742459206,0.076896933,0.001905040,0.116613206,1
actual,40,90,tree,0,1024,16777216,76.495187493,0.074702332,0.002070180,0.115676751,1
actual,41,91,tree,0,1024,16777216,76.931577735,0.075128494,0.002811358,0.113399623,1
actual,42,92,tree,0,1024,16777216,76.917433194,0.075114681,0.001928614,0.114672400,1
actual,43,93,tree,0,1024,16777216,75.689756411,0.073915778,0.001880344,0.106368772,1
actual,44,94,tree,0,1024,16777216,76.650819244,0.074854316,0.002014354,0.109319037,1
actual,45,95,tree,0,1024,16777216,77.759089093,0.075936610,0.001895793,0.115305055,1
actual,46,96,tree,0,1024,16777216,76.987036329,0.075182653,0.001895131,0.114192813,1
actual,47,97,tree,0,1024,16777216,76.359481251,0.074569806,0.001841451,0.108650244,1
actual,48,98,tree,0,1024,16777216,74.590051048,0.072841847,0.001838044,0.112473854,1
actual,49,99,tree,0,1024,16777216,72.099413596,0.070409584,0.001815011,0.106140785,1
warmup,0,0,tree,0,1024,25165824,121.651871971,0.118800656,0.003206779,0.172186905,1
warmup,1,1,tree,0,1024,25165824,118.849340372,0.116063809,0.003315503,0.168624865,1
warmup,2,2,tree,0,1024,25165824,120.501539189,0.117677284,0.003855004,0.169496978,1
warmup,3,3,tree,0,1024,25165824,115.284678020,0.112582693,0.002877372,0.168002740,1
warmup,4,4,tree,0,1024,25165824,119.011002916,0.116221683,0.002947854,0.172541659,1
warmup,5,5,tree,0,1024,25165824,117.891747810,0.115128660,0.003319000,0.165821536,1
warmup,6,6,tree,0,1024,25165824,114.921270110,0.112227803,0.004211613,0.173059491,1
warmup,7,7,tree,0,1024,25165824,124.881966008,0.121955045,0.002963303,0.188722067,1
warmup,8,8,tree,0,1024,25165824,116.615678627,0.113882499,0.003434145,0.171922168,1
warmup,9,9,tree,0,1024,25165824,116.307655480,0.113581695,0.003722536,0.169405807,1
warmup,10,10,tree,0,1024,25165824,115.128970678,0.112430635,0.003286769,0.172385753,1
warmup,11,11,tree,0,1024,25165824,116.389406372,0.113661530,0.003253186,0.173788114,1
warmup,12,12,tree,0,1024,25165824,120.192737287,0.117375720,0.004064597,0.180435942,1
warmup,13,13,tree,0,1024,25165824,117.276267469,0.114527605,0.002836115,0.176949585,1
warmup,14,14,tree,0,1024,25165824,116.269187027,0.113544128,0.003465505,0.168514971,1
warmup,15,15,tree,0,1024,25165824,116.902873730,0.114162963,0.003724208,0.169027309,1
warmup,16,16,tree,0,1024,25165824,116.283038056,0.113557654,0.003891262,0.176162559,1
warmup,17,17,tree,0,1024,25165824,119.672911631,0.116868078,0.002868104,0.199242394,1
warmup,18,18,tree,0,1024,25165824,120.447976907,0.117624977,0.003728968,0.176778603,1
warmup,19,19,tree,0,1024,25165824,116.469792599,0.113740032,0.004107177,0.171421568,1
warmup,20,20,tree,0,1024,25165824,115.027739460,0.112331777,0.003100420,0.178307683,1
warmup,21,21,tree,0,1024,25165824,118.627094033,0.115846772,0.003535214,0.178428863,1
warmup,22,22,tree,0,1024,25165824,121.077082148,0.118239338,0.004513408,0.173217624,1
warmup,23,23,tree,0,1024,25165824,119.954412883,0.117142981,0.004023008,0.173269271,1
warmup,24,24,tree,0,1024,25165824,118.087861767,0.115320178,0.003243529,0.168067992,1
warmup,25,25,tree,0,1024,25165824,117.163267913,0.114417254,0.003137961,0.169891216,1
warmup,26,26,tree,0,1024,25165824,116.347785808,0.113620885,0.003229482,0.170034665,1
warmup,27,27,tree,0,1024,25165824,118.787066964,0.116002995,0.003878638,0.195690081,1
warmup,28,28,tree,0,1024,25165824,118.766151576,0.115982570,0.002999020,0.169161760,1
warmup,29,29,tree,0,1024,25165824,117.733095501,0.114973726,0.002972149,0.171456287,1
warmup,30,30,tree,0,1024,25165824,117.794870060,0.115034053,0.003386596,0.164177900,1
warmup,31,31,tree,0,1024,25165824,117.498793697,0.114744916,0.003981932,0.166238206,1
warmup,32,32,tree,0,1024,25165824,118.094198170,0.115326365,0.003406864,0.168220571,1
warmup,33,33,tree,0,1024,25165824,119.266612580,0.116471301,0.002870540,0.165187974,1
warmup,34,34,tree,0,1024,25165824,115.277506470,0.112575690,0.003858230,0.173949645,1
warmup,35,35,tree,0,1024,25165824,115.135139586,0.112436660,0.002959016,0.170617106,1
warmup,36,36,tree,0,1024,25165824,114.860173763,0.112168138,0.002891358,0.176696622,1
warmup,37,37,tree,0,1024,25165824,114.595720978,0.111909884,0.003776016,0.168114896,1
warmup,38,38,tree,0,1024,25165824,117.622353999,0.114865580,0.004032927,0.164436846,1
warmup,39,39,tree,0,1024,25165824,113.474833710,0.110815267,0.002898932,0.172604587,1
warmup,40,40,tree,0,1024,25165824,117.308142953,0.114558733,0.002903742,0.168530157,1
warmup,41,41,tree,0,1024,25165824,118.506737356,0.115729236,0.003197151,0.171873769,1
warmup,42,42,tree,0,1024,25165824,113.916658611,0.111246737,0.002905905,0.169665354,1
warmup,43,43,tree,0,1024,25165824,117.004450877,0.114262159,0.003053061,0.166599773,1
warmup,44,44,tree,0,1024,25165824,118.463171141,0.115686691,0.003198103,0.167794817,1
warmup,45,45,tree,0,1024,25165824,117.884141852,0.115121232,0.002892270,0.166506479,1
warmup,46,46,tree,0,1024,25165824,116.225185072,0.113501157,0.003053783,0.168758653,1
warmup,47,47,tree,0,1024,25165824,114.025737998,0.111353260,0.003592201,0.164521262,1
warmup,48,48,tree,0,1024,25165824,115.602688119,0.112893250,0.003903795,0.174707726,1
warmup,49,49,tree,0,1024,25165824,115.880186986,0.113164245,0.003393459,0.170281301,1
actual,0,50,tree,0,1024,25165824,115.890623710,0.113174437,0.003360157,0.169448268,1
actual,1,51,tree,0,1024,25165824,116.696645330,0.113961568,0.002943255,0.168406827,1
actual,2,52,tree,0,1024,25165824,119.194385740,0.116400767,0.003653907,0.169977979,1
actual,3,53,tree,0,1024,25165824,114.823304355,0.112132133,0.004148935,0.162751267,1
actual,4,54,tree,0,1024,25165824,122.440094706,0.119570405,0.003773902,0.171965290,1
actual,5,55,tree,0,1024,25165824,122.874900108,0.119995020,0.003002757,0.178644453,1
actual,6,56,tree,0,1024,25165824,120.171762097,0.117355236,0.003888677,0.173271578,1
actual,7,57,tree,0,1024,25165824,117.980874465,0.115215698,0.003278173,0.174897137,1
actual,8,58,tree,0,1024,25165824,116.811568904,0.114073798,0.003899117,0.165744091,1
actual,9,59,tree,0,1024,25165824,119.681687325,0.116876648,0.003667152,0.177664692,1
actual,10,60,tree,0,1024,25165824,116.826313141,0.114088196,0.003015170,0.167864852,1
actual,11,61,tree,0,1024,25165824,116.446714951,0.113717495,0.003130587,0.170598701,1
actual,12,62,tree,0,1024,25165824,118.673529939,0.115892119,0.002958033,0.179335691,1
actual,13,63,tree,0,1024,25165824,114.578262046,0.111892834,0.003812865,0.166229731,1
actual,14,64,tree,0,1024,25165824,118.316060464,0.115543028,0.003004831,0.165785338,1
actual,15,65,tree,0,1024,25165824,121.304239251,0.118461171,0.002954446,0.169220472,1
actual,16,66,tree,0,1024,25165824,114.688272706,0.112000266,0.002967371,0.173639064,1
actual,17,67,tree,0,1024,25165824,115.301257218,0.112598884,0.002960157,0.168761441,1
actual,18,68,tree,0,1024,25165824,113.858640073,0.111190078,0.003826731,0.166581572,1
actual,19,69,tree,0,1024,25165824,115.611523344,0.112901878,0.003152537,0.172232080,1
actual,20,70,tree,0,1024,25165824,114.587670314,0.111902022,0.002990824,0.169454308,1
actual,21,71,tree,0,1024,25165824,117.699042312,0.114940471,0.003033374,0.173637865,1
actual,22,72,tree,0,1024,25165824,116.828779021,0.114090605,0.003699261,0.164585631,1
actual,23,73,tree,0,1024,25165824,113.714182655,0.111049006,0.003122061,0.171716254,1
actual,24,74,tree,0,1024,25165824,115.905323259,0.113188792,0.003634561,0.168841811,1
actual,25,75,tree,0,1024,25165824,115.225929622,0.112525322,0.003860013,0.172849416,1
actual,26,76,tree,0,1024,25165824,121.695139123,0.118842909,0.003002817,0.179050817,1
actual,27,77,tree,0,1024,25165824,115.981282164,0.113262971,0.003650100,0.174819845,1
actual,28,78,tree,0,1024,25165824,120.167794297,0.117351362,0.002949166,0.174199395,1
actual,29,79,tree,0,1024,25165824,113.232779380,0.110578886,0.003072077,0.163834044,1
actual,30,80,tree,0,1024,25165824,115.523394416,0.112815815,0.002931624,0.172163622,1
actual,31,81,tree,0,1024,25165824,116.559876271,0.113828004,0.003456577,0.168999016,1
actual,32,82,tree,0,1024,25165824,116.629083490,0.113895589,0.002926925,0.168999477,1
actual,33,83,tree,0,1024,25165824,112.108354703,0.109480815,0.003089569,0.165589591,1
actual,34,84,tree,0,1024,25165824,116.201255733,0.113477789,0.002917867,0.166294351,1
actual,35,85,tree,0,1024,25165824,114.623079049,0.111936601,0.002829462,0.167232335,1
actual,36,86,tree,0,1024,25165824,114.322938081,0.111643494,0.002888903,0.160460418,1
actual,37,87,tree,0,1024,25165824,116.244839322,0.113520351,0.002848638,0.176057482,1
actual,38,88,tree,0,1024,25165824,115.930126384,0.113213014,0.003624743,0.175947988,1
actual,39,89,tree,0,1024,25165824,121.031598280,0.118194920,0.004120782,0.167384781,1
actual,40,90,tree,0,1024,25165824,118.873387235,0.116087292,0.003809077,0.179048052,1
actual,41,91,tree,0,1024,25165824,119.552748476,0.116750731,0.003399700,0.172927237,1
actual,42,92,tree,0,1024,25165824,116.244972819,0.113520481,0.004232892,0.177409665,1
actual,43,93,tree,0,1024,25165824,115.990478398,0.113271952,0.003406654,0.169995364,1
actual,44,94,tree,0,1024,25165824,121.185393739,0.118345111,0.003325201,0.165234052,1
actual,45,95,tree,0,1024,25165824,116.803954072,0.114066361,0.003742624,0.168203497,1
actual,46,96,tree,0,1024,25165824,118.312864639,0.115539907,0.003087966,0.178033573,1
actual,47,97,tree,0,1024,25165824,117.669438661,0.114911561,0.003822844,0.167704903,1
actual,48,98,tree,0,1024,25165824,111.561886841,0.108947155,0.003581621,0.163149803,1
actual,49,99,tree,0,1024,25165824,118.506537350,0.115729040,0.002871711,0.165772283,1
warmup,0,0,tree,0,1024,33554432,157.377852459,0.153689309,0.004399554,0.230923217,1
warmup,1,1,tree,0,1024,33554432,152.829535720,0.149247593,0.005133980,0.220530297,1
warmup,2,2,tree,0,1024,33554432,160.047362198,0.156296252,0.004189310,0.225558361,1
warmup,3,3,tree,0,1024,33554432,162.817298544,0.159001268,0.004914139,0.229814013,1
warmup,4,4,tree,0,1024,33554432,160.667915256,0.156902261,0.005116147,0.222078683,1
warmup,5,5,tree,0,1024,33554432,161.782740914,0.157990958,0.005069770,0.241257707,1
warmup,6,6,tree,0,1024,33554432,156.289624325,0.152626586,0.004929778,0.224230194,1
warmup,7,7,tree,0,1024,33554432,160.616287658,0.156851843,0.005009898,0.226775732,1
warmup,8,8,tree,0,1024,33554432,163.112350715,0.159289405,0.005029454,0.226799706,1
warmup,9,9,tree,0,1024,33554432,156.782375060,0.153107788,0.004196163,0.223015811,1
warmup,10,10,tree,0,1024,33554432,159.110256291,0.155381110,0.004821225,0.226434653,1
warmup,11,11,tree,0,1024,33554432,160.710556713,0.156943903,0.005819144,0.230525602,1
warmup,12,12,tree,0,1024,33554432,164.465918144,0.160611248,0.005703017,0.228125620,1
warmup,13,13,tree,0,1024,33554432,156.498153651,0.152830228,0.004960174,0.225052246,1
warmup,14,14,tree,0,1024,33554432,155.749431544,0.152099054,0.004206333,0.219254105,1
warmup,15,15,tree,0,1024,33554432,156.751029077,0.153077177,0.004553553,0.220774232,1
warmup,16,16,tree,0,1024,33554432,159.918390328,0.156170303,0.004407068,0.233187423,1
warmup,17,17,tree,0,1024,33554432,158.904028157,0.155179715,0.004300488,0.226253453,1
warmup,18,18,tree,0,1024,33554432,153.757837506,0.150154138,0.005024817,0.224500669,1
warmup,19,19,tree,0,1024,33554432,161.480523504,0.157695824,0.005304390,0.217842422,1
warmup,20,20,tree,0,1024,33554432,161.768635721,0.157977183,0.004284169,0.231536182,1
warmup,21,21,tree,0,1024,33554432,159.618978230,0.155877908,0.004835992,0.234381333,1
warmup,22,22,tree,0,1024,33554432,158.865277034,0.155141872,0.005396122,0.220263886,1
warmup,23,23,tree,0,1024,33554432,160.257387864,0.156501355,0.005146845,0.229893947,1
warmup,24,24,tree,0,1024,33554432,158.436982334,0.154723616,0.005806321,0.221000657,1
warmup,25,25,tree,0,1024,33554432,162.319898421,0.158515526,0.005255107,0.226260373,1
warmup,26,26,tree,0,1024,33554432,158.428445101,0.154715278,0.005187631,0.231035928,1
warmup,27,27,tree,0,1024,33554432,162.816087898,0.159000086,0.004241167,0.224794240,1
warmup,28,28,tree,0,1024,33554432,156.330007914,0.152666023,0.005352621,0.222754962,1
warmup,29,29,tree,0,1024,33554432,165.010338745,0.161142909,0.004326708,0.230246320,1
warmup,30,30,tree,0,1024,33554432,159.729340060,0.155985684,0.004532283,0.224654150,1
warmup,31,31,tree,0,1024,33554432,162.779439732,0.158964297,0.005136996,0.230808313,1
warmup,32,32,tree,0,1024,33554432,155.082105016,0.151447368,0.004202545,0.222897564,1
warmup,33,33,tree,0,1024,33554432,159.297342069,0.155563811,0.004389996,0.230301944,1
warmup,34,34,tree,0,1024,33554432,162.307663067,0.158503577,0.004506134,0.233154330,1
warmup,35,35,tree,0,1024,33554432,157.663131382,0.153967902,0.004334553,0.225087190,1
warmup,36,36,tree,0,1024,33554432,154.871306827,0.151241511,0.004345884,0.223217655,1
warmup,37,37,tree,0,1024,33554432,158.929386842,0.155204479,0.004215620,0.231279371,1
warmup,38,38,tree,0,1024,33554432,160.186004776,0.156431645,0.004348839,0.219286597,1
warmup,39,39,tree,0,1024,33554432,159.361418114,0.155626385,0.005041837,0.230707080,1
warmup,40,40,tree,0,1024,33554432,158.424499907,0.154711426,0.005212799,0.224212302,1
warmup,41,41,tree,0,1024,33554432,157.696462583,0.154000452,0.005097703,0.231630503,1
warmup,42,42,tree,0,1024,33554432,155.378890758,0.151737198,0.006000674,0.222678820,1
warmup,43,43,tree,0,1024,33554432,157.668685174,0.153973325,0.004847294,0.234699834,1
warmup,44,44,tree,0,1024,33554432,158.426293877,0.154713178,0.004641779,0.239567604,1
warmup,45,45,tree,0,1024,33554432,160.041709951,0.156290732,0.005594263,0.222658285,1
warmup,46,46,tree,0,1024,33554432,159.400895999,0.155664937,0.004988437,0.226809656,1
warmup,47,47,tree,0,1024,33554432,163.829889356,0.159990126,0.004992234,0.230648002,1
warmup,48,48,tree,0,1024,33554432,160.422158372,0.156662264,0.005107210,0.232191171,1
warmup,49,49,tree,0,1024,33554432,157.534109275,0.153841904,0.005087474,0.227145513,1
actual,0,50,tree,0,1024,33554432,158.437708380,0.154724325,0.005048170,0.233390276,1
actual,1,51,tree,0,1024,33554432,158.135649254,0.154429345,0.006150445,0.229290246,1
actual,2,52,tree,0,1024,33554432,159.343312172,0.155608703,0.004591935,0.234653105,1
actual,3,53,tree,0,1024,33554432,156.339562719,0.152675354,0.005350296,0.221647517,1
actual,4,54,tree,0,1024,33554432,157.532000161,0.153839844,0.005125805,0.239157694,1
actual,5,55,tree,0,1024,33554432,161.619599058,0.157831640,0.005919112,0.229057869,1
actual,6,56,tree,0,1024,33554432,163.291405205,0.159464263,0.004641427,0.227261459,1
actual,7,57,tree,0,1024,33554432,163.711034128,0.159874057,0.005906148,0.225175722,1
actual,8,58,tree,0,1024,33554432,160.757469947,0.156989717,0.005363130,0.225240797,1
actual,9,59,tree,0,1024,33554432,155.952250402,0.152297120,0.004844999,0.221101055,1
actual,10,60,tree,0,1024,33554432,157.469607654,0.153778914,0.005121007,0.233181514,1
actual,11,61,tree,0,1024,33554432,155.177575716,0.151540601,0.005317845,0.225240847,1
actual,12,62,tree,0,1024,33554432,161.088565500,0.157313052,0.005279313,0.234198592,1
actual,13,63,tree,0,1024,33554432,157.478572928,0.153787669,0.005032330,0.229818776,1
actual,14,64,tree,0,1024,33554432,152.120957518,0.148555623,0.004934506,0.223911394,1
actual,15,65,tree,0,1024,33554432,159.450603356,0.155713480,0.005049312,0.230379548,1
actual,16,66,tree,0,1024,33554432,160.105436820,0.156352966,0.005325239,0.232657103,1
actual,17,67,tree,0,1024,33554432,161.567519052,0.157780780,0.004349300,0.226858734,1
actual,18,68,tree,0,1024,33554432,160.970552160,0.157197805,0.004855078,0.225310559,1
actual,19,69,tree,0,1024,33554432,159.805568601,0.156060126,0.004770459,0.236100950,1
actual,20,70,tree,0,1024,33554432,161.333568622,0.157552313,0.005425807,0.229283807,1
actual,21,71,tree,0,1024,33554432,162.110182020,0.158310725,0.004271033,0.231224652,1
actual,22,72,tree,0,1024,33554432,158.081976049,0.154376930,0.005435406,0.224191704,1
actual,23,73,tree,0,1024,33554432,158.171413047,0.154464271,0.004737999,0.219408486,1
actual,24,74,tree,0,1024,33554432,160.801201564,0.157032423,0.005361647,0.241379633,1
actual,25,75,tree,0,1024,33554432,156.428767719,0.152762468,0.004967539,0.218580448,1
actual,26,76,tree,0,1024,33554432,160.788606661,0.157020124,0.005220533,0.234074773,1
actual,27,77,tree,0,1024,33554432,157.657845623,0.153962740,0.004461891,0.222364495,1
actual,28,78,tree,0,1024,33554432,155.301036678,0.151661169,0.004266425,0.227682540,1
actual,29,79,tree,0,1024,33554432,156.413811486,0.152747863,0.004572889,0.219933863,1
actual,30,80,tree,0,1024,33554432,161.091149784,0.157315576,0.005656600,0.224246023,1
actual,31,81,tree,0,1024,33554432,165.286480712,0.161412579,0.004415053,0.229229193,1
actual,32,82,tree,0,1024,33554432,160.574812792,0.156811341,0.005096400,0.226190821,1
actual,33,83,tree,0,1024,33554432,163.578004872,0.159744145,0.004979521,0.233744766,1
actual,34,84,tree,0,1024,33554432,158.439548612,0.154726122,0.004389675,0.222526958,1
actual,35,85,tree,0,1024,33554432,163.796711383,0.159957726,0.004744400,0.233905513,1
actual,36,86,tree,0,1024,33554432,156.249193743,0.152587103,0.004381341,0.218664783,1
actual,37,87,tree,0,1024,33554432,165.060923333,0.161192308,0.004444098,0.238183758,1
actual,38,88,tree,0,1024,33554432,157.339862637,0.153652210,0.004628453,0.228007483,1
actual,39,89,tree,0,1024,33554432,157.647575634,0.153952711,0.004444629,0.222827823,1
actual,40,90,tree,0,1024,33554432,158.259707036,0.154550495,0.006050618,0.235857744,1
actual,41,91,tree,0,1024,33554432,161.183134332,0.157405405,0.004872471,0.224772294,1
actual,42,92,tree,0,1024,33554432,160.145173995,0.156391771,0.005052507,0.230343136,1
actual,43,93,tree,0,1024,33554432,159.556445328,0.155816841,0.005035637,0.239200784,1
actual,44,94,tree,0,1024,33554432,159.368517688,0.155633318,0.005448940,0.231903126,1
actual,45,95,tree,0,1024,33554432,161.219103378,0.157440531,0.004877099,0.227599603,1
actual,46,96,tree,0,1024,33554432,159.739457232,0.155995564,0.004199218,0.228045650,1
actual,47,97,tree,0,1024,33554432,160.406359501,0.156646835,0.004440191,0.238471668,1
actual,48,98,tree,0,1024,33554432,154.683935214,0.151058530,0.004948142,0.218119491,1
actual,49,99,tree,0,1024,33554432,161.413764470,0.157630629,0.004261134,0.225240916,1
