phase,phase_iteration,global_iteration,algorithm,root,nproc,message_size_bytes,time_sum_sec,avg_latency_sec,min_time_sec,max_time_sec,correct
warmup,0,0,pipelined_tree,0,4096,2,9.327718074,0.002277275,0.000060154,0.004602300,1
warmup,1,1,pipelined_tree,0,4096,2,2.097955386,0.000512196,0.000001843,0.002503533,1
warmup,2,2,pipelined_tree,0,4096,2,1.663601925,0.000406153,0.000001383,0.002556208,1
warmup,3,3,pipelined_tree,0,4096,2,1.356261637,0.000331119,0.000001052,0.002584536,1
warmup,4,4,pipelined_tree,0,4096,2,1.383696369,0.000337816,0.000001192,0.001542315,1
warmup,5,5,pipelined_tree,0,4096,2,1.284209013,0.000313528,0.000001242,0.001547379,1
warmup,6,6,pipelined_tree,0,4096,2,1.379722256,0.000336846,0.000001031,0.001635964,1
warmup,7,7,pipelined_tree,0,4096,2,1.234846516,0.000301476,0.000001343,0.001544265,1
warmup,8,8,pipelined_tree,0,4096,2,1.276365838,0.000311613,0.000001243,0.001484450,1
warmup,9,9,pipelined_tree,0,4096,2,1.252194220,0.000305711,0.000003186,0.001558525,1
warmup,10,10,pipelined_tree,0,4096,2,1.283144990,0.000313268,0.000001112,0.001487785,1
warmup,11,11,pipelined_tree,0,4096,2,1.183352700,0.000288904,0.000001172,0.001534612,1
warmup,12,12,pipelined_tree,0,4096,2,1.262318022,0.000308183,0.000001072,0.001449710,1
warmup,13,13,pipelined_tree,0,4096,2,1.336720508,0.000326348,0.000001012,0.002471687,1
warmup,14,14,pipelined_tree,0,4096,2,1.230223595,0.000300348,0.000001212,0.001503890,1
warmup,15,15,pipelined_tree,0,4096,2,1.097895038,0.000268041,0.000001042,0.000524504,1
warmup,16,16,pipelined_tree,0,4096,2,1.262802199,0.000308301,0.000001062,0.000610556,1
warmup,17,17,pipelined_tree,0,4096,2,1.173526463,0.000286505,0.000000831,0.001395274,1
warmup,18,18,pipelined_tree,0,4096,2,1.210241339,0.000295469,0.000001303,0.001344658,1
warmup,19,19,pipelined_tree,0,4096,2,1.041733396,0.000254329,0.000000942,0.000542849,1
actual,0,20,pipelined_tree,0,4096,2,1.250000374,0.000305176,0.000001002,0.000551324,1
actual,1,21,pipelined_tree,0,4096,2,1.071693237,0.000261644,0.000000931,0.001300374,1
actual,2,22,pipelined_tree,0,4096,2,1.256899621,0.000306860,0.000001072,0.000546690,1
actual,3,23,pipelined_tree,0,4096,2,1.091276347,0.000266425,0.000000832,0.001476391,1
actual,4,24,pipelined_tree,0,4096,2,1.180285231,0.000288156,0.000000982,0.001488661,1
actual,5,25,pipelined_tree,0,4096,2,1.035462449,0.000252798,0.000000972,0.001458757,1
actual,6,26,pipelined_tree,0,4096,2,1.228031426,0.000299812,0.000001172,0.001406383,1
actual,7,27,pipelined_tree,0,4096,2,1.057299882,0.000258130,0.000000962,0.001494181,1
actual,8,28,pipelined_tree,0,4096,2,1.220587982,0.000297995,0.000001273,0.001407526,1
actual,9,29,pipelined_tree,0,4096,2,1.041128797,0.000254182,0.000001694,0.000556795,1
actual,10,30,pipelined_tree,0,4096,2,1.247163196,0.000304483,0.000000992,0.001429309,1
actual,11,31,pipelined_tree,0,4096,2,1.072887520,0.000261935,0.000001163,0.001352484,1
actual,12,32,pipelined_tree,0,4096,2,1.191262558,0.000290836,0.000000872,0.001428186,1
actual,13,33,pipelined_tree,0,4096,2,1.043352290,0.000254725,0.000000982,0.000498854,1
actual,14,34,pipelined_tree,0,4096,2,1.258282716,0.000307198,0.000001343,0.001422996,1
actual,15,35,pipelined_tree,0,4096,2,1.058786637,0.000258493,0.000000771,0.000556014,1
actual,16,36,pipelined_tree,0,4096,2,1.219053261,0.000297620,0.000001072,0.000567154,1
actual,17,37,pipelined_tree,0,4096,2,1.111214893,0.000271293,0.000000972,0.001481574,1
actual,18,38,pipelined_tree,0,4096,2,1.159090017,0.000282981,0.000000842,0.000558468,1
actual,19,39,pipelined_tree,0,4096,2,1.054560028,0.000257461,0.000001042,0.000562539,1
warmup,0,0,pipelined_tree,0,4096,3,1.225413111,0.000299173,0.000000771,0.000556935,1
warmup,1,1,pipelined_tree,0,4096,3,1.081121957,0.000263946,0.000001051,0.001427198,1
warmup,2,2,pipelined_tree,0,4096,3,1.269426115,0.000309918,0.000001362,0.001448864,1
warmup,3,3,pipelined_tree,0,4096,3,1.069948920,0.000261218,0.000001112,0.001335814,1
warmup,4,4,pipelined_tree,0,4096,3,1.175960267,0.000287100,0.000000862,0.000570138,1
warmup,5,5,pipelined_tree,0,4096,3,1.079822891,0.000263629,0.000001032,0.001404049,1
warmup,6,6,pipelined_tree,0,4096,3,1.216454382,0.000296986,0.000000892,0.000541256,1
warmup,7,7,pipelined_tree,0,4096,3,1.104773550,0.000269720,0.000002114,0.001282537,1
warmup,8,8,pipelined_tree,0,4096,3,1.185938923,0.000289536,0.000001292,0.001336103,1
warmup,9,9,pipelined_tree,0,4096,3,1.109319956,0.000270830,0.000000952,0.000570701,1
warmup,10,10,pipelined_tree,0,4096,3,1.288290238,0.000314524,0.000001503,0.001463995,1
warmup,11,11,pipelined_tree,0,4096,3,1.029317305,0.000251298,0.000000851,0.000552898,1
warmup,12,12,pipelined_tree,0,4096,3,1.232379676,0.000300874,0.000000912,0.000580331,1
warmup,13,13,pipelined_tree,0,4096,3,1.046687528,0.000255539,0.000001052,0.000560292,1
warmup,14,14,pipelined_tree,0,4096,3,1.204454963,0.000294056,0.000001152,0.000589737,1
warmup,15,15,pipelined_tree,0,4096,3,1.047020583,0.000255620,0.000000922,0.000573687,1
warmup,16,16,pipelined_tree,0,4096,3,1.192938677,0.000291245,0.000001112,0.000544664,1
warmup,17,17,pipelined_tree,0,4096,3,1.052511365,0.000256961,0.000001022,0.000551235,1
warmup,18,18,pipelined_tree,0,4096,3,1.228431642,0.000299910,0.000001313,0.001397179,1
warmup,19,19,pipelined_tree,0,4096,3,1.073707220,0.000262136,0.000001062,0.000561033,1
actual,0,20,pipelined_tree,0,4096,3,1.239235691,0.000302548,0.000000962,0.001429388,1
actual,1,21,pipelined_tree,0,4096,3,1.063893031,0.000259740,0.000000911,0.000563447,1
actual,2,22,pipelined_tree,0,4096,3,1.206215256,0.000294486,0.000000931,0.000576352,1
actual,3,23,pipelined_tree,0,4096,3,1.040659781,0.000254067,0.000001022,0.000539342,1
actual,4,24,pipelined_tree,0,4096,3,1.195208438,0.000291799,0.000001012,0.001451853,1
actual,5,25,pipelined_tree,0,4096,3,1.045185917,0.000255172,0.000000791,0.000559450,1
actual,6,26,pipelined_tree,0,4096,3,1.228139857,0.000299839,0.000001052,0.000555663,1
actual,7,27,pipelined_tree,0,4096,3,1.042107855,0.000254421,0.000000932,0.001364436,1
actual,8,28,pipelined_tree,0,4096,3,1.271279200,0.000310371,0.000001442,0.000629391,1
actual,9,29,pipelined_tree,0,4096,3,1.044855209,0.000255092,0.000000921,0.000553238,1
actual,10,30,pipelined_tree,0,4096,3,1.290520969,0.000315069,0.000001312,0.001522302,1
actual,11,31,pipelined_tree,0,4096,3,1.021168485,0.000249309,0.000000871,0.001313981,1
actual,12,32,pipelined_tree,0,4096,3,1.263409134,0.000308449,0.000005811,0.000579077,1
actual,13,33,pipelined_tree,0,4096,3,1.068035064,0.000260751,0.000001173,0.000570691,1
actual,14,34,pipelined_tree,0,4096,3,1.185474212,0.000289422,0.000001162,0.001371798,1
actual,15,35,pipelined_tree,0,4096,3,1.093579151,0.000266987,0.000001613,0.001367008,1
actual,16,36,pipelined_tree,0,4096,3,1.173474827,0.000286493,0.000000942,0.000573286,1
actual,17,37,pipelined_tree,0,4096,3,1.046664318,0.000255533,0.000002515,0.000551645,1
actual,18,38,pipelined_tree,0,4096,3,1.216031353,0.000296883,0.000000911,0.000573036,1
actual,19,39,pipelined_tree,0,4096,3,1.085604269,0.000265040,0.000001132,0.000569569,1
warmup,0,0,pipelined_tree,0,4096,4,1.178836220,0.000287802,0.000000892,0.000577645,1
warmup,1,1,pipelined_tree,0,4096,4,1.072723930,0.000261895,0.000000811,0.001316551,1
warmup,2,2,pipelined_tree,0,4096,4,1.168911996,0.000285379,0.000000871,0.001450733,1
warmup,3,3,pipelined_tree,0,4096,4,1.048059364,0.000255874,0.000000992,0.000542358,1
warmup,4,4,pipelined_tree,0,4096,4,1.232741596,0.000300962,0.000001142,0.001347370,1
warmup,5,5,pipelined_tree,0,4096,4,1.044597202,0.000255029,0.000000882,0.000549441,1
warmup,6,6,pipelined_tree,0,4096,4,1.185345079,0.000289391,0.000000861,0.000571623,1
warmup,7,7,pipelined_tree,0,4096,4,1.043195669,0.000254686,0.000001011,0.000563197,1
warmup,8,8,pipelined_tree,0,4096,4,1.146476688,0.000279902,0.000000952,0.000575116,1
warmup,9,9,pipelined_tree,0,4096,4,1.073909329,0.000262185,0.000001052,0.001329571,1
warmup,10,10,pipelined_tree,0,4096,4,1.277291607,0.000311839,0.000000792,0.000699790,1
warmup,11,11,pipelined_tree,0,4096,4,1.102133086,0.000269075,0.000000771,0.001383568,1
warmup,12,12,pipelined_tree,0,4096,4,1.155014833,0.000281986,0.000001082,0.000536066,1
warmup,13,13,pipelined_tree,0,4096,4,1.051156900,0.000256630,0.000000722,0.001481822,1
warmup,14,14,pipelined_tree,0,4096,4,1.178548505,0.000287732,0.000000942,0.000547538,1
warmup,15,15,pipelined_tree,0,4096,4,1.058832212,0.000258504,0.000001102,0.000553329,1
warmup,16,16,pipelined_tree,0,4096,4,1.192934077,0.000291244,0.000000832,0.000574268,1
warmup,17,17,pipelined_tree,0,4096,4,1.041405004,0.000254249,0.000001052,0.000530298,1
warmup,18,18,pipelined_tree,0,4096,4,1.192847701,0.000291223,0.000001002,0.000587832,1
warmup,19,19,pipelined_tree,0,4096,4,1.053896597,0.000257299,0.000001062,0.000553912,1
actual,0,20,pipelined_tree,0,4096,4,1.142645846,0.000278966,0.000000822,0.000564259,1
actual,1,21,pipelined_tree,0,4096,4,1.023934819,0.000249984,0.000000922,0.000598632,1
actual,2,22,pipelined_tree,0,4096,4,1.289707480,0.000314870,0.000001122,0.000582022,1
actual,3,23,pipelined_tree,0,4096,4,1.063153891,0.000259559,0.000000942,0.001322200,1
actual,4,24,pipelined_tree,0,4096,4,1.222055646,0.000298353,0.000000872,0.000550743,1
actual,5,25,pipelined_tree,0,4096,4,1.089677568,0.000266035,0.000000822,0.000572274,1
actual,6,26,pipelined_tree,0,4096,4,1.230482246,0.000300411,0.000000922,0.000641361,1
actual,7,27,pipelined_tree,0,4096,4,1.080175394,0.000263715,0.000000872,0.001449743,1
actual,8,28,pipelined_tree,0,4096,4,1.191902252,0.000290992,0.000000821,0.000560361,1
actual,9,29,pipelined_tree,0,4096,4,1.027416123,0.000250834,0.000001082,0.000555453,1
actual,10,30,pipelined_tree,0,4096,4,1.260406579,0.000307716,0.000000922,0.001384640,1
actual,11,31,pipelined_tree,0,4096,4,1.047029112,0.000255622,0.000000782,0.000495990,1
actual,12,32,pipelined_tree,0,4096,4,1.184737248,0.000289242,0.000000972,0.000554410,1
actual,13,33,pipelined_tree,0,4096,4,1.031341230,0.000251792,0.000000801,0.000559130,1
actual,14,34,pipelined_tree,0,4096,4,1.197955362,0.000292470,0.000000761,0.000566844,1
actual,15,35,pipelined_tree,0,4096,4,1.072925247,0.000261945,0.000000942,0.001540454,1
actual,16,36,pipelined_tree,0,4096,4,1.198795916,0.000292675,0.000001042,0.000591751,1
actual,17,37,pipelined_tree,0,4096,4,1.209249707,0.000295227,0.000000802,0.001297725,1
actual,18,38,pipelined_tree,0,4096,4,1.261118089,0.000307890,0.000000812,0.000592122,1
actual,19,39,pipelined_tree,0,4096,4,1.039693590,0.000253831,0.000000872,0.001322648,1
warmup,0,0,pipelined_tree,0,4096,6,1.146175669,0.000279828,0.000000832,0.000534283,1
warmup,1,1,pipelined_tree,0,4096,6,1.045840980,0.000255332,0.000000871,0.000539002,1
warmup,2,2,pipelined_tree,0,4096,6,1.260849401,0.000307825,0.000000951,0.000539202,1
warmup,3,3,pipelined_tree,0,4096,6,1.036396219,0.000253026,0.000000912,0.000549812,1
warmup,4,4,pipelined_tree,0,4096,6,1.207073164,0.000294696,0.000000921,0.000587403,1
warmup,5,5,pipelined_tree,0,4096,6,1.054364665,0.000257413,0.000000791,0.000550263,1
warmup,6,6,pipelined_tree,0,4096,6,1.224566176,0.000298966,0.000000981,0.000550894,1
warmup,7,7,pipelined_tree,0,4096,6,1.044392054,0.000254979,0.000001032,0.000522670,1
warmup,8,8,pipelined_tree,0,4096,6,1.195959320,0.000291982,0.000000882,0.000555011,1
warmup,9,9,pipelined_tree,0,4096,6,1.118199270,0.000272998,0.000000671,0.000581141,1
warmup,10,10,pipelined_tree,0,4096,6,1.203444740,0.000293810,0.000000892,0.000577575,1
warmup,11,11,pipelined_tree,0,4096,6,1.034928133,0.000252668,0.000000812,0.000543840,1
warmup,12,12,pipelined_tree,0,4096,6,1.196760138,0.000292178,0.000000842,0.001326725,1
warmup,13,13,pipelined_tree,0,4096,6,1.047986622,0.000255856,0.000001132,0.000515587,1
warmup,14,14,pipelined_tree,0,4096,6,1.214998899,0.000296631,0.000000791,0.000571703,1
warmup,15,15,pipelined_tree,0,4096,6,1.046038159,0.000255380,0.000001593,0.000551775,1
warmup,16,16,pipelined_tree,0,4096,6,1.191883028,0.000290987,0.000000762,0.000566984,1
warmup,17,17,pipelined_tree,0,4096,6,1.031699686,0.000251880,0.000000992,0.001368971,1
warmup,18,18,pipelined_tree,0,4096,6,1.201571078,0.000293352,0.000000911,0.000588806,1
warmup,19,19,pipelined_tree,0,4096,6,1.042977577,0.000254633,0.000000761,0.000547137,1
actual,0,20,pipelined_tree,0,4096,6,1.247478742,0.000304560,0.000001072,0.000569549,1
actual,1,21,pipelined_tree,0,4096,6,1.038422992,0.000253521,0.000000772,0.000538420,1
actual,2,22,pipelined_tree,0,4096,6,1.203711955,0.000293875,0.000001062,0.000573195,1
actual,3,23,pipelined_tree,0,4096,6,1.064578365,0.000259907,0.000000762,0.000536206,1
actual,4,24,pipelined_tree,0,4096,6,1.210392643,0.000295506,0.000001022,0.001354400,1
actual,5,25,pipelined_tree,0,4096,6,1.069222211,0.000261041,0.000000681,0.000570932,1
actual,6,26,pipelined_tree,0,4096,6,1.199786558,0.000292917,0.000001052,0.000569008,1
actual,7,27,pipelined_tree,0,4096,6,1.036109371,0.000252956,0.000000871,0.000554250,1
actual,8,28,pipelined_tree,0,4096,6,1.241332556,0.000303060,0.000001072,0.001325723,1
actual,9,29,pipelined_tree,0,4096,6,1.072714542,0.000261893,0.000000841,0.001297586,1
actual,10,30,pipelined_tree,0,4096,6,1.237702636,0.000302173,0.000001002,0.001420494,1
actual,11,31,pipelined_tree,0,4096,6,1.096740724,0.000267759,0.000000741,0.000573276,1
actual,12,32,pipelined_tree,0,4096,6,1.188020247,0.000290044,0.000000942,0.000534484,1
actual,13,33,pipelined_tree,0,4096,6,1.032627004,0.000252106,0.000000952,0.000544382,1
actual,14,34,pipelined_tree,0,4096,6,1.208599611,0.000295068,0.000000982,0.000614444,1
actual,15,35,pipelined_tree,0,4096,6,1.045449954,0.000255237,0.000001092,0.000531898,1
actual,16,36,pipelined_tree,0,4096,6,1.210888099,0.000295627,0.000001002,0.000548649,1
actual,17,37,pipelined_tree,0,4096,6,1.067717314,0.000260673,0.000001012,0.000565695,1
actual,18,38,pipelined_tree,0,4096,6,1.172922644,0.000286358,0.000000882,0.000556224,1
actual,19,39,pipelined_tree,0,4096,6,1.057254440,0.000258119,0.000000792,0.000559363,1
warmup,0,0,pipelined_tree,0,4096,8,1.213093056,0.000296165,0.000000861,0.000567015,1
warmup,1,1,pipelined_tree,0,4096,8,1.019009830,0.000248782,0.000000941,0.000543080,1
warmup,2,2,pipelined_tree,0,4096,8,1.215660315,0.000296792,0.000000992,0.000566123,1
warmup,3,3,pipelined_tree,0,4096,8,1.041498658,0.000254272,0.000000842,0.000572465,1
warmup,4,4,pipelined_tree,0,4096,8,1.220946098,0.000298083,0.000001002,0.000556324,1
warmup,5,5,pipelined_tree,0,4096,8,1.055043299,0.000257579,0.000001302,0.000552149,1
warmup,6,6,pipelined_tree,0,4096,8,1.209148008,0.000295202,0.000000842,0.000625404,1
warmup,7,7,pipelined_tree,0,4096,8,1.034795226,0.000252636,0.000001843,0.000523322,1
warmup,8,8,pipelined_tree,0,4096,8,1.174996900,0.000286864,0.000001052,0.000553579,1
warmup,9,9,pipelined_tree,0,4096,8,1.056832427,0.000258016,0.000001072,0.000565662,1
warmup,10,10,pipelined_tree,0,4096,8,1.208336065,0.000295004,0.000000952,0.000544304,1
warmup,11,11,pipelined_tree,0,4096,8,1.046711620,0.000255545,0.000000942,0.000550724,1
warmup,12,12,pipelined_tree,0,4096,8,1.238647192,0.000302404,0.000000922,0.000589467,1
warmup,13,13,pipelined_tree,0,4096,8,1.060530801,0.000258919,0.000001032,0.000574659,1
warmup,14,14,pipelined_tree,0,4096,8,1.189006990,0.000290285,0.000000912,0.000569609,1
warmup,15,15,pipelined_tree,0,4096,8,1.030964841,0.000251700,0.000000801,0.000527941,1
warmup,16,16,pipelined_tree,0,4096,8,1.191522619,0.000290899,0.000000982,0.001354446,1
warmup,17,17,pipelined_tree,0,4096,8,1.052364904,0.000256925,0.000001323,0.001421115,1
warmup,18,18,pipelined_tree,0,4096,8,1.170176503,0.000285688,0.000000992,0.000532301,1
warmup,19,19,pipelined_tree,0,4096,8,1.096842146,0.000267784,0.000000872,0.000542548,1
actual,0,20,pipelined_tree,0,4096,8,1.221326403,0.000298175,0.000001142,0.000551011,1
actual,1,21,pipelined_tree,0,4096,8,1.059341765,0.000258628,0.000000761,0.000553048,1
actual,2,22,pipelined_tree,0,4096,8,1.158784894,0.000282906,0.000001072,0.000549381,1
actual,3,23,pipelined_tree,0,4096,8,1.114259225,0.000272036,0.000000932,0.000545084,1
actual,4,24,pipelined_tree,0,4096,8,1.181854510,0.000288539,0.000003637,0.000584817,1
actual,5,25,pipelined_tree,0,4096,8,1.080333666,0.000263753,0.000000851,0.000567505,1
actual,6,26,pipelined_tree,0,4096,8,1.191004743,0.000290773,0.000000872,0.000561984,1
actual,7,27,pipelined_tree,0,4096,8,1.093602975,0.000266993,0.000000962,0.000551095,1
actual,8,28,pipelined_tree,0,4096,8,1.219976001,0.000297846,0.000001112,0.000562937,1
actual,9,29,pipelined_tree,0,4096,8,1.059691062,0.000258714,0.000000842,0.000530438,1
actual,10,30,pipelined_tree,0,4096,8,1.203281328,0.000293770,0.000000952,0.000586230,1
actual,11,31,pipelined_tree,0,4096,8,1.088707855,0.000265798,0.000000782,0.000579086,1
actual,12,32,pipelined_tree,0,4096,8,1.183864038,0.000289029,0.000000992,0.000562345,1
actual,13,33,pipelined_tree,0,4096,8,1.051225594,0.000256647,0.000000962,0.000572214,1
actual,14,34,pipelined_tree,0,4096,8,1.198356759,0.000292568,0.000001082,0.000570531,1
actual,15,35,pipelined_tree,0,4096,8,1.068666761,0.000260905,0.000000741,0.001378244,1
actual,16,36,pipelined_tree,0,4096,8,1.169747961,0.000285583,0.000001232,0.000560943,1
actual,17,37,pipelined_tree,0,4096,8,1.051553714,0.000256727,0.000000862,0.000551282,1
actual,18,38,pipelined_tree,0,4096,8,1.234212302,0.000301321,0.000005761,0.000572254,1
actual,19,39,pipelined_tree,0,4096,8,1.051608089,0.000256740,0.000001102,0.000551616,1
warmup,0,0,pipelined_tree,0,4096,12,1.243364990,0.000303556,0.000005440,0.000579518,1
warmup,1,1,pipelined_tree,0,4096,12,1.059111651,0.000258572,0.000000832,0.000551926,1
warmup,2,2,pipelined_tree,0,4096,12,1.175194695,0.000286913,0.000000841,0.000538509,1
warmup,3,3,pipelined_tree,0,4096,12,1.051710387,0.000256765,0.000001032,0.001332408,1
warmup,4,4,pipelined_tree,0,4096,12,1.771604528,0.000432521,0.000000951,0.000705424,1
warmup,5,5,pipelined_tree,0,4096,12,1.747017319,0.000426518,0.000000932,0.000689524,1
warmup,6,6,pipelined_tree,0,4096,12,1.204316858,0.000294023,0.000001042,0.000583527,1
warmup,7,7,pipelined_tree,0,4096,12,1.031204002,0.000251759,0.000000932,0.000555783,1
warmup,8,8,pipelined_tree,0,4096,12,1.218047425,0.000297375,0.000001032,0.001410740,1
warmup,9,9,pipelined_tree,0,4096,12,1.020865204,0.000249235,0.000000872,0.000551896,1
warmup,10,10,pipelined_tree,0,4096,12,1.194855203,0.000291713,0.000000902,0.000569048,1
warmup,11,11,pipelined_tree,0,4096,12,1.044234832,0.000254940,0.000000751,0.000556743,1
warmup,12,12,pipelined_tree,0,4096,12,1.163027463,0.000283942,0.000000902,0.001303552,1
warmup,13,13,pipelined_tree,0,4096,12,1.036145564,0.000252965,0.000001182,0.000547247,1
warmup,14,14,pipelined_tree,0,4096,12,1.226507979,0.000299440,0.000000962,0.000564570,1
warmup,15,15,pipelined_tree,0,4096,12,1.059615566,0.000258695,0.000000832,0.000522551,1
warmup,16,16,pipelined_tree,0,4096,12,1.251275318,0.000305487,0.000001142,0.000596700,1
warmup,17,17,pipelined_tree,0,4096,12,1.015397698,0.000247900,0.000000872,0.000535655,1
warmup,18,18,pipelined_tree,0,4096,12,1.196108292,0.000292019,0.000000882,0.000545326,1
warmup,19,19,pipelined_tree,0,4096,12,1.046096391,0.000255395,0.000000972,0.000537559,1
actual,0,20,pipelined_tree,0,4096,12,1.196590227,0.000292136,0.000001173,0.001443574,1
actual,1,21,pipelined_tree,0,4096,12,1.072352679,0.000261805,0.000000812,0.000515387,1
actual,2,22,pipelined_tree,0,4096,12,1.211009936,0.000295657,0.000000892,0.000529002,1
actual,3,23,pipelined_tree,0,4096,12,1.130505763,0.000276002,0.000000961,0.000793552,1
actual,4,24,pipelined_tree,0,4096,12,1.210694678,0.000295580,0.000000812,0.001449668,1
actual,5,25,pipelined_tree,0,4096,12,1.018003448,0.000248536,0.000000832,0.000548670,1
actual,6,26,pipelined_tree,0,4096,12,1.211842300,0.000295860,0.000001012,0.000569777,1
actual,7,27,pipelined_tree,0,4096,12,1.077491296,0.000263059,0.000001012,0.000562455,1
actual,8,28,pipelined_tree,0,4096,12,1.192135461,0.000291049,0.000000991,0.000559590,1
actual,9,29,pipelined_tree,0,4096,12,1.045917037,0.000255351,0.000001002,0.000524968,1
actual,10,30,pipelined_tree,0,4096,12,1.259223841,0.000307428,0.000001984,0.000542410,1
actual,11,31,pipelined_tree,0,4096,12,1.034771637,0.000252630,0.000000832,0.000537098,1
actual,12,32,pipelined_tree,0,4096,12,1.213073972,0.000296161,0.000000831,0.000580169,1
actual,13,33,pipelined_tree,0,4096,12,1.047231204,0.000255672,0.000000962,0.000552176,1
actual,14,34,pipelined_tree,0,4096,12,1.276245302,0.000311583,0.000001132,0.000575690,1
actual,15,35,pipelined_tree,0,4096,12,1.042859308,0.000254604,0.000000942,0.000528882,1
actual,16,36,pipelined_tree,0,4096,12,1.177801125,0.000287549,0.000000861,0.000558538,1
actual,17,37,pipelined_tree,0,4096,12,1.084436985,0.000264755,0.000001102,0.000544151,1
actual,18,38,pipelined_tree,0,4096,12,1.266819966,0.000309282,0.000001102,0.000549104,1
actual,19,39,pipelined_tree,0,4096,12,1.050213119,0.000256400,0.000000832,0.000561434,1
warmup,0,0,pipelined_tree,0,4096,16,1.185544376,0.000289440,0.000001112,0.001416942,1
warmup,1,1,pipelined_tree,0,4096,16,1.014066322,0.000247575,0.000000761,0.000522801,1
warmup,2,2,pipelined_tree,0,4096,16,1.175846872,0.000287072,0.000001092,0.000563628,1
warmup,3,3,pipelined_tree,0,4096,16,1.055231020,0.000257625,0.000001343,0.000533181,1
warmup,4,4,pipelined_tree,0,4096,16,1.213119327,0.000296172,0.000001543,0.000575690,1
warmup,5,5,pipelined_tree,0,4096,16,1.046678118,0.000255537,0.000001192,0.001489509,1
warmup,6,6,pipelined_tree,0,4096,16,1.194588594,0.000291648,0.000000902,0.000572945,1
warmup,7,7,pipelined_tree,0,4096,16,1.031259518,0.000251772,0.000000791,0.000548128,1
warmup,8,8,pipelined_tree,0,4096,16,1.197360714,0.000292324,0.000000812,0.000536937,1
warmup,9,9,pipelined_tree,0,4096,16,1.089674355,0.000266034,0.000001152,0.000557005,1
warmup,10,10,pipelined_tree,0,4096,16,1.191906845,0.000290993,0.000001021,0.001345449,1
warmup,11,11,pipelined_tree,0,4096,16,1.081917389,0.000264140,0.000000942,0.000566904,1
warmup,12,12,pipelined_tree,0,4096,16,1.179535537,0.000287973,0.000001022,0.000576732,1
warmup,13,13,pipelined_tree,0,4096,16,1.027706428,0.000250905,0.000001032,0.000568063,1
warmup,14,14,pipelined_tree,0,4096,16,1.137862949,0.000277799,0.000001072,0.000599275,1
warmup,15,15,pipelined_tree,0,4096,16,1.057607581,0.000258205,0.000001403,0.001486751,1
warmup,16,16,pipelined_tree,0,4096,16,1.145426292,0.000279645,0.000000942,0.000551796,1
warmup,17,17,pipelined_tree,0,4096,16,1.064466358,0.000259879,0.000000831,0.000570952,1
warmup,18,18,pipelined_tree,0,4096,16,1.176544970,0.000287242,0.000000912,0.000564149,1
warmup,19,19,pipelined_tree,0,4096,16,1.061246059,0.000259093,0.000000901,0.000554350,1
actual,0,20,pipelined_tree,0,4096,16,1.179181181,0.000287886,0.000001163,0.000574298,1
actual,1,21,pipelined_tree,0,4096,16,1.034260802,0.000252505,0.000000892,0.000541236,1
actual,2,22,pipelined_tree,0,4096,16,1.185750965,0.000289490,0.000000972,0.001483444,1
actual,3,23,pipelined_tree,0,4096,16,1.029946234,0.000251452,0.000000872,0.000564009,1
actual,4,24,pipelined_tree,0,4096,16,1.183818491,0.000289018,0.000005580,0.000546929,1
actual,5,25,pipelined_tree,0,4096,16,1.017498710,0.000248413,0.000000772,0.000542058,1
actual,6,26,pipelined_tree,0,4096,16,1.245052363,0.000303968,0.000001172,0.000566112,1
actual,7,27,pipelined_tree,0,4096,16,1.043855987,0.000254848,0.000000781,0.000542198,1
actual,8,28,pipelined_tree,0,4096,16,1.200641396,0.000293125,0.000000932,0.000568738,1
actual,9,29,pipelined_tree,0,4096,16,1.044885431,0.000255099,0.000000851,0.000547918,1
actual,10,30,pipelined_tree,0,4096,16,1.264472156,0.000308709,0.000001282,0.000546127,1
actual,11,31,pipelined_tree,0,4096,16,1.029937250,0.000251450,0.000000821,0.000554170,1
actual,12,32,pipelined_tree,0,4096,16,1.192339875,0.000291099,0.000000972,0.001294305,1
actual,13,33,pipelined_tree,0,4096,16,1.091051909,0.000266370,0.000000891,0.000540187,1
actual,14,34,pipelined_tree,0,4096,16,1.221322030,0.000298174,0.000001032,0.001356135,1
actual,15,35,pipelined_tree,0,4096,16,1.028717009,0.000251152,0.000000832,0.001444049,1
actual,16,36,pipelined_tree,0,4096,16,1.195905360,0.000291969,0.000000962,0.000576373,1
actual,17,37,pipelined_tree,0,4096,16,1.073637673,0.000262119,0.000000962,0.000525346,1
actual,18,38,pipelined_tree,0,4096,16,1.217353127,0.000297205,0.000001002,0.001388921,1
actual,19,39,pipelined_tree,0,4096,16,1.051748998,0.000256775,0.000001322,0.000561486,1
warmup,0,0,pipelined_tree,0,4096,24,1.194678834,0.000291670,0.000000841,0.000530265,1
warmup,1,1,pipelined_tree,0,4096,24,1.024539724,0.000250132,0.000000932,0.000529105,1
warmup,2,2,pipelined_tree,0,4096,24,1.220273531,0.000297918,0.000000831,0.000581291,1
warmup,3,3,pipelined_tree,0,4096,24,1.039070932,0.000253679,0.000001072,0.000537359,1
warmup,4,4,pipelined_tree,0,4096,24,1.164359216,0.000284267,0.000000882,0.000560482,1
warmup,5,5,pipelined_tree,0,4096,24,1.034850773,0.000252649,0.000000932,0.000526498,1
warmup,6,6,pipelined_tree,0,4096,24,1.159644810,0.000283116,0.000008155,0.000550173,1
warmup,7,7,pipelined_tree,0,4096,24,1.056633016,0.000257967,0.000001182,0.000551588,1
warmup,8,8,pipelined_tree,0,4096,24,1.156929414,0.000282453,0.000000781,0.000568408,1
warmup,9,9,pipelined_tree,0,4096,24,1.042738425,0.000254575,0.000000892,0.000542418,1
warmup,10,10,pipelined_tree,0,4096,24,1.198146390,0.000292516,0.000000922,0.000590368,1
warmup,11,11,pipelined_tree,0,4096,24,1.033069346,0.000252214,0.000001172,0.000566383,1
warmup,12,12,pipelined_tree,0,4096,24,1.189763807,0.000290470,0.000000881,0.001500702,1
warmup,13,13,pipelined_tree,0,4096,24,1.103073443,0.000269305,0.000000842,0.000506249,1
warmup,14,14,pipelined_tree,0,4096,24,1.276430618,0.000311629,0.000001332,0.001569417,1
warmup,15,15,pipelined_tree,0,4096,24,1.024135538,0.000250033,0.000000822,0.000534072,1
warmup,16,16,pipelined_tree,0,4096,24,1.190261760,0.000290591,0.000000902,0.000574499,1
warmup,17,17,pipelined_tree,0,4096,24,1.038117956,0.000253447,0.000000872,0.000561704,1
warmup,18,18,pipelined_tree,0,4096,24,1.255243922,0.000306456,0.000001232,0.000558538,1
warmup,19,19,pipelined_tree,0,4096,24,1.032344745,0.000252037,0.000000832,0.000546536,1
actual,0,20,pipelined_tree,0,4096,24,1.187282363,0.000289864,0.000001022,0.000515766,1
actual,1,21,pipelined_tree,0,4096,24,1.032850725,0.000252161,0.000000802,0.000534162,1
actual,2,22,pipelined_tree,0,4096,24,1.211692891,0.000295823,0.000001152,0.000570568,1
actual,3,23,pipelined_tree,0,4096,24,1.072356773,0.000261806,0.000000852,0.000530606,1
actual,4,24,pipelined_tree,0,4096,24,1.195192348,0.000291795,0.000000801,0.000541666,1
actual,5,25,pipelined_tree,0,4096,24,1.045914846,0.000255350,0.000000851,0.000568837,1
actual,6,26,pipelined_tree,0,4096,24,1.173483552,0.000286495,0.000001022,0.000541856,1
actual,7,27,pipelined_tree,0,4096,24,1.041481815,0.000254268,0.000000842,0.000564559,1
actual,8,28,pipelined_tree,0,4096,24,1.187127914,0.000289826,0.000000811,0.000560111,1
actual,9,29,pipelined_tree,0,4096,24,1.093150069,0.000266882,0.000000901,0.000572204,1
actual,10,30,pipelined_tree,0,4096,24,1.216296732,0.000296947,0.000001132,0.000573946,1
actual,11,31,pipelined_tree,0,4096,24,1.042884211,0.000254610,0.000001182,0.000555874,1
actual,12,32,pipelined_tree,0,4096,24,1.187181644,0.000289839,0.000000872,0.000559320,1
actual,13,33,pipelined_tree,0,4096,24,1.105513480,0.000269901,0.000001623,0.000548690,1
actual,14,34,pipelined_tree,0,4096,24,1.277030205,0.000311775,0.000000931,0.001297053,1
actual,15,35,pipelined_tree,0,4096,24,1.071990681,0.000261716,0.000001092,0.000578413,1
actual,16,36,pipelined_tree,0,4096,24,1.201872299,0.000293426,0.000000892,0.000582994,1
actual,17,37,pipelined_tree,0,4096,24,1.055609850,0.000257717,0.000001012,0.000548229,1
actual,18,38,pipelined_tree,0,4096,24,1.185674493,0.000289471,0.000005660,0.000565882,1
actual,19,39,pipelined_tree,0,4096,24,1.049693198,0.000256273,0.000000811,0.000562736,1
warmup,0,0,pipelined_tree,0,4096,32,1.199160795,0.000292764,0.000000912,0.001482139,1
warmup,1,1,pipelined_tree,0,4096,32,1.027859735,0.000250942,0.000000952,0.000547016,1
warmup,2,2,pipelined_tree,0,4096,32,1.182742047,0.000288755,0.000000732,0.000537971,1
warmup,3,3,pipelined_tree,0,4096,32,1.125725605,0.000274835,0.000000851,0.000539623,1
warmup,4,4,pipelined_tree,0,4096,32,1.225325882,0.000299152,0.000001123,0.000616948,1
warmup,5,5,pipelined_tree,0,4096,32,1.039838641,0.000253867,0.000000941,0.000554120,1
warmup,6,6,pipelined_tree,0,4096,32,1.175930186,0.000287092,0.000005531,0.000562877,1
warmup,7,7,pipelined_tree,0,4096,32,1.077246496,0.000263000,0.000000932,0.000532098,1
warmup,8,8,pipelined_tree,0,4096,32,1.210033442,0.000295418,0.000001122,0.000572775,1
warmup,9,9,pipelined_tree,0,4096,32,1.043104324,0.000254664,0.000000971,0.000548770,1
warmup,10,10,pipelined_tree,0,4096,32,1.206706384,0.000294606,0.000000852,0.000566283,1
warmup,11,11,pipelined_tree,0,4096,32,1.064253869,0.000259828,0.000000922,0.000549472,1
warmup,12,12,pipelined_tree,0,4096,32,1.177789566,0.000287546,0.000001082,0.000590560,1
warmup,13,13,pipelined_tree,0,4096,32,1.039542404,0.000253795,0.000000741,0.000554340,1
warmup,14,14,pipelined_tree,0,4096,32,1.220665578,0.000298014,0.000000891,0.000575180,1
warmup,15,15,pipelined_tree,0,4096,32,1.086294423,0.000265209,0.000000902,0.000574648,1
warmup,16,16,pipelined_tree,0,4096,32,1.249487228,0.000305051,0.000001192,0.001508566,1
warmup,17,17,pipelined_tree,0,4096,32,1.032490249,0.000252073,0.000000781,0.000558348,1
warmup,18,18,pipelined_tree,0,4096,32,1.191429181,0.000290876,0.000000762,0.000539191,1
warmup,19,19,pipelined_tree,0,4096,32,1.080624414,0.000263824,0.000000962,0.000544232,1
actual,0,20,pipelined_tree,0,4096,32,1.192074202,0.000291034,0.000000972,0.000573037,1
actual,1,21,pipelined_tree,0,4096,32,1.066433803,0.000260360,0.000001042,0.000539342,1
actual,2,22,pipelined_tree,0,4096,32,1.153101074,0.000281519,0.000000782,0.000558187,1
actual,3,23,pipelined_tree,0,4096,32,1.066499899,0.000260376,0.000000921,0.000555926,1
actual,4,24,pipelined_tree,0,4096,32,1.205185371,0.000294235,0.000000812,0.000567787,1
actual,5,25,pipelined_tree,0,4096,32,1.064819491,0.000259966,0.000000871,0.000531517,1
actual,6,26,pipelined_tree,0,4096,32,1.200329844,0.000293049,0.000000872,0.000580329,1
actual,7,27,pipelined_tree,0,4096,32,1.060522081,0.000258917,0.000001102,0.000563027,1
actual,8,28,pipelined_tree,0,4096,32,1.212550594,0.000296033,0.000000802,0.000532330,1
actual,9,29,pipelined_tree,0,4096,32,1.017570161,0.000248430,0.000000802,0.000523562,1
actual,10,30,pipelined_tree,0,4096,32,1.192689650,0.000291184,0.000000831,0.000617901,1
actual,11,31,pipelined_tree,0,4096,32,1.066509840,0.000260378,0.000001503,0.000591133,1
actual,12,32,pipelined_tree,0,4096,32,1.184797403,0.000289257,0.000000782,0.000587394,1
actual,13,33,pipelined_tree,0,4096,32,1.058203890,0.000258351,0.000000742,0.000600624,1
actual,14,34,pipelined_tree,0,4096,32,1.171283414,0.000285958,0.000001132,0.000555522,1
actual,15,35,pipelined_tree,0,4096,32,1.065327409,0.000260090,0.000001223,0.001324601,1
actual,16,36,pipelined_tree,0,4096,32,1.192548887,0.000291150,0.000001192,0.001400466,1
actual,17,37,pipelined_tree,0,4096,32,1.069331279,0.000261067,0.000001192,0.000569402,1
actual,18,38,pipelined_tree,0,4096,32,1.177800697,0.000287549,0.000000701,0.000557527,1
actual,19,39,pipelined_tree,0,4096,32,1.088374580,0.000265716,0.000000951,0.001453874,1
warmup,0,0,pipelined_tree,0,4096,48,1.188581896,0.000290181,0.000001052,0.000563207,1
warmup,1,1,pipelined_tree,0,4096,48,1.047209120,0.000255666,0.000001002,0.000549281,1
warmup,2,2,pipelined_tree,0,4096,48,1.210915086,0.000295634,0.000000891,0.000544742,1
warmup,3,3,pipelined_tree,0,4096,48,1.058849967,0.000258508,0.000000821,0.000558608,1
warmup,4,4,pipelined_tree,0,4096,48,1.228887207,0.000300021,0.000001001,0.000609815,1
warmup,5,5,pipelined_tree,0,4096,48,1.020921198,0.000249248,0.000001142,0.000550683,1
warmup,6,6,pipelined_tree,0,4096,48,1.215609979,0.000296780,0.000000852,0.000578917,1
warmup,7,7,pipelined_tree,0,4096,48,1.051186421,0.000256637,0.000000991,0.000521298,1
warmup,8,8,pipelined_tree,0,4096,48,1.244106818,0.000303737,0.000001332,0.000577404,1
warmup,9,9,pipelined_tree,0,4096,48,1.059031560,0.000258553,0.000001032,0.000558148,1
warmup,10,10,pipelined_tree,0,4096,48,1.192713361,0.000291190,0.000002935,0.000571645,1
warmup,11,11,pipelined_tree,0,4096,48,1.037989927,0.000253416,0.000001143,0.000545835,1
warmup,12,12,pipelined_tree,0,4096,48,1.246609092,0.000304348,0.000001092,0.000582093,1
warmup,13,13,pipelined_tree,0,4096,48,1.075833523,0.000262655,0.000000802,0.000567585,1
warmup,14,14,pipelined_tree,0,4096,48,1.212418164,0.000296001,0.000000782,0.000574796,1
warmup,15,15,pipelined_tree,0,4096,48,1.037673705,0.000253338,0.000000842,0.000548780,1
warmup,16,16,pipelined_tree,0,4096,48,1.275553045,0.000311414,0.000001092,0.000571964,1
warmup,17,17,pipelined_tree,0,4096,48,1.032923969,0.000252179,0.000000761,0.000535615,1
warmup,18,18,pipelined_tree,0,4096,48,1.209587966,0.000295310,0.000000901,0.000566073,1
warmup,19,19,pipelined_tree,0,4096,48,1.043429610,0.000254744,0.000001122,0.001331930,1
actual,0,20,pipelined_tree,0,4096,48,1.259403466,0.000307472,0.000001082,0.000572935,1
actual,1,21,pipelined_tree,0,4096,48,1.077664441,0.000263102,0.000000802,0.000565622,1
actual,2,22,pipelined_tree,0,4096,48,1.175813322,0.000287064,0.000000901,0.000540284,1
actual,3,23,pipelined_tree,0,4096,48,1.051226287,0.000256647,0.000001182,0.000529534,1
actual,4,24,pipelined_tree,0,4096,48,1.210020218,0.000295415,0.000001202,0.000554681,1
actual,5,25,pipelined_tree,0,4096,48,1.051941000,0.000256822,0.000000822,0.000535473,1
actual,6,26,pipelined_tree,0,4096,48,1.131404014,0.000276222,0.000001062,0.000557416,1
actual,7,27,pipelined_tree,0,4096,48,1.049618891,0.000256255,0.000000752,0.000544543,1
actual,8,28,pipelined_tree,0,4096,48,1.208328195,0.000295002,0.000001042,0.000570551,1
actual,9,29,pipelined_tree,0,4096,48,1.037135592,0.000253207,0.000000841,0.000560953,1
actual,10,30,pipelined_tree,0,4096,48,1.214073045,0.000296405,0.000005771,0.000565764,1
actual,11,31,pipelined_tree,0,4096,48,1.057672035,0.000258221,0.000000921,0.000518473,1
actual,12,32,pipelined_tree,0,4096,48,1.224328809,0.000298908,0.000001182,0.000535427,1
actual,13,33,pipelined_tree,0,4096,48,1.024300048,0.000250073,0.000000932,0.000538470,1
actual,14,34,pipelined_tree,0,4096,48,1.197376417,0.000292328,0.000000912,0.000557316,1
actual,15,35,pipelined_tree,0,4096,48,1.063924626,0.000259747,0.000000882,0.000490049,1
actual,16,36,pipelined_tree,0,4096,48,1.219996057,0.000297851,0.000001082,0.000560242,1
actual,17,37,pipelined_tree,0,4096,48,1.048737503,0.000256039,0.000000872,0.000529825,1
actual,18,38,pipelined_tree,0,4096,48,1.213150706,0.000296179,0.000000812,0.000590119,1
actual,19,39,pipelined_tree,0,4096,48,1.073709440,0.000262136,0.000002825,0.000523543,1
warmup,0,0,pipelined_tree,0,4096,64,1.183545029,0.000288951,0.000001483,0.000561735,1
warmup,1,1,pipelined_tree,0,4096,64,1.039653099,0.000253822,0.000000782,0.000552156,1
warmup,2,2,pipelined_tree,0,4096,64,1.204774745,0.000294134,0.000000852,0.001322328,1
warmup,3,3,pipelined_tree,0,4096,64,1.067210769,0.000260550,0.000001062,0.000555152,1
warmup,4,4,pipelined_tree,0,4096,64,1.221237481,0.000298154,0.000000861,0.000577013,1
warmup,5,5,pipelined_tree,0,4096,64,1.042469862,0.000254509,0.000000772,0.000550934,1
warmup,6,6,pipelined_tree,0,4096,64,1.182593178,0.000288719,0.000000902,0.000562686,1
warmup,7,7,pipelined_tree,0,4096,64,1.063997404,0.000259765,0.000001694,0.000565141,1
warmup,8,8,pipelined_tree,0,4096,64,1.212666290,0.000296061,0.000001152,0.000537328,1
warmup,9,9,pipelined_tree,0,4096,64,1.062963185,0.000259512,0.000000811,0.000562035,1
warmup,10,10,pipelined_tree,0,4096,64,1.212425818,0.000296002,0.000000862,0.000555924,1
warmup,11,11,pipelined_tree,0,4096,64,1.071388537,0.000261569,0.000001533,0.000552166,1
warmup,12,12,pipelined_tree,0,4096,64,1.188815187,0.000290238,0.000000902,0.000554120,1
warmup,13,13,pipelined_tree,0,4096,64,1.020826758,0.000249225,0.000000921,0.000543239,1
warmup,14,14,pipelined_tree,0,4096,64,1.178668490,0.000287761,0.000002975,0.000565281,1
warmup,15,15,pipelined_tree,0,4096,64,1.035519013,0.000252812,0.000000912,0.000546766,1
warmup,16,16,pipelined_tree,0,4096,64,1.206056620,0.000294447,0.000001203,0.001468061,1
warmup,17,17,pipelined_tree,0,4096,64,1.029522853,0.000251348,0.000000832,0.000568176,1
warmup,18,18,pipelined_tree,0,4096,64,1.198498357,0.000292602,0.000001072,0.000597694,1
warmup,19,19,pipelined_tree,0,4096,64,1.033105515,0.000252223,0.000000841,0.000561000,1
actual,0,20,pipelined_tree,0,4096,64,1.165214228,0.000284476,0.000001072,0.000588645,1
actual,1,21,pipelined_tree,0,4096,64,1.048975125,0.000256097,0.000000791,0.000553339,1
actual,2,22,pipelined_tree,0,4096,64,1.186383587,0.000289644,0.000001172,0.000550234,1
actual,3,23,pipelined_tree,0,4096,64,1.047024323,0.000255621,0.000000861,0.000540434,1
actual,4,24,pipelined_tree,0,4096,64,1.222730039,0.000298518,0.000001072,0.000571545,1
actual,5,25,pipelined_tree,0,4096,64,1.043099504,0.000254663,0.000000881,0.000533338,1
actual,6,26,pipelined_tree,0,4096,64,1.211952953,0.000295887,0.000001102,0.000589195,1
actual,7,27,pipelined_tree,0,4096,64,1.050048792,0.000256360,0.000000761,0.000550443,1
actual,8,28,pipelined_tree,0,4096,64,1.165027861,0.000284431,0.000000852,0.000568507,1
actual,9,29,pipelined_tree,0,4096,64,1.017081779,0.000248311,0.000000882,0.000536708,1
actual,10,30,pipelined_tree,0,4096,64,1.200311491,0.000293045,0.000001182,0.000627886,1
actual,11,31,pipelined_tree,0,4096,64,1.054659992,0.000257485,0.000000792,0.000571112,1
actual,12,32,pipelined_tree,0,4096,64,1.192259644,0.000291079,0.000001092,0.000543039,1
actual,13,33,pipelined_tree,0,4096,64,1.039023331,0.000253668,0.000000872,0.000536977,1
actual,14,34,pipelined_tree,0,4096,64,1.218232828,0.000297420,0.000001052,0.000593864,1
actual,15,35,pipelined_tree,0,4096,64,1.040495234,0.000254027,0.000000861,0.000555002,1
actual,16,36,pipelined_tree,0,4096,64,1.223496200,0.000298705,0.000001153,0.000533543,1
actual,17,37,pipelined_tree,0,4096,64,1.048872169,0.000256072,0.000000742,0.000535455,1
actual,18,38,pipelined_tree,0,4096,64,1.221769843,0.000298284,0.000001152,0.001328534,1
actual,19,39,pipelined_tree,0,4096,64,1.009617599,0.000246489,0.000000922,0.005408600,1
warmup,0,0,pipelined_tree,0,4096,96,1.204176315,0.000293988,0.000001062,0.000559210,1
warmup,1,1,pipelined_tree,0,4096,96,1.058323004,0.000258380,0.000000972,0.000570300,1
warmup,2,2,pipelined_tree,0,4096,96,1.218060405,0.000297378,0.000001082,0.000570841,1
warmup,3,3,pipelined_tree,0,4096,96,1.090517535,0.000266240,0.000000952,0.000534312,1
warmup,4,4,pipelined_tree,0,4096,96,1.212822694,0.000296099,0.000001052,0.000605885,1
warmup,5,5,pipelined_tree,0,4096,96,1.032249323,0.000252014,0.000000841,0.000544702,1
warmup,6,6,pipelined_tree,0,4096,96,1.206024384,0.000294440,0.000000842,0.000537217,1
warmup,7,7,pipelined_tree,0,4096,96,1.055737635,0.000257748,0.000000802,0.000547688,1
warmup,8,8,pipelined_tree,0,4096,96,1.211987970,0.000295896,0.000005901,0.000568848,1
warmup,9,9,pipelined_tree,0,4096,96,1.043616320,0.000254789,0.000001062,0.000541657,1
warmup,10,10,pipelined_tree,0,4096,96,1.187741427,0.000289976,0.000000972,0.000543249,1
warmup,11,11,pipelined_tree,0,4096,96,1.038966175,0.000253654,0.000001633,0.000551936,1
warmup,12,12,pipelined_tree,0,4096,96,1.197121824,0.000292266,0.000000902,0.000561704,1
warmup,13,13,pipelined_tree,0,4096,96,1.055529109,0.000257698,0.000001062,0.000544713,1
warmup,14,14,pipelined_tree,0,4096,96,1.217182058,0.000297164,0.000000851,0.000563618,1
warmup,15,15,pipelined_tree,0,4096,96,1.077193446,0.000262987,0.000001523,0.000545574,1
warmup,16,16,pipelined_tree,0,4096,96,1.155298521,0.000282055,0.000000912,0.000556133,1
warmup,17,17,pipelined_tree,0,4096,96,1.053471992,0.000257195,0.000001563,0.000560693,1
warmup,18,18,pipelined_tree,0,4096,96,1.206188365,0.000294480,0.000000952,0.000559480,1
warmup,19,19,pipelined_tree,0,4096,96,1.030257816,0.000251528,0.000000691,0.000551713,1
actual,0,20,pipelined_tree,0,4096,96,1.188170151,0.000290081,0.000005891,0.000565862,1
actual,1,21,pipelined_tree,0,4096,96,1.053934297,0.000257308,0.000000992,0.000554220,1
actual,2,22,pipelined_tree,0,4096,96,1.178544163,0.000287731,0.000001022,0.001298090,1
actual,3,23,pipelined_tree,0,4096,96,1.051839666,0.000256797,0.000001743,0.000546776,1
actual,4,24,pipelined_tree,0,4096,96,1.229108095,0.000300075,0.000001002,0.000571763,1
actual,5,25,pipelined_tree,0,4096,96,1.051803840,0.000256788,0.000007003,0.000530196,1
actual,6,26,pipelined_tree,0,4096,96,1.202762520,0.000293643,0.000002955,0.000576319,1
actual,7,27,pipelined_tree,0,4096,96,1.072616654,0.000261869,0.000000852,0.000536487,1
actual,8,28,pipelined_tree,0,4096,96,1.242423829,0.000303326,0.000000962,0.000652942,1
actual,9,29,pipelined_tree,0,4096,96,1.084209249,0.000264700,0.000000771,0.000522592,1
actual,10,30,pipelined_tree,0,4096,96,1.200277157,0.000293036,0.000001072,0.000553910,1
actual,11,31,pipelined_tree,0,4096,96,1.154159507,0.000281777,0.000000862,0.000595427,1
actual,12,32,pipelined_tree,0,4096,96,1.217064883,0.000297135,0.000001142,0.000543859,1
actual,13,33,pipelined_tree,0,4096,96,1.061064391,0.000259049,0.000000922,0.000569018,1
actual,14,34,pipelined_tree,0,4096,96,1.199945180,0.000292955,0.000000891,0.000633956,1
actual,15,35,pipelined_tree,0,4096,96,1.042251227,0.000254456,0.000000912,0.000527642,1
actual,16,36,pipelined_tree,0,4096,96,1.211063431,0.000295670,0.000001032,0.000544875,1
actual,17,37,pipelined_tree,0,4096,96,1.060846544,0.000258996,0.000000802,0.000497062,1
actual,18,38,pipelined_tree,0,4096,96,1.204977623,0.000294184,0.000000771,0.001515503,1
actual,19,39,pipelined_tree,0,4096,96,1.048662902,0.000256021,0.000000832,0.000555713,1
warmup,0,0,pipelined_tree,0,4096,128,1.227447305,0.000299670,0.000001012,0.000580360,1
warmup,1,1,pipelined_tree,0,4096,128,1.055719134,0.000257744,0.000000902,0.000548810,1
warmup,2,2,pipelined_tree,0,4096,128,1.223941870,0.000298814,0.000000902,0.000576362,1
warmup,3,3,pipelined_tree,0,4096,128,1.036141639,0.000252964,0.000000992,0.000538321,1
warmup,4,4,pipelined_tree,0,4096,128,1.223327958,0.000298664,0.000000861,0.000534673,1
warmup,5,5,pipelined_tree,0,4096,128,1.069013037,0.000260990,0.000000831,0.000553670,1
warmup,6,6,pipelined_tree,0,4096,128,1.164673715,0.000284344,0.000000852,0.000533032,1
warmup,7,7,pipelined_tree,0,4096,128,1.038779016,0.000253608,0.000001232,0.000567616,1
warmup,8,8,pipelined_tree,0,4096,128,1.178012471,0.000287601,0.000000922,0.001471477,1
warmup,9,9,pipelined_tree,0,4096,128,1.075320134,0.000262529,0.000000932,0.000550736,1
warmup,10,10,pipelined_tree,0,4096,128,1.203502312,0.000293824,0.000001222,0.000559410,1
warmup,11,11,pipelined_tree,0,4096,128,1.059379647,0.000258638,0.000000841,0.000517091,1
warmup,12,12,pipelined_tree,0,4096,128,1.209473043,0.000295282,0.000000912,0.000563367,1
warmup,13,13,pipelined_tree,0,4096,128,1.049286070,0.000256173,0.000000841,0.000549431,1
warmup,14,14,pipelined_tree,0,4096,128,1.245951013,0.000304187,0.000000962,0.000569609,1
warmup,15,15,pipelined_tree,0,4096,128,1.056678688,0.000257978,0.000000842,0.000537269,1
warmup,16,16,pipelined_tree,0,4096,128,1.219330732,0.000297688,0.000000902,0.000567004,1
warmup,17,17,pipelined_tree,0,4096,128,1.031652562,0.000251868,0.000000882,0.000583583,1
warmup,18,18,pipelined_tree,0,4096,128,1.227281271,0.000299629,0.000005691,0.000565872,1
warmup,19,19,pipelined_tree,0,4096,128,1.053712733,0.000257254,0.000000782,0.000555643,1
actual,0,20,pipelined_tree,0,4096,128,1.186535336,0.000289681,0.000000912,0.000533917,1
actual,1,21,pipelined_tree,0,4096,128,1.048687392,0.000256027,0.000000782,0.000561544,1
actual,2,22,pipelined_tree,0,4096,128,1.190579449,0.000290669,0.000000982,0.000558819,1
actual,3,23,pipelined_tree,0,4096,128,1.041251639,0.000254212,0.000001072,0.000551866,1
actual,4,24,pipelined_tree,0,4096,128,1.168937289,0.000285385,0.000000972,0.000622165,1
actual,5,25,pipelined_tree,0,4096,128,1.012189293,0.000247117,0.000000751,0.000531508,1
actual,6,26,pipelined_tree,0,4096,128,1.266719600,0.000309258,0.000001012,0.001382310,1
actual,7,27,pipelined_tree,0,4096,128,1.089959830,0.000266103,0.000000872,0.001304929,1
actual,8,28,pipelined_tree,0,4096,128,1.285067455,0.000313737,0.000001233,0.000583816,1
actual,9,29,pipelined_tree,0,4096,128,1.056082421,0.000257833,0.000000812,0.001341230,1
actual,10,30,pipelined_tree,0,4096,128,1.208571365,0.000295061,0.000001032,0.001352324,1
actual,11,31,pipelined_tree,0,4096,128,1.080183720,0.000263717,0.000000992,0.000524443,1
actual,12,32,pipelined_tree,0,4096,128,1.240152945,0.000302772,0.000000871,0.000609214,1
actual,13,33,pipelined_tree,0,4096,128,1.073982162,0.000262203,0.000001282,0.000552487,1
actual,14,34,pipelined_tree,0,4096,128,1.242054932,0.000303236,0.000000862,0.000564787,1
actual,15,35,pipelined_tree,0,4096,128,1.060850788,0.000258997,0.000001082,0.001247086,1
actual,16,36,pipelined_tree,0,4096,128,1.247957699,0.000304677,0.000000972,0.001382347,1
actual,17,37,pipelined_tree,0,4096,128,1.083523505,0.000264532,0.000001152,0.000539953,1
actual,18,38,pipelined_tree,0,4096,128,1.245070060,0.000303972,0.000000852,0.001438287,1
actual,19,39,pipelined_tree,0,4096,128,1.062081658,0.000259297,0.000000832,0.001287500,1
warmup,0,0,pipelined_tree,0,4096,192,1.336263918,0.000326236,0.000001072,0.001411230,1
warmup,1,1,pipelined_tree,0,4096,192,1.248955464,0.000304921,0.000000982,0.001467642,1
warmup,2,2,pipelined_tree,0,4096,192,1.295196361,0.000316210,0.000001203,0.001472802,1
warmup,3,3,pipelined_tree,0,4096,192,1.081813298,0.000264115,0.000000861,0.001365435,1
warmup,4,4,pipelined_tree,0,4096,192,1.314551251,0.000320935,0.000001243,0.001400822,1
warmup,5,5,pipelined_tree,0,4096,192,1.128462353,0.000275504,0.000002996,0.001309198,1
warmup,6,6,pipelined_tree,0,4096,192,1.255124891,0.000306427,0.000000842,0.000617255,1
warmup,7,7,pipelined_tree,0,4096,192,1.105277878,0.000269843,0.000001213,0.000549652,1
warmup,8,8,pipelined_tree,0,4096,192,1.268712561,0.000309744,0.000001192,0.001310926,1
warmup,9,9,pipelined_tree,0,4096,192,1.088593103,0.000265770,0.000002815,0.000576590,1
warmup,10,10,pipelined_tree,0,4096,192,1.241151561,0.000303016,0.000001042,0.000607991,1
warmup,11,11,pipelined_tree,0,4096,192,1.085661504,0.000265054,0.000000801,0.000549721,1
warmup,12,12,pipelined_tree,0,4096,192,1.304748730,0.000318542,0.000000952,0.000623702,1
warmup,13,13,pipelined_tree,0,4096,192,1.107716206,0.000270439,0.000000791,0.001360232,1
warmup,14,14,pipelined_tree,0,4096,192,1.281773272,0.000312933,0.000000992,0.000579518,1
warmup,15,15,pipelined_tree,0,4096,192,1.074926311,0.000262433,0.000000932,0.001317434,1
warmup,16,16,pipelined_tree,0,4096,192,1.293192266,0.000315721,0.000001292,0.001465267,1
warmup,17,17,pipelined_tree,0,4096,192,1.115781467,0.000272408,0.000000841,0.001503269,1
warmup,18,18,pipelined_tree,0,4096,192,1.243322601,0.000303546,0.000000942,0.000607117,1
warmup,19,19,pipelined_tree,0,4096,192,1.116547407,0.000272595,0.000001082,0.000610282,1
actual,0,20,pipelined_tree,0,4096,192,1.262814053,0.000308304,0.000000922,0.001380382,1
actual,1,21,pipelined_tree,0,4096,192,1.117197133,0.000272753,0.000000892,0.000563475,1
actual,2,22,pipelined_tree,0,4096,192,1.292370323,0.000315520,0.000001283,0.000622620,1
actual,3,23,pipelined_tree,0,4096,192,1.115167730,0.000272258,0.000001603,0.000556846,1
actual,4,24,pipelined_tree,0,4096,192,1.264874580,0.000308807,0.000000942,0.001343858,1
actual,5,25,pipelined_tree,0,4096,192,1.133768976,0.000276799,0.000002986,0.000587981,1
actual,6,26,pipelined_tree,0,4096,192,1.227303432,0.000299635,0.000000912,0.000635539,1
actual,7,27,pipelined_tree,0,4096,192,1.102235443,0.000269100,0.000000872,0.000568627,1
actual,8,28,pipelined_tree,0,4096,192,1.272134743,0.000310580,0.000001122,0.000599666,1
actual,9,29,pipelined_tree,0,4096,192,1.088304936,0.000265699,0.000001222,0.000585600,1
actual,10,30,pipelined_tree,0,4096,192,1.261451309,0.000307972,0.000000942,0.000604852,1
actual,11,31,pipelined_tree,0,4096,192,1.100668692,0.000268718,0.000000952,0.001317801,1
actual,12,32,pipelined_tree,0,4096,192,1.301733928,0.000317806,0.000001042,0.001431091,1
actual,13,33,pipelined_tree,0,4096,192,1.109665192,0.000270914,0.000000872,0.000565471,1
actual,14,34,pipelined_tree,0,4096,192,1.227606926,0.000299709,0.000000902,0.000592783,1
actual,15,35,pipelined_tree,0,4096,192,1.115125373,0.000272247,0.000001042,0.000570170,1
actual,16,36,pipelined_tree,0,4096,192,1.263524821,0.000308478,0.000000932,0.001409768,1
actual,17,37,pipelined_tree,0,4096,192,1.100481242,0.000268672,0.000001654,0.000573066,1
actual,18,38,pipelined_tree,0,4096,192,1.316782170,0.000321480,0.000001193,0.000638999,1
actual,19,39,pipelined_tree,0,4096,192,1.121252063,0.000273743,0.000000891,0.000571944,1
warmup,0,0,pipelined_tree,0,4096,256,1.579205423,0.000385548,0.000001223,0.001547367,1
warmup,1,1,pipelined_tree,0,4096,256,1.172765163,0.000286320,0.000001773,0.001403151,1
warmup,2,2,pipelined_tree,0,4096,256,1.343664947,0.000328043,0.000000992,0.001481501,1
warmup,3,3,pipelined_tree,0,4096,256,1.227324446,0.000299640,0.000000862,0.001531067,1
warmup,4,4,pipelined_tree,0,4096,256,1.313287635,0.000320627,0.000000982,0.001468801,1
warmup,5,5,pipelined_tree,0,4096,256,1.165905967,0.000284645,0.000001233,0.001426754,1
warmup,6,6,pipelined_tree,0,4096,256,1.308099662,0.000319360,0.000001203,0.001515111,1
warmup,7,7,pipelined_tree,0,4096,256,1.202347977,0.000293542,0.000001012,0.001502500,1
warmup,8,8,pipelined_tree,0,4096,256,1.331365902,0.000325041,0.000001032,0.001451575,1
warmup,9,9,pipelined_tree,0,4096,256,1.264750655,0.000308777,0.000000862,0.001419692,1
warmup,10,10,pipelined_tree,0,4096,256,1.314435352,0.000320907,0.000001092,0.001308951,1
warmup,11,11,pipelined_tree,0,4096,256,1.276064298,0.000311539,0.000000942,0.001346890,1
warmup,12,12,pipelined_tree,0,4096,256,1.302242667,0.000317930,0.000001022,0.001515413,1
warmup,13,13,pipelined_tree,0,4096,256,1.187106262,0.000289821,0.000001042,0.001425892,1
warmup,14,14,pipelined_tree,0,4096,256,1.311505499,0.000320192,0.000000982,0.000533243,1
warmup,15,15,pipelined_tree,0,4096,256,1.160552898,0.000283338,0.000001303,0.001422912,1
warmup,16,16,pipelined_tree,0,4096,256,1.336965749,0.000326408,0.000000901,0.001588109,1
warmup,17,17,pipelined_tree,0,4096,256,1.175243292,0.000286925,0.000001492,0.001431560,1
warmup,18,18,pipelined_tree,0,4096,256,1.296564344,0.000316544,0.000000992,0.001456394,1
warmup,19,19,pipelined_tree,0,4096,256,1.181160049,0.000288369,0.000000992,0.001270834,1
actual,0,20,pipelined_tree,0,4096,256,1.290451292,0.000315052,0.000001012,0.001471810,1
actual,1,21,pipelined_tree,0,4096,256,1.194641315,0.000291660,0.000000981,0.000505376,1
actual,2,22,pipelined_tree,0,4096,256,1.346427729,0.000328718,0.000001112,0.001404040,1
actual,3,23,pipelined_tree,0,4096,256,1.150877719,0.000280976,0.000001092,0.001189755,1
actual,4,24,pipelined_tree,0,4096,256,1.326320766,0.000323809,0.000001072,0.001421280,1
actual,5,25,pipelined_tree,0,4096,256,1.239077309,0.000302509,0.000001002,0.001385791,1
actual,6,26,pipelined_tree,0,4096,256,1.344668616,0.000328288,0.000001052,0.001484483,1
actual,7,27,pipelined_tree,0,4096,256,1.219774232,0.000297796,0.000001092,0.001340869,1
actual,8,28,pipelined_tree,0,4096,256,1.330687543,0.000324875,0.000001042,0.001414291,1
actual,9,29,pipelined_tree,0,4096,256,1.218404221,0.000297462,0.000000842,0.001385873,1
actual,10,30,pipelined_tree,0,4096,256,1.306359547,0.000318935,0.000001232,0.001372649,1
actual,11,31,pipelined_tree,0,4096,256,1.203291969,0.000293772,0.000000821,0.001541169,1
actual,12,32,pipelined_tree,0,4096,256,1.333974017,0.000325677,0.000001062,0.001754949,1
actual,13,33,pipelined_tree,0,4096,256,1.242331878,0.000303304,0.000000912,0.001361498,1
actual,14,34,pipelined_tree,0,4096,256,1.350727022,0.000329767,0.000001142,0.001635899,1
actual,15,35,pipelined_tree,0,4096,256,1.283904861,0.000313453,0.000000832,0.001537887,1
actual,16,36,pipelined_tree,0,4096,256,1.380153195,0.000336951,0.000000932,0.001715863,1
actual,17,37,pipelined_tree,0,4096,256,1.175029330,0.000286872,0.000001883,0.001374768,1
actual,18,38,pipelined_tree,0,4096,256,1.288882171,0.000314668,0.000000901,0.000598250,1
actual,19,39,pipelined_tree,0,4096,256,1.172952624,0.000286365,0.000001102,0.000517932,1
warmup,0,0,pipelined_tree,0,4096,384,1.348354583,0.000329188,0.000000992,0.001503048,1
warmup,1,1,pipelined_tree,0,4096,384,1.158177491,0.000282758,0.000000991,0.001371121,1
warmup,2,2,pipelined_tree,0,4096,384,1.317823019,0.000321734,0.000000832,0.000599472,1
warmup,3,3,pipelined_tree,0,4096,384,1.157797299,0.000282665,0.000001753,0.000494218,1
warmup,4,4,pipelined_tree,0,4096,384,1.303229681,0.000318171,0.000000872,0.000535965,1
warmup,5,5,pipelined_tree,0,4096,384,1.198113323,0.000292508,0.000001283,0.001424060,1
warmup,6,6,pipelined_tree,0,4096,384,1.298741689,0.000317076,0.000001072,0.000537897,1
warmup,7,7,pipelined_tree,0,4096,384,1.198418390,0.000292583,0.000000852,0.001552683,1
warmup,8,8,pipelined_tree,0,4096,384,1.331985798,0.000325192,0.000001022,0.000544479,1
warmup,9,9,pipelined_tree,0,4096,384,1.159477247,0.000283075,0.000000952,0.000506751,1
warmup,10,10,pipelined_tree,0,4096,384,1.322263905,0.000322818,0.000000911,0.000542455,1
warmup,11,11,pipelined_tree,0,4096,384,1.178049468,0.000287610,0.000001002,0.001433316,1
warmup,12,12,pipelined_tree,0,4096,384,1.340813369,0.000327347,0.000000892,0.001506921,1
warmup,13,13,pipelined_tree,0,4096,384,1.236962159,0.000301993,0.000001102,0.001453070,1
warmup,14,14,pipelined_tree,0,4096,384,1.319616650,0.000322172,0.000000831,0.000553771,1
warmup,15,15,pipelined_tree,0,4096,384,1.179797452,0.000288036,0.000001843,0.000521977,1
warmup,16,16,pipelined_tree,0,4096,384,1.366076179,0.000333515,0.000001062,0.000557906,1
warmup,17,17,pipelined_tree,0,4096,384,1.244882877,0.000303926,0.000000882,0.000517910,1
warmup,18,18,pipelined_tree,0,4096,384,1.359692953,0.000331956,0.000005961,0.001457725,1
warmup,19,19,pipelined_tree,0,4096,384,1.169213999,0.000285453,0.000000982,0.001458240,1
actual,0,20,pipelined_tree,0,4096,384,1.291464134,0.000315299,0.000001122,0.000589966,1
actual,1,21,pipelined_tree,0,4096,384,1.204627391,0.000294098,0.000000772,0.000697898,1
actual,2,22,pipelined_tree,0,4096,384,1.327745426,0.000324157,0.000005831,0.000540195,1
actual,3,23,pipelined_tree,0,4096,384,1.194097655,0.000291528,0.000000942,0.000545011,1
actual,4,24,pipelined_tree,0,4096,384,1.332151967,0.000325232,0.000000901,0.000549653,1
actual,5,25,pipelined_tree,0,4096,384,1.186686872,0.000289718,0.000000831,0.001393460,1
actual,6,26,pipelined_tree,0,4096,384,1.305041849,0.000318614,0.000001132,0.000528217,1
actual,7,27,pipelined_tree,0,4096,384,1.228027531,0.000299811,0.000000982,0.000539190,1
actual,8,28,pipelined_tree,0,4096,384,1.333581155,0.000325581,0.000000911,0.000579506,1
actual,9,29,pipelined_tree,0,4096,384,1.362157922,0.000332558,0.000000892,0.000526024,1
actual,10,30,pipelined_tree,0,4096,384,1.368198438,0.000334033,0.000001112,0.000569921,1
actual,11,31,pipelined_tree,0,4096,384,1.186584088,0.000289693,0.000001022,0.001409554,1
actual,12,32,pipelined_tree,0,4096,384,1.275145125,0.000311315,0.000001031,0.000503661,1
actual,13,33,pipelined_tree,0,4096,384,1.174372748,0.000286712,0.000001072,0.001451702,1
actual,14,34,pipelined_tree,0,4096,384,1.338346162,0.000326745,0.000000881,0.000525558,1
actual,15,35,pipelined_tree,0,4096,384,1.168039756,0.000285166,0.000000942,0.001407233,1
actual,16,36,pipelined_tree,0,4096,384,1.293029588,0.000315681,0.000001082,0.000529134,1
actual,17,37,pipelined_tree,0,4096,384,1.187508459,0.000289919,0.000000832,0.001275231,1
actual,18,38,pipelined_tree,0,4096,384,1.282490984,0.000313108,0.000000892,0.000531223,1
actual,19,39,pipelined_tree,0,4096,384,1.218381730,0.000297456,0.000001804,0.000524512,1
warmup,0,0,pipelined_tree,0,4096,512,1.572224085,0.000383844,0.000000952,0.001327378,1
warmup,1,1,pipelined_tree,0,4096,512,1.391060474,0.000339614,0.000000962,0.001521454,1
warmup,2,2,pipelined_tree,0,4096,512,1.506437774,0.000367783,0.000000912,0.001616119,1
warmup,3,3,pipelined_tree,0,4096,512,1.358951739,0.000331775,0.000000862,0.001595799,1
warmup,4,4,pipelined_tree,0,4096,512,1.471520788,0.000359258,0.000001162,0.000602017,1
warmup,5,5,pipelined_tree,0,4096,512,1.360449791,0.000332141,0.000001843,0.001440096,1
warmup,6,6,pipelined_tree,0,4096,512,1.512972346,0.000369378,0.000000972,0.001496337,1
warmup,7,7,pipelined_tree,0,4096,512,1.410999436,0.000344482,0.000003016,0.001480606,1
warmup,8,8,pipelined_tree,0,4096,512,1.563562931,0.000381729,0.000001002,0.001550129,1
warmup,9,9,pipelined_tree,0,4096,512,1.369145306,0.000334264,0.000000811,0.001436446,1
warmup,10,10,pipelined_tree,0,4096,512,1.495524421,0.000365118,0.000001232,0.000596356,1
warmup,11,11,pipelined_tree,0,4096,512,1.345321466,0.000328448,0.000001092,0.001510452,1
warmup,12,12,pipelined_tree,0,4096,512,1.502998576,0.000366943,0.000000972,0.000637789,1
warmup,13,13,pipelined_tree,0,4096,512,1.366906606,0.000333717,0.000000912,0.000604364,1
warmup,14,14,pipelined_tree,0,4096,512,1.531740246,0.000373960,0.000001232,0.001485145,1
warmup,15,15,pipelined_tree,0,4096,512,1.333978942,0.000325678,0.000000752,0.001358088,1
warmup,16,16,pipelined_tree,0,4096,512,1.521361531,0.000371426,0.000001052,0.001470578,1
warmup,17,17,pipelined_tree,0,4096,512,1.348019774,0.000329106,0.000000852,0.001573145,1
warmup,18,18,pipelined_tree,0,4096,512,1.496362816,0.000365323,0.000001132,0.001406793,1
warmup,19,19,pipelined_tree,0,4096,512,1.356404617,0.000331153,0.000000781,0.000632076,1
actual,0,20,pipelined_tree,0,4096,512,1.493544440,0.000364635,0.000000942,0.000582821,1
actual,1,21,pipelined_tree,0,4096,512,1.395261424,0.000340640,0.000001233,0.000630994,1
actual,2,22,pipelined_tree,0,4096,512,1.520570846,0.000371233,0.000000911,0.000681181,1
actual,3,23,pipelined_tree,0,4096,512,1.345499154,0.000328491,0.000000962,0.001511007,1
actual,4,24,pipelined_tree,0,4096,512,1.428481727,0.000348750,0.000001082,0.000571663,1
actual,5,25,pipelined_tree,0,4096,512,1.389069247,0.000339128,0.000002815,0.001463214,1
actual,6,26,pipelined_tree,0,4096,512,1.462590282,0.000357078,0.000000881,0.000593685,1
actual,7,27,pipelined_tree,0,4096,512,1.352361624,0.000330166,0.000001022,0.000619813,1
actual,8,28,pipelined_tree,0,4096,512,1.517542997,0.000370494,0.000000992,0.000596130,1
actual,9,29,pipelined_tree,0,4096,512,1.342868457,0.000327849,0.000000942,0.000571530,1
actual,10,30,pipelined_tree,0,4096,512,1.486252510,0.000362855,0.000001012,0.000612141,1
actual,11,31,pipelined_tree,0,4096,512,1.356051422,0.000331067,0.000000911,0.001522215,1
actual,12,32,pipelined_tree,0,4096,512,1.497443559,0.000365587,0.000000832,0.000607092,1
actual,13,33,pipelined_tree,0,4096,512,1.347328664,0.000328938,0.000000841,0.001285456,1
actual,14,34,pipelined_tree,0,4096,512,1.541200157,0.000376270,0.000001042,0.000612075,1
actual,15,35,pipelined_tree,0,4096,512,1.359727501,0.000331965,0.000000872,0.001479696,1
actual,16,36,pipelined_tree,0,4096,512,1.498296237,0.000365795,0.000001022,0.000593632,1
actual,17,37,pipelined_tree,0,4096,512,1.340227395,0.000327204,0.000000811,0.000579706,1
actual,18,38,pipelined_tree,0,4096,512,1.481689719,0.000361741,0.000000842,0.000635570,1
actual,19,39,pipelined_tree,0,4096,512,1.412226800,0.000344782,0.000000952,0.001438365,1
warmup,0,0,pipelined_tree,0,4096,768,1.481013293,0.000361576,0.000001143,0.000578465,1
warmup,1,1,pipelined_tree,0,4096,768,1.397199906,0.000341113,0.000000822,0.000565850,1
warmup,2,2,pipelined_tree,0,4096,768,1.455413179,0.000355325,0.000000881,0.000619520,1
warmup,3,3,pipelined_tree,0,4096,768,1.345140509,0.000328403,0.000001072,0.000575639,1
warmup,4,4,pipelined_tree,0,4096,768,1.469564561,0.000358780,0.000001032,0.000610655,1
warmup,5,5,pipelined_tree,0,4096,768,1.307430958,0.000319197,0.000000801,0.000564277,1
warmup,6,6,pipelined_tree,0,4096,768,1.499631756,0.000366121,0.000001113,0.001597553,1
warmup,7,7,pipelined_tree,0,4096,768,1.406255548,0.000343324,0.000001002,0.000566632,1
warmup,8,8,pipelined_tree,0,4096,768,1.496002061,0.000365235,0.000001152,0.000569989,1
warmup,9,9,pipelined_tree,0,4096,768,1.348336485,0.000329184,0.000001022,0.000580219,1
warmup,10,10,pipelined_tree,0,4096,768,1.484485631,0.000362423,0.000001223,0.000604355,1
warmup,11,11,pipelined_tree,0,4096,768,1.370027530,0.000334479,0.000000861,0.000586358,1
warmup,12,12,pipelined_tree,0,4096,768,1.459005657,0.000356203,0.000000931,0.000581689,1
warmup,13,13,pipelined_tree,0,4096,768,1.373848414,0.000335412,0.000000972,0.000586248,1
warmup,14,14,pipelined_tree,0,4096,768,1.465369853,0.000357756,0.000001032,0.000581990,1
warmup,15,15,pipelined_tree,0,4096,768,1.336187570,0.000326218,0.000000831,0.000586561,1
warmup,16,16,pipelined_tree,0,4096,768,1.456598636,0.000355615,0.000003406,0.000595675,1
warmup,17,17,pipelined_tree,0,4096,768,1.368534641,0.000334115,0.000001152,0.000544419,1
warmup,18,18,pipelined_tree,0,4096,768,1.530113555,0.000373563,0.000000951,0.000600901,1
warmup,19,19,pipelined_tree,0,4096,768,1.347270237,0.000328923,0.000001143,0.000572552,1
actual,0,20,pipelined_tree,0,4096,768,1.496790663,0.000365427,0.000001032,0.000580218,1
actual,1,21,pipelined_tree,0,4096,768,1.323853678,0.000323206,0.000000972,0.000559988,1
actual,2,22,pipelined_tree,0,4096,768,1.508047933,0.000368176,0.000001212,0.000604792,1
actual,3,23,pipelined_tree,0,4096,768,1.342446817,0.000327746,0.000000942,0.000558147,1
actual,4,24,pipelined_tree,0,4096,768,1.506364277,0.000367765,0.000001001,0.000595149,1
actual,5,25,pipelined_tree,0,4096,768,1.333437257,0.000325546,0.000001032,0.000560943,1
actual,6,26,pipelined_tree,0,4096,768,1.515523036,0.000370001,0.000001112,0.000588786,1
actual,7,27,pipelined_tree,0,4096,768,1.336390882,0.000326267,0.000000852,0.000562754,1
actual,8,28,pipelined_tree,0,4096,768,1.476010047,0.000360354,0.000000862,0.000599257,1
actual,9,29,pipelined_tree,0,4096,768,1.339145558,0.000326940,0.000001132,0.000568155,1
actual,10,30,pipelined_tree,0,4096,768,1.528142658,0.000373082,0.000001032,0.000600675,1
actual,11,31,pipelined_tree,0,4096,768,1.344534451,0.000328255,0.000000982,0.000576188,1
actual,12,32,pipelined_tree,0,4096,768,1.542541391,0.000376597,0.000001182,0.000621695,1
actual,13,33,pipelined_tree,0,4096,768,1.367819550,0.000333940,0.000005450,0.000563161,1
actual,14,34,pipelined_tree,0,4096,768,1.465288942,0.000357737,0.000003236,0.000594928,1
actual,15,35,pipelined_tree,0,4096,768,1.358934444,0.000331771,0.000001042,0.000581108,1
actual,16,36,pipelined_tree,0,4096,768,1.492762002,0.000364444,0.000005931,0.000585055,1
actual,17,37,pipelined_tree,0,4096,768,1.320461141,0.000322378,0.000001914,0.000592682,1
actual,18,38,pipelined_tree,0,4096,768,1.484028584,0.000362312,0.000000851,0.000593668,1
actual,19,39,pipelined_tree,0,4096,768,1.343815788,0.000328080,0.000001643,0.000583813,1
warmup,0,0,pipelined_tree,0,4096,1024,2.042989336,0.000498777,0.000001142,0.001776424,1
warmup,1,1,pipelined_tree,0,4096,1024,1.963906678,0.000479469,0.000000921,0.000791071,1
warmup,2,2,pipelined_tree,0,4096,1024,2.066728161,0.000504572,0.000000942,0.001482483,1
warmup,3,3,pipelined_tree,0,4096,1024,1.906303531,0.000465406,0.000001062,0.001457974,1
warmup,4,4,pipelined_tree,0,4096,1024,2.009434854,0.000490585,0.000000982,0.001567639,1
warmup,5,5,pipelined_tree,0,4096,1024,1.995741122,0.000487241,0.000001092,0.000792481,1
warmup,6,6,pipelined_tree,0,4096,1024,2.086576381,0.000509418,0.000000971,0.000831667,1
warmup,7,7,pipelined_tree,0,4096,1024,1.989258636,0.000485659,0.000001593,0.001678227,1
warmup,8,8,pipelined_tree,0,4096,1024,2.029209576,0.000495412,0.000000962,0.001663808,1
warmup,9,9,pipelined_tree,0,4096,1024,1.992214220,0.000486380,0.000001482,0.001621349,1
warmup,10,10,pipelined_tree,0,4096,1024,2.058705193,0.000502614,0.000006201,0.000798943,1
warmup,11,11,pipelined_tree,0,4096,1024,1.930848176,0.000471398,0.000001222,0.000789778,1
warmup,12,12,pipelined_tree,0,4096,1024,2.107802674,0.000514600,0.000001282,0.000814084,1
warmup,13,13,pipelined_tree,0,4096,1024,1.914275283,0.000467352,0.000000912,0.001403902,1
warmup,14,14,pipelined_tree,0,4096,1024,2.085581874,0.000509175,0.000001052,0.000811326,1
warmup,15,15,pipelined_tree,0,4096,1024,1.944847466,0.000474816,0.000001032,0.000783975,1
warmup,16,16,pipelined_tree,0,4096,1024,2.031115097,0.000495878,0.000000962,0.000797911,1
warmup,17,17,pipelined_tree,0,4096,1024,1.924876439,0.000469941,0.000000881,0.001579165,1
warmup,18,18,pipelined_tree,0,4096,1024,2.109324048,0.000514972,0.000001143,0.000851574,1
warmup,19,19,pipelined_tree,0,4096,1024,1.890169171,0.000461467,0.000001062,0.001580254,1
actual,0,20,pipelined_tree,0,4096,1024,2.026934121,0.000494857,0.000001052,0.000816609,1
actual,1,21,pipelined_tree,0,4096,1024,1.906792765,0.000465526,0.000001041,0.000794161,1
actual,2,22,pipelined_tree,0,4096,1024,2.072084021,0.000505880,0.000000952,0.001696826,1
actual,3,23,pipelined_tree,0,4096,1024,1.935590078,0.000472556,0.000001012,0.000774417,1
actual,4,24,pipelined_tree,0,4096,1024,2.098465599,0.000512321,0.000000982,0.000857988,1
actual,5,25,pipelined_tree,0,4096,1024,1.911915969,0.000466776,0.000001042,0.000802676,1
actual,6,26,pipelined_tree,0,4096,1024,2.090421403,0.000510357,0.000001092,0.000821200,1
actual,7,27,pipelined_tree,0,4096,1024,1.910696173,0.000466479,0.000000941,0.000794285,1
actual,8,28,pipelined_tree,0,4096,1024,2.078127144,0.000507355,0.000000902,0.001610746,1
actual,9,29,pipelined_tree,0,4096,1024,1.912619129,0.000466948,0.000001072,0.000773642,1
actual,10,30,pipelined_tree,0,4096,1024,2.044525566,0.000499152,0.000000872,0.000790938,1
actual,11,31,pipelined_tree,0,4096,1024,1.911485353,0.000466671,0.000001002,0.000786600,1
actual,12,32,pipelined_tree,0,4096,1024,2.059057682,0.000502700,0.000000932,0.000822702,1
actual,13,33,pipelined_tree,0,4096,1024,1.893428887,0.000462263,0.000000832,0.000802887,1
actual,14,34,pipelined_tree,0,4096,1024,2.087758547,0.000509707,0.000001312,0.000819596,1
actual,15,35,pipelined_tree,0,4096,1024,1.933568655,0.000472063,0.000001803,0.000783721,1
actual,16,36,pipelined_tree,0,4096,1024,2.049806596,0.000500441,0.000000982,0.000828141,1
actual,17,37,pipelined_tree,0,4096,1024,1.923142039,0.000469517,0.000000901,0.000773077,1
actual,18,38,pipelined_tree,0,4096,1024,2.079439266,0.000507676,0.000001122,0.000812375,1
actual,19,39,pipelined_tree,0,4096,1024,1.920621874,0.000468902,0.000001052,0.000768453,1
warmup,0,0,pipelined_tree,0,4096,1536,1.741704673,0.000425221,0.000001122,0.000756526,1
warmup,1,1,pipelined_tree,0,4096,1536,1.629029808,0.000397712,0.000003076,0.000657546,1
warmup,2,2,pipelined_tree,0,4096,1536,1.738066837,0.000424333,0.000000972,0.000661390,1
warmup,3,3,pipelined_tree,0,4096,1536,1.585009907,0.000386965,0.000001232,0.000651489,1
warmup,4,4,pipelined_tree,0,4096,1536,1.749426848,0.000427106,0.000001133,0.000730247,1
warmup,5,5,pipelined_tree,0,4096,1536,1.617472481,0.000394891,0.000001002,0.000668301,1
warmup,6,6,pipelined_tree,0,4096,1536,1.764038714,0.000430674,0.000000972,0.000726400,1
warmup,7,7,pipelined_tree,0,4096,1536,1.646311334,0.000401931,0.000001032,0.000656139,1
warmup,8,8,pipelined_tree,0,4096,1536,1.747236169,0.000426571,0.000001103,0.000716602,1
warmup,9,9,pipelined_tree,0,4096,1536,1.587023886,0.000387457,0.000000922,0.000643217,1
warmup,10,10,pipelined_tree,0,4096,1536,1.795258393,0.000438296,0.000001042,0.000726883,1
warmup,11,11,pipelined_tree,0,4096,1536,1.577781138,0.000385200,0.000001021,0.000643775,1
warmup,12,12,pipelined_tree,0,4096,1536,1.724327266,0.000420978,0.000001052,0.000687821,1
warmup,13,13,pipelined_tree,0,4096,1536,1.595625644,0.000389557,0.000000942,0.000682768,1
warmup,14,14,pipelined_tree,0,4096,1536,1.759894225,0.000429662,0.000001092,0.001531942,1
warmup,15,15,pipelined_tree,0,4096,1536,1.625102220,0.000396753,0.000001102,0.000677400,1
warmup,16,16,pipelined_tree,0,4096,1536,1.720488341,0.000420041,0.000001062,0.000702325,1
warmup,17,17,pipelined_tree,0,4096,1536,1.660953389,0.000405506,0.000001122,0.000673140,1
warmup,18,18,pipelined_tree,0,4096,1536,1.748001698,0.000426758,0.000000982,0.000696575,1
warmup,19,19,pipelined_tree,0,4096,1536,1.555516281,0.000379765,0.000000951,0.000677758,1
actual,0,20,pipelined_tree,0,4096,1536,1.734877101,0.000423554,0.000000952,0.000694346,1
actual,1,21,pipelined_tree,0,4096,1536,1.602676090,0.000391278,0.000001082,0.000670205,1
actual,2,22,pipelined_tree,0,4096,1536,1.744666969,0.000425944,0.000000901,0.000699169,1
actual,3,23,pipelined_tree,0,4096,1536,1.564819283,0.000382036,0.000000952,0.000651222,1
actual,4,24,pipelined_tree,0,4096,1536,1.833846453,0.000447716,0.000001212,0.000727093,1
actual,5,25,pipelined_tree,0,4096,1536,1.574474487,0.000384393,0.000000982,0.000669102,1
actual,6,26,pipelined_tree,0,4096,1536,1.782950641,0.000435291,0.000000972,0.000717209,1
actual,7,27,pipelined_tree,0,4096,1536,1.606981555,0.000392329,0.000000942,0.000672148,1
actual,8,28,pipelined_tree,0,4096,1536,1.795105154,0.000438258,0.000001202,0.000699038,1
actual,9,29,pipelined_tree,0,4096,1536,1.579666307,0.000385661,0.000000962,0.000668501,1
actual,10,30,pipelined_tree,0,4096,1536,1.719769923,0.000419866,0.000001112,0.000702595,1
actual,11,31,pipelined_tree,0,4096,1536,1.563599943,0.000381738,0.000001112,0.000655487,1
actual,12,32,pipelined_tree,0,4096,1536,1.776640326,0.000433750,0.000001072,0.000713808,1
actual,13,33,pipelined_tree,0,4096,1536,1.573530140,0.000384163,0.000000962,0.000648425,1
actual,14,34,pipelined_tree,0,4096,1536,1.787802187,0.000436475,0.000001152,0.000704331,1
actual,15,35,pipelined_tree,0,4096,1536,1.580027256,0.000385749,0.000003406,0.000668130,1
actual,16,36,pipelined_tree,0,4096,1536,1.743888251,0.000425754,0.000000972,0.000698568,1
actual,17,37,pipelined_tree,0,4096,1536,1.578112412,0.000385281,0.000000942,0.000649947,1
actual,18,38,pipelined_tree,0,4096,1536,1.753393208,0.000428075,0.000001042,0.000710572,1
actual,19,39,pipelined_tree,0,4096,1536,1.602555385,0.000391249,0.000001072,0.000663518,1
warmup,0,0,pipelined_tree,0,4096,2048,1.746870580,0.000426482,0.000001162,0.000724086,1
warmup,1,1,pipelined_tree,0,4096,2048,1.599690233,0.000390549,0.000003126,0.000658763,1
warmup,2,2,pipelined_tree,0,4096,2048,1.777585380,0.000433981,0.000001052,0.000689993,1
warmup,3,3,pipelined_tree,0,4096,2048,1.600139804,0.000390659,0.000001052,0.000694464,1
warmup,4,4,pipelined_tree,0,4096,2048,1.736916013,0.000424052,0.000001082,0.000724607,1
warmup,5,5,pipelined_tree,0,4096,2048,1.603054837,0.000391371,0.000001162,0.000658132,1
warmup,6,6,pipelined_tree,0,4096,2048,1.734079030,0.000423359,0.000001122,0.000695647,1
warmup,7,7,pipelined_tree,0,4096,2048,1.558131724,0.000380403,0.000000932,0.001611510,1
warmup,8,8,pipelined_tree,0,4096,2048,1.744115684,0.000425809,0.000001262,0.000700924,1
warmup,9,9,pipelined_tree,0,4096,2048,1.552739235,0.000379087,0.000000952,0.000645318,1
warmup,10,10,pipelined_tree,0,4096,2048,1.753190190,0.000428025,0.000001052,0.000699712,1
warmup,11,11,pipelined_tree,0,4096,2048,1.557095096,0.000380150,0.000001222,0.000707157,1
warmup,12,12,pipelined_tree,0,4096,2048,1.766593255,0.000431297,0.000001022,0.000711914,1
warmup,13,13,pipelined_tree,0,4096,2048,1.603945521,0.000391588,0.000002044,0.000672099,1
warmup,14,14,pipelined_tree,0,4096,2048,1.726740638,0.000421568,0.000001112,0.000713796,1
warmup,15,15,pipelined_tree,0,4096,2048,1.557025905,0.000380133,0.000001062,0.000666308,1
warmup,16,16,pipelined_tree,0,4096,2048,1.755005218,0.000428468,0.000001022,0.000715351,1
warmup,17,17,pipelined_tree,0,4096,2048,1.601198366,0.000390918,0.000003286,0.000666457,1
warmup,18,18,pipelined_tree,0,4096,2048,1.738821589,0.000424517,0.000001153,0.000686375,1
warmup,19,19,pipelined_tree,0,4096,2048,1.637539478,0.000399790,0.000001072,0.000656049,1
actual,0,20,pipelined_tree,0,4096,2048,1.731572431,0.000422747,0.000001022,0.000722103,1
actual,1,21,pipelined_tree,0,4096,2048,1.652692201,0.000403489,0.000000891,0.000679382,1
actual,2,22,pipelined_tree,0,4096,2048,1.756722041,0.000428887,0.000003656,0.000711755,1
actual,3,23,pipelined_tree,0,4096,2048,1.566586411,0.000382467,0.000000902,0.000688499,1
actual,4,24,pipelined_tree,0,4096,2048,1.713166171,0.000418253,0.000001062,0.000703880,1
actual,5,25,pipelined_tree,0,4096,2048,1.573948242,0.000384265,0.000001002,0.000665205,1
actual,6,26,pipelined_tree,0,4096,2048,1.802835413,0.000440145,0.000000982,0.001525426,1
actual,7,27,pipelined_tree,0,4096,2048,1.592578978,0.000388813,0.000000972,0.000657424,1
actual,8,28,pipelined_tree,0,4096,2048,1.833387831,0.000447604,0.000001192,0.000746818,1
actual,9,29,pipelined_tree,0,4096,2048,1.598095273,0.000390160,0.000001062,0.000670765,1
actual,10,30,pipelined_tree,0,4096,2048,1.766168353,0.000431193,0.000001042,0.000705763,1
actual,11,31,pipelined_tree,0,4096,2048,1.636043703,0.000399425,0.000001362,0.001463464,1
actual,12,32,pipelined_tree,0,4096,2048,1.719140151,0.000419712,0.000000922,0.000682049,1
actual,13,33,pipelined_tree,0,4096,2048,1.577307492,0.000385085,0.000000892,0.000674736,1
actual,14,34,pipelined_tree,0,4096,2048,1.823787190,0.000445261,0.000001092,0.000704741,1
actual,15,35,pipelined_tree,0,4096,2048,1.597737442,0.000390073,0.000000962,0.000682547,1
actual,16,36,pipelined_tree,0,4096,2048,1.736345154,0.000423912,0.000001112,0.000718195,1
actual,17,37,pipelined_tree,0,4096,2048,1.665667307,0.000406657,0.000001042,0.000677890,1
actual,18,38,pipelined_tree,0,4096,2048,1.758090736,0.000429221,0.000001132,0.000708929,1
actual,19,39,pipelined_tree,0,4096,2048,1.587568478,0.000387590,0.000000962,0.000674846,1
warmup,0,0,pipelined_tree,0,4096,3072,1.751027645,0.000427497,0.000001072,0.000708837,1
warmup,1,1,pipelined_tree,0,4096,3072,1.613648785,0.000393957,0.000001342,0.000676290,1
warmup,2,2,pipelined_tree,0,4096,3072,1.781416157,0.000434916,0.000001122,0.000752749,1
warmup,3,3,pipelined_tree,0,4096,3072,1.623846994,0.000396447,0.000001934,0.000695386,1
warmup,4,4,pipelined_tree,0,4096,3072,1.778350449,0.000434168,0.000001112,0.000700293,1
warmup,5,5,pipelined_tree,0,4096,3072,1.611080840,0.000393330,0.000001172,0.000669927,1
warmup,6,6,pipelined_tree,0,4096,3072,1.797439727,0.000438828,0.000001162,0.000706564,1
warmup,7,7,pipelined_tree,0,4096,3072,1.595572319,0.000389544,0.000002575,0.000663802,1
warmup,8,8,pipelined_tree,0,4096,3072,2.362897664,0.000576879,0.000001273,0.000876470,1
warmup,9,9,pipelined_tree,0,4096,3072,1.612068165,0.000393571,0.000001353,0.000724209,1
warmup,10,10,pipelined_tree,0,4096,3072,1.800240437,0.000439512,0.000001182,0.000709555,1
warmup,11,11,pipelined_tree,0,4096,3072,1.620620725,0.000395659,0.000001332,0.000677048,1
warmup,12,12,pipelined_tree,0,4096,3072,1.750315212,0.000427323,0.000001132,0.000707475,1
warmup,13,13,pipelined_tree,0,4096,3072,1.603481587,0.000391475,0.000001062,0.000690737,1
warmup,14,14,pipelined_tree,0,4096,3072,1.756701459,0.000428882,0.000000992,0.000688763,1
warmup,15,15,pipelined_tree,0,4096,3072,1.601632436,0.000391024,0.000001353,0.000691808,1
warmup,16,16,pipelined_tree,0,4096,3072,1.778157069,0.000434120,0.000001322,0.000707154,1
warmup,17,17,pipelined_tree,0,4096,3072,1.602392062,0.000391209,0.000001012,0.000658773,1
warmup,18,18,pipelined_tree,0,4096,3072,1.834181055,0.000447798,0.000001543,0.000724723,1
warmup,19,19,pipelined_tree,0,4096,3072,1.586987149,0.000387448,0.000002024,0.000669303,1
actual,0,20,pipelined_tree,0,4096,3072,1.769066188,0.000431901,0.000001082,0.000699380,1
actual,1,21,pipelined_tree,0,4096,3072,1.666796645,0.000406933,0.000001032,0.000692216,1
actual,2,22,pipelined_tree,0,4096,3072,1.765638999,0.000431064,0.000001373,0.000693759,1
actual,3,23,pipelined_tree,0,4096,3072,1.611316005,0.000393388,0.000001012,0.000676420,1
actual,4,24,pipelined_tree,0,4096,3072,1.780485913,0.000434689,0.000001312,0.000730177,1
actual,5,25,pipelined_tree,0,4096,3072,1.593558814,0.000389052,0.000002464,0.000671811,1
actual,6,26,pipelined_tree,0,4096,3072,1.700056524,0.000415053,0.000001102,0.001609061,1
actual,7,27,pipelined_tree,0,4096,3072,1.608819359,0.000392778,0.000001172,0.000666921,1
actual,8,28,pipelined_tree,0,4096,3072,1.809197724,0.000441699,0.000001412,0.000738141,1
actual,9,29,pipelined_tree,0,4096,3072,1.587003810,0.000387452,0.000001283,0.000714230,1
actual,10,30,pipelined_tree,0,4096,3072,1.751220354,0.000427544,0.000006342,0.000704901,1
actual,11,31,pipelined_tree,0,4096,3072,1.638190453,0.000399949,0.000001512,0.000678864,1
actual,12,32,pipelined_tree,0,4096,3072,1.806529112,0.000441047,0.000001313,0.000705040,1
actual,13,33,pipelined_tree,0,4096,3072,1.591167812,0.000388469,0.000002284,0.000644649,1
actual,14,34,pipelined_tree,0,4096,3072,1.789626571,0.000436921,0.000001132,0.000728083,1
actual,15,35,pipelined_tree,0,4096,3072,1.612548648,0.000393689,0.000001954,0.000679391,1
actual,16,36,pipelined_tree,0,4096,3072,1.773136457,0.000432895,0.000001183,0.000717615,1
actual,17,37,pipelined_tree,0,4096,3072,1.588905632,0.000387916,0.000001092,0.000679592,1
actual,18,38,pipelined_tree,0,4096,3072,1.773656080,0.000433022,0.000001192,0.000712233,1
actual,19,39,pipelined_tree,0,4096,3072,1.604660767,0.000391763,0.000001172,0.000684011,1
warmup,0,0,pipelined_tree,0,4096,4096,1.801282830,0.000439766,0.000001203,0.000705020,1
warmup,1,1,pipelined_tree,0,4096,4096,1.639768334,0.000400334,0.000001152,0.000663726,1
warmup,2,2,pipelined_tree,0,4096,4096,1.803325231,0.000440265,0.000001323,0.000700663,1
warmup,3,3,pipelined_tree,0,4096,4096,1.654842436,0.000404014,0.000003527,0.000678060,1
warmup,4,4,pipelined_tree,0,4096,4096,1.795818143,0.000438432,0.000001272,0.000734236,1
warmup,5,5,pipelined_tree,0,4096,4096,1.626293454,0.000397044,0.000001452,0.000680918,1
warmup,6,6,pipelined_tree,0,4096,4096,1.809608716,0.000441799,0.000001223,0.000727253,1
warmup,7,7,pipelined_tree,0,4096,4096,1.610095715,0.000393090,0.000001062,0.000771618,1
warmup,8,8,pipelined_tree,0,4096,4096,1.846858652,0.000450893,0.000003557,0.001610404,1
warmup,9,9,pipelined_tree,0,4096,4096,1.639364699,0.000400236,0.000001102,0.000690352,1
warmup,10,10,pipelined_tree,0,4096,4096,1.819583692,0.000444234,0.000001523,0.000732964,1
warmup,11,11,pipelined_tree,0,4096,4096,1.611959089,0.000393545,0.000002544,0.000639457,1
warmup,12,12,pipelined_tree,0,4096,4096,1.756109662,0.000428738,0.000001232,0.000705463,1
warmup,13,13,pipelined_tree,0,4096,4096,1.603235394,0.000391415,0.000001132,0.000708637,1
warmup,14,14,pipelined_tree,0,4096,4096,1.792350072,0.000437585,0.000001443,0.000705723,1
warmup,15,15,pipelined_tree,0,4096,4096,1.627566977,0.000397355,0.000003446,0.000675354,1
warmup,16,16,pipelined_tree,0,4096,4096,1.798242304,0.000439024,0.000001273,0.000713055,1
warmup,17,17,pipelined_tree,0,4096,4096,1.635527123,0.000399299,0.000001483,0.000686656,1
warmup,18,18,pipelined_tree,0,4096,4096,1.849402443,0.000451514,0.000006492,0.000728027,1
warmup,19,19,pipelined_tree,0,4096,4096,1.604793017,0.000391795,0.000001232,0.000678734,1
actual,0,20,pipelined_tree,0,4096,4096,1.768008061,0.000431643,0.000001413,0.000706204,1
actual,1,21,pipelined_tree,0,4096,4096,1.668307543,0.000407302,0.000001443,0.000668511,1
actual,2,22,pipelined_tree,0,4096,4096,1.814458129,0.000442983,0.000001302,0.000724998,1
actual,3,23,pipelined_tree,0,4096,4096,1.591467879,0.000388542,0.000001283,0.000676767,1
actual,4,24,pipelined_tree,0,4096,4096,1.792497574,0.000437621,0.000001222,0.000718716,1
actual,5,25,pipelined_tree,0,4096,4096,1.631387421,0.000398288,0.000001463,0.000699743,1
actual,6,26,pipelined_tree,0,4096,4096,1.791229739,0.000437312,0.000001152,0.000714620,1
actual,7,27,pipelined_tree,0,4096,4096,1.632582384,0.000398580,0.000002835,0.000689523,1
actual,8,28,pipelined_tree,0,4096,4096,1.822425888,0.000444928,0.000001343,0.000723365,1
actual,9,29,pipelined_tree,0,4096,4096,1.613519283,0.000393926,0.000001142,0.000663145,1
actual,10,30,pipelined_tree,0,4096,4096,1.780273350,0.000434637,0.000001102,0.000704720,1
actual,11,31,pipelined_tree,0,4096,4096,1.637007817,0.000399660,0.000001232,0.000685675,1
actual,12,32,pipelined_tree,0,4096,4096,1.814933599,0.000443099,0.000001362,0.000715920,1
actual,13,33,pipelined_tree,0,4096,4096,1.610961623,0.000393301,0.000001192,0.000661231,1
actual,14,34,pipelined_tree,0,4096,4096,1.759665170,0.000429606,0.000001313,0.000683943,1
actual,15,35,pipelined_tree,0,4096,4096,1.646406508,0.000401955,0.000001343,0.000670649,1
actual,16,36,pipelined_tree,0,4096,4096,1.797864477,0.000438932,0.000001403,0.000718806,1
actual,17,37,pipelined_tree,0,4096,4096,1.638113783,0.000399930,0.000001273,0.000679652,1
actual,18,38,pipelined_tree,0,4096,4096,1.838126552,0.000448761,0.000001553,0.000730920,1
actual,19,39,pipelined_tree,0,4096,4096,1.615725431,0.000394464,0.000001183,0.000690015,1
warmup,0,0,pipelined_tree,0,4096,6144,1.830661205,0.000446939,0.000001353,0.000710912,1
warmup,1,1,pipelined_tree,0,4096,6144,1.657631575,0.000404695,0.000003466,0.000682130,1
warmup,2,2,pipelined_tree,0,4096,6144,1.848834137,0.000451376,0.000001543,0.000717775,1
warmup,3,3,pipelined_tree,0,4096,6144,1.648151375,0.000402381,0.000005370,0.000697800,1
warmup,4,4,pipelined_tree,0,4096,6144,1.827134225,0.000446078,0.000001413,0.000721400,1
warmup,5,5,pipelined_tree,0,4096,6144,1.665679200,0.000406660,0.000001493,0.000685313,1
warmup,6,6,pipelined_tree,0,4096,6144,1.848535506,0.000451303,0.000001283,0.000713272,1
warmup,7,7,pipelined_tree,0,4096,6144,1.635685078,0.000399337,0.000001483,0.000687938,1
warmup,8,8,pipelined_tree,0,4096,6144,1.784223672,0.000435601,0.000001673,0.000697229,1
warmup,9,9,pipelined_tree,0,4096,6144,1.665397496,0.000406591,0.000003226,0.000699372,1
warmup,10,10,pipelined_tree,0,4096,6144,1.827509378,0.000446169,0.000001253,0.000712736,1
warmup,11,11,pipelined_tree,0,4096,6144,1.652823459,0.000403521,0.000001633,0.000718195,1
warmup,12,12,pipelined_tree,0,4096,6144,1.818407768,0.000443947,0.000001603,0.001526052,1
warmup,13,13,pipelined_tree,0,4096,6144,1.688329987,0.000412190,0.000001383,0.000686238,1
warmup,14,14,pipelined_tree,0,4096,6144,1.822270053,0.000444890,0.000001623,0.000726360,1
warmup,15,15,pipelined_tree,0,4096,6144,1.631198354,0.000398242,0.000001573,0.000678370,1
warmup,16,16,pipelined_tree,0,4096,6144,1.820134255,0.000444369,0.000001292,0.000738043,1
warmup,17,17,pipelined_tree,0,4096,6144,1.632692594,0.000398607,0.000001163,0.000681880,1
warmup,18,18,pipelined_tree,0,4096,6144,1.872938365,0.000457260,0.000001793,0.000778787,1
warmup,19,19,pipelined_tree,0,4096,6144,1.644234602,0.000401424,0.000003116,0.000667826,1
actual,0,20,pipelined_tree,0,4096,6144,1.840466670,0.000449333,0.000001312,0.000745275,1
actual,1,21,pipelined_tree,0,4096,6144,1.663184244,0.000406051,0.000001253,0.000705674,1
actual,2,22,pipelined_tree,0,4096,6144,1.808444961,0.000441515,0.000001492,0.000715045,1
actual,3,23,pipelined_tree,0,4096,6144,1.624112497,0.000396512,0.000001453,0.000671090,1
actual,4,24,pipelined_tree,0,4096,6144,1.799209537,0.000439260,0.000001323,0.000700522,1
actual,5,25,pipelined_tree,0,4096,6144,1.656027930,0.000404304,0.000001613,0.000709371,1
actual,6,26,pipelined_tree,0,4096,6144,1.827100029,0.000446069,0.000001493,0.000736852,1
actual,7,27,pipelined_tree,0,4096,6144,1.639660319,0.000400308,0.000001352,0.000673190,1
actual,8,28,pipelined_tree,0,4096,6144,1.861717611,0.000454521,0.000001523,0.000708447,1
actual,9,29,pipelined_tree,0,4096,6144,1.648932086,0.000402571,0.000001393,0.000688121,1
actual,10,30,pipelined_tree,0,4096,6144,1.803925792,0.000440412,0.000001272,0.000714728,1
actual,11,31,pipelined_tree,0,4096,6144,1.618234452,0.000395077,0.000001684,0.000696407,1
actual,12,32,pipelined_tree,0,4096,6144,1.817278831,0.000443672,0.000001653,0.000723906,1
actual,13,33,pipelined_tree,0,4096,6144,1.605623654,0.000391998,0.000001634,0.000676256,1
actual,14,34,pipelined_tree,0,4096,6144,1.803857472,0.000440395,0.000006352,0.000717916,1
actual,15,35,pipelined_tree,0,4096,6144,1.670115820,0.000407743,0.000003416,0.000696745,1
actual,16,36,pipelined_tree,0,4096,6144,1.832057567,0.000447280,0.000001372,0.000717045,1
actual,17,37,pipelined_tree,0,4096,6144,1.627449598,0.000397327,0.000001343,0.000665766,1
actual,18,38,pipelined_tree,0,4096,6144,1.919056198,0.000468520,0.000002314,0.000749115,1
actual,19,39,pipelined_tree,0,4096,6144,1.627363555,0.000397306,0.000001313,0.000716795,1
warmup,0,0,pipelined_tree,0,4096,8192,2.162408705,0.000527932,0.000019978,0.000814988,1
warmup,1,1,pipelined_tree,0,4096,8192,1.789265916,0.000436832,0.000017092,0.000704581,1
warmup,2,2,pipelined_tree,0,4096,8192,1.962638856,0.000479160,0.000011462,0.000749821,1
warmup,3,3,pipelined_tree,0,4096,8192,1.776035127,0.000433602,0.000024586,0.001688680,1
warmup,4,4,pipelined_tree,0,4096,8192,1.892265460,0.000461979,0.000009207,0.000738734,1
warmup,5,5,pipelined_tree,0,4096,8192,1.731289745,0.000422678,0.000017493,0.001117139,1
warmup,6,6,pipelined_tree,0,4096,8192,1.897256184,0.000463197,0.000008476,0.000727862,1
warmup,7,7,pipelined_tree,0,4096,8192,1.812603844,0.000442530,0.000023224,0.000717123,1
warmup,8,8,pipelined_tree,0,4096,8192,1.935003659,0.000472413,0.000013355,0.000739588,1
warmup,9,9,pipelined_tree,0,4096,8192,1.727411649,0.000421731,0.000021671,0.000728203,1
warmup,10,10,pipelined_tree,0,4096,8192,1.945862268,0.000475064,0.000008636,0.000731221,1
warmup,11,11,pipelined_tree,0,4096,8192,1.803030156,0.000440193,0.000024727,0.000699882,1
warmup,12,12,pipelined_tree,0,4096,8192,1.919681421,0.000468672,0.000008686,0.000759592,1
warmup,13,13,pipelined_tree,0,4096,8192,1.761055144,0.000429945,0.000008586,0.000677380,1
warmup,14,14,pipelined_tree,0,4096,8192,1.932863596,0.000471891,0.000008957,0.000771654,1
warmup,15,15,pipelined_tree,0,4096,8192,1.655914909,0.000404276,0.000014447,0.000696645,1
warmup,16,16,pipelined_tree,0,4096,8192,1.911435008,0.000466659,0.000011041,0.000739996,1
warmup,17,17,pipelined_tree,0,4096,8192,1.748162698,0.000426798,0.000014377,0.000694220,1
warmup,18,18,pipelined_tree,0,4096,8192,1.887668321,0.000460857,0.000008506,0.000746612,1
warmup,19,19,pipelined_tree,0,4096,8192,1.779120005,0.000434355,0.000013115,0.000714380,1
actual,0,20,pipelined_tree,0,4096,8192,1.907230655,0.000465632,0.000008556,0.000751066,1
actual,1,21,pipelined_tree,0,4096,8192,1.765750599,0.000431091,0.000012484,0.000704971,1
actual,2,22,pipelined_tree,0,4096,8192,1.940527432,0.000473762,0.000008596,0.000742413,1
actual,3,23,pipelined_tree,0,4096,8192,1.770598122,0.000432275,0.000014697,0.000698299,1
actual,4,24,pipelined_tree,0,4096,8192,1.943107697,0.000474392,0.000008626,0.001723508,1
actual,5,25,pipelined_tree,0,4096,8192,1.743429543,0.000425642,0.000013155,0.001111858,1
actual,6,26,pipelined_tree,0,4096,8192,1.946029443,0.000475105,0.000008806,0.000738113,1
actual,7,27,pipelined_tree,0,4096,8192,1.703890526,0.000415989,0.000014888,0.000677087,1
actual,8,28,pipelined_tree,0,4096,8192,1.911739660,0.000466733,0.000008586,0.000773017,1
actual,9,29,pipelined_tree,0,4096,8192,1.776537631,0.000433725,0.000013585,0.000695782,1
actual,10,30,pipelined_tree,0,4096,8192,1.929110619,0.000470974,0.000008807,0.000757069,1
actual,11,31,pipelined_tree,0,4096,8192,1.722257025,0.000420473,0.000019907,0.000699159,1
actual,12,32,pipelined_tree,0,4096,8192,1.884618220,0.000460112,0.000013546,0.000742036,1
actual,13,33,pipelined_tree,0,4096,8192,1.749055669,0.000427016,0.000010820,0.000712053,1
actual,14,34,pipelined_tree,0,4096,8192,1.872443743,0.000457140,0.000011171,0.000728895,1
actual,15,35,pipelined_tree,0,4096,8192,1.743449800,0.000425647,0.000008726,0.000688512,1
actual,16,36,pipelined_tree,0,4096,8192,1.868079477,0.000456074,0.000009668,0.000728286,1
actual,17,37,pipelined_tree,0,4096,8192,1.719801775,0.000419873,0.000008436,0.000702487,1
actual,18,38,pipelined_tree,0,4096,8192,1.918822356,0.000468462,0.000008436,0.000733433,1
actual,19,39,pipelined_tree,0,4096,8192,1.700479589,0.000415156,0.000017011,0.000670365,1
warmup,0,0,pipelined_tree,0,4096,12288,3.418806544,0.000834670,0.000014867,0.005647867,1
warmup,1,1,pipelined_tree,0,4096,12288,2.345307788,0.000572585,0.000031288,0.001907152,1
warmup,2,2,pipelined_tree,0,4096,12288,2.461692394,0.000600999,0.000012935,0.001873309,1
warmup,3,3,pipelined_tree,0,4096,12288,2.274669938,0.000555339,0.000005721,0.001856352,1
warmup,4,4,pipelined_tree,0,4096,12288,2.430116439,0.000593290,0.000012323,0.001825036,1
warmup,5,5,pipelined_tree,0,4096,12288,2.265615974,0.000553129,0.000028674,0.001904331,1
warmup,6,6,pipelined_tree,0,4096,12288,2.426264931,0.000592350,0.000011612,0.001664341,1
warmup,7,7,pipelined_tree,0,4096,12288,2.332586563,0.000569479,0.000012343,0.001877462,1
warmup,8,8,pipelined_tree,0,4096,12288,2.392863971,0.000584195,0.000018976,0.001801245,1
warmup,9,9,pipelined_tree,0,4096,12288,2.312526736,0.000564582,0.000012083,0.001932513,1
warmup,10,10,pipelined_tree,0,4096,12288,2.431322309,0.000593585,0.000012593,0.001883350,1
warmup,11,11,pipelined_tree,0,4096,12288,2.304684420,0.000562667,0.000016751,0.001746831,1
warmup,12,12,pipelined_tree,0,4096,12288,2.452364116,0.000598722,0.000012343,0.001729776,1
warmup,13,13,pipelined_tree,0,4096,12288,2.318937901,0.000566147,0.000016330,0.002009888,1
warmup,14,14,pipelined_tree,0,4096,12288,2.434751242,0.000594422,0.000012103,0.001914625,1
warmup,15,15,pipelined_tree,0,4096,12288,2.259188671,0.000551560,0.000018474,0.001615747,1
warmup,16,16,pipelined_tree,0,4096,12288,2.449459852,0.000598013,0.000011952,0.001538872,1
warmup,17,17,pipelined_tree,0,4096,12288,2.250820597,0.000549517,0.000014697,0.000942294,1
warmup,18,18,pipelined_tree,0,4096,12288,2.529652137,0.000617591,0.000012313,0.001798951,1
warmup,19,19,pipelined_tree,0,4096,12288,2.268576294,0.000553852,0.000023654,0.001796800,1
actual,0,20,pipelined_tree,0,4096,12288,2.450199395,0.000598193,0.000011642,0.001795381,1
actual,1,21,pipelined_tree,0,4096,12288,2.350391526,0.000573826,0.000023785,0.001786082,1
actual,2,22,pipelined_tree,0,4096,12288,2.394020480,0.000584478,0.000011892,0.000984994,1
actual,3,23,pipelined_tree,0,4096,12288,2.230850389,0.000544641,0.000020538,0.001830566,1
actual,4,24,pipelined_tree,0,4096,12288,2.416324892,0.000589923,0.000012032,0.001823158,1
actual,5,25,pipelined_tree,0,4096,12288,2.303946680,0.000562487,0.000013836,0.001747126,1
actual,6,26,pipelined_tree,0,4096,12288,2.406967229,0.000587638,0.000011863,0.001620363,1
actual,7,27,pipelined_tree,0,4096,12288,2.284521124,0.000557744,0.000011662,0.000926285,1
actual,8,28,pipelined_tree,0,4096,12288,2.428573094,0.000592913,0.000011922,0.001619423,1
actual,9,29,pipelined_tree,0,4096,12288,2.236944556,0.000546129,0.000014147,0.001935742,1
actual,10,30,pipelined_tree,0,4096,12288,2.430495786,0.000593383,0.000011823,0.000970978,1
actual,11,31,pipelined_tree,0,4096,12288,2.257886387,0.000551242,0.000022392,0.001468821,1
actual,12,32,pipelined_tree,0,4096,12288,2.418697074,0.000590502,0.000011622,0.001949039,1
actual,13,33,pipelined_tree,0,4096,12288,2.221359375,0.000542324,0.000019136,0.000972925,1
actual,14,34,pipelined_tree,0,4096,12288,2.405418089,0.000587260,0.000018124,0.001743457,1
actual,15,35,pipelined_tree,0,4096,12288,2.305385154,0.000562838,0.000016591,0.000939461,1
actual,16,36,pipelined_tree,0,4096,12288,2.439581209,0.000595601,0.000018595,0.000979875,1
actual,17,37,pipelined_tree,0,4096,12288,2.292878234,0.000559785,0.000032551,0.001587977,1
actual,18,38,pipelined_tree,0,4096,12288,2.389842542,0.000583458,0.000011522,0.000970990,1
actual,19,39,pipelined_tree,0,4096,12288,2.291983083,0.000559566,0.000016441,0.000973207,1
warmup,0,0,pipelined_tree,0,4096,16384,2.621183684,0.000639937,0.000016802,0.001379792,1
warmup,1,1,pipelined_tree,0,4096,16384,2.400147458,0.000585974,0.000024125,0.002494112,1
warmup,2,2,pipelined_tree,0,4096,16384,2.614874745,0.000638397,0.000014757,0.001024061,1
warmup,3,3,pipelined_tree,0,4096,16384,2.393432766,0.000584334,0.000026310,0.000978315,1
warmup,4,4,pipelined_tree,0,4096,16384,2.549846738,0.000622521,0.000017142,0.001655422,1
warmup,5,5,pipelined_tree,0,4096,16384,2.381031062,0.000581306,0.000027481,0.001656680,1
warmup,6,6,pipelined_tree,0,4096,16384,2.563018338,0.000625737,0.000018705,0.000993285,1
warmup,7,7,pipelined_tree,0,4096,16384,2.410155913,0.000588417,0.000020940,0.000952717,1
warmup,8,8,pipelined_tree,0,4096,16384,2.593558168,0.000633193,0.000014407,0.000998173,1
warmup,9,9,pipelined_tree,0,4096,16384,2.381928170,0.000581525,0.000014437,0.000983021,1
warmup,10,10,pipelined_tree,0,4096,16384,2.624776815,0.000640815,0.000014387,0.001799914,1
warmup,11,11,pipelined_tree,0,4096,16384,2.373844810,0.000579552,0.000023424,0.000940051,1
warmup,12,12,pipelined_tree,0,4096,16384,2.610221876,0.000637261,0.000014067,0.001026352,1
warmup,13,13,pipelined_tree,0,4096,16384,2.398652749,0.000585609,0.000025318,0.001738698,1
warmup,14,14,pipelined_tree,0,4096,16384,2.535669057,0.000619060,0.000014137,0.000996835,1
warmup,15,15,pipelined_tree,0,4096,16384,2.449553101,0.000598035,0.000027021,0.000965339,1
warmup,16,16,pipelined_tree,0,4096,16384,2.580464878,0.000629996,0.000013726,0.001029108,1
warmup,17,17,pipelined_tree,0,4096,16384,2.485379736,0.000606782,0.000016381,0.001394070,1
warmup,18,18,pipelined_tree,0,4096,16384,2.593465988,0.000633170,0.000014056,0.001004129,1
warmup,19,19,pipelined_tree,0,4096,16384,2.383937484,0.000582016,0.000027171,0.001515565,1
actual,0,20,pipelined_tree,0,4096,16384,2.569778320,0.000627387,0.000014046,0.001013570,1
actual,1,21,pipelined_tree,0,4096,16384,2.365432899,0.000577498,0.000022402,0.000984744,1
actual,2,22,pipelined_tree,0,4096,16384,2.580170909,0.000629925,0.000016592,0.000994667,1
actual,3,23,pipelined_tree,0,4096,16384,2.396640634,0.000585117,0.000022943,0.000980571,1
actual,4,24,pipelined_tree,0,4096,16384,2.591728452,0.000632746,0.000013956,0.000992729,1
actual,5,25,pipelined_tree,0,4096,16384,2.414758492,0.000589541,0.000027592,0.000971391,1
actual,6,26,pipelined_tree,0,4096,16384,2.605650472,0.000636145,0.000014127,0.001023629,1
actual,7,27,pipelined_tree,0,4096,16384,2.400809806,0.000586135,0.000024496,0.000942034,1
actual,8,28,pipelined_tree,0,4096,16384,2.640311864,0.000644607,0.000014197,0.001013592,1
actual,9,29,pipelined_tree,0,4096,16384,2.390132452,0.000583528,0.000022663,0.000975780,1
actual,10,30,pipelined_tree,0,4096,16384,2.570903792,0.000627662,0.000014107,0.000985213,1
actual,11,31,pipelined_tree,0,4096,16384,2.391187596,0.000583786,0.000026309,0.000957682,1
actual,12,32,pipelined_tree,0,4096,16384,2.571251762,0.000627747,0.000014106,0.001660393,1
actual,13,33,pipelined_tree,0,4096,16384,2.454549576,0.000599255,0.000016741,0.000978371,1
actual,14,34,pipelined_tree,0,4096,16384,2.613076537,0.000637958,0.000014076,0.001019222,1
actual,15,35,pipelined_tree,0,4096,16384,2.386453568,0.000582630,0.000024456,0.000945464,1
actual,16,36,pipelined_tree,0,4096,16384,2.592990837,0.000633054,0.000014427,0.001003439,1
actual,17,37,pipelined_tree,0,4096,16384,2.405619867,0.000587310,0.000025828,0.000960268,1
actual,18,38,pipelined_tree,0,4096,16384,2.595046030,0.000633556,0.000014587,0.000999321,1
actual,19,39,pipelined_tree,0,4096,16384,2.384515148,0.000582157,0.000020248,0.000956289,1
warmup,0,0,pipelined_tree,0,4096,24576,22.169830389,0.005412556,0.000019487,0.009421329,1
warmup,1,1,pipelined_tree,0,4096,24576,3.111126992,0.000759552,0.000029065,0.001971016,1
warmup,2,2,pipelined_tree,0,4096,24576,3.222134167,0.000786654,0.000024256,0.001984571,1
warmup,3,3,pipelined_tree,0,4096,24576,3.094021564,0.000755376,0.000028283,0.002051404,1
warmup,4,4,pipelined_tree,0,4096,24576,3.270932193,0.000798567,0.000021761,0.001805789,1
warmup,5,5,pipelined_tree,0,4096,24576,3.044522268,0.000743292,0.000029956,0.001220960,1
warmup,6,6,pipelined_tree,0,4096,24576,3.241829457,0.000791462,0.000019977,0.001288095,1
warmup,7,7,pipelined_tree,0,4096,24576,3.044910121,0.000743386,0.000030738,0.001235753,1
warmup,8,8,pipelined_tree,0,4096,24576,3.258820181,0.000795610,0.000021330,0.002113875,1
warmup,9,9,pipelined_tree,0,4096,24576,3.046227799,0.000743708,0.000028734,0.001252779,1
warmup,10,10,pipelined_tree,0,4096,24576,3.300350870,0.000805750,0.000021821,0.001299544,1
warmup,11,11,pipelined_tree,0,4096,24576,3.059600682,0.000746973,0.000030637,0.001232170,1
warmup,12,12,pipelined_tree,0,4096,24576,3.233500534,0.000789429,0.000019387,0.001265182,1
warmup,13,13,pipelined_tree,0,4096,24576,3.038548007,0.000741833,0.000029565,0.001230775,1
warmup,14,14,pipelined_tree,0,4096,24576,3.213118653,0.000784453,0.000028364,0.001279857,1
warmup,15,15,pipelined_tree,0,4096,24576,3.077126420,0.000751252,0.000025618,0.001222249,1
warmup,16,16,pipelined_tree,0,4096,24576,3.218092542,0.000785667,0.000019476,0.001279118,1
warmup,17,17,pipelined_tree,0,4096,24576,3.076753915,0.000751161,0.000030847,0.002215500,1
warmup,18,18,pipelined_tree,0,4096,24576,3.229394421,0.000788426,0.000021982,0.001271452,1
warmup,19,19,pipelined_tree,0,4096,24576,3.028056148,0.000739272,0.000022843,0.001996412,1
actual,0,20,pipelined_tree,0,4096,24576,3.223320057,0.000786943,0.000017362,0.001838830,1
actual,1,21,pipelined_tree,0,4096,24576,3.029914688,0.000739725,0.000029927,0.005712485,1
actual,2,22,pipelined_tree,0,4096,24576,3.287904693,0.000802711,0.000022252,0.001323241,1
actual,3,23,pipelined_tree,0,4096,24576,3.049370109,0.000744475,0.000031389,0.001207394,1
actual,4,24,pipelined_tree,0,4096,24576,3.242085525,0.000791525,0.000019667,0.001272426,1
actual,5,25,pipelined_tree,0,4096,24576,3.050578099,0.000744770,0.000024867,0.001774393,1
actual,6,26,pipelined_tree,0,4096,24576,3.250958260,0.000793691,0.000019576,0.001280037,1
actual,7,27,pipelined_tree,0,4096,24576,3.082501254,0.000752564,0.000030667,0.001257346,1
actual,8,28,pipelined_tree,0,4096,24576,3.255618409,0.000794829,0.000019387,0.001292733,1
actual,9,29,pipelined_tree,0,4096,24576,3.105671511,0.000758221,0.000022833,0.001261156,1
actual,10,30,pipelined_tree,0,4096,24576,3.196660351,0.000780435,0.000019897,0.001264112,1
actual,11,31,pipelined_tree,0,4096,24576,3.193649693,0.000779700,0.000034294,0.002183899,1
actual,12,32,pipelined_tree,0,4096,24576,3.211854672,0.000784144,0.000019858,0.001262825,1
actual,13,33,pipelined_tree,0,4096,24576,3.070912187,0.000749734,0.000026650,0.001276134,1
actual,14,34,pipelined_tree,0,4096,24576,3.228738394,0.000788266,0.000019918,0.002068709,1
actual,15,35,pipelined_tree,0,4096,24576,3.016276329,0.000736396,0.000026730,0.001290901,1
actual,16,36,pipelined_tree,0,4096,24576,3.255019423,0.000794682,0.000019627,0.001267657,1
actual,17,37,pipelined_tree,0,4096,24576,3.056081334,0.000746114,0.000029115,0.001218244,1
actual,18,38,pipelined_tree,0,4096,24576,3.232112051,0.000789090,0.000020127,0.001268909,1
actual,19,39,pipelined_tree,0,4096,24576,3.035299485,0.000741040,0.000029526,0.001233442,1
warmup,0,0,pipelined_tree,0,4096,32768,3.852950957,0.000940662,0.000025858,0.002394409,1
warmup,1,1,pipelined_tree,0,4096,32768,3.688667243,0.000900554,0.000035427,0.002375284,1
warmup,2,2,pipelined_tree,0,4096,32768,3.836286836,0.000936593,0.000023474,0.002388182,1
warmup,3,3,pipelined_tree,0,4096,32768,3.668457150,0.000895619,0.000031820,0.002228011,1
warmup,4,4,pipelined_tree,0,4096,32768,3.861403722,0.000942726,0.000024857,0.002252307,1
warmup,5,5,pipelined_tree,0,4096,32768,3.724820500,0.000909380,0.000031449,0.001734216,1
warmup,6,6,pipelined_tree,0,4096,32768,3.878781542,0.000946968,0.000023574,0.001553345,1
warmup,7,7,pipelined_tree,0,4096,32768,3.673862614,0.000896939,0.000034324,0.002451085,1
warmup,8,8,pipelined_tree,0,4096,32768,3.871931610,0.000945296,0.000025157,0.002556686,1
warmup,9,9,pipelined_tree,0,4096,32768,3.692768156,0.000901555,0.000035116,0.002253346,1
warmup,10,10,pipelined_tree,0,4096,32768,3.877587199,0.000946677,0.000025167,0.001532764,1
warmup,11,11,pipelined_tree,0,4096,32768,3.686382528,0.000899996,0.000033193,0.002135970,1
warmup,12,12,pipelined_tree,0,4096,32768,3.863655844,0.000943275,0.000023515,0.002070303,1
warmup,13,13,pipelined_tree,0,4096,32768,3.644121939,0.000889678,0.000036809,0.001476737,1
warmup,14,14,pipelined_tree,0,4096,32768,3.915333731,0.000955892,0.000022813,0.002239571,1
warmup,15,15,pipelined_tree,0,4096,32768,3.671836403,0.000896444,0.000030958,0.002149544,1
warmup,16,16,pipelined_tree,0,4096,32768,3.879098924,0.000947046,0.000023734,0.002199576,1
warmup,17,17,pipelined_tree,0,4096,32768,3.727692427,0.000910081,0.000028574,0.001505130,1
warmup,18,18,pipelined_tree,0,4096,32768,3.874300587,0.000945874,0.000027000,0.002134107,1
warmup,19,19,pipelined_tree,0,4096,32768,3.656728575,0.000892756,0.000029836,0.001969065,1
actual,0,20,pipelined_tree,0,4096,32768,3.938826773,0.000961628,0.000024947,0.002124866,1
actual,1,21,pipelined_tree,0,4096,32768,3.631065274,0.000886491,0.000028454,0.001460951,1
actual,2,22,pipelined_tree,0,4096,32768,3.904465217,0.000953239,0.000026620,0.001514541,1
actual,3,23,pipelined_tree,0,4096,32768,3.640219589,0.000888725,0.000029586,0.001460546,1
actual,4,24,pipelined_tree,0,4096,32768,3.844456671,0.000938588,0.000025628,0.001973495,1
actual,5,25,pipelined_tree,0,4096,32768,3.666685283,0.000895187,0.000033493,0.002346503,1
actual,6,26,pipelined_tree,0,4096,32768,3.874725653,0.000945978,0.000024957,0.002374846,1
actual,7,27,pipelined_tree,0,4096,32768,3.649370079,0.000890959,0.000040325,0.002019342,1
actual,8,28,pipelined_tree,0,4096,32768,3.834142701,0.000936070,0.000024486,0.001504381,1
actual,9,29,pipelined_tree,0,4096,32768,3.634522113,0.000887335,0.000032010,0.001458132,1
actual,10,30,pipelined_tree,0,4096,32768,3.815326965,0.000931476,0.000022683,0.002053893,1
actual,11,31,pipelined_tree,0,4096,32768,3.705323956,0.000904620,0.000028484,0.001757393,1
actual,12,32,pipelined_tree,0,4096,32768,3.827755178,0.000934511,0.000025207,0.002179617,1
actual,13,33,pipelined_tree,0,4096,32768,3.621529667,0.000884163,0.000035877,0.002076422,1
actual,14,34,pipelined_tree,0,4096,32768,3.827174190,0.000934369,0.000029485,0.001525751,1
actual,15,35,pipelined_tree,0,4096,32768,3.611255122,0.000881654,0.000048581,0.001457190,1
actual,16,36,pipelined_tree,0,4096,32768,3.844234208,0.000938534,0.000024837,0.001525850,1
actual,17,37,pipelined_tree,0,4096,32768,3.653398205,0.000891943,0.000030467,0.002060541,1
actual,18,38,pipelined_tree,0,4096,32768,3.895734954,0.000951107,0.000024787,0.002295460,1
actual,19,39,pipelined_tree,0,4096,32768,3.680990802,0.000898679,0.000029746,0.001479115,1
warmup,0,0,pipelined_tree,0,4096,49152,5.017900509,0.001225073,0.000036359,0.001980059,1
warmup,1,1,pipelined_tree,0,4096,49152,4.871606974,0.001189357,0.000043192,0.001990274,1
warmup,2,2,pipelined_tree,0,4096,49152,5.080805847,0.001240431,0.000037421,0.002038525,1
warmup,3,3,pipelined_tree,0,4096,49152,4.921855652,0.001201625,0.000041989,0.001980096,1
warmup,4,4,pipelined_tree,0,4096,49152,5.038341753,0.001230064,0.000035908,0.002004502,1
warmup,5,5,pipelined_tree,0,4096,49152,4.826025604,0.001178229,0.000062207,0.001936816,1
warmup,6,6,pipelined_tree,0,4096,49152,5.023943791,0.001226549,0.000042069,0.002014649,1
warmup,7,7,pipelined_tree,0,4096,49152,4.848177807,0.001183637,0.000042500,0.001986767,1
warmup,8,8,pipelined_tree,0,4096,49152,5.021145806,0.001225866,0.000033403,0.002059004,1
warmup,9,9,pipelined_tree,0,4096,49152,4.837880326,0.001181123,0.000044935,0.001926787,1
warmup,10,10,pipelined_tree,0,4096,49152,5.176197939,0.001263720,0.000035427,0.002067078,1
warmup,11,11,pipelined_tree,0,4096,49152,4.871133487,0.001189242,0.000039634,0.001962262,1
warmup,12,12,pipelined_tree,0,4096,49152,5.074506246,0.001238893,0.000035066,0.001995286,1
warmup,13,13,pipelined_tree,0,4096,49152,4.852635290,0.001184725,0.000036027,0.002048613,1
warmup,14,14,pipelined_tree,0,4096,49152,5.047128452,0.001232209,0.000038442,0.002335320,1
warmup,15,15,pipelined_tree,0,4096,49152,4.838266386,0.001181217,0.000049553,0.001960703,1
warmup,16,16,pipelined_tree,0,4096,49152,5.034649886,0.001229163,0.000034866,0.002008277,1
warmup,17,17,pipelined_tree,0,4096,49152,4.868389474,0.001188572,0.000034274,0.001952142,1
warmup,18,18,pipelined_tree,0,4096,49152,5.029757754,0.001227968,0.000035567,0.002906950,1
warmup,19,19,pipelined_tree,0,4096,49152,4.831150696,0.001179480,0.000039585,0.001982429,1
actual,0,20,pipelined_tree,0,4096,49152,5.039329808,0.001230305,0.000042189,0.001997599,1
actual,1,21,pipelined_tree,0,4096,49152,4.858018320,0.001186040,0.000054522,0.001949247,1
actual,2,22,pipelined_tree,0,4096,49152,5.014865390,0.001224332,0.000037460,0.002035150,1
actual,3,23,pipelined_tree,0,4096,49152,4.852675168,0.001184735,0.000042480,0.002025715,1
actual,4,24,pipelined_tree,0,4096,49152,5.029123826,0.001227813,0.000039344,0.002049094,1
actual,5,25,pipelined_tree,0,4096,49152,4.835210590,0.001180471,0.000043041,0.001930786,1
actual,6,26,pipelined_tree,0,4096,49152,5.060449718,0.001235461,0.000036929,0.003067894,1
actual,7,27,pipelined_tree,0,4096,49152,4.815200775,0.001175586,0.000039394,0.001936637,1
actual,8,28,pipelined_tree,0,4096,49152,5.026539704,0.001227183,0.000037701,0.002148412,1
actual,9,29,pipelined_tree,0,4096,49152,4.837569090,0.001181047,0.000049593,0.002031611,1
actual,10,30,pipelined_tree,0,4096,49152,5.089716806,0.001242607,0.000035707,0.002454074,1
actual,11,31,pipelined_tree,0,4096,49152,4.883473843,0.001192254,0.000043652,0.001969024,1
actual,12,32,pipelined_tree,0,4096,49152,5.090504127,0.001242799,0.000037230,0.002061981,1
actual,13,33,pipelined_tree,0,4096,49152,4.828754352,0.001178895,0.000045746,0.001942695,1
actual,14,34,pipelined_tree,0,4096,49152,5.106061428,0.001246597,0.000035096,0.002023520,1
actual,15,35,pipelined_tree,0,4096,49152,4.916994994,0.001200438,0.000035106,0.002057661,1
actual,16,36,pipelined_tree,0,4096,49152,4.965066459,0.001212174,0.000033914,0.002006568,1
actual,17,37,pipelined_tree,0,4096,49152,4.837447095,0.001181017,0.000040256,0.001978461,1
actual,18,38,pipelined_tree,0,4096,49152,5.049611409,0.001232815,0.000034365,0.002048292,1
actual,19,39,pipelined_tree,0,4096,49152,4.871436396,0.001189316,0.000065994,0.001990735,1
warmup,0,0,pipelined_tree,0,4096,65536,6.226904239,0.001520240,0.000052218,0.002541325,1
warmup,1,1,pipelined_tree,0,4096,65536,6.066447710,0.001481066,0.000045195,0.002494850,1
warmup,2,2,pipelined_tree,0,4096,65536,6.262596014,0.001528954,0.000049903,0.002494309,1
warmup,3,3,pipelined_tree,0,4096,65536,6.072171250,0.001482464,0.000051126,0.002492155,1
warmup,4,4,pipelined_tree,0,4096,65536,6.183717863,0.001509697,0.000054393,0.002456939,1
warmup,5,5,pipelined_tree,0,4096,65536,6.063500300,0.001480347,0.000061946,0.002453423,1
warmup,6,6,pipelined_tree,0,4096,65536,6.196547680,0.001512829,0.000049263,0.002455749,1
warmup,7,7,pipelined_tree,0,4096,65536,6.034749021,0.001473327,0.000061175,0.002453541,1
warmup,8,8,pipelined_tree,0,4096,65536,6.278137293,0.001532748,0.000045696,0.002470816,1
warmup,9,9,pipelined_tree,0,4096,65536,6.085851803,0.001485804,0.000064411,0.003263726,1
warmup,10,10,pipelined_tree,0,4096,65536,6.193182166,0.001512007,0.000050485,0.002491782,1
warmup,11,11,pipelined_tree,0,4096,65536,6.025678498,0.001471113,0.000051717,0.002473861,1
warmup,12,12,pipelined_tree,0,4096,65536,6.370014913,0.001555179,0.000050825,0.002567117,1
warmup,13,13,pipelined_tree,0,4096,65536,6.077564571,0.001483780,0.000062858,0.002441781,1
warmup,14,14,pipelined_tree,0,4096,65536,6.229304341,0.001520826,0.000047820,0.002466339,1
warmup,15,15,pipelined_tree,0,4096,65536,6.040538814,0.001474741,0.000052869,0.002435458,1
warmup,16,16,pipelined_tree,0,4096,65536,6.224400652,0.001519629,0.000044193,0.002495833,1
warmup,17,17,pipelined_tree,0,4096,65536,6.012604221,0.001467921,0.000049343,0.002448563,1
warmup,18,18,pipelined_tree,0,4096,65536,6.199838542,0.001513632,0.000055074,0.002479615,1
warmup,19,19,pipelined_tree,0,4096,65536,6.045336422,0.001475912,0.000048231,0.002478190,1
actual,0,20,pipelined_tree,0,4096,65536,6.277342386,0.001532554,0.000050635,0.002526981,1
actual,1,21,pipelined_tree,0,4096,65536,6.003959938,0.001465811,0.000090179,0.002466707,1
actual,2,22,pipelined_tree,0,4096,65536,6.289818143,0.001535600,0.000050445,0.002513849,1
actual,3,23,pipelined_tree,0,4096,65536,6.030332557,0.001472249,0.000056797,0.002433225,1
actual,4,24,pipelined_tree,0,4096,65536,6.296009004,0.001537112,0.000052609,0.002518374,1
actual,5,25,pipelined_tree,0,4096,65536,6.032720943,0.001472832,0.000047970,0.002388153,1
actual,6,26,pipelined_tree,0,4096,65536,6.264154759,0.001529335,0.000050615,0.002489382,1
actual,7,27,pipelined_tree,0,4096,65536,6.043869060,0.001475554,0.000059321,0.002437850,1
actual,8,28,pipelined_tree,0,4096,65536,6.197651829,0.001513099,0.000053140,0.002498638,1
actual,9,29,pipelined_tree,0,4096,65536,6.025837594,0.001471152,0.000050825,0.002398983,1
actual,10,30,pipelined_tree,0,4096,65536,6.236428052,0.001522565,0.000045927,0.002515689,1
actual,11,31,pipelined_tree,0,4096,65536,6.045579170,0.001475971,0.000059411,0.002479202,1
actual,12,32,pipelined_tree,0,4096,65536,6.228077835,0.001520527,0.000054182,0.002504819,1
actual,13,33,pipelined_tree,0,4096,65536,6.012830400,0.001467976,0.000077606,0.002490112,1
actual,14,34,pipelined_tree,0,4096,65536,6.210514047,0.001516239,0.000052218,0.002507083,1
actual,15,35,pipelined_tree,0,4096,65536,6.047336669,0.001476401,0.000061225,0.002472919,1
actual,16,36,pipelined_tree,0,4096,65536,6.229966679,0.001520988,0.000050645,0.002491185,1
actual,17,37,pipelined_tree,0,4096,65536,6.035097539,0.001473412,0.000054102,0.002610126,1
actual,18,38,pipelined_tree,0,4096,65536,6.228946713,0.001520739,0.000048962,0.002490873,1
actual,19,39,pipelined_tree,0,4096,65536,6.031763667,0.001472599,0.000061045,0.002464664,1
warmup,0,0,pipelined_tree,0,4096,98304,8.671985311,0.002117184,0.000116750,0.003546962,1
warmup,1,1,pipelined_tree,0,4096,98304,8.381248286,0.002046203,0.000112842,0.003372667,1
warmup,2,2,pipelined_tree,0,4096,98304,8.663734964,0.002115170,0.000113113,0.003472064,1
warmup,3,3,pipelined_tree,0,4096,98304,8.422399700,0.002056250,0.000127599,0.003643114,1
warmup,4,4,pipelined_tree,0,4096,98304,8.624213013,0.002105521,0.000123502,0.003525063,1
warmup,5,5,pipelined_tree,0,4096,98304,8.476945790,0.002069567,0.000104546,0.003432610,1
warmup,6,6,pipelined_tree,0,4096,98304,8.604143226,0.002100621,0.000119385,0.003473687,1
warmup,7,7,pipelined_tree,0,4096,98304,8.408828977,0.002052937,0.000116379,0.003518110,1
warmup,8,8,pipelined_tree,0,4096,98304,8.590351262,0.002097254,0.000110759,0.003571120,1
warmup,9,9,pipelined_tree,0,4096,98304,8.438752245,0.002060242,0.000103855,0.003497431,1
warmup,10,10,pipelined_tree,0,4096,98304,8.600334802,0.002099691,0.000119104,0.003479237,1
warmup,11,11,pipelined_tree,0,4096,98304,8.400878465,0.002050996,0.000112492,0.003447648,1
warmup,12,12,pipelined_tree,0,4096,98304,8.596830145,0.002098835,0.000111059,0.003432909,1
warmup,13,13,pipelined_tree,0,4096,98304,8.446748544,0.002062194,0.000109105,0.003444512,1
warmup,14,14,pipelined_tree,0,4096,98304,8.626916944,0.002106181,0.000114455,0.003517278,1
warmup,15,15,pipelined_tree,0,4096,98304,8.399224779,0.002050592,0.000125466,0.003432178,1
warmup,16,16,pipelined_tree,0,4096,98304,8.576853665,0.002093958,0.000116649,0.003471152,1
warmup,17,17,pipelined_tree,0,4096,98304,8.415479756,0.002054560,0.000120146,0.003476712,1
warmup,18,18,pipelined_tree,0,4096,98304,8.561505269,0.002090211,0.000108294,0.003459109,1
warmup,19,19,pipelined_tree,0,4096,98304,8.407319681,0.002052568,0.000110858,0.003435946,1
actual,0,20,pipelined_tree,0,4096,98304,8.602408548,0.002100197,0.000113032,0.003446926,1
actual,1,21,pipelined_tree,0,4096,98304,8.444367908,0.002061613,0.000107171,0.003475911,1
actual,2,22,pipelined_tree,0,4096,98304,8.618633077,0.002104158,0.000077886,0.003480139,1
actual,3,23,pipelined_tree,0,4096,98304,8.394734800,0.002049496,0.000127770,0.003373165,1
actual,4,24,pipelined_tree,0,4096,98304,8.625376862,0.002105805,0.000107201,0.003552064,1
actual,5,25,pipelined_tree,0,4096,98304,8.421570040,0.002056047,0.000171963,0.003455252,1
actual,6,26,pipelined_tree,0,4096,98304,8.681161867,0.002119424,0.000142047,0.003454761,1
actual,7,27,pipelined_tree,0,4096,98304,8.446918547,0.002062236,0.000104466,0.003478916,1
actual,8,28,pipelined_tree,0,4096,98304,8.618869296,0.002104216,0.000117090,0.003533318,1
actual,9,29,pipelined_tree,0,4096,98304,8.415773216,0.002054632,0.000116669,0.003519983,1
actual,10,30,pipelined_tree,0,4096,98304,8.627066024,0.002106217,0.000112000,0.003464870,1
actual,11,31,pipelined_tree,0,4096,98304,8.475914106,0.002069315,0.000135745,0.003520944,1
actual,12,32,pipelined_tree,0,4096,98304,8.568510969,0.002091922,0.000110728,0.003422401,1
actual,13,33,pipelined_tree,0,4096,98304,8.409384101,0.002053072,0.000120145,0.003507049,1
actual,14,34,pipelined_tree,0,4096,98304,8.579044882,0.002094493,0.000109125,0.003413594,1
actual,15,35,pipelined_tree,0,4096,98304,8.392946152,0.002049059,0.000119625,0.003409475,1
actual,16,36,pipelined_tree,0,4096,98304,8.649258745,0.002111635,0.000106020,0.003518802,1
actual,17,37,pipelined_tree,0,4096,98304,8.396566899,0.002049943,0.000110647,0.003363341,1
actual,18,38,pipelined_tree,0,4096,98304,8.581075665,0.002094989,0.000114345,0.003460311,1
actual,19,39,pipelined_tree,0,4096,98304,8.361903116,0.002041480,0.000126407,0.003362298,1
warmup,0,0,pipelined_tree,0,4096,131072,10.970883972,0.002678438,0.000120807,0.004492678,1
warmup,1,1,pipelined_tree,0,4096,131072,10.755137891,0.002625766,0.000160722,0.004434589,1
warmup,2,2,pipelined_tree,0,4096,131072,10.967932222,0.002677718,0.000157586,0.004434700,1
warmup,3,3,pipelined_tree,0,4096,131072,10.761255867,0.002627260,0.000166463,0.004431674,1
warmup,4,4,pipelined_tree,0,4096,131072,10.994845553,0.002684288,0.000154820,0.004454286,1
warmup,5,5,pipelined_tree,0,4096,131072,10.746532950,0.002623665,0.000138119,0.004477560,1
warmup,6,6,pipelined_tree,0,4096,131072,11.019048204,0.002690197,0.000164869,0.004547032,1
warmup,7,7,pipelined_tree,0,4096,131072,10.706066889,0.002613786,0.000164529,0.004485958,1
warmup,8,8,pipelined_tree,0,4096,131072,10.943591094,0.002671775,0.000163708,0.004505492,1
warmup,9,9,pipelined_tree,0,4096,131072,10.724073577,0.002618182,0.000156244,0.004334343,1
warmup,10,10,pipelined_tree,0,4096,131072,10.973027639,0.002678962,0.000150914,0.004407449,1
warmup,11,11,pipelined_tree,0,4096,131072,10.754036198,0.002625497,0.000165691,0.004479584,1
warmup,12,12,pipelined_tree,0,4096,131072,10.928190636,0.002668015,0.000129524,0.004472791,1
warmup,13,13,pipelined_tree,0,4096,131072,10.811837438,0.002639609,0.000145554,0.004484303,1
warmup,14,14,pipelined_tree,0,4096,131072,10.962843807,0.002676476,0.000140995,0.004436914,1
warmup,15,15,pipelined_tree,0,4096,131072,10.741392246,0.002622410,0.000162636,0.004460157,1
warmup,16,16,pipelined_tree,0,4096,131072,10.937718027,0.002670341,0.000143370,0.004543934,1
warmup,17,17,pipelined_tree,0,4096,131072,10.774079394,0.002630390,0.000148810,0.004441872,1
warmup,18,18,pipelined_tree,0,4096,131072,10.912006609,0.002664064,0.000135776,0.004409602,1
warmup,19,19,pipelined_tree,0,4096,131072,10.762774309,0.002627630,0.000136376,0.004429189,1
actual,0,20,pipelined_tree,0,4096,131072,11.054250659,0.002698792,0.000127960,0.004471724,1
actual,1,21,pipelined_tree,0,4096,131072,10.737273556,0.002621405,0.000148208,0.004441201,1
actual,2,22,pipelined_tree,0,4096,131072,10.948356259,0.002672939,0.000136676,0.004475426,1
actual,3,23,pipelined_tree,0,4096,131072,10.691419218,0.002610210,0.000163678,0.004485845,1
actual,4,24,pipelined_tree,0,4096,131072,10.971063055,0.002678482,0.000127981,0.004432622,1
actual,5,25,pipelined_tree,0,4096,131072,10.799898544,0.002636694,0.000126588,0.004487528,1
actual,6,26,pipelined_tree,0,4096,131072,10.968707475,0.002677907,0.000156384,0.004487398,1
actual,7,27,pipelined_tree,0,4096,131072,10.832624427,0.002644684,0.000141666,0.004475516,1
actual,8,28,pipelined_tree,0,4096,131072,10.924709225,0.002667165,0.000148539,0.004427957,1
actual,9,29,pipelined_tree,0,4096,131072,10.783282963,0.002632637,0.000125376,0.004502427,1
actual,10,30,pipelined_tree,0,4096,131072,10.978803212,0.002680372,0.000122841,0.004538374,1
actual,11,31,pipelined_tree,0,4096,131072,10.787623428,0.002633697,0.000148960,0.004417467,1
actual,12,32,pipelined_tree,0,4096,131072,10.950938514,0.002673569,0.000120797,0.004536150,1
actual,13,33,pipelined_tree,0,4096,131072,10.683977150,0.002608393,0.000163527,0.004483671,1
actual,14,34,pipelined_tree,0,4096,131072,11.060349764,0.002700281,0.000141516,0.004532653,1
actual,15,35,pipelined_tree,0,4096,131072,10.796713540,0.002635916,0.000158889,0.004433097,1
actual,16,36,pipelined_tree,0,4096,131072,10.963791591,0.002676707,0.000158458,0.004533605,1
actual,17,37,pipelined_tree,0,4096,131072,10.743650499,0.002622962,0.000134402,0.004441503,1
actual,18,38,pipelined_tree,0,4096,131072,10.965684072,0.002677169,0.000129222,0.004413707,1
actual,19,39,pipelined_tree,0,4096,131072,10.764264296,0.002627994,0.000123282,0.004443896,1
warmup,0,0,pipelined_tree,0,4096,196608,15.624115575,0.003814481,0.000218921,0.006364179,1
warmup,1,1,pipelined_tree,0,4096,196608,15.460961841,0.003774649,0.000197842,0.006441143,1
warmup,2,2,pipelined_tree,0,4096,196608,15.640743313,0.003818541,0.000183515,0.006447736,1
warmup,3,3,pipelined_tree,0,4096,196608,15.485458715,0.003780630,0.000230814,0.006391340,1
warmup,4,4,pipelined_tree,0,4096,196608,15.660241742,0.003823301,0.000210896,0.006437176,1
warmup,5,5,pipelined_tree,0,4096,196608,15.521557078,0.003789443,0.000219101,0.006482143,1
warmup,6,6,pipelined_tree,0,4096,196608,15.655718261,0.003822197,0.000201298,0.006454418,1
warmup,7,7,pipelined_tree,0,4096,196608,15.447348172,0.003771325,0.000218511,0.006382424,1
warmup,8,8,pipelined_tree,0,4096,196608,15.594373297,0.003807220,0.000230453,0.006372795,1
warmup,9,9,pipelined_tree,0,4096,196608,15.601420899,0.003808941,0.000201809,0.006455450,1
warmup,10,10,pipelined_tree,0,4096,196608,15.665543244,0.003824596,0.000228008,0.006467953,1
warmup,11,11,pipelined_tree,0,4096,196608,15.462950720,0.003775134,0.000211778,0.006400487,1
warmup,12,12,pipelined_tree,0,4096,196608,15.661049158,0.003823498,0.000223239,0.006428389,1
warmup,13,13,pipelined_tree,0,4096,196608,15.442289564,0.003770090,0.000207279,0.006331608,1
warmup,14,14,pipelined_tree,0,4096,196608,15.681949097,0.003828601,0.000186821,0.006446917,1
warmup,15,15,pipelined_tree,0,4096,196608,15.497308757,0.003783523,0.000201398,0.006413743,1
warmup,16,16,pipelined_tree,0,4096,196608,15.620169408,0.003813518,0.000191610,0.006375711,1
warmup,17,17,pipelined_tree,0,4096,196608,15.500922467,0.003784405,0.000205185,0.006398153,1
warmup,18,18,pipelined_tree,0,4096,196608,15.663003334,0.003823975,0.000205777,0.006423730,1
warmup,19,19,pipelined_tree,0,4096,196608,15.486523511,0.003780890,0.000223340,0.006434772,1
actual,0,20,pipelined_tree,0,4096,196608,15.675190824,0.003826951,0.000199405,0.006435343,1
actual,1,21,pipelined_tree,0,4096,196608,15.483161304,0.003780069,0.000234701,0.006546071,1
actual,2,22,pipelined_tree,0,4096,196608,15.571040214,0.003801523,0.000206808,0.006402551,1
actual,3,23,pipelined_tree,0,4096,196608,15.440137100,0.003769565,0.000200587,0.006405427,1
actual,4,24,pipelined_tree,0,4096,196608,15.621985078,0.003813961,0.000204564,0.006394947,1
actual,5,25,pipelined_tree,0,4096,196608,15.483136368,0.003780063,0.000232166,0.006440772,1
actual,6,26,pipelined_tree,0,4096,196608,15.627492648,0.003815306,0.000232267,0.006397531,1
actual,7,27,pipelined_tree,0,4096,196608,15.522771105,0.003789739,0.000208953,0.006470899,1
actual,8,28,pipelined_tree,0,4096,196608,15.640667939,0.003818522,0.000194576,0.006447897,1
actual,9,29,pipelined_tree,0,4096,196608,15.435704028,0.003768482,0.000197701,0.006432347,1
actual,10,30,pipelined_tree,0,4096,196608,15.696324879,0.003832111,0.000201188,0.006450614,1
actual,11,31,pipelined_tree,0,4096,196608,15.497679941,0.003783613,0.000211777,0.006449068,1
actual,12,32,pipelined_tree,0,4096,196608,15.621204772,0.003813771,0.000192161,0.006511976,1
actual,13,33,pipelined_tree,0,4096,196608,15.427800184,0.003766553,0.000250821,0.006458847,1
actual,14,34,pipelined_tree,0,4096,196608,15.618334944,0.003813070,0.000202290,0.006503600,1
actual,15,35,pipelined_tree,0,4096,196608,15.467046359,0.003776134,0.000208061,0.008018398,1
actual,16,36,pipelined_tree,0,4096,196608,15.672729176,0.003826350,0.000215936,0.006433039,1
actual,17,37,pipelined_tree,0,4096,196608,15.417220830,0.003763970,0.000214593,0.006416477,1
actual,18,38,pipelined_tree,0,4096,196608,15.661543758,0.003823619,0.000199304,0.006419015,1
actual,19,39,pipelined_tree,0,4096,196608,15.460240165,0.003774473,0.000189687,0.006477080,1
warmup,0,0,pipelined_tree,0,4096,262144,20.318654204,0.004960609,0.000312847,0.008256423,1
warmup,1,1,pipelined_tree,0,4096,262144,20.179326081,0.004926593,0.000307548,0.008424143,1
warmup,2,2,pipelined_tree,0,4096,262144,20.372975434,0.004973871,0.000260991,0.008473677,1
warmup,3,3,pipelined_tree,0,4096,262144,20.117414337,0.004911478,0.000309852,0.008392124,1
warmup,4,4,pipelined_tree,0,4096,262144,20.407630644,0.004982332,0.000300685,0.008369004,1
warmup,5,5,pipelined_tree,0,4096,262144,20.321011592,0.004961184,0.000329879,0.008639098,1
warmup,6,6,pipelined_tree,0,4096,262144,20.318481779,0.004960567,0.000272302,0.008151907,1
warmup,7,7,pipelined_tree,0,4096,262144,20.213316295,0.004934892,0.000272702,0.008369752,1
warmup,8,8,pipelined_tree,0,4096,262144,20.334114967,0.004964384,0.000268133,0.008309458,1
warmup,9,9,pipelined_tree,0,4096,262144,20.143815096,0.004917924,0.000268455,0.008224058,1
warmup,10,10,pipelined_tree,0,4096,262144,20.401571665,0.004980852,0.000282060,0.008533068,1
warmup,11,11,pipelined_tree,0,4096,262144,20.089406323,0.004904640,0.000305754,0.008293539,1
warmup,12,12,pipelined_tree,0,4096,262144,20.320866542,0.004961149,0.000263966,0.008261434,1
warmup,13,13,pipelined_tree,0,4096,262144,20.191851043,0.004929651,0.000273093,0.008428562,1
warmup,14,14,pipelined_tree,0,4096,262144,20.317012849,0.004960208,0.000276429,0.008213975,1
warmup,15,15,pipelined_tree,0,4096,262144,20.160251753,0.004921936,0.000278183,0.008387164,1
warmup,16,16,pipelined_tree,0,4096,262144,20.348218602,0.004967827,0.000272372,0.008271523,1
warmup,17,17,pipelined_tree,0,4096,262144,20.126033095,0.004913582,0.000327044,0.008330358,1
warmup,18,18,pipelined_tree,0,4096,262144,20.314421360,0.004959576,0.000264997,0.008441276,1
warmup,19,19,pipelined_tree,0,4096,262144,20.182509535,0.004927370,0.000268184,0.008344514,1
actual,0,20,pipelined_tree,0,4096,262144,20.338674880,0.004965497,0.000263916,0.008421309,1
actual,1,21,pipelined_tree,0,4096,262144,20.133839090,0.004915488,0.000281068,0.008375682,1
actual,2,22,pipelined_tree,0,4096,262144,20.344826112,0.004966999,0.000382969,0.008205593,1
actual,3,23,pipelined_tree,0,4096,262144,20.151151488,0.004919715,0.000337514,0.008335617,1
actual,4,24,pipelined_tree,0,4096,262144,20.305151647,0.004957312,0.000285376,0.008297079,1
actual,5,25,pipelined_tree,0,4096,262144,20.156452986,0.004921009,0.000293692,0.008335608,1
actual,6,26,pipelined_tree,0,4096,262144,20.259619017,0.004946196,0.000256101,0.008266703,1
actual,7,27,pipelined_tree,0,4096,262144,20.144130592,0.004918001,0.000301797,0.008237413,1
actual,8,28,pipelined_tree,0,4096,262144,20.333022741,0.004964117,0.000263816,0.008333464,1
actual,9,29,pipelined_tree,0,4096,262144,20.147978151,0.004918940,0.000314511,0.008326550,1
actual,10,30,pipelined_tree,0,4096,262144,20.308834054,0.004958211,0.000270679,0.008248258,1
actual,11,31,pipelined_tree,0,4096,262144,20.169808927,0.004924270,0.000268484,0.008320118,1
actual,12,32,pipelined_tree,0,4096,262144,20.300755738,0.004956239,0.000265258,0.008214545,1
actual,13,33,pipelined_tree,0,4096,262144,20.108713464,0.004909354,0.000284044,0.008344804,1
actual,14,34,pipelined_tree,0,4096,262144,20.299580368,0.004955952,0.000275228,0.008218804,1
actual,15,35,pipelined_tree,0,4096,262144,20.195570255,0.004930559,0.000281168,0.008384379,1
actual,16,36,pipelined_tree,0,4096,262144,20.324157167,0.004961952,0.000269987,0.008248840,1
actual,17,37,pipelined_tree,0,4096,262144,20.097361734,0.004906582,0.000331262,0.008306302,1
actual,18,38,pipelined_tree,0,4096,262144,20.385760745,0.004976992,0.000271309,0.008276902,1
actual,19,39,pipelined_tree,0,4096,262144,20.076636403,0.004901523,0.000298601,0.008322252,1
warmup,0,0,pipelined_tree,0,4096,393216,29.656644877,0.007240392,0.000460425,0.012263225,1
warmup,1,1,pipelined_tree,0,4096,393216,29.448192228,0.007189500,0.000456067,0.012142128,1
warmup,2,2,pipelined_tree,0,4096,393216,29.687174420,0.007247845,0.000427373,0.012319371,1
warmup,3,3,pipelined_tree,0,4096,393216,29.541808327,0.007212356,0.000422834,0.013093321,1
warmup,4,4,pipelined_tree,0,4096,393216,29.843000538,0.007285889,0.002538990,0.012212750,1
warmup,5,5,pipelined_tree,0,4096,393216,29.540721370,0.007212090,0.000435127,0.012347514,1
warmup,6,6,pipelined_tree,0,4096,393216,29.767229820,0.007267390,0.000441600,0.012392989,1
warmup,7,7,pipelined_tree,0,4096,393216,29.559170843,0.007216594,0.000441320,0.012305174,1
warmup,8,8,pipelined_tree,0,4096,393216,29.670004800,0.007243654,0.000423436,0.012210467,1
warmup,9,9,pipelined_tree,0,4096,393216,29.540948147,0.007212146,0.000409449,0.012348054,1
warmup,10,10,pipelined_tree,0,4096,393216,29.751827579,0.007263630,0.000424658,0.012219233,1
warmup,11,11,pipelined_tree,0,4096,393216,29.561183648,0.007217086,0.000414228,0.012403999,1
warmup,12,12,pipelined_tree,0,4096,393216,29.791611266,0.007273343,0.000382368,0.012225024,1
warmup,13,13,pipelined_tree,0,4096,393216,29.636674417,0.007235516,0.000404500,0.012499644,1
warmup,14,14,pipelined_tree,0,4096,393216,29.941535232,0.007309945,0.000353854,0.012119566,1
warmup,15,15,pipelined_tree,0,4096,393216,29.597530170,0.007225960,0.000413136,0.012191532,1
warmup,16,16,pipelined_tree,0,4096,393216,29.680810475,0.007246292,0.000415671,0.012129390,1
warmup,17,17,pipelined_tree,0,4096,393216,29.555553622,0.007215711,0.000432803,0.012335070,1
warmup,18,18,pipelined_tree,0,4096,393216,29.777261815,0.007269839,0.000518264,0.012223752,1
warmup,19,19,pipelined_tree,0,4096,393216,29.640905574,0.007236549,0.000414749,0.012353174,1
actual,0,20,pipelined_tree,0,4096,393216,29.711538829,0.007253794,0.000428976,0.012156937,1
actual,1,21,pipelined_tree,0,4096,393216,29.561426372,0.007217145,0.000396064,0.012194286,1
actual,2,22,pipelined_tree,0,4096,393216,29.686121403,0.007247588,0.000414489,0.012407406,1
actual,3,23,pipelined_tree,0,4096,393216,29.544125771,0.007212921,0.000435739,0.012359026,1
actual,4,24,pipelined_tree,0,4096,393216,29.656221894,0.007240289,0.000419017,0.012198564,1
actual,5,25,pipelined_tree,0,4096,393216,29.552700917,0.007215015,0.000430479,0.012289565,1
actual,6,26,pipelined_tree,0,4096,393216,29.622400668,0.007232031,0.000427733,0.012100210,1
actual,7,27,pipelined_tree,0,4096,393216,29.536238221,0.007210996,0.000418566,0.012306266,1
actual,8,28,pipelined_tree,0,4096,393216,29.676386106,0.007245211,0.000430920,0.012261853,1
actual,9,29,pipelined_tree,0,4096,393216,29.568297194,0.007218823,0.000415891,0.012265108,1
actual,10,30,pipelined_tree,0,4096,393216,29.694746107,0.007249694,0.000412705,0.013749534,1
actual,11,31,pipelined_tree,0,4096,393216,29.497995173,0.007201659,0.000469081,0.012232989,1
actual,12,32,pipelined_tree,0,4096,393216,29.741182291,0.007261031,0.000396875,0.012152909,1
actual,13,33,pipelined_tree,0,4096,393216,29.552896954,0.007215063,0.000403067,0.012211929,1
actual,14,34,pipelined_tree,0,4096,393216,29.705407598,0.007252297,0.000510499,0.012269276,1
actual,15,35,pipelined_tree,0,4096,393216,29.449167022,0.007189738,0.000431060,0.012292190,1
actual,16,36,pipelined_tree,0,4096,393216,29.615535552,0.007230355,0.000417955,0.012089930,1
actual,17,37,pipelined_tree,0,4096,393216,29.467703706,0.007194264,0.000457269,0.012286188,1
actual,18,38,pipelined_tree,0,4096,393216,29.693768373,0.007249455,0.000429106,0.012238199,1
actual,19,39,pipelined_tree,0,4096,393216,29.459117481,0.007192167,0.000458091,0.012300265,1
warmup,0,0,pipelined_tree,0,4096,524288,38.961911164,0.009512185,0.000649039,0.015875296,1
warmup,1,1,pipelined_tree,0,4096,524288,38.825459183,0.009478872,0.000554882,0.016097077,1
warmup,2,2,pipelined_tree,0,4096,524288,39.117145814,0.009550084,0.000548130,0.016086898,1
warmup,3,3,pipelined_tree,0,4096,524288,38.843554137,0.009483290,0.000584738,0.016164604,1
warmup,4,4,pipelined_tree,0,4096,524288,39.048791325,0.009533396,0.000168256,0.016122725,1
warmup,5,5,pipelined_tree,0,4096,524288,38.913207110,0.009500295,0.000591832,0.016274691,1
warmup,6,6,pipelined_tree,0,4096,524288,38.923233559,0.009502743,0.000630504,0.016255021,1
warmup,7,7,pipelined_tree,0,4096,524288,38.894599195,0.009495752,0.000590419,0.016332820,1
warmup,8,8,pipelined_tree,0,4096,524288,39.062545137,0.009536754,0.000538602,0.015987582,1
warmup,9,9,pipelined_tree,0,4096,524288,38.735690473,0.009456956,0.000586693,0.016056802,1
warmup,10,10,pipelined_tree,0,4096,524288,39.053047444,0.009534435,0.000639311,0.016030993,1
warmup,11,11,pipelined_tree,0,4096,524288,38.760555579,0.009463026,0.000588786,0.015978178,1
warmup,12,12,pipelined_tree,0,4096,524288,39.715273271,0.009696112,0.000530226,0.016528183,1
warmup,13,13,pipelined_tree,0,4096,524288,38.891453935,0.009494984,0.000554021,0.016191365,1
warmup,14,14,pipelined_tree,0,4096,524288,39.006043629,0.009522960,0.000641816,0.016036299,1
warmup,15,15,pipelined_tree,0,4096,524288,38.906157686,0.009498574,0.000582685,0.016213424,1
warmup,16,16,pipelined_tree,0,4096,524288,39.007506116,0.009523317,0.000647105,0.016129809,1
warmup,17,17,pipelined_tree,0,4096,524288,38.772102280,0.009465845,0.000594918,0.017966579,1
warmup,18,18,pipelined_tree,0,4096,524288,38.907053349,0.009498792,0.000635444,0.015996860,1
warmup,19,19,pipelined_tree,0,4096,524288,38.803084092,0.009473409,0.000579729,0.016178160,1
actual,0,20,pipelined_tree,0,4096,524288,39.093751474,0.009544373,0.000628561,0.015987111,1
actual,1,21,pipelined_tree,0,4096,524288,38.817512071,0.009476932,0.000586982,0.015964399,1
actual,2,22,pipelined_tree,0,4096,524288,39.003074437,0.009522235,0.000582063,0.016133729,1
actual,3,23,pipelined_tree,0,4096,524288,38.913957765,0.009500478,0.000593024,0.016262287,1
actual,4,24,pipelined_tree,0,4096,524288,39.059154074,0.009535926,0.000572756,0.016055930,1
actual,5,25,pipelined_tree,0,4096,524288,38.808469511,0.009474724,0.000582084,0.016082691,1
actual,6,26,pipelined_tree,0,4096,524288,39.082801369,0.009541700,0.000634222,0.016853261,1
actual,7,27,pipelined_tree,0,4096,524288,38.896675098,0.009496259,0.000598555,0.016195763,1
actual,8,28,pipelined_tree,0,4096,524288,39.050130504,0.009533723,0.000642908,0.016806251,1
actual,9,29,pipelined_tree,0,4096,524288,38.809599360,0.009475000,0.000577846,0.016817794,1
actual,10,30,pipelined_tree,0,4096,524288,39.084189470,0.009542038,0.000638168,0.016491180,1
actual,11,31,pipelined_tree,0,4096,524288,38.877209977,0.009491506,0.000577205,0.016099703,1
actual,12,32,pipelined_tree,0,4096,524288,38.950321586,0.009509356,0.000639411,0.016033137,1
actual,13,33,pipelined_tree,0,4096,524288,38.874259132,0.009490786,0.000585890,0.016029982,1
actual,14,34,pipelined_tree,0,4096,524288,38.968810442,0.009513870,0.000634191,0.016082340,1
actual,15,35,pipelined_tree,0,4096,524288,38.817504747,0.009476930,0.000592653,0.016237691,1
actual,16,36,pipelined_tree,0,4096,524288,39.088113286,0.009542996,0.000639001,0.016136174,1
actual,17,37,pipelined_tree,0,4096,524288,38.810654401,0.009475257,0.000584158,0.016150538,1
actual,18,38,pipelined_tree,0,4096,524288,39.041483040,0.009531612,0.000558259,0.016091552,1
actual,19,39,pipelined_tree,0,4096,524288,38.779681384,0.009467696,0.000568649,0.015988925,1
warmup,0,0,pipelined_tree,0,4096,786432,57.419359027,0.014018398,0.000918055,0.023684304,1
warmup,1,1,pipelined_tree,0,4096,786432,57.310565699,0.013991837,0.000867200,0.023971359,1
warmup,2,2,pipelined_tree,0,4096,786432,57.576483414,0.014056759,0.000910391,0.023713977,1
warmup,3,3,pipelined_tree,0,4096,786432,57.405240244,0.014014951,0.000847833,0.023903582,1
warmup,4,4,pipelined_tree,0,4096,786432,57.634725953,0.014070978,0.000908146,0.023619649,1
warmup,5,5,pipelined_tree,0,4096,786432,57.438080685,0.014022969,0.000854446,0.023864309,1
warmup,6,6,pipelined_tree,0,4096,786432,57.802393240,0.014111912,0.000906182,0.023806280,1
warmup,7,7,pipelined_tree,0,4096,786432,57.540074467,0.014047870,0.000849526,0.024032304,1
warmup,8,8,pipelined_tree,0,4096,786432,57.621850253,0.014067835,0.000919727,0.023748481,1
warmup,9,9,pipelined_tree,0,4096,786432,57.509640096,0.014040439,0.000853253,0.023896840,1
warmup,10,10,pipelined_tree,0,4096,786432,57.571136851,0.014055453,0.000903096,0.023747119,1
warmup,11,11,pipelined_tree,0,4096,786432,57.456590508,0.014027488,0.000860717,0.024047382,1
warmup,12,12,pipelined_tree,0,4096,786432,57.550866978,0.014050505,0.000905030,0.023766735,1
warmup,13,13,pipelined_tree,0,4096,786432,57.530307309,0.014045485,0.000852682,0.023962062,1
warmup,14,14,pipelined_tree,0,4096,786432,57.636985374,0.014071530,0.000906954,0.023933008,1
warmup,15,15,pipelined_tree,0,4096,786432,57.505303596,0.014039381,0.000855417,0.023929310,1
warmup,16,16,pipelined_tree,0,4096,786432,57.646169586,0.014073772,0.000905882,0.023805408,1
warmup,17,17,pipelined_tree,0,4096,786432,57.378369412,0.014008391,0.000866909,0.023810718,1
warmup,18,18,pipelined_tree,0,4096,786432,57.463419416,0.014029155,0.000900733,0.023748553,1
warmup,19,19,pipelined_tree,0,4096,786432,57.401528479,0.014014045,0.000855307,0.023927778,1
actual,0,20,pipelined_tree,0,4096,786432,57.561436906,0.014053085,0.000914478,0.024550205,1
actual,1,21,pipelined_tree,0,4096,786432,57.347947454,0.014000964,0.000854656,0.023933359,1
actual,2,22,pipelined_tree,0,4096,786432,57.563683596,0.014053634,0.000912394,0.023859200,1
actual,3,23,pipelined_tree,0,4096,786432,57.438532778,0.014023079,0.000855126,0.023822200,1
actual,4,24,pipelined_tree,0,4096,786432,57.630651559,0.014069983,0.000912414,0.023628647,1
actual,5,25,pipelined_tree,0,4096,786432,57.464884411,0.014029513,0.000836942,0.023911126,1
actual,6,26,pipelined_tree,0,4096,786432,57.591887563,0.014060519,0.000907876,0.023815838,1
actual,7,27,pipelined_tree,0,4096,786432,57.416842832,0.014017784,0.000852071,0.023696845,1
actual,8,28,pipelined_tree,0,4096,786432,57.549058287,0.014050063,0.000912454,0.023806000,1
actual,9,29,pipelined_tree,0,4096,786432,57.365828328,0.014005329,0.000866157,0.023727233,1
actual,10,30,pipelined_tree,0,4096,786432,57.624700557,0.014068530,0.000914598,0.023840804,1
actual,11,31,pipelined_tree,0,4096,786432,57.431775347,0.014021430,0.000866498,0.024004943,1
actual,12,32,pipelined_tree,0,4096,786432,57.667721753,0.014079034,0.000931500,0.023976379,1
actual,13,33,pipelined_tree,0,4096,786432,57.424730826,0.014019710,0.000862851,0.023985867,1
actual,14,34,pipelined_tree,0,4096,786432,57.476731903,0.014032405,0.000917875,0.023844442,1
actual,15,35,pipelined_tree,0,4096,786432,57.294202711,0.013987842,0.000851219,0.023879558,1
actual,16,36,pipelined_tree,0,4096,786432,57.381442259,0.014009141,0.000917314,0.023594723,1
actual,17,37,pipelined_tree,0,4096,786432,57.276689652,0.013983567,0.000858343,0.023800228,1
actual,18,38,pipelined_tree,0,4096,786432,57.490166159,0.014035685,0.000927814,0.023795970,1
actual,19,39,pipelined_tree,0,4096,786432,57.339834364,0.013998983,0.000869063,0.023862966,1
warmup,0,0,pipelined_tree,0,4096,1048576,76.108658347,0.018581215,0.001212748,0.031145803,1
warmup,1,1,pipelined_tree,0,4096,1048576,75.934939680,0.018538804,0.001436248,0.031410655,1
warmup,2,2,pipelined_tree,0,4096,1048576,76.078561454,0.018573868,0.001200035,0.031325325,1
warmup,3,3,pipelined_tree,0,4096,1048576,76.262912715,0.018618875,0.001141294,0.031702142,1
warmup,4,4,pipelined_tree,0,4096,1048576,76.342522791,0.018638311,0.001202439,0.031783094,1
warmup,5,5,pipelined_tree,0,4096,1048576,76.061900073,0.018569800,0.001118712,0.035634770,1
warmup,6,6,pipelined_tree,0,4096,1048576,76.360682889,0.018642745,0.001192049,0.031889614,1
warmup,7,7,pipelined_tree,0,4096,1048576,76.184424065,0.018599713,0.001145262,0.032043602,1
warmup,8,8,pipelined_tree,0,4096,1048576,76.305549844,0.018629285,0.001175749,0.031963152,1
warmup,9,9,pipelined_tree,0,4096,1048576,76.080830749,0.018574422,0.001145562,0.032012149,1
warmup,10,10,pipelined_tree,0,4096,1048576,76.265469974,0.018619500,0.001186288,0.032077807,1
warmup,11,11,pipelined_tree,0,4096,1048576,76.178008901,0.018598147,0.001138088,0.031852088,1
warmup,12,12,pipelined_tree,0,4096,1048576,76.078507030,0.018573854,0.001191628,0.031830794,1
warmup,13,13,pipelined_tree,0,4096,1048576,75.969483627,0.018547237,0.001117239,0.031790207,1
warmup,14,14,pipelined_tree,0,4096,1048576,76.313738844,0.018631284,0.001192670,0.031650485,1
warmup,15,15,pipelined_tree,0,4096,1048576,76.099176506,0.018578901,0.001154760,0.031661350,1
warmup,16,16,pipelined_tree,0,4096,1048576,76.314610456,0.018631497,0.001192200,0.031780980,1
warmup,17,17,pipelined_tree,0,4096,1048576,76.063546897,0.018570202,0.001132447,0.031642640,1
warmup,18,18,pipelined_tree,0,4096,1048576,76.342384012,0.018638277,0.001211375,0.031623815,1
warmup,19,19,pipelined_tree,0,4096,1048576,76.093282184,0.018577461,0.001148718,0.031594000,1
actual,0,20,pipelined_tree,0,4096,1048576,76.250613476,0.018615872,0.001197069,0.031496646,1
actual,1,21,pipelined_tree,0,4096,1048576,76.096896351,0.018578344,0.001140733,0.031685751,1
actual,2,22,pipelined_tree,0,4096,1048576,76.132342160,0.018586998,0.001193663,0.031602265,1
actual,3,23,pipelined_tree,0,4096,1048576,76.089885448,0.018576632,0.001106559,0.031392095,1
actual,4,24,pipelined_tree,0,4096,1048576,76.143049986,0.018589612,0.001196098,0.031567299,1
actual,5,25,pipelined_tree,0,4096,1048576,76.236504808,0.018612428,0.001149860,0.031510944,1
actual,6,26,pipelined_tree,0,4096,1048576,76.182403522,0.018599220,0.001193022,0.031627281,1
actual,7,27,pipelined_tree,0,4096,1048576,75.920943936,0.018535387,0.001143118,0.031480978,1
actual,8,28,pipelined_tree,0,4096,1048576,76.124152359,0.018584998,0.001199423,0.031431664,1
actual,9,29,pipelined_tree,0,4096,1048576,76.111765055,0.018581974,0.001142126,0.031567619,1
actual,10,30,pipelined_tree,0,4096,1048576,76.148496195,0.018590941,0.001205114,0.031661717,1
actual,11,31,pipelined_tree,0,4096,1048576,76.006541878,0.018556285,0.001144370,0.031788885,1
actual,12,32,pipelined_tree,0,4096,1048576,75.925084147,0.018536397,0.001205996,0.031520120,1
actual,13,33,pipelined_tree,0,4096,1048576,75.929628001,0.018537507,0.001137627,0.031779998,1
actual,14,34,pipelined_tree,0,4096,1048576,76.166564821,0.018595353,0.001195857,0.031442956,1
actual,15,35,pipelined_tree,0,4096,1048576,76.006539624,0.018556284,0.001138058,0.031656126,1
actual,16,36,pipelined_tree,0,4096,1048576,75.890324032,0.018527911,0.004488883,0.031440133,1
actual,17,37,pipelined_tree,0,4096,1048576,76.066934726,0.018571029,0.001137888,0.031794776,1
actual,18,38,pipelined_tree,0,4096,1048576,76.230305995,0.018610915,0.001193422,0.031495665,1
actual,19,39,pipelined_tree,0,4096,1048576,75.978253772,0.018549378,0.001146754,0.031756680,1
warmup,0,0,pipelined_tree,0,4096,1572864,117.848611339,0.028771634,0.003443499,0.047156541,1
warmup,1,1,pipelined_tree,0,4096,1572864,117.861818742,0.028774858,0.004363878,0.047194977,1
warmup,2,2,pipelined_tree,0,4096,1572864,118.155304372,0.028846510,0.005829692,0.047229878,1
warmup,3,3,pipelined_tree,0,4096,1572864,118.117543905,0.028837291,0.003884749,0.047229592,1
warmup,4,4,pipelined_tree,0,4096,1572864,118.000826102,0.028808795,0.005064525,0.047300564,1
warmup,5,5,pipelined_tree,0,4096,1572864,117.989848356,0.028806115,0.003291694,0.047737404,1
warmup,6,6,pipelined_tree,0,4096,1572864,117.883401028,0.028780127,0.003204220,0.047382137,1
warmup,7,7,pipelined_tree,0,4096,1572864,118.088203670,0.028830128,0.003467184,0.047324735,1
warmup,8,8,pipelined_tree,0,4096,1572864,118.237007026,0.028866457,0.004257088,0.047829046,1
warmup,9,9,pipelined_tree,0,4096,1572864,118.279715231,0.028876884,0.005343169,0.047181074,1
warmup,10,10,pipelined_tree,0,4096,1572864,118.025268640,0.028814763,0.005881029,0.047192652,1
warmup,11,11,pipelined_tree,0,4096,1572864,118.177995215,0.028852050,0.005406296,0.047413727,1
warmup,12,12,pipelined_tree,0,4096,1572864,118.133272959,0.028841131,0.004114279,0.047009903,1
warmup,13,13,pipelined_tree,0,4096,1572864,117.936273444,0.028793036,0.005967111,0.047047678,1
warmup,14,14,pipelined_tree,0,4096,1572864,118.152255085,0.028845765,0.005912578,0.047515748,1
warmup,15,15,pipelined_tree,0,4096,1572864,118.080751813,0.028828309,0.004150217,0.047263455,1
warmup,16,16,pipelined_tree,0,4096,1572864,117.945720855,0.028795342,0.003911929,0.047336427,1
warmup,17,17,pipelined_tree,0,4096,1572864,118.026677954,0.028815107,0.005462794,0.047265955,1
warmup,18,18,pipelined_tree,0,4096,1572864,118.017629172,0.028812898,0.005074524,0.047538324,1
warmup,19,19,pipelined_tree,0,4096,1572864,118.011803278,0.028811475,0.005663299,0.047038653,1
actual,0,20,pipelined_tree,0,4096,1572864,118.158953095,0.028847401,0.005329262,0.047499912,1
actual,1,21,pipelined_tree,0,4096,1572864,118.177341733,0.028851890,0.004341496,0.048476677,1
actual,2,22,pipelined_tree,0,4096,1572864,118.263838222,0.028873007,0.005974575,0.047177894,1
actual,3,23,pipelined_tree,0,4096,1572864,118.037195845,0.028817675,0.005340944,0.047189566,1
actual,4,24,pipelined_tree,0,4096,1572864,118.568162843,0.028947305,0.005817840,0.047324409,1
actual,5,25,pipelined_tree,0,4096,1572864,118.083333993,0.028828939,0.005378274,0.047033613,1
actual,6,26,pipelined_tree,0,4096,1572864,118.406315330,0.028907792,0.004373516,0.047132569,1
actual,7,27,pipelined_tree,0,4096,1572864,117.954159038,0.028797402,0.003298788,0.047060985,1
actual,8,28,pipelined_tree,0,4096,1572864,118.224295714,0.028863353,0.005402260,0.047250660,1
actual,9,29,pipelined_tree,0,4096,1572864,118.734573806,0.028987933,0.003075918,0.047400979,1
actual,10,30,pipelined_tree,0,4096,1572864,118.794423660,0.029002545,0.005370780,0.047241764,1
actual,11,31,pipelined_tree,0,4096,1572864,119.006638257,0.029054355,0.005243611,0.047459693,1
actual,12,32,pipelined_tree,0,4096,1572864,118.944576682,0.029039203,0.003562302,0.047927494,1
actual,13,33,pipelined_tree,0,4096,1572864,118.547106448,0.028942165,0.005733551,0.047036157,1
actual,14,34,pipelined_tree,0,4096,1572864,118.080526601,0.028828254,0.005655585,0.047254688,1
actual,15,35,pipelined_tree,0,4096,1572864,118.036220114,0.028817437,0.003642904,0.047404891,1
actual,16,36,pipelined_tree,0,4096,1572864,118.156440267,0.028846787,0.005079093,0.047170598,1
actual,17,37,pipelined_tree,0,4096,1572864,118.194373048,0.028856048,0.005640507,0.046982978,1
actual,18,38,pipelined_tree,0,4096,1572864,118.764192299,0.028995164,0.001752472,0.047572995,1
actual,19,39,pipelined_tree,0,4096,1572864,118.234932291,0.028865950,0.004489163,0.047402315,1
warmup,0,0,pipelined_tree,0,4096,2097152,161.693827676,0.039476032,0.004412450,0.067135960,1
warmup,1,1,pipelined_tree,0,4096,2097152,161.479625071,0.039423737,0.006216269,0.063254053,1
warmup,2,2,pipelined_tree,0,4096,2097152,161.121762856,0.039336368,0.004259042,0.063083743,1
warmup,3,3,pipelined_tree,0,4096,2097152,161.077428297,0.039325544,0.004176966,0.063115504,1
warmup,4,4,pipelined_tree,0,4096,2097152,161.693637448,0.039475986,0.005654644,0.063096776,1
warmup,5,5,pipelined_tree,0,4096,2097152,161.282327572,0.039375568,0.004241719,0.063232121,1
warmup,6,6,pipelined_tree,0,4096,2097152,161.364869837,0.039395720,0.006527814,0.063290932,1
warmup,7,7,pipelined_tree,0,4096,2097152,161.605634129,0.039454501,0.004502569,0.063777314,1
warmup,8,8,pipelined_tree,0,4096,2097152,161.612174862,0.039456097,0.005367463,0.063407460,1
warmup,9,9,pipelined_tree,0,4096,2097152,161.462394124,0.039419530,0.004340304,0.063977029,1
warmup,10,10,pipelined_tree,0,4096,2097152,161.651374929,0.039465668,0.004958124,0.063386677,1
warmup,11,11,pipelined_tree,0,4096,2097152,161.222894872,0.039361058,0.003980839,0.065476828,1
warmup,12,12,pipelined_tree,0,4096,2097152,161.270737237,0.039372739,0.004474256,0.063001118,1
warmup,13,13,pipelined_tree,0,4096,2097152,161.430317809,0.039411699,0.006557239,0.064167275,1
warmup,14,14,pipelined_tree,0,4096,2097152,161.342215322,0.039390189,0.006365339,0.063362626,1
warmup,15,15,pipelined_tree,0,4096,2097152,161.551415708,0.039441264,0.006506244,0.063323952,1
warmup,16,16,pipelined_tree,0,4096,2097152,161.495798812,0.039427685,0.006314593,0.065199246,1
warmup,17,17,pipelined_tree,0,4096,2097152,161.443835353,0.039414999,0.006545637,0.065020630,1
warmup,18,18,pipelined_tree,0,4096,2097152,161.256192250,0.039369188,0.005377613,0.063445559,1
warmup,19,19,pipelined_tree,0,4096,2097152,161.398995570,0.039404052,0.004295490,0.063360612,1
actual,0,20,pipelined_tree,0,4096,2097152,161.422337025,0.039409750,0.005842036,0.063472942,1
actual,1,21,pipelined_tree,0,4096,2097152,161.585210212,0.039449514,0.006062480,0.063686564,1
actual,2,22,pipelined_tree,0,4096,2097152,161.192537986,0.039353647,0.004180203,0.063518145,1
actual,3,23,pipelined_tree,0,4096,2097152,161.876626849,0.039520661,0.005000986,0.063798443,1
actual,4,24,pipelined_tree,0,4096,2097152,161.441908340,0.039414528,0.003937978,0.063830164,1
actual,5,25,pipelined_tree,0,4096,2097152,161.196455337,0.039354603,0.006802039,0.063991737,1
actual,6,26,pipelined_tree,0,4096,2097152,161.393051638,0.039402600,0.005200971,0.064357439,1
actual,7,27,pipelined_tree,0,4096,2097152,161.598093989,0.039452660,0.004142592,0.065403601,1
actual,8,28,pipelined_tree,0,4096,2097152,161.213894581,0.039358861,0.004029500,0.065724623,1
actual,9,29,pipelined_tree,0,4096,2097152,161.287627707,0.039376862,0.006590442,0.063431736,1
actual,10,30,pipelined_tree,0,4096,2097152,161.400591696,0.039404441,0.004923069,0.063368495,1
actual,11,31,pipelined_tree,0,4096,2097152,161.293992530,0.039378416,0.004745115,0.063802586,1
actual,12,32,pipelined_tree,0,4096,2097152,161.175696319,0.039349535,0.006271753,0.063770195,1
actual,13,33,pipelined_tree,0,4096,2097152,161.166199591,0.039347217,0.006158800,0.063692981,1
actual,14,34,pipelined_tree,0,4096,2097152,161.422852227,0.039409876,0.005710579,0.063716860,1
actual,15,35,pipelined_tree,0,4096,2097152,161.209826812,0.039357868,0.004190443,0.063748891,1
actual,16,36,pipelined_tree,0,4096,2097152,161.292515488,0.039378056,0.005935841,0.063756179,1
actual,17,37,pipelined_tree,0,4096,2097152,161.411301932,0.039407056,0.006147230,0.063741401,1
actual,18,38,pipelined_tree,0,4096,2097152,161.421388761,0.039409519,0.004595153,0.063618152,1
actual,19,39,pipelined_tree,0,4096,2097152,161.240740771,0.039365415,0.006559574,0.063509649,1
warmup,0,0,pipelined_tree,0,4096,3145728,250.002791193,0.061035838,0.007788312,0.097152493,1
warmup,1,1,pipelined_tree,0,4096,3145728,249.861967451,0.061001457,0.007944375,0.096533437,1
warmup,2,2,pipelined_tree,0,4096,3145728,249.966622125,0.061027007,0.007488168,0.096773435,1
warmup,3,3,pipelined_tree,0,4096,3145728,249.728570517,0.060968889,0.007807628,0.097274211,1
warmup,4,4,pipelined_tree,0,4096,3145728,249.795672165,0.060985272,0.008005400,0.097110996,1
warmup,5,5,pipelined_tree,0,4096,3145728,249.668962659,0.060954337,0.007833377,0.096918676,1
warmup,6,6,pipelined_tree,0,4096,3145728,249.782244195,0.060981993,0.007495221,0.097187709,1
warmup,7,7,pipelined_tree,0,4096,3145728,249.674794895,0.060955760,0.008077325,0.102426126,1
warmup,8,8,pipelined_tree,0,4096,3145728,249.783737577,0.060982358,0.008094618,0.096777494,1
warmup,9,9,pipelined_tree,0,4096,3145728,249.697008087,0.060961184,0.007949936,0.096748679,1
warmup,10,10,pipelined_tree,0,4096,3145728,249.991298089,0.061033032,0.007900483,0.096970594,1
warmup,11,11,pipelined_tree,0,4096,3145728,249.826016256,0.060992680,0.007990522,0.097196155,1
warmup,12,12,pipelined_tree,0,4096,3145728,249.891602944,0.061008692,0.007768996,0.097106618,1
warmup,13,13,pipelined_tree,0,4096,3145728,249.794398674,0.060984961,0.007305876,0.097050362,1
warmup,14,14,pipelined_tree,0,4096,3145728,249.744325093,0.060972736,0.007879954,0.097059756,1
warmup,15,15,pipelined_tree,0,4096,3145728,249.788513181,0.060983524,0.007986124,0.096696943,1
warmup,16,16,pipelined_tree,0,4096,3145728,250.108333032,0.061061605,0.007675960,0.096806808,1
warmup,17,17,pipelined_tree,0,4096,3145728,250.283056341,0.061104262,0.007736926,0.096787091,1
warmup,18,18,pipelined_tree,0,4096,3145728,249.324890983,0.060870335,0.007369395,0.097902653,1
warmup,19,19,pipelined_tree,0,4096,3145728,249.681046061,0.060957287,0.008069871,0.096700319,1
actual,0,20,pipelined_tree,0,4096,3145728,249.617376948,0.060941742,0.007806176,0.096741446,1
actual,1,21,pipelined_tree,0,4096,3145728,249.698470322,0.060961541,0.008084028,0.096873152,1
actual,2,22,pipelined_tree,0,4096,3145728,249.289223401,0.060861627,0.008065793,0.097614055,1
actual,3,23,pipelined_tree,0,4096,3145728,249.628063619,0.060944351,0.007890114,0.097254414,1
actual,4,24,pipelined_tree,0,4096,3145728,249.675929300,0.060956037,0.007366469,0.096968939,1
actual,5,25,pipelined_tree,0,4096,3145728,249.488507001,0.060910280,0.007509468,0.096987463,1
actual,6,26,pipelined_tree,0,4096,3145728,249.462194300,0.060903856,0.007267444,0.096162768,1
actual,7,27,pipelined_tree,0,4096,3145728,249.168012343,0.060832034,0.007922484,0.096444155,1
actual,8,28,pipelined_tree,0,4096,3145728,249.269986554,0.060856930,0.007901635,0.096728217,1
actual,9,29,pipelined_tree,0,4096,3145728,249.249053852,0.060851820,0.008126357,0.096308551,1
actual,10,30,pipelined_tree,0,4096,3145728,249.308039583,0.060866221,0.007381086,0.096726654,1
actual,11,31,pipelined_tree,0,4096,3145728,250.047522056,0.061046758,0.007265560,0.096369415,1
actual,12,32,pipelined_tree,0,4096,3145728,249.825061430,0.060992447,0.006693916,0.096495652,1
actual,13,33,pipelined_tree,0,4096,3145728,249.917908672,0.061015114,0.007429147,0.097297244,1
actual,14,34,pipelined_tree,0,4096,3145728,250.055901640,0.061048804,0.006567711,0.097325777,1
actual,15,35,pipelined_tree,0,4096,3145728,249.775983971,0.060980465,0.006462874,0.096887375,1
actual,16,36,pipelined_tree,0,4096,3145728,249.709614277,0.060964261,0.007383235,0.096889679,1
actual,17,37,pipelined_tree,0,4096,3145728,249.863007636,0.061001711,0.006466701,0.096494058,1
actual,18,38,pipelined_tree,0,4096,3145728,249.742242552,0.060972227,0.006101785,0.096933532,1
actual,19,39,pipelined_tree,0,4096,3145728,249.482059390,0.060908706,0.006556400,0.096283464,1
warmup,0,0,pipelined_tree,0,4096,4194304,339.633661921,0.082918374,0.009327892,0.131972254,1
warmup,1,1,pipelined_tree,0,4096,4194304,339.277917740,0.082831523,0.008754935,0.131666792,1
warmup,2,2,pipelined_tree,0,4096,4194304,339.525648827,0.082892004,0.008936175,0.131010984,1
warmup,3,3,pipelined_tree,0,4096,4194304,339.267943548,0.082829088,0.009197747,0.131105791,1
warmup,4,4,pipelined_tree,0,4096,4194304,339.319649980,0.082841711,0.008641401,0.131374625,1
warmup,5,5,pipelined_tree,0,4096,4194304,339.214690035,0.082816086,0.008813836,0.131290788,1
warmup,6,6,pipelined_tree,0,4096,4194304,339.151500585,0.082800659,0.008608499,0.132283617,1
warmup,7,7,pipelined_tree,0,4096,4194304,339.154089315,0.082801291,0.009132205,0.131421312,1
warmup,8,8,pipelined_tree,0,4096,4194304,338.901050100,0.082739514,0.008644377,0.131176093,1
warmup,9,9,pipelined_tree,0,4096,4194304,339.064509969,0.082779421,0.009235027,0.131070155,1
warmup,10,10,pipelined_tree,0,4096,4194304,338.619938909,0.082670884,0.009061130,0.131504758,1
warmup,11,11,pipelined_tree,0,4096,4194304,339.034297997,0.082772045,0.008939051,0.130396372,1
warmup,12,12,pipelined_tree,0,4096,4194304,338.998008685,0.082763186,0.009120893,0.131503205,1
warmup,13,13,pipelined_tree,0,4096,4194304,339.019774484,0.082768500,0.008892854,0.131337084,1
warmup,14,14,pipelined_tree,0,4096,4194304,339.018123294,0.082768097,0.008879970,0.130505267,1
warmup,15,15,pipelined_tree,0,4096,4194304,338.825210323,0.082720999,0.008994816,0.130791903,1
warmup,16,16,pipelined_tree,0,4096,4194304,338.923957405,0.082745107,0.008732432,0.130008816,1
warmup,17,17,pipelined_tree,0,4096,4194304,338.988030238,0.082760750,0.008994304,0.130528660,1
warmup,18,18,pipelined_tree,0,4096,4194304,339.154631133,0.082801424,0.008961733,0.131147079,1
warmup,19,19,pipelined_tree,0,4096,4194304,338.757632119,0.082704500,0.008909616,0.130462937,1
actual,0,20,pipelined_tree,0,4096,4194304,338.694044196,0.082688976,0.008919453,0.131415812,1
actual,1,21,pipelined_tree,0,4096,4194304,339.110635388,0.082790682,0.009301423,0.130497261,1
actual,2,22,pipelined_tree,0,4096,4194304,339.372353066,0.082854578,0.008570067,0.130437580,1
actual,3,23,pipelined_tree,0,4096,4194304,339.512011436,0.082888675,0.009227563,0.131722407,1
actual,4,24,pipelined_tree,0,4096,4194304,339.729605797,0.082941798,0.008918712,0.131228280,1
actual,5,25,pipelined_tree,0,4096,4194304,339.939498854,0.082993042,0.009298006,0.131552718,1
actual,6,26,pipelined_tree,0,4096,4194304,339.206099143,0.082813989,0.008679953,0.131518234,1
actual,7,27,pipelined_tree,0,4096,4194304,339.684669007,0.082930827,0.009065358,0.131128765,1
actual,8,28,pipelined_tree,0,4096,4194304,339.505480217,0.082887080,0.009344974,0.131215656,1
actual,9,29,pipelined_tree,0,4096,4194304,339.635490229,0.082918821,0.008898434,0.131392037,1
actual,10,30,pipelined_tree,0,4096,4194304,339.370949095,0.082854236,0.008939392,0.132112787,1
actual,11,31,pipelined_tree,0,4096,4194304,339.200506376,0.082812624,0.009074005,0.130817582,1
actual,12,32,pipelined_tree,0,4096,4194304,339.448404308,0.082873146,0.008775283,0.132380628,1
actual,13,33,pipelined_tree,0,4096,4194304,339.148353491,0.082799891,0.008824566,0.131619374,1
actual,14,34,pipelined_tree,0,4096,4194304,339.038288163,0.082773020,0.008844503,0.130978453,1
actual,15,35,pipelined_tree,0,4096,4194304,338.955348855,0.082752771,0.008871834,0.130833441,1
actual,16,36,pipelined_tree,0,4096,4194304,339.219799407,0.082817334,0.008955933,0.132630778,1
actual,17,37,pipelined_tree,0,4096,4194304,338.694926848,0.082689191,0.009292936,0.131665169,1
actual,18,38,pipelined_tree,0,4096,4194304,339.090130790,0.082785676,0.008824725,0.132358487,1
actual,19,39,pipelined_tree,0,4096,4194304,339.758328769,0.082948811,0.008590556,0.131482547,1
warmup,0,0,pipelined_tree,0,4096,6291456,519.066987448,0.126725339,0.012898617,0.202216922,1
warmup,1,1,pipelined_tree,0,4096,6291456,529.168482344,0.129191524,0.013426580,0.210594467,1
warmup,2,2,pipelined_tree,0,4096,6291456,531.820983863,0.129839107,0.012136063,0.212939908,1
warmup,3,3,pipelined_tree,0,4096,6291456,531.106254534,0.129664613,0.011747042,0.219466313,1
warmup,4,4,pipelined_tree,0,4096,6291456,520.923379002,0.127178559,0.011677301,0.200871327,1
warmup,5,5,pipelined_tree,0,4096,6291456,520.403083219,0.127051534,0.011761949,0.204814663,1
warmup,6,6,pipelined_tree,0,4096,6291456,520.228450348,0.127008899,0.011673824,0.199911314,1
warmup,7,7,pipelined_tree,0,4096,6291456,519.558820994,0.126845415,0.011840166,0.200296314,1
warmup,8,8,pipelined_tree,0,4096,6291456,520.045876549,0.126964325,0.011960172,0.200633185,1
warmup,9,9,pipelined_tree,0,4096,6291456,519.772936305,0.126897690,0.011723236,0.200032390,1
warmup,10,10,pipelined_tree,0,4096,6291456,519.504778083,0.126832221,0.011707788,0.200853588,1
warmup,11,11,pipelined_tree,0,4096,6291456,519.711938379,0.126882797,0.011927361,0.200919501,1
warmup,12,12,pipelined_tree,0,4096,6291456,518.961695228,0.126699633,0.012092851,0.200869899,1
warmup,13,13,pipelined_tree,0,4096,6291456,519.236843869,0.126766808,0.011956576,0.201735199,1
warmup,14,14,pipelined_tree,0,4096,6291456,519.879509316,0.126923708,0.011601138,0.200793636,1
warmup,15,15,pipelined_tree,0,4096,6291456,520.099252658,0.126977357,0.011813136,0.198708110,1
warmup,16,16,pipelined_tree,0,4096,6291456,520.901932864,0.127173323,0.011838574,0.197855774,1
warmup,17,17,pipelined_tree,0,4096,6291456,520.365492188,0.127042356,0.011270676,0.197943127,1
warmup,18,18,pipelined_tree,0,4096,6291456,520.070706919,0.126970387,0.011681729,0.198633922,1
warmup,19,19,pipelined_tree,0,4096,6291456,520.662087208,0.127114767,0.012103452,0.198540486,1
actual,0,20,pipelined_tree,0,4096,6291456,519.007762272,0.126710879,0.012046344,0.200264745,1
actual,1,21,pipelined_tree,0,4096,6291456,520.822280660,0.127153877,0.011848492,0.201199807,1
actual,2,22,pipelined_tree,0,4096,6291456,519.618712686,0.126860037,0.011534943,0.200325699,1
actual,3,23,pipelined_tree,0,4096,6291456,520.904775187,0.127174017,0.011570630,0.201192754,1
actual,4,24,pipelined_tree,0,4096,6291456,520.066302887,0.126969312,0.011615284,0.198712679,1
actual,5,25,pipelined_tree,0,4096,6291456,520.495422033,0.127074078,0.011319588,0.200598591,1
actual,6,26,pipelined_tree,0,4096,6291456,518.782734366,0.126655941,0.012190796,0.200406211,1
actual,7,27,pipelined_tree,0,4096,6291456,519.642272454,0.126865789,0.011837050,0.199180234,1
actual,8,28,pipelined_tree,0,4096,6291456,519.270270258,0.126774968,0.011909387,0.199349742,1
actual,9,29,pipelined_tree,0,4096,6291456,519.397783722,0.126806100,0.011542988,0.199651997,1
actual,10,30,pipelined_tree,0,4096,6291456,519.271020969,0.126775152,0.012021167,0.199704546,1
actual,11,31,pipelined_tree,0,4096,6291456,519.132308058,0.126741286,0.011684765,0.201797436,1
actual,12,32,pipelined_tree,0,4096,6291456,518.900287731,0.126684641,0.011719870,0.200097091,1
actual,13,33,pipelined_tree,0,4096,6291456,519.018923368,0.126713604,0.011268421,0.200043472,1
actual,14,34,pipelined_tree,0,4096,6291456,519.746009984,0.126891116,0.011655750,0.199680341,1
actual,15,35,pipelined_tree,0,4096,6291456,519.471188508,0.126824021,0.011941186,0.203182360,1
actual,16,36,pipelined_tree,0,4096,6291456,519.570977671,0.126848383,0.011585317,0.200769631,1
actual,17,37,pipelined_tree,0,4096,6291456,519.797423593,0.126903668,0.011698190,0.201494208,1
actual,18,38,pipelined_tree,0,4096,6291456,519.956757409,0.126942568,0.011851378,0.202096396,1
actual,19,39,pipelined_tree,0,4096,6291456,519.066950700,0.126725330,0.011615294,0.199193328,1
warmup,0,0,pipelined_tree,0,4096,8388608,700.424206546,0.171002004,0.015067677,0.273289250,1
warmup,1,1,pipelined_tree,0,4096,8388608,701.151884515,0.171179659,0.015307577,0.274012724,1
warmup,2,2,pipelined_tree,0,4096,8388608,701.499295453,0.171264476,0.014935017,0.272699435,1
warmup,3,3,pipelined_tree,0,4096,8388608,701.111774591,0.171169867,0.015158286,0.272515380,1
warmup,4,4,pipelined_tree,0,4096,8388608,700.455633191,0.171009676,0.015107040,0.271959289,1
warmup,5,5,pipelined_tree,0,4096,8388608,700.868974100,0.171110589,0.015127558,0.272476698,1
warmup,6,6,pipelined_tree,0,4096,8388608,700.457270657,0.171010076,0.014857230,0.271003989,1
warmup,7,7,pipelined_tree,0,4096,8388608,701.179775902,0.171186469,0.014955856,0.274034215,1
warmup,8,8,pipelined_tree,0,4096,8388608,701.695684592,0.171312423,0.014629172,0.272213845,1
warmup,9,9,pipelined_tree,0,4096,8388608,701.721818670,0.171318803,0.014855537,0.268858542,1
warmup,10,10,pipelined_tree,0,4096,8388608,701.279740570,0.171210874,0.014816554,0.269091528,1
warmup,11,11,pipelined_tree,0,4096,8388608,701.436876178,0.171249237,0.015048680,0.271495069,1
warmup,12,12,pipelined_tree,0,4096,8388608,702.598275111,0.171532782,0.015289894,0.270899254,1
warmup,13,13,pipelined_tree,0,4096,8388608,701.613534941,0.171292367,0.015238036,0.273124551,1
warmup,14,14,pipelined_tree,0,4096,8388608,702.357742288,0.171474058,0.015273103,0.272902656,1
warmup,15,15,pipelined_tree,0,4096,8388608,702.320815093,0.171465043,0.015405211,0.272523565,1
warmup,16,16,pipelined_tree,0,4096,8388608,701.592817250,0.171287309,0.014728819,0.272868451,1
warmup,17,17,pipelined_tree,0,4096,8388608,700.854145543,0.171106969,0.015112471,0.272313863,1
warmup,18,18,pipelined_tree,0,4096,8388608,700.873874287,0.171111786,0.015383351,0.272991522,1
warmup,19,19,pipelined_tree,0,4096,8388608,701.293675096,0.171214276,0.014974911,0.272463202,1
actual,0,20,pipelined_tree,0,4096,8388608,702.235029597,0.171444099,0.015083766,0.272622040,1
actual,1,21,pipelined_tree,0,4096,8388608,702.747481665,0.171569209,0.014730742,0.272953441,1
actual,2,22,pipelined_tree,0,4096,8388608,702.581564911,0.171528702,0.014622479,0.272617230,1
actual,3,23,pipelined_tree,0,4096,8388608,701.217863349,0.171195767,0.015038381,0.271341651,1
actual,4,24,pipelined_tree,0,4096,8388608,702.439354426,0.171493983,0.015012552,0.272672455,1
actual,5,25,pipelined_tree,0,4096,8388608,701.063513043,0.171158084,0.014487185,0.273463906,1
actual,6,26,pipelined_tree,0,4096,8388608,700.696336713,0.171068442,0.014757563,0.271435688,1
actual,7,27,pipelined_tree,0,4096,8388608,700.274360252,0.170965420,0.015104215,0.271174784,1
actual,8,28,pipelined_tree,0,4096,8388608,704.033597560,0.171883203,0.014958911,0.272686458,1
actual,9,29,pipelined_tree,0,4096,8388608,701.203917924,0.171192363,0.015178886,0.272293193,1
actual,10,30,pipelined_tree,0,4096,8388608,701.113280228,0.171170234,0.014886055,0.273102785,1
actual,11,31,pipelined_tree,0,4096,8388608,700.121471931,0.170928094,0.014836301,0.272201962,1
actual,12,32,pipelined_tree,0,4096,8388608,699.927781646,0.170880806,0.015015468,0.271869412,1
actual,13,33,pipelined_tree,0,4096,8388608,700.484844101,0.171016808,0.015002574,0.272610025,1
actual,14,34,pipelined_tree,0,4096,8388608,700.327069020,0.170978288,0.014924617,0.273510417,1
actual,15,35,pipelined_tree,0,4096,8388608,702.015643334,0.171390538,0.015065402,0.272331485,1
actual,16,36,pipelined_tree,0,4096,8388608,700.145063956,0.170933854,0.015064481,0.271115373,1
actual,17,37,pipelined_tree,0,4096,8388608,700.833785760,0.171101998,0.015369565,0.272742802,1
actual,18,38,pipelined_tree,0,4096,8388608,702.378114213,0.171479032,0.014115846,0.272312629,1
actual,19,39,pipelined_tree,0,4096,8388608,698.889097664,0.170627221,0.015346621,0.271470928,1
warmup,0,0,pipelined_tree,0,4096,12582912,1062.671886015,0.259441378,0.023201502,0.416698577,1
warmup,1,1,pipelined_tree,0,4096,12582912,1063.326157421,0.259601113,0.022270592,0.416836466,1
warmup,2,2,pipelined_tree,0,4096,12582912,1062.252347847,0.259338952,0.022016995,0.417280976,1
warmup,3,3,pipelined_tree,0,4096,12582912,1065.202274781,0.260059149,0.022135729,0.415189791,1
warmup,4,4,pipelined_tree,0,4096,12582912,1063.249656621,0.259582436,0.022264370,0.417055144,1
warmup,5,5,pipelined_tree,0,4096,12582912,1063.716763151,0.259696475,0.022940842,0.414112549,1
warmup,6,6,pipelined_tree,0,4096,12582912,1062.934307427,0.259505446,0.022078701,0.415568588,1
warmup,7,7,pipelined_tree,0,4096,12582912,1062.480310700,0.259394607,0.022797292,0.413564495,1
warmup,8,8,pipelined_tree,0,4096,12582912,1061.605319442,0.259180986,0.022601815,0.411393201,1
warmup,9,9,pipelined_tree,0,4096,12582912,1063.193978455,0.259568842,0.022635618,0.413456333,1
warmup,10,10,pipelined_tree,0,4096,12582912,1061.617560566,0.259183975,0.022510889,0.416935199,1
warmup,11,11,pipelined_tree,0,4096,12582912,1064.551244832,0.259900206,0.036971188,0.414915287,1
warmup,12,12,pipelined_tree,0,4096,12582912,1066.641269126,0.260410466,0.036673830,0.470495230,1
warmup,13,13,pipelined_tree,0,4096,12582912,1066.102083909,0.260278829,0.023301734,0.428045799,1
warmup,14,14,pipelined_tree,0,4096,12582912,1060.994539874,0.259031870,0.023029041,0.412910673,1
warmup,15,15,pipelined_tree,0,4096,12582912,1063.544793194,0.259654491,0.022012150,0.416966118,1
warmup,16,16,pipelined_tree,0,4096,12582912,1062.159370848,0.259316253,0.022087202,0.418535718,1
warmup,17,17,pipelined_tree,0,4096,12582912,1061.411804376,0.259133741,0.022647114,0.415707347,1
warmup,18,18,pipelined_tree,0,4096,12582912,1062.172655385,0.259319496,0.022192980,0.414460769,1
warmup,19,19,pipelined_tree,0,4096,12582912,1061.339084064,0.259115987,0.022888909,0.413996832,1
actual,0,20,pipelined_tree,0,4096,12582912,1061.897479836,0.259252314,0.022733065,0.414130061,1
actual,1,21,pipelined_tree,0,4096,12582912,1063.222288275,0.259575754,0.022849915,0.413198762,1
actual,2,22,pipelined_tree,0,4096,12582912,1062.014808454,0.259280959,0.022926269,0.412503935,1
actual,3,23,pipelined_tree,0,4096,12582912,1062.509511500,0.259401736,0.022820429,0.413620390,1
actual,4,24,pipelined_tree,0,4096,12582912,1062.807893061,0.259474583,0.022443141,0.416990623,1
actual,5,25,pipelined_tree,0,4096,12582912,1062.748037559,0.259459970,0.022906120,0.418941106,1
actual,6,26,pipelined_tree,0,4096,12582912,1062.256153968,0.259339881,0.022120154,0.428603991,1
actual,7,27,pipelined_tree,0,4096,12582912,1061.416919458,0.259134990,0.022378278,0.434871054,1
actual,8,28,pipelined_tree,0,4096,12582912,1061.229906631,0.259089333,0.022425317,0.421919147,1
actual,9,29,pipelined_tree,0,4096,12582912,1060.396266241,0.258885807,0.023073986,0.419437162,1
actual,10,30,pipelined_tree,0,4096,12582912,1061.909209657,0.259255178,0.022129581,0.420237968,1
actual,11,31,pipelined_tree,0,4096,12582912,1063.065377431,0.259537446,0.022799590,0.418338851,1
actual,12,32,pipelined_tree,0,4096,12582912,1063.383853619,0.259615199,0.022142436,0.417259907,1
actual,13,33,pipelined_tree,0,4096,12582912,1063.165228196,0.259561823,0.022496741,0.419441079,1
actual,14,34,pipelined_tree,0,4096,12582912,1062.607261466,0.259425601,0.022027610,0.417668279,1
actual,15,35,pipelined_tree,0,4096,12582912,1062.194067357,0.259324723,0.022044832,0.419999572,1
actual,16,36,pipelined_tree,0,4096,12582912,1062.554609537,0.259412746,0.021694784,0.414093462,1
actual,17,37,pipelined_tree,0,4096,12582912,1064.360945629,0.259853746,0.022833895,0.418884881,1
actual,18,38,pipelined_tree,0,4096,12582912,1063.686960271,0.259689199,0.022028902,0.419563258,1
actual,19,39,pipelined_tree,0,4096,12582912,1063.983527707,0.259761603,0.023216634,0.419691006,1
warmup,0,0,pipelined_tree,0,4096,16777216,1429.188071264,0.348922869,0.031413125,0.557534688,1
warmup,1,1,pipelined_tree,0,4096,16777216,1429.140820834,0.348911333,0.030920971,0.559677509,1
warmup,2,2,pipelined_tree,0,4096,16777216,1425.194382823,0.347947847,0.030723659,0.565563190,1
warmup,3,3,pipelined_tree,0,4096,16777216,1427.942551478,0.348618787,0.030943262,0.565184033,1
warmup,4,4,pipelined_tree,0,4096,16777216,1426.663397149,0.348306493,0.031223439,0.563169900,1
warmup,5,5,pipelined_tree,0,4096,16777216,1426.962157703,0.348379433,0.030472277,0.563546995,1
warmup,6,6,pipelined_tree,0,4096,16777216,1425.255943723,0.347962877,0.030508836,0.560134032,1
warmup,7,7,pipelined_tree,0,4096,16777216,1424.081805875,0.347676222,0.029911193,0.561575761,1
warmup,8,8,pipelined_tree,0,4096,16777216,1426.370619974,0.348235015,0.029944074,0.561109022,1
warmup,9,9,pipelined_tree,0,4096,16777216,1425.387019936,0.347994878,0.030682983,0.556614138,1
warmup,10,10,pipelined_tree,0,4096,16777216,1427.772247204,0.348577209,0.031691909,0.559116011,1
warmup,11,11,pipelined_tree,0,4096,16777216,1427.278818206,0.348456743,0.031204613,0.562781856,1
warmup,12,12,pipelined_tree,0,4096,16777216,1426.397595393,0.348241600,0.030894401,0.564047340,1
warmup,13,13,pipelined_tree,0,4096,16777216,1430.463770101,0.349234319,0.030313679,0.561618654,1
warmup,14,14,pipelined_tree,0,4096,16777216,1431.922132762,0.349590364,0.030302358,0.560367487,1
warmup,15,15,pipelined_tree,0,4096,16777216,1428.561694411,0.348769945,0.030931861,0.561033832,1
warmup,16,16,pipelined_tree,0,4096,16777216,1426.930523223,0.348371710,0.030517603,0.562365769,1
warmup,17,17,pipelined_tree,0,4096,16777216,1426.156688628,0.348182785,0.030677482,0.561896933,1
warmup,18,18,pipelined_tree,0,4096,16777216,1428.467282966,0.348746895,0.030951899,0.560064892,1
warmup,19,19,pipelined_tree,0,4096,16777216,1427.103840532,0.348414024,0.031057476,0.561189793,1
actual,0,20,pipelined_tree,0,4096,16777216,1426.187863189,0.348190396,0.031655070,0.558865552,1
actual,1,21,pipelined_tree,0,4096,16777216,1425.858710750,0.348110037,0.030555674,0.563680755,1
actual,2,22,pipelined_tree,0,4096,16777216,1423.866775540,0.347623724,0.030202821,0.563894033,1
actual,3,23,pipelined_tree,0,4096,16777216,1426.748920957,0.348327373,0.030843505,0.554284793,1
actual,4,24,pipelined_tree,0,4096,16777216,1427.345034658,0.348472909,0.030319400,0.561690709,1
actual,5,25,pipelined_tree,0,4096,16777216,1428.539810116,0.348764602,0.030996232,0.561037399,1
actual,6,26,pipelined_tree,0,4096,16777216,1428.022996304,0.348638427,0.030231715,0.561104874,1
actual,7,27,pipelined_tree,0,4096,16777216,1426.018729402,0.348149104,0.031343654,0.558409410,1
actual,8,28,pipelined_tree,0,4096,16777216,1424.641254645,0.347812806,0.030827224,0.562716384,1
actual,9,29,pipelined_tree,0,4096,16777216,1425.536781952,0.348031441,0.030748917,0.562282243,1
actual,10,30,pipelined_tree,0,4096,16777216,1425.141904922,0.347935035,0.031597652,0.559851133,1
actual,11,31,pipelined_tree,0,4096,16777216,1427.350488269,0.348474240,0.029950697,0.560561009,1
actual,12,32,pipelined_tree,0,4096,16777216,1426.289573919,0.348215228,0.030375445,0.559349871,1
actual,13,33,pipelined_tree,0,4096,16777216,1426.783008004,0.348335695,0.031207539,0.559192486,1
actual,14,34,pipelined_tree,0,4096,16777216,1425.468480216,0.348014766,0.030081794,0.561032837,1
actual,15,35,pipelined_tree,0,4096,16777216,1425.936711881,0.348129080,0.031377182,0.562214285,1
actual,16,36,pipelined_tree,0,4096,16777216,1425.561540163,0.348037485,0.031641619,0.561076037,1
actual,17,37,pipelined_tree,0,4096,16777216,1427.369937838,0.348478989,0.031838078,0.560031815,1
actual,18,38,pipelined_tree,0,4096,16777216,1424.957723450,0.347890069,0.030580164,0.563538160,1
actual,19,39,pipelined_tree,0,4096,16777216,1426.803963848,0.348340811,0.031083349,0.557875404,1
warmup,0,0,pipelined_tree,0,4096,25165824,2172.211353814,0.530325038,0.052552259,0.835366475,1
warmup,1,1,pipelined_tree,0,4096,25165824,2154.669421280,0.526042339,0.047280671,0.826284943,1
warmup,2,2,pipelined_tree,0,4096,25165824,2155.550385496,0.526257418,0.048730827,0.831464505,1
warmup,3,3,pipelined_tree,0,4096,25165824,2160.275501044,0.527411011,0.047742630,0.830351861,1
warmup,4,4,pipelined_tree,0,4096,25165824,2156.594404548,0.526512306,0.047191464,0.839569518,1
warmup,5,5,pipelined_tree,0,4096,25165824,2159.634519323,0.527254521,0.047196383,0.836033468,1
warmup,6,6,pipelined_tree,0,4096,25165824,2158.131226063,0.526887506,0.048160294,0.826192901,1
warmup,7,7,pipelined_tree,0,4096,25165824,2158.891384199,0.527073092,0.047448938,0.827738556,1
warmup,8,8,pipelined_tree,0,4096,25165824,2156.672747509,0.526531432,0.046409303,0.838688237,1
warmup,9,9,pipelined_tree,0,4096,25165824,2157.437674181,0.526718182,0.047623124,0.835988419,1
warmup,10,10,pipelined_tree,0,4096,25165824,2162.569366229,0.527971037,0.047304466,0.832582890,1
warmup,11,11,pipelined_tree,0,4096,25165824,2160.893952486,0.527562000,0.047814895,0.828522643,1
warmup,12,12,pipelined_tree,0,4096,25165824,2157.527815609,0.526740189,0.047695311,0.820712795,1
warmup,13,13,pipelined_tree,0,4096,25165824,2154.495336269,0.525999838,0.047696653,0.837176706,1
warmup,14,14,pipelined_tree,0,4096,25165824,2157.352413978,0.526697367,0.048108968,0.831951467,1
warmup,15,15,pipelined_tree,0,4096,25165824,2158.377762457,0.526947696,0.047336446,0.820860813,1
warmup,16,16,pipelined_tree,0,4096,25165824,2154.733453079,0.526057972,0.048414983,0.829927687,1
warmup,17,17,pipelined_tree,0,4096,25165824,2158.566453251,0.526993763,0.048090824,0.831917744,1
warmup,18,18,pipelined_tree,0,4096,25165824,2154.070307242,0.525896071,0.048052742,0.826221053,1
warmup,19,19,pipelined_tree,0,4096,25165824,2153.967090182,0.525870872,0.046978413,0.820466503,1
actual,0,20,pipelined_tree,0,4096,25165824,2153.183684670,0.525679611,0.047671997,0.823142607,1
actual,1,21,pipelined_tree,0,4096,25165824,2156.641869126,0.526523894,0.048194639,0.823360665,1
actual,2,22,pipelined_tree,0,4096,25165824,2157.008726864,0.526613459,0.048660064,0.825273528,1
actual,3,23,pipelined_tree,0,4096,25165824,2155.604396061,0.526270605,0.047585715,0.825521118,1
actual,4,24,pipelined_tree,0,4096,25165824,2156.317591733,0.526444725,0.047001566,0.820119183,1
actual,5,25,pipelined_tree,0,4096,25165824,2157.744212325,0.526793021,0.047322119,0.833081695,1
actual,6,26,pipelined_tree,0,4096,25165824,2158.784492867,0.527046995,0.046422859,0.833166895,1
actual,7,27,pipelined_tree,0,4096,25165824,2157.892937155,0.526829330,0.047895236,0.829746487,1
actual,8,28,pipelined_tree,0,4096,25165824,2156.956734425,0.526600765,0.047481739,0.835512899,1
actual,9,29,pipelined_tree,0,4096,25165824,2156.205427213,0.526417341,0.046712353,0.832468646,1
actual,10,30,pipelined_tree,0,4096,25165824,2157.070756639,0.526628603,0.047442616,0.834780231,1
actual,11,31,pipelined_tree,0,4096,25165824,2157.591023918,0.526755621,0.047460610,0.830806012,1
actual,12,32,pipelined_tree,0,4096,25165824,2154.458812038,0.525990921,0.049590973,0.839134901,1
actual,13,33,pipelined_tree,0,4096,25165824,2156.154638039,0.526404941,0.046877463,0.834420358,1
actual,14,34,pipelined_tree,0,4096,25165824,2154.103106039,0.525904079,0.048627913,0.832480592,1
actual,15,35,pipelined_tree,0,4096,25165824,2158.572543113,0.526995250,0.047031613,0.830735840,1
actual,16,36,pipelined_tree,0,4096,25165824,2155.989971725,0.526364739,0.047275020,0.845943209,1
actual,17,37,pipelined_tree,0,4096,25165824,2157.384055341,0.526705092,0.046587759,0.840697412,1
actual,18,38,pipelined_tree,0,4096,25165824,2152.746968875,0.525572990,0.047456661,0.830692494,1
actual,19,39,pipelined_tree,0,4096,25165824,2156.362997784,0.526455810,0.047795449,0.825267726,1
warmup,0,0,pipelined_tree,0,4096,33554432,2896.300996033,0.707104735,0.062931015,1.105885667,1
warmup,1,1,pipelined_tree,0,4096,33554432,2896.917608245,0.707255275,0.064637242,1.099236652,1
warmup,2,2,pipelined_tree,0,4096,33554432,2900.339041837,0.708090586,0.065921145,1.109920415,1
warmup,3,3,pipelined_tree,0,4096,33554432,2899.035380826,0.707772310,0.063886581,1.094094430,1
warmup,4,4,pipelined_tree,0,4096,33554432,2893.444900122,0.706407446,0.062000697,1.081292365,1
warmup,5,5,pipelined_tree,0,4096,33554432,2900.265323006,0.708072589,0.061971882,1.099721248,1
warmup,6,6,pipelined_tree,0,4096,33554432,2886.983541685,0.704829966,0.065236367,1.103646553,1
warmup,7,7,pipelined_tree,0,4096,33554432,2891.331331049,0.705891438,0.066938016,1.091622444,1
warmup,8,8,pipelined_tree,0,4096,33554432,2896.719701122,0.707206958,0.067492458,1.109861104,1
warmup,9,9,pipelined_tree,0,4096,33554432,2893.391574445,0.706394427,0.063947916,1.087393564,1
warmup,10,10,pipelined_tree,0,4096,33554432,2890.850380951,0.705774019,0.064004092,1.102246143,1
warmup,11,11,pipelined_tree,0,4096,33554432,2895.822996977,0.706988036,0.060843452,1.098162675,1
warmup,12,12,pipelined_tree,0,4096,33554432,2896.073573047,0.707049212,0.061509373,1.089720443,1
warmup,13,13,pipelined_tree,0,4096,33554432,2894.346155156,0.706627479,0.064341075,1.087715370,1
warmup,14,14,pipelined_tree,0,4096,33554432,2894.282273790,0.706611883,0.063045550,1.094836575,1
warmup,15,15,pipelined_tree,0,4096,33554432,2898.312115176,0.707595731,0.062090225,1.096700079,1
warmup,16,16,pipelined_tree,0,4096,33554432,2890.819030619,0.705766365,0.062536003,1.119393639,1
warmup,17,17,pipelined_tree,0,4096,33554432,2891.033218392,0.705818657,0.065730897,1.110737411,1
warmup,18,18,pipelined_tree,0,4096,33554432,2889.678508562,0.705487917,0.064814535,1.100011919,1
warmup,19,19,pipelined_tree,0,4096,33554432,2897.209023669,0.707326422,0.061059237,1.094847983,1
actual,0,20,pipelined_tree,0,4096,33554432,2893.913280698,0.706521797,0.061924193,1.097123932,1
actual,1,21,pipelined_tree,0,4096,33554432,2899.137168636,0.707797160,0.061157853,1.097265384,1
actual,2,22,pipelined_tree,0,4096,33554432,2897.639425758,0.707431500,0.061721374,1.119216028,1
actual,3,23,pipelined_tree,0,4096,33554432,2893.884065045,0.706514664,0.063014702,1.114401008,1
actual,4,24,pipelined_tree,0,4096,33554432,2891.102477623,0.705835566,0.063066259,1.097650340,1
actual,5,25,pipelined_tree,0,4096,33554432,2891.262614682,0.705874662,0.066324031,1.106131427,1
actual,6,26,pipelined_tree,0,4096,33554432,2898.037972825,0.707528802,0.061639139,1.106393996,1
actual,7,27,pipelined_tree,0,4096,33554432,2912.498198780,0.711059131,0.063584956,1.102835305,1
actual,8,28,pipelined_tree,0,4096,33554432,2889.828771715,0.705524602,0.066440200,1.099607090,1
actual,9,29,pipelined_tree,0,4096,33554432,2892.209910831,0.706105935,0.063099301,1.091892680,1
actual,10,30,pipelined_tree,0,4096,33554432,2894.442826028,0.706651081,0.062974215,1.101453052,1
actual,11,31,pipelined_tree,0,4096,33554432,2895.450261717,0.706897037,0.063425837,1.091187990,1
actual,12,32,pipelined_tree,0,4096,33554432,2896.826687920,0.707233078,0.063250036,1.089812486,1
actual,13,33,pipelined_tree,0,4096,33554432,2898.255785863,0.707581979,0.067552445,1.111181135,1
actual,14,34,pipelined_tree,0,4096,33554432,2888.814955214,0.705277089,0.063122098,1.100825055,1
actual,15,35,pipelined_tree,0,4096,33554432,2891.833456256,0.706014027,0.065363270,1.099435660,1
actual,16,36,pipelined_tree,0,4096,33554432,2888.587018393,0.705221440,0.061729180,1.106843658,1
actual,17,37,pipelined_tree,0,4096,33554432,2898.560906876,0.707656471,0.064232145,1.097725731,1
actual,18,38,pipelined_tree,0,4096,33554432,2892.188690191,0.706100754,0.065272329,1.101473110,1
actual,19,39,pipelined_tree,0,4096,33554432,2896.032811013,0.707039261,0.065114162,1.102353642,1
